survey,year,item,age_group,territory,response,denominator,estimate,se,ci_low,ci_high,n_valid,n_domain,n_psu,kish_n,weight_sum,weighted,variance_method
LiTS,2006,market,All,survey_coverage,1,valid,0.4218837081559049,0.03645795495740024,0.3486187046771402,0.49514871163466967,999,1000,50,826.9743701108803,38539343.67089844,True,PSU linearization; no explicit strata; approximate
LiTS,2006,market,All,survey_coverage,2,valid,0.332379496392352,0.029117905214115114,0.27386487511698987,0.3908941176677141,999,1000,50,826.9743701108803,38539343.67089844,True,PSU linearization; no explicit strata; approximate
LiTS,2006,market,All,survey_coverage,3,valid,0.24573679545174312,0.019422496250048427,0.20670582794441028,0.28476776295907597,999,1000,50,826.9743701108803,38539343.67089844,True,PSU linearization; no explicit strata; approximate
LiTS,2006,market,All,survey_coverage,0,all_eligible,0.0008065748793857139,0.0008068136464540589,0.0,0.0024279276042777354,1000,1000,50,827.8639100799347,38570453.62988281,True,PSU linearization; no explicit strata; approximate
LiTS,2006,market,All,survey_coverage,1,all_eligible,0.42154342735488426,0.03639183201481761,0.3484113029041397,0.49467555180562883,1000,1000,50,827.8639100799347,38570453.62988281,True,PSU linearization; no explicit strata; approximate
LiTS,2006,market,All,survey_coverage,2,all_eligible,0.332111407440139,0.02913637465098429,0.2735596704418009,0.3906631444384771,1000,1000,50,827.8639100799347,38570453.62988281,True,PSU linearization; no explicit strata; approximate
LiTS,2006,market,All,survey_coverage,3,all_eligible,0.245538590325591,0.019404540268548983,0.20654370671403782,0.2845334739371442,1000,1000,50,827.8639100799347,38570453.62988281,True,PSU linearization; no explicit strata; approximate
LiTS,2006,market,18-34,survey_coverage,1,valid,0.5751231918111199,0.04004174712092874,0.4946562883455105,0.6555900952767293,338,339,50,277.5492718196718,13114712.978515625,True,PSU linearization; no explicit strata; approximate
LiTS,2006,market,18-34,survey_coverage,2,valid,0.21230536708552053,0.030570978916218593,0.15087068488068758,0.2737400492903535,338,339,50,277.5492718196718,13114712.978515625,True,PSU linearization; no explicit strata; approximate
LiTS,2006,market,18-34,survey_coverage,3,valid,0.2125714411033596,0.028301511410552302,0.15569742459938307,0.2694454576073361,338,339,50,277.5492718196718,13114712.978515625,True,PSU linearization; no explicit strata; approximate
LiTS,2006,market,18-34,survey_coverage,0,all_eligible,0.0023665280699643534,0.0023272715368070117,0.0,0.007043355320407433,339,339,50,278.4327538293333,13145822.9375,True,PSU linearization; no explicit strata; approximate
LiTS,2006,market,18-34,survey_coverage,1,all_eligible,0.5737621466340114,0.03984524472221464,0.4936901295228943,0.6538341637451284,339,339,50,278.4327538293333,13145822.9375,True,PSU linearization; no explicit strata; approximate
LiTS,2006,market,18-34,survey_coverage,2,all_eligible,0.21180294047490855,0.03056233477305667,0.15038562932611999,0.2732202516236971,339,339,50,278.4327538293333,13145822.9375,True,PSU linearization; no explicit strata; approximate
LiTS,2006,market,18-34,survey_coverage,3,all_eligible,0.21206838482111573,0.028239090884926654,0.15531980705972512,0.26881696258250637,339,339,50,278.4327538293333,13145822.9375,True,PSU linearization; no explicit strata; approximate
LiTS,2006,market,35-54,survey_coverage,1,valid,0.44675958637456614,0.04172044442626705,0.36291921437351327,0.530599958375619,312,312,50,255.95349407344244,12452435.751953125,True,PSU linearization; no explicit strata; approximate
LiTS,2006,market,35-54,survey_coverage,2,valid,0.340554225436541,0.03662335365344306,0.2669568408339552,0.4141516100391268,312,312,50,255.95349407344244,12452435.751953125,True,PSU linearization; no explicit strata; approximate
LiTS,2006,market,35-54,survey_coverage,3,valid,0.21268618818889287,0.03303771058250702,0.14629442311084415,0.2790779532669416,312,312,50,255.95349407344244,12452435.751953125,True,PSU linearization; no explicit strata; approximate
LiTS,2006,market,35-54,survey_coverage,0,all_eligible,0.0,0.0,0.0,0.0,312,312,50,255.95349407344244,12452435.751953125,True,PSU linearization; no explicit strata; approximate
LiTS,2006,market,35-54,survey_coverage,1,all_eligible,0.44675958637456614,0.04172044442626705,0.36291921437351327,0.530599958375619,312,312,50,255.95349407344244,12452435.751953125,True,PSU linearization; no explicit strata; approximate
LiTS,2006,market,35-54,survey_coverage,2,all_eligible,0.340554225436541,0.03662335365344306,0.2669568408339552,0.4141516100391268,312,312,50,255.95349407344244,12452435.751953125,True,PSU linearization; no explicit strata; approximate
LiTS,2006,market,35-54,survey_coverage,3,all_eligible,0.21268618818889287,0.03303771058250702,0.14629442311084415,0.2790779532669416,312,312,50,255.95349407344244,12452435.751953125,True,PSU linearization; no explicit strata; approximate
LiTS,2006,market,55+,survey_coverage,1,valid,0.24308149842527157,0.04922593143443937,0.1441582855900004,0.34200471126054277,349,349,50,294.9538666227386,12972194.940429688,True,PSU linearization; no explicit strata; approximate
LiTS,2006,market,55+,survey_coverage,2,valid,0.445925620279316,0.04356444255511035,0.358379595301227,0.533471645257405,349,349,50,294.9538666227386,12972194.940429688,True,PSU linearization; no explicit strata; approximate
LiTS,2006,market,55+,survey_coverage,3,valid,0.31099288129541247,0.030479877050602535,0.2497412751437778,0.37224448744704713,349,349,50,294.9538666227386,12972194.940429688,True,PSU linearization; no explicit strata; approximate
LiTS,2006,market,55+,survey_coverage,0,all_eligible,0.0,0.0,0.0,0.0,349,349,50,294.9538666227386,12972194.940429688,True,PSU linearization; no explicit strata; approximate
LiTS,2006,market,55+,survey_coverage,1,all_eligible,0.24308149842527157,0.04922593143443937,0.1441582855900004,0.34200471126054277,349,349,50,294.9538666227386,12972194.940429688,True,PSU linearization; no explicit strata; approximate
LiTS,2006,market,55+,survey_coverage,2,all_eligible,0.445925620279316,0.04356444255511035,0.358379595301227,0.533471645257405,349,349,50,294.9538666227386,12972194.940429688,True,PSU linearization; no explicit strata; approximate
LiTS,2006,market,55+,survey_coverage,3,all_eligible,0.31099288129541247,0.030479877050602535,0.2497412751437778,0.37224448744704713,349,349,50,294.9538666227386,12972194.940429688,True,PSU linearization; no explicit strata; approximate
LiTS,2010,market,All,survey_coverage,1,valid,0.3597090947331806,0.026994382607123772,0.3059216132629308,0.41349657620343033,1357,1558,75,1242.73011174408,33258472.190429688,True,PSU linearization; no explicit strata; approximate
LiTS,2010,market,All,survey_coverage,2,valid,0.31915283450551374,0.022864617115818834,0.27359409040158633,0.36471157860944114,1357,1558,75,1242.73011174408,33258472.190429688,True,PSU linearization; no explicit strata; approximate
LiTS,2010,market,All,survey_coverage,3,valid,0.3211380707613056,0.022609698950989923,0.27608726218851154,0.3661888793340997,1357,1558,75,1242.73011174408,33258472.190429688,True,PSU linearization; no explicit strata; approximate
LiTS,2010,market,All,survey_coverage,0,all_eligible,0.12653869222951827,0.020060300382309017,0.08656767119137287,0.16650971326766367,1558,1558,75,1424.614470885218,38076640.48144531,True,PSU linearization; no explicit strata; approximate
LiTS,2010,market,All,survey_coverage,1,all_eligible,0.31419197630258,0.025380029257605997,0.2636211640978354,0.3647627885073246,1558,1558,75,1424.614470885218,38076640.48144531,True,PSU linearization; no explicit strata; approximate
LiTS,2010,market,All,survey_coverage,2,all_eligible,0.27876765220584215,0.020091466179178185,0.23873453196187297,0.3188007724498113,1558,1558,75,1424.614470885218,38076640.48144531,True,PSU linearization; no explicit strata; approximate
LiTS,2010,market,All,survey_coverage,3,all_eligible,0.28050167926205954,0.02087246114075172,0.23891239258763794,0.3220909659364812,1558,1558,75,1424.614470885218,38076640.48144531,True,PSU linearization; no explicit strata; approximate
LiTS,2010,market,18-34,survey_coverage,1,valid,0.4296088409949707,0.036480194351579946,0.3569204670367939,0.5022972149531475,421,485,75,364.9432696653785,10116830.333007812,True,PSU linearization; no explicit strata; approximate
LiTS,2010,market,18-34,survey_coverage,2,valid,0.2525096783433637,0.028329170622697453,0.19606257369523714,0.30895678299149026,421,485,75,364.9432696653785,10116830.333007812,True,PSU linearization; no explicit strata; approximate
LiTS,2010,market,18-34,survey_coverage,3,valid,0.3178814806616656,0.029732025396309317,0.2586391268596952,0.377123834463636,421,485,75,364.9432696653785,10116830.333007812,True,PSU linearization; no explicit strata; approximate
LiTS,2010,market,18-34,survey_coverage,0,all_eligible,0.136327022540405,0.029663750093331002,0.07722071024926555,0.19543333483154443,485,485,75,420.81768190890756,11713727.993164062,True,PSU linearization; no explicit strata; approximate
LiTS,2010,market,18-34,survey_coverage,1,all_eligible,0.3710415468450921,0.034523691399553434,0.30225159011727804,0.4398315035729062,485,485,75,420.81768190890756,11713727.993164062,True,PSU linearization; no explicit strata; approximate
LiTS,2010,market,18-34,survey_coverage,2,all_eligible,0.21808578573217752,0.024565442193871665,0.16913807368253533,0.26703349778181973,485,485,75,420.81768190890756,11713727.993164062,True,PSU linearization; no explicit strata; approximate
LiTS,2010,market,18-34,survey_coverage,3,all_eligible,0.2745456448823254,0.02802951924685117,0.21869560863396337,0.33039568113068746,485,485,75,420.81768190890756,11713727.993164062,True,PSU linearization; no explicit strata; approximate
LiTS,2010,market,35-54,survey_coverage,1,valid,0.38061036756894884,0.03735327528156382,0.30618234188296617,0.4550383932549315,446,499,75,440.81490381001026,12978290.30078125,True,PSU linearization; no explicit strata; approximate
LiTS,2010,market,35-54,survey_coverage,2,valid,0.3155416833381249,0.027371536808566976,0.2610027057171093,0.37008066095914044,446,499,75,440.81490381001026,12978290.30078125,True,PSU linearization; no explicit strata; approximate
LiTS,2010,market,35-54,survey_coverage,3,valid,0.3038479490929263,0.030245955607861114,0.2435815669909514,0.36411433119490116,446,499,75,440.81490381001026,12978290.30078125,True,PSU linearization; no explicit strata; approximate
LiTS,2010,market,35-54,survey_coverage,0,all_eligible,0.10831114042594835,0.02050912525427659,0.06744581630868855,0.14917646454320815,499,499,75,493.3014420991795,14554729.669921875,True,PSU linearization; no explicit strata; approximate
LiTS,2010,market,35-54,survey_coverage,1,all_eligible,0.3393860245996166,0.034952232676497275,0.26974218073801154,0.40902986846122164,499,499,75,493.3014420991795,14554729.669921875,True,PSU linearization; no explicit strata; approximate
LiTS,2010,market,35-54,survey_coverage,2,all_eligible,0.28136500376384915,0.024172490659387272,0.2332002647381652,0.32952974278953306,499,499,75,493.3014420991795,14554729.669921875,True,PSU linearization; no explicit strata; approximate
LiTS,2010,market,35-54,survey_coverage,3,all_eligible,0.2709378312105859,0.02786619010617692,0.21541323537904783,0.32646242704212397,499,499,75,493.3014420991795,14554729.669921875,True,PSU linearization; no explicit strata; approximate
LiTS,2010,market,55+,survey_coverage,1,valid,0.26343901548654,0.039078916174542344,0.1855725752642347,0.34130545570884524,490,574,75,453.99704521953504,10163351.556640625,True,PSU linearization; no explicit strata; approximate
LiTS,2010,market,55+,survey_coverage,2,valid,0.3901022715982261,0.03868218930746807,0.3130263269142732,0.467178216282179,490,574,75,453.99704521953504,10163351.556640625,True,PSU linearization; no explicit strata; approximate
LiTS,2010,market,55+,survey_coverage,3,valid,0.3464587129152339,0.033850024532202476,0.27901106672187886,0.4139063591085889,490,574,75,453.99704521953504,10163351.556640625,True,PSU linearization; no explicit strata; approximate
LiTS,2010,market,55+,survey_coverage,0,all_eligible,0.13929588379690097,0.025938628019337658,0.08761203926305186,0.19097972833075008,574,574,75,531.7661022428167,11808182.818359375,True,PSU linearization; no explicit strata; approximate
LiTS,2010,market,55+,survey_coverage,1,all_eligible,0.22674304499775694,0.03560752735430387,0.15579349798846165,0.2976925920070522,574,574,75,531.7661022428167,11808182.818359375,True,PSU linearization; no explicit strata; approximate
LiTS,2010,market,55+,survey_coverage,2,all_eligible,0.3357626309047725,0.034392039015568074,0.2672349972782935,0.4042902645312515,574,574,75,531.7661022428167,11808182.818359375,True,PSU linearization; no explicit strata; approximate
LiTS,2010,market,55+,survey_coverage,3,all_eligible,0.29819844030056963,0.02891951816949266,0.24057504248818026,0.355821838112959,574,574,75,531.7661022428167,11808182.818359375,True,PSU linearization; no explicit strata; approximate
LiTS,2010,market,All,exclude_crimea_donetsk_luhansk,1,valid,0.36848201663505964,0.03097769250255371,0.3067576169433811,0.4302064163267382,1097,1253,75,1004.5337795171753,26770934.14453125,True,PSU linearization; no explicit strata; approximate
LiTS,2010,market,All,exclude_crimea_donetsk_luhansk,2,valid,0.32091518969033406,0.026093184797882984,0.26892338405275834,0.3729069953279098,1097,1253,75,1004.5337795171753,26770934.14453125,True,PSU linearization; no explicit strata; approximate
LiTS,2010,market,All,exclude_crimea_donetsk_luhansk,3,valid,0.3106027936746063,0.025065718589723715,0.26065825914661656,0.36054732820259605,1097,1253,75,1004.5337795171753,26770934.14453125,True,PSU linearization; no explicit strata; approximate
LiTS,2010,market,All,exclude_crimea_donetsk_luhansk,0,all_eligible,0.1226362364982441,0.02157541271001513,0.07964628824705945,0.16562618474942875,1253,1253,75,1145.8851888855559,30512924.3515625,True,PSU linearization; no explicit strata; approximate
LiTS,2010,market,All,exclude_crimea_donetsk_luhansk,1,all_eligible,0.32329276889765257,0.029127866281439044,0.2652542284100712,0.38133130938523396,1253,1253,75,1145.8851888855559,30512924.3515625,True,PSU linearization; no explicit strata; approximate
LiTS,2010,market,All,exclude_crimea_donetsk_luhansk,2,all_eligible,0.2815593585915914,0.02304933852205669,0.2356325490512441,0.32748616813193876,1253,1253,75,1145.8851888855559,30512924.3515625,True,PSU linearization; no explicit strata; approximate
LiTS,2010,market,All,exclude_crimea_donetsk_luhansk,3,all_eligible,0.27251163601251194,0.02299496780409069,0.22669316249257607,0.3183301095324478,1253,1253,75,1145.8851888855559,30512924.3515625,True,PSU linearization; no explicit strata; approximate
LiTS,2010,market,18-34,exclude_crimea_donetsk_luhansk,1,valid,0.4465367934778,0.04309513513676658,0.3606678622870926,0.5324057246685074,328,374,75,284.98981028189195,7949697.501953125,True,PSU linearization; no explicit strata; approximate
LiTS,2010,market,18-34,exclude_crimea_donetsk_luhansk,2,valid,0.2421519565037518,0.0326486975074642,0.17709800665912412,0.30720590634837946,328,374,75,284.98981028189195,7949697.501953125,True,PSU linearization; no explicit strata; approximate
LiTS,2010,market,18-34,exclude_crimea_donetsk_luhansk,3,valid,0.3113112500184482,0.03524166523602495,0.24109069919306275,0.3815318008438337,328,374,75,284.98981028189195,7949697.501953125,True,PSU linearization; no explicit strata; approximate
LiTS,2010,market,18-34,exclude_crimea_donetsk_luhansk,0,all_eligible,0.1273998382819828,0.03283767164150787,0.06196934925580895,0.1928303273081567,374,374,75,325.4838814538694,9110355.29296875,True,PSU linearization; no explicit strata; approximate
LiTS,2010,market,18-34,exclude_crimea_donetsk_luhansk,1,all_eligible,0.3896480782017731,0.04101696870408123,0.3079199840184162,0.47137617238513,374,374,75,325.4838814538694,9110355.29296875,True,PSU linearization; no explicit strata; approximate
LiTS,2010,market,18-34,exclude_crimea_donetsk_luhansk,2,all_eligible,0.2113018364055081,0.028665446786044473,0.15418468687552003,0.2684189859354962,374,374,75,325.4838814538694,9110355.29296875,True,PSU linearization; no explicit strata; approximate
LiTS,2010,market,18-34,exclude_crimea_donetsk_luhansk,3,all_eligible,0.271650247110736,0.03288456314194088,0.20612632473039505,0.3371741694910769,374,374,75,325.4838814538694,9110355.29296875,True,PSU linearization; no explicit strata; approximate
LiTS,2010,market,35-54,exclude_crimea_donetsk_luhansk,1,valid,0.3863345299630567,0.04054695488618006,0.30554295875520393,0.4671261011709095,357,398,75,352.742564126329,10342691.7734375,True,PSU linearization; no explicit strata; approximate
LiTS,2010,market,35-54,exclude_crimea_donetsk_luhansk,2,valid,0.32768479485537577,0.03155627806714238,0.2648075382605705,0.390562051450181,357,398,75,352.742564126329,10342691.7734375,True,PSU linearization; no explicit strata; approximate
LiTS,2010,market,35-54,exclude_crimea_donetsk_luhansk,3,valid,0.2859806751815675,0.032114202229893994,0.22199173042546724,0.34996961993766773,357,398,75,352.742564126329,10342691.7734375,True,PSU linearization; no explicit strata; approximate
LiTS,2010,market,35-54,exclude_crimea_donetsk_luhansk,0,all_eligible,0.10669518460035549,0.022681312972926183,0.06150168197398854,0.15188868722672244,398,398,75,393.35605737572257,11578009.650390625,True,PSU linearization; no explicit strata; approximate
LiTS,2010,market,35-54,exclude_crimea_donetsk_luhansk,1,all_eligible,0.3451144959711568,0.0379655512678714,0.2694664837514015,0.4207625081909121,398,398,75,393.35605737572257,11578009.650390625,True,PSU linearization; no explicit strata; approximate
LiTS,2010,market,35-54,exclude_crimea_donetsk_luhansk,2,all_eligible,0.2927224051775518,0.028093643611117557,0.23674459834428818,0.34870021201081547,398,398,75,393.35605737572257,11578009.650390625,True,PSU linearization; no explicit strata; approximate
LiTS,2010,market,35-54,exclude_crimea_donetsk_luhansk,3,all_eligible,0.25546791425093585,0.02964786847533819,0.19639324677442094,0.31454258172745075,398,398,75,393.35605737572257,11578009.650390625,True,PSU linearization; no explicit strata; approximate
LiTS,2010,market,55+,exclude_crimea_donetsk_luhansk,1,valid,0.273518208618259,0.04501200166835887,0.18382983748889725,0.3632065797476207,412,481,75,381.48177018075904,8478544.869140625,True,PSU linearization; no explicit strata; approximate
LiTS,2010,market,55+,exclude_crimea_donetsk_luhansk,2,valid,0.3865075698737978,0.04280068946306859,0.3012253344949014,0.4717898052526942,412,481,75,381.48177018075904,8478544.869140625,True,PSU linearization; no explicit strata; approximate
LiTS,2010,market,55+,exclude_crimea_donetsk_luhansk,3,valid,0.3399742215079432,0.0371234331529474,0.2660041662602537,0.4139442767556327,412,481,75,381.48177018075904,8478544.869140625,True,PSU linearization; no explicit strata; approximate
LiTS,2010,market,55+,exclude_crimea_donetsk_luhansk,0,all_eligible,0.1370050791222892,0.02925147137109856,0.07872025011733552,0.1952899081272429,481,481,75,445.3779692939589,9824559.408203125,True,PSU linearization; no explicit strata; approximate
LiTS,2010,market,55+,exclude_crimea_donetsk_luhansk,1,all_eligible,0.23604482480512762,0.041144764057983806,0.1540620928206378,0.31802755678961747,481,481,75,445.3779692939589,9824559.408203125,True,PSU linearization; no explicit strata; approximate
LiTS,2010,market,55+,exclude_crimea_donetsk_luhansk,2,all_eligible,0.3335540696818744,0.038012380406351444,0.25781274836685575,0.40929539099689305,481,481,75,445.3779692939589,9824559.408203125,True,PSU linearization; no explicit strata; approximate
LiTS,2010,market,55+,exclude_crimea_donetsk_luhansk,3,all_eligible,0.2933960263907088,0.03190201459944601,0.2298298747174155,0.35696217806400204,481,481,75,445.3779692939589,9824559.408203125,True,PSU linearization; no explicit strata; approximate
LiTS,2016,market,All,survey_coverage,1,valid,0.3664187642194305,0.03363862252844972,0.29939234571352125,0.4334451827253397,1395,1507,75,757.072147613676,32332755.98,True,PSU linearization; no explicit strata; approximate
LiTS,2016,market,All,survey_coverage,2,valid,0.359994884667422,0.02301499644541034,0.3141365032085074,0.40585326612633665,1395,1507,75,757.072147613676,32332755.98,True,PSU linearization; no explicit strata; approximate
LiTS,2016,market,All,survey_coverage,3,valid,0.27358635111314755,0.02971490912163013,0.2143781022329509,0.3327945999933442,1395,1507,75,757.072147613676,32332755.98,True,PSU linearization; no explicit strata; approximate
LiTS,2016,market,All,survey_coverage,0,all_eligible,0.08001720638312866,0.01948740545014194,0.0411877034154949,0.11884670935076241,1507,1507,75,768.4608698446534,35144957.28,True,PSU linearization; no explicit strata; approximate
LiTS,2016,market,All,survey_coverage,1,all_eligible,0.33709895834023335,0.03300166721300121,0.27134170100484195,0.40285621567562474,1507,1507,75,768.4608698446534,35144957.28,True,PSU linearization; no explicit strata; approximate
LiTS,2016,market,All,survey_coverage,2,all_eligible,0.3311890996841183,0.0226646114941386,0.28602887548066946,0.37634932388756714,1507,1507,75,768.4608698446534,35144957.28,True,PSU linearization; no explicit strata; approximate
LiTS,2016,market,All,survey_coverage,3,all_eligible,0.2516947355925197,0.02652229471678619,0.19884790977731578,0.3045415614077236,1507,1507,75,768.4608698446534,35144957.28,True,PSU linearization; no explicit strata; approximate
LiTS,2016,market,18-34,survey_coverage,1,valid,0.39872741100624054,0.04430896762496485,0.31043986578693433,0.48701495622554675,336,354,75,176.8455603609864,9538688.5,True,PSU linearization; no explicit strata; approximate
LiTS,2016,market,18-34,survey_coverage,2,valid,0.30929775828196926,0.034064673348300344,0.24142241498635014,0.3771731015775884,336,354,75,176.8455603609864,9538688.5,True,PSU linearization; no explicit strata; approximate
LiTS,2016,market,18-34,survey_coverage,3,valid,0.2919748307117902,0.03889025828461323,0.21448429954087778,0.3694653618827026,336,354,75,176.8455603609864,9538688.5,True,PSU linearization; no explicit strata; approximate
LiTS,2016,market,18-34,survey_coverage,0,all_eligible,0.07612855908736675,0.036643736774496914,0.003114319738220628,0.14914279843651287,354,354,75,160.8266212486506,10324692.46,True,PSU linearization; no explicit strata; approximate
LiTS,2016,market,18-34,survey_coverage,1,all_eligible,0.3683728677376991,0.04520688446308421,0.27829618416338475,0.4584495513120135,354,354,75,160.8266212486506,10324692.46,True,PSU linearization; no explicit strata; approximate
LiTS,2016,market,18-34,survey_coverage,2,all_eligible,0.28575136561501024,0.02951897413876686,0.22693352571039618,0.3445692055196243,354,354,75,160.8266212486506,10324692.46,True,PSU linearization; no explicit strata; approximate
LiTS,2016,market,18-34,survey_coverage,3,all_eligible,0.26974720755992376,0.03906378977592659,0.19191090734478583,0.3475835077750617,354,354,75,160.8266212486506,10324692.46,True,PSU linearization; no explicit strata; approximate
LiTS,2016,market,35-54,survey_coverage,1,valid,0.4412674478511852,0.0481740056911828,0.34527864617440973,0.5372562495279607,529,557,75,282.58358256303995,11873538.77,True,PSU linearization; no explicit strata; approximate
LiTS,2016,market,35-54,survey_coverage,2,valid,0.3412736403605477,0.02845257085844565,0.28458065537537724,0.39796662534571814,529,557,75,282.58358256303995,11873538.77,True,PSU linearization; no explicit strata; approximate
LiTS,2016,market,35-54,survey_coverage,3,valid,0.21745891178826715,0.04274048127383653,0.13229664384518175,0.30262117973135255,529,557,75,282.58358256303995,11873538.77,True,PSU linearization; no explicit strata; approximate
LiTS,2016,market,35-54,survey_coverage,0,all_eligible,0.04606579242219523,0.016410249625516717,0.01336765627657658,0.07876392856781389,557,557,75,294.8923323937287,12446915.81,True,PSU linearization; no explicit strata; approximate
LiTS,2016,market,35-54,survey_coverage,1,all_eligible,0.4209401131958006,0.047844842310126534,0.3256071838728005,0.5162730425188007,557,557,75,294.8923323937287,12446915.81,True,PSU linearization; no explicit strata; approximate
LiTS,2016,market,35-54,survey_coverage,2,all_eligible,0.32555259968453176,0.02839294187049842,0.2689784280514198,0.3821267713176437,557,557,75,294.8923323937287,12446915.81,True,PSU linearization; no explicit strata; approximate
LiTS,2016,market,35-54,survey_coverage,3,all_eligible,0.20744149469747233,0.03986537652232811,0.12800799802496882,0.28687499136997585,557,557,75,294.8923323937287,12446915.81,True,PSU linearization; no explicit strata; approximate
LiTS,2016,market,55+,survey_coverage,1,valid,0.25681776445785287,0.03148315075491629,0.1940862172133438,0.31954931170236195,530,596,75,324.54847935907065,10920528.71,True,PSU linearization; no explicit strata; approximate
LiTS,2016,market,55+,survey_coverage,2,valid,0.42463200392062334,0.03345814430638859,0.3579651961221038,0.49129881171914286,530,596,75,324.54847935907065,10920528.71,True,PSU linearization; no explicit strata; approximate
LiTS,2016,market,55+,survey_coverage,3,valid,0.31855023162152374,0.033296595988537625,0.2522053158728956,0.3848951473701519,530,596,75,324.54847935907065,10920528.71,True,PSU linearization; no explicit strata; approximate
LiTS,2016,market,55+,survey_coverage,0,all_eligible,0.11741528496657186,0.02629946743453185,0.06501245220317267,0.16981811772997105,596,596,75,365.2690773231986,12373349.01,True,PSU linearization; no explicit strata; approximate
LiTS,2016,market,55+,survey_coverage,1,all_eligible,0.22666343345955617,0.02684200434930074,0.17317957229573872,0.2801472946233736,596,596,75,365.2690773231986,12373349.01,True,PSU linearization; no explicit strata; approximate
LiTS,2016,market,55+,survey_coverage,2,all_eligible,0.37477371617435695,0.03554794999949851,0.3039428796358392,0.4456045527128747,596,596,75,365.2690773231986,12373349.01,True,PSU linearization; no explicit strata; approximate
LiTS,2016,market,55+,survey_coverage,3,all_eligible,0.2811475653995151,0.02922529829690805,0.22291488738328857,0.3393802434157416,596,596,75,365.2690773231986,12373349.01,True,PSU linearization; no explicit strata; approximate
LiTS,2016,market,All,exclude_crimea_donetsk_luhansk,1,valid,0.3664187642194305,0.03363862252844972,0.29939234571352125,0.4334451827253397,1395,1507,75,757.072147613676,32332755.98,True,PSU linearization; no explicit strata; approximate
LiTS,2016,market,All,exclude_crimea_donetsk_luhansk,2,valid,0.359994884667422,0.02301499644541034,0.3141365032085074,0.40585326612633665,1395,1507,75,757.072147613676,32332755.98,True,PSU linearization; no explicit strata; approximate
LiTS,2016,market,All,exclude_crimea_donetsk_luhansk,3,valid,0.27358635111314755,0.02971490912163013,0.2143781022329509,0.3327945999933442,1395,1507,75,757.072147613676,32332755.98,True,PSU linearization; no explicit strata; approximate
LiTS,2016,market,All,exclude_crimea_donetsk_luhansk,0,all_eligible,0.08001720638312866,0.01948740545014194,0.0411877034154949,0.11884670935076241,1507,1507,75,768.4608698446534,35144957.28,True,PSU linearization; no explicit strata; approximate
LiTS,2016,market,All,exclude_crimea_donetsk_luhansk,1,all_eligible,0.33709895834023335,0.03300166721300121,0.27134170100484195,0.40285621567562474,1507,1507,75,768.4608698446534,35144957.28,True,PSU linearization; no explicit strata; approximate
LiTS,2016,market,All,exclude_crimea_donetsk_luhansk,2,all_eligible,0.3311890996841183,0.0226646114941386,0.28602887548066946,0.37634932388756714,1507,1507,75,768.4608698446534,35144957.28,True,PSU linearization; no explicit strata; approximate
LiTS,2016,market,All,exclude_crimea_donetsk_luhansk,3,all_eligible,0.2516947355925197,0.02652229471678619,0.19884790977731578,0.3045415614077236,1507,1507,75,768.4608698446534,35144957.28,True,PSU linearization; no explicit strata; approximate
LiTS,2016,market,18-34,exclude_crimea_donetsk_luhansk,1,valid,0.39872741100624054,0.04430896762496485,0.31043986578693433,0.48701495622554675,336,354,75,176.8455603609864,9538688.5,True,PSU linearization; no explicit strata; approximate
LiTS,2016,market,18-34,exclude_crimea_donetsk_luhansk,2,valid,0.30929775828196926,0.034064673348300344,0.24142241498635014,0.3771731015775884,336,354,75,176.8455603609864,9538688.5,True,PSU linearization; no explicit strata; approximate
LiTS,2016,market,18-34,exclude_crimea_donetsk_luhansk,3,valid,0.2919748307117902,0.03889025828461323,0.21448429954087778,0.3694653618827026,336,354,75,176.8455603609864,9538688.5,True,PSU linearization; no explicit strata; approximate
LiTS,2016,market,18-34,exclude_crimea_donetsk_luhansk,0,all_eligible,0.07612855908736675,0.036643736774496914,0.003114319738220628,0.14914279843651287,354,354,75,160.8266212486506,10324692.46,True,PSU linearization; no explicit strata; approximate
LiTS,2016,market,18-34,exclude_crimea_donetsk_luhansk,1,all_eligible,0.3683728677376991,0.04520688446308421,0.27829618416338475,0.4584495513120135,354,354,75,160.8266212486506,10324692.46,True,PSU linearization; no explicit strata; approximate
LiTS,2016,market,18-34,exclude_crimea_donetsk_luhansk,2,all_eligible,0.28575136561501024,0.02951897413876686,0.22693352571039618,0.3445692055196243,354,354,75,160.8266212486506,10324692.46,True,PSU linearization; no explicit strata; approximate
LiTS,2016,market,18-34,exclude_crimea_donetsk_luhansk,3,all_eligible,0.26974720755992376,0.03906378977592659,0.19191090734478583,0.3475835077750617,354,354,75,160.8266212486506,10324692.46,True,PSU linearization; no explicit strata; approximate
LiTS,2016,market,35-54,exclude_crimea_donetsk_luhansk,1,valid,0.4412674478511852,0.0481740056911828,0.34527864617440973,0.5372562495279607,529,557,75,282.58358256303995,11873538.77,True,PSU linearization; no explicit strata; approximate
LiTS,2016,market,35-54,exclude_crimea_donetsk_luhansk,2,valid,0.3412736403605477,0.02845257085844565,0.28458065537537724,0.39796662534571814,529,557,75,282.58358256303995,11873538.77,True,PSU linearization; no explicit strata; approximate
LiTS,2016,market,35-54,exclude_crimea_donetsk_luhansk,3,valid,0.21745891178826715,0.04274048127383653,0.13229664384518175,0.30262117973135255,529,557,75,282.58358256303995,11873538.77,True,PSU linearization; no explicit strata; approximate
LiTS,2016,market,35-54,exclude_crimea_donetsk_luhansk,0,all_eligible,0.04606579242219523,0.016410249625516717,0.01336765627657658,0.07876392856781389,557,557,75,294.8923323937287,12446915.81,True,PSU linearization; no explicit strata; approximate
LiTS,2016,market,35-54,exclude_crimea_donetsk_luhansk,1,all_eligible,0.4209401131958006,0.047844842310126534,0.3256071838728005,0.5162730425188007,557,557,75,294.8923323937287,12446915.81,True,PSU linearization; no explicit strata; approximate
LiTS,2016,market,35-54,exclude_crimea_donetsk_luhansk,2,all_eligible,0.32555259968453176,0.02839294187049842,0.2689784280514198,0.3821267713176437,557,557,75,294.8923323937287,12446915.81,True,PSU linearization; no explicit strata; approximate
LiTS,2016,market,35-54,exclude_crimea_donetsk_luhansk,3,all_eligible,0.20744149469747233,0.03986537652232811,0.12800799802496882,0.28687499136997585,557,557,75,294.8923323937287,12446915.81,True,PSU linearization; no explicit strata; approximate
LiTS,2016,market,55+,exclude_crimea_donetsk_luhansk,1,valid,0.25681776445785287,0.03148315075491629,0.1940862172133438,0.31954931170236195,530,596,75,324.54847935907065,10920528.71,True,PSU linearization; no explicit strata; approximate
LiTS,2016,market,55+,exclude_crimea_donetsk_luhansk,2,valid,0.42463200392062334,0.03345814430638859,0.3579651961221038,0.49129881171914286,530,596,75,324.54847935907065,10920528.71,True,PSU linearization; no explicit strata; approximate
LiTS,2016,market,55+,exclude_crimea_donetsk_luhansk,3,valid,0.31855023162152374,0.033296595988537625,0.2522053158728956,0.3848951473701519,530,596,75,324.54847935907065,10920528.71,True,PSU linearization; no explicit strata; approximate
LiTS,2016,market,55+,exclude_crimea_donetsk_luhansk,0,all_eligible,0.11741528496657186,0.02629946743453185,0.06501245220317267,0.16981811772997105,596,596,75,365.2690773231986,12373349.01,True,PSU linearization; no explicit strata; approximate
LiTS,2016,market,55+,exclude_crimea_donetsk_luhansk,1,all_eligible,0.22666343345955617,0.02684200434930074,0.17317957229573872,0.2801472946233736,596,596,75,365.2690773231986,12373349.01,True,PSU linearization; no explicit strata; approximate
LiTS,2016,market,55+,exclude_crimea_donetsk_luhansk,2,all_eligible,0.37477371617435695,0.03554794999949851,0.3039428796358392,0.4456045527128747,596,596,75,365.2690773231986,12373349.01,True,PSU linearization; no explicit strata; approximate
LiTS,2016,market,55+,exclude_crimea_donetsk_luhansk,3,all_eligible,0.2811475653995151,0.02922529829690805,0.22291488738328857,0.3393802434157416,596,596,75,365.2690773231986,12373349.01,True,PSU linearization; no explicit strata; approximate
WVS,1996,private_ownership,All,survey_coverage,1,valid,0.19119351100811124,0.00772983325058221,0.1760367877508426,0.20635023426537988,2589,2811,2811,2589.0,2589.0,True,Weighted respondent linearization; clustering unavailable; approximate
WVS,1996,private_ownership,All,survey_coverage,2,valid,0.06836616454229433,0.004960831455545933,0.05863892372607109,0.07809340535851757,2589,2811,2811,2589.0,2589.0,True,Weighted respondent linearization; clustering unavailable; approximate
WVS,1996,private_ownership,All,survey_coverage,3,valid,0.09424488219389726,0.005743088700451824,0.08298378467046252,0.105505979717332,2589,2811,2811,2589.0,2589.0,True,Weighted respondent linearization; clustering unavailable; approximate
WVS,1996,private_ownership,All,survey_coverage,4,valid,0.05600617999227501,0.00451974350250357,0.0471438282130662,0.06486853177148381,2589,2811,2811,2589.0,2589.0,True,Weighted respondent linearization; clustering unavailable; approximate
WVS,1996,private_ownership,All,survey_coverage,5,valid,0.08111239860950174,0.0053664372510360036,0.07058984247475927,0.09163495474424421,2589,2811,2811,2589.0,2589.0,True,Weighted respondent linearization; clustering unavailable; approximate
WVS,1996,private_ownership,All,survey_coverage,6,valid,0.19157976052529935,0.007735789429554468,0.17641135834127683,0.20674816270932186,2589,2811,2811,2589.0,2589.0,True,Weighted respondent linearization; clustering unavailable; approximate
WVS,1996,private_ownership,All,survey_coverage,7,valid,0.06797991502510622,0.004947823307331502,0.058278180697339366,0.07768164935287308,2589,2811,2811,2589.0,2589.0,True,Weighted respondent linearization; clustering unavailable; approximate
WVS,1996,private_ownership,All,survey_coverage,8,valid,0.08149864812668985,0.00537806862996135,0.07095328508450749,0.0920440111688722,2589,2811,2811,2589.0,2589.0,True,Weighted respondent linearization; clustering unavailable; approximate
WVS,1996,private_ownership,All,survey_coverage,9,valid,0.05755117806102742,0.004577909833653711,0.04857477324140317,0.06652758288065166,2589,2811,2811,2589.0,2589.0,True,Weighted respondent linearization; clustering unavailable; approximate
WVS,1996,private_ownership,All,survey_coverage,10,valid,0.1104673619157976,0.006161822344644963,0.0983852078756437,0.12254951595595151,2589,2811,2811,2589.0,2589.0,True,Weighted respondent linearization; clustering unavailable; approximate
WVS,1996,private_ownership,18-34,survey_coverage,1,valid,0.1383989145183175,0.012722222291150062,0.11345307206176881,0.1633447569748662,737,772,2811,737.0,737.0,True,Weighted respondent linearization; clustering unavailable; approximate
WVS,1996,private_ownership,18-34,survey_coverage,2,valid,0.0407055630936228,0.007280251212078425,0.026430384148908047,0.05498074203833755,737,772,2811,737.0,737.0,True,Weighted respondent linearization; clustering unavailable; approximate
WVS,1996,private_ownership,18-34,survey_coverage,3,valid,0.0773405698778833,0.00984164998086855,0.05804297828446925,0.09663816147129736,737,772,2811,737.0,737.0,True,Weighted respondent linearization; clustering unavailable; approximate
WVS,1996,private_ownership,18-34,survey_coverage,4,valid,0.04341926729986431,0.00750836849469445,0.028696794033172976,0.05814174056655565,737,772,2811,737.0,737.0,True,Weighted respondent linearization; clustering unavailable; approximate
WVS,1996,private_ownership,18-34,survey_coverage,5,valid,0.0814111261872456,0.01007502170884697,0.06165593731037487,0.10116631506411632,737,772,2811,737.0,737.0,True,Weighted respondent linearization; clustering unavailable; approximate
WVS,1996,private_ownership,18-34,survey_coverage,6,valid,0.20488466757123475,0.014870080264185246,0.17572728680100247,0.23404204834146702,737,772,2811,737.0,737.0,True,Weighted respondent linearization; clustering unavailable; approximate
WVS,1996,private_ownership,18-34,survey_coverage,7,valid,0.08412483039348712,0.010226423224944053,0.06407277212683472,0.10417688866013951,737,772,2811,737.0,737.0,True,Weighted respondent linearization; clustering unavailable; approximate
WVS,1996,private_ownership,18-34,survey_coverage,8,valid,0.1044776119402985,0.011269207131243847,0.08238085405690741,0.1265743698236896,737,772,2811,737.0,737.0,True,Weighted respondent linearization; clustering unavailable; approximate
WVS,1996,private_ownership,18-34,survey_coverage,9,valid,0.06784260515603799,0.009264871533099489,0.049675965684124634,0.08600924462795134,737,772,2811,737.0,737.0,True,Weighted respondent linearization; clustering unavailable; approximate
WVS,1996,private_ownership,18-34,survey_coverage,10,valid,0.15739484396200815,0.013416858074370737,0.13108695371095125,0.18370273421306504,737,772,2811,737.0,737.0,True,Weighted respondent linearization; clustering unavailable; approximate
WVS,1996,private_ownership,35-54,survey_coverage,1,valid,0.16522574447646493,0.01151264943099847,0.14265164284620635,0.1877998461067235,1041,1121,2811,1041.0,1041.0,True,Weighted respondent linearization; clustering unavailable; approximate
WVS,1996,private_ownership,35-54,survey_coverage,2,valid,0.07108549471661864,0.007965815907216652,0.055466054644617444,0.08670493478861983,1041,1121,2811,1041.0,1041.0,True,Weighted respondent linearization; clustering unavailable; approximate
WVS,1996,private_ownership,35-54,survey_coverage,3,valid,0.08837656099903939,0.008798896080157164,0.07112361018714923,0.10562951181092954,1041,1121,2811,1041.0,1041.0,True,Weighted respondent linearization; clustering unavailable; approximate
WVS,1996,private_ownership,35-54,survey_coverage,4,valid,0.05763688760806916,0.007224558257094821,0.04347091188659372,0.07180286332954461,1041,1121,2811,1041.0,1041.0,True,Weighted respondent linearization; clustering unavailable; approximate
WVS,1996,private_ownership,35-54,survey_coverage,5,valid,0.08837656099903939,0.008798896080157164,0.07112361018714923,0.10562951181092954,1041,1121,2811,1041.0,1041.0,True,Weighted respondent linearization; clustering unavailable; approximate
WVS,1996,private_ownership,35-54,survey_coverage,6,valid,0.20365033621517772,0.012483787409828797,0.17917201891653511,0.22812865351382033,1041,1121,2811,1041.0,1041.0,True,Weighted respondent linearization; clustering unavailable; approximate
WVS,1996,private_ownership,35-54,survey_coverage,7,valid,0.06724303554274735,0.007763540153549313,0.05202021950138232,0.08246585158411239,1041,1121,2811,1041.0,1041.0,True,Weighted respondent linearization; clustering unavailable; approximate
WVS,1996,private_ownership,35-54,survey_coverage,8,valid,0.07973102785782901,0.008396977110072503,0.06326616320561906,0.09619589251003896,1041,1121,2811,1041.0,1041.0,True,Weighted respondent linearization; clustering unavailable; approximate
WVS,1996,private_ownership,35-54,survey_coverage,9,valid,0.06628242074927954,0.007711854842783319,0.05116094970803945,0.08140389179051963,1041,1121,2811,1041.0,1041.0,True,Weighted respondent linearization; clustering unavailable; approximate
WVS,1996,private_ownership,35-54,survey_coverage,10,valid,0.11239193083573487,0.009791068411883262,0.09319352001610669,0.13159034165536307,1041,1121,2811,1041.0,1041.0,True,Weighted respondent linearization; clustering unavailable; approximate
WVS,1996,private_ownership,55+,survey_coverage,1,valid,0.2725030826140567,0.015637528859253638,0.24184088206407625,0.3031652831640371,811,918,2811,811.0,811.0,True,Weighted respondent linearization; clustering unavailable; approximate
WVS,1996,private_ownership,55+,survey_coverage,2,valid,0.09001233045622688,0.010051609138509212,0.070303049147844,0.10972161176460976,811,918,2811,811.0,811.0,True,Weighted respondent linearization; clustering unavailable; approximate
WVS,1996,private_ownership,55+,survey_coverage,3,valid,0.11713933415536375,0.011294429407492442,0.09499312021663155,0.13928554809409596,811,918,2811,811.0,811.0,True,Weighted respondent linearization; clustering unavailable; approximate
WVS,1996,private_ownership,55+,survey_coverage,4,valid,0.06535141800246609,0.008679975895876369,0.048331646906672875,0.0823711890982593,811,918,2811,811.0,811.0,True,Weighted respondent linearization; clustering unavailable; approximate
WVS,1996,private_ownership,55+,survey_coverage,5,valid,0.07151664611590629,0.009050185197110263,0.05377096545076417,0.0892623267810484,811,918,2811,811.0,811.0,True,Weighted respondent linearization; clustering unavailable; approximate
WVS,1996,private_ownership,55+,survey_coverage,6,valid,0.16399506781750925,0.013004290093058046,0.13849614439857585,0.18949399123644264,811,918,2811,811.0,811.0,True,Weighted respondent linearization; clustering unavailable; approximate
WVS,1996,private_ownership,55+,survey_coverage,7,valid,0.05425400739827373,0.007955546192753382,0.03865470427037017,0.0698533105261773,811,918,2811,811.0,811.0,True,Weighted respondent linearization; clustering unavailable; approximate
WVS,1996,private_ownership,55+,survey_coverage,8,valid,0.06288532675709001,0.008525853496935026,0.0461677601814686,0.07960289333271142,811,918,2811,811.0,811.0,True,Weighted respondent linearization; clustering unavailable; approximate
WVS,1996,private_ownership,55+,survey_coverage,9,valid,0.036991368680641186,0.006628757413466272,0.02399364435742779,0.04998909300385458,811,918,2811,811.0,811.0,True,Weighted respondent linearization; clustering unavailable; approximate
WVS,1996,private_ownership,55+,survey_coverage,10,valid,0.06535141800246609,0.008679975895876369,0.048331646906672875,0.0823711890982593,811,918,2811,811.0,811.0,True,Weighted respondent linearization; clustering unavailable; approximate
WVS,1996,private_ownership,All,exclude_crimea_donetsk_luhansk,1,valid,0.16304872165943077,0.008114960298135375,0.14713683798803384,0.1789606053308277,2073,2261,2811,2073.0,2073.0,True,Weighted respondent linearization; clustering unavailable; approximate
WVS,1996,private_ownership,All,exclude_crimea_donetsk_luhansk,2,valid,0.07091172214182344,0.00563851991237556,0.05985566399386301,0.08196778028978387,2073,2261,2811,2073.0,2073.0,True,Weighted respondent linearization; clustering unavailable; approximate
WVS,1996,private_ownership,All,exclude_crimea_donetsk_luhansk,3,valid,0.10033767486734202,0.0066000829722570355,0.08739617563409838,0.11327917410058566,2073,2261,2811,2073.0,2073.0,True,Weighted respondent linearization; clustering unavailable; approximate
WVS,1996,private_ownership,All,exclude_crimea_donetsk_luhansk,4,valid,0.060781476121562955,0.005248637246321807,0.050489903245226946,0.07107304899789896,2073,2261,2811,2073.0,2073.0,True,Weighted respondent linearization; clustering unavailable; approximate
WVS,1996,private_ownership,All,exclude_crimea_donetsk_luhansk,5,valid,0.07766521948866377,0.005879429561862447,0.0661367836361774,0.08919365534115015,2073,2261,2811,2073.0,2073.0,True,Weighted respondent linearization; clustering unavailable; approximate
WVS,1996,private_ownership,All,exclude_crimea_donetsk_luhansk,6,valid,0.19729860106126387,0.008742117203806622,0.18015698275653214,0.2144402193659956,2073,2261,2811,2073.0,2073.0,True,Weighted respondent linearization; clustering unavailable; approximate
WVS,1996,private_ownership,All,exclude_crimea_donetsk_luhansk,7,valid,0.06560540279787747,0.005438918789529587,0.05494072424152577,0.07627008135422916,2073,2261,2811,2073.0,2073.0,True,Weighted respondent linearization; clustering unavailable; approximate
WVS,1996,private_ownership,All,exclude_crimea_donetsk_luhansk,8,valid,0.08634828750602991,0.006170137077290235,0.07424982986687495,0.09844674514518487,2073,2261,2811,2073.0,2073.0,True,Weighted respondent linearization; clustering unavailable; approximate
WVS,1996,private_ownership,All,exclude_crimea_donetsk_luhansk,9,valid,0.05981669078630005,0.005209488358364381,0.04960188138484959,0.07003150018775052,2073,2261,2811,2073.0,2073.0,True,Weighted respondent linearization; clustering unavailable; approximate
WVS,1996,private_ownership,All,exclude_crimea_donetsk_luhansk,10,valid,0.11818620356970574,0.007091685176691979,0.10428076652257429,0.1320916406168372,2073,2261,2811,2073.0,2073.0,True,Weighted respondent linearization; clustering unavailable; approximate
WVS,1996,private_ownership,18-34,exclude_crimea_donetsk_luhansk,1,valid,0.1272430668841762,0.013462035870508891,0.10084659162342482,0.15363954214492756,613,643,2811,613.0,613.0,True,Weighted respondent linearization; clustering unavailable; approximate
WVS,1996,private_ownership,18-34,exclude_crimea_donetsk_luhansk,2,valid,0.04241435562805873,0.00814127220458548,0.026450879345087004,0.05837783191103046,613,643,2811,613.0,613.0,True,Weighted respondent linearization; clustering unavailable; approximate
WVS,1996,private_ownership,18-34,exclude_crimea_donetsk_luhansk,3,valid,0.08156606851549755,0.011056705717337202,0.05988598522494049,0.10324615180605462,613,643,2811,613.0,613.0,True,Weighted respondent linearization; clustering unavailable; approximate
WVS,1996,private_ownership,18-34,exclude_crimea_donetsk_luhansk,4,valid,0.040783034257748776,0.007989971283771245,0.025116230116466336,0.05644983839903121,613,643,2811,613.0,613.0,True,Weighted respondent linearization; clustering unavailable; approximate
WVS,1996,private_ownership,18-34,exclude_crimea_donetsk_luhansk,5,valid,0.08156606851549755,0.011056705717337202,0.05988598522494049,0.10324615180605462,613,643,2811,613.0,613.0,True,Weighted respondent linearization; clustering unavailable; approximate
WVS,1996,private_ownership,18-34,exclude_crimea_donetsk_luhansk,6,valid,0.200652528548124,0.01617845878239041,0.16892966797084707,0.2323753891254009,613,643,2811,613.0,613.0,True,Weighted respondent linearization; clustering unavailable; approximate
WVS,1996,private_ownership,18-34,exclude_crimea_donetsk_luhansk,7,valid,0.08482871125611746,0.01125562598742419,0.06275858339587417,0.10689883911636075,613,643,2811,613.0,613.0,True,Weighted respondent linearization; clustering unavailable; approximate
WVS,1996,private_ownership,18-34,exclude_crimea_donetsk_luhansk,8,valid,0.11092985318107668,0.012686425065190573,0.08605420223185514,0.1358055041302982,613,643,2811,613.0,613.0,True,Weighted respondent linearization; clustering unavailable; approximate
WVS,1996,private_ownership,18-34,exclude_crimea_donetsk_luhansk,9,valid,0.06688417618270799,0.010091982617861286,0.04709573021014218,0.0866726221552738,613,643,2811,613.0,613.0,True,Weighted respondent linearization; clustering unavailable; approximate
WVS,1996,private_ownership,18-34,exclude_crimea_donetsk_luhansk,10,valid,0.1631321370309951,0.014926061737607486,0.13386498730809737,0.19239928675389284,613,643,2811,613.0,613.0,True,Weighted respondent linearization; clustering unavailable; approximate
WVS,1996,private_ownership,35-54,exclude_crimea_donetsk_luhansk,1,valid,0.15057471264367817,0.012127080234905666,0.126795829829445,0.17435359545791132,870,936,2811,870.0,870.0,True,Weighted respondent linearization; clustering unavailable; approximate
WVS,1996,private_ownership,35-54,exclude_crimea_donetsk_luhansk,2,valid,0.07471264367816093,0.008915649821454942,0.05723076113013431,0.09219452622618754,870,936,2811,870.0,870.0,True,Weighted respondent linearization; clustering unavailable; approximate
WVS,1996,private_ownership,35-54,exclude_crimea_donetsk_luhansk,3,valid,0.09770114942528736,0.010067987673371113,0.0779597529454365,0.11744254590513822,870,936,2811,870.0,870.0,True,Weighted respondent linearization; clustering unavailable; approximate
WVS,1996,private_ownership,35-54,exclude_crimea_donetsk_luhansk,4,valid,0.06436781609195402,0.008321557144958289,0.04805083555344379,0.08068479663046425,870,936,2811,870.0,870.0,True,Weighted respondent linearization; clustering unavailable; approximate
WVS,1996,private_ownership,35-54,exclude_crimea_donetsk_luhansk,5,valid,0.07586206896551724,0.008978388136680471,0.058257168591533126,0.09346696933950135,870,936,2811,870.0,870.0,True,Weighted respondent linearization; clustering unavailable; approximate
WVS,1996,private_ownership,35-54,exclude_crimea_donetsk_luhansk,6,valid,0.20689655172413793,0.01373596519912088,0.1799629534891609,0.23383014995911497,870,936,2811,870.0,870.0,True,Weighted respondent linearization; clustering unavailable; approximate
WVS,1996,private_ownership,35-54,exclude_crimea_donetsk_luhansk,7,valid,0.06206896551724138,0.008181639566747617,0.04602633656472515,0.0781115944697576,870,936,2811,870.0,870.0,True,Weighted respondent linearization; clustering unavailable; approximate
WVS,1996,private_ownership,35-54,exclude_crimea_donetsk_luhansk,8,valid,0.08275862068965517,0.009342563918371086,0.06443964132313025,0.10107760005618009,870,936,2811,870.0,870.0,True,Weighted respondent linearization; clustering unavailable; approximate
WVS,1996,private_ownership,35-54,exclude_crimea_donetsk_luhansk,9,valid,0.067816091954023,0.008525793643167353,0.05109864274018199,0.08453354116786399,870,936,2811,870.0,870.0,True,Weighted respondent linearization; clustering unavailable; approximate
WVS,1996,private_ownership,35-54,exclude_crimea_donetsk_luhansk,10,valid,0.11724137931034483,0.01090885275566349,0.09585120737365652,0.13863155124703314,870,936,2811,870.0,870.0,True,Weighted respondent linearization; clustering unavailable; approximate
WVS,1996,private_ownership,55+,exclude_crimea_donetsk_luhansk,1,valid,0.21864406779661016,0.01701941245345914,0.18527225805686423,0.2520158775363561,590,682,2811,590.0,590.0,True,Weighted respondent linearization; clustering unavailable; approximate
WVS,1996,private_ownership,55+,exclude_crimea_donetsk_luhansk,2,valid,0.09491525423728814,0.012068794359675422,0.07125065886652679,0.11857984960804949,590,682,2811,590.0,590.0,True,Weighted respondent linearization; clustering unavailable; approximate
WVS,1996,private_ownership,55+,exclude_crimea_donetsk_luhansk,3,valid,0.12372881355932204,0.01355832209772718,0.0971435394393813,0.1503140876792628,590,682,2811,590.0,590.0,True,Weighted respondent linearization; clustering unavailable; approximate
WVS,1996,private_ownership,55+,exclude_crimea_donetsk_luhansk,4,valid,0.07627118644067797,0.010929587049996721,0.05484035852203561,0.09770201435932033,590,682,2811,590.0,590.0,True,Weighted respondent linearization; clustering unavailable; approximate
WVS,1996,private_ownership,55+,exclude_crimea_donetsk_luhansk,5,valid,0.07627118644067797,0.010929587049996721,0.05484035852203561,0.09770201435932033,590,682,2811,590.0,590.0,True,Weighted respondent linearization; clustering unavailable; approximate
WVS,1996,private_ownership,55+,exclude_crimea_donetsk_luhansk,6,valid,0.17966101694915254,0.015807924711902944,0.14866470275155916,0.21065733114674592,590,682,2811,590.0,590.0,True,Weighted respondent linearization; clustering unavailable; approximate
WVS,1996,private_ownership,55+,exclude_crimea_donetsk_luhansk,7,valid,0.05084745762711865,0.009045943820551246,0.03311009348946825,0.06858482176476904,590,682,2811,590.0,590.0,True,Weighted respondent linearization; clustering unavailable; approximate
WVS,1996,private_ownership,55+,exclude_crimea_donetsk_luhansk,8,valid,0.06610169491525424,0.010230747079161578,0.046041158398210755,0.08616223143229772,590,682,2811,590.0,590.0,True,Weighted respondent linearization; clustering unavailable; approximate
WVS,1996,private_ownership,55+,exclude_crimea_donetsk_luhansk,9,valid,0.04067796610169491,0.00813416694972388,0.024728421863324735,0.05662751034006509,590,682,2811,590.0,590.0,True,Weighted respondent linearization; clustering unavailable; approximate
WVS,1996,private_ownership,55+,exclude_crimea_donetsk_luhansk,10,valid,0.07288135593220339,0.010703532604992398,0.05189377750587678,0.09386893435853,590,682,2811,590.0,590.0,True,Weighted respondent linearization; clustering unavailable; approximate
WVS,1996,competition,All,survey_coverage,1,valid,0.05546492659053834,0.004623121377976358,0.04639987058749037,0.0645299825935863,2452,2811,2811,2452.0,2452.0,True,Weighted respondent linearization; clustering unavailable; approximate
WVS,1996,competition,All,survey_coverage,2,valid,0.022430668841761828,0.0029909690967677045,0.016565951013943703,0.028295386669579953,2452,2811,2811,2452.0,2452.0,True,Weighted respondent linearization; clustering unavailable; approximate
WVS,1996,competition,All,survey_coverage,3,valid,0.037520391517128875,0.003838366844498499,0.029994088926117962,0.04504669410813979,2452,2811,2811,2452.0,2452.0,True,Weighted respondent linearization; clustering unavailable; approximate
WVS,1996,competition,All,survey_coverage,4,valid,0.03588907014681892,0.0037571768371258752,0.028521965617798514,0.04325617467583932,2452,2811,2811,2452.0,2452.0,True,Weighted respondent linearization; clustering unavailable; approximate
WVS,1996,competition,All,survey_coverage,5,valid,0.053833605220228384,0.004558558391421683,0.04489514487431161,0.06277206556614516,2452,2811,2811,2452.0,2452.0,True,Weighted respondent linearization; clustering unavailable; approximate
WVS,1996,competition,All,survey_coverage,6,valid,0.1729200652528548,0.007638594709090041,0.15794224330936155,0.18789788719634806,2452,2811,2811,2452.0,2452.0,True,Weighted respondent linearization; clustering unavailable; approximate
WVS,1996,competition,All,survey_coverage,7,valid,0.09094616639477977,0.00580769806495873,0.0795583822759278,0.10233395051363174,2452,2811,2811,2452.0,2452.0,True,Weighted respondent linearization; clustering unavailable; approximate
WVS,1996,competition,All,survey_coverage,8,valid,0.1398858075040783,0.007006190052479061,0.12614801002891865,0.15362360497923797,2452,2811,2811,2452.0,2452.0,True,Weighted respondent linearization; clustering unavailable; approximate
WVS,1996,competition,All,survey_coverage,9,valid,0.10970636215334421,0.006312473558014039,0.09732880992342538,0.12208391438326305,2452,2811,2811,2452.0,2452.0,True,Weighted respondent linearization; clustering unavailable; approximate
WVS,1996,competition,All,survey_coverage,10,valid,0.2814029363784666,0.009082890143695791,0.26359312757388453,0.29921274518304863,2452,2811,2811,2452.0,2452.0,True,Weighted respondent linearization; clustering unavailable; approximate
WVS,1996,competition,18-34,survey_coverage,1,valid,0.04366197183098591,0.007670178550943796,0.028622220019815018,0.05870172364215681,710,772,2811,710.0,710.0,True,Weighted respondent linearization; clustering unavailable; approximate
WVS,1996,competition,18-34,survey_coverage,2,valid,0.01971830985915493,0.005218652481137333,0.00948553136726454,0.029951088351045322,710,772,2811,710.0,710.0,True,Weighted respondent linearization; clustering unavailable; approximate
WVS,1996,competition,18-34,survey_coverage,3,valid,0.035211267605633804,0.006918389835224239,0.021645629548629662,0.04877690566263795,710,772,2811,710.0,710.0,True,Weighted respondent linearization; clustering unavailable; approximate
WVS,1996,competition,18-34,survey_coverage,4,valid,0.02535211267605634,0.005900367192401703,0.013782622138241206,0.03692160321387147,710,772,2811,710.0,710.0,True,Weighted respondent linearization; clustering unavailable; approximate
WVS,1996,competition,18-34,survey_coverage,5,valid,0.04788732394366197,0.008014981906049818,0.032171478759956025,0.06360316912736791,710,772,2811,710.0,710.0,True,Weighted respondent linearization; clustering unavailable; approximate
WVS,1996,competition,18-34,survey_coverage,6,valid,0.14366197183098592,0.013165629076847535,0.1178466935504878,0.16947725011148404,710,772,2811,710.0,710.0,True,Weighted respondent linearization; clustering unavailable; approximate
WVS,1996,competition,18-34,survey_coverage,7,valid,0.09154929577464789,0.01082495938116476,0.07032362268537001,0.11277496886392577,710,772,2811,710.0,710.0,True,Weighted respondent linearization; clustering unavailable; approximate
WVS,1996,competition,18-34,survey_coverage,8,valid,0.14366197183098592,0.013165629076847535,0.1178466935504878,0.16947725011148404,710,772,2811,710.0,710.0,True,Weighted respondent linearization; clustering unavailable; approximate
WVS,1996,competition,18-34,survey_coverage,9,valid,0.10845070422535211,0.011671776354914586,0.08556458515947868,0.13133682329122554,710,772,2811,710.0,710.0,True,Weighted respondent linearization; clustering unavailable; approximate
WVS,1996,competition,18-34,survey_coverage,10,valid,0.3408450704225352,0.017791818899488988,0.3059587195064032,0.3757314213386672,710,772,2811,710.0,710.0,True,Weighted respondent linearization; clustering unavailable; approximate
WVS,1996,competition,35-54,survey_coverage,1,valid,0.040674603174603176,0.006222882920435946,0.028472721034347802,0.05287648531485855,1008,1121,2811,1008.0,1008.0,True,Weighted respondent linearization; clustering unavailable; approximate
WVS,1996,competition,35-54,survey_coverage,2,valid,0.020833333333333332,0.004499400874457247,0.01201086955346791,0.029655797113198754,1008,1121,2811,1008.0,1008.0,True,Weighted respondent linearization; clustering unavailable; approximate
WVS,1996,competition,35-54,survey_coverage,3,valid,0.030753968253968252,0.0054389440772927115,0.020089240113153987,0.04141869639478252,1008,1121,2811,1008.0,1008.0,True,Weighted respondent linearization; clustering unavailable; approximate
WVS,1996,competition,35-54,survey_coverage,4,valid,0.031746031746031744,0.005523143953413691,0.020916203766800416,0.04257585972526307,1008,1121,2811,1008.0,1008.0,True,Weighted respondent linearization; clustering unavailable; approximate
WVS,1996,competition,35-54,survey_coverage,5,valid,0.047619047619047616,0.006708766862467813,0.03446444008281128,0.060773655155283955,1008,1121,2811,1008.0,1008.0,True,Weighted respondent linearization; clustering unavailable; approximate
WVS,1996,competition,35-54,survey_coverage,6,valid,0.1775793650793651,0.0120389953151405,0.1539731999304087,0.20118553022832147,1008,1121,2811,1008.0,1008.0,True,Weighted respondent linearization; clustering unavailable; approximate
WVS,1996,competition,35-54,survey_coverage,7,valid,0.09226190476190477,0.00911671725828133,0.07438576746125508,0.11013804206255445,1008,1121,2811,1008.0,1008.0,True,Weighted respondent linearization; clustering unavailable; approximate
WVS,1996,competition,35-54,survey_coverage,8,valid,0.14682539682539683,0.011149786411801069,0.12496280011173624,0.16868799353905742,1008,1121,2811,1008.0,1008.0,True,Weighted respondent linearization; clustering unavailable; approximate
WVS,1996,competition,35-54,survey_coverage,9,valid,0.12797619047619047,0.010523876850660719,0.10734088259202283,0.14861149836035809,1008,1121,2811,1008.0,1008.0,True,Weighted respondent linearization; clustering unavailable; approximate
WVS,1996,competition,35-54,survey_coverage,10,valid,0.2837301587301587,0.014201626285265766,0.255883488248268,0.31157682921204943,1008,1121,2811,1008.0,1008.0,True,Weighted respondent linearization; clustering unavailable; approximate
WVS,1996,competition,55+,survey_coverage,1,valid,0.08719346049046321,0.010415030864993432,0.06677157874744803,0.10761534223347839,734,918,2811,734.0,734.0,True,Weighted respondent linearization; clustering unavailable; approximate
WVS,1996,competition,55+,survey_coverage,2,valid,0.027247956403269755,0.00601031559187968,0.015462878101858065,0.039033034704681446,734,918,2811,734.0,734.0,True,Weighted respondent linearization; clustering unavailable; approximate
WVS,1996,competition,55+,survey_coverage,3,valid,0.04904632152588556,0.00797282322012793,0.03341314145469806,0.06467950159707306,734,918,2811,734.0,734.0,True,Weighted respondent linearization; clustering unavailable; approximate
WVS,1996,competition,55+,survey_coverage,4,valid,0.051771117166212535,0.008179553382274461,0.03573257882208308,0.06780965551034199,734,918,2811,734.0,734.0,True,Weighted respondent linearization; clustering unavailable; approximate
WVS,1996,competition,55+,survey_coverage,5,valid,0.0681198910081744,0.009301355124677207,0.049881714197349755,0.08635806781899903,734,918,2811,734.0,734.0,True,Weighted respondent linearization; clustering unavailable; approximate
WVS,1996,competition,55+,survey_coverage,6,valid,0.19482288828337874,0.014621601121837057,0.16615272754412078,0.2234930490226367,734,918,2811,734.0,734.0,True,Weighted respondent linearization; clustering unavailable; approximate
WVS,1996,competition,55+,survey_coverage,7,valid,0.0885558583106267,0.010488247088656567,0.06799041356902798,0.10912130305222544,734,918,2811,734.0,734.0,True,Weighted respondent linearization; clustering unavailable; approximate
WVS,1996,competition,55+,survey_coverage,8,valid,0.12670299727520437,0.012280149726872143,0.10262397448981571,0.15078202006059305,734,918,2811,734.0,734.0,True,Weighted respondent linearization; clustering unavailable; approximate
WVS,1996,competition,55+,survey_coverage,9,valid,0.08583106267029973,0.010341051661991599,0.06555423998229168,0.10610788535830779,734,918,2811,734.0,734.0,True,Weighted respondent linearization; clustering unavailable; approximate
WVS,1996,competition,55+,survey_coverage,10,valid,0.22070844686648503,0.015310476056330425,0.19068753425425508,0.25072935947871494,734,918,2811,734.0,734.0,True,Weighted respondent linearization; clustering unavailable; approximate
WVS,1996,competition,All,exclude_crimea_donetsk_luhansk,1,valid,0.04649974450689831,0.004760664103908389,0.03716499354854906,0.05583449546524756,1957,2261,2811,1957.0,1957.0,True,Weighted respondent linearization; clustering unavailable; approximate
WVS,1996,competition,All,exclude_crimea_donetsk_luhansk,2,valid,0.022483392948390392,0.0033517749249026394,0.015911203961832987,0.029055581934947797,1957,2261,2811,1957.0,1957.0,True,Weighted respondent linearization; clustering unavailable; approximate
WVS,1996,competition,All,exclude_crimea_donetsk_luhansk,3,valid,0.0342360756259581,0.004111112182432745,0.026174971639785372,0.042297179612130836,1957,2261,2811,1957.0,1957.0,True,Weighted respondent linearization; clustering unavailable; approximate
WVS,1996,competition,All,exclude_crimea_donetsk_luhansk,4,valid,0.031170158405723045,0.003928937392257904,0.02346626430877051,0.03887405250267558,1957,2261,2811,1957.0,1957.0,True,Weighted respondent linearization; clustering unavailable; approximate
WVS,1996,competition,All,exclude_crimea_donetsk_luhansk,5,valid,0.0403679100664282,0.004449921645609851,0.0316424655823628,0.04909335455049361,1957,2261,2811,1957.0,1957.0,True,Weighted respondent linearization; clustering unavailable; approximate
WVS,1996,competition,All,exclude_crimea_donetsk_luhansk,6,valid,0.17629024016351558,0.00861555165546499,0.15939679267022716,0.193183687656804,1957,2261,2811,1957.0,1957.0,True,Weighted respondent linearization; clustering unavailable; approximate
WVS,1996,competition,All,exclude_crimea_donetsk_luhansk,7,valid,0.0858456821665815,0.0063336029689282335,0.0734266992067318,0.09826466512643121,1957,2261,2811,1957.0,1957.0,True,Weighted respondent linearization; clustering unavailable; approximate
WVS,1996,competition,All,exclude_crimea_donetsk_luhansk,8,valid,0.14767501277465508,0.008021174581436714,0.13194702493999944,0.16340300060931073,1957,2261,2811,1957.0,1957.0,True,Weighted respondent linearization; clustering unavailable; approximate
WVS,1996,competition,All,exclude_crimea_donetsk_luhansk,9,valid,0.12161471640265713,0.007389540627819628,0.10712524183530223,0.13610419097001203,1957,2261,2811,1957.0,1957.0,True,Weighted respondent linearization; clustering unavailable; approximate
WVS,1996,competition,All,exclude_crimea_donetsk_luhansk,10,valid,0.29381706693919263,0.010298618445557411,0.27362344766548335,0.3140106862129019,1957,2261,2811,1957.0,1957.0,True,Weighted respondent linearization; clustering unavailable; approximate
WVS,1996,competition,18-34,exclude_crimea_donetsk_luhansk,1,valid,0.044142614601018676,0.008465355328284041,0.02754367335276063,0.06074155584927672,589,643,2811,589.0,589.0,True,Weighted respondent linearization; clustering unavailable; approximate
WVS,1996,competition,18-34,exclude_crimea_donetsk_luhansk,2,valid,0.01867572156196944,0.005579105609606801,0.007736163487865301,0.029615279636073577,589,643,2811,589.0,589.0,True,Weighted respondent linearization; clustering unavailable; approximate
WVS,1996,competition,18-34,exclude_crimea_donetsk_luhansk,3,valid,0.030560271646859084,0.007093468219774701,0.01665133839357614,0.04446920490014203,589,643,2811,589.0,589.0,True,Weighted respondent linearization; clustering unavailable; approximate
WVS,1996,competition,18-34,exclude_crimea_donetsk_luhansk,4,valid,0.025466893039049237,0.006492409377994446,0.012736521111848143,0.03819726496625033,589,643,2811,589.0,589.0,True,Weighted respondent linearization; clustering unavailable; approximate
WVS,1996,competition,18-34,exclude_crimea_donetsk_luhansk,5,valid,0.03735144312393888,0.007814607872392063,0.02202849306198274,0.052674393185895015,589,643,2811,589.0,589.0,True,Weighted respondent linearization; clustering unavailable; approximate
WVS,1996,competition,18-34,exclude_crimea_donetsk_luhansk,6,valid,0.14770797962648557,0.014622303893589957,0.11903644088635407,0.17637951836661708,589,643,2811,589.0,589.0,True,Weighted respondent linearization; clustering unavailable; approximate
WVS,1996,competition,18-34,exclude_crimea_donetsk_luhansk,7,valid,0.0865874363327674,0.011589922890659708,0.06386181624082286,0.10931305642471194,589,643,2811,589.0,589.0,True,Weighted respondent linearization; clustering unavailable; approximate
WVS,1996,competition,18-34,exclude_crimea_donetsk_luhansk,8,valid,0.14431239388794567,0.01448201696000092,0.11591593096899824,0.1727088568068931,589,643,2811,589.0,589.0,True,Weighted respondent linearization; clustering unavailable; approximate
WVS,1996,competition,18-34,exclude_crimea_donetsk_luhansk,9,valid,0.11884550084889643,0.013336351074197636,0.09269546941346204,0.14499553228433082,589,643,2811,589.0,589.0,True,Weighted respondent linearization; clustering unavailable; approximate
WVS,1996,competition,18-34,exclude_crimea_donetsk_luhansk,10,valid,0.3463497453310696,0.01960874365993947,0.3079007527795113,0.3847987378826279,589,643,2811,589.0,589.0,True,Weighted respondent linearization; clustering unavailable; approximate
WVS,1996,competition,35-54,exclude_crimea_donetsk_luhansk,1,valid,0.03694874851013111,0.006513596458603811,0.02417683277376681,0.049720664246495405,839,936,2811,839.0,839.0,True,Weighted respondent linearization; clustering unavailable; approximate
WVS,1996,competition,35-54,exclude_crimea_donetsk_luhansk,2,valid,0.021454112038140644,0.005003134205968862,0.011643923626491161,0.03126430044979013,839,936,2811,839.0,839.0,True,Weighted respondent linearization; clustering unavailable; approximate
WVS,1996,competition,35-54,exclude_crimea_donetsk_luhansk,3,valid,0.03098927294398093,0.0059836511829590286,0.0192564784440081,0.04272206744395376,839,936,2811,839.0,839.0,True,Weighted respondent linearization; clustering unavailable; approximate
WVS,1996,competition,35-54,exclude_crimea_donetsk_luhansk,4,valid,0.025029797377830752,0.005394120212111144,0.014452960255859225,0.03560663449980228,839,936,2811,839.0,839.0,True,Weighted respondent linearization; clustering unavailable; approximate
WVS,1996,competition,35-54,exclude_crimea_donetsk_luhansk,5,valid,0.03456495828367104,0.0063077697199170075,0.022196629379789452,0.04693328718755262,839,936,2811,839.0,839.0,True,Weighted respondent linearization; clustering unavailable; approximate
WVS,1996,competition,35-54,exclude_crimea_donetsk_luhansk,6,valid,0.1799761620977354,0.013265298112405566,0.15396545191847566,0.20598687227699514,839,936,2811,839.0,839.0,True,Weighted respondent linearization; clustering unavailable; approximate
WVS,1996,competition,35-54,exclude_crimea_donetsk_luhansk,7,valid,0.08343265792610251,0.009548749746717185,0.0647093876210147,0.10215592823119031,839,936,2811,839.0,839.0,True,Weighted respondent linearization; clustering unavailable; approximate
WVS,1996,competition,35-54,exclude_crimea_donetsk_luhansk,8,valid,0.15971394517282478,0.012649730681568234,0.13491024488536144,0.18451764546028812,839,936,2811,839.0,839.0,True,Weighted respondent linearization; clustering unavailable; approximate
WVS,1996,competition,35-54,exclude_crimea_donetsk_luhansk,9,valid,0.13706793802145412,0.011875516977793635,0.11378232259684504,0.1603535534460632,839,936,2811,839.0,839.0,True,Weighted respondent linearization; clustering unavailable; approximate
WVS,1996,competition,35-54,exclude_crimea_donetsk_luhansk,10,valid,0.2908224076281287,0.015681504161525413,0.2600739799287285,0.32157083532752895,839,936,2811,839.0,839.0,True,Weighted respondent linearization; clustering unavailable; approximate
WVS,1996,competition,55+,exclude_crimea_donetsk_luhansk,1,valid,0.06427221172022685,0.010664384936824953,0.04336139437701113,0.08518302906344256,529,682,2811,529.0,529.0,True,Weighted respondent linearization; clustering unavailable; approximate
WVS,1996,competition,55+,exclude_crimea_donetsk_luhansk,2,valid,0.02835538752362949,0.007218067579145586,0.014202138779080907,0.04250863626817807,529,682,2811,529.0,529.0,True,Weighted respondent linearization; clustering unavailable; approximate
WVS,1996,competition,55+,exclude_crimea_donetsk_luhansk,3,valid,0.043478260869565216,0.008868147975682633,0.026089520347665245,0.060867001391465184,529,682,2811,529.0,529.0,True,Weighted respondent linearization; clustering unavailable; approximate
WVS,1996,competition,55+,exclude_crimea_donetsk_luhansk,4,valid,0.04725897920604915,0.009227393201826717,0.02916582756716284,0.06535213084493546,529,682,2811,529.0,529.0,True,Weighted respondent linearization; clustering unavailable; approximate
WVS,1996,competition,55+,exclude_crimea_donetsk_luhansk,5,valid,0.052930056710775046,0.009736248129297274,0.033839137970872964,0.07202097545067712,529,682,2811,529.0,529.0,True,Weighted respondent linearization; clustering unavailable; approximate
WVS,1996,competition,55+,exclude_crimea_donetsk_luhansk,6,valid,0.20226843100189035,0.017467947143828256,0.16801713059878537,0.23651973140499533,529,682,2811,529.0,529.0,True,Weighted respondent linearization; clustering unavailable; approximate
WVS,1996,competition,55+,exclude_crimea_donetsk_luhansk,7,valid,0.0888468809073724,0.012372749005507857,0.06458628866316023,0.11310747315158458,529,682,2811,529.0,529.0,True,Weighted respondent linearization; clustering unavailable; approximate
WVS,1996,competition,55+,exclude_crimea_donetsk_luhansk,8,valid,0.1323251417769376,0.014734965304263554,0.10343269557761549,0.1612175879762597,529,682,2811,529.0,529.0,True,Weighted respondent linearization; clustering unavailable; approximate
WVS,1996,competition,55+,exclude_crimea_donetsk_luhansk,9,valid,0.1001890359168242,0.013056752323462307,0.07458724410708345,0.12579082772656494,529,682,2811,529.0,529.0,True,Weighted respondent linearization; clustering unavailable; approximate
WVS,1996,competition,55+,exclude_crimea_donetsk_luhansk,10,valid,0.24007561436672967,0.01857413688473729,0.20365528764320243,0.2764959410902569,529,682,2811,529.0,529.0,True,Weighted respondent linearization; clustering unavailable; approximate
WVS,1996,individual_responsibility,All,survey_coverage,1,valid,0.35860274990709773,0.009246785186148587,0.34047157429922686,0.3767339255149686,2691,2811,2811,2691.0,2691.0,True,Weighted respondent linearization; clustering unavailable; approximate
WVS,1996,individual_responsibility,All,survey_coverage,2,valid,0.11631363805276848,0.006181370997222604,0.10419315284717198,0.12843412325836498,2691,2811,2811,2691.0,2691.0,True,Weighted respondent linearization; clustering unavailable; approximate
WVS,1996,individual_responsibility,All,survey_coverage,3,valid,0.12448903753251579,0.006365269012671536,0.11200796352281922,0.13697011154221236,2691,2811,2811,2691.0,2691.0,True,Weighted respondent linearization; clustering unavailable; approximate
WVS,1996,individual_responsibility,All,survey_coverage,4,valid,0.08286882199925678,0.005315348269502925,0.07244644157717077,0.0932912024213428,2691,2811,2811,2691.0,2691.0,True,Weighted respondent linearization; clustering unavailable; approximate
WVS,1996,individual_responsibility,All,survey_coverage,5,valid,0.13340765514678557,0.0065556870520819,0.12055320781414997,0.14626210247942117,2691,2811,2811,2691.0,2691.0,True,Weighted respondent linearization; clustering unavailable; approximate
WVS,1996,individual_responsibility,All,survey_coverage,6,valid,0.04050538833147529,0.0038010018776636857,0.0330523512875303,0.04795842537542028,2691,2811,2811,2691.0,2691.0,True,Weighted respondent linearization; clustering unavailable; approximate
WVS,1996,individual_responsibility,All,survey_coverage,7,valid,0.028613898179115572,0.0032144366447595593,0.022311003268805037,0.03491679308942611,2691,2811,2811,2691.0,2691.0,True,Weighted respondent linearization; clustering unavailable; approximate
WVS,1996,individual_responsibility,All,survey_coverage,8,valid,0.04124860646599777,0.0038342290966707194,0.033730417206374604,0.04876679572562093,2691,2811,2811,2691.0,2691.0,True,Weighted respondent linearization; clustering unavailable; approximate
WVS,1996,individual_responsibility,All,survey_coverage,9,valid,0.0252694165737644,0.003025940038396263,0.019336127424013784,0.031202705723515016,2691,2811,2811,2691.0,2691.0,True,Weighted respondent linearization; clustering unavailable; approximate
WVS,1996,individual_responsibility,All,survey_coverage,10,valid,0.04868078781122259,0.004149180676984059,0.04054503879481048,0.056816536827634705,2691,2811,2811,2691.0,2691.0,True,Weighted respondent linearization; clustering unavailable; approximate
WVS,1996,individual_responsibility,18-34,survey_coverage,1,valid,0.3293333333333333,0.017163973562492295,0.2956780669325767,0.3629885997340899,750,772,2811,750.0,750.0,True,Weighted respondent linearization; clustering unavailable; approximate
WVS,1996,individual_responsibility,18-34,survey_coverage,2,valid,0.096,0.010758865118946647,0.07490392510629224,0.11709607489370777,750,772,2811,750.0,750.0,True,Weighted respondent linearization; clustering unavailable; approximate
WVS,1996,individual_responsibility,18-34,survey_coverage,3,valid,0.11333333333333333,0.011577256442946634,0.09063254972057484,0.1360341169460918,750,772,2811,750.0,750.0,True,Weighted respondent linearization; clustering unavailable; approximate
WVS,1996,individual_responsibility,18-34,survey_coverage,4,valid,0.08933333333333333,0.010416771098883388,0.06890803932479858,0.10975862734186809,750,772,2811,750.0,750.0,True,Weighted respondent linearization; clustering unavailable; approximate
WVS,1996,individual_responsibility,18-34,survey_coverage,5,valid,0.14933333333333335,0.013016814578211633,0.12380985179661669,0.17485681487005,750,772,2811,750.0,750.0,True,Weighted respondent linearization; clustering unavailable; approximate
WVS,1996,individual_responsibility,18-34,survey_coverage,6,valid,0.048,0.007807027767484727,0.032691913072683015,0.06330808692731699,750,772,2811,750.0,750.0,True,Weighted respondent linearization; clustering unavailable; approximate
WVS,1996,individual_responsibility,18-34,survey_coverage,7,valid,0.04,0.007156690620710761,0.02596709972135131,0.054032900278648696,750,772,2811,750.0,750.0,True,Weighted respondent linearization; clustering unavailable; approximate
WVS,1996,individual_responsibility,18-34,survey_coverage,8,valid,0.04666666666666667,0.007703221943549699,0.03156212308819973,0.06177121024513361,750,772,2811,750.0,750.0,True,Weighted respondent linearization; clustering unavailable; approximate
WVS,1996,individual_responsibility,18-34,survey_coverage,9,valid,0.02666666666666667,0.005883852752300592,0.015129557784476827,0.03820377554885651,750,772,2811,750.0,750.0,True,Weighted respondent linearization; clustering unavailable; approximate
WVS,1996,individual_responsibility,18-34,survey_coverage,10,valid,0.06133333333333333,0.008762955639403713,0.04415085484556522,0.07851581182110144,750,772,2811,750.0,750.0,True,Weighted respondent linearization; clustering unavailable; approximate
WVS,1996,individual_responsibility,35-54,survey_coverage,1,valid,0.32871652816251157,0.01427666543892516,0.30072272026528407,0.35671033605973906,1083,1121,2811,1083.0,1083.0,True,Weighted respondent linearization; clustering unavailable; approximate
WVS,1996,individual_responsibility,35-54,survey_coverage,2,valid,0.11080332409972299,0.009539779672427447,0.09209764239314686,0.12950900580629912,1083,1121,2811,1083.0,1083.0,True,Weighted respondent linearization; clustering unavailable; approximate
WVS,1996,individual_responsibility,35-54,survey_coverage,3,valid,0.12465373961218837,0.010039350823074252,0.10496849451372425,0.14433898471065248,1083,1121,2811,1083.0,1083.0,True,Weighted respondent linearization; clustering unavailable; approximate
WVS,1996,individual_responsibility,35-54,survey_coverage,4,valid,0.08494921514312095,0.008473548485575591,0.06833420868185694,0.10156422160438497,1083,1121,2811,1083.0,1083.0,True,Weighted respondent linearization; clustering unavailable; approximate
WVS,1996,individual_responsibility,35-54,survey_coverage,5,valid,0.1394275161588181,0.010527639568901986,0.11878483030448873,0.16007020201314748,1083,1121,2811,1083.0,1083.0,True,Weighted respondent linearization; clustering unavailable; approximate
WVS,1996,individual_responsibility,35-54,survey_coverage,6,valid,0.04339796860572484,0.0061924624899947055,0.03125573510608279,0.05554020210536689,1083,1121,2811,1083.0,1083.0,True,Weighted respondent linearization; clustering unavailable; approximate
WVS,1996,individual_responsibility,35-54,survey_coverage,7,valid,0.027700831024930747,0.0049878041343149465,0.017920701949109108,0.037480960100752386,1083,1121,2811,1083.0,1083.0,True,Weighted respondent linearization; clustering unavailable; approximate
WVS,1996,individual_responsibility,35-54,survey_coverage,8,valid,0.050784856879039705,0.006672867171735955,0.037700641763933965,0.06386907199414545,1083,1121,2811,1083.0,1083.0,True,Weighted respondent linearization; clustering unavailable; approximate
WVS,1996,individual_responsibility,35-54,survey_coverage,9,valid,0.032317636195752536,0.005374638285107029,0.021778999403147422,0.04285627298835765,1083,1121,2811,1083.0,1083.0,True,Weighted respondent linearization; clustering unavailable; approximate
WVS,1996,individual_responsibility,35-54,survey_coverage,10,valid,0.057248384118190214,0.0070606273997362865,0.0434038454261776,0.07109292281020282,1083,1121,2811,1083.0,1083.0,True,Weighted respondent linearization; clustering unavailable; approximate
WVS,1996,individual_responsibility,55+,survey_coverage,1,valid,0.4219114219114219,0.016863256836016714,0.38884580344410274,0.45497704037874104,858,918,2811,858.0,858.0,True,Weighted respondent linearization; clustering unavailable; approximate
WVS,1996,individual_responsibility,55+,survey_coverage,2,valid,0.14102564102564102,0.011884276844952944,0.11772284917846242,0.16432843287281965,858,918,2811,858.0,858.0,True,Weighted respondent linearization; clustering unavailable; approximate
WVS,1996,individual_responsibility,55+,survey_coverage,3,valid,0.13403263403263405,0.011632944554292826,0.11122265669408198,0.1568426113711861,858,918,2811,858.0,858.0,True,Weighted respondent linearization; clustering unavailable; approximate
WVS,1996,individual_responsibility,55+,survey_coverage,4,valid,0.07459207459207459,0.008971118003209273,0.0570014295580822,0.09218271962606699,858,918,2811,858.0,858.0,True,Weighted respondent linearization; clustering unavailable; approximate
WVS,1996,individual_responsibility,55+,survey_coverage,5,valid,0.11188811188811189,0.010763646674831122,0.09078266127866347,0.1329935624975603,858,918,2811,858.0,858.0,True,Weighted respondent linearization; clustering unavailable; approximate
WVS,1996,individual_responsibility,55+,survey_coverage,6,valid,0.030303030303030304,0.005853217578501648,0.01882599113206922,0.04178006947399139,858,918,2811,858.0,858.0,True,Weighted respondent linearization; clustering unavailable; approximate
WVS,1996,individual_responsibility,55+,survey_coverage,7,valid,0.019813519813519812,0.004758485931629202,0.010483039834035443,0.02914399979300418,858,918,2811,858.0,858.0,True,Weighted respondent linearization; clustering unavailable; approximate
WVS,1996,individual_responsibility,55+,survey_coverage,8,valid,0.024475524475524476,0.005276169115873371,0.014129966873513195,0.03482108207753576,858,918,2811,858.0,858.0,True,Weighted respondent linearization; clustering unavailable; approximate
WVS,1996,individual_responsibility,55+,survey_coverage,9,valid,0.015151515151515152,0.004171059275478665,0.0069728663917463934,0.02333016391128391,858,918,2811,858.0,858.0,True,Weighted respondent linearization; clustering unavailable; approximate
WVS,1996,individual_responsibility,55+,survey_coverage,10,valid,0.026806526806526808,0.005515101210687107,0.01599246910613391,0.037620584506919706,858,918,2811,858.0,858.0,True,Weighted respondent linearization; clustering unavailable; approximate
WVS,1996,individual_responsibility,All,exclude_crimea_donetsk_luhansk,1,valid,0.3444598980064905,0.01023342843572224,0.32439410386253237,0.36452569215044867,2157,2261,2811,2157.0,2157.0,True,Weighted respondent linearization; clustering unavailable; approximate
WVS,1996,individual_responsibility,All,exclude_crimea_donetsk_luhansk,2,valid,0.1261010662957812,0.007148948598818397,0.11208334663998298,0.1401187859515794,2157,2261,2811,2157.0,2157.0,True,Weighted respondent linearization; clustering unavailable; approximate
WVS,1996,individual_responsibility,All,exclude_crimea_donetsk_luhansk,3,valid,0.12424663885025498,0.007103713231545206,0.11031761709012601,0.13817566061038394,2157,2261,2811,2157.0,2157.0,True,Weighted respondent linearization; clustering unavailable; approximate
WVS,1996,individual_responsibility,All,exclude_crimea_donetsk_luhansk,4,valid,0.07974038015762633,0.0058337326759657065,0.06830154715047995,0.0911792131647727,2157,2261,2811,2157.0,2157.0,True,Weighted respondent linearization; clustering unavailable; approximate
WVS,1996,individual_responsibility,All,exclude_crimea_donetsk_luhansk,5,valid,0.1358368103847937,0.007378342469951882,0.12136929326131767,0.15030432750826972,2157,2261,2811,2157.0,2157.0,True,Weighted respondent linearization; clustering unavailable; approximate
WVS,1996,individual_responsibility,All,exclude_crimea_donetsk_luhansk,6,valid,0.04079740380157627,0.004260137598170415,0.032444089503562056,0.04915071809959048,2157,2261,2811,2157.0,2157.0,True,Weighted respondent linearization; clustering unavailable; approximate
WVS,1996,individual_responsibility,All,exclude_crimea_donetsk_luhansk,7,valid,0.028743625405656004,0.00359823814820368,0.0216881692194618,0.035799081591850204,2157,2261,2811,2157.0,2157.0,True,Weighted respondent linearization; clustering unavailable; approximate
WVS,1996,individual_responsibility,All,exclude_crimea_donetsk_luhansk,8,valid,0.0440426518312471,0.004418838999442653,0.03537815446606351,0.05270714919643069,2157,2261,2811,2157.0,2157.0,True,Weighted respondent linearization; clustering unavailable; approximate
WVS,1996,individual_responsibility,All,exclude_crimea_donetsk_luhansk,9,valid,0.02688919796012981,0.0034835517073093488,0.02005861992973095,0.033719775990528666,2157,2261,2811,2157.0,2157.0,True,Weighted respondent linearization; clustering unavailable; approximate
WVS,1996,individual_responsibility,All,exclude_crimea_donetsk_luhansk,10,valid,0.049142327306444133,0.004655194252785211,0.04001438253571076,0.058270272077177505,2157,2261,2811,2157.0,2157.0,True,Weighted respondent linearization; clustering unavailable; approximate
WVS,1996,individual_responsibility,18-34,exclude_crimea_donetsk_luhansk,1,valid,0.3327974276527331,0.018897350005970762,0.2957433418722062,0.36985151343326006,622,643,2811,622.0,622.0,True,Weighted respondent linearization; clustering unavailable; approximate
WVS,1996,individual_responsibility,18-34,exclude_crimea_donetsk_luhansk,2,valid,0.09807073954983923,0.011927187152965625,0.0746838088031076,0.12145767029657087,622,643,2811,622.0,622.0,True,Weighted respondent linearization; clustering unavailable; approximate
WVS,1996,individual_responsibility,18-34,exclude_crimea_donetsk_luhansk,3,valid,0.1189710610932476,0.012983680649807983,0.0935125488471948,0.1444295733393004,622,643,2811,622.0,622.0,True,Weighted respondent linearization; clustering unavailable; approximate
WVS,1996,individual_responsibility,18-34,exclude_crimea_donetsk_luhansk,4,valid,0.09003215434083602,0.011478731963297144,0.06752455837180855,0.11253975030986348,622,643,2811,622.0,622.0,True,Weighted respondent linearization; clustering unavailable; approximate
WVS,1996,individual_responsibility,18-34,exclude_crimea_donetsk_luhansk,5,valid,0.14790996784565916,0.014237165525004397,0.11999361171803324,0.17582632397328507,622,643,2811,622.0,622.0,True,Weighted respondent linearization; clustering unavailable; approximate
WVS,1996,individual_responsibility,18-34,exclude_crimea_donetsk_luhansk,6,valid,0.04180064308681672,0.00802604313875376,0.026063108943266102,0.05753817723036733,622,643,2811,622.0,622.0,True,Weighted respondent linearization; clustering unavailable; approximate
WVS,1996,individual_responsibility,18-34,exclude_crimea_donetsk_luhansk,7,valid,0.03858520900321544,0.0077241001944140875,0.02343972717159491,0.05373069083483596,622,643,2811,622.0,622.0,True,Weighted respondent linearization; clustering unavailable; approximate
WVS,1996,individual_responsibility,18-34,exclude_crimea_donetsk_luhansk,8,valid,0.04662379421221865,0.008455086041090595,0.0300449890702639,0.0632025993541734,622,643,2811,622.0,622.0,True,Weighted respondent linearization; clustering unavailable; approximate
WVS,1996,individual_responsibility,18-34,exclude_crimea_donetsk_luhansk,9,valid,0.028938906752411574,0.006722741428922035,0.01575689776655522,0.04212091573826793,622,643,2811,622.0,622.0,True,Weighted respondent linearization; clustering unavailable; approximate
WVS,1996,individual_responsibility,18-34,exclude_crimea_donetsk_luhansk,10,valid,0.05627009646302251,0.009241548746092053,0.03814918851167376,0.07439100441437126,622,643,2811,622.0,622.0,True,Weighted respondent linearization; clustering unavailable; approximate
WVS,1996,individual_responsibility,35-54,exclude_crimea_donetsk_luhansk,1,valid,0.31194690265486724,0.015411480589798649,0.2817279394881325,0.34216586582160197,904,936,2811,904.0,904.0,True,Weighted respondent linearization; clustering unavailable; approximate
WVS,1996,individual_responsibility,35-54,exclude_crimea_donetsk_luhansk,2,valid,0.11946902654867257,0.010789294032290054,0.09831328638100426,0.1406247667163409,904,936,2811,904.0,904.0,True,Weighted respondent linearization; clustering unavailable; approximate
WVS,1996,individual_responsibility,35-54,exclude_crimea_donetsk_luhansk,3,valid,0.12721238938053098,0.011084396152421173,0.10547801044764431,0.14894676831341763,904,936,2811,904.0,904.0,True,Weighted respondent linearization; clustering unavailable; approximate
WVS,1996,individual_responsibility,35-54,exclude_crimea_donetsk_luhansk,4,valid,0.08185840707964602,0.009119678394291663,0.06397646355813996,0.09974035060115208,904,936,2811,904.0,904.0,True,Weighted respondent linearization; clustering unavailable; approximate
WVS,1996,individual_responsibility,35-54,exclude_crimea_donetsk_luhansk,5,valid,0.1415929203539823,0.011597395357283791,0.11885264818546654,0.16433319252249806,904,936,2811,904.0,904.0,True,Weighted respondent linearization; clustering unavailable; approximate
WVS,1996,individual_responsibility,35-54,exclude_crimea_donetsk_luhansk,6,valid,0.04535398230088496,0.006921846169700658,0.03178156703362991,0.058926397568140006,904,936,2811,904.0,904.0,True,Weighted respondent linearization; clustering unavailable; approximate
WVS,1996,individual_responsibility,35-54,exclude_crimea_donetsk_luhansk,7,valid,0.025442477876106196,0.0052381326149029,0.0151715025710469,0.03571345318116549,904,936,2811,904.0,904.0,True,Weighted respondent linearization; clustering unavailable; approximate
WVS,1996,individual_responsibility,35-54,exclude_crimea_donetsk_luhansk,8,valid,0.051991150442477874,0.007385228841460969,0.03751013046275302,0.06647217042220273,904,936,2811,904.0,904.0,True,Weighted respondent linearization; clustering unavailable; approximate
WVS,1996,individual_responsibility,35-54,exclude_crimea_donetsk_luhansk,9,valid,0.034292035398230086,0.00605358417861891,0.022422115681269072,0.0461619551151911,904,936,2811,904.0,904.0,True,Weighted respondent linearization; clustering unavailable; approximate
WVS,1996,individual_responsibility,35-54,exclude_crimea_donetsk_luhansk,10,valid,0.06084070796460177,0.007951696709354115,0.04524895293672504,0.0764324629924785,904,936,2811,904.0,904.0,True,Weighted respondent linearization; clustering unavailable; approximate
WVS,1996,individual_responsibility,55+,exclude_crimea_donetsk_luhansk,1,valid,0.40253565768621236,0.019526335965088296,0.3642482508486841,0.4408230645237406,631,682,2811,631.0,631.0,True,Weighted respondent linearization; clustering unavailable; approximate
WVS,1996,individual_responsibility,55+,exclude_crimea_donetsk_luhansk,2,valid,0.16323296354992076,0.014715289060505577,0.1343790986979207,0.19208682840192082,631,682,2811,631.0,631.0,True,Weighted respondent linearization; clustering unavailable; approximate
WVS,1996,individual_responsibility,55+,exclude_crimea_donetsk_luhansk,3,valid,0.12519809825673534,0.013176992795722715,0.09936053789891666,0.151035658614554,631,682,2811,631.0,631.0,True,Weighted respondent linearization; clustering unavailable; approximate
WVS,1996,individual_responsibility,55+,exclude_crimea_donetsk_luhansk,4,valid,0.06656101426307448,0.009924657234668996,0.047100661335306354,0.08602136719084261,631,682,2811,631.0,631.0,True,Weighted respondent linearization; clustering unavailable; approximate
WVS,1996,individual_responsibility,55+,exclude_crimea_donetsk_luhansk,5,valid,0.11568938193343899,0.012735375468905267,0.09071774861326794,0.14066101525361002,631,682,2811,631.0,631.0,True,Weighted respondent linearization; clustering unavailable; approximate
WVS,1996,individual_responsibility,55+,exclude_crimea_donetsk_luhansk,6,valid,0.03328050713153724,0.0071418017246401054,0.019276801127853297,0.04728421313522119,631,682,2811,631.0,631.0,True,Weighted respondent linearization; clustering unavailable; approximate
WVS,1996,individual_responsibility,55+,exclude_crimea_donetsk_luhansk,7,valid,0.02377179080824089,0.006065536347913142,0.011878435175336533,0.03566514644114524,631,682,2811,631.0,631.0,True,Weighted respondent linearization; clustering unavailable; approximate
WVS,1996,individual_responsibility,55+,exclude_crimea_donetsk_luhansk,8,valid,0.030110935023771792,0.00680433575687218,0.016768935180672816,0.04345293486687077,631,682,2811,631.0,631.0,True,Weighted respondent linearization; clustering unavailable; approximate
WVS,1996,individual_responsibility,55+,exclude_crimea_donetsk_luhansk,9,valid,0.014263074484944533,0.00472117035060117,0.005005763216413078,0.023520385753475988,631,682,2811,631.0,631.0,True,Weighted respondent linearization; clustering unavailable; approximate
WVS,1996,individual_responsibility,55+,exclude_crimea_donetsk_luhansk,10,valid,0.025356576862123614,0.00625937214954882,0.013083146328829717,0.03763000739541751,631,682,2811,631.0,631.0,True,Weighted respondent linearization; clustering unavailable; approximate
WVS,1996,income_incentives,All,survey_coverage,1,valid,0.07050528789659224,0.005067411378957826,0.06056906425349971,0.08044151153968478,2553,2811,2811,2553.0,2553.0,True,Weighted respondent linearization; clustering unavailable; approximate
WVS,1996,income_incentives,All,survey_coverage,2,valid,0.02624363493928711,0.0031643827191796393,0.02003888619505301,0.032448383683521216,2553,2811,2811,2553.0,2553.0,True,Weighted respondent linearization; clustering unavailable; approximate
WVS,1996,income_incentives,All,survey_coverage,3,valid,0.05248726987857422,0.004414396857870337,0.04383148270264033,0.061143057054508114,2553,2811,2811,2553.0,2553.0,True,Weighted respondent linearization; clustering unavailable; approximate
WVS,1996,income_incentives,All,survey_coverage,4,valid,0.05601253427340384,0.004551741403480432,0.047087440735841674,0.064937627810966,2553,2811,2811,2553.0,2553.0,True,Weighted respondent linearization; clustering unavailable; approximate
WVS,1996,income_incentives,All,survey_coverage,5,valid,0.16137877007442225,0.007282122532518844,0.1470999218285568,0.1756576183202877,2553,2811,2811,2553.0,2553.0,True,Weighted respondent linearization; clustering unavailable; approximate
WVS,1996,income_incentives,All,survey_coverage,6,valid,0.09009009009009009,0.005667474353807448,0.07897725782532464,0.10120292235485553,2553,2811,2811,2553.0,2553.0,True,Weighted respondent linearization; clustering unavailable; approximate
WVS,1996,income_incentives,All,survey_coverage,7,valid,0.09596553074813945,0.0058304487881295506,0.08453313681639445,0.10739792467988445,2553,2811,2811,2553.0,2553.0,True,Weighted respondent linearization; clustering unavailable; approximate
WVS,1996,income_incentives,All,survey_coverage,8,valid,0.12573443008225618,0.006562973519879598,0.11286569538114152,0.13860316478337084,2553,2811,2811,2553.0,2553.0,True,Weighted respondent linearization; clustering unavailable; approximate
WVS,1996,income_incentives,All,survey_coverage,9,valid,0.07403055229142186,0.005182695326271847,0.06386827889682757,0.08419282568601615,2553,2811,2811,2553.0,2553.0,True,Weighted respondent linearization; clustering unavailable; approximate
WVS,1996,income_incentives,All,survey_coverage,10,valid,0.24755189972581276,0.008543252891044784,0.23080021626916472,0.2643035831824608,2553,2811,2811,2553.0,2553.0,True,Weighted respondent linearization; clustering unavailable; approximate
WVS,1996,income_incentives,18-34,survey_coverage,1,valid,0.053445850914205346,0.008436691954459435,0.036903113054894465,0.06998858877351623,711,772,2811,711.0,711.0,True,Weighted respondent linearization; clustering unavailable; approximate
WVS,1996,income_incentives,18-34,survey_coverage,2,valid,0.015471167369901548,0.004629330894775465,0.006393935693118533,0.024548399046684564,711,772,2811,711.0,711.0,True,Weighted respondent linearization; clustering unavailable; approximate
WVS,1996,income_incentives,18-34,survey_coverage,3,valid,0.03234880450070324,0.006636376226538729,0.019336141143548924,0.04536146785785755,711,772,2811,711.0,711.0,True,Weighted respondent linearization; clustering unavailable; approximate
WVS,1996,income_incentives,18-34,survey_coverage,4,valid,0.04781997187060478,0.008003992160961293,0.03212567547321478,0.06351426826799478,711,772,2811,711.0,711.0,True,Weighted respondent linearization; clustering unavailable; approximate
WVS,1996,income_incentives,18-34,survey_coverage,5,valid,0.15471167369901548,0.013564582782550658,0.12811412357463914,0.18130922382339182,711,772,2811,711.0,711.0,True,Weighted respondent linearization; clustering unavailable; approximate
WVS,1996,income_incentives,18-34,survey_coverage,6,valid,0.08860759493670886,0.01065934796054351,0.06770665413973631,0.10950853573368141,711,772,2811,711.0,711.0,True,Weighted respondent linearization; clustering unavailable; approximate
WVS,1996,income_incentives,18-34,survey_coverage,7,valid,0.10267229254571027,0.011385303998330973,0.08034789093076222,0.12499669416065831,711,772,2811,711.0,711.0,True,Weighted respondent linearization; clustering unavailable; approximate
WVS,1996,income_incentives,18-34,survey_coverage,8,valid,0.14767932489451477,0.013307725172992993,0.1215854233713933,0.17377322641763623,711,772,2811,711.0,711.0,True,Weighted respondent linearization; clustering unavailable; approximate
WVS,1996,income_incentives,18-34,survey_coverage,9,valid,0.0829817158931083,0.010347195755296341,0.0626928458143134,0.10327058597190318,711,772,2811,711.0,711.0,True,Weighted respondent linearization; clustering unavailable; approximate
WVS,1996,income_incentives,18-34,survey_coverage,10,valid,0.2742616033755274,0.01673458775384946,0.24144828034679733,0.3070749264042575,711,772,2811,711.0,711.0,True,Weighted respondent linearization; clustering unavailable; approximate
WVS,1996,income_incentives,35-54,survey_coverage,1,valid,0.06118546845124283,0.007411830295072414,0.04665228811338873,0.07571864878909693,1046,1121,2811,1046.0,1046.0,True,Weighted respondent linearization; clustering unavailable; approximate
WVS,1996,income_incentives,35-54,survey_coverage,2,valid,0.027724665391969407,0.0050773746628467314,0.017768905656474578,0.03768042512746424,1046,1121,2811,1046.0,1046.0,True,Weighted respondent linearization; clustering unavailable; approximate
WVS,1996,income_incentives,35-54,survey_coverage,3,valid,0.04397705544933078,0.0063410131217741415,0.03154354259829991,0.05641056830036165,1046,1121,2811,1046.0,1046.0,True,Weighted respondent linearization; clustering unavailable; approximate
WVS,1996,income_incentives,35-54,survey_coverage,4,valid,0.05736137667304015,0.007191075007024303,0.04326105519514552,0.07146169815093478,1046,1121,2811,1046.0,1046.0,True,Weighted respondent linearization; clustering unavailable; approximate
WVS,1996,income_incentives,35-54,survey_coverage,5,valid,0.14340344168260039,0.010838754272208664,0.12215071945278629,0.1646561639124145,1046,1121,2811,1046.0,1046.0,True,Weighted respondent linearization; clustering unavailable; approximate
WVS,1996,income_incentives,35-54,survey_coverage,6,valid,0.08604206500956023,0.008672213015794406,0.06903751543553435,0.1030466145835861,1046,1121,2811,1046.0,1046.0,True,Weighted respondent linearization; clustering unavailable; approximate
WVS,1996,income_incentives,35-54,survey_coverage,7,valid,0.0965583173996176,0.009133901570161456,0.0786484849530197,0.11446814984621549,1046,1121,2811,1046.0,1046.0,True,Weighted respondent linearization; clustering unavailable; approximate
WVS,1996,income_incentives,35-54,survey_coverage,8,valid,0.13862332695984703,0.010686269748105177,0.11766959769119141,0.15957705622850266,1046,1121,2811,1046.0,1046.0,True,Weighted respondent linearization; clustering unavailable; approximate
WVS,1996,income_incentives,35-54,survey_coverage,9,valid,0.08221797323135756,0.008495023374602355,0.06556085862371991,0.09887508783899521,1046,1121,2811,1046.0,1046.0,True,Weighted respondent linearization; clustering unavailable; approximate
WVS,1996,income_incentives,35-54,survey_coverage,10,valid,0.26290630975143403,0.013613608969650932,0.23621262865939655,0.28959999084347154,1046,1121,2811,1046.0,1046.0,True,Weighted respondent linearization; clustering unavailable; approximate
WVS,1996,income_incentives,55+,survey_coverage,1,valid,0.09798994974874371,0.010539431479940313,0.07732414221423208,0.11865575728325535,796,918,2811,796.0,796.0,True,Weighted respondent linearization; clustering unavailable; approximate
WVS,1996,income_incentives,55+,survey_coverage,2,valid,0.03391959798994975,0.0064173054788760914,0.02133649043153604,0.04650270554836346,796,918,2811,796.0,796.0,True,Weighted respondent linearization; clustering unavailable; approximate
WVS,1996,income_incentives,55+,survey_coverage,3,valid,0.08165829145728644,0.009707849347214536,0.06262305729257737,0.1006935256219955,796,918,2811,796.0,796.0,True,Weighted respondent linearization; clustering unavailable; approximate
WVS,1996,income_incentives,55+,survey_coverage,4,valid,0.06155778894472362,0.00852051807678261,0.044850684106644265,0.07826489378280298,796,918,2811,796.0,796.0,True,Weighted respondent linearization; clustering unavailable; approximate
WVS,1996,income_incentives,55+,survey_coverage,5,valid,0.19095477386934673,0.013933890358973279,0.1636330822853563,0.21827646545333715,796,918,2811,796.0,796.0,True,Weighted respondent linearization; clustering unavailable; approximate
WVS,1996,income_incentives,55+,survey_coverage,6,valid,0.09673366834170855,0.0104789427827151,0.07618646756290748,0.11728086912050961,796,918,2811,796.0,796.0,True,Weighted respondent linearization; clustering unavailable; approximate
WVS,1996,income_incentives,55+,survey_coverage,7,valid,0.08919597989949749,0.010104290851915596,0.06938339983615645,0.10900855996283852,796,918,2811,796.0,796.0,True,Weighted respondent linearization; clustering unavailable; approximate
WVS,1996,income_incentives,55+,survey_coverage,8,valid,0.08919597989949749,0.010104290851915596,0.06938339983615645,0.10900855996283852,796,918,2811,796.0,796.0,True,Weighted respondent linearization; clustering unavailable; approximate
WVS,1996,income_incentives,55+,survey_coverage,9,valid,0.05527638190954774,0.00810107997825148,0.03939171488828837,0.07116104893080712,796,918,2811,796.0,796.0,True,Weighted respondent linearization; clustering unavailable; approximate
WVS,1996,income_incentives,55+,survey_coverage,10,valid,0.20351758793969849,0.014272820285393856,0.1755313196524556,0.23150385622694136,796,918,2811,796.0,796.0,True,Weighted respondent linearization; clustering unavailable; approximate
WVS,1996,income_incentives,All,exclude_crimea_donetsk_luhansk,1,valid,0.0689149560117302,0.00560113274104943,0.05793220694959249,0.07989770507386791,2046,2261,2811,2046.0,2046.0,True,Weighted respondent linearization; clustering unavailable; approximate
WVS,1996,income_incentives,All,exclude_crimea_donetsk_luhansk,2,valid,0.02297165200391007,0.0033126392614112143,0.016476200561591985,0.029467103446228153,2046,2261,2811,2046.0,2046.0,True,Weighted respondent linearization; clustering unavailable; approximate
WVS,1996,income_incentives,All,exclude_crimea_donetsk_luhansk,3,valid,0.045454545454545456,0.004605867229913209,0.036423321532831635,0.05448576937625928,2046,2261,2811,2046.0,2046.0,True,Weighted respondent linearization; clustering unavailable; approximate
WVS,1996,income_incentives,All,exclude_crimea_donetsk_luhansk,4,valid,0.04643206256109482,0.004652745054008592,0.03730892020030431,0.05555520492188533,2046,2261,2811,2046.0,2046.0,True,Weighted respondent linearization; clustering unavailable; approximate
WVS,1996,income_incentives,All,exclude_crimea_donetsk_luhansk,5,valid,0.15640273704789834,0.008031824376403615,0.14065386700403748,0.1721516070917592,2046,2261,2811,2046.0,2046.0,True,Weighted respondent linearization; clustering unavailable; approximate
WVS,1996,income_incentives,All,exclude_crimea_donetsk_luhansk,6,valid,0.09090909090909091,0.006356700692533356,0.07844481773492391,0.10337336408325791,2046,2261,2811,2046.0,2046.0,True,Weighted respondent linearization; clustering unavailable; approximate
WVS,1996,income_incentives,All,exclude_crimea_donetsk_luhansk,7,valid,0.10117302052785923,0.006667988714755931,0.08809837113299243,0.11424766992272603,2046,2261,2811,2046.0,2046.0,True,Weighted respondent linearization; clustering unavailable; approximate
WVS,1996,income_incentives,All,exclude_crimea_donetsk_luhansk,8,valid,0.13196480938416422,0.0074838001526830915,0.11729050993295953,0.1466391088353689,2046,2261,2811,2046.0,2046.0,True,Weighted respondent linearization; clustering unavailable; approximate
WVS,1996,income_incentives,All,exclude_crimea_donetsk_luhansk,9,valid,0.08113391984359726,0.006037425537651642,0.06929568412827186,0.09297215555892266,2046,2261,2811,2046.0,2046.0,True,Weighted respondent linearization; clustering unavailable; approximate
WVS,1996,income_incentives,All,exclude_crimea_donetsk_luhansk,10,valid,0.2546432062561095,0.009633244923353334,0.2357542570848247,0.2735321554273943,2046,2261,2811,2046.0,2046.0,True,Weighted respondent linearization; clustering unavailable; approximate
WVS,1996,income_incentives,18-34,exclude_crimea_donetsk_luhansk,1,valid,0.05432937181663837,0.00934129112863598,0.03601288814712972,0.07264585548614702,589,643,2811,589.0,589.0,True,Weighted respondent linearization; clustering unavailable; approximate
WVS,1996,income_incentives,18-34,exclude_crimea_donetsk_luhansk,2,valid,0.015280135823429542,0.005055214315109968,0.005367828287619052,0.025192443359240032,589,643,2811,589.0,589.0,True,Weighted respondent linearization; clustering unavailable; approximate
WVS,1996,income_incentives,18-34,exclude_crimea_donetsk_luhansk,3,valid,0.030560271646859084,0.007093468219774701,0.01665133839357614,0.04446920490014203,589,643,2811,589.0,589.0,True,Weighted respondent linearization; clustering unavailable; approximate
WVS,1996,income_incentives,18-34,exclude_crimea_donetsk_luhansk,4,valid,0.044142614601018676,0.008465355328284041,0.02754367335276063,0.06074155584927672,589,643,2811,589.0,589.0,True,Weighted respondent linearization; clustering unavailable; approximate
WVS,1996,income_incentives,18-34,exclude_crimea_donetsk_luhansk,5,valid,0.15619694397283532,0.014961544502560027,0.12686021934044678,0.18553366860522386,589,643,2811,589.0,589.0,True,Weighted respondent linearization; clustering unavailable; approximate
WVS,1996,income_incentives,18-34,exclude_crimea_donetsk_luhansk,6,valid,0.0933786078098472,0.011991024599479762,0.06986650405111139,0.11689071156858302,589,643,2811,589.0,589.0,True,Weighted respondent linearization; clustering unavailable; approximate
WVS,1996,income_incentives,18-34,exclude_crimea_donetsk_luhansk,7,valid,0.10865874363327674,0.012825489792420933,0.08351041337556955,0.13380707389098392,589,643,2811,589.0,589.0,True,Weighted respondent linearization; clustering unavailable; approximate
WVS,1996,income_incentives,18-34,exclude_crimea_donetsk_luhansk,8,valid,0.14091680814940577,0.014338992093524279,0.11280078961390361,0.16903282668490793,589,643,2811,589.0,589.0,True,Weighted respondent linearization; clustering unavailable; approximate
WVS,1996,income_incentives,18-34,exclude_crimea_donetsk_luhansk,9,valid,0.0865874363327674,0.011589922890659708,0.06386181624082286,0.10931305642471194,589,643,2811,589.0,589.0,True,Weighted respondent linearization; clustering unavailable; approximate
WVS,1996,income_incentives,18-34,exclude_crimea_donetsk_luhansk,10,valid,0.2699490662139219,0.01829519785741285,0.23407568552477254,0.30582244690307125,589,643,2811,589.0,589.0,True,Weighted respondent linearization; clustering unavailable; approximate
WVS,1996,income_incentives,35-54,exclude_crimea_donetsk_luhansk,1,valid,0.06077981651376147,0.00809249465322528,0.044911983671361774,0.07664764935616117,872,936,2811,872.0,872.0,True,Weighted respondent linearization; clustering unavailable; approximate
WVS,1996,income_incentives,35-54,exclude_crimea_donetsk_luhansk,2,valid,0.02522935779816514,0.005311575251695031,0.014814375541719332,0.035644340054610944,872,936,2811,872.0,872.0,True,Weighted respondent linearization; clustering unavailable; approximate
WVS,1996,income_incentives,35-54,exclude_crimea_donetsk_luhansk,3,valid,0.04128440366972477,0.006738402123670616,0.02807168705944419,0.054497120280005355,872,936,2811,872.0,872.0,True,Weighted respondent linearization; clustering unavailable; approximate
WVS,1996,income_incentives,35-54,exclude_crimea_donetsk_luhansk,4,valid,0.051605504587155966,0.007493100320124125,0.036912969287960715,0.06629803988635122,872,936,2811,872.0,872.0,True,Weighted respondent linearization; clustering unavailable; approximate
WVS,1996,income_incentives,35-54,exclude_crimea_donetsk_luhansk,5,valid,0.13761467889908258,0.011668152020661245,0.11473566645886185,0.1604936913393033,872,936,2811,872.0,872.0,True,Weighted respondent linearization; clustering unavailable; approximate
WVS,1996,income_incentives,35-54,exclude_crimea_donetsk_luhansk,6,valid,0.08142201834862385,0.009262921164711568,0.06325920317575386,0.09958483352149385,872,936,2811,872.0,872.0,True,Weighted respondent linearization; clustering unavailable; approximate
WVS,1996,income_incentives,35-54,exclude_crimea_donetsk_luhansk,7,valid,0.09862385321100918,0.010098643336935767,0.07882234684342143,0.11842535957859693,872,936,2811,872.0,872.0,True,Weighted respondent linearization; clustering unavailable; approximate
WVS,1996,income_incentives,35-54,exclude_crimea_donetsk_luhansk,8,valid,0.15022935779816513,0.012101725208530686,0.12650019133685814,0.1739585242594721,872,936,2811,872.0,872.0,True,Weighted respondent linearization; clustering unavailable; approximate
WVS,1996,income_incentives,35-54,exclude_crimea_donetsk_luhansk,9,valid,0.08830275229357798,0.009610178677314346,0.06945903161512915,0.10714647297202681,872,936,2811,872.0,872.0,True,Weighted respondent linearization; clustering unavailable; approximate
WVS,1996,income_incentives,35-54,exclude_crimea_donetsk_luhansk,10,valid,0.26490825688073394,0.014946432328586681,0.2356011643285345,0.29421534943293337,872,936,2811,872.0,872.0,True,Weighted respondent linearization; clustering unavailable; approximate
WVS,1996,income_incentives,55+,exclude_crimea_donetsk_luhansk,1,valid,0.09572649572649573,0.012166490273180045,0.07187033737159834,0.11958265408139312,585,682,2811,585.0,585.0,True,Weighted respondent linearization; clustering unavailable; approximate
WVS,1996,income_incentives,55+,exclude_crimea_donetsk_luhansk,2,valid,0.02735042735042735,0.006744652647832146,0.01412545465882418,0.04057540004203052,585,682,2811,585.0,585.0,True,Weighted respondent linearization; clustering unavailable; approximate
WVS,1996,income_incentives,55+,exclude_crimea_donetsk_luhansk,3,valid,0.06666666666666667,0.01031506784030482,0.04644079327881888,0.08689254005451445,585,682,2811,585.0,585.0,True,Weighted respondent linearization; clustering unavailable; approximate
WVS,1996,income_incentives,55+,exclude_crimea_donetsk_luhansk,4,valid,0.041025641025641026,0.008202203029810848,0.024942691058588422,0.05710859099269363,585,682,2811,585.0,585.0,True,Weighted respondent linearization; clustering unavailable; approximate
WVS,1996,income_incentives,55+,exclude_crimea_donetsk_luhansk,5,valid,0.18461538461538463,0.016044069366740077,0.15315603595559504,0.2160747332751742,585,682,2811,585.0,585.0,True,Weighted respondent linearization; clustering unavailable; approximate
WVS,1996,income_incentives,55+,exclude_crimea_donetsk_luhansk,6,valid,0.10256410256410256,0.012545810997891241,0.0779641688826467,0.12716403624555842,585,682,2811,585.0,585.0,True,Weighted respondent linearization; clustering unavailable; approximate
WVS,1996,income_incentives,55+,exclude_crimea_donetsk_luhansk,7,valid,0.09743589743589744,0.01226303175402793,0.07339043971830705,0.12148135515348782,585,682,2811,585.0,585.0,True,Weighted respondent linearization; clustering unavailable; approximate
WVS,1996,income_incentives,55+,exclude_crimea_donetsk_luhansk,8,valid,0.09572649572649573,0.012166490273180045,0.07187033737159834,0.11958265408139312,585,682,2811,585.0,585.0,True,Weighted respondent linearization; clustering unavailable; approximate
WVS,1996,income_incentives,55+,exclude_crimea_donetsk_luhansk,9,valid,0.06495726495726496,0.010191284492373779,0.044974107018460996,0.08494042289606893,585,682,2811,585.0,585.0,True,Weighted respondent linearization; clustering unavailable; approximate
WVS,1996,income_incentives,55+,exclude_crimea_donetsk_luhansk,10,valid,0.22393162393162394,0.017238800272380814,0.1901296366770964,0.25773361118615146,585,682,2811,585.0,585.0,True,Weighted respondent linearization; clustering unavailable; approximate
WVS,2006,private_ownership,All,survey_coverage,1,valid,0.21803565002968828,0.015407999079842536,0.18779989460220722,0.24827140545716933,947,1000,1000,724.5475165540121,941.451446,True,Weighted respondent linearization; clustering unavailable; approximate
WVS,2006,private_ownership,All,survey_coverage,2,valid,0.10454436542444907,0.011378335129511405,0.08221618664113761,0.12687254420776053,947,1000,1000,724.5475165540121,941.451446,True,Weighted respondent linearization; clustering unavailable; approximate
WVS,2006,private_ownership,All,survey_coverage,3,valid,0.12905938220843732,0.012540808740942721,0.10445003325994065,0.153668731156934,947,1000,1000,724.5475165540121,941.451446,True,Weighted respondent linearization; clustering unavailable; approximate
WVS,2006,private_ownership,All,survey_coverage,4,valid,0.09173121393240709,0.011230522009790307,0.06969309496242382,0.11376933290239036,947,1000,1000,724.5475165540121,941.451446,True,Weighted respondent linearization; clustering unavailable; approximate
WVS,2006,private_ownership,All,survey_coverage,5,valid,0.12355664170916787,0.012105105812105475,0.0998022906826658,0.14731099273566994,947,1000,1000,724.5475165540121,941.451446,True,Weighted respondent linearization; clustering unavailable; approximate
WVS,2006,private_ownership,All,survey_coverage,6,valid,0.14810081028862745,0.013488863033007841,0.12163105509540587,0.17457056548184904,947,1000,1000,724.5475165540121,941.451446,True,Weighted respondent linearization; clustering unavailable; approximate
WVS,2006,private_ownership,All,survey_coverage,7,valid,0.053590099855239895,0.00802079947180585,0.037850552500278,0.0693296472102018,947,1000,1000,724.5475165540121,941.451446,True,Weighted respondent linearization; clustering unavailable; approximate
WVS,2006,private_ownership,All,survey_coverage,8,valid,0.06017273353893176,0.008611615644544272,0.04327380311229708,0.07707166396556644,947,1000,1000,724.5475165540121,941.451446,True,Weighted respondent linearization; clustering unavailable; approximate
WVS,2006,private_ownership,All,survey_coverage,9,valid,0.03352671147737554,0.006214957450842518,0.021330842792407018,0.04572258016234407,947,1000,1000,724.5475165540121,941.451446,True,Weighted respondent linearization; clustering unavailable; approximate
WVS,2006,private_ownership,All,survey_coverage,10,valid,0.03768239153567565,0.006472064175020922,0.024981991665915644,0.05038279140543566,947,1000,1000,724.5475165540121,941.451446,True,Weighted respondent linearization; clustering unavailable; approximate
WVS,2006,private_ownership,18-34,survey_coverage,1,valid,0.14799750726297886,0.019339818694954495,0.11004617918706586,0.18594883533889187,372,384,1000,316.7874291434646,302.05512799999997,True,Weighted respondent linearization; clustering unavailable; approximate
WVS,2006,private_ownership,18-34,survey_coverage,2,valid,0.07388601593282668,0.014032066191435731,0.046350310660003405,0.10142172120564995,372,384,1000,316.7874291434646,302.05512799999997,True,Weighted respondent linearization; clustering unavailable; approximate
WVS,2006,private_ownership,18-34,survey_coverage,3,valid,0.11684643208573503,0.018032705418311704,0.08146010658697617,0.1522327575844939,372,384,1000,316.7874291434646,302.05512799999997,True,Weighted respondent linearization; clustering unavailable; approximate
WVS,2006,private_ownership,18-34,survey_coverage,4,valid,0.05929151449466537,0.013495721555139945,0.03280830053910186,0.08577472845022888,372,384,1000,316.7874291434646,302.05512799999997,True,Weighted respondent linearization; clustering unavailable; approximate
WVS,2006,private_ownership,18-34,survey_coverage,5,valid,0.16833181193335017,0.021847783985604705,0.12545899958451065,0.2112046242821897,372,384,1000,316.7874291434646,302.05512799999997,True,Weighted respondent linearization; clustering unavailable; approximate
WVS,2006,private_ownership,18-34,survey_coverage,6,valid,0.19514696006088,0.02272730009517888,0.15054823678448828,0.23974568333727173,372,384,1000,316.7874291434646,302.05512799999997,True,Weighted respondent linearization; clustering unavailable; approximate
WVS,2006,private_ownership,18-34,survey_coverage,7,valid,0.07270809188182364,0.014022532101962765,0.04519109574806733,0.10022508801557996,372,384,1000,316.7874291434646,302.05512799999997,True,Weighted respondent linearization; clustering unavailable; approximate
WVS,2006,private_ownership,18-34,survey_coverage,8,valid,0.05497064760973037,0.01229267966690278,0.03084821263093492,0.07909308258852582,372,384,1000,316.7874291434646,302.05512799999997,True,Weighted respondent linearization; clustering unavailable; approximate
WVS,2006,private_ownership,18-34,survey_coverage,9,valid,0.05243043250038782,0.013075621852922738,0.02677159760829495,0.07808926739248069,372,384,1000,316.7874291434646,302.05512799999997,True,Weighted respondent linearization; clustering unavailable; approximate
WVS,2006,private_ownership,18-34,survey_coverage,10,valid,0.058390586237622166,0.012639666428558637,0.033587244749964995,0.08319392772527934,372,384,1000,316.7874291434646,302.05512799999997,True,Weighted respondent linearization; clustering unavailable; approximate
WVS,2006,private_ownership,35-54,survey_coverage,1,valid,0.2060195885265425,0.022513613574105862,0.16184019117013776,0.25019898588294726,355,374,1000,304.0945032759434,348.041696,True,Weighted respondent linearization; clustering unavailable; approximate
WVS,2006,private_ownership,35-54,survey_coverage,2,valid,0.10322395394832233,0.01621786215853308,0.07139897062368565,0.13504893727295902,355,374,1000,304.0945032759434,348.041696,True,Weighted respondent linearization; clustering unavailable; approximate
WVS,2006,private_ownership,35-54,survey_coverage,3,valid,0.13528986193654224,0.01962432097119712,0.0967802432481715,0.173799480624913,355,374,1000,304.0945032759434,348.041696,True,Weighted respondent linearization; clustering unavailable; approximate
WVS,2006,private_ownership,35-54,survey_coverage,4,valid,0.09815205589619927,0.01674328985223169,0.06529600402339009,0.13100810776900845,355,374,1000,304.0945032759434,348.041696,True,Weighted respondent linearization; clustering unavailable; approximate
WVS,2006,private_ownership,35-54,survey_coverage,5,valid,0.12180398350891843,0.01965555752803596,0.08323306802995978,0.16037489898787707,355,374,1000,304.0945032759434,348.041696,True,Weighted respondent linearization; clustering unavailable; approximate
WVS,2006,private_ownership,35-54,survey_coverage,6,valid,0.14223723355261433,0.020677427389905412,0.10166106047582654,0.18281340662940213,355,374,1000,304.0945032759434,348.041696,True,Weighted respondent linearization; clustering unavailable; approximate
WVS,2006,private_ownership,35-54,survey_coverage,7,valid,0.05859618038408823,0.014173570248228427,0.03078279583370207,0.0864095649344744,355,374,1000,304.0945032759434,348.041696,True,Weighted respondent linearization; clustering unavailable; approximate
WVS,2006,private_ownership,35-54,survey_coverage,8,valid,0.06587695458190158,0.01411216016860193,0.038184077576898005,0.09356983158690516,355,374,1000,304.0945032759434,348.041696,True,Weighted respondent linearization; clustering unavailable; approximate
WVS,2006,private_ownership,35-54,survey_coverage,9,valid,0.03800857814461403,0.011422926529898403,0.015592895807513153,0.06042426048171491,355,374,1000,304.0945032759434,348.041696,True,Weighted respondent linearization; clustering unavailable; approximate
WVS,2006,private_ownership,35-54,survey_coverage,10,valid,0.03079160952025702,0.01035380402870239,0.010473910594283774,0.05110930844623027,355,374,1000,304.0945032759434,348.041696,True,Weighted respondent linearization; clustering unavailable; approximate
WVS,2006,private_ownership,55+,survey_coverage,1,valid,0.3050000181565681,0.036055888790385494,0.23424605266517784,0.3757539836479583,220,242,1000,158.0947587980922,291.35462199999995,True,Weighted respondent linearization; clustering unavailable; approximate
WVS,2006,private_ownership,55+,survey_coverage,2,valid,0.13790601200759398,0.027438806574213354,0.08406170422299404,0.19175031979219392,220,242,1000,158.0947587980922,291.35462199999995,True,Weighted respondent linearization; clustering unavailable; approximate
WVS,2006,private_ownership,55+,survey_coverage,3,valid,0.13427816841017887,0.02724116042341466,0.08082170986192463,0.1877346269584331,220,242,1000,158.0947587980922,291.35462199999995,True,Weighted respondent linearization; clustering unavailable; approximate
WVS,2006,private_ownership,55+,survey_coverage,4,valid,0.11769221220729427,0.02664965934910743,0.0653964807414581,0.16998794367313044,220,242,1000,158.0947587980922,291.35462199999995,True,Weighted respondent linearization; clustering unavailable; approximate
WVS,2006,private_ownership,55+,survey_coverage,5,valid,0.07923068747472968,0.02095595513241645,0.03810794786073657,0.12035342708872279,220,242,1000,158.0947587980922,291.35462199999995,True,Weighted respondent linearization; clustering unavailable; approximate
WVS,2006,private_ownership,55+,survey_coverage,6,valid,0.10633122545761434,0.02694880861659293,0.05344846098112367,0.15921398993410502,220,242,1000,158.0947587980922,291.35462199999995,True,Weighted respondent linearization; clustering unavailable; approximate
WVS,2006,private_ownership,55+,survey_coverage,7,valid,0.027789883491191023,0.012979726309797225,0.0023192283993112607,0.05326053858307078,220,242,1000,158.0947587980922,291.35462199999995,True,Weighted respondent linearization; clustering unavailable; approximate
WVS,2006,private_ownership,55+,survey_coverage,8,valid,0.05875181894317092,0.018091134367967738,0.023250835893971547,0.0942528019923703,220,242,1000,158.0947587980922,291.35462199999995,True,Weighted respondent linearization; clustering unavailable; approximate
WVS,2006,private_ownership,55+,survey_coverage,9,valid,0.008574842516141722,0.005089067818137522,0.0,0.018561331294192924,220,242,1000,158.0947587980922,291.35462199999995,True,Weighted respondent linearization; clustering unavailable; approximate
WVS,2006,private_ownership,55+,survey_coverage,10,valid,0.02444513133551731,0.010470152953918089,0.0038991160896349845,0.04499114658139963,220,242,1000,158.0947587980922,291.35462199999995,True,Weighted respondent linearization; clustering unavailable; approximate
WVS,2006,competition,All,survey_coverage,1,valid,0.05442630503127258,0.007698600642242191,0.03931902179829213,0.06953358826425304,938,1000,1000,714.6452769729699,932.695063,True,Weighted respondent linearization; clustering unavailable; approximate
WVS,2006,competition,All,survey_coverage,2,valid,0.04807444552754108,0.008698530110994087,0.03100495923981964,0.06514393181526253,938,1000,1000,714.6452769729699,932.695063,True,Weighted respondent linearization; clustering unavailable; approximate
WVS,2006,competition,All,survey_coverage,3,valid,0.06875942367886212,0.009428491824596555,0.050257503255498534,0.0872613441022257,938,1000,1000,714.6452769729699,932.695063,True,Weighted respondent linearization; clustering unavailable; approximate
WVS,2006,competition,All,survey_coverage,4,valid,0.051844102020297704,0.007697910929918233,0.03673817223840681,0.0669500318021886,938,1000,1000,714.6452769729699,932.695063,True,Weighted respondent linearization; clustering unavailable; approximate
WVS,2006,competition,All,survey_coverage,5,valid,0.1040007960243701,0.012030262768287506,0.08039331260582945,0.12760827944291073,938,1000,1000,714.6452769729699,932.695063,True,Weighted respondent linearization; clustering unavailable; approximate
WVS,2006,competition,All,survey_coverage,6,valid,0.17235612085576138,0.014595814717837831,0.1437141484759264,0.20099809323559636,938,1000,1000,714.6452769729699,932.695063,True,Weighted respondent linearization; clustering unavailable; approximate
WVS,2006,competition,All,survey_coverage,7,valid,0.1232760036599443,0.01160457445258481,0.10050386607282713,0.14604814124706147,938,1000,1000,714.6452769729699,932.695063,True,Weighted respondent linearization; clustering unavailable; approximate
WVS,2006,competition,All,survey_coverage,8,valid,0.11547770677971304,0.011043894864407221,0.09380581399488798,0.13714959956453812,938,1000,1000,714.6452769729699,932.695063,True,Weighted respondent linearization; clustering unavailable; approximate
WVS,2006,competition,All,survey_coverage,9,valid,0.10289525570266687,0.011358584880639877,0.0806058336515837,0.12518467775375003,938,1000,1000,714.6452769729699,932.695063,True,Weighted respondent linearization; clustering unavailable; approximate
WVS,2006,competition,All,survey_coverage,10,valid,0.1588898407195707,0.014293308136265418,0.13084148954702102,0.1869381918921204,938,1000,1000,714.6452769729699,932.695063,True,Weighted respondent linearization; clustering unavailable; approximate
WVS,2006,competition,18-34,survey_coverage,1,valid,0.05733643941082938,0.012509352815529185,0.03278881772897001,0.08188406109268875,373,384,1000,317.30074229383564,302.815368,True,Weighted respondent linearization; clustering unavailable; approximate
WVS,2006,competition,18-34,survey_coverage,2,valid,0.029833865631284606,0.009008076041638821,0.01215694452973386,0.04751078673283535,373,384,1000,317.30074229383564,302.815368,True,Weighted respondent linearization; clustering unavailable; approximate
WVS,2006,competition,18-34,survey_coverage,3,valid,0.07788189930968102,0.015601508841337215,0.04726641165408492,0.10849738696527712,373,384,1000,317.30074229383564,302.815368,True,Weighted respondent linearization; clustering unavailable; approximate
WVS,2006,competition,18-34,survey_coverage,4,valid,0.06437857539647723,0.013682343145705383,0.03752914615620449,0.09122800463674997,373,384,1000,317.30074229383564,302.815368,True,Weighted respondent linearization; clustering unavailable; approximate
WVS,2006,competition,18-34,survey_coverage,5,valid,0.09364503257311564,0.016516892510033687,0.06123324959159201,0.12605681555463927,373,384,1000,317.30074229383564,302.815368,True,Weighted respondent linearization; clustering unavailable; approximate
WVS,2006,competition,18-34,survey_coverage,6,valid,0.15017143053320864,0.01934617985906582,0.1122076196812189,0.18813524138519838,373,384,1000,317.30074229383564,302.815368,True,Weighted respondent linearization; clustering unavailable; approximate
WVS,2006,competition,18-34,survey_coverage,7,valid,0.13582472472136883,0.019202693457553294,0.09814248318417597,0.1735069662585617,373,384,1000,317.30074229383564,302.815368,True,Weighted respondent linearization; clustering unavailable; approximate
WVS,2006,competition,18-34,survey_coverage,8,valid,0.11750935639435581,0.017768971612703424,0.08264056667704459,0.15237814611166703,373,384,1000,317.30074229383564,302.815368,True,Weighted respondent linearization; clustering unavailable; approximate
WVS,2006,competition,18-34,survey_coverage,9,valid,0.09517307589223807,0.0160350898684064,0.06370675421046329,0.12663939757401285,373,384,1000,317.30074229383564,302.815368,True,Weighted respondent linearization; clustering unavailable; approximate
WVS,2006,competition,18-34,survey_coverage,10,valid,0.17824560013744084,0.022651089601526286,0.13379642787251705,0.22269477240236463,373,384,1000,317.30074229383564,302.815368,True,Weighted respondent linearization; clustering unavailable; approximate
WVS,2006,competition,35-54,survey_coverage,1,valid,0.050828324843520505,0.012230908609574284,0.026827105771618818,0.0748295439154222,358,374,1000,306.919228512399,350.404859,True,Weighted respondent linearization; clustering unavailable; approximate
WVS,2006,competition,35-54,survey_coverage,2,valid,0.0452396295109595,0.011468674562620546,0.022734173912482673,0.06774508510943633,358,374,1000,306.919228512399,350.404859,True,Weighted respondent linearization; clustering unavailable; approximate
WVS,2006,competition,35-54,survey_coverage,3,valid,0.05475796783970967,0.013413187437307421,0.028436714005526994,0.08107922167389234,358,374,1000,306.919228512399,350.404859,True,Weighted respondent linearization; clustering unavailable; approximate
WVS,2006,competition,35-54,survey_coverage,4,valid,0.04496494153923819,0.011738420231465117,0.021930152830826485,0.0679997302476499,358,374,1000,306.919228512399,350.404859,True,Weighted respondent linearization; clustering unavailable; approximate
WVS,2006,competition,35-54,survey_coverage,5,valid,0.08782510632936172,0.017026613297648256,0.054413077112700416,0.12123713554602303,358,374,1000,306.919228512399,350.404859,True,Weighted respondent linearization; clustering unavailable; approximate
WVS,2006,competition,35-54,survey_coverage,6,valid,0.1963504849685889,0.022923428788239976,0.1513668902260855,0.2413340797110923,358,374,1000,306.919228512399,350.404859,True,Weighted respondent linearization; clustering unavailable; approximate
WVS,2006,competition,35-54,survey_coverage,7,valid,0.1279289280631808,0.01893124066543853,0.09077936959469518,0.1650784865316664,358,374,1000,306.919228512399,350.404859,True,Weighted respondent linearization; clustering unavailable; approximate
WVS,2006,competition,35-54,survey_coverage,8,valid,0.15074700205569921,0.020210969795597382,0.11108617805608263,0.1904078260553158,358,374,1000,306.919228512399,350.404859,True,Weighted respondent linearization; clustering unavailable; approximate
WVS,2006,competition,35-54,survey_coverage,9,valid,0.10956558967123228,0.01800690955612212,0.07422988446237373,0.14490129488009085,358,374,1000,306.919228512399,350.404859,True,Weighted respondent linearization; clustering unavailable; approximate
WVS,2006,competition,35-54,survey_coverage,10,valid,0.1317920251785093,0.018715863517270764,0.09506511021765396,0.16851894013936464,358,374,1000,306.919228512399,350.404859,True,Weighted respondent linearization; clustering unavailable; approximate
WVS,2006,competition,55+,survey_coverage,1,valid,0.05578426746084574,0.015539827298230025,0.02528982005467557,0.08627871486701591,207,242,1000,147.8633095510155,279.474836,True,Weighted respondent linearization; clustering unavailable; approximate
WVS,2006,competition,55+,survey_coverage,2,valid,0.07139268524340417,0.023037503318722268,0.02618523732007602,0.11660013316673232,207,242,1000,147.8633095510155,279.474836,True,Weighted respondent linearization; clustering unavailable; approximate
WVS,2006,competition,55+,survey_coverage,3,valid,0.07643006900270621,0.02051711303982901,0.036168487421888,0.11669165058352443,207,242,1000,147.8633095510155,279.474836,True,Weighted respondent linearization; clustering unavailable; approximate
WVS,2006,competition,55+,survey_coverage,4,valid,0.04688787794833879,0.014891982729907733,0.017664722798957554,0.07611103309772002,207,242,1000,147.8633095510155,279.474836,True,Weighted respondent linearization; clustering unavailable; approximate
WVS,2006,competition,55+,survey_coverage,5,valid,0.13550246792165574,0.028748552779611438,0.07908799085464094,0.19191694498867054,207,242,1000,147.8633095510155,279.474836,True,Weighted respondent linearization; clustering unavailable; approximate
WVS,2006,competition,55+,survey_coverage,6,valid,0.1663095063056053,0.0331927006262558,0.1011740936597133,0.23144491895149727,207,242,1000,147.8633095510155,279.474836,True,Weighted respondent linearization; clustering unavailable; approximate
WVS,2006,competition,55+,survey_coverage,7,valid,0.10384544245693736,0.022221681600788395,0.06023891531560397,0.14745196959827075,207,242,1000,147.8633095510155,279.474836,True,Weighted respondent linearization; clustering unavailable; approximate
WVS,2006,competition,55+,survey_coverage,8,valid,0.06905582726596537,0.01769119046438107,0.034339670720901674,0.10377198381102908,207,242,1000,147.8633095510155,279.474836,True,Weighted respondent linearization; clustering unavailable; approximate
WVS,2006,competition,55+,survey_coverage,9,valid,0.10289911038716919,0.024988555241321344,0.053863032383300743,0.15193518839103765,207,242,1000,147.8633095510155,279.474836,True,Weighted respondent linearization; clustering unavailable; approximate
WVS,2006,competition,55+,survey_coverage,10,valid,0.17189274600737223,0.03323085907630124,0.10668245345286351,0.23710303856188095,207,242,1000,147.8633095510155,279.474836,True,Weighted respondent linearization; clustering unavailable; approximate
WVS,2006,individual_responsibility,All,survey_coverage,1,valid,0.24678113215976122,0.016135835231910343,0.2151171136741657,0.27844515064535674,975,1000,1000,745.7505998197923,965.4055880000001,True,Weighted respondent linearization; clustering unavailable; approximate
WVS,2006,individual_responsibility,All,survey_coverage,2,valid,0.12767369024178465,0.012607161814734983,0.10293413390551177,0.15241324657805752,975,1000,1000,745.7505998197923,965.4055880000001,True,Weighted respondent linearization; clustering unavailable; approximate
WVS,2006,individual_responsibility,All,survey_coverage,3,valid,0.11816217185600131,0.011577481173964847,0.09544320053283813,0.1408811431791645,975,1000,1000,745.7505998197923,965.4055880000001,True,Weighted respondent linearization; clustering unavailable; approximate
WVS,2006,individual_responsibility,All,survey_coverage,4,valid,0.09152890670858639,0.010179621261164805,0.07155301384916712,0.11150479956800566,975,1000,1000,745.7505998197923,965.4055880000001,True,Weighted respondent linearization; clustering unavailable; approximate
WVS,2006,individual_responsibility,All,survey_coverage,5,valid,0.1362187837263689,0.011819865250711024,0.11302417207988813,0.15941339537284965,975,1000,1000,745.7505998197923,965.4055880000001,True,Weighted respondent linearization; clustering unavailable; approximate
WVS,2006,individual_responsibility,All,survey_coverage,6,valid,0.09920707440529129,0.011877130635770653,0.07590008851942026,0.12251406029116232,975,1000,1000,745.7505998197923,965.4055880000001,True,Weighted respondent linearization; clustering unavailable; approximate
WVS,2006,individual_responsibility,All,survey_coverage,7,valid,0.06911931299075928,0.008612726635706976,0.052218202420103076,0.08602042356141548,975,1000,1000,745.7505998197923,965.4055880000001,True,Weighted respondent linearization; clustering unavailable; approximate
WVS,2006,individual_responsibility,All,survey_coverage,8,valid,0.05622736461724313,0.008959055088627052,0.03864663936425165,0.0738080898702346,975,1000,1000,745.7505998197923,965.4055880000001,True,Weighted respondent linearization; clustering unavailable; approximate
WVS,2006,individual_responsibility,All,survey_coverage,9,valid,0.023423235043466516,0.005387471555189522,0.01285117624004101,0.033995293846892025,975,1000,1000,745.7505998197923,965.4055880000001,True,Weighted respondent linearization; clustering unavailable; approximate
WVS,2006,individual_responsibility,All,survey_coverage,10,valid,0.03165832825073724,0.005443319775474995,0.02097667616911504,0.042339980332359445,975,1000,1000,745.7505998197923,965.4055880000001,True,Weighted respondent linearization; clustering unavailable; approximate
WVS,2006,individual_responsibility,18-34,survey_coverage,1,valid,0.22419192876219599,0.023741173666149633,0.17760363934114093,0.27078021818325104,380,384,1000,323.74913389116267,307.106154,True,Weighted respondent linearization; clustering unavailable; approximate
WVS,2006,individual_responsibility,18-34,survey_coverage,2,valid,0.08916655248790618,0.016154471022536542,0.057465964217703856,0.1208671407581085,380,384,1000,323.74913389116267,307.106154,True,Weighted respondent linearization; clustering unavailable; approximate
WVS,2006,individual_responsibility,18-34,survey_coverage,3,valid,0.15084217101035363,0.0197331049026347,0.11211908110301783,0.18956526091768944,380,384,1000,323.74913389116267,307.106154,True,Weighted respondent linearization; clustering unavailable; approximate
WVS,2006,individual_responsibility,18-34,survey_coverage,4,valid,0.08999966832315577,0.015657861850680035,0.05927359682086661,0.12072573982544493,380,384,1000,323.74913389116267,307.106154,True,Weighted respondent linearization; clustering unavailable; approximate
WVS,2006,individual_responsibility,18-34,survey_coverage,5,valid,0.17138080860470156,0.021148922724190465,0.12987940068471523,0.2128822165246879,380,384,1000,323.74913389116267,307.106154,True,Weighted respondent linearization; clustering unavailable; approximate
WVS,2006,individual_responsibility,18-34,survey_coverage,6,valid,0.07029229052831028,0.01418220707885578,0.04246195756709127,0.09812262348952928,380,384,1000,323.74913389116267,307.106154,True,Weighted respondent linearization; clustering unavailable; approximate
WVS,2006,individual_responsibility,18-34,survey_coverage,7,valid,0.07959074958817008,0.01412116117871895,0.0518802095278218,0.10730128964851837,380,384,1000,323.74913389116267,307.106154,True,Weighted respondent linearization; clustering unavailable; approximate
WVS,2006,individual_responsibility,18-34,survey_coverage,8,valid,0.06150504558107943,0.012558482227843924,0.036861015216473725,0.08614907594568513,380,384,1000,323.74913389116267,307.106154,True,Weighted respondent linearization; clustering unavailable; approximate
WVS,2006,individual_responsibility,18-34,survey_coverage,9,valid,0.028349262581042256,0.010237513579633699,0.008259765224810332,0.04843875993727418,380,384,1000,323.74913389116267,307.106154,True,Weighted respondent linearization; clustering unavailable; approximate
WVS,2006,individual_responsibility,18-34,survey_coverage,10,valid,0.03468152253308476,0.009420017198742602,0.01619623221940198,0.053166812846767546,380,384,1000,323.74913389116267,307.106154,True,Weighted respondent linearization; clustering unavailable; approximate
WVS,2006,individual_responsibility,35-54,survey_coverage,1,valid,0.22106918511096504,0.023504274676965406,0.1749457723984868,0.2671925978234433,367,374,1000,315.09125564450284,357.684835,True,Weighted respondent linearization; clustering unavailable; approximate
WVS,2006,individual_responsibility,35-54,survey_coverage,2,valid,0.10788476397105289,0.01699958735874888,0.07452576887481989,0.14124375906728587,367,374,1000,315.09125564450284,357.684835,True,Weighted respondent linearization; clustering unavailable; approximate
WVS,2006,individual_responsibility,35-54,survey_coverage,3,valid,0.10989094631311389,0.016980521734655134,0.07656936448152243,0.14321252814470534,367,374,1000,315.09125564450284,357.684835,True,Weighted respondent linearization; clustering unavailable; approximate
WVS,2006,individual_responsibility,35-54,survey_coverage,4,valid,0.10308251396791815,0.017296920002599882,0.0691400506969079,0.1370249772389284,367,374,1000,315.09125564450284,357.684835,True,Weighted respondent linearization; clustering unavailable; approximate
WVS,2006,individual_responsibility,35-54,survey_coverage,5,valid,0.1480555081402878,0.020267008123485065,0.10828471780644464,0.187826298474131,367,374,1000,315.09125564450284,357.684835,True,Weighted respondent linearization; clustering unavailable; approximate
WVS,2006,individual_responsibility,35-54,survey_coverage,6,valid,0.11447836473134232,0.01904001382229577,0.07711535618729737,0.15184137327538727,367,374,1000,315.09125564450284,357.684835,True,Weighted respondent linearization; clustering unavailable; approximate
WVS,2006,individual_responsibility,35-54,survey_coverage,7,valid,0.06619824404912217,0.013589518028293168,0.039530969385381996,0.09286551871286233,367,374,1000,315.09125564450284,357.684835,True,Weighted respondent linearization; clustering unavailable; approximate
WVS,2006,individual_responsibility,35-54,survey_coverage,8,valid,0.060930257219319904,0.013393023302578229,0.03464857230274421,0.0872119421358956,367,374,1000,315.09125564450284,357.684835,True,Weighted respondent linearization; clustering unavailable; approximate
WVS,2006,individual_responsibility,35-54,survey_coverage,9,valid,0.02301327368268213,0.008866296667205611,0.005614572125915238,0.04041197523944902,367,374,1000,315.09125564450284,357.684835,True,Weighted respondent linearization; clustering unavailable; approximate
WVS,2006,individual_responsibility,35-54,survey_coverage,10,valid,0.04539694281419563,0.010741504725915818,0.02431844273557013,0.06647544289282113,367,374,1000,315.09125564450284,357.684835,True,Weighted respondent linearization; clustering unavailable; approximate
WVS,2006,individual_responsibility,55+,survey_coverage,1,valid,0.30045136962892477,0.03596564867059443,0.2298744860660582,0.37102825319179134,228,242,1000,163.5926706608911,300.614599,True,Weighted respondent linearization; clustering unavailable; approximate
WVS,2006,individual_responsibility,55+,survey_coverage,2,valid,0.19055812056552848,0.0304897857159877,0.1307267499139714,0.2503894912170856,228,242,1000,163.5926706608911,300.614599,True,Weighted respondent linearization; clustering unavailable; approximate
WVS,2006,individual_responsibility,55+,survey_coverage,3,valid,0.09461794967582396,0.02372453980859606,0.04806230156310488,0.14117359778854305,228,242,1000,163.5926706608911,300.614599,True,Weighted respondent linearization; clustering unavailable; approximate
WVS,2006,individual_responsibility,55+,survey_coverage,4,valid,0.07934416385413139,0.019640148761581034,0.04080348563645215,0.11788484207181063,228,242,1000,163.5926706608911,300.614599,True,Weighted respondent linearization; clustering unavailable; approximate
WVS,2006,individual_responsibility,55+,survey_coverage,5,valid,0.08621359071120828,0.018868146856882092,0.04918784383919377,0.12323933758322278,228,242,1000,163.5926706608911,300.614599,True,Weighted respondent linearization; clustering unavailable; approximate
WVS,2006,individual_responsibility,55+,survey_coverage,6,valid,0.11057578078568299,0.026857995958256567,0.05787122175384152,0.16328033981752446,228,242,1000,163.5926706608911,300.614599,True,Weighted respondent linearization; clustering unavailable; approximate
WVS,2006,individual_responsibility,55+,survey_coverage,7,valid,0.06189737312125683,0.01715657971231497,0.028230305420540176,0.09556444082197349,228,242,1000,163.5926706608911,300.614599,True,Weighted respondent linearization; clustering unavailable; approximate
WVS,2006,individual_responsibility,55+,survey_coverage,8,valid,0.04524000180044483,0.02030258399021384,0.00539939946830402,0.08508060413258564,228,242,1000,163.5926706608911,300.614599,True,Weighted respondent linearization; clustering unavailable; approximate
WVS,2006,individual_responsibility,55+,survey_coverage,9,valid,0.018878624055114503,0.008827435102819199,0.001556182157387575,0.036201065952841435,228,242,1000,163.5926706608911,300.614599,True,Weighted respondent linearization; clustering unavailable; approximate
WVS,2006,individual_responsibility,55+,survey_coverage,10,valid,0.01222302580188396,0.006811261907237635,0.0,0.025589047445095266,228,242,1000,163.5926706608911,300.614599,True,Weighted respondent linearization; clustering unavailable; approximate
WVS,2006,income_incentives,All,survey_coverage,1,valid,0.04025098996524622,0.0064511369080351155,0.027591656539160667,0.05291032339133177,967,1000,1000,739.6895098648409,963.3770010000001,True,Weighted respondent linearization; clustering unavailable; approximate
WVS,2006,income_incentives,All,survey_coverage,2,valid,0.03898311871781959,0.007721614872161729,0.02383067370727197,0.05413556372836721,967,1000,1000,739.6895098648409,963.3770010000001,True,Weighted respondent linearization; clustering unavailable; approximate
WVS,2006,income_incentives,All,survey_coverage,3,valid,0.042139154202208325,0.0074177184399290014,0.027583057760521515,0.056695250643895134,967,1000,1000,739.6895098648409,963.3770010000001,True,Weighted respondent linearization; clustering unavailable; approximate
WVS,2006,income_incentives,All,survey_coverage,4,valid,0.04982757627613325,0.007944277346332303,0.03423819146068215,0.06541696109158435,967,1000,1000,739.6895098648409,963.3770010000001,True,Weighted respondent linearization; clustering unavailable; approximate
WVS,2006,income_incentives,All,survey_coverage,5,valid,0.09774793346971339,0.010461103123556527,0.07721967708116578,0.118276189858261,967,1000,1000,739.6895098648409,963.3770010000001,True,Weighted respondent linearization; clustering unavailable; approximate
WVS,2006,income_incentives,All,survey_coverage,6,valid,0.10782050629419165,0.011284314861015658,0.08567682738193629,0.129964185206447,967,1000,1000,739.6895098648409,963.3770010000001,True,Weighted respondent linearization; clustering unavailable; approximate
WVS,2006,income_incentives,All,survey_coverage,7,valid,0.1519133899273977,0.013697015488996902,0.12503516853955202,0.17879161131524338,967,1000,1000,739.6895098648409,963.3770010000001,True,Weighted respondent linearization; clustering unavailable; approximate
WVS,2006,income_incentives,All,survey_coverage,8,valid,0.15002514161120192,0.012268713863762291,0.12594973572155843,0.17410054750084542,967,1000,1000,739.6895098648409,963.3770010000001,True,Weighted respondent linearization; clustering unavailable; approximate
WVS,2006,income_incentives,All,survey_coverage,9,valid,0.11529815210940456,0.011568277246191352,0.09259724203531658,0.13799906218349253,967,1000,1000,739.6895098648409,963.3770010000001,True,Weighted respondent linearization; clustering unavailable; approximate
WVS,2006,income_incentives,All,survey_coverage,10,valid,0.20599403742668337,0.015580642283399754,0.1754194970828791,0.23656857777048765,967,1000,1000,739.6895098648409,963.3770010000001,True,Weighted respondent linearization; clustering unavailable; approximate
WVS,2006,income_incentives,18-34,survey_coverage,1,valid,0.03254133447852187,0.010424966277182668,0.012083990921888298,0.05299867803515545,374,384,1000,320.3054798576501,303.34917599999994,True,Weighted respondent linearization; clustering unavailable; approximate
WVS,2006,income_incentives,18-34,survey_coverage,2,valid,0.0337431739059677,0.009468903493853808,0.015161951988506991,0.052324395823428405,374,384,1000,320.3054798576501,303.34917599999994,True,Weighted respondent linearization; clustering unavailable; approximate
WVS,2006,income_incentives,18-34,survey_coverage,3,valid,0.03555452215897894,0.00945256296971069,0.017005365929540925,0.054103678388416954,374,384,1000,320.3054798576501,303.34917599999994,True,Weighted respondent linearization; clustering unavailable; approximate
WVS,2006,income_incentives,18-34,survey_coverage,4,valid,0.04769982958516427,0.011583500846608146,0.02496904560879069,0.07043061356153785,374,384,1000,320.3054798576501,303.34917599999994,True,Weighted respondent linearization; clustering unavailable; approximate
WVS,2006,income_incentives,18-34,survey_coverage,5,valid,0.12904957421080981,0.01889602519070449,0.09196912052846828,0.16613002789315134,374,384,1000,320.3054798576501,303.34917599999994,True,Weighted respondent linearization; clustering unavailable; approximate
WVS,2006,income_incentives,18-34,survey_coverage,6,valid,0.06360659440195746,0.012744334003619228,0.0385978593921226,0.08861532941179232,374,384,1000,320.3054798576501,303.34917599999994,True,Weighted respondent linearization; clustering unavailable; approximate
WVS,2006,income_incentives,18-34,survey_coverage,7,valid,0.15339541914562516,0.019516296886941766,0.11509778059658965,0.19169305769466066,374,384,1000,320.3054798576501,303.34917599999994,True,Weighted respondent linearization; clustering unavailable; approximate
WVS,2006,income_incentives,18-34,survey_coverage,8,valid,0.1827602656814206,0.021549478265745863,0.14047283101475333,0.22504770034808785,374,384,1000,320.3054798576501,303.34917599999994,True,Weighted respondent linearization; clustering unavailable; approximate
WVS,2006,income_incentives,18-34,survey_coverage,9,valid,0.1050323209053319,0.017125533257746392,0.07142617694963636,0.13863846486102743,374,384,1000,320.3054798576501,303.34917599999994,True,Weighted respondent linearization; clustering unavailable; approximate
WVS,2006,income_incentives,18-34,survey_coverage,10,valid,0.21661696552622253,0.02410623618185012,0.16931229879470272,0.26392163225774234,374,384,1000,320.3054798576501,303.34917599999994,True,Weighted respondent linearization; clustering unavailable; approximate
WVS,2006,income_incentives,35-54,survey_coverage,1,valid,0.03485807467078221,0.009654444101626235,0.01591275872596577,0.05380339061559865,365,374,1000,313.21014121068197,354.904197,True,Weighted respondent linearization; clustering unavailable; approximate
WVS,2006,income_incentives,35-54,survey_coverage,2,valid,0.039989552448149834,0.010564647386016365,0.019258106860314803,0.060720998035984866,365,374,1000,313.21014121068197,354.904197,True,Weighted respondent linearization; clustering unavailable; approximate
WVS,2006,income_incentives,35-54,survey_coverage,3,valid,0.02984317201523542,0.009994773843973941,0.010230012906553215,0.04945633112391763,365,374,1000,313.21014121068197,354.904197,True,Weighted respondent linearization; clustering unavailable; approximate
WVS,2006,income_incentives,35-54,survey_coverage,4,valid,0.04025551436350018,0.010760712234335645,0.019139322594737385,0.061371706132262976,365,374,1000,313.21014121068197,354.904197,True,Weighted respondent linearization; clustering unavailable; approximate
WVS,2006,income_incentives,35-54,survey_coverage,5,valid,0.09780339115009112,0.017257393676115527,0.06393849202834742,0.13166829027183483,365,374,1000,313.21014121068197,354.904197,True,Weighted respondent linearization; clustering unavailable; approximate
WVS,2006,income_incentives,35-54,survey_coverage,6,valid,0.14274255257680143,0.020029271213605853,0.10343828323805598,0.18204682191554689,365,374,1000,313.21014121068197,354.904197,True,Weighted respondent linearization; clustering unavailable; approximate
WVS,2006,income_incentives,35-54,survey_coverage,7,valid,0.15496981851696726,0.02052544358265354,0.11469188956657073,0.19524774746736379,365,374,1000,313.21014121068197,354.904197,True,Weighted respondent linearization; clustering unavailable; approximate
WVS,2006,income_incentives,35-54,survey_coverage,8,valid,0.15821009296207336,0.020316507885500826,0.11834216719291042,0.19807801873123632,365,374,1000,313.21014121068197,354.904197,True,Weighted respondent linearization; clustering unavailable; approximate
WVS,2006,income_incentives,35-54,survey_coverage,9,valid,0.12343465185901986,0.019267450804681868,0.08562533429464358,0.16124396942339614,365,374,1000,313.21014121068197,354.904197,True,Weighted respondent linearization; clustering unavailable; approximate
WVS,2006,income_incentives,35-54,survey_coverage,10,valid,0.17789317943737926,0.021246737250857288,0.13619982601621347,0.21958653285854504,365,374,1000,313.21014121068197,354.904197,True,Weighted respondent linearization; clustering unavailable; approximate
WVS,2006,income_incentives,55+,survey_coverage,1,valid,0.05418857303309201,0.013557082750283899,0.02758494746019282,0.08079219860599121,228,242,1000,164.70075084954414,305.123628,True,Weighted respondent linearization; clustering unavailable; approximate
WVS,2006,income_incentives,55+,survey_coverage,2,valid,0.043021958299473285,0.01880277074764266,0.006124501677186908,0.07991941492175966,228,242,1000,164.70075084954414,305.123628,True,Weighted respondent linearization; clustering unavailable; approximate
WVS,2006,income_incentives,55+,survey_coverage,3,valid,0.06298755073795857,0.017980866214951253,0.027702951457266055,0.09827215001865108,228,242,1000,164.70075084954414,305.123628,True,Weighted respondent linearization; clustering unavailable; approximate
WVS,2006,income_incentives,55+,survey_coverage,4,valid,0.06307668182288394,0.01840526537237743,0.026959266479503925,0.09919409716626396,228,242,1000,164.70075084954414,305.123628,True,Weighted respondent linearization; clustering unavailable; approximate
WVS,2006,income_incentives,55+,survey_coverage,5,valid,0.0665638224516654,0.017934159495191417,0.03137087770367114,0.10175676719965965,228,242,1000,164.70075084954414,305.123628,True,Weighted respondent linearization; clustering unavailable; approximate
WVS,2006,income_incentives,55+,survey_coverage,6,valid,0.11115775340741557,0.023482438236110636,0.06507719124819025,0.1572383155666409,228,242,1000,164.70075084954414,305.123628,True,Weighted respondent linearization; clustering unavailable; approximate
WVS,2006,income_incentives,55+,survey_coverage,7,valid,0.14688489807809965,0.03043007172033248,0.08717070667602675,0.20659908948017255,228,242,1000,164.70075084954414,305.123628,True,Weighted respondent linearization; clustering unavailable; approximate
WVS,2006,income_incentives,55+,survey_coverage,8,valid,0.10796007249887578,0.021341500806677263,0.06608076062312003,0.1498393843746315,228,242,1000,164.70075084954414,305.123628,True,Weighted respondent linearization; clustering unavailable; approximate
WVS,2006,income_incentives,55+,survey_coverage,9,valid,0.11604032185930878,0.023253514174721573,0.07040898687719827,0.1616716568414193,228,242,1000,164.70075084954414,305.123628,True,Weighted respondent linearization; clustering unavailable; approximate
WVS,2006,income_incentives,55+,survey_coverage,10,valid,0.228118367811227,0.034824709256407946,0.15978039696545987,0.2964563386569941,228,242,1000,164.70075084954414,305.123628,True,Weighted respondent linearization; clustering unavailable; approximate
WVS,2011,private_ownership,All,survey_coverage,1,valid,0.24989774368998113,0.011612210841396353,0.2271198369376179,0.2726756504423444,1500,1500,1500,1366.4216831899291,1500.0003419999998,True,Weighted respondent linearization; clustering unavailable; approximate
WVS,2011,private_ownership,All,survey_coverage,2,valid,0.09625570272036646,0.00796841070131392,0.08062528415510758,0.11188612128562533,1500,1500,1500,1366.4216831899291,1500.0003419999998,True,Weighted respondent linearization; clustering unavailable; approximate
WVS,2011,private_ownership,All,survey_coverage,3,valid,0.13363799086387143,0.009259564447964783,0.1154749124936997,0.15180106923404316,1500,1500,1500,1366.4216831899291,1500.0003419999998,True,Weighted respondent linearization; clustering unavailable; approximate
WVS,2011,private_ownership,All,survey_coverage,4,valid,0.0664143315241991,0.006819723915330681,0.053037117009070246,0.07979154603932793,1500,1500,1500,1366.4216831899291,1500.0003419999998,True,Weighted respondent linearization; clustering unavailable; approximate
WVS,2011,private_ownership,All,survey_coverage,5,valid,0.06632457221133088,0.006922101525249523,0.05274653911960954,0.07990260530305222,1500,1500,1500,1366.4216831899291,1500.0003419999998,True,Weighted respondent linearization; clustering unavailable; approximate
WVS,2011,private_ownership,All,survey_coverage,6,valid,0.16184070643365228,0.009967077427561458,0.14228980752736964,0.18139160533993492,1500,1500,1500,1366.4216831899291,1500.0003419999998,True,Weighted respondent linearization; clustering unavailable; approximate
WVS,2011,private_ownership,All,survey_coverage,7,valid,0.060495689540316124,0.0064300499155189655,0.04788283920637229,0.07310853987425996,1500,1500,1500,1366.4216831899291,1500.0003419999998,True,Weighted respondent linearization; clustering unavailable; approximate
WVS,2011,private_ownership,All,survey_coverage,8,valid,0.05076633375860924,0.005864306146857439,0.0392632168754536,0.06226945064176488,1500,1500,1500,1366.4216831899291,1500.0003419999998,True,Weighted respondent linearization; clustering unavailable; approximate
WVS,2011,private_ownership,All,survey_coverage,9,valid,0.04541471631211135,0.005884789700822947,0.03387141995852101,0.05695801266570169,1500,1500,1500,1366.4216831899291,1500.0003419999998,True,Weighted respondent linearization; clustering unavailable; approximate
WVS,2011,private_ownership,All,survey_coverage,10,valid,0.06895221294556211,0.0067125598454433446,0.05578520587709757,0.08211922001402666,1500,1500,1500,1366.4216831899291,1500.0003419999998,True,Weighted respondent linearization; clustering unavailable; approximate
WVS,2011,private_ownership,18-34,survey_coverage,1,valid,0.1661533287169599,0.01861998442829782,0.1296293390279109,0.2026773184060089,467,467,1500,407.3426548509066,475.53923000000003,True,Weighted respondent linearization; clustering unavailable; approximate
WVS,2011,private_ownership,18-34,survey_coverage,2,valid,0.0934699667154695,0.015143819057412768,0.06376464159902248,0.12317529183191653,467,467,1500,407.3426548509066,475.53923000000003,True,Weighted respondent linearization; clustering unavailable; approximate
WVS,2011,private_ownership,18-34,survey_coverage,3,valid,0.12689046075126126,0.015876282418177644,0.09574837373314876,0.15803254776937375,467,467,1500,407.3426548509066,475.53923000000003,True,Weighted respondent linearization; clustering unavailable; approximate
WVS,2011,private_ownership,18-34,survey_coverage,4,valid,0.07801096031551383,0.01396538939130191,0.050617181330592606,0.10540473930043505,467,467,1500,407.3426548509066,475.53923000000003,True,Weighted respondent linearization; clustering unavailable; approximate
WVS,2011,private_ownership,18-34,survey_coverage,5,valid,0.08072868772572138,0.013839492131218578,0.05358186223567928,0.10787551321576347,467,467,1500,407.3426548509066,475.53923000000003,True,Weighted respondent linearization; clustering unavailable; approximate
WVS,2011,private_ownership,18-34,survey_coverage,6,valid,0.16569578076660466,0.018273691532274063,0.12985106114958325,0.20154050038362606,467,467,1500,407.3426548509066,475.53923000000003,True,Weighted respondent linearization; clustering unavailable; approximate
WVS,2011,private_ownership,18-34,survey_coverage,7,valid,0.0761163027496175,0.01260516547199857,0.05139066801555453,0.10084193748368048,467,467,1500,407.3426548509066,475.53923000000003,True,Weighted respondent linearization; clustering unavailable; approximate
WVS,2011,private_ownership,18-34,survey_coverage,8,valid,0.06591818513059373,0.011758344416831188,0.04285363038327866,0.0889827398779088,467,467,1500,407.3426548509066,475.53923000000003,True,Weighted respondent linearization; clustering unavailable; approximate
WVS,2011,private_ownership,18-34,survey_coverage,9,valid,0.06320843813453624,0.01287099501600109,0.037961366040437816,0.08845551022863465,467,467,1500,407.3426548509066,475.53923000000003,True,Weighted respondent linearization; clustering unavailable; approximate
WVS,2011,private_ownership,18-34,survey_coverage,10,valid,0.08380788899372192,0.012964734308119532,0.058376942796399794,0.10923883519104405,467,467,1500,407.3426548509066,475.53923000000003,True,Weighted respondent linearization; clustering unavailable; approximate
WVS,2011,private_ownership,35-54,survey_coverage,1,valid,0.2235040673747765,0.0197409386250868,0.1847812724352142,0.2622268623143388,476,476,1500,437.8686945210743,491.442788,True,Weighted respondent linearization; clustering unavailable; approximate
WVS,2011,private_ownership,35-54,survey_coverage,2,valid,0.07739020477801782,0.012539615824872268,0.05279314881076216,0.10198726074527348,476,476,1500,437.8686945210743,491.442788,True,Weighted respondent linearization; clustering unavailable; approximate
WVS,2011,private_ownership,35-54,survey_coverage,3,valid,0.14685344410833023,0.017375134891036505,0.11277128630364366,0.1809356019130168,476,476,1500,437.8686945210743,491.442788,True,Weighted respondent linearization; clustering unavailable; approximate
WVS,2011,private_ownership,35-54,survey_coverage,4,valid,0.07712669088960158,0.012240341019904661,0.053116676760802936,0.10113670501840023,476,476,1500,437.8686945210743,491.442788,True,Weighted respondent linearization; clustering unavailable; approximate
WVS,2011,private_ownership,35-54,survey_coverage,5,valid,0.06551056966574102,0.012066006214857936,0.041842521592096116,0.08917861773938593,476,476,1500,437.8686945210743,491.442788,True,Weighted respondent linearization; clustering unavailable; approximate
WVS,2011,private_ownership,35-54,survey_coverage,6,valid,0.1648253712902182,0.017868342800726637,0.1297757625901,0.1998749799903364,476,476,1500,437.8686945210743,491.442788,True,Weighted respondent linearization; clustering unavailable; approximate
WVS,2011,private_ownership,35-54,survey_coverage,7,valid,0.06220801229867678,0.011505595506278526,0.03963923662349209,0.08477678797386146,476,476,1500,437.8686945210743,491.442788,True,Weighted respondent linearization; clustering unavailable; approximate
WVS,2011,private_ownership,35-54,survey_coverage,8,valid,0.06099981469257007,0.011578129882141972,0.03828875937121598,0.08371087001392416,476,476,1500,437.8686945210743,491.442788,True,Weighted respondent linearization; clustering unavailable; approximate
WVS,2011,private_ownership,35-54,survey_coverage,9,valid,0.048393535485151934,0.010044398427832358,0.02869096774007319,0.06809610323023067,476,476,1500,437.8686945210743,491.442788,True,Weighted respondent linearization; clustering unavailable; approximate
WVS,2011,private_ownership,35-54,survey_coverage,10,valid,0.0731882894169158,0.012499084852922905,0.04867073688894959,0.09770584194488201,476,476,1500,437.8686945210743,491.442788,True,Weighted respondent linearization; clustering unavailable; approximate
WVS,2011,private_ownership,55+,survey_coverage,1,valid,0.34894637693543906,0.020721322890287372,0.3083005113869093,0.38959224248396884,557,557,1500,526.2122249509607,533.018324,True,Weighted respondent linearization; clustering unavailable; approximate
WVS,2011,private_ownership,55+,survey_coverage,2,valid,0.11613501865275459,0.013622603986512766,0.08941362962810895,0.14285640767740024,557,557,1500,526.2122249509607,533.018324,True,Weighted respondent linearization; clustering unavailable; approximate
WVS,2011,private_ownership,55+,survey_coverage,3,valid,0.1274732423645533,0.014853245519950134,0.09833789113433931,0.15660859359476728,557,557,1500,526.2122249509607,533.018324,True,Weighted respondent linearization; clustering unavailable; approximate
WVS,2011,private_ownership,55+,survey_coverage,4,valid,0.04619145513654049,0.00918487170205234,0.02817489015858228,0.06420802011449869,557,557,1500,526.2122249509607,533.018324,True,Weighted respondent linearization; clustering unavailable; approximate
WVS,2011,private_ownership,55+,survey_coverage,5,valid,0.054224263404497895,0.010122243190979121,0.03436899943470063,0.07407952737429516,557,557,1500,526.2122249509607,533.018324,True,Weighted respondent linearization; clustering unavailable; approximate
WVS,2011,private_ownership,55+,survey_coverage,6,valid,0.15564949132968267,0.01579333868774149,0.12467010240441162,0.18662888025495372,557,557,1500,526.2122249509607,533.018324,True,Weighted respondent linearization; clustering unavailable; approximate
WVS,2011,private_ownership,55+,survey_coverage,7,valid,0.044980795069251685,0.009387366832598684,0.02656702621130971,0.06339456392719366,557,557,1500,526.2122249509607,533.018324,True,Weighted respondent linearization; clustering unavailable; approximate
WVS,2011,private_ownership,55+,survey_coverage,8,valid,0.027813145125569826,0.00683864265700676,0.01439882059412664,0.041227469657013016,557,557,1500,526.2122249509607,533.018324,True,Weighted respondent linearization; clustering unavailable; approximate
WVS,2011,private_ownership,55+,survey_coverage,9,valid,0.026793345288444532,0.0074106225114617405,0.012257054925778185,0.04132963565111088,557,557,1500,526.2122249509607,533.018324,True,Weighted respondent linearization; clustering unavailable; approximate
WVS,2011,private_ownership,55+,survey_coverage,10,valid,0.051792866693265875,0.009468437447145752,0.03322007394885373,0.07036565943767803,557,557,1500,526.2122249509607,533.018324,True,Weighted respondent linearization; clustering unavailable; approximate
WVS,2011,private_ownership,All,exclude_crimea_donetsk_luhansk,1,valid,0.24539158435223477,0.012992137101211703,0.2199068862661179,0.2708762824383516,1191,1191,1500,1085.046302762824,1187.3670189999998,True,Weighted respondent linearization; clustering unavailable; approximate
WVS,2011,private_ownership,All,exclude_crimea_donetsk_luhansk,2,valid,0.08819624877924963,0.00853343656374792,0.07145750497059139,0.10493499258790787,1191,1191,1500,1085.046302762824,1187.3670189999998,True,Weighted respondent linearization; clustering unavailable; approximate
WVS,2011,private_ownership,All,exclude_crimea_donetsk_luhansk,3,valid,0.13757429285645337,0.010469011285555203,0.11703882668994858,0.15810975902295815,1191,1191,1500,1085.046302762824,1187.3670189999998,True,Weighted respondent linearization; clustering unavailable; approximate
WVS,2011,private_ownership,All,exclude_crimea_donetsk_luhansk,4,valid,0.0642259569111377,0.007579092768505004,0.04935920408461406,0.07909270973766133,1191,1191,1500,1085.046302762824,1187.3670189999998,True,Weighted respondent linearization; clustering unavailable; approximate
WVS,2011,private_ownership,All,exclude_crimea_donetsk_luhansk,5,valid,0.06777305981411971,0.007752523064535558,0.052566115170122704,0.08298000445811672,1191,1191,1500,1085.046302762824,1187.3670189999998,True,Weighted respondent linearization; clustering unavailable; approximate
WVS,2011,private_ownership,All,exclude_crimea_donetsk_luhansk,6,valid,0.16059999389287402,0.011114920528149358,0.13879754586570142,0.18240244192004662,1191,1191,1500,1085.046302762824,1187.3670189999998,True,Weighted respondent linearization; clustering unavailable; approximate
WVS,2011,private_ownership,All,exclude_crimea_donetsk_luhansk,7,valid,0.06639498043864733,0.007569218833211648,0.051547595808280555,0.08124236506901411,1191,1191,1500,1085.046302762824,1187.3670189999998,True,Weighted respondent linearization; clustering unavailable; approximate
WVS,2011,private_ownership,All,exclude_crimea_donetsk_luhansk,8,valid,0.05318710473631575,0.006817502180787377,0.03981424825971609,0.06655996121291541,1191,1191,1500,1085.046302762824,1187.3670189999998,True,Weighted respondent linearization; clustering unavailable; approximate
WVS,2011,private_ownership,All,exclude_crimea_donetsk_luhansk,9,valid,0.04812748382393802,0.0068375498398994755,0.03471530290549903,0.06153966474237701,1191,1191,1500,1085.046302762824,1187.3670189999998,True,Weighted respondent linearization; clustering unavailable; approximate
WVS,2011,private_ownership,All,exclude_crimea_donetsk_luhansk,10,valid,0.06852929439502987,0.00749159866395583,0.05383416543772657,0.08322442335233318,1191,1191,1500,1085.046302762824,1187.3670189999998,True,Weighted respondent linearization; clustering unavailable; approximate
WVS,2011,private_ownership,18-34,exclude_crimea_donetsk_luhansk,1,valid,0.17853917137655867,0.021432708054555147,0.13649788981655409,0.22058045293656325,377,377,1500,329.759951044678,387.863635,True,Weighted respondent linearization; clustering unavailable; approximate
WVS,2011,private_ownership,18-34,exclude_crimea_donetsk_luhansk,2,valid,0.06920541545484149,0.014658554576202546,0.040451959819082534,0.09795887109060045,377,377,1500,329.759951044678,387.863635,True,Weighted respondent linearization; clustering unavailable; approximate
WVS,2011,private_ownership,18-34,exclude_crimea_donetsk_luhansk,3,valid,0.12609585582829902,0.017654211332262325,0.09146627624133118,0.16072543541526685,377,377,1500,329.759951044678,387.863635,True,Weighted respondent linearization; clustering unavailable; approximate
WVS,2011,private_ownership,18-34,exclude_crimea_donetsk_luhansk,4,valid,0.08008264811935772,0.015868035539888338,0.04895673774729804,0.1112085584914174,377,377,1500,329.759951044678,387.863635,True,Weighted respondent linearization; clustering unavailable; approximate
WVS,2011,private_ownership,18-34,exclude_crimea_donetsk_luhansk,5,valid,0.07922805653074436,0.0147255315453171,0.05034322236785699,0.10811289069363172,377,377,1500,329.759951044678,387.863635,True,Weighted respondent linearization; clustering unavailable; approximate
WVS,2011,private_ownership,18-34,exclude_crimea_donetsk_luhansk,6,valid,0.1618405112920679,0.02029089859539291,0.1220389435768247,0.20164207900731107,377,377,1500,329.759951044678,387.863635,True,Weighted respondent linearization; clustering unavailable; approximate
WVS,2011,private_ownership,18-34,exclude_crimea_donetsk_luhansk,7,valid,0.08082349612383745,0.014357761967245817,0.052660059571627324,0.10898693267604757,377,377,1500,329.759951044678,387.863635,True,Weighted respondent linearization; clustering unavailable; approximate
WVS,2011,private_ownership,18-34,exclude_crimea_donetsk_luhansk,8,valid,0.07708740212265582,0.014104983849984943,0.04941980193293063,0.104755002312381,377,377,1500,329.759951044678,387.863635,True,Weighted respondent linearization; clustering unavailable; approximate
WVS,2011,private_ownership,18-34,exclude_crimea_donetsk_luhansk,9,valid,0.07106739202297219,0.015230285819379685,0.04119245821889782,0.10094232582704656,377,377,1500,329.759951044678,387.863635,True,Weighted respondent linearization; clustering unavailable; approximate
WVS,2011,private_ownership,18-34,exclude_crimea_donetsk_luhansk,10,valid,0.07603005112866536,0.013495969961428345,0.04955706079867367,0.10250304145865705,377,377,1500,329.759951044678,387.863635,True,Weighted respondent linearization; clustering unavailable; approximate
WVS,2011,private_ownership,35-54,exclude_crimea_donetsk_luhansk,1,valid,0.2269169585733693,0.02241642982073862,0.1829460597366513,0.2708878574100873,372,372,1500,344.9267403748936,383.620288,True,Weighted respondent linearization; clustering unavailable; approximate
WVS,2011,private_ownership,35-54,exclude_crimea_donetsk_luhansk,2,valid,0.0767343045214543,0.014284585580215567,0.048714406951012215,0.10475420209189638,372,372,1500,344.9267403748936,383.620288,True,Weighted respondent linearization; clustering unavailable; approximate
WVS,2011,private_ownership,35-54,exclude_crimea_donetsk_luhansk,3,valid,0.14891877929042166,0.019324552397547663,0.11101274584385981,0.1868248127369835,372,372,1500,344.9267403748936,383.620288,True,Weighted respondent linearization; clustering unavailable; approximate
WVS,2011,private_ownership,35-54,exclude_crimea_donetsk_luhansk,4,valid,0.06858514479818127,0.01303632422825479,0.04301377154975559,0.09415651804660696,372,372,1500,344.9267403748936,383.620288,True,Weighted respondent linearization; clustering unavailable; approximate
WVS,2011,private_ownership,35-54,exclude_crimea_donetsk_luhansk,5,valid,0.06962052538785435,0.013902710484717038,0.04234969407491654,0.09689135670079216,372,372,1500,344.9267403748936,383.620288,True,Weighted respondent linearization; clustering unavailable; approximate
WVS,2011,private_ownership,35-54,exclude_crimea_donetsk_luhansk,6,valid,0.15906322973199996,0.019685535429035665,0.12044911081035295,0.19767734865364697,372,372,1500,344.9267403748936,383.620288,True,Weighted respondent linearization; clustering unavailable; approximate
WVS,2011,private_ownership,35-54,exclude_crimea_donetsk_luhansk,7,valid,0.07241930593618656,0.014052867922880491,0.04485393362917139,0.09998467824320173,372,372,1500,344.9267403748936,383.620288,True,Weighted respondent linearization; clustering unavailable; approximate
WVS,2011,private_ownership,35-54,exclude_crimea_donetsk_luhansk,8,valid,0.056186115996034076,0.01305356373991786,0.03058092662124959,0.08179130537081857,372,372,1500,344.9267403748936,383.620288,True,Weighted respondent linearization; clustering unavailable; approximate
WVS,2011,private_ownership,35-54,exclude_crimea_donetsk_luhansk,9,valid,0.047913391379342266,0.01103500389719778,0.02626770364464462,0.06955907911403991,372,372,1500,344.9267403748936,383.620288,True,Weighted respondent linearization; clustering unavailable; approximate
WVS,2011,private_ownership,35-54,exclude_crimea_donetsk_luhansk,10,valid,0.07364224438515618,0.01429992862069176,0.04559225070725982,0.10169223806305254,372,372,1500,344.9267403748936,383.620288,True,Weighted respondent linearization; clustering unavailable; approximate
WVS,2011,private_ownership,55+,exclude_crimea_donetsk_luhansk,1,valid,0.3247813491318243,0.022908961603588376,0.2798443256547981,0.36971837260885054,442,442,1500,415.29000505589846,415.883096,True,Weighted respondent linearization; clustering unavailable; approximate
WVS,2011,private_ownership,55+,exclude_crimea_donetsk_luhansk,2,valid,0.11648037024327625,0.015223752113312328,0.08661825261603351,0.14634248787051898,442,442,1500,415.29000505589846,415.883096,True,Weighted respondent linearization; clustering unavailable; approximate
WVS,2011,private_ownership,55+,exclude_crimea_donetsk_luhansk,3,valid,0.1378149690412038,0.017410026087630908,0.10366437048622767,0.17196556759617992,442,442,1500,415.29000505589846,415.883096,True,Weighted respondent linearization; clustering unavailable; approximate
WVS,2011,private_ownership,55+,exclude_crimea_donetsk_luhansk,4,valid,0.0454165682175262,0.010107900448095586,0.025589438223630374,0.06524369821142204,442,442,1500,415.29000505589846,415.883096,True,Weighted respondent linearization; clustering unavailable; approximate
WVS,2011,private_ownership,55+,exclude_crimea_donetsk_luhansk,5,valid,0.05538567982575565,0.011683067126893616,0.0324687850817068,0.0783025745698045,442,442,1500,415.29000505589846,415.883096,True,Weighted respondent linearization; clustering unavailable; approximate
WVS,2011,private_ownership,55+,exclude_crimea_donetsk_luhansk,6,valid,0.16086060155712603,0.017865559117974137,0.12581645318381646,0.1959047499304356,442,442,1500,415.29000505589846,415.883096,True,Weighted respondent linearization; clustering unavailable; approximate
WVS,2011,private_ownership,55+,exclude_crimea_donetsk_luhansk,7,valid,0.04738158436716071,0.010915648663950195,0.025970017628925535,0.06879315110539588,442,442,1500,415.29000505589846,415.883096,True,Weighted respondent linearization; clustering unavailable; approximate
WVS,2011,private_ownership,55+,exclude_crimea_donetsk_luhansk,8,valid,0.02813069372745075,0.00762317179544972,0.013177477782129587,0.04308390967277191,442,442,1500,415.29000505589846,415.883096,True,Weighted respondent linearization; clustering unavailable; approximate
WVS,2011,private_ownership,55+,exclude_crimea_donetsk_luhansk,9,valid,0.02693059926628997,0.00849581486308073,0.010265652222207152,0.04359554631037278,442,442,1500,415.29000505589846,415.883096,True,Weighted respondent linearization; clustering unavailable; approximate
WVS,2011,private_ownership,55+,exclude_crimea_donetsk_luhansk,10,valid,0.05681758462238628,0.01117233207881838,0.03490252109369474,0.07873264815107782,442,442,1500,415.29000505589846,415.883096,True,Weighted respondent linearization; clustering unavailable; approximate
WVS,2011,competition,All,survey_coverage,1,valid,0.08028484302838913,0.0072890305672982094,0.06598706107758542,0.09458262497919284,1500,1500,1500,1366.4216831899291,1500.0003419999998,True,Weighted respondent linearization; clustering unavailable; approximate
WVS,2011,competition,All,survey_coverage,2,valid,0.028370567531510606,0.00457607016695344,0.019394387114293615,0.037346747948727596,1500,1500,1500,1366.4216831899291,1500.0003419999998,True,Weighted respondent linearization; clustering unavailable; approximate
WVS,2011,competition,All,survey_coverage,3,valid,0.04957975736248199,0.0059018771614553905,0.03800294313789908,0.061156571587064903,1500,1500,1500,1366.4216831899291,1500.0003419999998,True,Weighted respondent linearization; clustering unavailable; approximate
WVS,2011,competition,All,survey_coverage,4,valid,0.05262956333379291,0.005809581218797626,0.04123379201345916,0.06402533465412666,1500,1500,1500,1366.4216831899291,1500.0003419999998,True,Weighted respondent linearization; clustering unavailable; approximate
WVS,2011,competition,All,survey_coverage,5,valid,0.07068789721649278,0.0068960383009788,0.05716098838527729,0.08421480604770827,1500,1500,1500,1366.4216831899291,1500.0003419999998,True,Weighted respondent linearization; clustering unavailable; approximate
WVS,2011,competition,All,survey_coverage,6,valid,0.2133341100264896,0.01102680178961166,0.19170451111796996,0.23496370893500926,1500,1500,1500,1366.4216831899291,1500.0003419999998,True,Weighted respondent linearization; clustering unavailable; approximate
WVS,2011,competition,All,survey_coverage,7,valid,0.1033225677757879,0.008121735845701687,0.08739139460924267,0.11925374094233313,1500,1500,1500,1366.4216831899291,1500.0003419999998,True,Weighted respondent linearization; clustering unavailable; approximate
WVS,2011,competition,All,survey_coverage,8,valid,0.1100883868998478,0.008402315281338748,0.09360684375562457,0.12656993004407105,1500,1500,1500,1366.4216831899291,1500.0003419999998,True,Weighted respondent linearization; clustering unavailable; approximate
WVS,2011,competition,All,survey_coverage,9,valid,0.09129609385115726,0.007806311610494253,0.07598364040259871,0.10660854729971582,1500,1500,1500,1366.4216831899291,1500.0003419999998,True,Weighted respondent linearization; clustering unavailable; approximate
WVS,2011,competition,All,survey_coverage,10,valid,0.20040621297405012,0.01109530191153615,0.1786422478013425,0.22217017814675774,1500,1500,1500,1366.4216831899291,1500.0003419999998,True,Weighted respondent linearization; clustering unavailable; approximate
WVS,2011,competition,18-34,survey_coverage,1,valid,0.07072591886898584,0.012722768327814063,0.045769600510575686,0.095682237227396,467,467,1500,407.3426548509066,475.53923000000003,True,Weighted respondent linearization; clustering unavailable; approximate
WVS,2011,competition,18-34,survey_coverage,2,valid,0.015514265773614512,0.00603459779511955,0.003677113680643978,0.027351417866585046,467,467,1500,407.3426548509066,475.53923000000003,True,Weighted respondent linearization; clustering unavailable; approximate
WVS,2011,competition,18-34,survey_coverage,3,valid,0.051636877571593826,0.010492484487597284,0.031055367597015226,0.07221838754617242,467,467,1500,407.3426548509066,475.53923000000003,True,Weighted respondent linearization; clustering unavailable; approximate
WVS,2011,competition,18-34,survey_coverage,4,valid,0.05559699669783291,0.01085914291266337,0.03429626869232168,0.07689772470334415,467,467,1500,407.3426548509066,475.53923000000003,True,Weighted respondent linearization; clustering unavailable; approximate
WVS,2011,competition,18-34,survey_coverage,5,valid,0.05293997510993993,0.011267296059223391,0.030838635193397475,0.0750413150264824,467,467,1500,407.3426548509066,475.53923000000003,True,Weighted respondent linearization; clustering unavailable; approximate
WVS,2011,competition,18-34,survey_coverage,6,valid,0.20177067830975792,0.01962493063881912,0.16327543858167307,0.24026591803784278,467,467,1500,407.3426548509066,475.53923000000003,True,Weighted respondent linearization; clustering unavailable; approximate
WVS,2011,competition,18-34,survey_coverage,7,valid,0.11765710475663593,0.015375306697483495,0.08749770556662329,0.14781650394664858,467,467,1500,407.3426548509066,475.53923000000003,True,Weighted respondent linearization; clustering unavailable; approximate
WVS,2011,competition,18-34,survey_coverage,8,valid,0.1128591493913131,0.015084748006462192,0.08326969496552902,0.14244860381709717,467,467,1500,407.3426548509066,475.53923000000003,True,Weighted respondent linearization; clustering unavailable; approximate
WVS,2011,competition,18-34,survey_coverage,9,valid,0.10452658974108192,0.015493334687542729,0.07413567300557708,0.13491750647658676,467,467,1500,407.3426548509066,475.53923000000003,True,Weighted respondent linearization; clustering unavailable; approximate
WVS,2011,competition,18-34,survey_coverage,10,valid,0.216772443779244,0.021414230584386868,0.17476740666039375,0.25877748089809427,467,467,1500,407.3426548509066,475.53923000000003,True,Weighted respondent linearization; clustering unavailable; approximate
WVS,2011,competition,35-54,survey_coverage,1,valid,0.07911651559326577,0.012964508276305471,0.05368601276815364,0.1045470184183779,476,476,1500,437.8686945210743,491.442788,True,Weighted respondent linearization; clustering unavailable; approximate
WVS,2011,competition,35-54,survey_coverage,2,valid,0.026261705970950174,0.008222950084469676,0.010131996235946343,0.042391415705954005,476,476,1500,437.8686945210743,491.442788,True,Weighted respondent linearization; clustering unavailable; approximate
WVS,2011,competition,35-54,survey_coverage,3,valid,0.05163431963925778,0.010731188506687056,0.03058458031864817,0.07268405895986738,476,476,1500,437.8686945210743,491.442788,True,Weighted respondent linearization; clustering unavailable; approximate
WVS,2011,competition,35-54,survey_coverage,4,valid,0.050238171365737896,0.009801198815761997,0.03101265128725866,0.06946369144421713,476,476,1500,437.8686945210743,491.442788,True,Weighted respondent linearization; clustering unavailable; approximate
WVS,2011,competition,35-54,survey_coverage,5,valid,0.06771250858197558,0.01195305599627557,0.04426601776229962,0.09115899940165155,476,476,1500,437.8686945210743,491.442788,True,Weighted respondent linearization; clustering unavailable; approximate
WVS,2011,competition,35-54,survey_coverage,6,valid,0.20719379037870833,0.019374388192684007,0.16919000163730644,0.24519757912011023,476,476,1500,437.8686945210743,491.442788,True,Weighted respondent linearization; clustering unavailable; approximate
WVS,2011,competition,35-54,survey_coverage,7,valid,0.09169742256956266,0.01359950020304735,0.06502135272079057,0.11837349241833475,476,476,1500,437.8686945210743,491.442788,True,Weighted respondent linearization; clustering unavailable; approximate
WVS,2011,competition,35-54,survey_coverage,8,valid,0.11516417654703684,0.015482069143653507,0.08479535771448331,0.14553299537959039,476,476,1500,437.8686945210743,491.442788,True,Weighted respondent linearization; clustering unavailable; approximate
WVS,2011,competition,35-54,survey_coverage,9,valid,0.1041365042882672,0.014371162740227232,0.07594678147915482,0.1323262270973796,476,476,1500,437.8686945210743,491.442788,True,Weighted respondent linearization; clustering unavailable; approximate
WVS,2011,competition,35-54,survey_coverage,10,valid,0.20684488506523774,0.01946992221433425,0.16865370177282837,0.2450360683576471,476,476,1500,437.8686945210743,491.442788,True,Weighted respondent linearization; clustering unavailable; approximate
WVS,2011,competition,55+,survey_coverage,1,valid,0.08989015919835432,0.01220057546036636,0.06595814711580598,0.11382217128090265,557,557,1500,526.2122249509607,533.018324,True,Weighted respondent linearization; clustering unavailable; approximate
WVS,2011,competition,55+,survey_coverage,2,valid,0.04178485428579749,0.008867715843100797,0.02439040568859002,0.059179302883004964,557,557,1500,526.2122249509607,533.018324,True,Weighted respondent linearization; clustering unavailable; approximate
WVS,2011,competition,55+,survey_coverage,3,valid,0.045850164805966404,0.009506397502476296,0.02720291159812973,0.06449741801380307,557,557,1500,526.2122249509607,533.018324,True,Weighted respondent linearization; clustering unavailable; approximate
WVS,2011,competition,55+,survey_coverage,4,valid,0.05218699198041079,0.009578135185873452,0.033399021876767694,0.07097496208405388,557,557,1500,526.2122249509607,533.018324,True,Weighted respondent linearization; clustering unavailable; approximate
WVS,2011,competition,55+,survey_coverage,5,valid,0.08926524447215814,0.012369522098952127,0.0650018354805808,0.11352865346373547,557,557,1500,526.2122249509607,533.018324,True,Weighted respondent linearization; clustering unavailable; approximate
WVS,2011,competition,55+,survey_coverage,6,valid,0.22931194950813738,0.018334160242867374,0.19334861762424083,0.26527528139203393,557,557,1500,526.2122249509607,533.018324,True,Weighted respondent linearization; clustering unavailable; approximate
WVS,2011,competition,55+,survey_coverage,7,valid,0.10125220573092343,0.0132958656344325,0.07517172960544542,0.12733268185640145,557,557,1500,526.2122249509607,533.018324,True,Weighted respondent linearization; clustering unavailable; approximate
WVS,2011,competition,55+,survey_coverage,8,valid,0.10293653806918651,0.013193476561965765,0.07705690300463672,0.1288161731337363,557,557,1500,526.2122249509607,533.018324,True,Weighted respondent linearization; clustering unavailable; approximate
WVS,2011,competition,55+,survey_coverage,9,valid,0.06765347901998206,0.010668922618038838,0.04672587721692648,0.08858108082303764,557,557,1500,526.2122249509607,533.018324,True,Weighted respondent linearization; clustering unavailable; approximate
WVS,2011,competition,55+,survey_coverage,10,valid,0.17986841292908345,0.016868780002139948,0.14677949444810712,0.2129573314100598,557,557,1500,526.2122249509607,533.018324,True,Weighted respondent linearization; clustering unavailable; approximate
WVS,2011,competition,All,exclude_crimea_donetsk_luhansk,1,valid,0.08831473025780584,0.008607409535030119,0.07143088492928418,0.1051985755863275,1191,1191,1500,1085.046302762824,1187.3670189999998,True,Weighted respondent linearization; clustering unavailable; approximate
WVS,2011,competition,All,exclude_crimea_donetsk_luhansk,2,valid,0.024775283066877915,0.004522927747817623,0.015903344045567674,0.033647222088188156,1191,1191,1500,1085.046302762824,1187.3670189999998,True,Weighted respondent linearization; clustering unavailable; approximate
WVS,2011,competition,All,exclude_crimea_donetsk_luhansk,3,valid,0.045774624130771824,0.00637163227853815,0.033276362784749124,0.058272885476794524,1191,1191,1500,1085.046302762824,1187.3670189999998,True,Weighted respondent linearization; clustering unavailable; approximate
WVS,2011,competition,All,exclude_crimea_donetsk_luhansk,4,valid,0.05230542452855515,0.006529175045901162,0.039498135512133,0.0651127135449773,1191,1191,1500,1085.046302762824,1187.3670189999998,True,Weighted respondent linearization; clustering unavailable; approximate
WVS,2011,competition,All,exclude_crimea_donetsk_luhansk,5,valid,0.06944168793692931,0.007788837284650339,0.05416351121397189,0.08471986465988673,1191,1191,1500,1085.046302762824,1187.3670189999998,True,Weighted respondent linearization; clustering unavailable; approximate
WVS,2011,competition,All,exclude_crimea_donetsk_luhansk,6,valid,0.2008040657898719,0.012078711205225677,0.17711109627018723,0.22449703530955656,1191,1191,1500,1085.046302762824,1187.3670189999998,True,Weighted respondent linearization; clustering unavailable; approximate
WVS,2011,competition,All,exclude_crimea_donetsk_luhansk,7,valid,0.10920994681931621,0.009258316284362317,0.0910493167817262,0.12737057685690623,1191,1191,1500,1085.046302762824,1187.3670189999998,True,Weighted respondent linearization; clustering unavailable; approximate
WVS,2011,competition,All,exclude_crimea_donetsk_luhansk,8,valid,0.11146343370010686,0.009471522029925336,0.09288459039909676,0.13004227700111698,1191,1191,1500,1085.046302762824,1187.3670189999998,True,Weighted respondent linearization; clustering unavailable; approximate
WVS,2011,competition,All,exclude_crimea_donetsk_luhansk,9,valid,0.09702579838963846,0.009035786471621803,0.07930167121902659,0.11474992556025032,1191,1191,1500,1085.046302762824,1187.3670189999998,True,Weighted respondent linearization; clustering unavailable; approximate
WVS,2011,competition,All,exclude_crimea_donetsk_luhansk,10,valid,0.20088500538012674,0.012498751023695999,0.17636810767414968,0.2254019030861038,1191,1191,1500,1085.046302762824,1187.3670189999998,True,Weighted respondent linearization; clustering unavailable; approximate
WVS,2011,competition,18-34,exclude_crimea_donetsk_luhansk,1,valid,0.07810602816631675,0.01486891479129376,0.04893994091120472,0.10727211542142878,377,377,1500,329.759951044678,387.863635,True,Weighted respondent linearization; clustering unavailable; approximate
WVS,2011,competition,18-34,exclude_crimea_donetsk_luhansk,2,valid,0.019021226364776374,0.00738648172959047,0.004532289299936199,0.033510163429616546,377,377,1500,329.759951044678,387.863635,True,Weighted respondent linearization; clustering unavailable; approximate
WVS,2011,competition,18-34,exclude_crimea_donetsk_luhansk,3,valid,0.05076913951987275,0.011756696983454802,0.027707816291890258,0.07383046274785524,377,377,1500,329.759951044678,387.863635,True,Weighted respondent linearization; clustering unavailable; approximate
WVS,2011,competition,18-34,exclude_crimea_donetsk_luhansk,4,valid,0.05143751617756071,0.011628224783579326,0.028628197311969108,0.07424683504315231,377,377,1500,329.759951044678,387.863635,True,Weighted respondent linearization; clustering unavailable; approximate
WVS,2011,competition,18-34,exclude_crimea_donetsk_luhansk,5,valid,0.050508148308361,0.012466978376846292,0.02605357416824949,0.0749627224484725,377,377,1500,329.759951044678,387.863635,True,Weighted respondent linearization; clustering unavailable; approximate
WVS,2011,competition,18-34,exclude_crimea_donetsk_luhansk,6,valid,0.185441641106674,0.02120940672951832,0.14383837577190325,0.22704490644144473,377,377,1500,329.759951044678,387.863635,True,Weighted respondent linearization; clustering unavailable; approximate
WVS,2011,competition,18-34,exclude_crimea_donetsk_luhansk,7,valid,0.1200181553498822,0.016794810888270853,0.08707433082226905,0.15296197987749532,377,377,1500,329.759951044678,387.863635,True,Weighted respondent linearization; clustering unavailable; approximate
WVS,2011,competition,18-34,exclude_crimea_donetsk_luhansk,8,valid,0.11337739099980332,0.016772306595984703,0.08047770971745355,0.1462770722821531,377,377,1500,329.759951044678,387.863635,True,Weighted respondent linearization; clustering unavailable; approximate
WVS,2011,competition,18-34,exclude_crimea_donetsk_luhansk,9,valid,0.10881028844067837,0.017643687577396244,0.07420135170202757,0.14341922517932917,377,377,1500,329.759951044678,387.863635,True,Weighted respondent linearization; clustering unavailable; approximate
WVS,2011,competition,18-34,exclude_crimea_donetsk_luhansk,10,valid,0.2225104655660745,0.023912074388055208,0.17560578840287555,0.26941514272927347,377,377,1500,329.759951044678,387.863635,True,Weighted respondent linearization; clustering unavailable; approximate
WVS,2011,competition,35-54,exclude_crimea_donetsk_luhansk,1,valid,0.09097972159386941,0.015686138884279693,0.06021061020837741,0.12174883297936141,372,372,1500,344.9267403748936,383.620288,True,Weighted respondent linearization; clustering unavailable; approximate
WVS,2011,competition,35-54,exclude_crimea_donetsk_luhansk,2,valid,0.018012485825567182,0.00691018544744825,0.004457826690168065,0.0315671449609663,372,372,1500,344.9267403748936,383.620288,True,Weighted respondent linearization; clustering unavailable; approximate
WVS,2011,competition,35-54,exclude_crimea_donetsk_luhansk,3,valid,0.04181634418667659,0.010478950120294492,0.021261382520648863,0.06237130585270431,372,372,1500,344.9267403748936,383.620288,True,Weighted respondent linearization; clustering unavailable; approximate
WVS,2011,competition,35-54,exclude_crimea_donetsk_luhansk,4,valid,0.04994878685873881,0.011119052376547423,0.028138234013387192,0.07175933970409043,372,372,1500,344.9267403748936,383.620288,True,Weighted respondent linearization; clustering unavailable; approximate
WVS,2011,competition,35-54,exclude_crimea_donetsk_luhansk,5,valid,0.05565494492303807,0.012706403388695236,0.03073072717512733,0.0805791626709488,372,372,1500,344.9267403748936,383.620288,True,Weighted respondent linearization; clustering unavailable; approximate
WVS,2011,competition,35-54,exclude_crimea_donetsk_luhansk,6,valid,0.19330263367092823,0.02125849572330175,0.15160307792787622,0.23500218941398024,372,372,1500,344.9267403748936,383.620288,True,Weighted respondent linearization; clustering unavailable; approximate
WVS,2011,competition,35-54,exclude_crimea_donetsk_luhansk,7,valid,0.09394583687920072,0.015408775515497394,0.06372078700248898,0.12417088675591245,372,372,1500,344.9267403748936,383.620288,True,Weighted respondent linearization; clustering unavailable; approximate
WVS,2011,competition,35-54,exclude_crimea_donetsk_luhansk,8,valid,0.12103846290840592,0.017759946817350308,0.08620147811215922,0.15587544770465261,372,372,1500,344.9267403748936,383.620288,True,Weighted respondent linearization; clustering unavailable; approximate
WVS,2011,competition,35-54,exclude_crimea_donetsk_luhansk,9,valid,0.11656984888140222,0.017024130441111743,0.08317620308698237,0.14996349467582207,372,372,1500,344.9267403748936,383.620288,True,Weighted respondent linearization; clustering unavailable; approximate
WVS,2011,competition,35-54,exclude_crimea_donetsk_luhansk,10,valid,0.21873093427217277,0.0225656823338295,0.17446726949517227,0.26299459904917327,372,372,1500,344.9267403748936,383.620288,True,Weighted respondent linearization; clustering unavailable; approximate
WVS,2011,competition,55+,exclude_crimea_donetsk_luhansk,1,valid,0.09537738701454697,0.014211407747904616,0.06750103126086013,0.12325374276823381,442,442,1500,415.29000505589846,415.883096,True,Weighted respondent linearization; clustering unavailable; approximate
WVS,2011,competition,55+,exclude_crimea_donetsk_luhansk,2,valid,0.03637983160537018,0.008844906347183068,0.019030124924941404,0.053729538285798954,442,442,1500,415.29000505589846,415.883096,True,Weighted respondent linearization; clustering unavailable; approximate
WVS,2011,competition,55+,exclude_crimea_donetsk_luhansk,3,valid,0.044767816194193184,0.010827020221975087,0.023530098382272675,0.0660055340061137,442,442,1500,415.29000505589846,415.883096,True,Weighted respondent linearization; clustering unavailable; approximate
WVS,2011,competition,55+,exclude_crimea_donetsk_luhansk,4,valid,0.05528867660444655,0.011161269603681885,0.033395312649639006,0.0771820405592541,442,442,1500,415.29000505589846,415.883096,True,Weighted respondent linearization; clustering unavailable; approximate
WVS,2011,competition,55+,exclude_crimea_donetsk_luhansk,5,valid,0.09981682448569633,0.01478975365684245,0.07080601558055322,0.12882763339083944,442,442,1500,415.29000505589846,415.883096,True,Weighted respondent linearization; clustering unavailable; approximate
WVS,2011,competition,55+,exclude_crimea_donetsk_luhansk,6,valid,0.2220509678998831,0.020287420476584467,0.18225622268097366,0.2618457131187925,442,442,1500,415.29000505589846,415.883096,True,Weighted respondent linearization; clustering unavailable; approximate
WVS,2011,competition,55+,exclude_crimea_donetsk_luhansk,7,valid,0.11320989588862732,0.01584209592566555,0.0821348673100546,0.14428492446720004,442,442,1500,415.29000505589846,415.883096,True,Weighted respondent linearization; clustering unavailable; approximate
WVS,2011,competition,55+,exclude_crimea_donetsk_luhansk,8,valid,0.10084619548951324,0.014751948952231073,0.07190954231993159,0.12978284865909487,442,442,1500,415.29000505589846,415.883096,True,Weighted respondent linearization; clustering unavailable; approximate
WVS,2011,competition,55+,exclude_crimea_donetsk_luhansk,9,valid,0.0680073806125556,0.012007563997321717,0.044453969742766455,0.09156079148234474,442,442,1500,415.29000505589846,415.883096,True,Weighted respondent linearization; clustering unavailable; approximate
WVS,2011,competition,55+,exclude_crimea_donetsk_luhansk,10,valid,0.1642550242051675,0.01827510663438628,0.12840752879769607,0.20010251961263892,442,442,1500,415.29000505589846,415.883096,True,Weighted respondent linearization; clustering unavailable; approximate
WVS,2011,individual_responsibility,All,survey_coverage,1,valid,0.44897388430062113,0.013475896442558422,0.4225402691376201,0.47540749946362215,1500,1500,1500,1366.4216831899291,1500.0003419999998,True,Weighted respondent linearization; clustering unavailable; approximate
WVS,2011,individual_responsibility,All,survey_coverage,2,valid,0.1235720471589066,0.00885712517216339,0.10619837266908937,0.14094572164872385,1500,1500,1500,1366.4216831899291,1500.0003419999998,True,Weighted respondent linearization; clustering unavailable; approximate
WVS,2011,individual_responsibility,All,survey_coverage,3,valid,0.11057490545558823,0.008424042950528683,0.09405074244943568,0.1270990684617408,1500,1500,1500,1366.4216831899291,1500.0003419999998,True,Weighted respondent linearization; clustering unavailable; approximate
WVS,2011,individual_responsibility,All,survey_coverage,4,valid,0.07077588386309848,0.0069291998054843785,0.057183927155323305,0.08436784057087365,1500,1500,1500,1366.4216831899291,1500.0003419999998,True,Weighted respondent linearization; clustering unavailable; approximate
WVS,2011,individual_responsibility,All,survey_coverage,5,valid,0.08870490777528103,0.007568176577986459,0.07385956757836933,0.10355024797219274,1500,1500,1500,1366.4216831899291,1500.0003419999998,True,Weighted respondent linearization; clustering unavailable; approximate
WVS,2011,individual_responsibility,All,survey_coverage,6,valid,0.03684384893293578,0.004956125303099226,0.027122172195498305,0.04656552567037326,1500,1500,1500,1366.4216831899291,1500.0003419999998,True,Weighted respondent linearization; clustering unavailable; approximate
WVS,2011,individual_responsibility,All,survey_coverage,7,valid,0.025986792741677926,0.004057292007552302,0.018028220487230122,0.03394536499612573,1500,1500,1500,1366.4216831899291,1500.0003419999998,True,Weighted respondent linearization; clustering unavailable; approximate
WVS,2011,individual_responsibility,All,survey_coverage,8,valid,0.03405147556959691,0.005031577720565767,0.02418179530787218,0.04392115583132164,1500,1500,1500,1366.4216831899291,1500.0003419999998,True,Weighted respondent linearization; clustering unavailable; approximate
WVS,2011,individual_responsibility,All,survey_coverage,9,valid,0.02041378201232437,0.004316602969971082,0.011946558907275036,0.028881005117373702,1500,1500,1500,1366.4216831899291,1500.0003419999998,True,Weighted respondent linearization; clustering unavailable; approximate
WVS,2011,individual_responsibility,All,survey_coverage,10,valid,0.04010247218996968,0.0052310336827627165,0.02984154952228303,0.05036339485765633,1500,1500,1500,1366.4216831899291,1500.0003419999998,True,Weighted respondent linearization; clustering unavailable; approximate
WVS,2011,individual_responsibility,18-34,survey_coverage,1,valid,0.41514017255737234,0.024652051226202062,0.36678399544739915,0.46349634966734554,467,467,1500,407.3426548509066,475.53923000000003,True,Weighted respondent linearization; clustering unavailable; approximate
WVS,2011,individual_responsibility,18-34,survey_coverage,2,valid,0.08455879023903033,0.012708714249681346,0.05963003962681165,0.10948754085124901,467,467,1500,407.3426548509066,475.53923000000003,True,Weighted respondent linearization; clustering unavailable; approximate
WVS,2011,individual_responsibility,18-34,survey_coverage,3,valid,0.10356199003812996,0.014200659324893807,0.07570671783006756,0.13141726224619238,467,467,1500,407.3426548509066,475.53923000000003,True,Weighted respondent linearization; clustering unavailable; approximate
WVS,2011,individual_responsibility,18-34,survey_coverage,4,valid,0.10726828573112673,0.014931100742215798,0.07798021776013245,0.13655635370212102,467,467,1500,407.3426548509066,475.53923000000003,True,Weighted respondent linearization; clustering unavailable; approximate
WVS,2011,individual_responsibility,18-34,survey_coverage,5,valid,0.07691875389544622,0.01296447346321662,0.05148831935787231,0.10234918843302013,467,467,1500,407.3426548509066,475.53923000000003,True,Weighted respondent linearization; clustering unavailable; approximate
WVS,2011,individual_responsibility,18-34,survey_coverage,6,valid,0.05388372269518121,0.010657713539780424,0.03297810803504246,0.07478933735531997,467,467,1500,407.3426548509066,475.53923000000003,True,Weighted respondent linearization; clustering unavailable; approximate
WVS,2011,individual_responsibility,18-34,survey_coverage,7,valid,0.035163521629961,0.008651333632873891,0.018193517083480572,0.05213352617644143,467,467,1500,407.3426548509066,475.53923000000003,True,Weighted respondent linearization; clustering unavailable; approximate
WVS,2011,individual_responsibility,18-34,survey_coverage,8,valid,0.05393920917944035,0.011730944525604031,0.030928400628773053,0.07695001773010765,467,467,1500,407.3426548509066,475.53923000000003,True,Weighted respondent linearization; clustering unavailable; approximate
WVS,2011,individual_responsibility,18-34,survey_coverage,9,valid,0.02870858414772636,0.01005746520866176,0.008980385287319894,0.048436783008132825,467,467,1500,407.3426548509066,475.53923000000003,True,Weighted respondent linearization; clustering unavailable; approximate
WVS,2011,individual_responsibility,18-34,survey_coverage,10,valid,0.040856969886585374,0.009734456899155176,0.021762367268502624,0.05995157250466812,467,467,1500,407.3426548509066,475.53923000000003,True,Weighted respondent linearization; clustering unavailable; approximate
WVS,2011,individual_responsibility,35-54,survey_coverage,1,valid,0.4277423621485722,0.023645975126557854,0.38135965140917016,0.47412507288797423,476,476,1500,437.8686945210743,491.442788,True,Weighted respondent linearization; clustering unavailable; approximate
WVS,2011,individual_responsibility,35-54,survey_coverage,2,valid,0.15855237659932858,0.017935864250867413,0.12337032134651707,0.1937344318521401,476,476,1500,437.8686945210743,491.442788,True,Weighted respondent linearization; clustering unavailable; approximate
WVS,2011,individual_responsibility,35-54,survey_coverage,3,valid,0.12511785603820885,0.016036085489186707,0.09366230765602868,0.15657340442038903,476,476,1500,437.8686945210743,491.442788,True,Weighted respondent linearization; clustering unavailable; approximate
WVS,2011,individual_responsibility,35-54,survey_coverage,4,valid,0.05266535114968459,0.010700923714079285,0.031674977666753534,0.07365572463261565,476,476,1500,437.8686945210743,491.442788,True,Weighted respondent linearization; clustering unavailable; approximate
WVS,2011,individual_responsibility,35-54,survey_coverage,5,valid,0.08257201650093193,0.012703678714270753,0.05765314333217318,0.10749088966969068,476,476,1500,437.8686945210743,491.442788,True,Weighted respondent linearization; clustering unavailable; approximate
WVS,2011,individual_responsibility,35-54,survey_coverage,6,valid,0.033027997147045324,0.008279283075790893,0.016787787556249857,0.04926820673784079,476,476,1500,437.8686945210743,491.442788,True,Weighted respondent linearization; clustering unavailable; approximate
WVS,2011,individual_responsibility,35-54,survey_coverage,7,valid,0.02580212042912307,0.006900016277083917,0.012267408607587902,0.03933683225065824,476,476,1500,437.8686945210743,491.442788,True,Weighted respondent linearization; clustering unavailable; approximate
WVS,2011,individual_responsibility,35-54,survey_coverage,8,valid,0.033607531544445,0.008458023280940958,0.0170167144955682,0.0501983485933218,476,476,1500,437.8686945210743,491.442788,True,Weighted respondent linearization; clustering unavailable; approximate
WVS,2011,individual_responsibility,35-54,survey_coverage,9,valid,0.022295219845611,0.007262798467389585,0.00804889341295093,0.03654154627827107,476,476,1500,437.8686945210743,491.442788,True,Weighted respondent linearization; clustering unavailable; approximate
WVS,2011,individual_responsibility,35-54,survey_coverage,10,valid,0.03861716859704939,0.009025389889991242,0.020913434818372854,0.05632090237572593,476,476,1500,437.8686945210743,491.442788,True,Weighted respondent linearization; clustering unavailable; approximate
WVS,2011,individual_responsibility,55+,survey_coverage,1,valid,0.49873452943430147,0.02180351602175443,0.4559658903180778,0.5415031685505252,557,557,1500,526.2122249509607,533.018324,True,Weighted respondent linearization; clustering unavailable; approximate
WVS,2011,individual_responsibility,55+,survey_coverage,2,valid,0.12612637497242962,0.014500913804925904,0.09768213924643233,0.15457061069842692,557,557,1500,526.2122249509607,533.018324,True,Weighted respondent linearization; clustering unavailable; approximate
WVS,2011,individual_responsibility,55+,survey_coverage,3,valid,0.10342297162751951,0.01348259092072344,0.07697622492553069,0.12986971832950833,557,557,1500,526.2122249509607,533.018324,True,Weighted respondent linearization; clustering unavailable; approximate
WVS,2011,individual_responsibility,55+,survey_coverage,4,valid,0.05491662046500301,0.01013948034389378,0.03502754499564472,0.07480569593436129,557,557,1500,526.2122249509607,533.018324,True,Weighted respondent linearization; clustering unavailable; approximate
WVS,2011,individual_responsibility,55+,survey_coverage,5,valid,0.1048746027725681,0.013468109640785942,0.07845626179353561,0.1312929437516006,557,557,1500,526.2122249509607,533.018324,True,Weighted respondent linearization; clustering unavailable; approximate
WVS,2011,individual_responsibility,55+,survey_coverage,6,valid,0.02515971852404834,0.006729217891222087,0.011960035902357351,0.03835940114573933,557,557,1500,526.2122249509607,533.018324,True,Weighted respondent linearization; clustering unavailable; approximate
WVS,2011,individual_responsibility,55+,survey_coverage,7,valid,0.017969922549979728,0.00548703684054864,0.007206837448627081,0.028733007651332375,557,557,1500,526.2122249509607,533.018324,True,Weighted respondent linearization; clustering unavailable; approximate
WVS,2011,individual_responsibility,55+,survey_coverage,8,valid,0.016717691679207634,0.005315806138261138,0.0062904837870374365,0.027144899571377834,557,557,1500,526.2122249509607,533.018324,True,Weighted respondent linearization; clustering unavailable; approximate
WVS,2011,individual_responsibility,55+,survey_coverage,9,valid,0.011278781102467314,0.004631265490347808,0.002194332419489806,0.020363229785444824,557,557,1500,526.2122249509607,533.018324,True,Weighted respondent linearization; clustering unavailable; approximate
WVS,2011,individual_responsibility,55+,survey_coverage,10,valid,0.040798786872475325,0.008486875038443802,0.02415137572183637,0.05744619802311428,557,557,1500,526.2122249509607,533.018324,True,Weighted respondent linearization; clustering unavailable; approximate
WVS,2011,individual_responsibility,All,exclude_crimea_donetsk_luhansk,1,valid,0.4538980411077092,0.015158632263936721,0.4241636591784369,0.4836324230369815,1191,1191,1500,1085.046302762824,1187.3670189999998,True,Weighted respondent linearization; clustering unavailable; approximate
WVS,2011,individual_responsibility,All,exclude_crimea_donetsk_luhansk,2,valid,0.1224277149978679,0.009782605707949246,0.10323866618931134,0.1416167638064245,1191,1191,1500,1085.046302762824,1187.3670189999998,True,Weighted respondent linearization; clustering unavailable; approximate
WVS,2011,individual_responsibility,All,exclude_crimea_donetsk_luhansk,3,valid,0.10713041962975393,0.009316551307737331,0.08885555880956143,0.12540528044994642,1191,1191,1500,1085.046302762824,1187.3670189999998,True,Weighted respondent linearization; clustering unavailable; approximate
WVS,2011,individual_responsibility,All,exclude_crimea_donetsk_luhansk,4,valid,0.07523329482002399,0.008042981276249011,0.05945660250676474,0.09100998713328323,1191,1191,1500,1085.046302762824,1187.3670189999998,True,Weighted respondent linearization; clustering unavailable; approximate
WVS,2011,individual_responsibility,All,exclude_crimea_donetsk_luhansk,5,valid,0.07859866537189039,0.008016309361035662,0.06287429129552286,0.09432303944825793,1191,1191,1500,1085.046302762824,1187.3670189999998,True,Weighted respondent linearization; clustering unavailable; approximate
WVS,2011,individual_responsibility,All,exclude_crimea_donetsk_luhansk,6,valid,0.03659227122258481,0.005456871301845347,0.025888357267631685,0.04729618517753793,1191,1191,1500,1085.046302762824,1187.3670189999998,True,Weighted respondent linearization; clustering unavailable; approximate
WVS,2011,individual_responsibility,All,exclude_crimea_donetsk_luhansk,7,valid,0.029547216183878188,0.0048375214437295045,0.020058186587118106,0.03903624578063827,1191,1191,1500,1085.046302762824,1187.3670189999998,True,Weighted respondent linearization; clustering unavailable; approximate
WVS,2011,individual_responsibility,All,exclude_crimea_donetsk_luhansk,8,valid,0.034562598879125515,0.005240998194571281,0.024282130345116913,0.04484306741313412,1191,1191,1500,1085.046302762824,1187.3670189999998,True,Weighted respondent linearization; clustering unavailable; approximate
WVS,2011,individual_responsibility,All,exclude_crimea_donetsk_luhansk,9,valid,0.022792081611625097,0.005232226888056381,0.012528818414707045,0.03305534480854315,1191,1191,1500,1085.046302762824,1187.3670189999998,True,Weighted respondent linearization; clustering unavailable; approximate
WVS,2011,individual_responsibility,All,exclude_crimea_donetsk_luhansk,10,valid,0.03921769617554116,0.005766731328251005,0.027905976964194314,0.05052941538688801,1191,1191,1500,1085.046302762824,1187.3670189999998,True,Weighted respondent linearization; clustering unavailable; approximate
WVS,2011,individual_responsibility,18-34,exclude_crimea_donetsk_luhansk,1,valid,0.42536051362484656,0.027565049217800067,0.37129035168212277,0.47943067556757035,377,377,1500,329.759951044678,387.863635,True,Weighted respondent linearization; clustering unavailable; approximate
WVS,2011,individual_responsibility,18-34,exclude_crimea_donetsk_luhansk,2,valid,0.09139716849196237,0.014739231277810112,0.06248546164879731,0.12030887533512744,377,377,1500,329.759951044678,387.863635,True,Weighted respondent linearization; clustering unavailable; approximate
WVS,2011,individual_responsibility,18-34,exclude_crimea_donetsk_luhansk,3,valid,0.09717668427461626,0.015137333558700337,0.06748408077396936,0.12686928777526316,377,377,1500,329.759951044678,387.863635,True,Weighted respondent linearization; clustering unavailable; approximate
WVS,2011,individual_responsibility,18-34,exclude_crimea_donetsk_luhansk,4,valid,0.11311226431423509,0.017191195594552598,0.07939091223385294,0.14683361639461723,377,377,1500,329.759951044678,387.863635,True,Weighted respondent linearization; clustering unavailable; approximate
WVS,2011,individual_responsibility,18-34,exclude_crimea_donetsk_luhansk,5,valid,0.06498962193246088,0.013544268760180365,0.038421891199521746,0.09155735266540002,377,377,1500,329.759951044678,387.863635,True,Weighted respondent linearization; clustering unavailable; approximate
WVS,2011,individual_responsibility,18-34,exclude_crimea_donetsk_luhansk,6,valid,0.05465505937415349,0.011595367546850421,0.03191019154933039,0.07739992719897659,377,377,1500,329.759951044678,387.863635,True,Weighted respondent linearization; clustering unavailable; approximate
WVS,2011,individual_responsibility,18-34,exclude_crimea_donetsk_luhansk,7,valid,0.03595132603756473,0.009721579072792677,0.01688198389158884,0.055020668183540615,377,377,1500,329.759951044678,387.863635,True,Weighted respondent linearization; clustering unavailable; approximate
WVS,2011,individual_responsibility,18-34,exclude_crimea_donetsk_luhansk,8,valid,0.04717914067917195,0.010623334396348471,0.02634096235256303,0.06801731900578087,377,377,1500,329.759951044678,387.863635,True,Weighted respondent linearization; clustering unavailable; approximate
WVS,2011,individual_responsibility,18-34,exclude_crimea_donetsk_luhansk,9,valid,0.030048119875945575,0.011778323670972906,0.006944374866411054,0.0531518648854801,377,377,1500,329.759951044678,387.863635,True,Weighted respondent linearization; clustering unavailable; approximate
WVS,2011,individual_responsibility,18-34,exclude_crimea_donetsk_luhansk,10,valid,0.040130101395043125,0.010329971455506796,0.01986736850275834,0.06039283428732791,377,377,1500,329.759951044678,387.863635,True,Weighted respondent linearization; clustering unavailable; approximate
WVS,2011,individual_responsibility,35-54,exclude_crimea_donetsk_luhansk,1,valid,0.43340642870274887,0.02674551566784472,0.38094382100066715,0.4858690364048306,372,372,1500,344.9267403748936,383.620288,True,Weighted respondent linearization; clustering unavailable; approximate
WVS,2011,individual_responsibility,35-54,exclude_crimea_donetsk_luhansk,2,valid,0.15295356589691106,0.01945958874257892,0.11478265220339944,0.19112447959042267,372,372,1500,344.9267403748936,383.620288,True,Weighted respondent linearization; clustering unavailable; approximate
WVS,2011,individual_responsibility,35-54,exclude_crimea_donetsk_luhansk,3,valid,0.1280404726665551,0.018490754158955982,0.09176997432939901,0.1643109710037112,372,372,1500,344.9267403748936,383.620288,True,Weighted respondent linearization; clustering unavailable; approximate
WVS,2011,individual_responsibility,35-54,exclude_crimea_donetsk_luhansk,4,valid,0.05278955945103717,0.011898473013088934,0.029450135762527894,0.07612898313954646,372,372,1500,344.9267403748936,383.620288,True,Weighted respondent linearization; clustering unavailable; approximate
WVS,2011,individual_responsibility,35-54,exclude_crimea_donetsk_luhansk,5,valid,0.06997233159889603,0.013135138726825575,0.04420712898714162,0.09573753421065044,372,372,1500,344.9267403748936,383.620288,True,Weighted respondent linearization; clustering unavailable; approximate
WVS,2011,individual_responsibility,35-54,exclude_crimea_donetsk_luhansk,6,valid,0.02779628015919742,0.00842768538230751,0.01126497234896378,0.04432758796943106,372,372,1500,344.9267403748936,383.620288,True,Weighted respondent linearization; clustering unavailable; approximate
WVS,2011,individual_responsibility,35-54,exclude_crimea_donetsk_luhansk,7,valid,0.033054211147456304,0.008811956429660924,0.015769137305603097,0.05033928498930951,372,372,1500,344.9267403748936,383.620288,True,Weighted respondent linearization; clustering unavailable; approximate
WVS,2011,individual_responsibility,35-54,exclude_crimea_donetsk_luhansk,8,valid,0.03604757473097982,0.00964578943126118,0.017126897590417484,0.054968251871542154,372,372,1500,344.9267403748936,383.620288,True,Weighted respondent linearization; clustering unavailable; approximate
WVS,2011,individual_responsibility,35-54,exclude_crimea_donetsk_luhansk,9,valid,0.02682830737043813,0.009118201011635992,0.008942520139298433,0.044714094601577825,372,372,1500,344.9267403748936,383.620288,True,Weighted respondent linearization; clustering unavailable; approximate
WVS,2011,individual_responsibility,35-54,exclude_crimea_donetsk_luhansk,10,valid,0.03911126827578003,0.01031606166437779,0.018875820103830484,0.05934671644772957,372,372,1500,344.9267403748936,383.620288,True,Weighted respondent linearization; clustering unavailable; approximate
WVS,2011,individual_responsibility,55+,exclude_crimea_donetsk_luhansk,1,valid,0.4994148403665822,0.024543556368542222,0.45127148110711485,0.5475581996260495,442,442,1500,415.29000505589846,415.883096,True,Weighted respondent linearization; clustering unavailable; approximate
WVS,2011,individual_responsibility,55+,exclude_crimea_donetsk_luhansk,2,valid,0.12320986953506761,0.016172929788298665,0.09148589451756897,0.15493384455256626,442,442,1500,415.29000505589846,415.883096,True,Weighted respondent linearization; clustering unavailable; approximate
WVS,2011,individual_responsibility,55+,exclude_crimea_donetsk_luhansk,3,valid,0.09712561628135999,0.014633088657909327,0.06842211326187445,0.12582911930084553,442,442,1500,415.29000505589846,415.883096,True,Weighted respondent linearization; clustering unavailable; approximate
WVS,2011,individual_responsibility,55+,exclude_crimea_donetsk_luhansk,4,valid,0.060608986617720094,0.01204631436265675,0.03697956505364741,0.08423840818179278,442,442,1500,415.29000505589846,415.883096,True,Weighted respondent linearization; clustering unavailable; approximate
WVS,2011,individual_responsibility,55+,exclude_crimea_donetsk_luhansk,5,valid,0.09924795308343093,0.014678066809023395,0.070456223270102,0.12803968289675988,442,442,1500,415.29000505589846,415.883096,True,Weighted respondent linearization; clustering unavailable; approximate
WVS,2011,individual_responsibility,55+,exclude_crimea_donetsk_luhansk,6,valid,0.02786006238637792,0.008048115815543346,0.012073298428807343,0.043646826343948494,442,442,1500,415.29000505589846,415.883096,True,Weighted respondent linearization; clustering unavailable; approximate
WVS,2011,individual_responsibility,55+,exclude_crimea_donetsk_luhansk,7,valid,0.020339638906602734,0.006500093718278384,0.007589394304708881,0.033089883508496586,442,442,1500,415.29000505589846,415.883096,True,Weighted respondent linearization; clustering unavailable; approximate
WVS,2011,individual_responsibility,55+,exclude_crimea_donetsk_luhansk,8,valid,0.021426300048511707,0.0067975552115785536,0.008092570505692061,0.03476002959133136,442,442,1500,415.29000505589846,415.883096,True,Weighted respondent linearization; clustering unavailable; approximate
WVS,2011,individual_responsibility,55+,exclude_crimea_donetsk_luhansk,9,valid,0.01230179838807394,0.005531668267036806,0.0014511666098087211,0.02315243016633916,442,442,1500,415.29000505589846,415.883096,True,Weighted respondent linearization; clustering unavailable; approximate
WVS,2011,individual_responsibility,55+,exclude_crimea_donetsk_luhansk,10,valid,0.03846493438627281,0.009365921594243168,0.020093231388675255,0.05683663738387037,442,442,1500,415.29000505589846,415.883096,True,Weighted respondent linearization; clustering unavailable; approximate
WVS,2011,income_incentives,All,survey_coverage,1,valid,0.32310320166580336,0.012603435561826542,0.2983809602332509,0.34782544309835584,1500,1500,1500,1366.4216831899291,1500.0003419999998,True,Weighted respondent linearization; clustering unavailable; approximate
WVS,2011,income_incentives,All,survey_coverage,2,valid,0.11125568730036998,0.00825880414583625,0.09505564810979082,0.12745572649094913,1500,1500,1500,1366.4216831899291,1500.0003419999998,True,Weighted respondent linearization; clustering unavailable; approximate
WVS,2011,income_incentives,All,survey_coverage,3,valid,0.147187549774572,0.009874021948510607,0.12781918363948747,0.16655591590965652,1500,1500,1500,1366.4216831899291,1500.0003419999998,True,Weighted respondent linearization; clustering unavailable; approximate
WVS,2011,income_incentives,All,survey_coverage,4,valid,0.09097649259069303,0.007734217883535384,0.07580545443440985,0.10614753074697621,1500,1500,1500,1366.4216831899291,1500.0003419999998,True,Weighted respondent linearization; clustering unavailable; approximate
WVS,2011,income_incentives,All,survey_coverage,5,valid,0.13608118830682242,0.009218870726155678,0.1179979326175712,0.15416444399607365,1500,1500,1500,1366.4216831899291,1500.0003419999998,True,Weighted respondent linearization; clustering unavailable; approximate
WVS,2011,income_incentives,All,survey_coverage,6,valid,0.05314176588367739,0.006024575094411978,0.04132427379733626,0.06495925797001852,1500,1500,1500,1366.4216831899291,1500.0003419999998,True,Weighted respondent linearization; clustering unavailable; approximate
WVS,2011,income_incentives,All,survey_coverage,7,valid,0.0351088226618551,0.005267255141747989,0.02477684987059854,0.045440795453111665,1500,1500,1500,1366.4216831899291,1500.0003419999998,True,Weighted respondent linearization; clustering unavailable; approximate
WVS,2011,income_incentives,All,survey_coverage,8,valid,0.048051225044320696,0.005823168337457329,0.036628801941127415,0.05947364814751398,1500,1500,1500,1366.4216831899291,1500.0003419999998,True,Weighted respondent linearization; clustering unavailable; approximate
WVS,2011,income_incentives,All,survey_coverage,9,valid,0.016706608190893334,0.0033825731481907702,0.010071529237808095,0.023341687143978572,1500,1500,1500,1366.4216831899291,1500.0003419999998,True,Weighted respondent linearization; clustering unavailable; approximate
WVS,2011,income_incentives,All,survey_coverage,10,valid,0.03838745858099278,0.005312166879294254,0.027967389269281343,0.04880752789270422,1500,1500,1500,1366.4216831899291,1500.0003419999998,True,Weighted respondent linearization; clustering unavailable; approximate
WVS,2011,income_incentives,18-34,survey_coverage,1,valid,0.27199007955663296,0.022210523789110797,0.22842307524544733,0.31555708386781856,467,467,1500,407.3426548509066,475.53923000000003,True,Weighted respondent linearization; clustering unavailable; approximate
WVS,2011,income_incentives,18-34,survey_coverage,2,valid,0.08757289067402493,0.01302474653152957,0.06202422763126259,0.11312155371678728,467,467,1500,407.3426548509066,475.53923000000003,True,Weighted respondent linearization; clustering unavailable; approximate
WVS,2011,income_incentives,18-34,survey_coverage,3,valid,0.16546191362592735,0.018936603905779545,0.1283168596940254,0.2026069675578293,467,467,1500,407.3426548509066,475.53923000000003,True,Weighted respondent linearization; clustering unavailable; approximate
WVS,2011,income_incentives,18-34,survey_coverage,4,valid,0.11158553417348974,0.01497846021699004,0.08220456832844007,0.14096650001853941,467,467,1500,407.3426548509066,475.53923000000003,True,Weighted respondent linearization; clustering unavailable; approximate
WVS,2011,income_incentives,18-34,survey_coverage,5,valid,0.14017419551274457,0.016775890352281823,0.1072674845210764,0.17308090650441274,467,467,1500,407.3426548509066,475.53923000000003,True,Weighted respondent linearization; clustering unavailable; approximate
WVS,2011,income_incentives,18-34,survey_coverage,6,valid,0.057895181434347694,0.011129477258862656,0.03606417968391469,0.0797261831847807,467,467,1500,407.3426548509066,475.53923000000003,True,Weighted respondent linearization; clustering unavailable; approximate
WVS,2011,income_incentives,18-34,survey_coverage,7,valid,0.05538885193551749,0.01253625499054359,0.030798388405481093,0.0799793154655539,467,467,1500,407.3426548509066,475.53923000000003,True,Weighted respondent linearization; clustering unavailable; approximate
WVS,2011,income_incentives,18-34,survey_coverage,8,valid,0.04361784200222554,0.009989595012657419,0.024022773776197534,0.06321291022825355,467,467,1500,407.3426548509066,475.53923000000003,True,Weighted respondent linearization; clustering unavailable; approximate
WVS,2011,income_incentives,18-34,survey_coverage,9,valid,0.01752149028798318,0.006298642260777625,0.005166402351495529,0.02987657822447083,467,467,1500,407.3426548509066,475.53923000000003,True,Weighted respondent linearization; clustering unavailable; approximate
WVS,2011,income_incentives,18-34,survey_coverage,10,valid,0.04879202079710647,0.011421070269597102,0.026389045414876112,0.07119499617933683,467,467,1500,407.3426548509066,475.53923000000003,True,Weighted respondent linearization; clustering unavailable; approximate
WVS,2011,income_incentives,35-54,survey_coverage,1,valid,0.2800779141762479,0.021463203930759497,0.2379768134970418,0.32217901485545397,476,476,1500,437.8686945210743,491.442788,True,Weighted respondent linearization; clustering unavailable; approximate
WVS,2011,income_incentives,35-54,survey_coverage,2,valid,0.13375465182327592,0.015851628040847117,0.10266092554503825,0.1648483781015136,476,476,1500,437.8686945210743,491.442788,True,Weighted respondent linearization; clustering unavailable; approximate
WVS,2011,income_incentives,35-54,survey_coverage,3,valid,0.14371532704230058,0.01718224299859819,0.11001153590691215,0.17741911817768902,476,476,1500,437.8686945210743,491.442788,True,Weighted respondent linearization; clustering unavailable; approximate
WVS,2011,income_incentives,35-54,survey_coverage,4,valid,0.10455391401531769,0.014990909924909456,0.07514852747295586,0.13395930055767952,476,476,1500,437.8686945210743,491.442788,True,Weighted respondent linearization; clustering unavailable; approximate
WVS,2011,income_incentives,35-54,survey_coverage,5,valid,0.15390612467386539,0.017245591064096743,0.12007807327929144,0.18773417606843934,476,476,1500,437.8686945210743,491.442788,True,Weighted respondent linearization; clustering unavailable; approximate
WVS,2011,income_incentives,35-54,survey_coverage,6,valid,0.05064918970791774,0.00994357260273748,0.031144396639307508,0.07015398277652798,476,476,1500,437.8686945210743,491.442788,True,Weighted respondent linearization; clustering unavailable; approximate
WVS,2011,income_incentives,35-54,survey_coverage,7,valid,0.01706650744460614,0.006471935786597221,0.004371495971952974,0.02976151891725931,476,476,1500,437.8686945210743,491.442788,True,Weighted respondent linearization; clustering unavailable; approximate
WVS,2011,income_incentives,35-54,survey_coverage,8,valid,0.06382290220932085,0.011960672730149797,0.040361470801989846,0.08728433361665186,476,476,1500,437.8686945210743,491.442788,True,Weighted respondent linearization; clustering unavailable; approximate
WVS,2011,income_incentives,35-54,survey_coverage,9,valid,0.016994847017675632,0.005737107020066359,0.0057412373031894195,0.028248456732161843,476,476,1500,437.8686945210743,491.442788,True,Weighted respondent linearization; clustering unavailable; approximate
WVS,2011,income_incentives,35-54,survey_coverage,10,valid,0.0354586218894721,0.008426749031108542,0.01892915077688277,0.05198809300206143,476,476,1500,437.8686945210743,491.442788,True,Weighted respondent linearization; clustering unavailable; approximate
WVS,2011,income_incentives,55+,survey_coverage,1,valid,0.4083737447645421,0.021349432008558263,0.3664958131502395,0.45025167637884467,557,557,1500,526.2122249509607,533.018324,True,Weighted respondent linearization; clustering unavailable; approximate
WVS,2011,income_incentives,55+,survey_coverage,2,valid,0.11164056153536665,0.01374579661765384,0.0846775242748221,0.13860359879591122,557,557,1500,526.2122249509607,533.018324,True,Weighted respondent linearization; clustering unavailable; approximate
WVS,2011,income_incentives,55+,survey_coverage,3,valid,0.13408522705872306,0.015313031074316702,0.10404798448098804,0.16412246963645807,557,557,1500,526.2122249509607,533.018324,True,Weighted respondent linearization; clustering unavailable; approximate
WVS,2011,income_incentives,55+,survey_coverage,4,valid,0.06007148827401289,0.010058454314658299,0.04034134923490444,0.07980162731312133,557,557,1500,526.2122249509607,533.018324,True,Weighted respondent linearization; clustering unavailable; approximate
WVS,2011,income_incentives,55+,survey_coverage,5,valid,0.11599497093462025,0.013962504687721065,0.0886068504336923,0.14338309143554817,557,557,1500,526.2122249509607,533.018324,True,Weighted respondent linearization; clustering unavailable; approximate
WVS,2011,income_incentives,55+,survey_coverage,6,valid,0.05119909911389838,0.010238408290477166,0.031115971747510626,0.07128222648028613,557,557,1500,526.2122249509607,533.018324,True,Weighted respondent linearization; clustering unavailable; approximate
WVS,2011,income_incentives,55+,survey_coverage,7,valid,0.033650741808268485,0.007525840217914931,0.018888446405764578,0.04841303721077239,557,557,1500,526.2122249509607,533.018324,True,Weighted respondent linearization; clustering unavailable; approximate
WVS,2011,income_incentives,55+,survey_coverage,8,valid,0.037465042196185364,0.008154809914646214,0.02146899266211381,0.05346109173025691,557,557,1500,526.2122249509607,533.018324,True,Weighted respondent linearization; clustering unavailable; approximate
WVS,2011,income_incentives,55+,survey_coverage,9,valid,0.015713844389334725,0.005573320071224595,0.004781510605756703,0.026646178172912746,557,557,1500,526.2122249509607,533.018324,True,Weighted respondent linearization; clustering unavailable; approximate
WVS,2011,income_incentives,55+,survey_coverage,10,valid,0.03180527992504813,0.007657852788098623,0.016784035554526483,0.04682652429556977,557,557,1500,526.2122249509607,533.018324,True,Weighted respondent linearization; clustering unavailable; approximate
WVS,2011,income_incentives,All,exclude_crimea_donetsk_luhansk,1,valid,0.3378301726266831,0.014339045009773429,0.3097034502814243,0.36595689497194184,1191,1191,1500,1085.046302762824,1187.3670189999998,True,Weighted respondent linearization; clustering unavailable; approximate
WVS,2011,income_incentives,All,exclude_crimea_donetsk_luhansk,2,valid,0.11468656348117752,0.00939221433192765,0.09626328602153984,0.13310984094081518,1191,1191,1500,1085.046302762824,1187.3670189999998,True,Weighted respondent linearization; clustering unavailable; approximate
WVS,2011,income_incentives,All,exclude_crimea_donetsk_luhansk,3,valid,0.1411360180284745,0.010721120838560541,0.12010602692023647,0.16216600913671253,1191,1191,1500,1085.046302762824,1187.3670189999998,True,Weighted respondent linearization; clustering unavailable; approximate
WVS,2011,income_incentives,All,exclude_crimea_donetsk_luhansk,4,valid,0.09244559874371922,0.008847761152558592,0.07509029222605634,0.10980090526138209,1191,1191,1500,1085.046302762824,1187.3670189999998,True,Weighted respondent linearization; clustering unavailable; approximate
WVS,2011,income_incentives,All,exclude_crimea_donetsk_luhansk,5,valid,0.1316868638743957,0.010168435713103784,0.11174099106395793,0.15163273668483349,1191,1191,1500,1085.046302762824,1187.3670189999998,True,Weighted respondent linearization; clustering unavailable; approximate
WVS,2011,income_incentives,All,exclude_crimea_donetsk_luhansk,6,valid,0.05279348170946629,0.006824601353250112,0.03940669986666516,0.06618026355226742,1191,1191,1500,1085.046302762824,1187.3670189999998,True,Weighted respondent linearization; clustering unavailable; approximate
WVS,2011,income_incentives,All,exclude_crimea_donetsk_luhansk,7,valid,0.034459039492657495,0.005940279141762567,0.02280689794767969,0.0461111810376353,1191,1191,1500,1085.046302762824,1187.3670189999998,True,Weighted respondent linearization; clustering unavailable; approximate
WVS,2011,income_incentives,All,exclude_crimea_donetsk_luhansk,8,valid,0.046661100665117944,0.006374298510074061,0.034157609378463384,0.059164591951772504,1191,1191,1500,1085.046302762824,1187.3670189999998,True,Weighted respondent linearization; clustering unavailable; approximate
WVS,2011,income_incentives,All,exclude_crimea_donetsk_luhansk,9,valid,0.017210101571803894,0.003889529964987701,0.009580602584653307,0.024839600558954483,1191,1191,1500,1085.046302762824,1187.3670189999998,True,Weighted respondent linearization; clustering unavailable; approximate
WVS,2011,income_incentives,All,exclude_crimea_donetsk_luhansk,10,valid,0.031091059806504538,0.005440403937140205,0.020419447374735417,0.04176267223827366,1191,1191,1500,1085.046302762824,1187.3670189999998,True,Weighted respondent linearization; clustering unavailable; approximate
WVS,2011,income_incentives,18-34,exclude_crimea_donetsk_luhansk,1,valid,0.28207017912365,0.025151909215804104,0.23273350666855358,0.33140685157874644,377,377,1500,329.759951044678,387.863635,True,Weighted respondent linearization; clustering unavailable; approximate
WVS,2011,income_incentives,18-34,exclude_crimea_donetsk_luhansk,2,valid,0.09469183415454764,0.01491802964538481,0.06542940576492454,0.12395426254417075,377,377,1500,329.759951044678,387.863635,True,Weighted respondent linearization; clustering unavailable; approximate
WVS,2011,income_incentives,18-34,exclude_crimea_donetsk_luhansk,3,valid,0.16421907147856232,0.020384567755856127,0.12423376722669018,0.20420437573043448,377,377,1500,329.759951044678,387.863635,True,Weighted respondent linearization; clustering unavailable; approximate
WVS,2011,income_incentives,18-34,exclude_crimea_donetsk_luhansk,4,valid,0.10538932839114964,0.0164227666744418,0.07317528637662557,0.13760337040567372,377,377,1500,329.759951044678,387.863635,True,Weighted respondent linearization; clustering unavailable; approximate
WVS,2011,income_incentives,18-34,exclude_crimea_donetsk_luhansk,5,valid,0.1378161141608442,0.018515437414541036,0.10149719843773634,0.17413502988395202,377,377,1500,329.759951044678,387.863635,True,Weighted respondent linearization; clustering unavailable; approximate
WVS,2011,income_incentives,18-34,exclude_crimea_donetsk_luhansk,6,valid,0.06165113158906996,0.012809171721772048,0.03652532884241165,0.08677693433572826,377,377,1500,329.759951044678,387.863635,True,Weighted respondent linearization; clustering unavailable; approximate
WVS,2011,income_incentives,18-34,exclude_crimea_donetsk_luhansk,7,valid,0.04812647362519562,0.013580927483181767,0.02148683505441307,0.07476611219597817,377,377,1500,329.759951044678,387.863635,True,Weighted respondent linearization; clustering unavailable; approximate
WVS,2011,income_incentives,18-34,exclude_crimea_donetsk_luhansk,8,valid,0.040674981040694884,0.010722264000043055,0.019642747566553653,0.061707214514836115,377,377,1500,329.759951044678,387.863635,True,Weighted respondent linearization; clustering unavailable; approximate
WVS,2011,income_incentives,18-34,exclude_crimea_donetsk_luhansk,9,valid,0.019894917449530942,0.007549494172660208,0.005086223683884006,0.03470361121517788,377,377,1500,329.759951044678,387.863635,True,Weighted respondent linearization; clustering unavailable; approximate
WVS,2011,income_incentives,18-34,exclude_crimea_donetsk_luhansk,10,valid,0.04546596898675485,0.012256325614564433,0.02142460031129773,0.06950733766221197,377,377,1500,329.759951044678,387.863635,True,Weighted respondent linearization; clustering unavailable; approximate
WVS,2011,income_incentives,35-54,exclude_crimea_donetsk_luhansk,1,valid,0.2946732160317861,0.024624113759028184,0.24637183959938203,0.34297459246419015,372,372,1500,344.9267403748936,383.620288,True,Weighted respondent linearization; clustering unavailable; approximate
WVS,2011,income_incentives,35-54,exclude_crimea_donetsk_luhansk,2,valid,0.1384835830163393,0.018243303656369617,0.10269847067076757,0.17426869536191106,372,372,1500,344.9267403748936,383.620288,True,Weighted respondent linearization; clustering unavailable; approximate
WVS,2011,income_incentives,35-54,exclude_crimea_donetsk_luhansk,3,valid,0.13555881590913146,0.018578234315853592,0.09911672106174044,0.1720009107565225,372,372,1500,344.9267403748936,383.620288,True,Weighted respondent linearization; clustering unavailable; approximate
WVS,2011,income_incentives,35-54,exclude_crimea_donetsk_luhansk,4,valid,0.11179098014753588,0.01767816488747332,0.07711441451678742,0.14646754577828436,372,372,1500,344.9267403748936,383.620288,True,Weighted respondent linearization; clustering unavailable; approximate
WVS,2011,income_incentives,35-54,exclude_crimea_donetsk_luhansk,5,valid,0.14902626578498374,0.01893537694449134,0.11188361859631037,0.18616891297365712,372,372,1500,344.9267403748936,383.620288,True,Weighted respondent linearization; clustering unavailable; approximate
WVS,2011,income_incentives,35-54,exclude_crimea_donetsk_luhansk,6,valid,0.042434374586570345,0.010292820766968443,0.022244514546050878,0.06262423462708981,372,372,1500,344.9267403748936,383.620288,True,Weighted respondent linearization; clustering unavailable; approximate
WVS,2011,income_incentives,35-54,exclude_crimea_donetsk_luhansk,7,valid,0.015210942128274507,0.0067932666997464666,0.0018856247064498975,0.028536259550099117,372,372,1500,344.9267403748936,383.620288,True,Weighted respondent linearization; clustering unavailable; approximate
WVS,2011,income_incentives,35-54,exclude_crimea_donetsk_luhansk,8,valid,0.06377358488401948,0.013547090715490895,0.037200318750819306,0.09034685101721965,372,372,1500,344.9267403748936,383.620288,True,Weighted respondent linearization; clustering unavailable; approximate
WVS,2011,income_incentives,35-54,exclude_crimea_donetsk_luhansk,9,valid,0.019149558117218243,0.006866256519912029,0.00568106767345055,0.032618048560985935,372,372,1500,344.9267403748936,383.620288,True,Weighted respondent linearization; clustering unavailable; approximate
WVS,2011,income_incentives,35-54,exclude_crimea_donetsk_luhansk,10,valid,0.029898679394140905,0.00869819040231902,0.012836763054142799,0.04696059573413901,372,372,1500,344.9267403748936,383.620288,True,Weighted respondent linearization; clustering unavailable; approximate
WVS,2011,income_incentives,55+,exclude_crimea_donetsk_luhansk,1,valid,0.42964241085672783,0.024217760944819366,0.3821381148973731,0.47714670681608257,442,442,1500,415.29000505589846,415.883096,True,Weighted respondent linearization; clustering unavailable; approximate
WVS,2011,income_incentives,55+,exclude_crimea_donetsk_luhansk,2,valid,0.11138325275908785,0.015458342579522546,0.08106097471645886,0.14170553080171683,442,442,1500,415.29000505589846,415.883096,True,Weighted respondent linearization; clustering unavailable; approximate
WVS,2011,income_incentives,55+,exclude_crimea_donetsk_luhansk,3,valid,0.12475269011655139,0.016750768893808724,0.09189525606675064,0.15761012416635214,442,442,1500,415.29000505589846,415.883096,True,Weighted respondent linearization; clustering unavailable; approximate
WVS,2011,income_incentives,55+,exclude_crimea_donetsk_luhansk,4,valid,0.06252930030125582,0.011530367578823296,0.0399119330214065,0.08514666758110515,442,442,1500,415.29000505589846,415.883096,True,Weighted respondent linearization; clustering unavailable; approximate
WVS,2011,income_incentives,55+,exclude_crimea_donetsk_luhansk,5,valid,0.10997629247234418,0.015439574482991936,0.07969082894837426,0.1402617559963141,442,442,1500,415.29000505589846,415.883096,True,Weighted respondent linearization; clustering unavailable; approximate
WVS,2011,income_incentives,55+,exclude_crimea_donetsk_luhansk,6,valid,0.05408808440725853,0.012092322155407675,0.03036841635804395,0.0778077524564731,442,442,1500,415.29000505589846,415.883096,True,Weighted respondent linearization; clustering unavailable; approximate
WVS,2011,income_incentives,55+,exclude_crimea_donetsk_luhansk,7,valid,0.03946732184565636,0.009243087109663616,0.021336564562354082,0.05759807912895863,442,442,1500,415.29000505589846,415.883096,True,Weighted respondent linearization; clustering unavailable; approximate
WVS,2011,income_incentives,55+,exclude_crimea_donetsk_luhansk,8,valid,0.036458959611092245,0.008564476126149197,0.019659330216763284,0.05325858900542121,442,442,1500,415.29000505589846,415.883096,True,Weighted respondent linearization; clustering unavailable; approximate
WVS,2011,income_incentives,55+,exclude_crimea_donetsk_luhansk,9,valid,0.012917170838797449,0.005798024944797934,0.0015440677024266877,0.02429027397516821,442,442,1500,415.29000505589846,415.883096,True,Weighted respondent linearization; clustering unavailable; approximate
WVS,2011,income_incentives,55+,exclude_crimea_donetsk_luhansk,10,valid,0.01878451679122827,0.006693085912076468,0.005655708774123627,0.031913324808332914,442,442,1500,415.29000505589846,415.883096,True,Weighted respondent linearization; clustering unavailable; approximate
WVS,2020,private_ownership,All,survey_coverage,1,valid,0.15882649624900674,0.011097408412078999,0.13705551705570157,0.18059747544231192,1129,1289,1289,1096.4967827332212,1131.847017,True,Weighted respondent linearization; clustering unavailable; approximate
WVS,2020,private_ownership,All,survey_coverage,2,valid,0.037908912030997555,0.005802133569787047,0.026526242804629344,0.04929158125736577,1129,1289,1289,1096.4967827332212,1131.847017,True,Weighted respondent linearization; clustering unavailable; approximate
WVS,2020,private_ownership,All,survey_coverage,3,valid,0.09243576510658418,0.008587320536569782,0.07558909516476135,0.109282435048407,1129,1289,1289,1096.4967827332212,1131.847017,True,Weighted respondent linearization; clustering unavailable; approximate
WVS,2020,private_ownership,All,survey_coverage,4,valid,0.13326837437784225,0.010244616499881126,0.11317040876457893,0.15336633999110558,1129,1289,1289,1096.4967827332212,1131.847017,True,Weighted respondent linearization; clustering unavailable; approximate
WVS,2020,private_ownership,All,survey_coverage,5,valid,0.1348620526514141,0.01028675810878027,0.114681413313219,0.15504269198960918,1129,1289,1289,1096.4967827332212,1131.847017,True,Weighted respondent linearization; clustering unavailable; approximate
WVS,2020,private_ownership,All,survey_coverage,6,valid,0.22939274840179216,0.012893406541777813,0.2040983665850124,0.2546871302185719,1129,1289,1289,1096.4967827332212,1131.847017,True,Weighted respondent linearization; clustering unavailable; approximate
WVS,2020,private_ownership,All,survey_coverage,7,valid,0.08290080513592943,0.00820028731272623,0.0668134198802721,0.09898819039158675,1129,1289,1289,1096.4967827332212,1131.847017,True,Weighted respondent linearization; clustering unavailable; approximate
WVS,2020,private_ownership,All,survey_coverage,8,valid,0.06248488615312576,0.007157696579229028,0.048442863231019616,0.07652690907523191,1129,1289,1289,1096.4967827332212,1131.847017,True,Weighted respondent linearization; clustering unavailable; approximate
WVS,2020,private_ownership,All,survey_coverage,9,valid,0.022796091355515757,0.004545551078181209,0.013878595101392622,0.03171358760963889,1129,1289,1289,1096.4967827332212,1131.847017,True,Weighted respondent linearization; clustering unavailable; approximate
WVS,2020,private_ownership,All,survey_coverage,10,valid,0.04512386853779198,0.006166430548008692,0.033026518762727844,0.05722121831285612,1129,1289,1289,1096.4967827332212,1131.847017,True,Weighted respondent linearization; clustering unavailable; approximate
WVS,2020,private_ownership,18-34,survey_coverage,1,valid,0.09670509976888665,0.017595748633202304,0.06218562791029354,0.13122457162747975,295,332,1289,287.00530856049045,291.107388,True,Weighted respondent linearization; clustering unavailable; approximate
WVS,2020,private_ownership,18-34,survey_coverage,2,valid,0.02079053383557548,0.008425379029699488,0.004261561958533996,0.03731950571261697,295,332,1289,287.00530856049045,291.107388,True,Weighted respondent linearization; clustering unavailable; approximate
WVS,2020,private_ownership,18-34,survey_coverage,3,valid,0.06826220432440552,0.014825588600636814,0.03917725322882816,0.09734715541998289,295,332,1289,287.00530856049045,291.107388,True,Weighted respondent linearization; clustering unavailable; approximate
WVS,2020,private_ownership,18-34,survey_coverage,4,valid,0.12582938637064064,0.019285574669290564,0.08799480109944756,0.16366397164183372,295,332,1289,287.00530856049045,291.107388,True,Weighted respondent linearization; clustering unavailable; approximate
WVS,2020,private_ownership,18-34,survey_coverage,5,valid,0.18423762230314814,0.02295792765376847,0.1391985873580548,0.22927665724824148,295,332,1289,287.00530856049045,291.107388,True,Weighted respondent linearization; clustering unavailable; approximate
WVS,2020,private_ownership,18-34,survey_coverage,6,valid,0.26513878445434713,0.026393460238555915,0.21335989587460527,0.31691767303408896,295,332,1289,287.00530856049045,291.107388,True,Weighted respondent linearization; clustering unavailable; approximate
WVS,2020,private_ownership,18-34,survey_coverage,7,valid,0.09479783110142156,0.017151624018891348,0.061149646247718195,0.12844601595512495,295,332,1289,287.00530856049045,291.107388,True,Weighted respondent linearization; clustering unavailable; approximate
WVS,2020,private_ownership,18-34,survey_coverage,8,valid,0.06528722314666915,0.014194083917805337,0.037441162682118244,0.09313328361122006,295,332,1289,287.00530856049045,291.107388,True,Weighted respondent linearization; clustering unavailable; approximate
WVS,2020,private_ownership,18-34,survey_coverage,9,valid,0.01831331055053814,0.008151002875969572,0.0023226118731647233,0.034304009227911554,295,332,1289,287.00530856049045,291.107388,True,Weighted respondent linearization; clustering unavailable; approximate
WVS,2020,private_ownership,18-34,survey_coverage,10,valid,0.0606380041443675,0.013635778957380235,0.03388723054550534,0.08738877774322966,295,332,1289,287.00530856049045,291.107388,True,Weighted respondent linearization; clustering unavailable; approximate
WVS,2020,private_ownership,35-54,survey_coverage,1,valid,0.1352373747126323,0.016511335310102508,0.1028453130580695,0.16762943636719513,451,499,1289,437.11943446415955,454.17118700000003,True,Weighted respondent linearization; clustering unavailable; approximate
WVS,2020,private_ownership,35-54,survey_coverage,2,valid,0.04129774529267969,0.009648299229330044,0.02236963938068187,0.06022585120467751,451,499,1289,437.11943446415955,454.17118700000003,True,Weighted respondent linearization; clustering unavailable; approximate
WVS,2020,private_ownership,35-54,survey_coverage,3,valid,0.10139020333757982,0.014159460485242512,0.07361206738314297,0.12916833929201668,451,499,1289,437.11943446415955,454.17118700000003,True,Weighted respondent linearization; clustering unavailable; approximate
WVS,2020,private_ownership,35-54,survey_coverage,4,valid,0.15833723067068978,0.017594465782921228,0.12382027551741563,0.1928541858239639,451,499,1289,437.11943446415955,454.17118700000003,True,Weighted respondent linearization; clustering unavailable; approximate
WVS,2020,private_ownership,35-54,survey_coverage,5,valid,0.13359034156431415,0.016226094984247486,0.10175786652391272,0.16542281660471558,451,499,1289,437.11943446415955,454.17118700000003,True,Weighted respondent linearization; clustering unavailable; approximate
WVS,2020,private_ownership,35-54,survey_coverage,6,valid,0.21707184608344604,0.020056306023621063,0.1777252342511242,0.2564184579157679,451,499,1289,437.11943446415955,454.17118700000003,True,Weighted respondent linearization; clustering unavailable; approximate
WVS,2020,private_ownership,35-54,survey_coverage,7,valid,0.0835041083308528,0.01291225438452774,0.05817275067456977,0.10883546598713582,451,499,1289,437.11943446415955,454.17118700000003,True,Weighted respondent linearization; clustering unavailable; approximate
WVS,2020,private_ownership,35-54,survey_coverage,8,valid,0.06494330077350327,0.011410136246421856,0.04255880976538237,0.08732779178162417,451,499,1289,437.11943446415955,454.17118700000003,True,Weighted respondent linearization; clustering unavailable; approximate
WVS,2020,private_ownership,35-54,survey_coverage,9,valid,0.02451672919532872,0.007370865688699067,0.010056509512808114,0.038976948877849325,451,499,1289,437.11943446415955,454.17118700000003,True,Weighted respondent linearization; clustering unavailable; approximate
WVS,2020,private_ownership,35-54,survey_coverage,10,valid,0.04011112003897332,0.00909950125345812,0.022259650118945568,0.05796258995900107,451,499,1289,437.11943446415955,454.17118700000003,True,Weighted respondent linearization; clustering unavailable; approximate
WVS,2020,private_ownership,55+,survey_coverage,1,valid,0.23332170503457703,0.021919836966617288,0.19031920419830614,0.27632420587084794,383,458,1289,372.4884068285654,386.568442,True,Weighted respondent linearization; clustering unavailable; approximate
WVS,2020,private_ownership,55+,survey_coverage,2,valid,0.04681852689878912,0.010909306041503681,0.025416568349218127,0.06822048544836011,383,458,1289,372.4884068285654,386.568442,True,Weighted respondent linearization; clustering unavailable; approximate
WVS,2020,private_ownership,55+,survey_coverage,3,valid,0.10011940912652151,0.015154032801151579,0.07039011373090147,0.12984870452214153,383,458,1289,372.4884068285654,386.568442,True,Weighted respondent linearization; clustering unavailable; approximate
WVS,2020,private_ownership,55+,survey_coverage,4,valid,0.10941746765764185,0.01603149019646942,0.07796676975189308,0.1408681655633906,383,458,1289,372.4884068285654,386.568442,True,Weighted respondent linearization; clustering unavailable; approximate
WVS,2020,private_ownership,55+,survey_coverage,5,valid,0.09917362835324256,0.01536053590186686,0.06903921362326226,0.12930804308322286,383,458,1289,372.4884068285654,386.568442,True,Weighted respondent linearization; clustering unavailable; approximate
WVS,2020,private_ownership,55+,survey_coverage,6,valid,0.21694957965554776,0.021711455152877576,0.1743558838269625,0.25954327548413303,383,458,1289,372.4884068285654,386.568442,True,Weighted respondent linearization; clustering unavailable; approximate
WVS,2020,private_ownership,55+,survey_coverage,7,valid,0.0732328791598565,0.013379204545854648,0.046985455169068435,0.09948030315064457,383,458,1289,372.4884068285654,386.568442,True,Weighted respondent linearization; clustering unavailable; approximate
WVS,2020,private_ownership,55+,survey_coverage,8,valid,0.057486231636052695,0.01205198989105998,0.03384254732588536,0.08112991594622003,383,458,1289,372.4884068285654,386.568442,True,Weighted respondent linearization; clustering unavailable; approximate
WVS,2020,private_ownership,55+,survey_coverage,9,valid,0.024150331443765397,0.008026569483529615,0.008403747130500093,0.0398969157570307,383,458,1289,372.4884068285654,386.568442,True,Weighted respondent linearization; clustering unavailable; approximate
WVS,2020,private_ownership,55+,survey_coverage,10,valid,0.039330241034005564,0.010287192086128702,0.01914875031578801,0.059511731752223115,383,458,1289,372.4884068285654,386.568442,True,Weighted respondent linearization; clustering unavailable; approximate
WVS,2020,private_ownership,All,exclude_crimea_donetsk_luhansk,1,valid,0.1441704540682201,0.011063195434102177,0.12246659415213856,0.16587431398430164,1060,1202,1289,1029.5721071146384,1068.919093,True,Weighted respondent linearization; clustering unavailable; approximate
WVS,2020,private_ownership,All,exclude_crimea_donetsk_luhansk,2,valid,0.039415648271145624,0.0060976931379611524,0.027453148063510027,0.05137814847878122,1060,1202,1289,1029.5721071146384,1068.919093,True,Weighted respondent linearization; clustering unavailable; approximate
WVS,2020,private_ownership,All,exclude_crimea_donetsk_luhansk,3,valid,0.09370276071960855,0.008907097285125613,0.07622875035011126,0.11117677108910584,1060,1202,1289,1029.5721071146384,1068.919093,True,Weighted respondent linearization; clustering unavailable; approximate
WVS,2020,private_ownership,All,exclude_crimea_donetsk_luhansk,4,valid,0.1358559005550479,0.010643217567441368,0.11497595637291097,0.15673584473718483,1060,1202,1289,1029.5721071146384,1068.919093,True,Weighted respondent linearization; clustering unavailable; approximate
WVS,2020,private_ownership,All,exclude_crimea_donetsk_luhansk,5,valid,0.1401724321150282,0.01076875957682614,0.11904619867573221,0.16129866555432418,1060,1202,1289,1029.5721071146384,1068.919093,True,Weighted respondent linearization; clustering unavailable; approximate
WVS,2020,private_ownership,All,exclude_crimea_donetsk_luhansk,6,valid,0.2300857180029808,0.013327826093187563,0.20393908864662125,0.25623234735934036,1060,1202,1289,1029.5721071146384,1068.919093,True,Weighted respondent linearization; clustering unavailable; approximate
WVS,2020,private_ownership,All,exclude_crimea_donetsk_luhansk,7,valid,0.08778122648801821,0.008663284339645076,0.07078553018663594,0.10477692278940048,1060,1202,1289,1029.5721071146384,1068.919093,True,Weighted respondent linearization; clustering unavailable; approximate
WVS,2020,private_ownership,All,exclude_crimea_donetsk_luhansk,8,valid,0.06290514543180678,0.007405116958657489,0.04837773135056535,0.07743255951304821,1060,1202,1289,1029.5721071146384,1068.919093,True,Weighted respondent linearization; clustering unavailable; approximate
WVS,2020,private_ownership,All,exclude_crimea_donetsk_luhansk,9,valid,0.02413811126489065,0.004810127889874232,0.014701566233926048,0.03357465629585525,1060,1202,1289,1029.5721071146384,1068.919093,True,Weighted respondent linearization; clustering unavailable; approximate
WVS,2020,private_ownership,All,exclude_crimea_donetsk_luhansk,10,valid,0.041772603083253194,0.006145058930071662,0.029717180308814532,0.05382802585769186,1060,1202,1289,1029.5721071146384,1068.919093,True,Weighted respondent linearization; clustering unavailable; approximate
WVS,2020,private_ownership,18-34,exclude_crimea_donetsk_luhansk,1,valid,0.08992059963459939,0.017353325129084465,0.055876716027617616,0.12396448324158116,286,321,1289,278.28712725741616,282.957388,True,Weighted respondent linearization; clustering unavailable; approximate
WVS,2020,private_ownership,18-34,exclude_crimea_donetsk_luhansk,2,valid,0.021389361991141935,0.008665636221681339,0.004389051749912151,0.03838967223237172,286,321,1289,278.28712725741616,282.957388,True,Weighted respondent linearization; clustering unavailable; approximate
WVS,2020,private_ownership,18-34,exclude_crimea_donetsk_luhansk,3,valid,0.07022835537342463,0.015238100538673027,0.04033413525876699,0.10012257548808227,286,321,1289,278.28712725741616,282.957388,True,Weighted respondent linearization; clustering unavailable; approximate
WVS,2020,private_ownership,18-34,exclude_crimea_donetsk_luhansk,4,valid,0.12536125404154497,0.019483559253751687,0.08713826112517531,0.16358424695791463,286,321,1289,278.28712725741616,282.957388,True,Weighted respondent linearization; clustering unavailable; approximate
WVS,2020,private_ownership,18-34,exclude_crimea_donetsk_luhansk,5,valid,0.18644373053090244,0.02342099083551132,0.1404962547570534,0.23239120630475146,286,321,1289,278.28712725741616,282.957388,True,Weighted respondent linearization; clustering unavailable; approximate
WVS,2020,private_ownership,18-34,exclude_crimea_donetsk_luhansk,6,valid,0.2638358571503353,0.02679955003619996,0.21126029855478157,0.31641141574588905,286,321,1289,278.28712725741616,282.957388,True,Weighted respondent linearization; clustering unavailable; approximate
WVS,2020,private_ownership,18-34,exclude_crimea_donetsk_luhansk,7,valid,0.09752828577849326,0.0176219478053122,0.06295741618723083,0.1320991553697557,286,321,1289,278.28712725741616,282.957388,True,Weighted respondent linearization; clustering unavailable; approximate
WVS,2020,private_ownership,18-34,exclude_crimea_donetsk_luhansk,8,valid,0.0671676860404154,0.014590529964136767,0.038543874743827415,0.09579149733700337,286,321,1289,278.28712725741616,282.957388,True,Weighted respondent linearization; clustering unavailable; approximate
WVS,2020,private_ownership,18-34,exclude_crimea_donetsk_luhansk,9,valid,0.018840787433336077,0.00838357673574601,0.0023938236106168104,0.03528775125605534,286,321,1289,278.28712725741616,282.957388,True,Weighted respondent linearization; clustering unavailable; approximate
WVS,2020,private_ownership,18-34,exclude_crimea_donetsk_luhansk,10,valid,0.05928408202580666,0.013709598168980059,0.0323884893430531,0.08617967470856022,286,321,1289,278.28712725741616,282.957388,True,Weighted respondent linearization; clustering unavailable; approximate
WVS,2020,private_ownership,35-54,exclude_crimea_donetsk_luhansk,1,valid,0.12623155296066504,0.016635660378519525,0.09359558945287613,0.15886751646845396,424,468,1289,410.8939051439058,428.750441,True,Weighted respondent linearization; clustering unavailable; approximate
WVS,2020,private_ownership,35-54,exclude_crimea_donetsk_luhansk,2,valid,0.0419388396617416,0.010060959493663603,0.02220117374301905,0.06167650558046414,424,468,1289,410.8939051439058,428.750441,True,Weighted respondent linearization; clustering unavailable; approximate
WVS,2020,private_ownership,35-54,exclude_crimea_donetsk_luhansk,3,valid,0.10470085557299752,0.014759377755438112,0.07574579741094714,0.1336559137350479,424,468,1289,410.8939051439058,428.750441,True,Weighted respondent linearization; clustering unavailable; approximate
WVS,2020,private_ownership,35-54,exclude_crimea_donetsk_luhansk,4,valid,0.16093192309975957,0.018255210804594798,0.12511871339904732,0.19674513280047182,424,468,1289,410.8939051439058,428.750441,True,Weighted respondent linearization; clustering unavailable; approximate
WVS,2020,private_ownership,35-54,exclude_crimea_donetsk_luhansk,5,valid,0.1370026882374682,0.016890904870796333,0.1038659841671786,0.1701393923077578,424,468,1289,410.8939051439058,428.750441,True,Weighted respondent linearization; clustering unavailable; approximate
WVS,2020,private_ownership,35-54,exclude_crimea_donetsk_luhansk,6,valid,0.21454829943836723,0.02063021798688297,0.17407578280494207,0.2550208160717924,424,468,1289,410.8939051439058,428.750441,True,Weighted respondent linearization; clustering unavailable; approximate
WVS,2020,private_ownership,35-54,exclude_crimea_donetsk_luhansk,7,valid,0.08845509269108834,0.013646073113569518,0.06168412393927807,0.1152260614428986,424,468,1289,410.8939051439058,428.750441,True,Weighted respondent linearization; clustering unavailable; approximate
WVS,2020,private_ownership,35-54,exclude_crimea_donetsk_luhansk,8,valid,0.0624780815094252,0.011550585291238284,0.039818056510044705,0.0851381065088057,424,468,1289,410.8939051439058,428.750441,True,Weighted respondent linearization; clustering unavailable; approximate
WVS,2020,private_ownership,35-54,exclude_crimea_donetsk_luhansk,9,valid,0.02597033363751106,0.007802563656631584,0.01066320563832247,0.04127746163669965,424,468,1289,410.8939051439058,428.750441,True,Weighted respondent linearization; clustering unavailable; approximate
WVS,2020,private_ownership,35-54,exclude_crimea_donetsk_luhansk,10,valid,0.03774233319097624,0.009059870063487388,0.019968612037166697,0.05551605434478578,424,468,1289,410.8939051439058,428.750441,True,Weighted respondent linearization; clustering unavailable; approximate
WVS,2020,private_ownership,55+,exclude_crimea_donetsk_luhansk,1,valid,0.20867488377970075,0.022106486819993665,0.16530621185884875,0.25204355570055276,350,413,1289,340.55625801712637,357.211264,True,Weighted respondent linearization; clustering unavailable; approximate
WVS,2020,private_ownership,55+,exclude_crimea_donetsk_luhansk,2,valid,0.050666277421755654,0.011785612768605505,0.027545173751606634,0.07378738109190468,350,413,1289,340.55625801712637,357.211264,True,Weighted respondent linearization; clustering unavailable; approximate
WVS,2020,private_ownership,55+,exclude_crimea_donetsk_luhansk,3,valid,0.09909681907455191,0.015799804218364133,0.06810064446121622,0.1300929936878876,350,413,1289,340.55625801712637,357.211264,True,Weighted respondent linearization; clustering unavailable; approximate
WVS,2020,private_ownership,55+,exclude_crimea_donetsk_luhansk,4,valid,0.11407098293518536,0.017063068332764633,0.0805965272918096,0.14754543857856112,350,413,1289,340.55625801712637,357.211264,True,Weighted respondent linearization; clustering unavailable; approximate
WVS,2020,private_ownership,55+,exclude_crimea_donetsk_luhansk,5,valid,0.10732414921831804,0.01656001430528955,0.07483658874529105,0.13981170969134504,350,413,1289,340.55625801712637,357.211264,True,Weighted respondent linearization; clustering unavailable; approximate
WVS,2020,private_ownership,55+,exclude_crimea_donetsk_luhansk,6,valid,0.2220003734260742,0.022870108569677628,0.17713362261990068,0.26686712423224773,350,413,1289,340.55625801712637,357.211264,True,Weighted respondent linearization; clustering unavailable; approximate
WVS,2020,private_ownership,55+,exclude_crimea_donetsk_luhansk,7,valid,0.07925147623564299,0.014439476290395275,0.05092400317100823,0.10757894930027775,350,413,1289,340.55625801712637,357.211264,True,Weighted respondent linearization; clustering unavailable; approximate
WVS,2020,private_ownership,55+,exclude_crimea_donetsk_luhansk,8,valid,0.06004125614583083,0.012854379342175298,0.03482343818242738,0.08525907410923428,350,413,1289,340.55625801712637,357.211264,True,Weighted respondent linearization; clustering unavailable; approximate
WVS,2020,private_ownership,55+,exclude_crimea_donetsk_luhansk,9,valid,0.026135110901765964,0.008678454763984454,0.009109653147945231,0.04316056865558669,350,413,1289,340.55625801712637,357.211264,True,Weighted respondent linearization; clustering unavailable; approximate
WVS,2020,private_ownership,55+,exclude_crimea_donetsk_luhansk,10,valid,0.032738670861174185,0.01006761502107466,0.012987948078776252,0.05248939364357212,350,413,1289,340.55625801712637,357.211264,True,Weighted respondent linearization; clustering unavailable; approximate
WVS,2020,competition,All,survey_coverage,1,valid,0.05840216544097514,0.006731431154965667,0.04519639323055425,0.07160793765139603,1215,1289,1289,1180.2599431317558,1214.3485,True,Weighted respondent linearization; clustering unavailable; approximate
WVS,2020,competition,All,survey_coverage,2,valid,0.019528370974230214,0.003973153637953381,0.011733808318544103,0.027322933629916325,1215,1289,1289,1180.2599431317558,1214.3485,True,Weighted respondent linearization; clustering unavailable; approximate
WVS,2020,competition,All,survey_coverage,3,valid,0.04082894160943091,0.005702061876243455,0.029642593783256007,0.05201528943560581,1215,1289,1289,1180.2599431317558,1214.3485,True,Weighted respondent linearization; clustering unavailable; approximate
WVS,2020,competition,All,survey_coverage,4,valid,0.06921522198940419,0.007464728366444863,0.0545708618005283,0.08385958217828007,1215,1289,1289,1180.2599431317558,1214.3485,True,Weighted respondent linearization; clustering unavailable; approximate
WVS,2020,competition,All,survey_coverage,5,valid,0.07984361655653216,0.007898007007551184,0.06434924707448093,0.09533798603858339,1215,1289,1289,1180.2599431317558,1214.3485,True,Weighted respondent linearization; clustering unavailable; approximate
WVS,2020,competition,All,survey_coverage,6,valid,0.16421798190552384,0.010988508606087279,0.14266064316973487,0.1857753206413128,1215,1289,1289,1180.2599431317558,1214.3485,True,Weighted respondent linearization; clustering unavailable; approximate
WVS,2020,competition,All,survey_coverage,7,valid,0.12051054783696771,0.009438398475195044,0.1019942268013342,0.13902686887260124,1215,1289,1289,1180.2599431317558,1214.3485,True,Weighted respondent linearization; clustering unavailable; approximate
WVS,2020,competition,All,survey_coverage,8,valid,0.12901264752251926,0.009700614176914936,0.10998190975332767,0.14804338529171085,1215,1289,1289,1180.2599431317558,1214.3485,True,Weighted respondent linearization; clustering unavailable; approximate
WVS,2020,competition,All,survey_coverage,9,valid,0.08188933572199411,0.007934130956328413,0.06632409800584663,0.0974545734381416,1215,1289,1289,1180.2599431317558,1214.3485,True,Weighted respondent linearization; clustering unavailable; approximate
WVS,2020,competition,All,survey_coverage,10,valid,0.2365511704424224,0.012340951334668223,0.21234059940133013,0.2607617414835147,1215,1289,1289,1180.2599431317558,1214.3485,True,Weighted respondent linearization; clustering unavailable; approximate
WVS,2020,competition,18-34,survey_coverage,1,valid,0.05500343553372898,0.012753045527483145,0.029984415009269905,0.08002245605818806,318,332,1289,309.37457354467676,314.134596,True,Weighted respondent linearization; clustering unavailable; approximate
WVS,2020,competition,18-34,survey_coverage,2,valid,0.01798177619379433,0.007286273724835732,0.003687509661487152,0.0322760427261015,318,332,1289,309.37457354467676,314.134596,True,Weighted respondent linearization; clustering unavailable; approximate
WVS,2020,competition,18-34,survey_coverage,3,valid,0.04177521727024298,0.011023596775357811,0.020149042300375376,0.06340139224011057,318,332,1289,309.37457354467676,314.134596,True,Weighted respondent linearization; clustering unavailable; approximate
WVS,2020,competition,18-34,survey_coverage,4,valid,0.07289704888155649,0.015314681435756728,0.04285259178767771,0.10294150597543526,318,332,1289,309.37457354467676,314.134596,True,Weighted respondent linearization; clustering unavailable; approximate
WVS,2020,competition,18-34,survey_coverage,5,valid,0.09716058463041748,0.017139096214748815,0.06353697691699742,0.13078419234383754,318,332,1289,309.37457354467676,314.134596,True,Weighted respondent linearization; clustering unavailable; approximate
WVS,2020,competition,18-34,survey_coverage,6,valid,0.17137546352901548,0.021997769315261786,0.12822007442569855,0.2145308526323324,318,332,1289,309.37457354467676,314.134596,True,Weighted respondent linearization; clustering unavailable; approximate
WVS,2020,competition,18-34,survey_coverage,7,valid,0.1008111026395832,0.016807358961154685,0.06783829956247633,0.13378390571669008,318,332,1289,309.37457354467676,314.134596,True,Weighted respondent linearization; clustering unavailable; approximate
WVS,2020,competition,18-34,survey_coverage,8,valid,0.13013514754675412,0.018523110965274488,0.09379636929819134,0.1664739257953169,318,332,1289,309.37457354467676,314.134596,True,Weighted respondent linearization; clustering unavailable; approximate
WVS,2020,competition,18-34,survey_coverage,9,valid,0.0748326141065978,0.014798050009423122,0.04580168842615012,0.10386353978704549,318,332,1289,309.37457354467676,314.134596,True,Weighted respondent linearization; clustering unavailable; approximate
WVS,2020,competition,18-34,survey_coverage,10,valid,0.2380276096683092,0.024234980456299595,0.19048324294121208,0.28557197639540627,318,332,1289,309.37457354467676,314.134596,True,Weighted respondent linearization; clustering unavailable; approximate
WVS,2020,competition,35-54,survey_coverage,1,valid,0.0506336233148816,0.0099556021169088,0.03110264828938539,0.07016459834037782,479,499,1289,463.9896252047473,481.26062099999996,True,Weighted respondent linearization; clustering unavailable; approximate
WVS,2020,competition,35-54,survey_coverage,2,valid,0.015398789505364496,0.005838846460863676,0.003944096653472565,0.026853482357256427,479,499,1289,463.9896252047473,481.26062099999996,True,Weighted respondent linearization; clustering unavailable; approximate
WVS,2020,competition,35-54,survey_coverage,3,valid,0.04629631020652322,0.009900525491700219,0.026873384918130346,0.0657192354949161,479,499,1289,463.9896252047473,481.26062099999996,True,Weighted respondent linearization; clustering unavailable; approximate
WVS,2020,competition,35-54,survey_coverage,4,valid,0.08715786658971211,0.012849183244843408,0.06195024236909061,0.11236549081033362,479,499,1289,463.9896252047473,481.26062099999996,True,Weighted respondent linearization; clustering unavailable; approximate
WVS,2020,competition,35-54,survey_coverage,5,valid,0.07708637353896446,0.012281350493305502,0.05299272787621537,0.10118001920171354,479,499,1289,463.9896252047473,481.26062099999996,True,Weighted respondent linearization; clustering unavailable; approximate
WVS,2020,competition,35-54,survey_coverage,6,valid,0.13692600666780924,0.016423723869601753,0.1047058217954113,0.16914619154020719,479,499,1289,463.9896252047473,481.26062099999996,True,Weighted respondent linearization; clustering unavailable; approximate
WVS,2020,competition,35-54,survey_coverage,7,valid,0.14374966490349933,0.016083874308598575,0.11219619945303425,0.17530313035396441,479,499,1289,463.9896252047473,481.26062099999996,True,Weighted respondent linearization; clustering unavailable; approximate
WVS,2020,competition,35-54,survey_coverage,8,valid,0.10817305370181118,0.014531941309530257,0.0796641820679839,0.13668192533563847,479,499,1289,463.9896252047473,481.26062099999996,True,Weighted respondent linearization; clustering unavailable; approximate
WVS,2020,competition,35-54,survey_coverage,9,valid,0.0948950547940219,0.013479035119989742,0.06845178243290755,0.12133832715513625,479,499,1289,463.9896252047473,481.26062099999996,True,Weighted respondent linearization; clustering unavailable; approximate
WVS,2020,competition,35-54,survey_coverage,10,valid,0.2396832567774125,0.01984016850874235,0.2007606651455363,0.2786058484092887,479,499,1289,463.9896252047473,481.26062099999996,True,Weighted respondent linearization; clustering unavailable; approximate
WVS,2020,competition,55+,survey_coverage,1,valid,0.06987445184908599,0.012564687335808383,0.04522495384011588,0.0945239498580561,418,458,1289,406.9795797914966,418.953283,True,Weighted respondent linearization; clustering unavailable; approximate
WVS,2020,competition,55+,survey_coverage,2,valid,0.02543175917778881,0.007596119221615393,0.010529635422151273,0.040333882933426345,418,458,1289,406.9795797914966,418.953283,True,Weighted respondent linearization; clustering unavailable; approximate
WVS,2020,competition,55+,survey_coverage,3,valid,0.03383893282440276,0.008670494946694952,0.01682909069993957,0.05084877494886596,418,458,1289,406.9795797914966,418.953283,True,Weighted respondent linearization; clustering unavailable; approximate
WVS,2020,competition,55+,survey_coverage,4,valid,0.04584345744344006,0.01081291179588931,0.024630605849087602,0.06705630903779251,418,458,1289,406.9795797914966,418.953283,True,Weighted respondent linearization; clustering unavailable; approximate
WVS,2020,competition,55+,survey_coverage,5,valid,0.07002651653645114,0.012601280484733508,0.04530522981300971,0.09474780325989257,418,458,1289,406.9795797914966,418.953283,True,Weighted respondent linearization; clustering unavailable; approximate
WVS,2020,competition,55+,survey_coverage,6,valid,0.19020212093671554,0.019579940890576318,0.15179004580114577,0.2286141960722853,418,458,1289,406.9795797914966,418.953283,True,Weighted respondent linearization; clustering unavailable; approximate
WVS,2020,competition,55+,survey_coverage,7,valid,0.10858608070628246,0.015690706015888293,0.077803935766176,0.13936822564638893,418,458,1289,406.9795797914966,418.953283,True,Weighted respondent linearization; clustering unavailable; approximate
WVS,2020,competition,55+,survey_coverage,8,valid,0.15210987617442778,0.01779795266422474,0.11719371892869507,0.1870260334201605,418,458,1289,406.9795797914966,418.953283,True,Weighted respondent linearization; clustering unavailable; approximate
WVS,2020,competition,55+,survey_coverage,9,valid,0.07224057485187435,0.01285822967507564,0.04701520327646096,0.09746594642728774,418,458,1289,406.9795797914966,418.953283,True,Weighted respondent linearization; clustering unavailable; approximate
WVS,2020,competition,55+,survey_coverage,10,valid,0.2318462294995311,0.020728383680885084,0.19118113067013215,0.27251132832893005,418,458,1289,406.9795797914966,418.953283,True,Weighted respondent linearization; clustering unavailable; approximate
WVS,2020,competition,All,exclude_crimea_donetsk_luhansk,1,valid,0.05427874091347413,0.006750752859371236,0.04103506323819399,0.06752241858875427,1134,1202,1289,1101.7806666080971,1141.685381,True,Weighted respondent linearization; clustering unavailable; approximate
WVS,2020,competition,All,exclude_crimea_donetsk_luhansk,2,valid,0.020771263602612423,0.004223755366435666,0.012485068593317005,0.02905745861190784,1134,1202,1289,1101.7806666080971,1141.685381,True,Weighted respondent linearization; clustering unavailable; approximate
WVS,2020,competition,All,exclude_crimea_donetsk_luhansk,3,valid,0.04164482771808392,0.005933971822096616,0.030003517217885578,0.053286138218282264,1134,1202,1289,1101.7806666080971,1141.685381,True,Weighted respondent linearization; clustering unavailable; approximate
WVS,2020,competition,All,exclude_crimea_donetsk_luhansk,4,valid,0.07362045831433835,0.007922783883453471,0.05807748137100304,0.08916343525767365,1134,1202,1289,1101.7806666080971,1141.685381,True,Weighted respondent linearization; clustering unavailable; approximate
WVS,2020,competition,All,exclude_crimea_donetsk_luhansk,5,valid,0.08391103765915699,0.008328910011684862,0.0675713194263906,0.10025075589192338,1134,1202,1289,1101.7806666080971,1141.685381,True,Weighted respondent linearization; clustering unavailable; approximate
WVS,2020,competition,All,exclude_crimea_donetsk_luhansk,6,valid,0.15831782293794652,0.011232709359856987,0.13628140932882737,0.18035423654706567,1134,1202,1289,1101.7806666080971,1141.685381,True,Weighted respondent linearization; clustering unavailable; approximate
WVS,2020,competition,All,exclude_crimea_donetsk_luhansk,7,valid,0.12469696412798334,0.009909078027953967,0.105257260409716,0.14413666784625068,1134,1202,1289,1101.7806666080971,1141.685381,True,Weighted respondent linearization; clustering unavailable; approximate
WVS,2020,competition,All,exclude_crimea_donetsk_luhansk,8,valid,0.13077923785729897,0.010105187286286853,0.11095480552274203,0.15060367019185592,1134,1202,1289,1101.7806666080971,1141.685381,True,Weighted respondent linearization; clustering unavailable; approximate
WVS,2020,competition,All,exclude_crimea_donetsk_luhansk,9,valid,0.08438611337530999,0.008326690051823071,0.06805075027647815,0.10072147647414183,1134,1202,1289,1101.7806666080971,1141.685381,True,Weighted respondent linearization; clustering unavailable; approximate
WVS,2020,competition,All,exclude_crimea_donetsk_luhansk,10,valid,0.2275935334937953,0.012612135377137979,0.2028509515608862,0.25233611542670437,1134,1202,1289,1101.7806666080971,1141.685381,True,Weighted respondent linearization; clustering unavailable; approximate
WVS,2020,competition,18-34,exclude_crimea_donetsk_luhansk,1,valid,0.05387421412702578,0.012863469769627222,0.028638562494754317,0.07910986575929725,307,321,1289,298.77202779467916,304.43469600000003,True,Weighted respondent linearization; clustering unavailable; approximate
WVS,2020,competition,18-34,exclude_crimea_donetsk_luhansk,2,valid,0.0185547116482413,0.007516676873074279,0.00380843848879101,0.033300984807691586,307,321,1289,298.77202779467916,304.43469600000003,True,Weighted respondent linearization; clustering unavailable; approximate
WVS,2020,competition,18-34,exclude_crimea_donetsk_luhansk,3,valid,0.04310625947838744,0.011368451919668461,0.020803545095649398,0.06540897386112549,307,321,1289,298.77202779467916,304.43469600000003,True,Weighted respondent linearization; clustering unavailable; approximate
WVS,2020,competition,18-34,exclude_crimea_donetsk_luhansk,4,valid,0.07521969506392923,0.015783357577478018,0.04425578559424109,0.10618360453361736,307,321,1289,298.77202779467916,304.43469600000003,True,Weighted respondent linearization; clustering unavailable; approximate
WVS,2020,competition,18-34,exclude_crimea_donetsk_luhansk,5,valid,0.09645263955065095,0.017326848949910933,0.062460697110876984,0.1304445819904249,307,321,1289,298.77202779467916,304.43469600000003,True,Weighted respondent linearization; clustering unavailable; approximate
WVS,2020,competition,18-34,exclude_crimea_donetsk_luhansk,6,valid,0.16726867097960477,0.02218715393456177,0.12374174570737256,0.21079559625183697,307,321,1289,298.77202779467916,304.43469600000003,True,Weighted respondent linearization; clustering unavailable; approximate
WVS,2020,competition,18-34,exclude_crimea_donetsk_luhansk,7,valid,0.10114140538041695,0.01712271721963296,0.06754993010266416,0.13473288065816974,307,321,1289,298.77202779467916,304.43469600000003,True,Weighted respondent linearization; clustering unavailable; approximate
WVS,2020,competition,18-34,exclude_crimea_donetsk_luhansk,8,valid,0.1291904389242151,0.018816495994853154,0.09227609572053794,0.1661047821278923,307,321,1289,298.77202779467916,304.43469600000003,True,Weighted respondent linearization; clustering unavailable; approximate
WVS,2020,competition,18-34,exclude_crimea_donetsk_luhansk,9,valid,0.07467139356546929,0.015070273733561453,0.045106417337896665,0.1042363697930419,307,321,1289,298.77202779467916,304.43469600000003,True,Weighted respondent linearization; clustering unavailable; approximate
WVS,2020,competition,18-34,exclude_crimea_donetsk_luhansk,10,valid,0.24052057128205911,0.02476223023047843,0.19194184198695666,0.2890993005771616,307,321,1289,298.77202779467916,304.43469600000003,True,Weighted respondent linearization; clustering unavailable; approximate
WVS,2020,competition,35-54,exclude_crimea_donetsk_luhansk,1,valid,0.04794963183730379,0.010061553650588756,0.02821080029706181,0.06768846337754576,449,468,1289,434.8728512011407,453.31032100000004,True,Weighted respondent linearization; clustering unavailable; approximate
WVS,2020,competition,35-54,exclude_crimea_donetsk_luhansk,2,valid,0.016348251201631032,0.006195990305545056,0.004192910872161164,0.0285035915311009,449,468,1289,434.8728512011407,453.31032100000004,True,Weighted respondent linearization; clustering unavailable; approximate
WVS,2020,competition,35-54,exclude_crimea_donetsk_luhansk,3,valid,0.046596380054624874,0.010211519631588282,0.026563344126222268,0.06662941598302748,449,468,1289,434.8728512011407,453.31032100000004,True,Weighted respondent linearization; clustering unavailable; approximate
WVS,2020,competition,35-54,exclude_crimea_donetsk_luhansk,4,valid,0.09253186406051407,0.013606743302744929,0.06583805282704897,0.11922567529397918,449,468,1289,434.8728512011407,453.31032100000004,True,Weighted respondent linearization; clustering unavailable; approximate
WVS,2020,competition,35-54,exclude_crimea_donetsk_luhansk,5,valid,0.08183938084215822,0.01300861089537579,0.05631899025900471,0.10735977142531172,449,468,1289,434.8728512011407,453.31032100000004,True,Weighted respondent linearization; clustering unavailable; approximate
WVS,2020,competition,35-54,exclude_crimea_donetsk_luhansk,6,valid,0.12671240062058942,0.016532635241063978,0.09427855260144835,0.15914624863973048,449,468,1289,434.8728512011407,453.31032100000004,True,Weighted respondent linearization; clustering unavailable; approximate
WVS,2020,competition,35-54,exclude_crimea_donetsk_luhansk,7,valid,0.14919394036916267,0.016875183309871696,0.11608807897520497,0.18229980176312038,449,468,1289,434.8728512011407,453.31032100000004,True,Weighted respondent linearization; clustering unavailable; approximate
WVS,2020,competition,35-54,exclude_crimea_donetsk_luhansk,8,valid,0.10886926177001825,0.015059691944048683,0.07932504497660864,0.13841347856342787,449,468,1289,434.8728512011407,453.31032100000004,True,Weighted respondent linearization; clustering unavailable; approximate
WVS,2020,competition,35-54,exclude_crimea_donetsk_luhansk,9,valid,0.09903657807958886,0.014186062883787747,0.07120625333983255,0.12686690281934518,449,468,1289,434.8728512011407,453.31032100000004,True,Weighted respondent linearization; clustering unavailable; approximate
WVS,2020,competition,35-54,exclude_crimea_donetsk_luhansk,10,valid,0.2309223111644087,0.020229279092935915,0.19123635946522596,0.2706082628635914,449,468,1289,434.8728512011407,453.31032100000004,True,Weighted respondent linearization; clustering unavailable; approximate
WVS,2020,competition,55+,exclude_crimea_donetsk_luhansk,1,valid,0.06207214514179083,0.012548040230239381,0.03745530554958918,0.08668898473399247,378,413,1289,368.24821791759524,383.94036399999993,True,Weighted respondent linearization; clustering unavailable; approximate
WVS,2020,competition,55+,exclude_crimea_donetsk_luhansk,2,valid,0.02775097384655291,0.008281152787742732,0.01150494609449753,0.04399700159860829,378,413,1289,368.24821791759524,383.94036399999993,True,Weighted respondent linearization; clustering unavailable; approximate
WVS,2020,competition,55+,exclude_crimea_donetsk_luhansk,3,valid,0.03463983276319445,0.009187547951232536,0.016615632170012447,0.05266403335637645,378,413,1289,368.24821791759524,383.94036399999993,True,Weighted respondent linearization; clustering unavailable; approximate
WVS,2020,competition,55+,exclude_crimea_donetsk_luhansk,4,valid,0.05002408915776306,0.01177447565833947,0.026924834354202704,0.07312334396132342,378,413,1289,368.24821791759524,383.94036399999993,True,Weighted respondent linearization; clustering unavailable; approximate
WVS,2020,competition,55+,exclude_crimea_donetsk_luhansk,5,valid,0.07641248941463212,0.013710935817409555,0.04951427252314035,0.10331070630612389,378,413,1289,368.24821791759524,383.94036399999993,True,Weighted respondent linearization; clustering unavailable; approximate
WVS,2020,competition,55+,exclude_crimea_donetsk_luhansk,6,valid,0.18853635821421477,0.020508325021231885,0.1483029721165381,0.22876974431189145,378,413,1289,368.24821791759524,383.94036399999993,True,Weighted respondent linearization; clustering unavailable; approximate
WVS,2020,competition,55+,exclude_crimea_donetsk_luhansk,7,valid,0.11445161572019556,0.0168541188806685,0.0813870786816975,0.14751615275869362,378,413,1289,368.24821791759524,383.94036399999993,True,Weighted respondent linearization; clustering unavailable; approximate
WVS,2020,competition,55+,exclude_crimea_donetsk_luhansk,8,valid,0.15790767964162272,0.018996829162409013,0.12063955747506191,0.19517580180818353,378,413,1289,368.24821791759524,383.94036399999993,True,Weighted respondent linearization; clustering unavailable; approximate
WVS,2020,competition,55+,exclude_crimea_donetsk_luhansk,9,valid,0.07479163092109795,0.013739293878404543,0.047837780972503186,0.1017454808696927,378,413,1289,368.24821791759524,383.94036399999993,True,Weighted respondent linearization; clustering unavailable; approximate
WVS,2020,competition,55+,exclude_crimea_donetsk_luhansk,10,valid,0.2134131851789358,0.021194486890423747,0.1718336815714128,0.2549926887864588,378,413,1289,368.24821791759524,383.94036399999993,True,Weighted respondent linearization; clustering unavailable; approximate
WVS,2020,individual_responsibility,All,survey_coverage,1,valid,0.22453524864248725,0.011940179220536123,0.20111091534574346,0.24795958193923104,1240,1289,1289,1204.4854211503643,1240.8604959999998,True,Weighted respondent linearization; clustering unavailable; approximate
WVS,2020,individual_responsibility,All,survey_coverage,2,valid,0.059893374186359795,0.006780102928004054,0.04659211732594021,0.07319463104677938,1240,1289,1289,1204.4854211503643,1240.8604959999998,True,Weighted respondent linearization; clustering unavailable; approximate
WVS,2020,individual_responsibility,All,survey_coverage,3,valid,0.10764426817565478,0.008898786231127966,0.09018656249432778,0.1251019738569818,1240,1289,1289,1204.4854211503643,1240.8604959999998,True,Weighted respondent linearization; clustering unavailable; approximate
WVS,2020,individual_responsibility,All,survey_coverage,4,valid,0.10130896777295748,0.008649105980921752,0.08434108668223508,0.11827684886367987,1240,1289,1289,1204.4854211503643,1240.8604959999998,True,Weighted respondent linearization; clustering unavailable; approximate
WVS,2020,individual_responsibility,All,survey_coverage,5,valid,0.17799228657207575,0.011142096479441867,0.15613363799249413,0.19985093515165736,1240,1289,1289,1204.4854211503643,1240.8604959999998,True,Weighted respondent linearization; clustering unavailable; approximate
WVS,2020,individual_responsibility,All,survey_coverage,6,valid,0.10349726533642507,0.008886110592789447,0.0860644268176177,0.12093010385523245,1240,1289,1289,1204.4854211503643,1240.8604959999998,True,Weighted respondent linearization; clustering unavailable; approximate
WVS,2020,individual_responsibility,All,survey_coverage,7,valid,0.09156121124513582,0.00830514640480687,0.07526811263486935,0.10785430985540229,1240,1289,1289,1204.4854211503643,1240.8604959999998,True,Weighted respondent linearization; clustering unavailable; approximate
WVS,2020,individual_responsibility,All,survey_coverage,8,valid,0.04791296216750543,0.006010272065298941,0.03612196527697888,0.059703959058031976,1240,1289,1289,1204.4854211503643,1240.8604959999998,True,Weighted respondent linearization; clustering unavailable; approximate
WVS,2020,individual_responsibility,All,survey_coverage,9,valid,0.02259146140147571,0.004400555494782741,0.013958418572158791,0.031224504230792628,1240,1289,1289,1204.4854211503643,1240.8604959999998,True,Weighted respondent linearization; clustering unavailable; approximate
WVS,2020,individual_responsibility,All,survey_coverage,10,valid,0.06306295449992311,0.007086726702230075,0.04916016081568243,0.07696574818416378,1240,1289,1289,1204.4854211503643,1240.8604959999998,True,Weighted respondent linearization; clustering unavailable; approximate
WVS,2020,individual_responsibility,18-34,survey_coverage,1,valid,0.2169298200717441,0.023344618419814327,0.17113217227676553,0.2627274678667227,320,332,1289,311.2846303003012,316.458189,True,Weighted respondent linearization; clustering unavailable; approximate
WVS,2020,individual_responsibility,18-34,survey_coverage,2,valid,0.05078039235066216,0.012477039813940148,0.0263028419085547,0.07525794279276962,320,332,1289,311.2846303003012,316.458189,True,Weighted respondent linearization; clustering unavailable; approximate
WVS,2020,individual_responsibility,18-34,survey_coverage,3,valid,0.08474460112643822,0.015750704425164106,0.053844750856269885,0.11564445139660656,320,332,1289,311.2846303003012,316.458189,True,Weighted respondent linearization; clustering unavailable; approximate
WVS,2020,individual_responsibility,18-34,survey_coverage,4,valid,0.10365429033027805,0.017393551026666513,0.06953149125521838,0.13777708940533773,320,332,1289,311.2846303003012,316.458189,True,Weighted respondent linearization; clustering unavailable; approximate
WVS,2020,individual_responsibility,18-34,survey_coverage,5,valid,0.1476435864960347,0.02018887047032731,0.1080369087362597,0.1872502642558097,320,332,1289,311.2846303003012,316.458189,True,Weighted respondent linearization; clustering unavailable; approximate
WVS,2020,individual_responsibility,18-34,survey_coverage,6,valid,0.13302854046225993,0.019551049079034995,0.09467314549962481,0.17138393542489505,320,332,1289,311.2846303003012,316.458189,True,Weighted respondent linearization; clustering unavailable; approximate
WVS,2020,individual_responsibility,18-34,survey_coverage,7,valid,0.10726149355547251,0.017112931321877814,0.07368921632545339,0.14083377078549164,320,332,1289,311.2846303003012,316.458189,True,Weighted respondent linearization; clustering unavailable; approximate
WVS,2020,individual_responsibility,18-34,survey_coverage,8,valid,0.05997449476651085,0.013166926199147558,0.03414352003105693,0.08580546950196477,320,332,1289,311.2846303003012,316.458189,True,Weighted respondent linearization; clustering unavailable; approximate
WVS,2020,individual_responsibility,18-34,survey_coverage,9,valid,0.0251375071858229,0.00883580453461213,0.007803359469877515,0.04247165490176828,320,332,1289,311.2846303003012,316.458189,True,Weighted respondent linearization; clustering unavailable; approximate
WVS,2020,individual_responsibility,18-34,survey_coverage,10,valid,0.07084527365477655,0.014750368997288165,0.04190788894214402,0.09978265836740909,320,332,1289,311.2846303003012,316.458189,True,Weighted respondent linearization; clustering unavailable; approximate
WVS,2020,individual_responsibility,35-54,survey_coverage,1,valid,0.21221805967649407,0.018839284939893404,0.1752590089492325,0.24917711040375565,486,499,1289,470.7757937013405,489.384547,True,Weighted respondent linearization; clustering unavailable; approximate
WVS,2020,individual_responsibility,35-54,survey_coverage,2,valid,0.048074591125166856,0.00970413282263696,0.029036950450363586,0.06711223179997013,486,499,1289,470.7757937013405,489.384547,True,Weighted respondent linearization; clustering unavailable; approximate
WVS,2020,individual_responsibility,35-54,survey_coverage,3,valid,0.11278070862339672,0.014246064465854828,0.0848326723291728,0.14072874491762064,486,499,1289,470.7757937013405,489.384547,True,Weighted respondent linearization; clustering unavailable; approximate
WVS,2020,individual_responsibility,35-54,survey_coverage,4,valid,0.09847734730373495,0.013616930999794918,0.071763549769661,0.1251911448378089,486,499,1289,470.7757937013405,489.384547,True,Weighted respondent linearization; clustering unavailable; approximate
WVS,2020,individual_responsibility,35-54,survey_coverage,5,valid,0.182554019222025,0.017827539471144783,0.14757981835620243,0.21752822008784756,486,499,1289,470.7757937013405,489.384547,True,Weighted respondent linearization; clustering unavailable; approximate
WVS,2020,individual_responsibility,35-54,survey_coverage,6,valid,0.10515967109194398,0.014386928642799524,0.07693528639713249,0.13338405578675547,486,499,1289,470.7757937013405,489.384547,True,Weighted respondent linearization; clustering unavailable; approximate
WVS,2020,individual_responsibility,35-54,survey_coverage,7,valid,0.09179635988792266,0.013635476005020459,0.06504618062327587,0.11854653915256945,486,499,1289,470.7757937013405,489.384547,True,Weighted respondent linearization; clustering unavailable; approximate
WVS,2020,individual_responsibility,35-54,survey_coverage,8,valid,0.050053010766602735,0.009678287886508706,0.031066072881658767,0.0690399486515467,486,499,1289,470.7757937013405,489.384547,True,Weighted respondent linearization; clustering unavailable; approximate
WVS,2020,individual_responsibility,35-54,survey_coverage,9,valid,0.03283220751144805,0.008609851913936276,0.015941335344238215,0.04972307967865789,486,499,1289,470.7757937013405,489.384547,True,Weighted respondent linearization; clustering unavailable; approximate
WVS,2020,individual_responsibility,35-54,survey_coverage,10,valid,0.06605402479126501,0.011518028017164046,0.04345787089675342,0.08865017868577661,486,499,1289,470.7757937013405,489.384547,True,Weighted respondent linearization; clustering unavailable; approximate
WVS,2020,individual_responsibility,55+,survey_coverage,1,valid,0.24392443885509407,0.020544880743233795,0.2036193374673652,0.28422954024282293,434,458,1289,422.517832710029,435.01776000000007,True,Weighted respondent linearization; clustering unavailable; approximate
WVS,2020,individual_responsibility,55+,survey_coverage,2,valid,0.07981855499416851,0.013078642706621384,0.054160775477591794,0.10547633451074523,434,458,1289,422.517832710029,435.01776000000007,True,Weighted respondent linearization; clustering unavailable; approximate
WVS,2020,individual_responsibility,55+,survey_coverage,3,valid,0.11852449656308282,0.0159639018826174,0.0872063939192135,0.14984259920695214,434,458,1289,422.517832710029,435.01776000000007,True,Weighted respondent linearization; clustering unavailable; approximate
WVS,2020,individual_responsibility,55+,survey_coverage,4,valid,0.10278834362992442,0.014623076008282512,0.07410068325942562,0.13147600400042322,434,458,1289,422.517832710029,435.01776000000007,True,Weighted respondent linearization; clustering unavailable; approximate
WVS,2020,individual_responsibility,55+,survey_coverage,5,valid,0.19493792391372705,0.019724156676641708,0.1562429251656174,0.2336329226618367,434,458,1289,422.517832710029,435.01776000000007,True,Weighted respondent linearization; clustering unavailable; approximate
WVS,2020,individual_responsibility,55+,survey_coverage,6,valid,0.08014426583411215,0.013226838481863297,0.054195754732328946,0.10609277693589535,434,458,1289,422.517832710029,435.01776000000007,True,Weighted respondent linearization; clustering unavailable; approximate
WVS,2020,individual_responsibility,55+,survey_coverage,7,valid,0.07987534118147267,0.013053625776655276,0.05426664006604587,0.10548404229689948,434,458,1289,422.517832710029,435.01776000000007,True,Weighted respondent linearization; clustering unavailable; approximate
WVS,2020,individual_responsibility,55+,survey_coverage,8,valid,0.03673117161929204,0.009122029013395257,0.01883550657057737,0.05462683666800672,434,458,1289,422.517832710029,435.01776000000007,True,Weighted respondent linearization; clustering unavailable; approximate
WVS,2020,individual_responsibility,55+,survey_coverage,9,valid,0.00921872017363153,0.00463976044563641,0.00011640327467665398,0.018321037072586407,434,458,1289,422.517832710029,435.01776000000007,True,Weighted respondent linearization; clustering unavailable; approximate
WVS,2020,individual_responsibility,55+,survey_coverage,10,valid,0.05403674323549456,0.011192932380078612,0.03207836440413353,0.07599512206685559,434,458,1289,422.517832710029,435.01776000000007,True,Weighted respondent linearization; clustering unavailable; approximate
WVS,2020,individual_responsibility,All,exclude_crimea_donetsk_luhansk,1,valid,0.21536059092468868,0.012204857686568277,0.1914170094248572,0.23930417242452015,1154,1202,1289,1121.1352112321522,1163.530198,True,Weighted respondent linearization; clustering unavailable; approximate
WVS,2020,individual_responsibility,All,exclude_crimea_donetsk_luhansk,2,valid,0.06003870558759662,0.007031373270006571,0.0462445046825407,0.07383290649265253,1154,1202,1289,1121.1352112321522,1163.530198,True,Weighted respondent linearization; clustering unavailable; approximate
WVS,2020,individual_responsibility,All,exclude_crimea_donetsk_luhansk,3,valid,0.11247120979321588,0.009379572380719856,0.09407029423166123,0.13087212535477052,1154,1202,1289,1121.1352112321522,1163.530198,True,Weighted respondent linearization; clustering unavailable; approximate
WVS,2020,individual_responsibility,All,exclude_crimea_donetsk_luhansk,4,valid,0.10586810914898147,0.00912568267764494,0.08796527631429321,0.12377094198366972,1154,1202,1289,1121.1352112321522,1163.530198,True,Weighted respondent linearization; clustering unavailable; approximate
WVS,2020,individual_responsibility,All,exclude_crimea_donetsk_luhansk,5,valid,0.17621501474773069,0.011506308899771726,0.15364185150576048,0.1987881779897009,1154,1202,1289,1121.1352112321522,1163.530198,True,Weighted respondent linearization; clustering unavailable; approximate
WVS,2020,individual_responsibility,All,exclude_crimea_donetsk_luhansk,6,valid,0.10605048946052367,0.009310299251361854,0.08778547444456547,0.12431550447648188,1154,1202,1289,1121.1352112321522,1163.530198,True,Weighted respondent linearization; clustering unavailable; approximate
WVS,2020,individual_responsibility,All,exclude_crimea_donetsk_luhansk,7,valid,0.09564843283938558,0.008769834790436986,0.07844370506316788,0.11285316061560328,1154,1202,1289,1121.1352112321522,1163.530198,True,Weighted respondent linearization; clustering unavailable; approximate
WVS,2020,individual_responsibility,All,exclude_crimea_donetsk_luhansk,8,valid,0.04767920943982239,0.006232451368584563,0.03545233952296391,0.059906079356680866,1154,1202,1289,1121.1352112321522,1163.530198,True,Weighted respondent linearization; clustering unavailable; approximate
WVS,2020,individual_responsibility,All,exclude_crimea_donetsk_luhansk,9,valid,0.024092930332350517,0.004689624936445695,0.01489278890071357,0.033293071763987464,1154,1202,1289,1121.1352112321522,1163.530198,True,Weighted respondent linearization; clustering unavailable; approximate
WVS,2020,individual_responsibility,All,exclude_crimea_donetsk_luhansk,10,valid,0.0565753077257046,0.007004557120397715,0.04283371494441058,0.07031690050699863,1154,1202,1289,1121.1352112321522,1163.530198,True,Weighted respondent linearization; clustering unavailable; approximate
WVS,2020,individual_responsibility,18-34,exclude_crimea_donetsk_luhansk,1,valid,0.22092937152873482,0.02389425505744687,0.17405344244884363,0.267805300608626,309,321,1289,300.6846938635675,306.758289,True,Weighted respondent linearization; clustering unavailable; approximate
WVS,2020,individual_responsibility,18-34,exclude_crimea_donetsk_luhansk,2,valid,0.05238610194490947,0.012861871211610528,0.027153586375764493,0.07761861751405444,309,321,1289,300.6846938635675,306.758289,True,Weighted respondent linearization; clustering unavailable; approximate
WVS,2020,individual_responsibility,18-34,exclude_crimea_donetsk_luhansk,3,valid,0.08489802536354607,0.016063883077263596,0.05338377886090024,0.11641227186619191,309,321,1289,300.6846938635675,306.758289,True,Weighted respondent linearization; clustering unavailable; approximate
WVS,2020,individual_responsibility,18-34,exclude_crimea_donetsk_luhansk,4,valid,0.10407199461201846,0.017733472383582513,0.06928233526526478,0.13886165395877215,309,321,1289,300.6846938635675,306.758289,True,Weighted respondent linearization; clustering unavailable; approximate
WVS,2020,individual_responsibility,18-34,exclude_crimea_donetsk_luhansk,5,valid,0.14659234847929406,0.02049912033282478,0.10637702020848566,0.18680767675010246,309,321,1289,300.6846938635675,306.758289,True,Weighted respondent linearization; clustering unavailable; approximate
WVS,2020,individual_responsibility,18-34,exclude_crimea_donetsk_luhansk,6,valid,0.13093387021727718,0.01974956902672401,0.09218901732986304,0.16967872310469131,309,321,1289,300.6846938635675,306.758289,True,Weighted respondent linearization; clustering unavailable; approximate
WVS,2020,individual_responsibility,18-34,exclude_crimea_donetsk_luhansk,7,valid,0.10812691682473169,0.017481647821222135,0.07383128879627604,0.14242254485318734,309,321,1289,300.6846938635675,306.758289,True,Weighted respondent linearization; clustering unavailable; approximate
WVS,2020,individual_responsibility,18-34,exclude_crimea_donetsk_luhansk,8,valid,0.05681841575273619,0.01314747338859946,0.03102560368715689,0.0826112278183155,309,321,1289,300.6846938635675,306.758289,True,Weighted respondent linearization; clustering unavailable; approximate
WVS,2020,individual_responsibility,18-34,exclude_crimea_donetsk_luhansk,9,valid,0.025932371789960013,0.009111948365125517,0.008056483032752883,0.04380826054716715,309,321,1289,300.6846938635675,306.758289,True,Weighted respondent linearization; clustering unavailable; approximate
WVS,2020,individual_responsibility,18-34,exclude_crimea_donetsk_luhansk,10,valid,0.0693105834867921,0.014793568897810215,0.040288448884771455,0.09833271808881275,309,321,1289,300.6846938635675,306.758289,True,Weighted respondent linearization; clustering unavailable; approximate
WVS,2020,individual_responsibility,35-54,exclude_crimea_donetsk_luhansk,1,valid,0.20864616275436534,0.019333819598529665,0.1707169302185457,0.246575395290185,456,468,1289,441.6691375030098,461.43424699999997,True,Weighted respondent linearization; clustering unavailable; approximate
WVS,2020,individual_responsibility,35-54,exclude_crimea_donetsk_luhansk,2,valid,0.0490853467146317,0.010117811014635707,0.029236149054962843,0.06893454437430056,456,468,1289,441.6691375030098,461.43424699999997,True,Weighted respondent linearization; clustering unavailable; approximate
WVS,2020,individual_responsibility,35-54,exclude_crimea_donetsk_luhansk,3,valid,0.115423194845787,0.014821806047480332,0.08634566439140887,0.14450072530016514,456,468,1289,441.6691375030098,461.43424699999997,True,Weighted respondent linearization; clustering unavailable; approximate
WVS,2020,individual_responsibility,35-54,exclude_crimea_donetsk_luhansk,4,valid,0.10444238223176357,0.014399243709115068,0.07619383774733596,0.13269092671619118,456,468,1289,441.6691375030098,461.43424699999997,True,Weighted respondent linearization; clustering unavailable; approximate
WVS,2020,individual_responsibility,35-54,exclude_crimea_donetsk_luhansk,5,valid,0.17870010198874556,0.018237224856610106,0.14292217725591105,0.21447802672158006,456,468,1289,441.6691375030098,461.43424699999997,True,Weighted respondent linearization; clustering unavailable; approximate
WVS,2020,individual_responsibility,35-54,exclude_crimea_donetsk_luhansk,6,valid,0.11152947215034086,0.0152062973398985,0.08169764378996407,0.14136130051071766,456,468,1289,441.6691375030098,461.43424699999997,True,Weighted respondent linearization; clustering unavailable; approximate
WVS,2020,individual_responsibility,35-54,exclude_crimea_donetsk_luhansk,7,valid,0.09399783453870948,0.01426186016473835,0.06601881012374895,0.12197685895367001,456,468,1289,441.6691375030098,461.43424699999997,True,Weighted respondent linearization; clustering unavailable; approximate
WVS,2020,individual_responsibility,35-54,exclude_crimea_donetsk_luhansk,8,valid,0.049504166950139705,0.009962005212343616,0.029960630283915518,0.06904770361636389,456,468,1289,441.6691375030098,461.43424699999997,True,Weighted respondent linearization; clustering unavailable; approximate
WVS,2020,individual_responsibility,35-54,exclude_crimea_donetsk_luhansk,9,valid,0.034820941671457696,0.00912183432191543,0.016925658569950788,0.0527162247729646,456,468,1289,441.6691375030098,461.43424699999997,True,Weighted respondent linearization; clustering unavailable; approximate
WVS,2020,individual_responsibility,35-54,exclude_crimea_donetsk_luhansk,10,valid,0.05385039615405919,0.010925141053552344,0.03241737235888888,0.0752834199492295,456,468,1289,441.6691375030098,461.43424699999997,True,Weighted respondent linearization; clustering unavailable; approximate
WVS,2020,individual_responsibility,55+,exclude_crimea_donetsk_luhansk,1,valid,0.21887656633128974,0.020910605349698273,0.17785398366305294,0.25989914899952654,389,413,1289,378.89865785513206,395.337662,True,Weighted respondent linearization; clustering unavailable; approximate
WVS,2020,individual_responsibility,55+,exclude_crimea_donetsk_luhansk,2,valid,0.07876131973482457,0.013705259894295439,0.05187423791193906,0.10564840155771008,389,413,1289,378.89865785513206,395.337662,True,Weighted respondent linearization; clustering unavailable; approximate
WVS,2020,individual_responsibility,55+,exclude_crimea_donetsk_luhansk,3,valid,0.1304208173315903,0.017459757302992044,0.09616813428625334,0.16467350037692727,389,413,1289,378.89865785513206,395.337662,True,Weighted respondent linearization; clustering unavailable; approximate
WVS,2020,individual_responsibility,55+,exclude_crimea_donetsk_luhansk,4,valid,0.10892588068171455,0.015797348912959842,0.07793452290496675,0.13991723845846235,389,413,1289,378.89865785513206,395.337662,True,Weighted respondent linearization; clustering unavailable; approximate
WVS,2020,individual_responsibility,55+,exclude_crimea_donetsk_luhansk,5,valid,0.19629985569146205,0.02089794397281657,0.15530211220751175,0.23729759917541235,389,413,1289,378.89865785513206,395.337662,True,Weighted respondent linearization; clustering unavailable; approximate
WVS,2020,individual_responsibility,55+,exclude_crimea_donetsk_luhansk,6,valid,0.08034746509934082,0.01405196469047129,0.052780215202660005,0.10791471499602164,389,413,1289,378.89865785513206,395.337662,True,Weighted respondent linearization; clustering unavailable; approximate
WVS,2020,individual_responsibility,55+,exclude_crimea_donetsk_luhansk,7,valid,0.08789244066506367,0.014312156136904565,0.0598147452340535,0.11597013609607384,389,413,1289,378.89865785513206,395.337662,True,Weighted respondent linearization; clustering unavailable; approximate
WVS,2020,individual_responsibility,55+,exclude_crimea_donetsk_luhansk,8,valid,0.03845766154199596,0.009842758855169036,0.0191480632751281,0.05776725980886382,389,413,1289,378.89865785513206,395.337662,True,Weighted respondent linearization; clustering unavailable; approximate
WVS,2020,individual_responsibility,55+,exclude_crimea_donetsk_luhansk,9,valid,0.010144004443472425,0.005103433640692939,0.00013204998706030369,0.020155958899884547,389,413,1289,378.89865785513206,395.337662,True,Weighted respondent linearization; clustering unavailable; approximate
WVS,2020,individual_responsibility,55+,exclude_crimea_donetsk_luhansk,10,valid,0.04987398847924588,0.011409931276207728,0.02748989958323092,0.07225807737526084,389,413,1289,378.89865785513206,395.337662,True,Weighted respondent linearization; clustering unavailable; approximate
WVS,2020,income_incentives,All,survey_coverage,1,valid,0.07673720113911908,0.007566404284477085,0.061893372370396174,0.09158102990784199,1236,1289,1289,1200.7256883134485,1236.086039,True,Weighted respondent linearization; clustering unavailable; approximate
WVS,2020,income_incentives,All,survey_coverage,2,valid,0.02210209009568791,0.004162965448433563,0.013935153204219893,0.030269026987155927,1236,1289,1289,1200.7256883134485,1236.086039,True,Weighted respondent linearization; clustering unavailable; approximate
WVS,2020,income_incentives,All,survey_coverage,3,valid,0.07122781685264225,0.007332092713047988,0.056843662285040134,0.08561197142024436,1236,1289,1289,1200.7256883134485,1236.086039,True,Weighted respondent linearization; clustering unavailable; approximate
WVS,2020,income_incentives,All,survey_coverage,4,valid,0.08779697980230969,0.008127696649622174,0.07185200345487516,0.10374195614974421,1236,1289,1289,1200.7256883134485,1236.086039,True,Weighted respondent linearization; clustering unavailable; approximate
WVS,2020,income_incentives,All,survey_coverage,5,valid,0.16469251457988515,0.01085043712902081,0.14340604550508218,0.18597898365468812,1236,1289,1289,1200.7256883134485,1236.086039,True,Weighted respondent linearization; clustering unavailable; approximate
WVS,2020,income_incentives,All,survey_coverage,6,valid,0.11059423995322709,0.00936146462141759,0.09222884832990814,0.12895963157654605,1236,1289,1289,1200.7256883134485,1236.086039,True,Weighted respondent linearization; clustering unavailable; approximate
WVS,2020,income_incentives,All,survey_coverage,7,valid,0.145509638750964,0.010123204809248089,0.1256498595045031,0.1653694179974249,1236,1289,1289,1200.7256883134485,1236.086039,True,Weighted respondent linearization; clustering unavailable; approximate
WVS,2020,income_incentives,All,survey_coverage,8,valid,0.10400005011301644,0.0085822401681768,0.08716334687607379,0.1208367533499591,1236,1289,1289,1200.7256883134485,1236.086039,True,Weighted respondent linearization; clustering unavailable; approximate
WVS,2020,income_incentives,All,survey_coverage,9,valid,0.03684067254480171,0.005593052985224038,0.025868179179969857,0.04781316590963356,1236,1289,1289,1200.7256883134485,1236.086039,True,Weighted respondent linearization; clustering unavailable; approximate
WVS,2020,income_incentives,All,survey_coverage,10,valid,0.18049879616834666,0.011054372641301985,0.15881224487346274,0.20218534746323058,1236,1289,1289,1200.7256883134485,1236.086039,True,Weighted respondent linearization; clustering unavailable; approximate
WVS,2020,income_incentives,18-34,survey_coverage,1,valid,0.02100789345025307,0.007910009781573624,0.005489976835952478,0.03652581006455366,322,332,1289,313.2935176751968,318.00732500000004,True,Weighted respondent linearization; clustering unavailable; approximate
WVS,2020,income_incentives,18-34,survey_coverage,2,valid,0.012357099007074756,0.006143996209580194,0.00030376108568005815,0.024410436928469455,322,332,1289,313.2935176751968,318.00732500000004,True,Weighted respondent linearization; clustering unavailable; approximate
WVS,2020,income_incentives,18-34,survey_coverage,3,valid,0.09055643922667503,0.016123249123693784,0.05892572796814857,0.12218715048520148,322,332,1289,313.2935176751968,318.00732500000004,True,Weighted respondent linearization; clustering unavailable; approximate
WVS,2020,income_incentives,18-34,survey_coverage,4,valid,0.09681233286057167,0.01687500284600559,0.06370682550198226,0.12991784021916108,322,332,1289,313.2935176751968,318.00732500000004,True,Weighted respondent linearization; clustering unavailable; approximate
WVS,2020,income_incentives,18-34,survey_coverage,5,valid,0.18994084806065392,0.022461336317710696,0.14587602972933517,0.23400566639197268,322,332,1289,313.2935176751968,318.00732500000004,True,Weighted respondent linearization; clustering unavailable; approximate
WVS,2020,income_incentives,18-34,survey_coverage,6,valid,0.0938997647302621,0.01693849770248343,0.06066969268522243,0.12712983677530176,322,332,1289,313.2935176751968,318.00732500000004,True,Weighted respondent linearization; clustering unavailable; approximate
WVS,2020,income_incentives,18-34,survey_coverage,7,valid,0.14022592089663344,0.019391128540946954,0.10218425924703989,0.178267582546227,322,332,1289,313.2935176751968,318.00732500000004,True,Weighted respondent linearization; clustering unavailable; approximate
WVS,2020,income_incentives,18-34,survey_coverage,8,valid,0.10776943895867806,0.017137664670723977,0.07414863965908056,0.14139023825827557,322,332,1289,313.2935176751968,318.00732500000004,True,Weighted respondent linearization; clustering unavailable; approximate
WVS,2020,income_incentives,18-34,survey_coverage,9,valid,0.04589232968139963,0.011694425370439791,0.022950118134027357,0.06883454122877189,322,332,1289,313.2935176751968,318.00732500000004,True,Weighted respondent linearization; clustering unavailable; approximate
WVS,2020,income_incentives,18-34,survey_coverage,10,valid,0.20153793312779825,0.02260918213952422,0.15718306975253787,0.24589279650305862,322,332,1289,313.2935176751968,318.00732500000004,True,Weighted respondent linearization; clustering unavailable; approximate
WVS,2020,income_incentives,35-54,survey_coverage,1,valid,0.05596700740039999,0.010364891248647885,0.03563308588142889,0.0763009289193711,485,499,1289,469.8933194822512,488.03308,True,Weighted respondent linearization; clustering unavailable; approximate
WVS,2020,income_incentives,35-54,survey_coverage,2,valid,0.02012393504145252,0.0063822442376648145,0.007603200348697171,0.03264466973420787,485,499,1289,469.8933194822512,488.03308,True,Weighted respondent linearization; clustering unavailable; approximate
WVS,2020,income_incentives,35-54,survey_coverage,3,valid,0.06015960639389445,0.010746748529533678,0.03907655439253721,0.08124265839525169,485,499,1289,469.8933194822512,488.03308,True,Weighted respondent linearization; clustering unavailable; approximate
WVS,2020,income_incentives,35-54,survey_coverage,4,valid,0.07002857060427134,0.011508683441065825,0.04745074896935138,0.0926063922391913,485,499,1289,469.8933194822512,488.03308,True,Weighted respondent linearization; clustering unavailable; approximate
WVS,2020,income_incentives,35-54,survey_coverage,5,valid,0.16595634254956654,0.01739722986251348,0.13182632630670463,0.20008635879242845,485,499,1289,469.8933194822512,488.03308,True,Weighted respondent linearization; clustering unavailable; approximate
WVS,2020,income_incentives,35-54,survey_coverage,6,valid,0.12748803216372137,0.016014590642291812,0.09607048793031797,0.15890557639712477,485,499,1289,469.8933194822512,488.03308,True,Weighted respondent linearization; clustering unavailable; approximate
WVS,2020,income_incentives,35-54,survey_coverage,7,valid,0.152751844198758,0.016599695378948207,0.12018643709731908,0.18531725130019694,485,499,1289,469.8933194822512,488.03308,True,Weighted respondent linearization; clustering unavailable; approximate
WVS,2020,income_incentives,35-54,survey_coverage,8,valid,0.1263872932547933,0.014872624319595943,0.09721006713240096,0.15556451937718566,485,499,1289,469.8933194822512,488.03308,True,Weighted respondent linearization; clustering unavailable; approximate
WVS,2020,income_incentives,35-54,survey_coverage,9,valid,0.027659776669237256,0.0076807292775860235,0.012591664270154282,0.04272788906832023,485,499,1289,469.8933194822512,488.03308,True,Weighted respondent linearization; clustering unavailable; approximate
WVS,2020,income_incentives,35-54,survey_coverage,10,valid,0.1934775917239053,0.018211599823631953,0.15774993837327822,0.22920524507453238,485,499,1289,469.8933194822512,488.03308,True,Weighted respondent linearization; clustering unavailable; approximate
WVS,2020,income_incentives,55+,survey_coverage,1,valid,0.14151839523151633,0.0168656713789101,0.1084311944151785,0.17460559604785414,429,458,1289,417.6373673419869,430.04563399999995,True,Weighted respondent linearization; clustering unavailable; approximate
WVS,2020,income_incentives,55+,survey_coverage,2,valid,0.03155314210212398,0.008350831625076853,0.015170417883516675,0.04793586632073129,429,458,1289,417.6373673419869,430.04563399999995,True,Weighted respondent linearization; clustering unavailable; approximate
WVS,2020,income_incentives,55+,survey_coverage,3,valid,0.06949546428833178,0.012335659566325312,0.045295274678129605,0.09369565389853396,429,458,1289,417.6373673419869,430.04563399999995,True,Weighted respondent linearization; clustering unavailable; approximate
WVS,2020,income_incentives,55+,survey_coverage,4,valid,0.10129467097438317,0.014752697574153505,0.07235271804216253,0.13023662390660382,429,458,1289,417.6373673419869,430.04563399999995,True,Weighted respondent linearization; clustering unavailable; approximate
WVS,2020,income_incentives,55+,survey_coverage,5,valid,0.14458779972173838,0.01745759350699256,0.11033936162764897,0.1788362378158278,429,458,1289,417.6373673419869,430.04563399999995,True,Weighted respondent linearization; clustering unavailable; approximate
WVS,2020,income_incentives,55+,survey_coverage,6,valid,0.10376760620711245,0.01532540464438414,0.07370211224198914,0.13383310017223576,429,458,1289,417.6373673419869,430.04563399999995,True,Weighted respondent linearization; clustering unavailable; approximate
WVS,2020,income_incentives,55+,survey_coverage,7,valid,0.14119806178522906,0.01690567444265746,0.1080323826579043,0.17436374091255383,429,458,1289,417.6373673419869,430.04563399999995,True,Weighted respondent linearization; clustering unavailable; approximate
WVS,2020,income_incentives,55+,survey_coverage,8,valid,0.07580674333738266,0.012664472879055283,0.05096148530002102,0.1006520013747443,429,458,1289,417.6373673419869,430.04563399999995,True,Weighted respondent linearization; clustering unavailable; approximate
WVS,2020,income_incentives,55+,survey_coverage,9,valid,0.040566062344909205,0.010355726970826833,0.02025011937501508,0.06088200531480333,429,458,1289,417.6373673419869,430.04563399999995,True,Weighted respondent linearization; clustering unavailable; approximate
WVS,2020,income_incentives,55+,survey_coverage,10,valid,0.1502120540072731,0.01729262259750243,0.11628725708278334,0.18413685093176288,429,458,1289,417.6373673419869,430.04563399999995,True,Weighted respondent linearization; clustering unavailable; approximate
WVS,2020,income_incentives,All,exclude_crimea_donetsk_luhansk,1,valid,0.07577504102300786,0.007802257871140568,0.060468512916092794,0.09108156912992293,1152,1202,1289,1119.315530287803,1160.510345,True,Weighted respondent linearization; clustering unavailable; approximate
WVS,2020,income_incentives,All,exclude_crimea_donetsk_luhansk,2,valid,0.023541440296251732,0.004431336517300947,0.014848011025712815,0.03223486956679065,1152,1202,1289,1119.315530287803,1160.510345,True,Weighted respondent linearization; clustering unavailable; approximate
WVS,2020,income_incentives,All,exclude_crimea_donetsk_luhansk,3,valid,0.07486856052110419,0.007738192748755644,0.05968771585258007,0.09004940518962831,1152,1202,1289,1119.315530287803,1160.510345,True,Weighted respondent linearization; clustering unavailable; approximate
WVS,2020,income_incentives,All,exclude_crimea_donetsk_luhansk,4,valid,0.09284679922435334,0.008612212515940453,0.07595129601039742,0.10974230243830925,1152,1202,1289,1119.315530287803,1160.510345,True,Weighted respondent linearization; clustering unavailable; approximate
WVS,2020,income_incentives,All,exclude_crimea_donetsk_luhansk,5,valid,0.16839498143379325,0.011329321920895013,0.14616903257661734,0.19062093029096916,1152,1202,1289,1119.315530287803,1160.510345,True,Weighted respondent linearization; clustering unavailable; approximate
WVS,2020,income_incentives,All,exclude_crimea_donetsk_luhansk,6,valid,0.11679863568988694,0.009894009423672466,0.09738849367270358,0.1362087777070703,1152,1202,1289,1119.315530287803,1160.510345,True,Weighted respondent linearization; clustering unavailable; approximate
WVS,2020,income_incentives,All,exclude_crimea_donetsk_luhansk,7,valid,0.15114036575003562,0.010631101557776738,0.1302841908466816,0.17199654065338962,1152,1202,1289,1119.315530287803,1160.510345,True,Weighted respondent linearization; clustering unavailable; approximate
WVS,2020,income_incentives,All,exclude_crimea_donetsk_luhansk,8,valid,0.10283276104703747,0.008852587567397908,0.08546568825128859,0.12019983384278635,1152,1202,1289,1119.315530287803,1160.510345,True,Weighted respondent linearization; clustering unavailable; approximate
WVS,2020,income_incentives,All,exclude_crimea_donetsk_luhansk,9,valid,0.03539457117032421,0.00571093265565697,0.024190820582453185,0.04659832175819524,1152,1202,1289,1119.315530287803,1160.510345,True,Weighted respondent linearization; clustering unavailable; approximate
WVS,2020,income_incentives,All,exclude_crimea_donetsk_luhansk,10,valid,0.15840684384420547,0.010919247114176722,0.13698538282358114,0.1798283048648298,1152,1202,1289,1119.315530287803,1160.510345,True,Weighted respondent linearization; clustering unavailable; approximate
WVS,2020,income_incentives,18-34,exclude_crimea_donetsk_luhansk,1,valid,0.021668839146510986,0.008156590074420237,0.005667179461242618,0.03767049883177935,311,321,1289,302.69020272627534,308.307425,True,Weighted respondent linearization; clustering unavailable; approximate
WVS,2020,income_incentives,18-34,exclude_crimea_donetsk_luhansk,2,valid,0.012745875322334515,0.006336237869632465,0.00031539626801287655,0.025176354376656156,311,321,1289,302.69020272627534,308.307425,True,Weighted respondent linearization; clustering unavailable; approximate
WVS,2020,income_incentives,18-34,exclude_crimea_donetsk_luhansk,3,valid,0.09340550588426469,0.016607821460688805,0.06082415697461897,0.12598685479391042,311,321,1289,302.69020272627534,308.307425,True,Weighted respondent linearization; clustering unavailable; approximate
WVS,2020,income_incentives,18-34,exclude_crimea_donetsk_luhansk,4,valid,0.09985822105971011,0.017379118688233438,0.06576373545461296,0.13395270666480724,311,321,1289,302.69020272627534,308.307425,True,Weighted respondent linearization; clustering unavailable; approximate
WVS,2020,income_incentives,18-34,exclude_crimea_donetsk_luhansk,5,valid,0.19591672500264953,0.023088304259755242,0.15062191625246288,0.2412115337528362,311,321,1289,302.69020272627534,308.307425,True,Weighted respondent linearization; clustering unavailable; approximate
WVS,2020,income_incentives,18-34,exclude_crimea_donetsk_luhansk,6,valid,0.09685401835521801,0.01744412098537475,0.0626320107552522,0.1310760259551838,311,321,1289,302.69020272627534,308.307425,True,Weighted respondent linearization; clustering unavailable; approximate
WVS,2020,income_incentives,18-34,exclude_crimea_donetsk_luhansk,7,valid,0.14212411523984542,0.019842439251859384,0.10319706884706303,0.1810511616326278,311,321,1289,302.69020272627534,308.307425,True,Weighted respondent linearization; clustering unavailable; approximate
WVS,2020,income_incentives,18-34,exclude_crimea_donetsk_luhansk,8,valid,0.11116005720588791,0.017649182765778686,0.07653575786457671,0.14578435654719912,311,321,1289,302.69020272627534,308.307425,True,Weighted respondent linearization; clustering unavailable; approximate
WVS,2020,income_incentives,18-34,exclude_crimea_donetsk_luhansk,9,valid,0.041066724228260146,0.011252865162297338,0.01899076881449087,0.06314267964202942,311,321,1289,302.69020272627534,308.307425,True,Weighted respondent linearization; clustering unavailable; approximate
WVS,2020,income_incentives,18-34,exclude_crimea_donetsk_luhansk,10,valid,0.1851999185553186,0.02236477183662539,0.14132454114844417,0.229075295962193,311,321,1289,302.69020272627534,308.307425,True,Weighted respondent linearization; clustering unavailable; approximate
WVS,2020,income_incentives,35-54,exclude_crimea_donetsk_luhansk,1,valid,0.05565949934072868,0.01069783430904661,0.034672407624596384,0.07664659105686097,454,468,1289,439.8080202549249,459.20547799999997,True,Weighted respondent linearization; clustering unavailable; approximate
WVS,2020,income_incentives,35-54,exclude_crimea_donetsk_luhansk,2,valid,0.02138725792813822,0.006779075243239799,0.008088017187409742,0.034686498668866694,454,468,1289,439.8080202549249,459.20547799999997,True,Weighted respondent linearization; clustering unavailable; approximate
WVS,2020,income_incentives,35-54,exclude_crimea_donetsk_luhansk,3,valid,0.0639362538266584,0.011401691777989822,0.041568329240147465,0.08630417841316934,454,468,1289,439.8080202549249,459.20547799999997,True,Weighted respondent linearization; clustering unavailable; approximate
WVS,2020,income_incentives,35-54,exclude_crimea_donetsk_luhansk,4,valid,0.07442476328646934,0.012206532193850319,0.050477896725672045,0.09837162984726663,454,468,1289,439.8080202549249,459.20547799999997,True,Weighted respondent linearization; clustering unavailable; approximate
WVS,2020,income_incentives,35-54,exclude_crimea_donetsk_luhansk,5,valid,0.16687967733695022,0.018051068301913328,0.13146695593164126,0.20229239874225918,454,468,1289,439.8080202549249,459.20547799999997,True,Weighted respondent linearization; clustering unavailable; approximate
WVS,2020,income_incentives,35-54,exclude_crimea_donetsk_luhansk,6,valid,0.1329696811674359,0.016806358597958836,0.09999884061036199,0.16594052172450982,454,468,1289,439.8080202549249,459.20547799999997,True,Weighted respondent linearization; clustering unavailable; approximate
WVS,2020,income_incentives,35-54,exclude_crimea_donetsk_luhansk,7,valid,0.15599852665520686,0.017282584568392108,0.12209342241163751,0.1899036308987762,454,468,1289,439.8080202549249,459.20547799999997,True,Weighted respondent linearization; clustering unavailable; approximate
WVS,2020,income_incentives,35-54,exclude_crimea_donetsk_luhansk,8,valid,0.12651418544270937,0.015362989640024933,0.09637495695077658,0.15665341393464216,454,468,1289,439.8080202549249,459.20547799999997,True,Weighted respondent linearization; clustering unavailable; approximate
WVS,2020,income_incentives,35-54,exclude_crimea_donetsk_luhansk,9,valid,0.02939617806562839,0.008156022290588545,0.013395632262946575,0.0453967238683102,454,468,1289,439.8080202549249,459.20547799999997,True,Weighted respondent linearization; clustering unavailable; approximate
WVS,2020,income_incentives,35-54,exclude_crimea_donetsk_luhansk,10,valid,0.17283397695007463,0.018079975756676747,0.13736454468284037,0.2083034092173089,454,468,1289,439.8080202549249,459.20547799999997,True,Weighted respondent linearization; clustering unavailable; approximate
WVS,2020,income_incentives,55+,exclude_crimea_donetsk_luhansk,1,valid,0.14172587922340726,0.01776658629970937,0.10687125674722403,0.1765805016995905,387,413,1289,376.9445855286943,392.997442,True,Weighted respondent linearization; clustering unavailable; approximate
WVS,2020,income_incentives,55+,exclude_crimea_donetsk_luhansk,2,valid,0.034527682752703515,0.009126919073928047,0.016622424346498504,0.05243294115890852,387,413,1289,376.9445855286943,392.997442,True,Weighted respondent linearization; clustering unavailable; approximate
WVS,2020,income_incentives,55+,exclude_crimea_donetsk_luhansk,3,valid,0.07310034857682356,0.013179987949373683,0.047243749201648214,0.0989569479519989,387,413,1289,376.9445855286943,392.997442,True,Weighted respondent linearization; clustering unavailable; approximate
WVS,2020,income_incentives,55+,exclude_crimea_donetsk_luhansk,4,valid,0.10887190711027582,0.015975029774040504,0.07753197368541317,0.14021184053513847,387,413,1289,376.9445855286943,392.997442,True,Weighted respondent linearization; clustering unavailable; approximate
WVS,2020,income_incentives,55+,exclude_crimea_donetsk_luhansk,5,valid,0.14857469479406943,0.018534153843768098,0.11221425254351705,0.1849351370446218,387,413,1289,376.9445855286943,392.997442,True,Weighted respondent linearization; clustering unavailable; approximate
WVS,2020,income_incentives,55+,exclude_crimea_donetsk_luhansk,6,valid,0.11354986376730668,0.01668510284230645,0.08081690366261868,0.14628282387199468,387,413,1289,376.9445855286943,392.997442,True,Weighted respondent linearization; clustering unavailable; approximate
WVS,2020,income_incentives,55+,exclude_crimea_donetsk_luhansk,7,valid,0.15253702338347536,0.01830529830410202,0.11662555164994205,0.18844849511700867,387,413,1289,376.9445855286943,392.997442,True,Weighted respondent linearization; clustering unavailable; approximate
WVS,2020,income_incentives,55+,exclude_crimea_donetsk_luhansk,8,valid,0.06862895814980903,0.012870458972246153,0.0433795950473326,0.09387832125228546,387,413,1289,376.9445855286943,392.997442,True,Weighted respondent linearization; clustering unavailable; approximate
WVS,2020,income_incentives,55+,exclude_crimea_donetsk_luhansk,9,valid,0.03795369232963099,0.01074272694314707,0.016878529906659608,0.059028854752602375,387,413,1289,376.9445855286943,392.997442,True,Weighted respondent linearization; clustering unavailable; approximate
WVS,2020,income_incentives,55+,exclude_crimea_donetsk_luhansk,10,valid,0.12052994991249844,0.016710996137931533,0.08774619214592694,0.15331370767906993,387,413,1289,376.9445855286943,392.997442,True,Weighted respondent linearization; clustering unavailable; approximate
EVS,1999,private_ownership,All,survey_coverage,1,valid,0.1652534175744269,0.011775060232886879,0.14215130526647415,0.18835552988237966,1023,1195,1195,972.1328048673081,1036.01694,True,Weighted respondent linearization; clustering unavailable; approximate
EVS,1999,private_ownership,All,survey_coverage,2,valid,0.06766963675323687,0.007976560232033882,0.05202000212997364,0.0833192713765001,1023,1195,1195,972.1328048673081,1036.01694,True,Weighted respondent linearization; clustering unavailable; approximate
EVS,1999,private_ownership,All,survey_coverage,3,valid,0.09341224671480758,0.009245311359461269,0.07527338227386528,0.11155111115574988,1023,1195,1195,972.1328048673081,1036.01694,True,Weighted respondent linearization; clustering unavailable; approximate
EVS,1999,private_ownership,All,survey_coverage,4,valid,0.044613913359370365,0.0065825266205268755,0.03169930687330081,0.05752851984543992,1023,1195,1195,972.1328048673081,1036.01694,True,Weighted respondent linearization; clustering unavailable; approximate
EVS,1999,private_ownership,All,survey_coverage,5,valid,0.07704520738821125,0.008609755898548413,0.06015327275871346,0.09393714201770903,1023,1195,1195,972.1328048673081,1036.01694,True,Weighted respondent linearization; clustering unavailable; approximate
EVS,1999,private_ownership,All,survey_coverage,6,valid,0.1994637365678596,0.012745358948530095,0.17445794398501147,0.22446952915070773,1023,1195,1195,972.1328048673081,1036.01694,True,Weighted respondent linearization; clustering unavailable; approximate
EVS,1999,private_ownership,All,survey_coverage,7,valid,0.07806664821523092,0.008625892859346748,0.061143053630429385,0.09499024280003246,1023,1195,1195,972.1328048673081,1036.01694,True,Weighted respondent linearization; clustering unavailable; approximate
EVS,1999,private_ownership,All,survey_coverage,8,valid,0.08495778070964746,0.009007952538889643,0.0672846030695942,0.10263095834970072,1023,1195,1195,972.1328048673081,1036.01694,True,Weighted respondent linearization; clustering unavailable; approximate
EVS,1999,private_ownership,All,survey_coverage,9,valid,0.0666688905685268,0.008041613075780754,0.05089162533680227,0.08244615580025133,1023,1195,1195,972.1328048673081,1036.01694,True,Weighted respondent linearization; clustering unavailable; approximate
EVS,1999,private_ownership,All,survey_coverage,10,valid,0.12284852214868223,0.010851267298726115,0.10155884796776936,0.14413819632959513,1023,1195,1195,972.1328048673081,1036.01694,True,Weighted respondent linearization; clustering unavailable; approximate
EVS,1999,private_ownership,18-34,survey_coverage,1,valid,0.09254168160749038,0.017197767393582534,0.058800473841694956,0.1262828893732858,301,331,1195,283.47033114190435,326.67766,True,Weighted respondent linearization; clustering unavailable; approximate
EVS,1999,private_ownership,18-34,survey_coverage,2,valid,0.02888752784625677,0.009277044855043343,0.010686403785035544,0.04708865190747799,301,331,1195,283.47033114190435,326.67766,True,Weighted respondent linearization; clustering unavailable; approximate
EVS,1999,private_ownership,18-34,survey_coverage,3,valid,0.09067761168608834,0.017348751628118154,0.056640179979694276,0.1247150433924824,301,331,1195,283.47033114190435,326.67766,True,Weighted respondent linearization; clustering unavailable; approximate
EVS,1999,private_ownership,18-34,survey_coverage,4,valid,0.04139808641949988,0.01162925982290545,0.018582027633084888,0.06421414520591487,301,331,1195,283.47033114190435,326.67766,True,Weighted respondent linearization; clustering unavailable; approximate
EVS,1999,private_ownership,18-34,survey_coverage,5,valid,0.09458736786592631,0.01723161681055858,0.060779749141963955,0.12839498658988865,301,331,1195,283.47033114190435,326.67766,True,Weighted respondent linearization; clustering unavailable; approximate
EVS,1999,private_ownership,18-34,survey_coverage,6,valid,0.19665758595185234,0.023473537385802018,0.15060361372356984,0.24271155818013485,301,331,1195,283.47033114190435,326.67766,True,Weighted respondent linearization; clustering unavailable; approximate
EVS,1999,private_ownership,18-34,survey_coverage,7,valid,0.1060612470408904,0.018285737110751158,0.07018549405013871,0.14193700003164209,301,331,1195,283.47033114190435,326.67766,True,Weighted respondent linearization; clustering unavailable; approximate
EVS,1999,private_ownership,18-34,survey_coverage,8,valid,0.10096931635912906,0.01765679712200771,0.06632751393572418,0.13561111878253396,301,331,1195,283.47033114190435,326.67766,True,Weighted respondent linearization; clustering unavailable; approximate
EVS,1999,private_ownership,18-34,survey_coverage,9,valid,0.09469306839041274,0.017670904725775007,0.06002358751439851,0.12936254926642696,301,331,1195,283.47033114190435,326.67766,True,Weighted respondent linearization; clustering unavailable; approximate
EVS,1999,private_ownership,18-34,survey_coverage,10,valid,0.15352650683245375,0.021827708032455723,0.11070157410025284,0.19635143956465467,301,331,1195,283.47033114190435,326.67766,True,Weighted respondent linearization; clustering unavailable; approximate
EVS,1999,private_ownership,35-54,survey_coverage,1,valid,0.13497753213643596,0.01648560722203799,0.10263354900804175,0.16732151526483016,443,495,1195,414.6692355860634,417.66765999999996,True,Weighted respondent linearization; clustering unavailable; approximate
EVS,1999,private_ownership,35-54,survey_coverage,2,valid,0.07151528083356992,0.012796378175863446,0.04640939093517445,0.0966211707319654,443,495,1195,414.6692355860634,417.66765999999996,True,Weighted respondent linearization; clustering unavailable; approximate
EVS,1999,private_ownership,35-54,survey_coverage,3,valid,0.09818797078998169,0.014086549297465844,0.07055082605651616,0.12582511552344722,443,495,1195,414.6692355860634,417.66765999999996,True,Weighted respondent linearization; clustering unavailable; approximate
EVS,1999,private_ownership,35-54,survey_coverage,4,valid,0.037461650729673446,0.009197765625612395,0.019416068774036226,0.055507232685310666,443,495,1195,414.6692355860634,417.66765999999996,True,Weighted respondent linearization; clustering unavailable; approximate
EVS,1999,private_ownership,35-54,survey_coverage,5,valid,0.08358650511748981,0.013783514601818363,0.05654390015143048,0.11062911008354914,443,495,1195,414.6692355860634,417.66765999999996,True,Weighted respondent linearization; clustering unavailable; approximate
EVS,1999,private_ownership,35-54,survey_coverage,6,valid,0.20602521631672416,0.019701576782003207,0.16737165272896454,0.24467877990448378,443,495,1195,414.6692355860634,417.66765999999996,True,Weighted respondent linearization; clustering unavailable; approximate
EVS,1999,private_ownership,35-54,survey_coverage,7,valid,0.07680846058323022,0.013076025622281795,0.051153915596366895,0.10246300557009355,443,495,1195,414.6692355860634,417.66765999999996,True,Weighted respondent linearization; clustering unavailable; approximate
EVS,1999,private_ownership,35-54,survey_coverage,8,valid,0.08681653733975955,0.014196860948830183,0.058962966353834016,0.11467010832568508,443,495,1195,414.6692355860634,417.66765999999996,True,Weighted respondent linearization; clustering unavailable; approximate
EVS,1999,private_ownership,35-54,survey_coverage,9,valid,0.06646506938076077,0.011957182826152008,0.04300564114234037,0.08992449761918117,443,495,1195,414.6692355860634,417.66765999999996,True,Weighted respondent linearization; clustering unavailable; approximate
EVS,1999,private_ownership,35-54,survey_coverage,10,valid,0.13815577677237448,0.017625905013604445,0.10357458320732332,0.17273697033742563,443,495,1195,414.6692355860634,417.66765999999996,True,Weighted respondent linearization; clustering unavailable; approximate
EVS,1999,private_ownership,55+,survey_coverage,1,valid,0.2900463541842021,0.0271693523298377,0.2367413675052199,0.3433513408631843,279,369,1195,277.1621029014889,291.67161999999996,True,Weighted respondent linearization; clustering unavailable; approximate
EVS,1999,private_ownership,55+,survey_coverage,2,valid,0.10559944090549503,0.018581376458242312,0.06914365747130534,0.1420552243396847,279,369,1195,277.1621029014889,291.67161999999996,True,Weighted respondent linearization; clustering unavailable; approximate
EVS,1999,private_ownership,55+,survey_coverage,3,valid,0.0896363520043534,0.017152805179987785,0.05598335797908552,0.12328934602962127,279,369,1195,277.1621029014889,291.67161999999996,True,Weighted respondent linearization; clustering unavailable; approximate
EVS,1999,private_ownership,55+,survey_coverage,4,valid,0.058457590080241616,0.014224201781202393,0.030550377671889072,0.08636480248859416,279,369,1195,277.1621029014889,291.67161999999996,True,Weighted respondent linearization; clustering unavailable; approximate
EVS,1999,private_ownership,55+,survey_coverage,5,valid,0.04803065858790101,0.012998266907211686,0.02252867252922512,0.0735326446465769,279,369,1195,277.1621029014889,291.67161999999996,True,Weighted respondent linearization; clustering unavailable; approximate
EVS,1999,private_ownership,55+,survey_coverage,6,valid,0.1932107758718521,0.023710615616521817,0.14669166734672395,0.23972988439698023,279,369,1195,277.1621029014889,291.67161999999996,True,Weighted respondent linearization; clustering unavailable; approximate
EVS,1999,private_ownership,55+,survey_coverage,7,valid,0.048513873238678486,0.012719322913432413,0.023559162127600695,0.07346858434975628,279,369,1195,277.1621029014889,291.67161999999996,True,Weighted respondent linearization; clustering unavailable; approximate
EVS,1999,private_ownership,55+,survey_coverage,8,valid,0.06436286122043687,0.0147315368077363,0.03546028143994894,0.09326544100092479,279,369,1195,277.1621029014889,291.67161999999996,True,Weighted respondent linearization; clustering unavailable; approximate
EVS,1999,private_ownership,55+,survey_coverage,9,valid,0.03557315586617581,0.011096883845562077,0.013801593615268334,0.057344718117083276,279,369,1195,277.1621029014889,291.67161999999996,True,Weighted respondent linearization; clustering unavailable; approximate
EVS,1999,private_ownership,55+,survey_coverage,10,valid,0.06656893804066367,0.015198709919027026,0.036749786669811324,0.09638808941151603,279,369,1195,277.1621029014889,291.67161999999996,True,Weighted respondent linearization; clustering unavailable; approximate
EVS,1999,private_ownership,All,exclude_crimea_donetsk_luhansk,1,valid,0.1514880198812811,0.012715224610279305,0.12654134944751982,0.1764346903150424,804,943,1195,764.4116532418808,816.59124,True,Weighted respondent linearization; clustering unavailable; approximate
EVS,1999,private_ownership,All,exclude_crimea_donetsk_luhansk,2,valid,0.06756437896639694,0.009063087477248126,0.04978302918005672,0.08534572875273716,804,943,1195,764.4116532418808,816.59124,True,Weighted respondent linearization; clustering unavailable; approximate
EVS,1999,private_ownership,All,exclude_crimea_donetsk_luhansk,3,valid,0.08121559080158637,0.009702753184832774,0.062179247093865284,0.10025193450930746,804,943,1195,764.4116532418808,816.59124,True,Weighted respondent linearization; clustering unavailable; approximate
EVS,1999,private_ownership,All,exclude_crimea_donetsk_luhansk,4,valid,0.04991682252187765,0.007874659173808748,0.03446711296437684,0.06536653207937847,804,943,1195,764.4116532418808,816.59124,True,Weighted respondent linearization; clustering unavailable; approximate
EVS,1999,private_ownership,All,exclude_crimea_donetsk_luhansk,5,valid,0.08152278243886134,0.009951395815004696,0.061998613628493765,0.10104695124922891,804,943,1195,764.4116532418808,816.59124,True,Weighted respondent linearization; clustering unavailable; approximate
EVS,1999,private_ownership,All,exclude_crimea_donetsk_luhansk,6,valid,0.19195081005277498,0.01419945337739247,0.16409215284439183,0.21980946726115813,804,943,1195,764.4116532418808,816.59124,True,Weighted respondent linearization; clustering unavailable; approximate
EVS,1999,private_ownership,All,exclude_crimea_donetsk_luhansk,7,valid,0.09223805780723289,0.010511252572238792,0.07161547646850602,0.11286063914595976,804,943,1195,764.4116532418808,816.59124,True,Weighted respondent linearization; clustering unavailable; approximate
EVS,1999,private_ownership,All,exclude_crimea_donetsk_luhansk,8,valid,0.09531773816236383,0.01069395679603613,0.07433669976152232,0.11629877656320534,804,943,1195,764.4116532418808,816.59124,True,Weighted respondent linearization; clustering unavailable; approximate
EVS,1999,private_ownership,All,exclude_crimea_donetsk_luhansk,9,valid,0.07162240682376166,0.009402534920148196,0.053175077178853676,0.09006973646866964,804,943,1195,764.4116532418808,816.59124,True,Weighted respondent linearization; clustering unavailable; approximate
EVS,1999,private_ownership,All,exclude_crimea_donetsk_luhansk,10,valid,0.1171633925438632,0.011992928823144377,0.09363383234681628,0.1406929527409101,804,943,1195,764.4116532418808,816.59124,True,Weighted respondent linearization; clustering unavailable; approximate
EVS,1999,private_ownership,18-34,exclude_crimea_donetsk_luhansk,1,valid,0.07775047534928523,0.017648431548181884,0.04312508578681035,0.1123758649117601,241,265,1195,226.9516765378349,259.90362000000005,True,Weighted respondent linearization; clustering unavailable; approximate
EVS,1999,private_ownership,18-34,exclude_crimea_donetsk_luhansk,2,valid,0.03006418302292211,0.01079926008133604,0.008876544547407491,0.051251821498436725,241,265,1195,226.9516765378349,259.90362000000005,True,Weighted respondent linearization; clustering unavailable; approximate
EVS,1999,private_ownership,18-34,exclude_crimea_donetsk_luhansk,3,valid,0.07598001135959552,0.0176181168462223,0.04141409781128968,0.11054592490790136,241,265,1195,226.9516765378349,259.90362000000005,True,Weighted respondent linearization; clustering unavailable; approximate
EVS,1999,private_ownership,18-34,exclude_crimea_donetsk_luhansk,4,valid,0.05203401937995322,0.014536325563588503,0.02351443484508468,0.08055360391482176,241,265,1195,226.9516765378349,259.90362000000005,True,Weighted respondent linearization; clustering unavailable; approximate
EVS,1999,private_ownership,18-34,exclude_crimea_donetsk_luhansk,5,valid,0.10062968726637973,0.019685032114449358,0.06200858353533145,0.13925079099742801,241,265,1195,226.9516765378349,259.90362000000005,True,Weighted respondent linearization; clustering unavailable; approximate
EVS,1999,private_ownership,18-34,exclude_crimea_donetsk_luhansk,6,valid,0.1836683921524448,0.025763021952125806,0.1331225592854529,0.23421422501943667,241,265,1195,226.9516765378349,259.90362000000005,True,Weighted respondent linearization; clustering unavailable; approximate
EVS,1999,private_ownership,18-34,exclude_crimea_donetsk_luhansk,7,valid,0.13331034019456903,0.022620257534828547,0.08893046275284623,0.17769021763629184,241,265,1195,226.9516765378349,259.90362000000005,True,Weighted respondent linearization; clustering unavailable; approximate
EVS,1999,private_ownership,18-34,exclude_crimea_donetsk_luhansk,8,valid,0.10532758258619099,0.020109236158094467,0.06587421054704469,0.1447809546253373,241,265,1195,226.9516765378349,259.90362000000005,True,Weighted respondent linearization; clustering unavailable; approximate
EVS,1999,private_ownership,18-34,exclude_crimea_donetsk_luhansk,9,valid,0.09897315012388053,0.020300855961920283,0.059143829075484315,0.13880247117227673,241,265,1195,226.9516765378349,259.90362000000005,True,Weighted respondent linearization; clustering unavailable; approximate
EVS,1999,private_ownership,18-34,exclude_crimea_donetsk_luhansk,10,valid,0.14226215856477872,0.023543271144002002,0.09607137199485132,0.18845294513470612,241,265,1195,226.9516765378349,259.90362000000005,True,Weighted respondent linearization; clustering unavailable; approximate
EVS,1999,private_ownership,35-54,exclude_crimea_donetsk_luhansk,1,valid,0.11382896200798394,0.016896782019559103,0.08067827333731128,0.1469796506786566,348,391,1195,325.87175037518784,331.91420999999997,True,Weighted respondent linearization; clustering unavailable; approximate
EVS,1999,private_ownership,35-54,exclude_crimea_donetsk_luhansk,2,valid,0.07911267191603517,0.015320586452793912,0.04905440453939604,0.10917093929267431,348,391,1195,325.87175037518784,331.91420999999997,True,Weighted respondent linearization; clustering unavailable; approximate
EVS,1999,private_ownership,35-54,exclude_crimea_donetsk_luhansk,3,valid,0.08988313576571488,0.015216341145311266,0.06002939276121569,0.11973687877021408,348,391,1195,325.87175037518784,331.91420999999997,True,Weighted respondent linearization; clustering unavailable; approximate
EVS,1999,private_ownership,35-54,exclude_crimea_donetsk_luhansk,4,valid,0.04030598750201144,0.010878092792066288,0.01896368296952464,0.061648292034498245,348,391,1195,325.87175037518784,331.91420999999997,True,Weighted respondent linearization; clustering unavailable; approximate
EVS,1999,private_ownership,35-54,exclude_crimea_donetsk_luhansk,5,valid,0.08928424607069399,0.01606514784163249,0.05776518439789719,0.1208033077434908,348,391,1195,325.87175037518784,331.91420999999997,True,Weighted respondent linearization; clustering unavailable; approximate
EVS,1999,private_ownership,35-54,exclude_crimea_donetsk_luhansk,6,valid,0.21480942319402352,0.02259925567493074,0.17047075040997883,0.2591480959780682,348,391,1195,325.87175037518784,331.91420999999997,True,Weighted respondent linearization; clustering unavailable; approximate
EVS,1999,private_ownership,35-54,exclude_crimea_donetsk_luhansk,7,valid,0.0825008968431933,0.015174161865457846,0.05272990759459599,0.1122718860917906,348,391,1195,325.87175037518784,331.91420999999997,True,Weighted respondent linearization; clustering unavailable; approximate
EVS,1999,private_ownership,35-54,exclude_crimea_donetsk_luhansk,8,valid,0.09546982034905946,0.01672351729276248,0.06265906889299933,0.1282805718051196,348,391,1195,325.87175037518784,331.91420999999997,True,Weighted respondent linearization; clustering unavailable; approximate
EVS,1999,private_ownership,35-54,exclude_crimea_donetsk_luhansk,9,valid,0.07324495085642763,0.014096786736965778,0.04558772074994526,0.10090218096291,348,391,1195,325.87175037518784,331.91420999999997,True,Weighted respondent linearization; clustering unavailable; approximate
EVS,1999,private_ownership,35-54,exclude_crimea_donetsk_luhansk,10,valid,0.12155990549485664,0.01896319891176813,0.08435500443166194,0.15876480655805134,348,391,1195,325.87175037518784,331.91420999999997,True,Weighted respondent linearization; clustering unavailable; approximate
EVS,1999,private_ownership,55+,exclude_crimea_donetsk_luhansk,1,valid,0.2923598035906471,0.030990171094755496,0.23155855086548915,0.3531610563158051,215,287,1195,213.5163431486842,224.77340999999998,True,Weighted respondent linearization; clustering unavailable; approximate
EVS,1999,private_ownership,55+,exclude_crimea_donetsk_luhansk,2,valid,0.09387262488031836,0.02004500145688499,0.05454527829259731,0.1331999714680394,215,287,1195,213.5163431486842,224.77340999999998,True,Weighted respondent linearization; clustering unavailable; approximate
EVS,1999,private_ownership,55+,exclude_crimea_donetsk_luhansk,3,valid,0.07447041889874785,0.017963743709658527,0.03922640176049616,0.10971443603699954,215,287,1195,213.5163431486842,224.77340999999998,True,Weighted respondent linearization; clustering unavailable; approximate
EVS,1999,private_ownership,55+,exclude_crimea_donetsk_luhansk,4,valid,0.0616606741873961,0.016627487960235283,0.029038327748467437,0.09428302062632476,215,287,1195,213.5163431486842,224.77340999999998,True,Weighted respondent linearization; clustering unavailable; approximate
EVS,1999,private_ownership,55+,exclude_crimea_donetsk_luhansk,5,valid,0.04796857421880995,0.014802476887016646,0.018926813351664615,0.07701033508595528,215,287,1195,213.5163431486842,224.77340999999998,True,Weighted respondent linearization; clustering unavailable; approximate
EVS,1999,private_ownership,55+,exclude_crimea_donetsk_luhansk,6,valid,0.16777326997886452,0.02558865523934594,0.11756953637096251,0.21797700358676653,215,287,1195,213.5163431486842,224.77340999999998,True,Weighted respondent linearization; clustering unavailable; approximate
EVS,1999,private_ownership,55+,exclude_crimea_donetsk_luhansk,7,valid,0.05912500949289331,0.015984089845045762,0.027764979782869334,0.09048503920291728,215,287,1195,213.5163431486842,224.77340999999998,True,Weighted respondent linearization; clustering unavailable; approximate
EVS,1999,private_ownership,55+,exclude_crimea_donetsk_luhansk,8,valid,0.08351886462015234,0.018920075495734698,0.04639856966347457,0.12063915957683012,215,287,1195,213.5163431486842,224.77340999999998,True,Weighted respondent linearization; clustering unavailable; approximate
EVS,1999,private_ownership,55+,exclude_crimea_donetsk_luhansk,9,valid,0.03760102229173815,0.013081453426342622,0.011935828209539534,0.06326621637393677,215,287,1195,213.5163431486842,224.77340999999998,True,Weighted respondent linearization; clustering unavailable; approximate
EVS,1999,private_ownership,55+,exclude_crimea_donetsk_luhansk,10,valid,0.08164973784043228,0.019024343984297403,0.044324873031429804,0.11897460264943475,215,287,1195,213.5163431486842,224.77340999999998,True,Weighted respondent linearization; clustering unavailable; approximate
EVS,1999,competition,All,survey_coverage,1,valid,0.10242624223077984,0.009131127180315677,0.08451140175899274,0.12034108270256694,1101,1195,1195,1047.5980048240847,1110.1983,True,Weighted respondent linearization; clustering unavailable; approximate
EVS,1999,competition,All,survey_coverage,2,valid,0.028030839175307687,0.005077344958894711,0.018069328053776403,0.03799235029683897,1101,1195,1195,1047.5980048240847,1110.1983,True,Weighted respondent linearization; clustering unavailable; approximate
EVS,1999,competition,All,survey_coverage,3,valid,0.046422040098602194,0.00635242536226311,0.033958881418783685,0.0588851987784207,1101,1195,1195,1047.5980048240847,1110.1983,True,Weighted respondent linearization; clustering unavailable; approximate
EVS,1999,competition,All,survey_coverage,4,valid,0.031061369847170544,0.005220006103910542,0.020819964293767736,0.04130277540057335,1101,1195,1195,1047.5980048240847,1110.1983,True,Weighted respondent linearization; clustering unavailable; approximate
EVS,1999,competition,All,survey_coverage,5,valid,0.03935659962729181,0.005786546513093938,0.028003668535922434,0.05070953071866118,1101,1195,1195,1047.5980048240847,1110.1983,True,Weighted respondent linearization; clustering unavailable; approximate
EVS,1999,competition,All,survey_coverage,6,valid,0.13192544971470413,0.010269524407690432,0.11177712762348366,0.1520737718059246,1101,1195,1195,1047.5980048240847,1110.1983,True,Weighted respondent linearization; clustering unavailable; approximate
EVS,1999,competition,All,survey_coverage,7,valid,0.08120013334554736,0.00857277237688044,0.06438075863966941,0.09801950805142531,1101,1195,1195,1047.5980048240847,1110.1983,True,Weighted respondent linearization; clustering unavailable; approximate
EVS,1999,competition,All,survey_coverage,8,valid,0.14103866849733063,0.01080628908943587,0.11983723943974474,0.16224009755491653,1101,1195,1195,1047.5980048240847,1110.1983,True,Weighted respondent linearization; clustering unavailable; approximate
EVS,1999,competition,All,survey_coverage,9,valid,0.14192778893644498,0.01079784546813586,0.12074292586524901,0.16311265200764094,1101,1195,1195,1047.5980048240847,1110.1983,True,Weighted respondent linearization; clustering unavailable; approximate
EVS,1999,competition,All,survey_coverage,10,valid,0.25661086852682086,0.013739288382865129,0.22965503331454673,0.283566703739095,1101,1195,1195,1047.5980048240847,1110.1983,True,Weighted respondent linearization; clustering unavailable; approximate
EVS,1999,competition,18-34,survey_coverage,1,valid,0.06123700417991553,0.01302907482174632,0.0356745744472816,0.08679943391254946,315,331,1195,296.2955528902124,337.45658000000003,True,Weighted respondent linearization; clustering unavailable; approximate
EVS,1999,competition,18-34,survey_coverage,2,valid,0.011047702788903982,0.006531060608688189,0.0,0.02386133538931824,315,331,1195,296.2955528902124,337.45658000000003,True,Weighted respondent linearization; clustering unavailable; approximate
EVS,1999,competition,18-34,survey_coverage,3,valid,0.020139094635523182,0.008348071489063158,0.003760572464017259,0.036517616807029106,315,331,1195,296.2955528902124,337.45658000000003,True,Weighted respondent linearization; clustering unavailable; approximate
EVS,1999,competition,18-34,survey_coverage,4,valid,0.02235831347546994,0.008578808977270851,0.0055270952445976886,0.03918953170634219,315,331,1195,296.2955528902124,337.45658000000003,True,Weighted respondent linearization; clustering unavailable; approximate
EVS,1999,competition,18-34,survey_coverage,5,valid,0.03224177759402409,0.009372884866589137,0.013852619954499584,0.0506309352335486,315,331,1195,296.2955528902124,337.45658000000003,True,Weighted respondent linearization; clustering unavailable; approximate
EVS,1999,competition,18-34,survey_coverage,6,valid,0.1342300393135022,0.019102858538253057,0.09675113265609997,0.17170894597090441,315,331,1195,296.2955528902124,337.45658000000003,True,Weighted respondent linearization; clustering unavailable; approximate
EVS,1999,competition,18-34,survey_coverage,7,valid,0.08860725133882408,0.016786987693160067,0.05567197395345104,0.12154252872419712,315,331,1195,296.2955528902124,337.45658000000003,True,Weighted respondent linearization; clustering unavailable; approximate
EVS,1999,competition,18-34,survey_coverage,8,valid,0.11345406274193853,0.018375166448826856,0.07740285361160121,0.14950527187227586,315,331,1195,296.2955528902124,337.45658000000003,True,Weighted respondent linearization; clustering unavailable; approximate
EVS,1999,competition,18-34,survey_coverage,9,valid,0.19159682706438852,0.022928138619287334,0.14661290146919675,0.23658075265958028,315,331,1195,296.2955528902124,337.45658000000003,True,Weighted respondent linearization; clustering unavailable; approximate
EVS,1999,competition,18-34,survey_coverage,10,valid,0.32508792686750987,0.02762678532903061,0.2708854782382946,0.3792903754967251,315,331,1195,296.2955528902124,337.45658000000003,True,Weighted respondent linearization; clustering unavailable; approximate
EVS,1999,competition,35-54,survey_coverage,1,valid,0.08013880296662898,0.012428756830113451,0.05575416879417852,0.10452343713907944,471,495,1195,441.162201871433,442.9876499999999,True,Weighted respondent linearization; clustering unavailable; approximate
EVS,1999,competition,35-54,survey_coverage,2,valid,0.028515422495412685,0.007759736567204173,0.013291185666882421,0.04373965932394295,471,495,1195,441.162201871433,442.9876499999999,True,Weighted respondent linearization; clustering unavailable; approximate
EVS,1999,competition,35-54,survey_coverage,3,valid,0.042886703500650644,0.008929583354631317,0.025367282500513497,0.06040612450078779,471,495,1195,441.162201871433,442.9876499999999,True,Weighted respondent linearization; clustering unavailable; approximate
EVS,1999,competition,35-54,survey_coverage,4,valid,0.02895245499507718,0.007608751279121884,0.014024444174154391,0.04388046581599997,471,495,1195,441.162201871433,442.9876499999999,True,Weighted respondent linearization; clustering unavailable; approximate
EVS,1999,competition,35-54,survey_coverage,5,valid,0.03509734413589183,0.008545458919356408,0.018331557144281044,0.05186313112750261,471,495,1195,441.162201871433,442.9876499999999,True,Weighted respondent linearization; clustering unavailable; approximate
EVS,1999,competition,35-54,survey_coverage,6,valid,0.1214704518286232,0.015210901130545006,0.09162738187628693,0.15131352178095947,471,495,1195,441.162201871433,442.9876499999999,True,Weighted respondent linearization; clustering unavailable; approximate
EVS,1999,competition,35-54,survey_coverage,7,valid,0.08552132322424791,0.013712537498836972,0.058617971983599644,0.11242467446489618,471,495,1195,441.162201871433,442.9876499999999,True,Weighted respondent linearization; clustering unavailable; approximate
EVS,1999,competition,35-54,survey_coverage,8,valid,0.17226771446111422,0.018303020445142943,0.13635805238418564,0.2081773765380428,471,495,1195,441.162201871433,442.9876499999999,True,Weighted respondent linearization; clustering unavailable; approximate
EVS,1999,competition,35-54,survey_coverage,9,valid,0.1347581134598222,0.01609933925332972,0.10317196985136015,0.16634425706828423,471,495,1195,441.162201871433,442.9876499999999,True,Weighted respondent linearization; clustering unavailable; approximate
EVS,1999,competition,35-54,survey_coverage,10,valid,0.2703916689325312,0.021522214003786566,0.22816610106302648,0.3126172368020359,471,495,1195,441.162201871433,442.9876499999999,True,Weighted respondent linearization; clustering unavailable; approximate
EVS,1999,competition,55+,survey_coverage,1,valid,0.17451827054022412,0.02145494773349847,0.13242467591756468,0.21661186516288355,315,369,1195,313.01973335059006,329.75406999999996,True,Weighted respondent linearization; clustering unavailable; approximate
EVS,1999,competition,55+,survey_coverage,2,valid,0.04475969015333155,0.011711252122204184,0.021782766346328693,0.0677366139603344,315,369,1195,313.01973335059006,329.75406999999996,True,Weighted respondent linearization; clustering unavailable; approximate
EVS,1999,competition,55+,survey_coverage,3,valid,0.07806824037077086,0.015312804504734615,0.0480252408088592,0.10811123993268251,315,369,1195,313.01973335059006,329.75406999999996,True,Weighted respondent linearization; clustering unavailable; approximate
EVS,1999,competition,55+,survey_coverage,4,valid,0.042800806067382284,0.011253453356729493,0.02072206182679049,0.06487955030797407,315,369,1195,313.01973335059006,329.75406999999996,True,Weighted respondent linearization; clustering unavailable; approximate
EVS,1999,competition,55+,survey_coverage,5,valid,0.05235944472194082,0.012439011206101741,0.02795469194788289,0.07676419749599875,315,369,1195,313.01973335059006,329.75406999999996,True,Weighted respondent linearization; clustering unavailable; approximate
EVS,1999,competition,55+,survey_coverage,6,valid,0.14361214707675937,0.01985971926381013,0.10464831540517644,0.1825759787483423,315,369,1195,313.01973335059006,329.75406999999996,True,Weighted respondent linearization; clustering unavailable; approximate
EVS,1999,competition,55+,survey_coverage,7,valid,0.06781496282972337,0.014042983983981546,0.040263291184712585,0.09536663447473415,315,369,1195,313.01973335059006,329.75406999999996,True,Weighted respondent linearization; clustering unavailable; approximate
EVS,1999,competition,55+,survey_coverage,8,valid,0.1273148804501488,0.018870143141019736,0.09029255041624941,0.1643372104840482,315,369,1195,313.01973335059006,329.75406999999996,True,Weighted respondent linearization; clustering unavailable; approximate
EVS,1999,competition,55+,survey_coverage,9,valid,0.10073021994846039,0.016975111849186025,0.06742585184980063,0.13403458804712015,315,369,1195,313.01973335059006,329.75406999999996,True,Weighted respondent linearization; clustering unavailable; approximate
EVS,1999,competition,55+,survey_coverage,10,valid,0.1680213378412585,0.021277880040087873,0.12627514167418039,0.20976753400833661,315,369,1195,313.01973335059006,329.75406999999996,True,Weighted respondent linearization; clustering unavailable; approximate
EVS,1999,competition,All,exclude_crimea_donetsk_luhansk,1,valid,0.09362126579365755,0.00980332599685078,0.0743876029765295,0.11285492861078561,877,943,1195,835.0710645748006,886.5504999999999,True,Weighted respondent linearization; clustering unavailable; approximate
EVS,1999,competition,All,exclude_crimea_donetsk_luhansk,2,valid,0.02612518971000524,0.00551152223102269,0.015311843276901882,0.036938536143108595,877,943,1195,835.0710645748006,886.5504999999999,True,Weighted respondent linearization; clustering unavailable; approximate
EVS,1999,competition,All,exclude_crimea_donetsk_luhansk,3,valid,0.0468801720826958,0.007199826163264108,0.03275445303482943,0.06100589113056217,877,943,1195,835.0710645748006,886.5504999999999,True,Weighted respondent linearization; clustering unavailable; approximate
EVS,1999,competition,All,exclude_crimea_donetsk_luhansk,4,valid,0.026508315093161643,0.005449531318766544,0.015816591903480358,0.03720003828284293,877,943,1195,835.0710645748006,886.5504999999999,True,Weighted respondent linearization; clustering unavailable; approximate
EVS,1999,competition,All,exclude_crimea_donetsk_luhansk,5,valid,0.03777832170869003,0.006372051781904997,0.0252766569200447,0.05027998649733535,877,943,1195,835.0710645748006,886.5504999999999,True,Weighted respondent linearization; clustering unavailable; approximate
EVS,1999,competition,All,exclude_crimea_donetsk_luhansk,6,valid,0.13703046808952227,0.011701684268659505,0.1140723159595014,0.15998862021954313,877,943,1195,835.0710645748006,886.5504999999999,True,Weighted respondent linearization; clustering unavailable; approximate
EVS,1999,competition,All,exclude_crimea_donetsk_luhansk,7,valid,0.08860544323194224,0.010037212253624665,0.06891290662016589,0.10829797984371858,877,943,1195,835.0710645748006,886.5504999999999,True,Weighted respondent linearization; clustering unavailable; approximate
EVS,1999,competition,All,exclude_crimea_donetsk_luhansk,8,valid,0.15156969625531766,0.01247386401391375,0.12709656391764002,0.1760428285929953,877,943,1195,835.0710645748006,886.5504999999999,True,Weighted respondent linearization; clustering unavailable; approximate
EVS,1999,competition,All,exclude_crimea_donetsk_luhansk,9,valid,0.15091907341995744,0.012399260216631807,0.12659231021070205,0.17524583662921284,877,943,1195,835.0710645748006,886.5504999999999,True,Weighted respondent linearization; clustering unavailable; approximate
EVS,1999,competition,All,exclude_crimea_donetsk_luhansk,10,valid,0.24096205461505016,0.015028799937572631,0.2114762586068174,0.2704478506232829,877,943,1195,835.0710645748006,886.5504999999999,True,Weighted respondent linearization; clustering unavailable; approximate
EVS,1999,competition,18-34,exclude_crimea_donetsk_luhansk,1,valid,0.05193681647515256,0.013379158068089661,0.025687539939682893,0.07818609301062222,253,265,1195,238.02124404165812,269.60065999999995,True,Weighted respondent linearization; clustering unavailable; approximate
EVS,1999,competition,18-34,exclude_crimea_donetsk_luhansk,2,valid,0.013828304426257713,0.008161507744373369,0.0,0.029840797337855635,253,265,1195,238.02124404165812,269.60065999999995,True,Weighted respondent linearization; clustering unavailable; approximate
EVS,1999,competition,18-34,exclude_crimea_donetsk_luhansk,3,valid,0.02223551678248859,0.010010065486488964,0.0025962408463065176,0.041874792718670666,253,265,1195,238.02124404165812,269.60065999999995,True,Weighted respondent linearization; clustering unavailable; approximate
EVS,1999,competition,18-34,exclude_crimea_donetsk_luhansk,4,valid,0.018171913970833755,0.008279424944092145,0.0019280730799419235,0.034415754861725587,253,265,1195,238.02124404165812,269.60065999999995,True,Weighted respondent linearization; clustering unavailable; approximate
EVS,1999,competition,18-34,exclude_crimea_donetsk_luhansk,5,valid,0.028362986945210007,0.010131904304742648,0.008484668999297614,0.0482413048911224,253,265,1195,238.02124404165812,269.60065999999995,True,Weighted respondent linearization; clustering unavailable; approximate
EVS,1999,competition,18-34,exclude_crimea_donetsk_luhansk,6,valid,0.14935397413344614,0.0223412447484997,0.1055215066070562,0.1931864416598361,253,265,1195,238.02124404165812,269.60065999999995,True,Weighted respondent linearization; clustering unavailable; approximate
EVS,1999,competition,18-34,exclude_crimea_donetsk_luhansk,7,valid,0.09383589787947849,0.019538691533336303,0.05550190746022819,0.13216988829872878,253,265,1195,238.02124404165812,269.60065999999995,True,Weighted respondent linearization; clustering unavailable; approximate
EVS,1999,competition,18-34,exclude_crimea_donetsk_luhansk,8,valid,0.12230200029925743,0.021263577339942646,0.08058386535467219,0.16402013524384268,253,265,1195,238.02124404165812,269.60065999999995,True,Weighted respondent linearization; clustering unavailable; approximate
EVS,1999,competition,18-34,exclude_crimea_donetsk_luhansk,9,valid,0.21191854649020522,0.02658237195827541,0.15976518759046124,0.26407190538994924,253,265,1195,238.02124404165812,269.60065999999995,True,Weighted respondent linearization; clustering unavailable; approximate
EVS,1999,competition,18-34,exclude_crimea_donetsk_luhansk,10,valid,0.28805404259767026,0.029687456457521275,0.22980865449310628,0.34629943070223423,253,265,1195,238.02124404165812,269.60065999999995,True,Weighted respondent linearization; clustering unavailable; approximate
EVS,1999,competition,35-54,exclude_crimea_donetsk_luhansk,1,valid,0.0643338252524975,0.012368222257275222,0.04006795705428104,0.08859969345071397,373,391,1195,349.48363641797573,354.0757899999999,True,Weighted respondent linearization; clustering unavailable; approximate
EVS,1999,competition,35-54,exclude_crimea_donetsk_luhansk,2,valid,0.02826959730853104,0.008667542285281469,0.011264288516203133,0.04527490610085895,373,391,1195,349.48363641797573,354.0757899999999,True,Weighted respondent linearization; clustering unavailable; approximate
EVS,1999,competition,35-54,exclude_crimea_donetsk_luhansk,3,valid,0.04032893635568815,0.009807208973483061,0.021087655321712456,0.05957021738966384,373,391,1195,349.48363641797573,354.0757899999999,True,Weighted respondent linearization; clustering unavailable; approximate
EVS,1999,competition,35-54,exclude_crimea_donetsk_luhansk,4,valid,0.02116439534033095,0.007685477143412709,0.006085851995691567,0.03624293868497033,373,391,1195,349.48363641797573,354.0757899999999,True,Weighted respondent linearization; clustering unavailable; approximate
EVS,1999,competition,35-54,exclude_crimea_donetsk_luhansk,5,valid,0.03624729609443222,0.009703158634107464,0.017210156914374355,0.055284435274490076,373,391,1195,349.48363641797573,354.0757899999999,True,Weighted respondent linearization; clustering unavailable; approximate
EVS,1999,competition,35-54,exclude_crimea_donetsk_luhansk,6,valid,0.1337417901404668,0.017865407797780015,0.09869070341914643,0.16879287686178718,373,391,1195,349.48363641797573,354.0757899999999,True,Weighted respondent linearization; clustering unavailable; approximate
EVS,1999,competition,35-54,exclude_crimea_donetsk_luhansk,7,valid,0.10257832087305377,0.01672125465488218,0.06977200860570174,0.1353846331404058,373,391,1195,349.48363641797573,354.0757899999999,True,Weighted respondent linearization; clustering unavailable; approximate
EVS,1999,competition,35-54,exclude_crimea_donetsk_luhansk,8,valid,0.1793068371039997,0.02082545094917904,0.13844828545532234,0.22016538875267705,373,391,1195,349.48363641797573,354.0757899999999,True,Weighted respondent linearization; clustering unavailable; approximate
EVS,1999,competition,35-54,exclude_crimea_donetsk_luhansk,9,valid,0.14227174357218833,0.0183988714644007,0.10617402632034526,0.1783694608240314,373,391,1195,349.48363641797573,354.0757899999999,True,Weighted respondent linearization; clustering unavailable; approximate
EVS,1999,competition,35-54,exclude_crimea_donetsk_luhansk,10,valid,0.2517572579588116,0.023669539780107673,0.20531873828564806,0.29819577763197513,373,391,1195,349.48363641797573,354.0757899999999,True,Weighted respondent linearization; clustering unavailable; approximate
EVS,1999,competition,55+,exclude_crimea_donetsk_luhansk,1,valid,0.17582081609044328,0.02413801068929872,0.12846317860870046,0.2231784535721861,251,287,1195,249.37364960537846,262.87405,True,Weighted respondent linearization; clustering unavailable; approximate
EVS,1999,competition,55+,exclude_crimea_donetsk_luhansk,2,valid,0.03584834638489421,0.011762478485092894,0.01277091887216273,0.05892577389762569,251,287,1195,249.37364960537846,262.87405,True,Weighted respondent linearization; clustering unavailable; approximate
EVS,1999,competition,55+,exclude_crimea_donetsk_luhansk,3,valid,0.0809795793841195,0.017377014315659203,0.046886697618975466,0.11507246114926353,251,287,1195,249.37364960537846,262.87405,True,Weighted respondent linearization; clustering unavailable; approximate
EVS,1999,competition,55+,exclude_crimea_donetsk_luhansk,4,valid,0.0422559777201287,0.01253482174262308,0.017663249196374034,0.06684870624388337,251,287,1195,249.37364960537846,262.87405,True,Weighted respondent linearization; clustering unavailable; approximate
EVS,1999,competition,55+,exclude_crimea_donetsk_luhansk,5,valid,0.04949678372589458,0.013488424368854002,0.023033131866493903,0.07596043558529526,251,287,1195,249.37364960537846,262.87405,True,Weighted respondent linearization; clustering unavailable; approximate
EVS,1999,competition,55+,exclude_crimea_donetsk_luhansk,6,valid,0.12882127391425663,0.02129623807848029,0.08703906014248627,0.17060348768602698,251,287,1195,249.37364960537846,262.87405,True,Weighted respondent linearization; clustering unavailable; approximate
EVS,1999,competition,55+,exclude_crimea_donetsk_luhansk,7,valid,0.0644205086047862,0.01522057700953436,0.034558455034645066,0.09428256217492732,251,287,1195,249.37364960537846,262.87405,True,Weighted respondent linearization; clustering unavailable; approximate
EVS,1999,competition,55+,exclude_crimea_donetsk_luhansk,8,valid,0.1442260276356681,0.022305186252338238,0.10046430517652219,0.18798775009481403,251,287,1195,249.37364960537846,262.87405,True,Weighted respondent linearization; clustering unavailable; approximate
EVS,1999,competition,55+,exclude_crimea_donetsk_luhansk,9,valid,0.10000614362657706,0.01904555926175475,0.06263965544471956,0.13737263180843456,251,287,1195,249.37364960537846,262.87405,True,Weighted respondent linearization; clustering unavailable; approximate
EVS,1999,competition,55+,exclude_crimea_donetsk_luhansk,10,valid,0.17812454291323163,0.02438318423422272,0.13028588651033254,0.2259631993161307,251,287,1195,249.37364960537846,262.87405,True,Weighted respondent linearization; clustering unavailable; approximate
EVS,1999,individual_responsibility,All,survey_coverage,1,valid,0.2045762329773887,0.011978618532255805,0.18107474889551475,0.22807771705926264,1171,1195,1195,1114.8810037960022,1181.41319,True,Weighted respondent linearization; clustering unavailable; approximate
EVS,1999,individual_responsibility,All,survey_coverage,2,valid,0.07420058514836796,0.007789960720329117,0.05891704995820765,0.08948412033852826,1171,1195,1195,1114.8810037960022,1181.41319,True,Weighted respondent linearization; clustering unavailable; approximate
EVS,1999,individual_responsibility,All,survey_coverage,3,valid,0.111288870915687,0.009260318548118937,0.09312056307904742,0.12945717875232657,1171,1195,1195,1114.8810037960022,1181.41319,True,Weighted respondent linearization; clustering unavailable; approximate
EVS,1999,individual_responsibility,All,survey_coverage,4,valid,0.0788888602132502,0.008208979004233837,0.06278323093079674,0.09499448949570366,1171,1195,1195,1114.8810037960022,1181.41319,True,Weighted respondent linearization; clustering unavailable; approximate
EVS,1999,individual_responsibility,All,survey_coverage,5,valid,0.06686623331164941,0.007415437364145874,0.05231749526607878,0.08141497135722005,1171,1195,1195,1114.8810037960022,1181.41319,True,Weighted respondent linearization; clustering unavailable; approximate
EVS,1999,individual_responsibility,All,survey_coverage,6,valid,0.14981562039272645,0.010604429412813065,0.12901023049142127,0.17062101029403162,1171,1195,1195,1114.8810037960022,1181.41319,True,Weighted respondent linearization; clustering unavailable; approximate
EVS,1999,individual_responsibility,All,survey_coverage,7,valid,0.08201254296136645,0.00833191227819585,0.06566572439874924,0.09835936152398367,1171,1195,1195,1114.8810037960022,1181.41319,True,Weighted respondent linearization; clustering unavailable; approximate
EVS,1999,individual_responsibility,All,survey_coverage,8,valid,0.06998746137242635,0.007663843574364806,0.05495136206899626,0.08502356067585645,1171,1195,1195,1114.8810037960022,1181.41319,True,Weighted respondent linearization; clustering unavailable; approximate
EVS,1999,individual_responsibility,All,survey_coverage,9,valid,0.05972256835900063,0.007227088418446852,0.04554336205344357,0.07390177466455769,1171,1195,1195,1114.8810037960022,1181.41319,True,Weighted respondent linearization; clustering unavailable; approximate
EVS,1999,individual_responsibility,All,survey_coverage,10,valid,0.10264102434813682,0.009357923495203825,0.08428122021298413,0.12100082848328951,1171,1195,1195,1114.8810037960022,1181.41319,True,Weighted respondent linearization; clustering unavailable; approximate
EVS,1999,individual_responsibility,18-34,survey_coverage,1,valid,0.14389006066994728,0.019761001607073437,0.10511990838068627,0.18266021295920828,324,331,1195,304.6545767209274,348.85641,True,Weighted respondent linearization; clustering unavailable; approximate
EVS,1999,individual_responsibility,18-34,survey_coverage,2,valid,0.061009026607824125,0.013504273425994504,0.034514279646505205,0.08750377356914305,324,331,1195,304.6545767209274,348.85641,True,Weighted respondent linearization; clustering unavailable; approximate
EVS,1999,individual_responsibility,18-34,survey_coverage,3,valid,0.12553250777304048,0.01850232812950958,0.08923181342816511,0.16183320211791585,324,331,1195,304.6545767209274,348.85641,True,Weighted respondent linearization; clustering unavailable; approximate
EVS,1999,individual_responsibility,18-34,survey_coverage,4,valid,0.08286713149401498,0.01676404271232669,0.0499768710778661,0.11575739191016385,324,331,1195,304.6545767209274,348.85641,True,Weighted respondent linearization; clustering unavailable; approximate
EVS,1999,individual_responsibility,18-34,survey_coverage,5,valid,0.06852848138866074,0.014265968737797202,0.040539324183175046,0.09651763859414644,324,331,1195,304.6545767209274,348.85641,True,Weighted respondent linearization; clustering unavailable; approximate
EVS,1999,individual_responsibility,18-34,survey_coverage,6,valid,0.1710258957259808,0.02139271198530537,0.12905440470329368,0.2129973867486679,324,331,1195,304.6545767209274,348.85641,True,Weighted respondent linearization; clustering unavailable; approximate
EVS,1999,individual_responsibility,18-34,survey_coverage,7,valid,0.07416162999556179,0.014965962191657372,0.04479911867841354,0.10352414131271004,324,331,1195,304.6545767209274,348.85641,True,Weighted respondent linearization; clustering unavailable; approximate
EVS,1999,individual_responsibility,18-34,survey_coverage,8,valid,0.06362875774591616,0.013903395772358123,0.03635095158252593,0.09090656390930638,324,331,1195,304.6545767209274,348.85641,True,Weighted respondent linearization; clustering unavailable; approximate
EVS,1999,individual_responsibility,18-34,survey_coverage,9,valid,0.07644824413574629,0.01499648054010833,0.047025857259626526,0.10587063101186606,324,331,1195,304.6545767209274,348.85641,True,Weighted respondent linearization; clustering unavailable; approximate
EVS,1999,individual_responsibility,18-34,survey_coverage,10,valid,0.13290826446330742,0.020303866460555313,0.09307303695870683,0.172743491967908,324,331,1195,304.6545767209274,348.85641,True,Weighted respondent linearization; clustering unavailable; approximate
EVS,1999,individual_responsibility,35-54,survey_coverage,1,valid,0.16949400378914284,0.017232109913367148,0.13568541762074815,0.20330258995753753,491,495,1195,459.7823240704831,459.3651,True,Weighted respondent linearization; clustering unavailable; approximate
EVS,1999,individual_responsibility,35-54,survey_coverage,2,valid,0.06914896233954211,0.01175106443265704,0.04609392865886301,0.09220399602022121,491,495,1195,459.7823240704831,459.3651,True,Weighted respondent linearization; clustering unavailable; approximate
EVS,1999,individual_responsibility,35-54,survey_coverage,3,valid,0.11286954537904598,0.014503035009994244,0.08441527533877174,0.1413238154193202,491,495,1195,459.7823240704831,459.3651,True,Weighted respondent linearization; clustering unavailable; approximate
EVS,1999,individual_responsibility,35-54,survey_coverage,4,valid,0.08453389253994263,0.012929626146084748,0.0591665764142518,0.10990120866563347,491,495,1195,459.7823240704831,459.3651,True,Weighted respondent linearization; clustering unavailable; approximate
EVS,1999,individual_responsibility,35-54,survey_coverage,5,valid,0.07211364119738307,0.011959874918192667,0.04864893120146534,0.09557835119330081,491,495,1195,459.7823240704831,459.3651,True,Weighted respondent linearization; clustering unavailable; approximate
EVS,1999,individual_responsibility,35-54,survey_coverage,6,valid,0.16314188866328766,0.01695606780201475,0.1298748840861596,0.19640889324041572,491,495,1195,459.7823240704831,459.3651,True,Weighted respondent linearization; clustering unavailable; approximate
EVS,1999,individual_responsibility,35-54,survey_coverage,7,valid,0.09070617249764946,0.01393205207515763,0.0633721440209537,0.11804020097434523,491,495,1195,459.7823240704831,459.3651,True,Weighted respondent linearization; clustering unavailable; approximate
EVS,1999,individual_responsibility,35-54,survey_coverage,8,valid,0.05995148521296023,0.01113813266589042,0.03809899472381458,0.08180397570210587,491,495,1195,459.7823240704831,459.3651,True,Weighted respondent linearization; clustering unavailable; approximate
EVS,1999,individual_responsibility,35-54,survey_coverage,9,valid,0.0705977010443327,0.01256577156760996,0.04594425042501189,0.09525115166365351,491,495,1195,459.7823240704831,459.3651,True,Weighted respondent linearization; clustering unavailable; approximate
EVS,1999,individual_responsibility,35-54,survey_coverage,10,valid,0.1074427073367132,0.014679006868278801,0.07864318881764351,0.13624222585578288,491,495,1195,459.7823240704831,459.3651,True,Weighted respondent linearization; clustering unavailable; approximate
EVS,1999,individual_responsibility,55+,survey_coverage,1,valid,0.304488192234082,0.02449156470385617,0.256436898466113,0.35253948600205104,356,369,1195,353.9349563520846,373.1916799999999,True,Weighted respondent linearization; clustering unavailable; approximate
EVS,1999,individual_responsibility,55+,survey_coverage,2,valid,0.09275003129758949,0.01542173960571537,0.062493306210087154,0.12300675638509183,356,369,1195,353.9349563520846,373.1916799999999,True,Weighted respondent linearization; clustering unavailable; approximate
EVS,1999,individual_responsibility,55+,survey_coverage,3,valid,0.09602837340853902,0.015517250999212888,0.06558425947583095,0.1264724873412471,356,369,1195,353.9349563520846,373.1916799999999,True,Weighted respondent linearization; clustering unavailable; approximate
EVS,1999,individual_responsibility,55+,survey_coverage,4,valid,0.06822148339427075,0.013253467496290932,0.04221880582715584,0.09422416096138567,356,369,1195,353.9349563520846,373.1916799999999,True,Weighted respondent linearization; clustering unavailable; approximate
EVS,1999,individual_responsibility,55+,survey_coverage,5,valid,0.05885329490732485,0.012501884062208306,0.034325188557644534,0.08338140125700516,356,369,1195,353.9349563520846,373.1916799999999,True,Weighted respondent linearization; clustering unavailable; approximate
EVS,1999,individual_responsibility,55+,survey_coverage,6,valid,0.11358500811164922,0.01694480118400167,0.08034010810719605,0.1468299081161024,356,369,1195,353.9349563520846,373.1916799999999,True,Weighted respondent linearization; clustering unavailable; approximate
EVS,1999,individual_responsibility,55+,survey_coverage,7,valid,0.07865044043854354,0.014315942863819802,0.050563236356945776,0.1067376445201413,356,369,1195,353.9349563520846,373.1916799999999,True,Weighted respondent linearization; clustering unavailable; approximate
EVS,1999,individual_responsibility,55+,survey_coverage,8,valid,0.08828489959904788,0.015173692293288193,0.05851483162888019,0.11805496756921557,356,369,1195,353.9349563520846,373.1916799999999,True,Weighted respondent linearization; clustering unavailable; approximate
EVS,1999,individual_responsibility,55+,survey_coverage,9,valid,0.030701247144630878,0.009151273529233606,0.012746880487321827,0.04865561380193993,356,369,1195,353.9349563520846,373.1916799999999,True,Weighted respondent linearization; clustering unavailable; approximate
EVS,1999,individual_responsibility,55+,survey_coverage,10,valid,0.06843702946432247,0.013509631229610727,0.04193177074523603,0.0949422881834089,356,369,1195,353.9349563520846,373.1916799999999,True,Weighted respondent linearization; clustering unavailable; approximate
EVS,1999,individual_responsibility,All,exclude_crimea_donetsk_luhansk,1,valid,0.18447415438219203,0.012995412402335307,0.15897776872733008,0.20997054003705398,924,943,1195,879.948245599317,934.23884,True,Weighted respondent linearization; clustering unavailable; approximate
EVS,1999,individual_responsibility,All,exclude_crimea_donetsk_luhansk,2,valid,0.08114694739088348,0.00914381413803366,0.0632072157069709,0.09908667907479606,924,943,1195,879.948245599317,934.23884,True,Weighted respondent linearization; clustering unavailable; approximate
EVS,1999,individual_responsibility,All,exclude_crimea_donetsk_luhansk,3,valid,0.12084782302564084,0.01079853516898246,0.09966160679394279,0.1420340392573389,924,943,1195,879.948245599317,934.23884,True,Weighted respondent linearization; clustering unavailable; approximate
EVS,1999,individual_responsibility,All,exclude_crimea_donetsk_luhansk,4,valid,0.0781637059748019,0.009235450394752154,0.06004418828110923,0.09628322366849458,924,943,1195,879.948245599317,934.23884,True,Weighted respondent linearization; clustering unavailable; approximate
EVS,1999,individual_responsibility,All,exclude_crimea_donetsk_luhansk,5,valid,0.0679337951738337,0.008412451426819708,0.0514289626036534,0.084438627744014,924,943,1195,879.948245599317,934.23884,True,Weighted respondent linearization; clustering unavailable; approximate
EVS,1999,individual_responsibility,All,exclude_crimea_donetsk_luhansk,6,valid,0.14403205501496813,0.01172919977864065,0.1210199187532976,0.16704419127663866,924,943,1195,879.948245599317,934.23884,True,Weighted respondent linearization; clustering unavailable; approximate
EVS,1999,individual_responsibility,All,exclude_crimea_donetsk_luhansk,7,valid,0.09256296815919149,0.009902052678191126,0.07313560825389517,0.1119903280644878,924,943,1195,879.948245599317,934.23884,True,Weighted respondent linearization; clustering unavailable; approximate
EVS,1999,individual_responsibility,All,exclude_crimea_donetsk_luhansk,8,valid,0.07813521219049296,0.009038164827341174,0.06040275946673881,0.09586766491424711,924,943,1195,879.948245599317,934.23884,True,Weighted respondent linearization; clustering unavailable; approximate
EVS,1999,individual_responsibility,All,exclude_crimea_donetsk_luhansk,9,valid,0.060560263154976514,0.008209467422832755,0.044453675618288904,0.07666685069166412,924,943,1195,879.948245599317,934.23884,True,Weighted respondent linearization; clustering unavailable; approximate
EVS,1999,individual_responsibility,All,exclude_crimea_donetsk_luhansk,10,valid,0.09214307553301895,0.009997383696653393,0.07252868066982103,0.11175747039621688,924,943,1195,879.948245599317,934.23884,True,Weighted respondent linearization; clustering unavailable; approximate
EVS,1999,individual_responsibility,18-34,exclude_crimea_donetsk_luhansk,1,valid,0.12679211091178355,0.021032776246102156,0.08552679681781353,0.16805742500575357,260,265,1195,244.44164326760333,278.27449,True,Weighted respondent linearization; clustering unavailable; approximate
EVS,1999,individual_responsibility,18-34,exclude_crimea_donetsk_luhansk,2,valid,0.07362654765803363,0.016581169890281803,0.041095075085802006,0.10615802023026524,260,265,1195,244.44164326760333,278.27449,True,Weighted respondent linearization; clustering unavailable; approximate
EVS,1999,individual_responsibility,18-34,exclude_crimea_donetsk_luhansk,3,valid,0.14520001456116224,0.021968630501532294,0.10209859859720441,0.18830143052512008,260,265,1195,244.44164326760333,278.27449,True,Weighted respondent linearization; clustering unavailable; approximate
EVS,1999,individual_responsibility,18-34,exclude_crimea_donetsk_luhansk,4,valid,0.08919153890103258,0.0193248870972648,0.05127702269222132,0.12710605510984385,260,265,1195,244.44164326760333,278.27449,True,Weighted respondent linearization; clustering unavailable; approximate
EVS,1999,individual_responsibility,18-34,exclude_crimea_donetsk_luhansk,5,valid,0.07006510011032631,0.016018928577993297,0.038636718450902295,0.10149348176975032,260,265,1195,244.44164326760333,278.27449,True,Weighted respondent linearization; clustering unavailable; approximate
EVS,1999,individual_responsibility,18-34,exclude_crimea_donetsk_luhansk,6,valid,0.15493838475815727,0.022910643823785205,0.10998878312585837,0.19988798639045618,260,265,1195,244.44164326760333,278.27449,True,Weighted respondent linearization; clustering unavailable; approximate
EVS,1999,individual_responsibility,18-34,exclude_crimea_donetsk_luhansk,7,valid,0.08836224980593801,0.018090923063011466,0.05286871278020359,0.12385578683167245,260,265,1195,244.44164326760333,278.27449,True,Weighted respondent linearization; clustering unavailable; approximate
EVS,1999,individual_responsibility,18-34,exclude_crimea_donetsk_luhansk,8,valid,0.07032462803184007,0.016114016802386156,0.03870968776501698,0.10193956829866316,260,265,1195,244.44164326760333,278.27449,True,Weighted respondent linearization; clustering unavailable; approximate
EVS,1999,individual_responsibility,18-34,exclude_crimea_donetsk_luhansk,9,valid,0.07279409621773092,0.016667594203950944,0.040093063221940194,0.10549512921352164,260,265,1195,244.44164326760333,278.27449,True,Weighted respondent linearization; clustering unavailable; approximate
EVS,1999,individual_responsibility,18-34,exclude_crimea_donetsk_luhansk,10,valid,0.10870532904399537,0.020778710982142665,0.06793847900417505,0.1494721790838157,260,265,1195,244.44164326760333,278.27449,True,Weighted respondent linearization; clustering unavailable; approximate
EVS,1999,individual_responsibility,35-54,exclude_crimea_donetsk_luhansk,1,valid,0.15017717788452292,0.018557808335666986,0.11376763399423825,0.1865867217748076,388,391,1195,363.3581970818914,366.59484999999995,True,Weighted respondent linearization; clustering unavailable; approximate
EVS,1999,individual_responsibility,35-54,exclude_crimea_donetsk_luhansk,2,valid,0.07399602040235972,0.013582718788567823,0.04734736734286685,0.1006446734618526,388,391,1195,363.3581970818914,366.59484999999995,True,Weighted respondent linearization; clustering unavailable; approximate
EVS,1999,individual_responsibility,35-54,exclude_crimea_donetsk_luhansk,3,valid,0.11869222930982255,0.01658400084411017,0.0861552025398214,0.1512292560798237,388,391,1195,363.3581970818914,366.59484999999995,True,Weighted respondent linearization; clustering unavailable; approximate
EVS,1999,individual_responsibility,35-54,exclude_crimea_donetsk_luhansk,4,valid,0.0850962854497274,0.014686470375877548,0.05628212388108113,0.11391044701837368,388,391,1195,363.3581970818914,366.59484999999995,True,Weighted respondent linearization; clustering unavailable; approximate
EVS,1999,individual_responsibility,35-54,exclude_crimea_donetsk_luhansk,5,valid,0.07163172095843681,0.013478738234270184,0.04518707283783318,0.09807636907904044,388,391,1195,363.3581970818914,366.59484999999995,True,Weighted respondent linearization; clustering unavailable; approximate
EVS,1999,individual_responsibility,35-54,exclude_crimea_donetsk_luhansk,6,valid,0.15331508339519773,0.018540922642790832,0.11693866843720785,0.1896914983531876,388,391,1195,363.3581970818914,366.59484999999995,True,Weighted respondent linearization; clustering unavailable; approximate
EVS,1999,individual_responsibility,35-54,exclude_crimea_donetsk_luhansk,7,valid,0.10270187919988512,0.0164933507572486,0.07034270362095921,0.13506105477881103,388,391,1195,363.3581970818914,366.59484999999995,True,Weighted respondent linearization; clustering unavailable; approximate
EVS,1999,individual_responsibility,35-54,exclude_crimea_donetsk_luhansk,8,valid,0.06772113683539198,0.013234815720608351,0.04175505317166606,0.0936872204991179,388,391,1195,363.3581970818914,366.59484999999995,True,Weighted respondent linearization; clustering unavailable; approximate
EVS,1999,individual_responsibility,35-54,exclude_crimea_donetsk_luhansk,9,valid,0.07362547509873639,0.014285352338763966,0.04559828818320164,0.10165266201427114,388,391,1195,363.3581970818914,366.59484999999995,True,Weighted respondent linearization; clustering unavailable; approximate
EVS,1999,individual_responsibility,35-54,exclude_crimea_donetsk_luhansk,10,valid,0.10304299146591939,0.016180268328826436,0.07129806883177711,0.13478791410006166,388,391,1195,363.3581970818914,366.59484999999995,True,Weighted respondent linearization; clustering unavailable; approximate
EVS,1999,individual_responsibility,55+,exclude_crimea_donetsk_luhansk,1,valid,0.2833945180815532,0.027236926471853877,0.229956954125929,0.3368320820371774,276,287,1195,274.3344113031585,289.36949999999996,True,Weighted respondent linearization; clustering unavailable; approximate
EVS,1999,individual_responsibility,55+,exclude_crimea_donetsk_luhansk,2,valid,0.0974383271215522,0.017877213111832976,0.0623640789313571,0.13251257531174732,276,287,1195,274.3344113031585,289.36949999999996,True,Weighted respondent linearization; clustering unavailable; approximate
EVS,1999,individual_responsibility,55+,exclude_crimea_donetsk_luhansk,3,valid,0.10016021038844798,0.018033686320123143,0.06477896915026751,0.13554145162662845,276,287,1195,274.3344113031585,289.36949999999996,True,Weighted respondent linearization; clustering unavailable; approximate
EVS,1999,individual_responsibility,55+,exclude_crimea_donetsk_luhansk,4,valid,0.058775994014573056,0.013931114074914472,0.0314438058500739,0.0861081821790722,276,287,1195,274.3344113031585,289.36949999999996,True,Weighted respondent linearization; clustering unavailable; approximate
EVS,1999,individual_responsibility,55+,exclude_crimea_donetsk_luhansk,5,valid,0.06119940076614847,0.01444216131850217,0.03286456203489819,0.08953423949739875,276,287,1195,274.3344113031585,289.36949999999996,True,Weighted respondent linearization; clustering unavailable; approximate
EVS,1999,individual_responsibility,55+,exclude_crimea_donetsk_luhansk,6,valid,0.12178346370298185,0.019885465121906712,0.08276911987320625,0.16079780753275746,276,287,1195,274.3344113031585,289.36949999999996,True,Weighted respondent linearization; clustering unavailable; approximate
EVS,1999,individual_responsibility,55+,exclude_crimea_donetsk_luhansk,7,valid,0.08375789431850972,0.016769294654508424,0.05085732983973037,0.11665845879728906,276,287,1195,274.3344113031585,289.36949999999996,True,Weighted respondent linearization; clustering unavailable; approximate
EVS,1999,individual_responsibility,55+,exclude_crimea_donetsk_luhansk,8,valid,0.09883964965208841,0.01810279658652554,0.06332281733373653,0.1343564819704403,276,287,1195,274.3344113031585,289.36949999999996,True,Weighted respondent linearization; clustering unavailable; approximate
EVS,1999,individual_responsibility,55+,exclude_crimea_donetsk_luhansk,9,valid,0.03224351564349388,0.010625888745256815,0.011396023544971514,0.053091007742016236,276,287,1195,274.3344113031585,289.36949999999996,True,Weighted respondent linearization; clustering unavailable; approximate
EVS,1999,individual_responsibility,55+,exclude_crimea_donetsk_luhansk,10,valid,0.06240702631065125,0.01469783654656577,0.03357056485168108,0.09124348776962143,276,287,1195,274.3344113031585,289.36949999999996,True,Weighted respondent linearization; clustering unavailable; approximate
EVS,1999,income_incentives,All,survey_coverage,1,valid,0.07454589469737057,0.008025013333176116,0.058801197377007064,0.09029059201773407,1160,1195,1195,1104.0275332543229,1170.46365,True,Weighted respondent linearization; clustering unavailable; approximate
EVS,1999,income_incentives,All,survey_coverage,2,valid,0.02872790624467492,0.005018569022552037,0.018881710735593853,0.03857410175375599,1160,1195,1195,1104.0275332543229,1170.46365,True,Weighted respondent linearization; clustering unavailable; approximate
EVS,1999,income_incentives,All,survey_coverage,3,valid,0.04484991908975559,0.006299806156823266,0.032489996806998676,0.0572098413725125,1160,1195,1195,1104.0275332543229,1170.46365,True,Weighted respondent linearization; clustering unavailable; approximate
EVS,1999,income_incentives,All,survey_coverage,4,valid,0.04719617734390983,0.00642004286852282,0.03460035630885065,0.05979199837896901,1160,1195,1195,1104.0275332543229,1170.46365,True,Weighted respondent linearization; clustering unavailable; approximate
EVS,1999,income_incentives,All,survey_coverage,5,valid,0.10651656717404252,0.00930806296659137,0.08825458704224581,0.12477854730583923,1160,1195,1195,1104.0275332543229,1170.46365,True,Weighted respondent linearization; clustering unavailable; approximate
EVS,1999,income_incentives,All,survey_coverage,6,valid,0.04308713901538078,0.0061011636741751,0.031116943906201427,0.05505733412456014,1160,1195,1195,1104.0275332543229,1170.46365,True,Weighted respondent linearization; clustering unavailable; approximate
EVS,1999,income_incentives,All,survey_coverage,7,valid,0.03945225466848116,0.005865651342287918,0.027944123636559744,0.05096038570040257,1160,1195,1195,1104.0275332543229,1170.46365,True,Weighted respondent linearization; clustering unavailable; approximate
EVS,1999,income_incentives,All,survey_coverage,8,valid,0.10476238198426752,0.00922218193366551,0.08666889638485842,0.12285586758367661,1160,1195,1195,1104.0275332543229,1170.46365,True,Weighted respondent linearization; clustering unavailable; approximate
EVS,1999,income_incentives,All,survey_coverage,9,valid,0.11939256721043838,0.009818649208290254,0.10012884097583374,0.13865629344504302,1160,1195,1195,1104.0275332543229,1170.46365,True,Weighted respondent linearization; clustering unavailable; approximate
EVS,1999,income_incentives,All,survey_coverage,10,valid,0.3914691925716787,0.014655985022142649,0.3627148418279286,0.4202235433154288,1160,1195,1195,1104.0275332543229,1170.46365,True,Weighted respondent linearization; clustering unavailable; approximate
EVS,1999,income_incentives,18-34,survey_coverage,1,valid,0.0558190161862462,0.013790799318042527,0.028762118950846943,0.08287591342164545,327,331,1195,307.30420646935795,351.67388,True,Weighted respondent linearization; clustering unavailable; approximate
EVS,1999,income_incentives,18-34,survey_coverage,2,valid,0.034631062164753326,0.010055905195490844,0.014901850883479121,0.054360273446027535,327,331,1195,307.30420646935795,351.67388,True,Weighted respondent linearization; clustering unavailable; approximate
EVS,1999,income_incentives,18-34,survey_coverage,3,valid,0.04473243790525472,0.012358201416131784,0.02048623012430468,0.06897864568620476,327,331,1195,307.30420646935795,351.67388,True,Weighted respondent linearization; clustering unavailable; approximate
EVS,1999,income_incentives,18-34,survey_coverage,4,valid,0.039697403742353574,0.011122853725234479,0.017874889813497125,0.061519917671210025,327,331,1195,307.30420646935795,351.67388,True,Weighted respondent linearization; clustering unavailable; approximate
EVS,1999,income_incentives,18-34,survey_coverage,5,valid,0.11318435136553219,0.018013193140387816,0.07784331677856446,0.14852538595249992,327,331,1195,307.30420646935795,351.67388,True,Weighted respondent linearization; clustering unavailable; approximate
EVS,1999,income_incentives,18-34,survey_coverage,6,valid,0.0437977082631215,0.011403722460659228,0.021424143134420412,0.06617127339182259,327,331,1195,307.30420646935795,351.67388,True,Weighted respondent linearization; clustering unavailable; approximate
EVS,1999,income_incentives,18-34,survey_coverage,7,valid,0.03782751792655172,0.010724152063804806,0.01678723783578558,0.05886779801731787,327,331,1195,307.30420646935795,351.67388,True,Weighted respondent linearization; clustering unavailable; approximate
EVS,1999,income_incentives,18-34,survey_coverage,8,valid,0.10027449294784133,0.017352716011076873,0.06622928330923013,0.13431970258645254,327,331,1195,307.30420646935795,351.67388,True,Weighted respondent linearization; clustering unavailable; approximate
EVS,1999,income_incentives,18-34,survey_coverage,9,valid,0.14288991266567766,0.019885233903522235,0.10387602247545721,0.1819038028558981,327,331,1195,307.30420646935795,351.67388,True,Weighted respondent linearization; clustering unavailable; approximate
EVS,1999,income_incentives,18-34,survey_coverage,10,valid,0.3871460968326677,0.027727592624155875,0.33274586904925835,0.44154632461607707,327,331,1195,307.30420646935795,351.67388,True,Weighted respondent linearization; clustering unavailable; approximate
EVS,1999,income_incentives,35-54,survey_coverage,1,valid,0.06224800610567708,0.011574056428305923,0.03954025377346235,0.08495575843789181,482,495,1195,451.2012879800107,450.7673699999999,True,Weighted respondent linearization; clustering unavailable; approximate
EVS,1999,income_incentives,35-54,survey_coverage,2,valid,0.0218295747538248,0.007037297939038499,0.008022728409368083,0.035636421098281516,482,495,1195,451.2012879800107,450.7673699999999,True,Weighted respondent linearization; clustering unavailable; approximate
EVS,1999,income_incentives,35-54,survey_coverage,3,valid,0.04682572742565639,0.009857004856128981,0.027486749220659294,0.06616470563065349,482,495,1195,451.2012879800107,450.7673699999999,True,Weighted respondent linearization; clustering unavailable; approximate
EVS,1999,income_incentives,35-54,survey_coverage,4,valid,0.054404359392739556,0.01092456428063405,0.032970879993476976,0.07583783879200214,482,495,1195,451.2012879800107,450.7673699999999,True,Weighted respondent linearization; clustering unavailable; approximate
EVS,1999,income_incentives,35-54,survey_coverage,5,valid,0.08582378090055631,0.01323903845692174,0.05984941242752756,0.11179814937358507,482,495,1195,451.2012879800107,450.7673699999999,True,Weighted respondent linearization; clustering unavailable; approximate
EVS,1999,income_incentives,35-54,survey_coverage,6,valid,0.038383412712415285,0.009189354711947359,0.02035433257233222,0.05641249285249835,482,495,1195,451.2012879800107,450.7673699999999,True,Weighted respondent linearization; clustering unavailable; approximate
EVS,1999,income_incentives,35-54,survey_coverage,7,valid,0.0433248750902267,0.009810340500296407,0.02407745014847419,0.06257230003197921,482,495,1195,451.2012879800107,450.7673699999999,True,Weighted respondent linearization; clustering unavailable; approximate
EVS,1999,income_incentives,35-54,survey_coverage,8,valid,0.11676555026598309,0.015024589145089513,0.087288015633822,0.1462430848981442,482,495,1195,451.2012879800107,450.7673699999999,True,Weighted respondent linearization; clustering unavailable; approximate
EVS,1999,income_incentives,35-54,survey_coverage,9,valid,0.13586391579319507,0.01639043986792636,0.10370664652097268,0.16802118506541747,482,495,1195,451.2012879800107,450.7673699999999,True,Weighted respondent linearization; clustering unavailable; approximate
EVS,1999,income_incentives,35-54,survey_coverage,10,valid,0.39453079755972575,0.02289223043672212,0.3496173221235981,0.4394442729958534,482,495,1195,451.2012879800107,450.7673699999999,True,Weighted respondent linearization; clustering unavailable; approximate
EVS,1999,income_incentives,55+,survey_coverage,1,valid,0.10750378237846393,0.016528502139807732,0.07507564144635938,0.13993192331056847,351,369,1195,348.9709214408981,368.02239999999995,True,Weighted respondent linearization; clustering unavailable; approximate
EVS,1999,income_incentives,55+,survey_coverage,2,valid,0.03153631409392472,0.009379455954811228,0.013134264289511893,0.04993836389833754,351,369,1195,348.9709214408981,368.02239999999995,True,Weighted respondent linearization; clustering unavailable; approximate
EVS,1999,income_incentives,55+,survey_coverage,3,valid,0.042542138739381084,0.010779820540460307,0.021392639725376132,0.06369163775338604,351,369,1195,348.9709214408981,368.02239999999995,True,Weighted respondent linearization; clustering unavailable; approximate
EVS,1999,income_incentives,55+,survey_coverage,4,valid,0.04553298929630371,0.01115401908158916,0.02364933040951215,0.06741664818309526,351,369,1195,348.9709214408981,368.02239999999995,True,Weighted respondent linearization; clustering unavailable; approximate
EVS,1999,income_incentives,55+,survey_coverage,5,valid,0.1254902690705783,0.017739122724986282,0.0906869477005001,0.1602935904406565,351,369,1195,348.9709214408981,368.02239999999995,True,Weighted respondent linearization; clustering unavailable; approximate
EVS,1999,income_incentives,55+,survey_coverage,6,valid,0.04816943207804743,0.011445337998226338,0.025714219229197435,0.07062464492689742,351,369,1195,348.9709214408981,368.02239999999995,True,Weighted respondent linearization; clustering unavailable; approximate
EVS,1999,income_incentives,55+,survey_coverage,7,valid,0.03626148843113897,0.00992214015057892,0.016794717853293423,0.055728259008984524,351,369,1195,348.9709214408981,368.02239999999995,True,Weighted respondent linearization; clustering unavailable; approximate
EVS,1999,income_incentives,55+,survey_coverage,8,valid,0.09434898527915692,0.015685828591999677,0.0635741300674966,0.12512384049081723,351,369,1195,348.9709214408981,368.02239999999995,True,Weighted respondent linearization; clustering unavailable; approximate
EVS,1999,income_incentives,55+,survey_coverage,9,valid,0.07676432195431582,0.014244446022047136,0.04881739130110213,0.1047112526075295,351,369,1195,348.9709214408981,368.02239999999995,True,Weighted respondent linearization; clustering unavailable; approximate
EVS,1999,income_incentives,55+,survey_coverage,10,valid,0.39185027867868916,0.026162639209767618,0.3405204156170616,0.4431801417403167,351,369,1195,348.9709214408981,368.02239999999995,True,Weighted respondent linearization; clustering unavailable; approximate
EVS,1999,income_incentives,All,exclude_crimea_donetsk_luhansk,1,valid,0.08359093082418317,0.009524097811875487,0.0649051005243639,0.10227676112400244,917,943,1195,872.9696163694216,927.29617,True,Weighted respondent linearization; clustering unavailable; approximate
EVS,1999,income_incentives,All,exclude_crimea_donetsk_luhansk,2,valid,0.031114126137283628,0.005792636193673318,0.019749247380094974,0.04247900489447228,917,943,1195,872.9696163694216,927.29617,True,Weighted respondent linearization; clustering unavailable; approximate
EVS,1999,income_incentives,All,exclude_crimea_donetsk_luhansk,3,valid,0.047307485374386914,0.007310387846141312,0.0329648495240356,0.06165012122473823,917,943,1195,872.9696163694216,927.29617,True,Weighted respondent linearization; clustering unavailable; approximate
EVS,1999,income_incentives,All,exclude_crimea_donetsk_luhansk,4,valid,0.04711613334928364,0.007184061395384994,0.033021344031783736,0.061210922666783546,917,943,1195,872.9696163694216,927.29617,True,Weighted respondent linearization; clustering unavailable; approximate
EVS,1999,income_incentives,All,exclude_crimea_donetsk_luhansk,5,valid,0.1015672371427998,0.010268562567340335,0.08142080213694033,0.12171367214865927,917,943,1195,872.9696163694216,927.29617,True,Weighted respondent linearization; clustering unavailable; approximate
EVS,1999,income_incentives,All,exclude_crimea_donetsk_luhansk,6,valid,0.04769058843411377,0.007187482597738767,0.033589086879101546,0.061792089989126,917,943,1195,872.9696163694216,927.29617,True,Weighted respondent linearization; clustering unavailable; approximate
EVS,1999,income_incentives,All,exclude_crimea_donetsk_luhansk,7,valid,0.038193180502406256,0.006539238915683288,0.025363502449743523,0.05102285855506899,917,943,1195,872.9696163694216,927.29617,True,Weighted respondent linearization; clustering unavailable; approximate
EVS,1999,income_incentives,All,exclude_crimea_donetsk_luhansk,8,valid,0.10563237848809404,0.010410781721650626,0.08520691621526211,0.12605784076092597,917,943,1195,872.9696163694216,927.29617,True,Weighted respondent linearization; clustering unavailable; approximate
EVS,1999,income_incentives,All,exclude_crimea_donetsk_luhansk,9,valid,0.12793008732042965,0.011370396409900271,0.10562190633008428,0.15023826831077502,917,943,1195,872.9696163694216,927.29617,True,Weighted respondent linearization; clustering unavailable; approximate
EVS,1999,income_incentives,All,exclude_crimea_donetsk_luhansk,10,valid,0.3698578524270191,0.016284620393372817,0.33790819596841754,0.4018075088856206,917,943,1195,872.9696163694216,927.29617,True,Weighted respondent linearization; clustering unavailable; approximate
EVS,1999,income_incentives,18-34,exclude_crimea_donetsk_luhansk,1,valid,0.05592312209854739,0.01537025418191322,0.025767408982056286,0.0860788352150385,263,265,1195,247.0934232793136,281.09196,True,Weighted respondent linearization; clustering unavailable; approximate
EVS,1999,income_incentives,18-34,exclude_crimea_donetsk_luhansk,2,valid,0.033914310462668525,0.010756069169104588,0.012811410518025038,0.055017210407312014,263,265,1195,247.0934232793136,281.09196,True,Weighted respondent linearization; clustering unavailable; approximate
EVS,1999,income_incentives,18-34,exclude_crimea_donetsk_luhansk,3,valid,0.04740096443882636,0.014256486189262679,0.01943041154591974,0.07537151733173297,263,265,1195,247.0934232793136,281.09196,True,Weighted respondent linearization; clustering unavailable; approximate
EVS,1999,income_incentives,18-34,exclude_crimea_donetsk_luhansk,4,valid,0.04510175246563438,0.013141987314516832,0.01931779375248026,0.0708857111787885,263,265,1195,247.0934232793136,281.09196,True,Weighted respondent linearization; clustering unavailable; approximate
EVS,1999,income_incentives,18-34,exclude_crimea_donetsk_luhansk,5,valid,0.10901151352745914,0.019942478523271384,0.06988531209565563,0.14813771495926265,263,265,1195,247.0934232793136,281.09196,True,Weighted respondent linearization; clustering unavailable; approximate
EVS,1999,income_incentives,18-34,exclude_crimea_donetsk_luhansk,6,valid,0.04623152508524257,0.012959433348729699,0.020805728635080335,0.07165732153540481,263,265,1195,247.0934232793136,281.09196,True,Weighted respondent linearization; clustering unavailable; approximate
EVS,1999,income_incentives,18-34,exclude_crimea_donetsk_luhansk,7,valid,0.04732597118750746,0.01335076886045288,0.021132392937242908,0.07351954943777202,263,265,1195,247.0934232793136,281.09196,True,Weighted respondent linearization; clustering unavailable; approximate
EVS,1999,income_incentives,18-34,exclude_crimea_donetsk_luhansk,8,valid,0.09688462807687565,0.01899268089731953,0.059621884749794456,0.13414737140395683,263,265,1195,247.0934232793136,281.09196,True,Weighted respondent linearization; clustering unavailable; approximate
EVS,1999,income_incentives,18-34,exclude_crimea_donetsk_luhansk,9,valid,0.15859215610435817,0.023129336052728218,0.11321349064274591,0.20397082156597043,263,265,1195,247.0934232793136,281.09196,True,Weighted respondent linearization; clustering unavailable; approximate
EVS,1999,income_incentives,18-34,exclude_crimea_donetsk_luhansk,10,valid,0.3596140565528804,0.030466943233430358,0.2998393521914602,0.41938876091430066,263,265,1195,247.0934232793136,281.09196,True,Weighted respondent linearization; clustering unavailable; approximate
EVS,1999,income_incentives,35-54,exclude_crimea_donetsk_luhansk,1,valid,0.06728143010464166,0.013659323612982215,0.040482481995955784,0.09408037821332754,383,391,1195,358.64843561008394,362.02217999999993,True,Weighted respondent linearization; clustering unavailable; approximate
EVS,1999,income_incentives,35-54,exclude_crimea_donetsk_luhansk,2,valid,0.02718082079943279,0.008738518268469943,0.01003626047867465,0.044325381120190924,383,391,1195,358.64843561008394,362.02217999999993,True,Weighted respondent linearization; clustering unavailable; approximate
EVS,1999,income_incentives,35-54,exclude_crimea_donetsk_luhansk,3,valid,0.048864713206246094,0.01130343191401263,0.026687913395618254,0.07104151301687393,383,391,1195,358.64843561008394,362.02217999999993,True,Weighted respondent linearization; clustering unavailable; approximate
EVS,1999,income_incentives,35-54,exclude_crimea_donetsk_luhansk,4,valid,0.04824190606221973,0.011451105915801528,0.025775376831375117,0.07070843529306434,383,391,1195,358.64843561008394,362.02217999999993,True,Weighted respondent linearization; clustering unavailable; approximate
EVS,1999,income_incentives,35-54,exclude_crimea_donetsk_luhansk,5,valid,0.09160350340965297,0.015273075588119689,0.06163845010664433,0.1215685567126616,383,391,1195,358.64843561008394,362.02217999999993,True,Weighted respondent linearization; clustering unavailable; approximate
EVS,1999,income_incentives,35-54,exclude_crimea_donetsk_luhansk,6,valid,0.04584799196557515,0.011235928455629086,0.02380363075363884,0.06789235317751147,383,391,1195,358.64843561008394,362.02217999999993,True,Weighted respondent linearization; clustering unavailable; approximate
EVS,1999,income_incentives,35-54,exclude_crimea_donetsk_luhansk,7,valid,0.04432504660349817,0.011207699804701444,0.022336068672083088,0.06631402453491325,383,391,1195,358.64843561008394,362.02217999999993,True,Weighted respondent linearization; clustering unavailable; approximate
EVS,1999,income_incentives,35-54,exclude_crimea_donetsk_luhansk,8,valid,0.11680124129411078,0.016915258218675094,0.0836143031929843,0.14998817939523726,383,391,1195,358.64843561008394,362.02217999999993,True,Weighted respondent linearization; clustering unavailable; approximate
EVS,1999,income_incentives,35-54,exclude_crimea_donetsk_luhansk,9,valid,0.14155232146273472,0.018710351910449115,0.10484349427990002,0.1782611486455694,383,391,1195,358.64843561008394,362.02217999999993,True,Weighted respondent linearization; clustering unavailable; approximate
EVS,1999,income_incentives,35-54,exclude_crimea_donetsk_luhansk,10,valid,0.36830102509188806,0.02525087947849079,0.3187599915812973,0.4178420586024788,383,391,1195,358.64843561008394,362.02217999999993,True,Weighted respondent linearization; clustering unavailable; approximate
EVS,1999,income_incentives,55+,exclude_crimea_donetsk_luhansk,1,valid,0.1317347194683633,0.0205317380353444,0.09145241869123161,0.17201702024549498,271,287,1195,269.3710046391732,284.18202999999994,True,Weighted respondent linearization; clustering unavailable; approximate
EVS,1999,income_incentives,55+,exclude_crimea_donetsk_luhansk,2,valid,0.03335506470975663,0.010962159935747545,0.011847824409951295,0.05486230500956197,271,287,1195,269.3710046391732,284.18202999999994,True,Weighted respondent linearization; clustering unavailable; approximate
EVS,1999,income_incentives,55+,exclude_crimea_donetsk_luhansk,3,valid,0.045231255473824304,0.012759628033803908,0.020197467619274136,0.07026504332837447,271,287,1195,269.3710046391732,284.18202999999994,True,Weighted respondent linearization; clustering unavailable; approximate
EVS,1999,income_incentives,55+,exclude_crimea_donetsk_luhansk,4,valid,0.04767447822087837,0.012950000293183961,0.02226718898038765,0.07308176746136909,271,287,1195,269.3710046391732,284.18202999999994,True,Weighted respondent linearization; clustering unavailable; approximate
EVS,1999,income_incentives,55+,exclude_crimea_donetsk_luhansk,5,valid,0.10689680132132212,0.018821137762517436,0.06997061752663193,0.14382298511601233,271,287,1195,269.3710046391732,284.18202999999994,True,Weighted respondent linearization; clustering unavailable; approximate
EVS,1999,income_incentives,55+,exclude_crimea_donetsk_luhansk,6,valid,0.0514810876676474,0.013445216639709526,0.02510220733310732,0.07785996800218747,271,287,1195,269.3710046391732,284.18202999999994,True,Weighted respondent linearization; clustering unavailable; approximate
EVS,1999,income_incentives,55+,exclude_crimea_donetsk_luhansk,7,valid,0.02134825344164091,0.008680587700783964,0.004317350159936138,0.03837915672334568,271,287,1195,269.3710046391732,284.18202999999994,True,Weighted respondent linearization; clustering unavailable; approximate
EVS,1999,income_incentives,55+,exclude_crimea_donetsk_luhansk,8,valid,0.1000568895929134,0.01833050179763136,0.06409331039972341,0.13602046878610338,271,287,1195,269.3710046391732,284.18202999999994,True,Weighted respondent linearization; clustering unavailable; approximate
EVS,1999,income_incentives,55+,exclude_crimea_donetsk_luhansk,9,valid,0.08024793122914917,0.01647819279241172,0.047918494861666404,0.11257736759663192,271,287,1195,269.3710046391732,284.18202999999994,True,Weighted respondent linearization; clustering unavailable; approximate
EVS,1999,income_incentives,55+,exclude_crimea_donetsk_luhansk,10,valid,0.38197351887450454,0.029647368336343693,0.32380678177123845,0.4401402559777706,271,287,1195,269.3710046391732,284.18202999999994,True,Weighted respondent linearization; clustering unavailable; approximate
EVS,2008,private_ownership,All,survey_coverage,1,valid,0.22402048937919855,0.01149782922652324,0.2014670323440088,0.2465739464143883,1341,1507,1507,1282.0932292663986,1349.2439114780175,True,Weighted respondent linearization; clustering unavailable; approximate
EVS,2008,private_ownership,All,survey_coverage,2,valid,0.07783119688112619,0.007421009764508207,0.0632745860997214,0.09238780766253098,1341,1507,1507,1282.0932292663986,1349.2439114780175,True,Weighted respondent linearization; clustering unavailable; approximate
EVS,2008,private_ownership,All,survey_coverage,3,valid,0.13989171428852126,0.009545365370475024,0.12116809407057741,0.15861533450646512,1341,1507,1507,1282.0932292663986,1349.2439114780175,True,Weighted respondent linearization; clustering unavailable; approximate
EVS,2008,private_ownership,All,survey_coverage,4,valid,0.08467402977353762,0.0077115346634248514,0.06954754265319274,0.0998005168938825,1341,1507,1507,1282.0932292663986,1349.2439114780175,True,Weighted respondent linearization; clustering unavailable; approximate
EVS,2008,private_ownership,All,survey_coverage,5,valid,0.06855702165867528,0.007058774598465141,0.05471094980536148,0.08240309351198907,1341,1507,1507,1282.0932292663986,1349.2439114780175,True,Weighted respondent linearization; clustering unavailable; approximate
EVS,2008,private_ownership,All,survey_coverage,6,valid,0.2128671977800164,0.011582883828001668,0.19014690270415863,0.23558749285587416,1341,1507,1507,1282.0932292663986,1349.2439114780175,True,Weighted respondent linearization; clustering unavailable; approximate
EVS,2008,private_ownership,All,survey_coverage,7,valid,0.0592844914719942,0.0067512239284002904,0.046041692696301935,0.07252729024768648,1341,1507,1507,1282.0932292663986,1349.2439114780175,True,Weighted respondent linearization; clustering unavailable; approximate
EVS,2008,private_ownership,All,survey_coverage,8,valid,0.05978222857409894,0.006834200269046066,0.0463766683504131,0.07318778879778479,1341,1507,1507,1282.0932292663986,1349.2439114780175,True,Weighted respondent linearization; clustering unavailable; approximate
EVS,2008,private_ownership,All,survey_coverage,9,valid,0.04069920570691253,0.005585343444187836,0.029743328652774032,0.05165508276105103,1341,1507,1507,1282.0932292663986,1349.2439114780175,True,Weighted respondent linearization; clustering unavailable; approximate
EVS,2008,private_ownership,All,survey_coverage,10,valid,0.032392424485918975,0.004975883887662271,0.02263202700031304,0.04215282197152491,1341,1507,1507,1282.0932292663986,1349.2439114780175,True,Weighted respondent linearization; clustering unavailable; approximate
EVS,2008,private_ownership,18-34,survey_coverage,1,valid,0.15169719681725058,0.018446388921916572,0.11551385891855004,0.18788053471595112,384,413,1507,374.3486847805395,449.85733372962454,True,Weighted respondent linearization; clustering unavailable; approximate
EVS,2008,private_ownership,18-34,survey_coverage,2,valid,0.064410363050218,0.012623854651191169,0.039648161604631534,0.08917256449580446,384,413,1507,374.3486847805395,449.85733372962454,True,Weighted respondent linearization; clustering unavailable; approximate
EVS,2008,private_ownership,18-34,survey_coverage,3,valid,0.11100474477774877,0.016343772032128594,0.07894577494462235,0.1430637146108752,384,413,1507,374.3486847805395,449.85733372962454,True,Weighted respondent linearization; clustering unavailable; approximate
EVS,2008,private_ownership,18-34,survey_coverage,4,valid,0.06657896367505922,0.012791777921546689,0.04148737394334,0.09167055340677845,384,413,1507,374.3486847805395,449.85733372962454,True,Weighted respondent linearization; clustering unavailable; approximate
EVS,2008,private_ownership,18-34,survey_coverage,5,valid,0.06635718632285346,0.01275364633644171,0.04134039323747553,0.0913739794082314,384,413,1507,374.3486847805395,449.85733372962454,True,Weighted respondent linearization; clustering unavailable; approximate
EVS,2008,private_ownership,18-34,survey_coverage,6,valid,0.30459629685513745,0.023793487710473803,0.2579244084296601,0.3512681852806148,384,413,1507,374.3486847805395,449.85733372962454,True,Weighted respondent linearization; clustering unavailable; approximate
EVS,2008,private_ownership,18-34,survey_coverage,7,valid,0.0841760610280074,0.014420431744179119,0.05588980095545505,0.11246232110055975,384,413,1507,374.3486847805395,449.85733372962454,True,Weighted respondent linearization; clustering unavailable; approximate
EVS,2008,private_ownership,18-34,survey_coverage,8,valid,0.07304659208190516,0.013680534622996171,0.046211670136254705,0.0998815140275556,384,413,1507,374.3486847805395,449.85733372962454,True,Weighted respondent linearization; clustering unavailable; approximate
EVS,2008,private_ownership,18-34,survey_coverage,9,valid,0.04929514041666671,0.011175628768470013,0.027373692610719924,0.0712165882226135,384,413,1507,374.3486847805395,449.85733372962454,True,Weighted respondent linearization; clustering unavailable; approximate
EVS,2008,private_ownership,18-34,survey_coverage,10,valid,0.028837454975153297,0.008676516545992755,0.011818116865334065,0.04585679308497253,384,413,1507,374.3486847805395,449.85733372962454,True,Weighted respondent linearization; clustering unavailable; approximate
EVS,2008,private_ownership,35-54,survey_coverage,1,valid,0.2097022566450683,0.018896857887047733,0.1726353056529209,0.24676920763721572,478,526,1507,461.6982074573112,484.6624763582148,True,Weighted respondent linearization; clustering unavailable; approximate
EVS,2008,private_ownership,35-54,survey_coverage,2,valid,0.08102208701454153,0.012630051515823108,0.05624773016835937,0.10579644386072368,478,526,1507,461.6982074573112,484.6624763582148,True,Weighted respondent linearization; clustering unavailable; approximate
EVS,2008,private_ownership,35-54,survey_coverage,3,valid,0.14877139243164011,0.016356307465070608,0.11668783383982671,0.1808549510234535,478,526,1507,461.6982074573112,484.6624763582148,True,Weighted respondent linearization; clustering unavailable; approximate
EVS,2008,private_ownership,35-54,survey_coverage,4,valid,0.08182311173564025,0.012777354163050798,0.056759814789551596,0.1068864086817289,478,526,1507,461.6982074573112,484.6624763582148,True,Weighted respondent linearization; clustering unavailable; approximate
EVS,2008,private_ownership,35-54,survey_coverage,5,valid,0.084626775834073,0.012880766495111955,0.059360631416335546,0.10989292025181047,478,526,1507,461.6982074573112,484.6624763582148,True,Weighted respondent linearization; clustering unavailable; approximate
EVS,2008,private_ownership,35-54,survey_coverage,6,valid,0.19652831896229878,0.018511950018036967,0.16021638032206692,0.23284025760253063,478,526,1507,461.6982074573112,484.6624763582148,True,Weighted respondent linearization; clustering unavailable; approximate
EVS,2008,private_ownership,35-54,survey_coverage,7,valid,0.05958773646130635,0.011143697955251178,0.03772892223686801,0.08144655068574469,478,526,1507,461.6982074573112,484.6624763582148,True,Weighted respondent linearization; clustering unavailable; approximate
EVS,2008,private_ownership,35-54,survey_coverage,8,valid,0.05758301399261012,0.011318593924092709,0.03538113425196146,0.07978489373325878,478,526,1507,461.6982074573112,484.6624763582148,True,Weighted respondent linearization; clustering unavailable; approximate
EVS,2008,private_ownership,35-54,survey_coverage,9,valid,0.03375004904420212,0.008407847537667374,0.017257716060009178,0.05024238202839506,478,526,1507,461.6982074573112,484.6624763582148,True,Weighted respondent linearization; clustering unavailable; approximate
EVS,2008,private_ownership,35-54,survey_coverage,10,valid,0.046605257878619355,0.00989880758237712,0.027188346467745966,0.06602216928949274,478,526,1507,461.6982074573112,484.6624763582148,True,Weighted respondent linearization; clustering unavailable; approximate
EVS,2008,private_ownership,55+,survey_coverage,1,valid,0.3192034641813406,0.02172118240815826,0.2765964864167169,0.3618104419459643,479,568,1507,464.1691546302177,414.724101390178,True,Weighted respondent linearization; clustering unavailable; approximate
EVS,2008,private_ownership,55+,survey_coverage,2,valid,0.0886599762906148,0.01328813764673819,0.06259475688362771,0.11472519569760188,479,568,1507,464.1691546302177,414.724101390178,True,Weighted respondent linearization; clustering unavailable; approximate
EVS,2008,private_ownership,55+,survey_coverage,3,valid,0.1608487029380915,0.01679279469026386,0.12790895700118377,0.19378844887499924,479,568,1507,464.1691546302177,414.724101390178,True,Weighted respondent linearization; clustering unavailable; approximate
EVS,2008,private_ownership,55+,survey_coverage,4,valid,0.1076337062257776,0.014538536460007457,0.07911577897661219,0.136151633474943,479,568,1507,464.1691546302177,414.724101390178,True,Weighted respondent linearization; clustering unavailable; approximate
EVS,2008,private_ownership,55+,survey_coverage,5,valid,0.05216348491579231,0.010401466079536355,0.03176058853369476,0.07256638129788986,479,568,1507,464.1691546302177,414.724101390178,True,Weighted respondent linearization; clustering unavailable; approximate
EVS,2008,private_ownership,55+,survey_coverage,6,valid,0.13246153446104234,0.015618764790237804,0.10182469565439402,0.16309837326769067,479,568,1507,464.1691546302177,414.724101390178,True,Weighted respondent linearization; clustering unavailable; approximate
EVS,2008,private_ownership,55+,survey_coverage,7,valid,0.03192985608367453,0.008019886760679511,0.016198523853863157,0.04766118831348591,479,568,1507,464.1691546302177,414.724101390178,True,Weighted respondent linearization; clustering unavailable; approximate
EVS,2008,private_ownership,55+,survey_coverage,8,valid,0.04796426477670763,0.009907101488140809,0.02853108453424786,0.06739744501916739,479,568,1507,464.1691546302177,414.724101390178,True,Weighted respondent linearization; clustering unavailable; approximate
EVS,2008,private_ownership,55+,survey_coverage,9,valid,0.039496119628671535,0.009291609324782612,0.0212702521570236,0.05772198710031947,479,568,1507,464.1691546302177,414.724101390178,True,Weighted respondent linearization; clustering unavailable; approximate
EVS,2008,private_ownership,55+,survey_coverage,10,valid,0.01963889049828706,0.006206993290287709,0.007463622129603414,0.031814158866970706,479,568,1507,464.1691546302177,414.724101390178,True,Weighted respondent linearization; clustering unavailable; approximate
EVS,2008,private_ownership,All,exclude_crimea_donetsk_luhansk,1,valid,0.2149281486972734,0.012777628165796228,0.18986431428371808,0.2399919831108287,1058,1196,1507,1012.3533387906189,1066.5900764069067,True,Weighted respondent linearization; clustering unavailable; approximate
EVS,2008,private_ownership,All,exclude_crimea_donetsk_luhansk,2,valid,0.07694990144416589,0.00834473541748679,0.060581365436154236,0.09331843745217754,1058,1196,1507,1012.3533387906189,1066.5900764069067,True,Weighted respondent linearization; clustering unavailable; approximate
EVS,2008,private_ownership,All,exclude_crimea_donetsk_luhansk,3,valid,0.14316570874461568,0.010860150707584918,0.12186308391399225,0.1644683335752391,1058,1196,1507,1012.3533387906189,1066.5900764069067,True,Weighted respondent linearization; clustering unavailable; approximate
EVS,2008,private_ownership,All,exclude_crimea_donetsk_luhansk,4,valid,0.08621814491102117,0.008763190919301368,0.06902879151258046,0.10340749830946189,1058,1196,1507,1012.3533387906189,1066.5900764069067,True,Weighted respondent linearization; clustering unavailable; approximate
EVS,2008,private_ownership,All,exclude_crimea_donetsk_luhansk,5,valid,0.06795232419527247,0.007893351114331365,0.05246919675326136,0.08343545163728358,1058,1196,1507,1012.3533387906189,1066.5900764069067,True,Weighted respondent linearization; clustering unavailable; approximate
EVS,2008,private_ownership,All,exclude_crimea_donetsk_luhansk,6,valid,0.2071019387043336,0.012892846142699093,0.1818120995693161,0.2323917778393511,1058,1196,1507,1012.3533387906189,1066.5900764069067,True,Weighted respondent linearization; clustering unavailable; approximate
EVS,2008,private_ownership,All,exclude_crimea_donetsk_luhansk,7,valid,0.06181446635768441,0.007654897546813429,0.04679907523215098,0.07682985748321783,1058,1196,1507,1012.3533387906189,1066.5900764069067,True,Weighted respondent linearization; clustering unavailable; approximate
EVS,2008,private_ownership,All,exclude_crimea_donetsk_luhansk,8,valid,0.06841479904658487,0.008122061726049373,0.052483046489932544,0.0843465516032372,1058,1196,1507,1012.3533387906189,1066.5900764069067,True,Weighted respondent linearization; clustering unavailable; approximate
EVS,2008,private_ownership,All,exclude_crimea_donetsk_luhansk,9,valid,0.044000777451620655,0.006542907827448598,0.031166599132885105,0.0568349557703562,1058,1196,1507,1012.3533387906189,1066.5900764069067,True,Weighted respondent linearization; clustering unavailable; approximate
EVS,2008,private_ownership,All,exclude_crimea_donetsk_luhansk,10,valid,0.02945379044742791,0.005335047471758999,0.01898887906594289,0.03991870182891293,1058,1196,1507,1012.3533387906189,1066.5900764069067,True,Weighted respondent linearization; clustering unavailable; approximate
EVS,2008,private_ownership,18-34,exclude_crimea_donetsk_luhansk,1,valid,0.15929097950265436,0.02074809743738351,0.1185927472627364,0.19998921174257234,315,340,1507,307.11050193904504,368.2199358547675,True,Weighted respondent linearization; clustering unavailable; approximate
EVS,2008,private_ownership,18-34,exclude_crimea_donetsk_luhansk,2,valid,0.06399477374196853,0.01401382799034275,0.03650608337686507,0.091483464107072,315,340,1507,307.11050193904504,368.2199358547675,True,Weighted respondent linearization; clustering unavailable; approximate
EVS,2008,private_ownership,18-34,exclude_crimea_donetsk_luhansk,3,valid,0.11696002693310942,0.018526848937996294,0.08061886345881947,0.15330119040739937,315,340,1507,307.11050193904504,368.2199358547675,True,Weighted respondent linearization; clustering unavailable; approximate
EVS,2008,private_ownership,18-34,exclude_crimea_donetsk_luhansk,4,valid,0.07210060168366782,0.014682919863342574,0.043299460549554344,0.10090174281778129,315,340,1507,307.11050193904504,368.2199358547675,True,Weighted respondent linearization; clustering unavailable; approximate
EVS,2008,private_ownership,18-34,exclude_crimea_donetsk_luhansk,5,valid,0.07086619388003468,0.014448664567971387,0.042524553981792085,0.09920783377827727,315,340,1507,307.11050193904504,368.2199358547675,True,Weighted respondent linearization; clustering unavailable; approximate
EVS,2008,private_ownership,18-34,exclude_crimea_donetsk_luhansk,6,valid,0.27134534405741567,0.02542472448775871,0.22147371872109173,0.3212169693937396,315,340,1507,307.11050193904504,368.2199358547675,True,Weighted respondent linearization; clustering unavailable; approximate
EVS,2008,private_ownership,18-34,exclude_crimea_donetsk_luhansk,7,valid,0.08397065213400859,0.01568245183678498,0.05320888860985912,0.11473241565815806,315,340,1507,307.11050193904504,368.2199358547675,True,Weighted respondent linearization; clustering unavailable; approximate
EVS,2008,private_ownership,18-34,exclude_crimea_donetsk_luhansk,8,valid,0.07793976189545557,0.015457248482066109,0.04761974385949931,0.10825977993141182,315,340,1507,307.11050193904504,368.2199358547675,True,Weighted respondent linearization; clustering unavailable; approximate
EVS,2008,private_ownership,18-34,exclude_crimea_donetsk_luhansk,9,valid,0.05098481220413995,0.012581137829993247,0.02630640153093206,0.07566322287734785,315,340,1507,307.11050193904504,368.2199358547675,True,Weighted respondent linearization; clustering unavailable; approximate
EVS,2008,private_ownership,18-34,exclude_crimea_donetsk_luhansk,10,valid,0.03254685396754524,0.010242014999483538,0.012456727327660427,0.05263698060743005,315,340,1507,307.11050193904504,368.2199358547675,True,Weighted respondent linearization; clustering unavailable; approximate
EVS,2008,private_ownership,35-54,exclude_crimea_donetsk_luhansk,1,valid,0.1927879570483967,0.02050585583434705,0.15256489150982577,0.23301102258696765,384,425,1507,371.01338158173803,387.1145125834404,True,Weighted respondent linearization; clustering unavailable; approximate
EVS,2008,private_ownership,35-54,exclude_crimea_donetsk_luhansk,2,valid,0.0861817484979697,0.0145467512151473,0.05764770767436768,0.11471578932157171,384,425,1507,371.01338158173803,387.1145125834404,True,Weighted respondent linearization; clustering unavailable; approximate
EVS,2008,private_ownership,35-54,exclude_crimea_donetsk_luhansk,3,valid,0.15020888514328135,0.018205058768418058,0.11449892610079732,0.18591884418576538,384,425,1507,371.01338158173803,387.1145125834404,True,Weighted respondent linearization; clustering unavailable; approximate
EVS,2008,private_ownership,35-54,exclude_crimea_donetsk_luhansk,4,valid,0.08517869189005864,0.014406843986736546,0.056919084753260345,0.11343829902685693,384,425,1507,371.01338158173803,387.1145125834404,True,Weighted respondent linearization; clustering unavailable; approximate
EVS,2008,private_ownership,35-54,exclude_crimea_donetsk_luhansk,5,valid,0.08448809393292914,0.014322274966433249,0.05639437234968548,0.1125818155161728,384,425,1507,371.01338158173803,387.1145125834404,True,Weighted respondent linearization; clustering unavailable; approximate
EVS,2008,private_ownership,35-54,exclude_crimea_donetsk_luhansk,6,valid,0.20214178698126486,0.020947317775602686,0.16105277599085047,0.24323079797167926,384,425,1507,371.01338158173803,387.1145125834404,True,Weighted respondent linearization; clustering unavailable; approximate
EVS,2008,private_ownership,35-54,exclude_crimea_donetsk_luhansk,7,valid,0.06018686681278604,0.01241456423063138,0.03583519699147204,0.08453853663410003,384,425,1507,371.01338158173803,387.1145125834404,True,Weighted respondent linearization; clustering unavailable; approximate
EVS,2008,private_ownership,35-54,exclude_crimea_donetsk_luhansk,8,valid,0.06638796264079443,0.013547566883602575,0.0398138622935864,0.09296206298800246,384,425,1507,371.01338158173803,387.1145125834404,True,Weighted respondent linearization; clustering unavailable; approximate
EVS,2008,private_ownership,35-54,exclude_crimea_donetsk_luhansk,9,valid,0.0348769128512145,0.00963546582451226,0.015976556948738792,0.053777268753690204,384,425,1507,371.01338158173803,387.1145125834404,True,Weighted respondent linearization; clustering unavailable; approximate
EVS,2008,private_ownership,35-54,exclude_crimea_donetsk_luhansk,10,valid,0.03756109420130476,0.009695169345730323,0.018543627427366902,0.05657856097524262,384,425,1507,371.01338158173803,387.1145125834404,True,Weighted respondent linearization; clustering unavailable; approximate
EVS,2008,private_ownership,55+,exclude_crimea_donetsk_luhansk,1,valid,0.3082839044157352,0.024878358781077026,0.2594839975097669,0.3570838113217035,359,431,1507,348.07738117669453,311.25562796869883,True,Weighted respondent linearization; clustering unavailable; approximate
EVS,2008,private_ownership,55+,exclude_crimea_donetsk_luhansk,2,valid,0.08079418315828038,0.01464306200280704,0.0520712248295811,0.10951714148697966,359,431,1507,348.07738117669453,311.25562796869883,True,Weighted respondent linearization; clustering unavailable; approximate
EVS,2008,private_ownership,55+,exclude_crimea_donetsk_luhansk,3,valid,0.16540767982875237,0.019716266852704403,0.12673342501106577,0.20408193464643898,359,431,1507,348.07738117669453,311.25562796869883,True,Weighted respondent linearization; clustering unavailable; approximate
EVS,2008,private_ownership,55+,exclude_crimea_donetsk_luhansk,4,valid,0.10421219130856772,0.01663219022278429,0.07158747752995681,0.13683690508717863,359,431,1507,348.07738117669453,311.25562796869883,True,Weighted respondent linearization; clustering unavailable; approximate
EVS,2008,private_ownership,55+,exclude_crimea_donetsk_luhansk,5,valid,0.04393932433604136,0.010932267584170374,0.0224952393353686,0.06538340933671413,359,431,1507,348.07738117669453,311.25562796869883,True,Weighted respondent linearization; clustering unavailable; approximate
EVS,2008,private_ownership,55+,exclude_crimea_donetsk_luhansk,6,valid,0.13727009012560237,0.018260140507604185,0.10145208602403083,0.17308809422717392,359,431,1507,348.07738117669453,311.25562796869883,True,Weighted respondent linearization; clustering unavailable; approximate
EVS,2008,private_ownership,55+,exclude_crimea_donetsk_luhansk,7,valid,0.037627652612433435,0.010089018948241898,0.017837633914687144,0.057417671310179726,359,431,1507,348.07738117669453,311.25562796869883,True,Weighted respondent linearization; clustering unavailable; approximate
EVS,2008,private_ownership,55+,exclude_crimea_donetsk_luhansk,8,valid,0.059667444212602304,0.012471822712109332,0.035203459564161266,0.08413142886104334,359,431,1507,348.07738117669453,311.25562796869883,True,Weighted respondent linearization; clustering unavailable; approximate
EVS,2008,private_ownership,55+,exclude_crimea_donetsk_luhansk,9,valid,0.0470860857409859,0.011702748661029194,0.024130670947444345,0.07004150053452746,359,431,1507,348.07738117669453,311.25562796869883,True,Weighted respondent linearization; clustering unavailable; approximate
EVS,2008,private_ownership,55+,exclude_crimea_donetsk_luhansk,10,valid,0.01571144426099878,0.006413816539780603,0.0031304837238703247,0.028292404798127235,359,431,1507,348.07738117669453,311.25562796869883,True,Weighted respondent linearization; clustering unavailable; approximate
EVS,2008,competition,All,survey_coverage,1,valid,0.09359064929852154,0.007935256939214522,0.07802532188620244,0.10915597671084064,1385,1507,1507,1324.371540559793,1393.0376595402238,True,Weighted respondent linearization; clustering unavailable; approximate
EVS,2008,competition,All,survey_coverage,2,valid,0.030616679170938205,0.004692836945926162,0.021411489708831288,0.03982186863304513,1385,1507,1507,1324.371540559793,1393.0376595402238,True,Weighted respondent linearization; clustering unavailable; approximate
EVS,2008,competition,All,survey_coverage,3,valid,0.06945832567296154,0.006870734960016968,0.055981101175361675,0.0829355501705614,1385,1507,1507,1324.371540559793,1393.0376595402238,True,Weighted respondent linearization; clustering unavailable; approximate
EVS,2008,competition,All,survey_coverage,4,valid,0.05676653924124235,0.006219711545891251,0.04456632349982722,0.06896675498265747,1385,1507,1507,1324.371540559793,1393.0376595402238,True,Weighted respondent linearization; clustering unavailable; approximate
EVS,2008,competition,All,survey_coverage,5,valid,0.06984632817851555,0.007112952213772212,0.05589398474166854,0.08379867161536256,1385,1507,1507,1324.371540559793,1393.0376595402238,True,Weighted respondent linearization; clustering unavailable; approximate
EVS,2008,competition,All,survey_coverage,6,valid,0.20200546843536357,0.01094425150824009,0.18053787648296155,0.2234730603877656,1385,1507,1507,1324.371540559793,1393.0376595402238,True,Weighted respondent linearization; clustering unavailable; approximate
EVS,2008,competition,All,survey_coverage,7,valid,0.09227139613827888,0.007957198784794898,0.07666302890845857,0.1078797633680992,1385,1507,1507,1324.371540559793,1393.0376595402238,True,Weighted respondent linearization; clustering unavailable; approximate
EVS,2008,competition,All,survey_coverage,8,valid,0.11254919989489733,0.008718458093648759,0.09544759174310644,0.12965080804668822,1385,1507,1507,1324.371540559793,1393.0376595402238,True,Weighted respondent linearization; clustering unavailable; approximate
EVS,2008,competition,All,survey_coverage,9,valid,0.10117409325777023,0.00849278935040797,0.08451514347258002,0.11783304304296044,1385,1507,1507,1324.371540559793,1393.0376595402238,True,Weighted respondent linearization; clustering unavailable; approximate
EVS,2008,competition,All,survey_coverage,10,valid,0.17172132071151072,0.01044004566467961,0.1512427489128783,0.19219989251014313,1385,1507,1507,1324.371540559793,1393.0376595402238,True,Weighted respondent linearization; clustering unavailable; approximate
EVS,2008,competition,18-34,survey_coverage,1,valid,0.08667954756531455,0.014198925290750421,0.05882778135956075,0.11453131377106836,396,413,1507,386.0456096945309,463.8358122501404,True,Weighted respondent linearization; clustering unavailable; approximate
EVS,2008,competition,18-34,survey_coverage,2,valid,0.035303217924305415,0.009387463767891681,0.01688932808585232,0.05371710776275851,396,413,1507,386.0456096945309,463.8358122501404,True,Weighted respondent linearization; clustering unavailable; approximate
EVS,2008,competition,18-34,survey_coverage,3,valid,0.03963485100796068,0.00983973548132612,0.020333811912355185,0.058935890103566174,396,413,1507,386.0456096945309,463.8358122501404,True,Weighted respondent linearization; clustering unavailable; approximate
EVS,2008,competition,18-34,survey_coverage,4,valid,0.047734530784723644,0.010828523390222973,0.026493944216211072,0.06897511735323622,396,413,1507,386.0456096945309,463.8358122501404,True,Weighted respondent linearization; clustering unavailable; approximate
EVS,2008,competition,18-34,survey_coverage,5,valid,0.07681409160908292,0.013841137736375733,0.04966414016125757,0.10396404305690828,396,413,1507,386.0456096945309,463.8358122501404,True,Weighted respondent linearization; clustering unavailable; approximate
EVS,2008,competition,18-34,survey_coverage,6,valid,0.19326748570891084,0.019757679416167063,0.15451199847314157,0.2320229729446801,396,413,1507,386.0456096945309,463.8358122501404,True,Weighted respondent linearization; clustering unavailable; approximate
EVS,2008,competition,18-34,survey_coverage,7,valid,0.10368126685794915,0.015533207542508625,0.07321225205291829,0.13415028166298001,396,413,1507,386.0456096945309,463.8358122501404,True,Weighted respondent linearization; clustering unavailable; approximate
EVS,2008,competition,18-34,survey_coverage,8,valid,0.10664695381194815,0.01575513554053029,0.07574261826335107,0.13755128936054523,396,413,1507,386.0456096945309,463.8358122501404,True,Weighted respondent linearization; clustering unavailable; approximate
EVS,2008,competition,18-34,survey_coverage,9,valid,0.14138160669183142,0.01786687483386526,0.10633500911416491,0.17642820426949793,396,413,1507,386.0456096945309,463.8358122501404,True,Weighted respondent linearization; clustering unavailable; approximate
EVS,2008,competition,18-34,survey_coverage,10,valid,0.16885644803797334,0.019279771928297433,0.1310383956677002,0.20667450040824648,396,413,1507,386.0456096945309,463.8358122501404,True,Weighted respondent linearization; clustering unavailable; approximate
EVS,2008,competition,35-54,survey_coverage,1,valid,0.08184982034536721,0.012489835682017171,0.057350502527952374,0.10634913816278205,495,526,1507,478.1316386068036,500.23974041248175,True,Weighted respondent linearization; clustering unavailable; approximate
EVS,2008,competition,35-54,survey_coverage,2,valid,0.022184176851038826,0.006425029472592613,0.009581221692714331,0.03478713200936332,495,526,1507,478.1316386068036,500.23974041248175,True,Weighted respondent linearization; clustering unavailable; approximate
EVS,2008,competition,35-54,survey_coverage,3,valid,0.07706995176356886,0.012037205000609452,0.05345848733350378,0.10068141619363394,495,526,1507,478.1316386068036,500.23974041248175,True,Weighted respondent linearization; clustering unavailable; approximate
EVS,2008,competition,35-54,survey_coverage,4,valid,0.05085639796207495,0.009844874212697923,0.03154527903705766,0.07016751688709225,495,526,1507,478.1316386068036,500.23974041248175,True,Weighted respondent linearization; clustering unavailable; approximate
EVS,2008,competition,35-54,survey_coverage,5,valid,0.06111081900661899,0.011014905660661213,0.03950463607677299,0.08271700193646497,495,526,1507,478.1316386068036,500.23974041248175,True,Weighted respondent linearization; clustering unavailable; approximate
EVS,2008,competition,35-54,survey_coverage,6,valid,0.21600609584811803,0.018820712750358584,0.1790885066211285,0.25292368507510754,495,526,1507,478.1316386068036,500.23974041248175,True,Weighted respondent linearization; clustering unavailable; approximate
EVS,2008,competition,35-54,survey_coverage,7,valid,0.09872911573797079,0.01363891101322586,0.07197584018627083,0.12548239128967076,495,526,1507,478.1316386068036,500.23974041248175,True,Weighted respondent linearization; clustering unavailable; approximate
EVS,2008,competition,35-54,survey_coverage,8,valid,0.11352656358747872,0.01464936701360927,0.08479123772509695,0.14226188944986048,495,526,1507,478.1316386068036,500.23974041248175,True,Weighted respondent linearization; clustering unavailable; approximate
EVS,2008,competition,35-54,survey_coverage,9,valid,0.09898248666321924,0.013824923166200993,0.07186434075055842,0.12610063257588006,495,526,1507,478.1316386068036,500.23974041248175,True,Weighted respondent linearization; clustering unavailable; approximate
EVS,2008,competition,35-54,survey_coverage,10,valid,0.17968457223454443,0.01762855823377765,0.14510544230620162,0.21426370216288723,495,526,1507,478.1316386068036,500.23974041248175,True,Weighted respondent linearization; clustering unavailable; approximate
EVS,2008,competition,55+,survey_coverage,1,valid,0.11475532927411017,0.014645539279454679,0.0860275116670779,0.14348314688114244,494,568,1507,478.4502279472663,428.9621068776015,True,Weighted respondent linearization; clustering unavailable; approximate
EVS,2008,competition,55+,survey_coverage,2,valid,0.03538280706299382,0.008523501090648368,0.018663614957245406,0.05210199916874224,494,568,1507,478.4502279472663,428.9621068776015,True,Weighted respondent linearization; clustering unavailable; approximate
EVS,2008,competition,55+,survey_coverage,3,valid,0.09282998851902391,0.013533176641219561,0.06628411521423555,0.11937586182381227,494,568,1507,478.4502279472663,428.9621068776015,True,Weighted respondent linearization; clustering unavailable; approximate
EVS,2008,competition,55+,survey_coverage,4,valid,0.07342501886776627,0.011756325833411959,0.05036451028377128,0.09648552745176125,494,568,1507,478.4502279472663,428.9621068776015,True,Weighted respondent linearization; clustering unavailable; approximate
EVS,2008,competition,55+,survey_coverage,5,valid,0.07249912806897547,0.012002415568472516,0.04895590451703798,0.09604235162091296,494,568,1507,478.4502279472663,428.9621068776015,True,Weighted respondent linearization; clustering unavailable; approximate
EVS,2008,competition,55+,survey_coverage,6,valid,0.19512681677847446,0.017988538681251758,0.1598415706437014,0.23041206291324753,494,568,1507,478.4502279472663,428.9621068776015,True,Weighted respondent linearization; clustering unavailable; approximate
EVS,2008,competition,55+,survey_coverage,7,valid,0.07240317353192717,0.01143967408951982,0.04996379014994118,0.09484255691391316,494,568,1507,478.4502279472663,428.9621068776015,True,Weighted respondent linearization; clustering unavailable; approximate
EVS,2008,competition,55+,survey_coverage,8,valid,0.1177915206268801,0.014810800801057527,0.08873953586154268,0.14684350539221752,494,568,1507,478.4502279472663,428.9621068776015,True,Weighted respondent linearization; clustering unavailable; approximate
EVS,2008,competition,55+,survey_coverage,9,valid,0.060253565181125165,0.010886818265505145,0.03889863085712364,0.08160849950512669,494,568,1507,478.4502279472663,428.9621068776015,True,Weighted respondent linearization; clustering unavailable; approximate
EVS,2008,competition,55+,survey_coverage,10,valid,0.1655326520887233,0.017088155778532396,0.13201354343187144,0.19905176074557518,494,568,1507,478.4502279472663,428.9621068776015,True,Weighted respondent linearization; clustering unavailable; approximate
EVS,2008,competition,All,exclude_crimea_donetsk_luhansk,1,valid,0.09551809174748575,0.009077704346264783,0.0777118075421718,0.1133243759527997,1086,1196,1507,1039.121667304015,1094.1388147212413,True,Weighted respondent linearization; clustering unavailable; approximate
EVS,2008,competition,All,exclude_crimea_donetsk_luhansk,2,valid,0.03292094318627174,0.005430944789066202,0.02226792533850796,0.043573961034035526,1086,1196,1507,1039.121667304015,1094.1388147212413,True,Weighted respondent linearization; clustering unavailable; approximate
EVS,2008,competition,All,exclude_crimea_donetsk_luhansk,3,valid,0.07425485642722836,0.007998613288981906,0.058565252972516066,0.08994445988194065,1086,1196,1507,1039.121667304015,1094.1388147212413,True,Weighted respondent linearization; clustering unavailable; approximate
EVS,2008,competition,All,exclude_crimea_donetsk_luhansk,4,valid,0.062446343248057,0.007378892071715437,0.04797234802443349,0.07692033847168052,1086,1196,1507,1039.121667304015,1094.1388147212413,True,Weighted respondent linearization; clustering unavailable; approximate
EVS,2008,competition,All,exclude_crimea_donetsk_luhansk,5,valid,0.07119068867022108,0.00810711660178982,0.05528825157923038,0.08709312576121177,1086,1196,1507,1039.121667304015,1094.1388147212413,True,Weighted respondent linearization; clustering unavailable; approximate
EVS,2008,competition,All,exclude_crimea_donetsk_luhansk,6,valid,0.19866010799243664,0.012295245466319826,0.17454248675293535,0.22277772923193792,1086,1196,1507,1039.121667304015,1094.1388147212413,True,Weighted respondent linearization; clustering unavailable; approximate
EVS,2008,competition,All,exclude_crimea_donetsk_luhansk,7,valid,0.09338059553719708,0.009014590010000547,0.07569811265500213,0.11106307841939202,1086,1196,1507,1039.121667304015,1094.1388147212413,True,Weighted respondent linearization; clustering unavailable; approximate
EVS,2008,competition,All,exclude_crimea_donetsk_luhansk,8,valid,0.10640125464061555,0.009474882257706763,0.0878158898989192,0.1249866193823119,1086,1196,1507,1039.121667304015,1094.1388147212413,True,Weighted respondent linearization; clustering unavailable; approximate
EVS,2008,competition,All,exclude_crimea_donetsk_luhansk,9,valid,0.10376763728954642,0.009775822483797743,0.08459196612342985,0.122943308455663,1086,1196,1507,1039.121667304015,1094.1388147212413,True,Weighted respondent linearization; clustering unavailable; approximate
EVS,2008,competition,All,exclude_crimea_donetsk_luhansk,10,valid,0.16145948126094026,0.01151275462722389,0.13887674744864736,0.18404221507323315,1086,1196,1507,1039.121667304015,1094.1388147212413,True,Weighted respondent linearization; clustering unavailable; approximate
EVS,2008,competition,18-34,exclude_crimea_donetsk_luhansk,1,valid,0.09476773884900501,0.01641972822622077,0.0625597778692661,0.1269756998287439,323,340,1507,314.8956776079856,377.76034328831486,True,Weighted respondent linearization; clustering unavailable; approximate
EVS,2008,competition,18-34,exclude_crimea_donetsk_luhansk,2,valid,0.03335600903916811,0.010013507679492144,0.013714108748981019,0.052997909329355206,323,340,1507,314.8956776079856,377.76034328831486,True,Weighted respondent linearization; clustering unavailable; approximate
EVS,2008,competition,18-34,exclude_crimea_donetsk_luhansk,3,valid,0.04866594293795319,0.012025543415671027,0.025077353178374975,0.0722545326975314,323,340,1507,314.8956776079856,377.76034328831486,True,Weighted respondent linearization; clustering unavailable; approximate
EVS,2008,competition,18-34,exclude_crimea_donetsk_luhansk,4,valid,0.054923698643798,0.012754665672671852,0.029904906089179565,0.07994249119841644,323,340,1507,314.8956776079856,377.76034328831486,True,Weighted respondent linearization; clustering unavailable; approximate
EVS,2008,competition,18-34,exclude_crimea_donetsk_luhansk,5,valid,0.08694175539637308,0.016153895005176572,0.05525523703082051,0.11862827376192565,323,340,1507,314.8956776079856,377.76034328831486,True,Weighted respondent linearization; clustering unavailable; approximate
EVS,2008,competition,18-34,exclude_crimea_donetsk_luhansk,6,valid,0.1880728944207782,0.021712845131954595,0.14548227056061294,0.23066351828094347,323,340,1507,314.8956776079856,377.76034328831486,True,Weighted respondent linearization; clustering unavailable; approximate
EVS,2008,competition,18-34,exclude_crimea_donetsk_luhansk,7,valid,0.1047068770803345,0.01721875456224048,0.07093159362742517,0.13848216053324386,323,340,1507,314.8956776079856,377.76034328831486,True,Weighted respondent linearization; clustering unavailable; approximate
EVS,2008,competition,18-34,exclude_crimea_donetsk_luhansk,8,valid,0.08438027585074602,0.015478219677493323,0.05401912196682003,0.11474142973467201,323,340,1507,314.8956776079856,377.76034328831486,True,Weighted respondent linearization; clustering unavailable; approximate
EVS,2008,competition,18-34,exclude_crimea_donetsk_luhansk,9,valid,0.14117956342758453,0.019915339947623657,0.10211481868308928,0.1802443081720798,323,340,1507,314.8956776079856,377.76034328831486,True,Weighted respondent linearization; clustering unavailable; approximate
EVS,2008,competition,18-34,exclude_crimea_donetsk_luhansk,10,valid,0.16300524435425925,0.021081523061558197,0.12165298426777107,0.20435750444074743,323,340,1507,314.8956776079856,377.76034328831486,True,Weighted respondent linearization; clustering unavailable; approximate
EVS,2008,competition,35-54,exclude_crimea_donetsk_luhansk,1,valid,0.08733153658313766,0.01438967345980943,0.05910561012933551,0.11555746303693981,396,425,1507,382.66090573992636,397.4970067843004,True,Weighted respondent linearization; clustering unavailable; approximate
EVS,2008,competition,35-54,exclude_crimea_donetsk_luhansk,2,valid,0.025795201455123793,0.007792856360084651,0.010509198537882698,0.041081204372364885,396,425,1507,382.66090573992636,397.4970067843004,True,Weighted respondent linearization; clustering unavailable; approximate
EVS,2008,competition,35-54,exclude_crimea_donetsk_luhansk,3,valid,0.07314861873729929,0.013033447665224185,0.0475829840294934,0.09871425344510518,396,425,1507,382.66090573992636,397.4970067843004,True,Weighted respondent linearization; clustering unavailable; approximate
EVS,2008,competition,35-54,exclude_crimea_donetsk_luhansk,4,valid,0.05731066732547668,0.01175576294895452,0.03425126286210972,0.08037007178884364,396,425,1507,382.66090573992636,397.4970067843004,True,Weighted respondent linearization; clustering unavailable; approximate
EVS,2008,competition,35-54,exclude_crimea_donetsk_luhansk,5,valid,0.06237249306878662,0.012304039935553391,0.038237621122208486,0.08650736501536477,396,425,1507,382.66090573992636,397.4970067843004,True,Weighted respondent linearization; clustering unavailable; approximate
EVS,2008,competition,35-54,exclude_crimea_donetsk_luhansk,6,valid,0.21730256798803754,0.02109813856208064,0.17591771592529296,0.25868742005078216,396,425,1507,382.66090573992636,397.4970067843004,True,Weighted respondent linearization; clustering unavailable; approximate
EVS,2008,competition,35-54,exclude_crimea_donetsk_luhansk,7,valid,0.0914314266491017,0.014798248396049771,0.06240406393384462,0.12045878936435878,396,425,1507,382.66090573992636,397.4970067843004,True,Weighted respondent linearization; clustering unavailable; approximate
EVS,2008,competition,35-54,exclude_crimea_donetsk_luhansk,8,valid,0.1162560934674314,0.016541914787445097,0.0838084586062529,0.1487037283286099,396,425,1507,382.66090573992636,397.4970067843004,True,Weighted respondent linearization; clustering unavailable; approximate
EVS,2008,competition,35-54,exclude_crimea_donetsk_luhansk,9,valid,0.10415230957633023,0.01589391171557919,0.07297575894784197,0.1353288602048185,396,425,1507,382.66090573992636,397.4970067843004,True,Weighted respondent linearization; clustering unavailable; approximate
EVS,2008,competition,35-54,exclude_crimea_donetsk_luhansk,10,valid,0.164899085149275,0.018988737972566908,0.12765190765347018,0.20214626264507984,396,425,1507,382.66090573992636,397.4970067843004,True,Weighted respondent linearization; clustering unavailable; approximate
EVS,2008,competition,55+,exclude_crimea_donetsk_luhansk,1,valid,0.10661182134421364,0.016411468166678874,0.07442006280532822,0.13880357988309905,367,431,1507,355.5613633442862,318.88146464862587,True,Weighted respondent linearization; clustering unavailable; approximate
EVS,2008,competition,55+,exclude_crimea_donetsk_luhansk,2,valid,0.041288034657850754,0.010566147738425817,0.020562108541611782,0.06201396077408973,367,431,1507,355.5613633442862,318.88146464862587,True,Weighted respondent linearization; clustering unavailable; approximate
EVS,2008,competition,55+,exclude_crimea_donetsk_luhansk,3,valid,0.1059475197990501,0.01671237468782151,0.07316552094936377,0.13872951864873642,367,431,1507,355.5613633442862,318.88146464862587,True,Weighted respondent linearization; clustering unavailable; approximate
EVS,2008,competition,55+,exclude_crimea_donetsk_luhansk,4,valid,0.07775978462528318,0.014036336973009302,0.0502269419803472,0.10529262727021917,367,431,1507,355.5613633442862,318.88146464862587,True,Weighted respondent linearization; clustering unavailable; approximate
EVS,2008,competition,55+,exclude_crimea_donetsk_luhansk,5,valid,0.06352350732585008,0.013049407903411258,0.03792656596535941,0.08912044868634074,367,431,1507,355.5613633442862,318.88146464862587,True,Weighted respondent linearization; clustering unavailable; approximate
EVS,2008,competition,55+,exclude_crimea_donetsk_luhansk,6,valid,0.1879636800335102,0.020574948269556814,0.14760508688896598,0.2283222731780544,367,431,1507,355.5613633442862,318.88146464862587,True,Weighted respondent linearization; clustering unavailable; approximate
EVS,2008,competition,55+,exclude_crimea_donetsk_luhansk,7,valid,0.08239271573351656,0.014111459859769518,0.05471251650800121,0.1100729149590319,367,431,1507,355.5613633442862,318.88146464862587,True,Weighted respondent linearization; clustering unavailable; approximate
EVS,2008,competition,55+,exclude_crimea_donetsk_luhansk,8,valid,0.1202038241190726,0.017087144268373503,0.08668669958030598,0.15372094865783922,367,431,1507,355.5613633442862,318.88146464862587,True,Weighted respondent linearization; clustering unavailable; approximate
EVS,2008,competition,55+,exclude_crimea_donetsk_luhansk,9,valid,0.05896839453859799,0.012771565465870915,0.0339164523561403,0.08402033672105569,367,431,1507,355.5613633442862,318.88146464862587,True,Weighted respondent linearization; clustering unavailable; approximate
EVS,2008,competition,55+,exclude_crimea_donetsk_luhansk,10,valid,0.15534071782305503,0.019399412238819063,0.1172879861450738,0.19339344950103626,367,431,1507,355.5613633442862,318.88146464862587,True,Weighted respondent linearization; clustering unavailable; approximate
EVS,2008,individual_responsibility,All,survey_coverage,1,valid,0.1515192348492156,0.009428952053061417,0.13302396406148898,0.1700145056369422,1487,1507,1507,1422.7146217571867,1487.9755831129683,True,Weighted respondent linearization; clustering unavailable; approximate
EVS,2008,individual_responsibility,All,survey_coverage,2,valid,0.0634749085792763,0.00643838367049946,0.05084575862167294,0.07610405853687967,1487,1507,1507,1422.7146217571867,1487.9755831129683,True,Weighted respondent linearization; clustering unavailable; approximate
EVS,2008,individual_responsibility,All,survey_coverage,3,valid,0.11837212062297958,0.008464583937209487,0.10176849689649134,0.13497574434946782,1487,1507,1507,1422.7146217571867,1487.9755831129683,True,Weighted respondent linearization; clustering unavailable; approximate
EVS,2008,individual_responsibility,All,survey_coverage,4,valid,0.08341887292225933,0.007334698564216471,0.0690315650509156,0.09780618079360306,1487,1507,1507,1422.7146217571867,1487.9755831129683,True,Weighted respondent linearization; clustering unavailable; approximate
EVS,2008,individual_responsibility,All,survey_coverage,5,valid,0.09191496253966173,0.007769769184736607,0.07667424605058178,0.1071556790287417,1487,1507,1507,1422.7146217571867,1487.9755831129683,True,Weighted respondent linearization; clustering unavailable; approximate
EVS,2008,individual_responsibility,All,survey_coverage,6,valid,0.1897457517448445,0.010368288023191797,0.16940793546208882,0.2100835680276002,1487,1507,1507,1422.7146217571867,1487.9755831129683,True,Weighted respondent linearization; clustering unavailable; approximate
EVS,2008,individual_responsibility,All,survey_coverage,7,valid,0.06370820869339111,0.0064838350588047955,0.05098990399943373,0.07642651338734849,1487,1507,1507,1422.7146217571867,1487.9755831129683,True,Weighted respondent linearization; clustering unavailable; approximate
EVS,2008,individual_responsibility,All,survey_coverage,8,valid,0.0719193743066835,0.0068990072274218535,0.05838669261315203,0.08545205600021498,1487,1507,1507,1422.7146217571867,1487.9755831129683,True,Weighted respondent linearization; clustering unavailable; approximate
EVS,2008,individual_responsibility,All,survey_coverage,9,valid,0.06353648735406466,0.0065009897524566955,0.05078453303472082,0.07628844167340848,1487,1507,1507,1422.7146217571867,1487.9755831129683,True,Weighted respondent linearization; clustering unavailable; approximate
EVS,2008,individual_responsibility,All,survey_coverage,10,valid,0.10239007838762373,0.008163305741979841,0.08637742402568971,0.11840273274955776,1487,1507,1507,1422.7146217571867,1487.9755831129683,True,Weighted respondent linearization; clustering unavailable; approximate
EVS,2008,individual_responsibility,18-34,survey_coverage,1,valid,0.12644585526330507,0.016595464367073248,0.09389318073597724,0.1589985297906329,412,413,1507,401.6175182716072,480.9908386171163,True,Weighted respondent linearization; clustering unavailable; approximate
EVS,2008,individual_responsibility,18-34,survey_coverage,2,valid,0.050411792392414695,0.01085734147501377,0.029114677985093526,0.07170890679973586,412,413,1507,401.6175182716072,480.9908386171163,True,Weighted respondent linearization; clustering unavailable; approximate
EVS,2008,individual_responsibility,18-34,survey_coverage,3,valid,0.11335607537187009,0.015783407838522136,0.08239628256734385,0.14431586817639633,412,413,1507,401.6175182716072,480.9908386171163,True,Weighted respondent linearization; clustering unavailable; approximate
EVS,2008,individual_responsibility,18-34,survey_coverage,4,valid,0.08557049240371283,0.013828561704554848,0.058445209350917314,0.11269577545650833,412,413,1507,401.6175182716072,480.9908386171163,True,Weighted respondent linearization; clustering unavailable; approximate
EVS,2008,individual_responsibility,18-34,survey_coverage,5,valid,0.10724587914296511,0.015626685056755605,0.07659350441322234,0.13789825387270788,412,413,1507,401.6175182716072,480.9908386171163,True,Weighted respondent linearization; clustering unavailable; approximate
EVS,2008,individual_responsibility,18-34,survey_coverage,6,valid,0.21424182854659357,0.020423167923506246,0.17418095868928876,0.2543026984038984,412,413,1507,401.6175182716072,480.9908386171163,True,Weighted respondent linearization; clustering unavailable; approximate
EVS,2008,individual_responsibility,18-34,survey_coverage,7,valid,0.0709911651774338,0.012462566074235093,0.046545337798549816,0.09543699255631778,412,413,1507,401.6175182716072,480.9908386171163,True,Weighted respondent linearization; clustering unavailable; approximate
EVS,2008,individual_responsibility,18-34,survey_coverage,8,valid,0.07398406364151282,0.013157042720959237,0.048175992233320725,0.09979213504970491,412,413,1507,401.6175182716072,480.9908386171163,True,Weighted respondent linearization; clustering unavailable; approximate
EVS,2008,individual_responsibility,18-34,survey_coverage,9,valid,0.04478234239366188,0.010439367422232407,0.02430510099501985,0.0652595837923039,412,413,1507,401.6175182716072,480.9908386171163,True,Weighted respondent linearization; clustering unavailable; approximate
EVS,2008,individual_responsibility,18-34,survey_coverage,10,valid,0.11297050566653025,0.016030202044066976,0.08152661604671564,0.14441439528634487,412,413,1507,401.6175182716072,480.9908386171163,True,Weighted respondent linearization; clustering unavailable; approximate
EVS,2008,individual_responsibility,35-54,survey_coverage,1,valid,0.11266672052545698,0.013929461863386025,0.08534351773040323,0.13998992332051075,522,526,1507,504.3702812254595,525.9392748269106,True,Weighted respondent linearization; clustering unavailable; approximate
EVS,2008,individual_responsibility,35-54,survey_coverage,2,valid,0.06059356545203284,0.010706528501302447,0.03959227679198414,0.08159485411208153,522,526,1507,504.3702812254595,525.9392748269106,True,Weighted respondent linearization; clustering unavailable; approximate
EVS,2008,individual_responsibility,35-54,survey_coverage,3,valid,0.09908744980944265,0.013012618471978854,0.07356267240658372,0.12461222721230157,522,526,1507,504.3702812254595,525.9392748269106,True,Weighted respondent linearization; clustering unavailable; approximate
EVS,2008,individual_responsibility,35-54,survey_coverage,4,valid,0.09785437663616318,0.013093640671656701,0.07217067091185071,0.12353808236047566,522,526,1507,504.3702812254595,525.9392748269106,True,Weighted respondent linearization; clustering unavailable; approximate
EVS,2008,individual_responsibility,35-54,survey_coverage,5,valid,0.08305084943303823,0.012493624997559126,0.05854409871993634,0.1075576001461401,522,526,1507,504.3702812254595,525.9392748269106,True,Weighted respondent linearization; clustering unavailable; approximate
EVS,2008,individual_responsibility,35-54,survey_coverage,6,valid,0.1845850201821083,0.01706664620157054,0.15110810343038017,0.2180619369338364,522,526,1507,504.3702812254595,525.9392748269106,True,Weighted respondent linearization; clustering unavailable; approximate
EVS,2008,individual_responsibility,35-54,survey_coverage,7,valid,0.08217790362635448,0.012361407627205216,0.057930502632476455,0.1064253046202325,522,526,1507,504.3702812254595,525.9392748269106,True,Weighted respondent linearization; clustering unavailable; approximate
EVS,2008,individual_responsibility,35-54,survey_coverage,8,valid,0.07649995032922968,0.012007368742808652,0.05294701092551035,0.10005288973294901,522,526,1507,504.3702812254595,525.9392748269106,True,Weighted respondent linearization; clustering unavailable; approximate
EVS,2008,individual_responsibility,35-54,survey_coverage,9,valid,0.09612386445913171,0.013305046927782853,0.0700254768135125,0.12222225210475092,522,526,1507,504.3702812254595,525.9392748269106,True,Weighted respondent linearization; clustering unavailable; approximate
EVS,2008,individual_responsibility,35-54,survey_coverage,10,valid,0.10736029954704217,0.01405157797036643,0.07979756106939766,0.1349230380246867,522,526,1507,504.3702812254595,525.9392748269106,True,Weighted respondent linearization; clustering unavailable; approximate
EVS,2008,individual_responsibility,55+,survey_coverage,1,valid,0.21906821125885692,0.01809121788252858,0.18358155571811857,0.25455486679959527,553,568,1507,535.9712471708957,481.0454696689413,True,Weighted respondent linearization; clustering unavailable; approximate
EVS,2008,individual_responsibility,55+,survey_coverage,2,valid,0.07968678711522513,0.011858912083792878,0.05642505145220638,0.10294852277824387,553,568,1507,535.9712471708957,481.0454696689413,True,Weighted respondent linearization; clustering unavailable; approximate
EVS,2008,individual_responsibility,55+,survey_coverage,3,valid,0.14447201842154,0.015210037322111312,0.11463691507381016,0.17430712176926985,553,568,1507,535.9712471708957,481.0454696689413,True,Weighted respondent linearization; clustering unavailable; approximate
EVS,2008,individual_responsibility,55+,survey_coverage,4,valid,0.06548479359342117,0.010855065283448618,0.0441921440279112,0.08677744315893116,553,568,1507,535.9712471708957,481.0454696689413,True,Weighted respondent linearization; clustering unavailable; approximate
EVS,2008,individual_responsibility,55+,survey_coverage,5,valid,0.08627714785163003,0.012080886595355587,0.06258000020685317,0.10997429549640689,553,568,1507,535.9712471708957,481.0454696689413,True,Weighted respondent linearization; clustering unavailable; approximate
EVS,2008,individual_responsibility,55+,survey_coverage,6,valid,0.17089481627244205,0.016156058380757968,0.13920405435819305,0.20258557818669104,553,568,1507,535.9712471708957,481.0454696689413,True,Weighted respondent linearization; clustering unavailable; approximate
EVS,2008,individual_responsibility,55+,survey_coverage,7,valid,0.036232691014605634,0.00785693864875197,0.02082098809645993,0.05164439393275134,553,568,1507,535.9712471708957,481.0454696689413,True,Weighted respondent linearization; clustering unavailable; approximate
EVS,2008,individual_responsibility,55+,survey_coverage,8,valid,0.06484685891937043,0.010474414493390862,0.044300871273240394,0.08539284656550047,553,568,1507,535.9712471708957,481.0454696689413,True,Weighted respondent linearization; clustering unavailable; approximate
EVS,2008,individual_responsibility,55+,survey_coverage,9,valid,0.04665989234801239,0.008910332063878531,0.029181915643645858,0.06413786905237892,553,568,1507,535.9712471708957,481.0454696689413,True,Weighted respondent linearization; clustering unavailable; approximate
EVS,2008,individual_responsibility,55+,survey_coverage,10,valid,0.08637678320489617,0.011974840947942824,0.06288764838632963,0.10986591802346271,553,568,1507,535.9712471708957,481.0454696689413,True,Weighted respondent linearization; clustering unavailable; approximate
EVS,2008,individual_responsibility,All,exclude_crimea_donetsk_luhansk,1,valid,0.14269114401730643,0.010348033579460538,0.12239305764508124,0.16298923038953161,1179,1196,1507,1128.9719149628856,1181.8089988964982,True,Weighted respondent linearization; clustering unavailable; approximate
EVS,2008,individual_responsibility,All,exclude_crimea_donetsk_luhansk,2,valid,0.06421848829183067,0.007271178416522179,0.049955777759138245,0.0784811988245231,1179,1196,1507,1128.9719149628856,1181.8089988964982,True,Weighted respondent linearization; clustering unavailable; approximate
EVS,2008,individual_responsibility,All,exclude_crimea_donetsk_luhansk,3,valid,0.11650316581105487,0.009403962338192278,0.09805691335970454,0.1349494182624052,1179,1196,1507,1128.9719149628856,1181.8089988964982,True,Weighted respondent linearization; clustering unavailable; approximate
EVS,2008,individual_responsibility,All,exclude_crimea_donetsk_luhansk,4,valid,0.08668557967036178,0.008465706760414091,0.0700797534807473,0.10329140585997626,1179,1196,1507,1128.9719149628856,1181.8089988964982,True,Weighted respondent linearization; clustering unavailable; approximate
EVS,2008,individual_responsibility,All,exclude_crimea_donetsk_luhansk,5,valid,0.09055838601805737,0.0086315489707934,0.07362725362561788,0.10748951841049685,1179,1196,1507,1128.9719149628856,1181.8089988964982,True,Weighted respondent linearization; clustering unavailable; approximate
EVS,2008,individual_responsibility,All,exclude_crimea_donetsk_luhansk,6,valid,0.18170479677673876,0.011373045573874191,0.15939610792285253,0.204013485630625,1179,1196,1507,1128.9719149628856,1181.8089988964982,True,Weighted respondent linearization; clustering unavailable; approximate
EVS,2008,individual_responsibility,All,exclude_crimea_donetsk_luhansk,7,valid,0.06939040077403234,0.007588404641568584,0.05450543817131305,0.08427536337675164,1179,1196,1507,1128.9719149628856,1181.8089988964982,True,Weighted respondent linearization; clustering unavailable; approximate
EVS,2008,individual_responsibility,All,exclude_crimea_donetsk_luhansk,8,valid,0.07814457946310813,0.008048236282209811,0.062357638500273746,0.09393152042594251,1179,1196,1507,1128.9719149628856,1181.8089988964982,True,Weighted respondent linearization; clustering unavailable; approximate
EVS,2008,individual_responsibility,All,exclude_crimea_donetsk_luhansk,9,valid,0.06675145874741908,0.007442221243995383,0.05215324079114313,0.08134967670369504,1179,1196,1507,1128.9719149628856,1181.8089988964982,True,Weighted respondent linearization; clustering unavailable; approximate
EVS,2008,individual_responsibility,All,exclude_crimea_donetsk_luhansk,10,valid,0.10335200043009049,0.00925699607951917,0.08519402823889224,0.12150997262128874,1179,1196,1507,1128.9719149628856,1181.8089988964982,True,Weighted respondent linearization; clustering unavailable; approximate
EVS,2008,individual_responsibility,18-34,exclude_crimea_donetsk_luhansk,1,valid,0.12968912113572525,0.018475491795885927,0.09344869677272463,0.16592954549872588,339,340,1507,330.4723344621723,394.9153696552907,True,Weighted respondent linearization; clustering unavailable; approximate
EVS,2008,individual_responsibility,18-34,exclude_crimea_donetsk_luhansk,2,valid,0.0552872740563396,0.012486653045832073,0.03079419910851737,0.07978034900416182,339,340,1507,330.4723344621723,394.9153696552907,True,Weighted respondent linearization; clustering unavailable; approximate
EVS,2008,individual_responsibility,18-34,exclude_crimea_donetsk_luhansk,3,valid,0.11029540445228332,0.017116250200967797,0.07672118744960009,0.14386962145496657,339,340,1507,330.4723344621723,394.9153696552907,True,Weighted respondent linearization; clustering unavailable; approximate
EVS,2008,individual_responsibility,18-34,exclude_crimea_donetsk_luhansk,4,valid,0.10171871206415245,0.016521154635553748,0.06931179908051283,0.13412562504779207,339,340,1507,330.4723344621723,394.9153696552907,True,Weighted respondent linearization; clustering unavailable; approximate
EVS,2008,individual_responsibility,18-34,exclude_crimea_donetsk_luhansk,5,valid,0.10892161601684798,0.017329304657968874,0.07492948408018356,0.14291374795351242,339,340,1507,330.4723344621723,394.9153696552907,True,Weighted respondent linearization; clustering unavailable; approximate
EVS,2008,individual_responsibility,18-34,exclude_crimea_donetsk_luhansk,6,valid,0.18768109275185338,0.021441862681045257,0.14562201192850552,0.22974017357520124,339,340,1507,330.4723344621723,394.9153696552907,True,Weighted respondent linearization; clustering unavailable; approximate
EVS,2008,individual_responsibility,18-34,exclude_crimea_donetsk_luhansk,7,valid,0.07276186134300525,0.013933874034238042,0.04543000389638358,0.10009371878962692,339,340,1507,330.4723344621723,394.9153696552907,True,Weighted respondent linearization; clustering unavailable; approximate
EVS,2008,individual_responsibility,18-34,exclude_crimea_donetsk_luhansk,8,valid,0.07185512950107716,0.014303042219638669,0.04379913372850215,0.09991112527365216,339,340,1507,330.4723344621723,394.9153696552907,True,Weighted respondent linearization; clustering unavailable; approximate
EVS,2008,individual_responsibility,18-34,exclude_crimea_donetsk_luhansk,9,valid,0.041464318735573796,0.010989272329797916,0.019908416620906425,0.06302022085024117,339,340,1507,330.4723344621723,394.9153696552907,True,Weighted respondent linearization; clustering unavailable; approximate
EVS,2008,individual_responsibility,18-34,exclude_crimea_donetsk_luhansk,10,valid,0.12032546994314183,0.01824415252368216,0.08453882691863629,0.15611211296764738,339,340,1507,330.4723344621723,394.9153696552907,True,Weighted respondent linearization; clustering unavailable; approximate
EVS,2008,individual_responsibility,35-54,exclude_crimea_donetsk_luhansk,1,valid,0.10327578765651098,0.014808322351936725,0.07422866446936006,0.13232291084366188,422,425,1507,407.9375671722388,422.2887006513514,True,Weighted respondent linearization; clustering unavailable; approximate
EVS,2008,individual_responsibility,35-54,exclude_crimea_donetsk_luhansk,2,valid,0.059630241186993775,0.011757659364554984,0.036567116827729666,0.08269336554625789,422,425,1507,407.9375671722388,422.2887006513514,True,Weighted respondent linearization; clustering unavailable; approximate
EVS,2008,individual_responsibility,35-54,exclude_crimea_donetsk_luhansk,3,valid,0.09590404211687509,0.014111068507897475,0.06822461054388422,0.12358347368986596,422,425,1507,407.9375671722388,422.2887006513514,True,Weighted respondent linearization; clustering unavailable; approximate
EVS,2008,individual_responsibility,35-54,exclude_crimea_donetsk_luhansk,4,valid,0.10143718837292975,0.014884216682038189,0.07224119538788609,0.13063318135797342,422,425,1507,407.9375671722388,422.2887006513514,True,Weighted respondent linearization; clustering unavailable; approximate
EVS,2008,individual_responsibility,35-54,exclude_crimea_donetsk_luhansk,5,valid,0.07976568108714797,0.013569181450343295,0.05314918289311887,0.10638217928117708,422,425,1507,407.9375671722388,422.2887006513514,True,Weighted respondent linearization; clustering unavailable; approximate
EVS,2008,individual_responsibility,35-54,exclude_crimea_donetsk_luhansk,6,valid,0.17994473380764206,0.018672314032777818,0.143318234666885,0.2165712329483991,422,425,1507,407.9375671722388,422.2887006513514,True,Weighted respondent linearization; clustering unavailable; approximate
EVS,2008,individual_responsibility,35-54,exclude_crimea_donetsk_luhansk,7,valid,0.08850826209662026,0.01433240596201623,0.06039466815581215,0.11662185603742836,422,425,1507,407.9375671722388,422.2887006513514,True,Weighted respondent linearization; clustering unavailable; approximate
EVS,2008,individual_responsibility,35-54,exclude_crimea_donetsk_luhansk,8,valid,0.08805395882593726,0.01427840993773798,0.06004628027051524,0.11606163738135929,422,425,1507,407.9375671722388,422.2887006513514,True,Weighted respondent linearization; clustering unavailable; approximate
EVS,2008,individual_responsibility,35-54,exclude_crimea_donetsk_luhansk,9,valid,0.10111796278648039,0.015248766881881272,0.07120688984091995,0.1310290357320408,422,425,1507,407.9375671722388,422.2887006513514,True,Weighted respondent linearization; clustering unavailable; approximate
EVS,2008,individual_responsibility,35-54,exclude_crimea_donetsk_luhansk,10,valid,0.10236214206286239,0.015404250229306532,0.0721460822431054,0.13257820188261937,422,425,1507,407.9375671722388,422.2887006513514,True,Weighted respondent linearization; clustering unavailable; approximate
EVS,2008,individual_responsibility,55+,exclude_crimea_donetsk_luhansk,1,valid,0.20242527427190887,0.02030082766317584,0.1626043797830563,0.24224616876076144,418,431,1507,405.23415535790787,364.604928589856,True,Weighted respondent linearization; clustering unavailable; approximate
EVS,2008,individual_responsibility,55+,exclude_crimea_donetsk_luhansk,2,valid,0.0792063237568735,0.013636228389417434,0.05245831028026728,0.10595433723347972,418,431,1507,405.23415535790787,364.604928589856,True,Weighted respondent linearization; clustering unavailable; approximate
EVS,2008,individual_responsibility,55+,exclude_crimea_donetsk_luhansk,3,valid,0.1470850825016154,0.01769646067333251,0.1123727591919035,0.1817974058113273,418,431,1507,405.23415535790787,364.604928589856,True,Weighted respondent linearization; clustering unavailable; approximate
EVS,2008,individual_responsibility,55+,exclude_crimea_donetsk_luhansk,4,valid,0.053317263024315616,0.01149449038969621,0.030770355252594875,0.07586417079603636,418,431,1507,405.23415535790787,364.604928589856,True,Weighted respondent linearization; clustering unavailable; approximate
EVS,2008,individual_responsibility,55+,exclude_crimea_donetsk_luhansk,5,valid,0.08316878645430285,0.01346864233891491,0.05674949979344955,0.10958807311515616,418,431,1507,405.23415535790787,364.604928589856,True,Weighted respondent linearization; clustering unavailable; approximate
EVS,2008,individual_responsibility,55+,exclude_crimea_donetsk_luhansk,6,valid,0.17727019838512945,0.01874870779192262,0.1404938497962127,0.21404654697404618,418,431,1507,405.23415535790787,364.604928589856,True,Weighted respondent linearization; clustering unavailable; approximate
EVS,2008,individual_responsibility,55+,exclude_crimea_donetsk_luhansk,7,valid,0.04359618441388575,0.009905860243316016,0.024165438923349544,0.06302692990442195,418,431,1507,405.23415535790787,364.604928589856,True,Weighted respondent linearization; clustering unavailable; approximate
EVS,2008,individual_responsibility,55+,exclude_crimea_donetsk_luhansk,8,valid,0.07347975366032866,0.012896974933977151,0.0481818157342383,0.09877769158641903,418,431,1507,405.23415535790787,364.604928589856,True,Weighted respondent linearization; clustering unavailable; approximate
EVS,2008,individual_responsibility,55+,exclude_crimea_donetsk_luhansk,9,valid,0.05433718308530027,0.010978000020879718,0.03280339206046258,0.07587097411013796,418,431,1507,405.23415535790787,364.604928589856,True,Weighted respondent linearization; clustering unavailable; approximate
EVS,2008,individual_responsibility,55+,exclude_crimea_donetsk_luhansk,10,valid,0.08611395044633968,0.013744343186950402,0.059153865421879614,0.11307403547079975,418,431,1507,405.23415535790787,364.604928589856,True,Weighted respondent linearization; clustering unavailable; approximate
EVS,2008,income_incentives,All,survey_coverage,1,valid,0.029352394118002428,0.0044093568775286415,0.020703262274857852,0.038001525961147004,1479,1507,1507,1415.0764022704343,1478.8687574952125,True,Weighted respondent linearization; clustering unavailable; approximate
EVS,2008,income_incentives,All,survey_coverage,2,valid,0.025522767046301714,0.004127986520831727,0.017425554537295548,0.03361997955530788,1479,1507,1507,1415.0764022704343,1478.8687574952125,True,Weighted respondent linearization; clustering unavailable; approximate
EVS,2008,income_incentives,All,survey_coverage,3,valid,0.038698875470412536,0.0050292122976483495,0.028833872151854976,0.048563878788970095,1479,1507,1507,1415.0764022704343,1478.8687574952125,True,Weighted respondent linearization; clustering unavailable; approximate
EVS,2008,income_incentives,All,survey_coverage,4,valid,0.046105229515035644,0.005540571932463226,0.035237173591841774,0.056973285438229514,1479,1507,1507,1415.0764022704343,1478.8687574952125,True,Weighted respondent linearization; clustering unavailable; approximate
EVS,2008,income_incentives,All,survey_coverage,5,valid,0.09799325136011205,0.007894241117635951,0.08250837814062455,0.11347812457959956,1479,1507,1507,1415.0764022704343,1478.8687574952125,True,Weighted respondent linearization; clustering unavailable; approximate
EVS,2008,income_incentives,All,survey_coverage,6,valid,0.04103298769990915,0.005125818747451323,0.03097848692300289,0.051087488476815414,1479,1507,1507,1415.0764022704343,1478.8687574952125,True,Weighted respondent linearization; clustering unavailable; approximate
EVS,2008,income_incentives,All,survey_coverage,7,valid,0.10357649373578738,0.008172727742325877,0.0875453577391201,0.11960762973245466,1479,1507,1507,1415.0764022704343,1478.8687574952125,True,Weighted respondent linearization; clustering unavailable; approximate
EVS,2008,income_incentives,All,survey_coverage,8,valid,0.12760757694714736,0.008989571723020125,0.10997416844668054,0.14524098544761418,1479,1507,1507,1415.0764022704343,1478.8687574952125,True,Weighted respondent linearization; clustering unavailable; approximate
EVS,2008,income_incentives,All,survey_coverage,9,valid,0.07825887662810646,0.007165566703499718,0.06420332774176814,0.09231442551444478,1479,1507,1507,1415.0764022704343,1478.8687574952125,True,Weighted respondent linearization; clustering unavailable; approximate
EVS,2008,income_incentives,All,survey_coverage,10,valid,0.4118515474791853,0.013088856961202187,0.38617722519639724,0.43752586976197333,1479,1507,1507,1415.0764022704343,1478.8687574952125,True,Weighted respondent linearization; clustering unavailable; approximate
EVS,2008,income_incentives,18-34,survey_coverage,1,valid,0.02852545208067415,0.008222775425650253,0.012396145529084794,0.04465475863226351,407,413,1507,396.76235945114917,475.23983902858356,True,Weighted respondent linearization; clustering unavailable; approximate
EVS,2008,income_incentives,18-34,survey_coverage,2,valid,0.01861368603522143,0.006598670704252096,0.005670126578414607,0.031557245492028256,407,413,1507,396.76235945114917,475.23983902858356,True,Weighted respondent linearization; clustering unavailable; approximate
EVS,2008,income_incentives,18-34,survey_coverage,3,valid,0.039811854139843596,0.00959333287964541,0.02099414371270931,0.058629564566977876,407,413,1507,396.76235945114917,475.23983902858356,True,Weighted respondent linearization; clustering unavailable; approximate
EVS,2008,income_incentives,18-34,survey_coverage,4,valid,0.044514268950285776,0.010392608967624796,0.02412874615141143,0.06489979174916012,407,413,1507,396.76235945114917,475.23983902858356,True,Weighted respondent linearization; clustering unavailable; approximate
EVS,2008,income_incentives,18-34,survey_coverage,5,valid,0.12120198835037391,0.016156311963071903,0.08951072902416048,0.15289324767658735,407,413,1507,396.76235945114917,475.23983902858356,True,Weighted respondent linearization; clustering unavailable; approximate
EVS,2008,income_incentives,18-34,survey_coverage,6,valid,0.02751416158281026,0.007549082082226401,0.01270633177056517,0.04232199139505535,407,413,1507,396.76235945114917,475.23983902858356,True,Weighted respondent linearization; clustering unavailable; approximate
EVS,2008,income_incentives,18-34,survey_coverage,7,valid,0.09964321357713987,0.015456850758342824,0.069323975692352,0.12996245146192775,407,413,1507,396.76235945114917,475.23983902858356,True,Weighted respondent linearization; clustering unavailable; approximate
EVS,2008,income_incentives,18-34,survey_coverage,8,valid,0.14661280653998524,0.017841977345364423,0.11161504639294365,0.18161056668702683,407,413,1507,396.76235945114917,475.23983902858356,True,Weighted respondent linearization; clustering unavailable; approximate
EVS,2008,income_incentives,18-34,survey_coverage,9,valid,0.09283802137699514,0.014708000151952142,0.06398768424245045,0.12168835851153982,407,413,1507,396.76235945114917,475.23983902858356,True,Weighted respondent linearization; clustering unavailable; approximate
EVS,2008,income_incentives,18-34,survey_coverage,10,valid,0.38072454736667055,0.024412545304841205,0.3328383524332598,0.4286107423000813,407,413,1507,396.76235945114917,475.23983902858356,True,Weighted respondent linearization; clustering unavailable; approximate
EVS,2008,income_incentives,35-54,survey_coverage,1,valid,0.0277716217756551,0.007199682911577118,0.0136491525674092,0.041894090983901,515,526,1507,497.5577765652001,518.8009257868289,True,Weighted respondent linearization; clustering unavailable; approximate
EVS,2008,income_incentives,35-54,survey_coverage,2,valid,0.03277265912952782,0.007960826005289887,0.0171571769600107,0.048388141299044944,515,526,1507,497.5577765652001,518.8009257868289,True,Weighted respondent linearization; clustering unavailable; approximate
EVS,2008,income_incentives,35-54,survey_coverage,3,valid,0.02577084505707047,0.006890012715498797,0.012255806462441633,0.039285883651699306,515,526,1507,497.5577765652001,518.8009257868289,True,Weighted respondent linearization; clustering unavailable; approximate
EVS,2008,income_incentives,35-54,survey_coverage,4,valid,0.04577465554246422,0.009290696084834776,0.027550579427908176,0.06399873165702026,515,526,1507,497.5577765652001,518.8009257868289,True,Weighted respondent linearization; clustering unavailable; approximate
EVS,2008,income_incentives,35-54,survey_coverage,5,valid,0.0765420327195217,0.01184557298656732,0.05330646223518476,0.09977760320385864,515,526,1507,497.5577765652001,518.8009257868289,True,Weighted respondent linearization; clustering unavailable; approximate
EVS,2008,income_incentives,35-54,survey_coverage,6,valid,0.05253673346033923,0.010221200905394615,0.03248743450779544,0.07258603241288301,515,526,1507,497.5577765652001,518.8009257868289,True,Weighted respondent linearization; clustering unavailable; approximate
EVS,2008,income_incentives,35-54,survey_coverage,7,valid,0.11946436477995176,0.014493107186785963,0.091035548887509,0.14789318067239451,515,526,1507,497.5577765652001,518.8009257868289,True,Weighted respondent linearization; clustering unavailable; approximate
EVS,2008,income_incentives,35-54,survey_coverage,8,valid,0.12209517483968524,0.014848237474832611,0.09296975652468445,0.15122059315468603,515,526,1507,497.5577765652001,518.8009257868289,True,Weighted respondent linearization; clustering unavailable; approximate
EVS,2008,income_incentives,35-54,survey_coverage,9,valid,0.0911906151989424,0.012629721926737806,0.06641690485508066,0.11596432554280416,515,526,1507,497.5577765652001,518.8009257868289,True,Weighted respondent linearization; clustering unavailable; approximate
EVS,2008,income_incentives,35-54,survey_coverage,10,valid,0.40608129749684196,0.022064009089997543,0.3628018513308314,0.4493607436628525,515,526,1507,497.5577765652001,518.8009257868289,True,Weighted respondent linearization; clustering unavailable; approximate
EVS,2008,income_incentives,55+,survey_coverage,1,valid,0.03185452265366858,0.007519883999217374,0.017103966062105437,0.046605079245231724,557,568,1507,539.9340358544256,484.8279926798001,True,Weighted respondent linearization; clustering unavailable; approximate
EVS,2008,income_incentives,55+,survey_coverage,2,valid,0.02453730378034996,0.006623848516741233,0.011544357026077985,0.03753025053462194,557,568,1507,539.9340358544256,484.8279926798001,True,Weighted respondent linearization; clustering unavailable; approximate
EVS,2008,income_incentives,55+,survey_coverage,3,valid,0.051441832635882506,0.00957795843828514,0.0326542797972658,0.07022938547449921,557,568,1507,539.9340358544256,484.8279926798001,True,Weighted respondent linearization; clustering unavailable; approximate
EVS,2008,income_incentives,55+,survey_coverage,4,valid,0.0480184645998676,0.009110648928975389,0.030147558263187157,0.06588937093654804,557,568,1507,539.9340358544256,484.8279926798001,True,Weighted respondent linearization; clustering unavailable; approximate
EVS,2008,income_incentives,55+,survey_coverage,5,valid,0.09819785105357628,0.012897085001709203,0.07289969722517803,0.12349600488197454,557,568,1507,539.9340358544256,484.8279926798001,True,Weighted respondent linearization; clustering unavailable; approximate
EVS,2008,income_incentives,55+,survey_coverage,6,valid,0.04197462226744861,0.008301964495992105,0.02568998315173561,0.058259261383161606,557,568,1507,539.9340358544256,484.8279926798001,True,Weighted respondent linearization; clustering unavailable; approximate
EVS,2008,income_incentives,55+,survey_coverage,7,valid,0.09043081965493142,0.012271220459986302,0.06636032443699806,0.11450131487286479,557,568,1507,539.9340358544256,484.8279926798001,True,Weighted respondent linearization; clustering unavailable; approximate
EVS,2008,income_incentives,55+,survey_coverage,8,valid,0.11487687032761987,0.013871075103282938,0.08766819552384739,0.14208554513139235,557,568,1507,539.9340358544256,484.8279926798001,True,Weighted respondent linearization; clustering unavailable; approximate
EVS,2008,income_incentives,55+,survey_coverage,9,valid,0.05013016180114304,0.009207189739929985,0.03206988675936963,0.06819043684291645,557,568,1507,539.9340358544256,484.8279926798001,True,Weighted respondent linearization; clustering unavailable; approximate
EVS,2008,income_incentives,55+,survey_coverage,10,valid,0.4485375512255121,0.02142501319153949,0.40651152135727464,0.49056358109374953,557,568,1507,539.9340358544256,484.8279926798001,True,Weighted respondent linearization; clustering unavailable; approximate
EVS,2008,income_incentives,All,exclude_crimea_donetsk_luhansk,1,valid,0.03090146408276195,0.005118895792235326,0.02086054296249734,0.04094238520302656,1173,1196,1507,1123.1905486705134,1174.8628715689833,True,Weighted respondent linearization; clustering unavailable; approximate
EVS,2008,income_incentives,All,exclude_crimea_donetsk_luhansk,2,valid,0.026952867039267685,0.0047399294328956815,0.01765530375940591,0.03625043031912946,1173,1196,1507,1123.1905486705134,1174.8628715689833,True,Weighted respondent linearization; clustering unavailable; approximate
EVS,2008,income_incentives,All,exclude_crimea_donetsk_luhansk,3,valid,0.044608088298883526,0.006034318877062062,0.032771527775223144,0.05644464882254391,1173,1196,1507,1123.1905486705134,1174.8628715689833,True,Weighted respondent linearization; clustering unavailable; approximate
EVS,2008,income_incentives,All,exclude_crimea_donetsk_luhansk,4,valid,0.05126154185801684,0.006478803976564522,0.03855310583534611,0.06396997788068758,1173,1196,1507,1123.1905486705134,1174.8628715689833,True,Weighted respondent linearization; clustering unavailable; approximate
EVS,2008,income_incentives,All,exclude_crimea_donetsk_luhansk,5,valid,0.09121173796080612,0.008577874338898952,0.0743858905295938,0.10803758539201844,1173,1196,1507,1123.1905486705134,1174.8628715689833,True,Weighted respondent linearization; clustering unavailable; approximate
EVS,2008,income_incentives,All,exclude_crimea_donetsk_luhansk,6,valid,0.03672052197656119,0.005483089934856977,0.025965219316419694,0.04747582463670269,1173,1196,1507,1123.1905486705134,1174.8628715689833,True,Weighted respondent linearization; clustering unavailable; approximate
EVS,2008,income_incentives,All,exclude_crimea_donetsk_luhansk,7,valid,0.10489432372695222,0.009176174335511935,0.08689488665530258,0.12289376079860186,1173,1196,1507,1123.1905486705134,1174.8628715689833,True,Weighted respondent linearization; clustering unavailable; approximate
EVS,2008,income_incentives,All,exclude_crimea_donetsk_luhansk,8,valid,0.13697071774979472,0.01041400509129813,0.11654322558901048,0.15739820991057896,1173,1196,1507,1123.1905486705134,1174.8628715689833,True,Weighted respondent linearization; clustering unavailable; approximate
EVS,2008,income_incentives,All,exclude_crimea_donetsk_luhansk,9,valid,0.08080647512945606,0.008167209927062588,0.06478616255058504,0.09682678770832708,1173,1196,1507,1123.1905486705134,1174.8628715689833,True,Weighted respondent linearization; clustering unavailable; approximate
EVS,2008,income_incentives,All,exclude_crimea_donetsk_luhansk,10,valid,0.3956722621774997,0.014602133997786895,0.36702958578590106,0.4243149385690983,1173,1196,1507,1123.1905486705134,1174.8628715689833,True,Weighted respondent linearization; clustering unavailable; approximate
EVS,2008,income_incentives,18-34,exclude_crimea_donetsk_luhansk,1,valid,0.03212999552295459,0.009658440426019828,0.01318457401045867,0.051075417035450515,335,340,1507,326.5870800883112,390.1527101932245,True,Weighted respondent linearization; clustering unavailable; approximate
EVS,2008,income_incentives,18-34,exclude_crimea_donetsk_luhansk,2,valid,0.011336541979583113,0.005703225263452682,0.00014943496945546766,0.022523648989710758,335,340,1507,326.5870800883112,390.1527101932245,True,Weighted respondent linearization; clustering unavailable; approximate
EVS,2008,income_incentives,18-34,exclude_crimea_donetsk_luhansk,3,valid,0.044968513295657805,0.011136951137701223,0.02312293322670563,0.06681409336460997,335,340,1507,326.5870800883112,390.1527101932245,True,Weighted respondent linearization; clustering unavailable; approximate
EVS,2008,income_incentives,18-34,exclude_crimea_donetsk_luhansk,4,valid,0.04454828640355061,0.01139380222742835,0.02219888253425538,0.06689769027284584,335,340,1507,326.5870800883112,390.1527101932245,True,Weighted respondent linearization; clustering unavailable; approximate
EVS,2008,income_incentives,18-34,exclude_crimea_donetsk_luhansk,5,valid,0.10677855639887682,0.016838591373930675,0.07374897841479872,0.13980813438295492,335,340,1507,326.5870800883112,390.1527101932245,True,Weighted respondent linearization; clustering unavailable; approximate
EVS,2008,income_incentives,18-34,exclude_crimea_donetsk_luhansk,6,valid,0.023131984193840893,0.0076416998725975845,0.008142480840036138,0.03812148754764565,335,340,1507,326.5870800883112,390.1527101932245,True,Weighted respondent linearization; clustering unavailable; approximate
EVS,2008,income_incentives,18-34,exclude_crimea_donetsk_luhansk,7,valid,0.10812975211586058,0.01764664412753473,0.07351514597546444,0.14274435825625673,335,340,1507,326.5870800883112,390.1527101932245,True,Weighted respondent linearization; clustering unavailable; approximate
EVS,2008,income_incentives,18-34,exclude_crimea_donetsk_luhansk,8,valid,0.16372479420484976,0.020605033230773243,0.12330718819215172,0.2041424002175478,335,340,1507,326.5870800883112,390.1527101932245,True,Weighted respondent linearization; clustering unavailable; approximate
EVS,2008,income_incentives,18-34,exclude_crimea_donetsk_luhansk,9,valid,0.0946074795429928,0.016356787519443545,0.06252297930511201,0.1266919797808736,335,340,1507,326.5870800883112,390.1527101932245,True,Weighted respondent linearization; clustering unavailable; approximate
EVS,2008,income_incentives,18-34,exclude_crimea_donetsk_luhansk,10,valid,0.37064409634183304,0.026740650644121698,0.3181912286297264,0.4230969640539397,335,340,1507,326.5870800883112,390.1527101932245,True,Weighted respondent linearization; clustering unavailable; approximate
EVS,2008,income_incentives,35-54,exclude_crimea_donetsk_luhansk,1,valid,0.029760944162873525,0.008294853877692451,0.01349025281253044,0.04603163551321661,416,425,1507,402.02629717247777,416.5127051490696,True,Weighted respondent linearization; clustering unavailable; approximate
EVS,2008,income_incentives,35-54,exclude_crimea_donetsk_luhansk,2,valid,0.038794961583929456,0.00968018811537218,0.01980688109922585,0.057783042068633064,416,425,1507,402.02629717247777,416.5127051490696,True,Weighted respondent linearization; clustering unavailable; approximate
EVS,2008,income_incentives,35-54,exclude_crimea_donetsk_luhansk,3,valid,0.02944843444850627,0.008158650513568916,0.013444911505371936,0.0454519573916406,416,425,1507,402.02629717247777,416.5127051490696,True,Weighted respondent linearization; clustering unavailable; approximate
EVS,2008,income_incentives,35-54,exclude_crimea_donetsk_luhansk,4,valid,0.049386006203785957,0.010687466345591843,0.028422108733095464,0.07034990367447645,416,425,1507,402.02629717247777,416.5127051490696,True,Weighted respondent linearization; clustering unavailable; approximate
EVS,2008,income_incentives,35-54,exclude_crimea_donetsk_luhansk,5,valid,0.07570891161947005,0.013092532900851937,0.05002737883239276,0.10139044440654733,416,425,1507,402.02629717247777,416.5127051490696,True,Weighted respondent linearization; clustering unavailable; approximate
EVS,2008,income_incentives,35-54,exclude_crimea_donetsk_luhansk,6,valid,0.0501619653374825,0.011159965424092474,0.02827124181500579,0.07205268885995922,416,425,1507,402.02629717247777,416.5127051490696,True,Weighted respondent linearization; clustering unavailable; approximate
EVS,2008,income_incentives,35-54,exclude_crimea_donetsk_luhansk,7,valid,0.11467666649354452,0.015688252089051204,0.08390352553999493,0.14544980744709413,416,425,1507,402.02629717247777,416.5127051490696,True,Weighted respondent linearization; clustering unavailable; approximate
EVS,2008,income_incentives,35-54,exclude_crimea_donetsk_luhansk,8,valid,0.1287009825509984,0.016887203035700078,0.0955760508263554,0.1618259142756414,416,425,1507,402.02629717247777,416.5127051490696,True,Weighted respondent linearization; clustering unavailable; approximate
EVS,2008,income_incentives,35-54,exclude_crimea_donetsk_luhansk,9,valid,0.09878021878543229,0.014540164786297972,0.07025909750839354,0.12730134006247104,416,425,1507,402.02629717247777,416.5127051490696,True,Weighted respondent linearization; clustering unavailable; approximate
EVS,2008,income_incentives,35-54,exclude_crimea_donetsk_luhansk,10,valid,0.38458090881397705,0.024365283350822806,0.33678742011479135,0.43237439751316276,416,425,1507,402.02629717247777,416.5127051490696,True,Weighted respondent linearization; clustering unavailable; approximate
EVS,2008,income_incentives,55+,exclude_crimea_donetsk_luhansk,1,valid,0.03088985663201146,0.008601495171485103,0.014017675982382724,0.0477620372816402,422,431,1507,409.2033043448878,368.19745622668927,True,Weighted respondent linearization; clustering unavailable; approximate
EVS,2008,income_incentives,55+,exclude_crimea_donetsk_luhansk,2,valid,0.03010435190762533,0.00842099200498191,0.013586235519192486,0.04662246829605818,422,431,1507,409.2033043448878,368.19745622668927,True,Weighted respondent linearization; clustering unavailable; approximate
EVS,2008,income_incentives,55+,exclude_crimea_donetsk_luhansk,3,valid,0.061375090733659626,0.012023064374133379,0.03779136371431753,0.08495881775300172,422,431,1507,409.2033043448878,368.19745622668927,True,Weighted respondent linearization; clustering unavailable; approximate
EVS,2008,income_incentives,55+,exclude_crimea_donetsk_luhansk,4,valid,0.06049674753698587,0.011624257967072985,0.03769529541404304,0.0832981996599287,422,431,1507,409.2033043448878,368.19745622668927,True,Weighted respondent linearization; clustering unavailable; approximate
EVS,2008,income_incentives,55+,exclude_crimea_donetsk_luhansk,5,valid,0.0922538085338053,0.014494308878578282,0.06382263547431183,0.12068498159329877,422,431,1507,409.2033043448878,368.19745622668927,True,Weighted respondent linearization; clustering unavailable; approximate
EVS,2008,income_incentives,55+,exclude_crimea_donetsk_luhansk,6,valid,0.03591408758421936,0.00890851483777604,0.01843967544234704,0.05338849972609168,422,431,1507,409.2033043448878,368.19745622668927,True,Weighted respondent linearization; clustering unavailable; approximate
EVS,2008,income_incentives,55+,exclude_crimea_donetsk_luhansk,7,valid,0.09039997806343471,0.013841299826688129,0.06324970866890617,0.11755024745796325,422,431,1507,409.2033043448878,368.19745622668927,True,Weighted respondent linearization; clustering unavailable; approximate
EVS,2008,income_incentives,55+,exclude_crimea_donetsk_luhansk,8,valid,0.11797622025703235,0.016091702915766812,0.08641169419009526,0.14954074632396944,422,431,1507,409.2033043448878,368.19745622668927,True,Weighted respondent linearization; clustering unavailable; approximate
EVS,2008,income_incentives,55+,exclude_crimea_donetsk_luhansk,9,valid,0.04585025354379576,0.010181229951716443,0.025879359233439266,0.06582114785415225,422,431,1507,409.2033043448878,368.19745622668927,True,Weighted respondent linearization; clustering unavailable; approximate
EVS,2008,income_incentives,55+,exclude_crimea_donetsk_luhansk,10,valid,0.4347396052074301,0.024536574983096096,0.38661012104398307,0.48286908937087714,422,431,1507,409.2033043448878,368.19745622668927,True,Weighted respondent linearization; clustering unavailable; approximate
EVS,2020,private_ownership,All,survey_coverage,1,valid,0.18438626211938156,0.02861851973239715,0.12825282093184964,0.24051970330691347,1435,1612,1612,221.68043020421408,1400.957821228969,True,Weighted respondent linearization; clustering unavailable; approximate
EVS,2020,private_ownership,All,survey_coverage,2,valid,0.1190699197194296,0.02245095325654325,0.07503377543194037,0.16310606400691882,1435,1612,1612,221.68043020421408,1400.957821228969,True,Weighted respondent linearization; clustering unavailable; approximate
EVS,2020,private_ownership,All,survey_coverage,3,valid,0.09867158476511949,0.01930149562601511,0.06081290515186856,0.1365302643783704,1435,1612,1612,221.68043020421408,1400.957821228969,True,Weighted respondent linearization; clustering unavailable; approximate
EVS,2020,private_ownership,All,survey_coverage,4,valid,0.08383537657825899,0.016705910929808238,0.051067774430026275,0.1166029787264917,1435,1612,1612,221.68043020421408,1400.957821228969,True,Weighted respondent linearization; clustering unavailable; approximate
EVS,2020,private_ownership,All,survey_coverage,5,valid,0.11266274356172343,0.022917950760990444,0.06771061280128832,0.15761487432215854,1435,1612,1612,221.68043020421408,1400.957821228969,True,Weighted respondent linearization; clustering unavailable; approximate
EVS,2020,private_ownership,All,survey_coverage,6,valid,0.21889873233076418,0.02801227102716029,0.16395441015982162,0.27384305450170676,1435,1612,1612,221.68043020421408,1400.957821228969,True,Weighted respondent linearization; clustering unavailable; approximate
EVS,2020,private_ownership,All,survey_coverage,7,valid,0.04288765264305974,0.011551081205092545,0.020230927433598465,0.06554437785252101,1435,1612,1612,221.68043020421408,1400.957821228969,True,Weighted respondent linearization; clustering unavailable; approximate
EVS,2020,private_ownership,All,survey_coverage,8,valid,0.07000539661685794,0.015261713321679873,0.04007049798568646,0.09994029524802941,1435,1612,1612,221.68043020421408,1400.957821228969,True,Weighted respondent linearization; clustering unavailable; approximate
EVS,2020,private_ownership,All,survey_coverage,9,valid,0.03452738230363473,0.011495939784249499,0.011978813551349894,0.05707595105591957,1435,1612,1612,221.68043020421408,1400.957821228969,True,Weighted respondent linearization; clustering unavailable; approximate
EVS,2020,private_ownership,All,survey_coverage,10,valid,0.03505494936177029,0.0066779202743284275,0.02195662532267985,0.04815327340086073,1435,1612,1612,221.68043020421408,1400.957821228969,True,Weighted respondent linearization; clustering unavailable; approximate
EVS,2020,private_ownership,18-34,survey_coverage,1,valid,0.16384723673178841,0.05406521754747459,0.057801685184385734,0.2698927882791911,399,441,1612,61.62708567584358,384.5838790795098,True,Weighted respondent linearization; clustering unavailable; approximate
EVS,2020,private_ownership,18-34,survey_coverage,2,valid,0.09624557359014085,0.04394895219967782,0.010042445454148202,0.1824487017261335,399,441,1612,61.62708567584358,384.5838790795098,True,Weighted respondent linearization; clustering unavailable; approximate
EVS,2020,private_ownership,18-34,survey_coverage,3,valid,0.09180430875844467,0.038624286086103236,0.016045181043313303,0.16756343647357602,399,441,1612,61.62708567584358,384.5838790795098,True,Weighted respondent linearization; clustering unavailable; approximate
EVS,2020,private_ownership,18-34,survey_coverage,4,valid,0.08059649406563625,0.030832007572551248,0.02012143456044025,0.14107155357083226,399,441,1612,61.62708567584358,384.5838790795098,True,Weighted respondent linearization; clustering unavailable; approximate
EVS,2020,private_ownership,18-34,survey_coverage,5,valid,0.12018677089229753,0.046849079200930205,0.028295224557760332,0.21207831722683473,399,441,1612,61.62708567584358,384.5838790795098,True,Weighted respondent linearization; clustering unavailable; approximate
EVS,2020,private_ownership,18-34,survey_coverage,6,valid,0.256479258484127,0.05708996809681225,0.14450084742282038,0.36845766954543363,399,441,1612,61.62708567584358,384.5838790795098,True,Weighted respondent linearization; clustering unavailable; approximate
EVS,2020,private_ownership,18-34,survey_coverage,7,valid,0.05676653260149522,0.015148814532982722,0.027053077901551995,0.08647998730143845,399,441,1612,61.62708567584358,384.5838790795098,True,Weighted respondent linearization; clustering unavailable; approximate
EVS,2020,private_ownership,18-34,survey_coverage,8,valid,0.06708670127165253,0.015048283002449075,0.037570432897538544,0.09660296964576652,399,441,1612,61.62708567584358,384.5838790795098,True,Weighted respondent linearization; clustering unavailable; approximate
EVS,2020,private_ownership,18-34,survey_coverage,9,valid,0.027277971103397972,0.009065643406940896,0.009496277089553612,0.04505966511724233,399,441,1612,61.62708567584358,384.5838790795098,True,Weighted respondent linearization; clustering unavailable; approximate
EVS,2020,private_ownership,18-34,survey_coverage,10,valid,0.03970915250101954,0.012188198954785167,0.015802760569927736,0.06361554443211134,399,441,1612,61.62708567584358,384.5838790795098,True,Weighted respondent linearization; clustering unavailable; approximate
EVS,2020,private_ownership,35-54,survey_coverage,1,valid,0.1604771177484817,0.04887581488031496,0.06461025580974056,0.25634397968722283,561,637,1612,74.13240290298266,474.42704803447515,True,Weighted respondent linearization; clustering unavailable; approximate
EVS,2020,private_ownership,35-54,survey_coverage,2,valid,0.07003526971006033,0.02799601851310803,0.015122825831574288,0.12494771358854637,561,637,1612,74.13240290298266,474.42704803447515,True,Weighted respondent linearization; clustering unavailable; approximate
EVS,2020,private_ownership,35-54,survey_coverage,3,valid,0.10142205284027767,0.03199178058025549,0.03867217092890546,0.16417193475164987,561,637,1612,74.13240290298266,474.42704803447515,True,Weighted respondent linearization; clustering unavailable; approximate
EVS,2020,private_ownership,35-54,survey_coverage,4,valid,0.10298744111532153,0.03227743956762309,0.03967725692007762,0.16629762531056544,561,637,1612,74.13240290298266,474.42704803447515,True,Weighted respondent linearization; clustering unavailable; approximate
EVS,2020,private_ownership,35-54,survey_coverage,5,valid,0.09724827892836416,0.03465659582829608,0.02927152814326088,0.16522502971346742,561,637,1612,74.13240290298266,474.42704803447515,True,Weighted respondent linearization; clustering unavailable; approximate
EVS,2020,private_ownership,35-54,survey_coverage,6,valid,0.2318366226222976,0.05021633000158357,0.13334042389659662,0.3303328213479986,561,637,1612,74.13240290298266,474.42704803447515,True,Weighted respondent linearization; clustering unavailable; approximate
EVS,2020,private_ownership,35-54,survey_coverage,7,valid,0.047866551793053914,0.02802128250229109,0.0,0.10282854941031577,561,637,1612,74.13240290298266,474.42704803447515,True,Weighted respondent linearization; clustering unavailable; approximate
EVS,2020,private_ownership,35-54,survey_coverage,8,valid,0.11602518466574929,0.0381503595116874,0.041195634362061195,0.1908547349694374,561,637,1612,74.13240290298266,474.42704803447515,True,Weighted respondent linearization; clustering unavailable; approximate
EVS,2020,private_ownership,35-54,survey_coverage,9,valid,0.031681171016983596,0.010135976694590874,0.011800085028461266,0.05156225700550593,561,637,1612,74.13240290298266,474.42704803447515,True,Weighted respondent linearization; clustering unavailable; approximate
EVS,2020,private_ownership,35-54,survey_coverage,10,valid,0.040420309559410166,0.012502338258828646,0.015897752979933177,0.06494286613888715,561,637,1612,74.13240290298266,474.42704803447515,True,Weighted respondent linearization; clustering unavailable; approximate
EVS,2020,private_ownership,55+,survey_coverage,1,valid,0.21989181266306018,0.046647323494126314,0.12839599756158548,0.3113876277645349,475,534,1612,85.94291764012081,541.9468941149839,True,Weighted respondent linearization; clustering unavailable; approximate
EVS,2020,private_ownership,55+,survey_coverage,2,valid,0.17819239126625586,0.04156251434337222,0.09667011211571873,0.25971467041679297,475,534,1612,85.94291764012081,541.9468941149839,True,Weighted respondent linearization; clustering unavailable; approximate
EVS,2020,private_ownership,55+,survey_coverage,3,valid,0.10113704256228657,0.030924120944337316,0.04048130842450693,0.16179277670006623,475,534,1612,85.94291764012081,541.9468941149839,True,Weighted respondent linearization; clustering unavailable; approximate
EVS,2020,private_ownership,55+,survey_coverage,4,valid,0.06936784197913354,0.024134575155345447,0.022029378364084265,0.11670630559418281,475,534,1612,85.94291764012081,541.9468941149839,True,Weighted respondent linearization; clustering unavailable; approximate
EVS,2020,private_ownership,55+,survey_coverage,5,valid,0.12081745278496032,0.03835487162795612,0.04558676472299354,0.19604814084692712,475,534,1612,85.94291764012081,541.9468941149839,True,Weighted respondent linearization; clustering unavailable; approximate
EVS,2020,private_ownership,55+,survey_coverage,6,valid,0.18090432762374767,0.04011114532161066,0.10222881827074941,0.2595798369767459,475,534,1612,85.94291764012081,541.9468941149839,True,Weighted respondent linearization; clustering unavailable; approximate
EVS,2020,private_ownership,55+,survey_coverage,7,valid,0.02868013895214552,0.013201516551342914,0.002786187767726076,0.05457409013656496,475,534,1612,85.94291764012081,541.9468941149839,True,Weighted respondent linearization; clustering unavailable; approximate
EVS,2020,private_ownership,55+,survey_coverage,8,valid,0.03179030720054475,0.016486657791738735,0.0,0.06412785799580431,475,534,1612,85.94291764012081,541.9468941149839,True,Weighted respondent linearization; clustering unavailable; approximate
EVS,2020,private_ownership,55+,survey_coverage,9,valid,0.042163418867689255,0.027440135436147334,0.0,0.0959855327675638,475,534,1612,85.94291764012081,541.9468941149839,True,Weighted respondent linearization; clustering unavailable; approximate
EVS,2020,private_ownership,55+,survey_coverage,10,valid,0.027055266100176334,0.010220174895405847,0.007009030593169548,0.04710150160718312,475,534,1612,85.94291764012081,541.9468941149839,True,Weighted respondent linearization; clustering unavailable; approximate
EVS,2020,private_ownership,All,exclude_crimea_donetsk_luhansk,1,valid,0.18425899294131534,0.030481982359658433,0.12447048605609394,0.24404749982653673,1335,1488,1612,200.75303063063856,1213.717313593591,True,Weighted respondent linearization; clustering unavailable; approximate
EVS,2020,private_ownership,All,exclude_crimea_donetsk_luhansk,2,valid,0.11965213079411692,0.024533660912780756,0.07153088536144567,0.16777337622678817,1335,1488,1612,200.75303063063856,1213.717313593591,True,Weighted respondent linearization; clustering unavailable; approximate
EVS,2020,private_ownership,All,exclude_crimea_donetsk_luhansk,3,valid,0.08178553309036295,0.016910766673402352,0.048616119180288804,0.1149549470004371,1335,1488,1612,200.75303063063856,1213.717313593591,True,Weighted respondent linearization; clustering unavailable; approximate
EVS,2020,private_ownership,All,exclude_crimea_donetsk_luhansk,4,valid,0.09499485015981768,0.019113748276144624,0.05750442526136737,0.132485275058268,1335,1488,1612,200.75303063063856,1213.717313593591,True,Weighted respondent linearization; clustering unavailable; approximate
EVS,2020,private_ownership,All,exclude_crimea_donetsk_luhansk,5,valid,0.10908440588543836,0.023126135090999655,0.06372393454855098,0.15444487722232575,1335,1488,1612,200.75303063063856,1213.717313593591,True,Weighted respondent linearization; clustering unavailable; approximate
EVS,2020,private_ownership,All,exclude_crimea_donetsk_luhansk,6,valid,0.22747553524455852,0.030313020987265564,0.16801843555121376,0.2869326349379033,1335,1488,1612,200.75303063063856,1213.717313593591,True,Weighted respondent linearization; clustering unavailable; approximate
EVS,2020,private_ownership,All,exclude_crimea_donetsk_luhansk,7,valid,0.03737578519460126,0.007743892687168096,0.022186622764735153,0.05256494762446737,1335,1488,1612,200.75303063063856,1213.717313593591,True,Weighted respondent linearization; clustering unavailable; approximate
EVS,2020,private_ownership,All,exclude_crimea_donetsk_luhansk,8,valid,0.06716106768397334,0.01604350916230606,0.035692725281048436,0.09862941008689824,1335,1488,1612,200.75303063063856,1213.717313593591,True,Weighted respondent linearization; clustering unavailable; approximate
EVS,2020,private_ownership,All,exclude_crimea_donetsk_luhansk,9,valid,0.03971138858232137,0.013223786675109686,0.013773755939378202,0.06564902122526454,1335,1488,1612,200.75303063063856,1213.717313593591,True,Weighted respondent linearization; clustering unavailable; approximate
EVS,2020,private_ownership,All,exclude_crimea_donetsk_luhansk,10,valid,0.03850031042349431,0.007627304421451248,0.023539828603875296,0.05346079224311333,1335,1488,1612,200.75303063063856,1213.717313593591,True,Weighted respondent linearization; clustering unavailable; approximate
EVS,2020,private_ownership,18-34,exclude_crimea_donetsk_luhansk,1,valid,0.17519092800820774,0.0573679869415131,0.06266720032626633,0.28771465569014915,382,419,1612,60.021478137547355,357.56653620263205,True,Weighted respondent linearization; clustering unavailable; approximate
EVS,2020,private_ownership,18-34,exclude_crimea_donetsk_luhansk,2,valid,0.10351778560886574,0.04692511407976204,0.011477101602673345,0.19555846961505813,382,419,1612,60.021478137547355,357.56653620263205,True,Weighted respondent linearization; clustering unavailable; approximate
EVS,2020,private_ownership,18-34,exclude_crimea_donetsk_luhansk,3,valid,0.07241673081036806,0.034117710224154316,0.005496970521270628,0.1393364910994655,382,419,1612,60.021478137547355,357.56653620263205,True,Weighted respondent linearization; clustering unavailable; approximate
EVS,2020,private_ownership,18-34,exclude_crimea_donetsk_luhansk,4,valid,0.08605823184885428,0.03298622210012049,0.021357814931068364,0.1507586487666402,382,419,1612,60.021478137547355,357.56653620263205,True,Weighted respondent linearization; clustering unavailable; approximate
EVS,2020,private_ownership,18-34,exclude_crimea_donetsk_luhansk,5,valid,0.08965894316812621,0.03745578433744966,0.016191758740030815,0.1631261275962216,382,419,1612,60.021478137547355,357.56653620263205,True,Weighted respondent linearization; clustering unavailable; approximate
EVS,2020,private_ownership,18-34,exclude_crimea_donetsk_luhansk,6,valid,0.2720390396137195,0.060046982092995436,0.15426063006201038,0.3898174491654286,382,419,1612,60.021478137547355,357.56653620263205,True,Weighted respondent linearization; clustering unavailable; approximate
EVS,2020,private_ownership,18-34,exclude_crimea_donetsk_luhansk,7,valid,0.06001932104984299,0.016203503602337955,0.028237159533496377,0.09180148256618961,382,419,1612,60.021478137547355,357.56653620263205,True,Weighted respondent linearization; clustering unavailable; approximate
EVS,2020,private_ownership,18-34,exclude_crimea_donetsk_luhansk,8,valid,0.07215570026127768,0.016190993585149274,0.04039807636325243,0.10391332415930293,382,419,1612,60.021478137547355,357.56653620263205,True,Weighted respondent linearization; clustering unavailable; approximate
EVS,2020,private_ownership,18-34,exclude_crimea_donetsk_luhansk,9,valid,0.028855221280783133,0.009720494015344503,0.00978907864914982,0.04792136391241644,382,419,1612,60.021478137547355,357.56653620263205,True,Weighted respondent linearization; clustering unavailable; approximate
EVS,2020,private_ownership,18-34,exclude_crimea_donetsk_luhansk,10,valid,0.04008809834995455,0.012750728136966805,0.015078340519454687,0.06509785618045441,382,419,1612,60.021478137547355,357.56653620263205,True,Weighted respondent linearization; clustering unavailable; approximate
EVS,2020,private_ownership,35-54,exclude_crimea_donetsk_luhansk,1,valid,0.18234506086158755,0.054602938253899766,0.07524480369238201,0.2894453180307931,525,592,1612,69.20996026415958,414.5489051126997,True,Weighted respondent linearization; clustering unavailable; approximate
EVS,2020,private_ownership,35-54,exclude_crimea_donetsk_luhansk,2,valid,0.07905002884938717,0.031782231413346025,0.01671116455690643,0.1413888931418679,525,592,1612,69.20996026415958,414.5489051126997,True,Weighted respondent linearization; clustering unavailable; approximate
EVS,2020,private_ownership,35-54,exclude_crimea_donetsk_luhansk,3,valid,0.06618730199583582,0.016964074936594343,0.032913327252962574,0.09946127673870907,525,592,1612,69.20996026415958,414.5489051126997,True,Weighted respondent linearization; clustering unavailable; approximate
EVS,2020,private_ownership,35-54,exclude_crimea_donetsk_luhansk,4,valid,0.11444547218990493,0.03646775294371024,0.04291624970570149,0.18597469467410838,525,592,1612,69.20996026415958,414.5489051126997,True,Weighted respondent linearization; clustering unavailable; approximate
EVS,2020,private_ownership,35-54,exclude_crimea_donetsk_luhansk,5,valid,0.10965745549778452,0.039183710161222574,0.03280105235704643,0.1865138586385226,525,592,1612,69.20996026415958,414.5489051126997,True,Weighted respondent linearization; clustering unavailable; approximate
EVS,2020,private_ownership,35-54,exclude_crimea_donetsk_luhansk,6,valid,0.21725606828831995,0.051265421694273915,0.11670214165137073,0.3178099949252692,525,592,1612,69.20996026415958,414.5489051126997,True,Weighted respondent linearization; clustering unavailable; approximate
EVS,2020,private_ownership,35-54,exclude_crimea_donetsk_luhansk,7,valid,0.020476004127737674,0.005150351646148085,0.01037391066072713,0.030578097594748218,525,592,1612,69.20996026415958,414.5489051126997,True,Weighted respondent linearization; clustering unavailable; approximate
EVS,2020,private_ownership,35-54,exclude_crimea_donetsk_luhansk,8,valid,0.1309467475331019,0.043019589418656516,0.04656650651699351,0.21532698854921029,525,592,1612,69.20996026415958,414.5489051126997,True,Weighted respondent linearization; clustering unavailable; approximate
EVS,2020,private_ownership,35-54,exclude_crimea_donetsk_luhansk,9,valid,0.03625725278366546,0.01160522962572037,0.013494318825005014,0.05902018674232591,525,592,1612,69.20996026415958,414.5489051126997,True,Weighted respondent linearization; clustering unavailable; approximate
EVS,2020,private_ownership,35-54,exclude_crimea_donetsk_luhansk,10,valid,0.043378607872674994,0.014131374497695479,0.015660798332463196,0.07109641741288679,525,592,1612,69.20996026415958,414.5489051126997,True,Weighted respondent linearization; clustering unavailable; approximate
EVS,2020,private_ownership,55+,exclude_crimea_donetsk_luhansk,1,valid,0.1933981186327028,0.047434526346161285,0.10035825424389408,0.28643798302151147,428,477,1612,71.57068140905342,441.6018722782594,True,Weighted respondent linearization; clustering unavailable; approximate
EVS,2020,private_ownership,55+,exclude_crimea_donetsk_luhansk,2,valid,0.17083094195189388,0.04627417347513307,0.08006703733499859,0.2615948465687892,428,477,1612,71.57068140905342,441.6018722782594,True,Weighted respondent linearization; clustering unavailable; approximate
EVS,2020,private_ownership,55+,exclude_crimea_donetsk_luhansk,3,valid,0.104014152165082,0.03352601376815006,0.03825496756349599,0.169773336766668,428,477,1612,71.57068140905342,441.6018722782594,True,Weighted respondent linearization; clustering unavailable; approximate
EVS,2020,private_ownership,55+,exclude_crimea_donetsk_luhansk,4,valid,0.08397180266591986,0.029398525536389455,0.02630842875182663,0.1416351765800131,428,477,1612,71.57068140905342,441.6018722782594,True,Weighted respondent linearization; clustering unavailable; approximate
EVS,2020,private_ownership,55+,exclude_crimea_donetsk_luhansk,5,valid,0.12427532501352188,0.04185298182860869,0.04218331201050482,0.20636733801653895,428,477,1612,71.57068140905342,441.6018722782594,True,Weighted respondent linearization; clustering unavailable; approximate
EVS,2020,private_ownership,55+,exclude_crimea_donetsk_luhansk,6,valid,0.20098572667459713,0.04679624819838619,0.1091978050558703,0.292773648293324,428,477,1612,71.57068140905342,441.6018722782594,True,Weighted respondent linearization; clustering unavailable; approximate
EVS,2020,private_ownership,55+,exclude_crimea_donetsk_luhansk,7,valid,0.034905721062855576,0.016178291167576873,0.003173012164502109,0.06663842996120904,428,477,1612,71.57068140905342,441.6018722782594,True,Weighted respondent linearization; clustering unavailable; approximate
EVS,2020,private_ownership,55+,exclude_crimea_donetsk_luhansk,8,valid,0.003238790661085172,0.0014361666855922468,0.0004218392975971503,0.0060557420245731935,428,477,1612,71.57068140905342,441.6018722782594,True,Weighted respondent linearization; clustering unavailable; approximate
EVS,2020,private_ownership,55+,exclude_crimea_donetsk_luhansk,9,valid,0.05174419615280751,0.03342469702117018,0.0,0.11730465427548802,428,477,1612,71.57068140905342,441.6018722782594,True,Weighted respondent linearization; clustering unavailable; approximate
EVS,2020,private_ownership,55+,exclude_crimea_donetsk_luhansk,10,valid,0.03263522501953421,0.01254444400755172,0.008030080640558702,0.057240369398509724,428,477,1612,71.57068140905342,441.6018722782594,True,Weighted respondent linearization; clustering unavailable; approximate
EVS,2020,competition,All,survey_coverage,1,valid,0.11086815353556474,0.02241057644616578,0.06691120584286299,0.15482510122826648,1538,1612,1612,238.72714010387207,1587.3431455358445,True,Weighted respondent linearization; clustering unavailable; approximate
EVS,2020,competition,All,survey_coverage,2,valid,0.03188661188637822,0.010867107275208945,0.010571458873031025,0.05320176489972542,1538,1612,1612,238.72714010387207,1587.3431455358445,True,Weighted respondent linearization; clustering unavailable; approximate
EVS,2020,competition,All,survey_coverage,3,valid,0.041109017831845514,0.011549363794134987,0.018455661216842733,0.06376237444684829,1538,1612,1612,238.72714010387207,1587.3431455358445,True,Weighted respondent linearization; clustering unavailable; approximate
EVS,2020,competition,All,survey_coverage,4,valid,0.06953546301076781,0.017870060496346055,0.03448445410922334,0.10458647191231227,1538,1612,1612,238.72714010387207,1587.3431455358445,True,Weighted respondent linearization; clustering unavailable; approximate
EVS,2020,competition,All,survey_coverage,5,valid,0.08694342933199972,0.019391729122056733,0.048907762345168325,0.12497909631883111,1538,1612,1612,238.72714010387207,1587.3431455358445,True,Weighted respondent linearization; clustering unavailable; approximate
EVS,2020,competition,All,survey_coverage,6,valid,0.17345809287030975,0.023988125422642663,0.12640688127019595,0.22050930447042355,1538,1612,1612,238.72714010387207,1587.3431455358445,True,Weighted respondent linearization; clustering unavailable; approximate
EVS,2020,competition,All,survey_coverage,7,valid,0.07328068072498951,0.015519911878735906,0.042839341730978336,0.10372201971900069,1538,1612,1612,238.72714010387207,1587.3431455358445,True,Weighted respondent linearization; clustering unavailable; approximate
EVS,2020,competition,All,survey_coverage,8,valid,0.11451018964880595,0.01906310837506782,0.07711909175732237,0.15190128754028953,1538,1612,1612,238.72714010387207,1587.3431455358445,True,Weighted respondent linearization; clustering unavailable; approximate
EVS,2020,competition,All,survey_coverage,9,valid,0.07805852585357864,0.017278874587993275,0.04416709123217598,0.1119499604749813,1538,1612,1612,238.72714010387207,1587.3431455358445,True,Weighted respondent linearization; clustering unavailable; approximate
EVS,2020,competition,All,survey_coverage,10,valid,0.22034983530576022,0.026812316555800582,0.16775914897537214,0.2729405216361483,1538,1612,1612,238.72714010387207,1587.3431455358445,True,Weighted respondent linearization; clustering unavailable; approximate
EVS,2020,competition,18-34,survey_coverage,1,valid,0.08772287121818434,0.03668740486346502,0.015762815195608695,0.15968292724076,420,441,1612,64.36908686513286,423.6746310721434,True,Weighted respondent linearization; clustering unavailable; approximate
EVS,2020,competition,18-34,survey_coverage,2,valid,0.004973372139646346,0.0031810376297914575,0.0,0.011212779012430393,420,441,1612,64.36908686513286,423.6746310721434,True,Weighted respondent linearization; clustering unavailable; approximate
EVS,2020,competition,18-34,survey_coverage,3,valid,0.08119529184759569,0.03425776433086757,0.014000824164972198,0.14838975953021918,420,441,1612,64.36908686513286,423.6746310721434,True,Weighted respondent linearization; clustering unavailable; approximate
EVS,2020,competition,18-34,survey_coverage,4,valid,0.08788367087046267,0.03752404347665592,0.014282600398924955,0.1614847413420004,420,441,1612,64.36908686513286,423.6746310721434,True,Weighted respondent linearization; clustering unavailable; approximate
EVS,2020,competition,18-34,survey_coverage,5,valid,0.058470494218773976,0.03149252173236033,0.0,0.12024111104453966,420,441,1612,64.36908686513286,423.6746310721434,True,Weighted respondent linearization; clustering unavailable; approximate
EVS,2020,competition,18-34,survey_coverage,6,valid,0.12988311197864702,0.03759197389908271,0.056148800221124076,0.20361742373616998,420,441,1612,64.36908686513286,423.6746310721434,True,Weighted respondent linearization; clustering unavailable; approximate
EVS,2020,competition,18-34,survey_coverage,7,valid,0.07922906600775133,0.033034506594169726,0.014433942066949326,0.14402418994855332,420,441,1612,64.36908686513286,423.6746310721434,True,Weighted respondent linearization; clustering unavailable; approximate
EVS,2020,competition,18-34,survey_coverage,8,valid,0.13276887298210788,0.04002052300278557,0.05427111365432448,0.2112666323098913,420,441,1612,64.36908686513286,423.6746310721434,True,Weighted respondent linearization; clustering unavailable; approximate
EVS,2020,competition,18-34,survey_coverage,9,valid,0.06963986417735693,0.030184284541316823,0.010435272991961828,0.12884445536275202,420,441,1612,64.36908686513286,423.6746310721434,True,Weighted respondent linearization; clustering unavailable; approximate
EVS,2020,competition,18-34,survey_coverage,10,valid,0.26823338455947376,0.057134462695483355,0.15616770011851572,0.3802990690004318,420,441,1612,64.36908686513286,423.6746310721434,True,Weighted respondent linearization; clustering unavailable; approximate
EVS,2020,competition,35-54,survey_coverage,1,valid,0.1602933392726589,0.046726804149989885,0.06864162782283417,0.25194505072248363,615,637,1612,85.51211887550295,570.062349336285,True,Weighted respondent linearization; clustering unavailable; approximate
EVS,2020,competition,35-54,survey_coverage,2,valid,0.04537319522104215,0.021920002218010635,0.0023784782740869023,0.08836791216799739,615,637,1612,85.51211887550295,570.062349336285,True,Weighted respondent linearization; clustering unavailable; approximate
EVS,2020,competition,35-54,survey_coverage,3,valid,0.019455340449392244,0.004743833067902903,0.010150607814351382,0.028760073084433103,615,637,1612,85.51211887550295,570.062349336285,True,Weighted respondent linearization; clustering unavailable; approximate
EVS,2020,competition,35-54,survey_coverage,4,valid,0.05601360878491114,0.024118669476655252,0.008706343166391822,0.10332087440343046,615,637,1612,85.51211887550295,570.062349336285,True,Weighted respondent linearization; clustering unavailable; approximate
EVS,2020,competition,35-54,survey_coverage,5,valid,0.08109099629667339,0.028937225274678992,0.024332434069300773,0.137849558524046,615,637,1612,85.51211887550295,570.062349336285,True,Weighted respondent linearization; clustering unavailable; approximate
EVS,2020,competition,35-54,survey_coverage,6,valid,0.19664648578849217,0.043612306363663214,0.11110366745935375,0.2821893041176306,615,637,1612,85.51211887550295,570.062349336285,True,Weighted respondent linearization; clustering unavailable; approximate
EVS,2020,competition,35-54,survey_coverage,7,valid,0.056945377457509556,0.020107337925488713,0.01750608844353132,0.0963846664714878,615,637,1612,85.51211887550295,570.062349336285,True,Weighted respondent linearization; clustering unavailable; approximate
EVS,2020,competition,35-54,survey_coverage,8,valid,0.1253152932185946,0.03382295344044014,0.058973679973368054,0.19165690646382116,615,637,1612,85.51211887550295,570.062349336285,True,Weighted respondent linearization; clustering unavailable; approximate
EVS,2020,competition,35-54,survey_coverage,9,valid,0.04654966648040794,0.021591070650107708,0.0042001282846338625,0.08889920467618201,615,637,1612,85.51211887550295,570.062349336285,True,Weighted respondent linearization; clustering unavailable; approximate
EVS,2020,competition,35-54,survey_coverage,10,valid,0.21231669703031789,0.043142582156341744,0.1276952134317173,0.29693818062891847,615,637,1612,85.51211887550295,570.062349336285,True,Weighted respondent linearization; clustering unavailable; approximate
EVS,2020,competition,55+,survey_coverage,1,valid,0.07992277319765922,0.027702652830054603,0.025585747805877017,0.13425979858944143,503,534,1612,88.855075765113,593.6061651274163,True,Weighted respondent linearization; clustering unavailable; approximate
EVS,2020,competition,55+,survey_coverage,2,valid,0.03814372941408687,0.019678603645685598,0.0,0.07674208288333939,503,534,1612,88.855075765113,593.6061651274163,True,Weighted respondent linearization; clustering unavailable; approximate
EVS,2020,competition,55+,survey_coverage,3,valid,0.033293076174176504,0.01751537739999966,0.0,0.06764839630791815,503,534,1612,88.855075765113,593.6061651274163,True,Weighted respondent linearization; clustering unavailable; approximate
EVS,2020,competition,55+,survey_coverage,4,valid,0.069425339140335,0.03194435494496184,0.006768479654106735,0.13208219862656326,503,534,1612,88.855075765113,593.6061651274163,True,Weighted respondent linearization; clustering unavailable; approximate
EVS,2020,competition,55+,survey_coverage,5,valid,0.11288573402787992,0.03720115074962625,0.03991799749786272,0.18585347055789714,503,534,1612,88.855075765113,593.6061651274163,True,Weighted respondent linearization; clustering unavailable; approximate
EVS,2020,competition,55+,survey_coverage,6,valid,0.18229018478069886,0.039960548854551914,0.10391006100339557,0.26067030855800216,503,534,1612,88.855075765113,593.6061651274163,True,Weighted respondent linearization; clustering unavailable; approximate
EVS,2020,competition,55+,survey_coverage,7,valid,0.08472254541009322,0.028001595236441457,0.029799163136673294,0.13964592768351314,503,534,1612,88.855075765113,593.6061651274163,True,Weighted respondent linearization; clustering unavailable; approximate
EVS,2020,competition,55+,survey_coverage,8,valid,0.0911018686655951,0.026710775272047224,0.038710349228986765,0.1434933881022034,503,534,1612,88.855075765113,593.6061651274163,True,Weighted respondent linearization; clustering unavailable; approximate
EVS,2020,competition,55+,survey_coverage,9,valid,0.114326322658468,0.0347039348502523,0.046256719334879084,0.1823959259820569,503,534,1612,88.855075765113,593.6061651274163,True,Weighted respondent linearization; clustering unavailable; approximate
EVS,2020,competition,55+,survey_coverage,10,valid,0.19388842653100732,0.04128829396513489,0.112904013546091,0.2748728395159237,503,534,1612,88.855075765113,593.6061651274163,True,Weighted respondent linearization; clustering unavailable; approximate
EVS,2020,competition,All,exclude_crimea_donetsk_luhansk,1,valid,0.0954005846021804,0.023204002501402924,0.04988738119727661,0.14091378800708418,1422,1488,1612,213.442620848174,1343.2719394146422,True,Weighted respondent linearization; clustering unavailable; approximate
EVS,2020,competition,All,exclude_crimea_donetsk_luhansk,2,valid,0.02085541417394199,0.008653900186553919,0.0038813288017071797,0.0378294995461768,1422,1488,1612,213.442620848174,1343.2719394146422,True,Weighted respondent linearization; clustering unavailable; approximate
EVS,2020,competition,All,exclude_crimea_donetsk_luhansk,3,valid,0.048080735095411054,0.013578698860483315,0.021446964340829072,0.07471450584999303,1422,1488,1612,213.442620848174,1343.2719394146422,True,Weighted respondent linearization; clustering unavailable; approximate
EVS,2020,competition,All,exclude_crimea_donetsk_luhansk,4,valid,0.056568923495127266,0.015881387370282742,0.02541857287384773,0.0877192741164068,1422,1488,1612,213.442620848174,1343.2719394146422,True,Weighted respondent linearization; clustering unavailable; approximate
EVS,2020,competition,All,exclude_crimea_donetsk_luhansk,5,valid,0.09101964262713119,0.021415427519663924,0.04901461747483221,0.13302466777943017,1422,1488,1612,213.442620848174,1343.2719394146422,True,Weighted respondent linearization; clustering unavailable; approximate
EVS,2020,competition,All,exclude_crimea_donetsk_luhansk,6,valid,0.19987168636891992,0.027482870525160866,0.14596575025782635,0.25377762248001345,1422,1488,1612,213.442620848174,1343.2719394146422,True,Weighted respondent linearization; clustering unavailable; approximate
EVS,2020,competition,All,exclude_crimea_donetsk_luhansk,7,valid,0.06835827878300282,0.013855814346600099,0.0411809632892958,0.09553559427670985,1422,1488,1612,213.442620848174,1343.2719394146422,True,Weighted respondent linearization; clustering unavailable; approximate
EVS,2020,competition,All,exclude_crimea_donetsk_luhansk,8,valid,0.12305524373850717,0.020991693213998963,0.08188134699356803,0.1642291404834463,1422,1488,1612,213.442620848174,1343.2719394146422,True,Weighted respondent linearization; clustering unavailable; approximate
EVS,2020,competition,All,exclude_crimea_donetsk_luhansk,9,valid,0.08248877728320193,0.019576259878938903,0.04409116472806045,0.12088638983834342,1422,1488,1612,213.442620848174,1343.2719394146422,True,Weighted respondent linearization; clustering unavailable; approximate
EVS,2020,competition,All,exclude_crimea_donetsk_luhansk,10,valid,0.21430071383257626,0.027763809740775455,0.15984373297547788,0.26875769468967464,1422,1488,1612,213.442620848174,1343.2719394146422,True,Weighted respondent linearization; clustering unavailable; approximate
EVS,2020,competition,18-34,exclude_crimea_donetsk_luhansk,1,valid,0.0980336829672215,0.04144698353572769,0.01673801028888848,0.17932935564555452,401,419,1612,63.4786684507702,369.552755436196,True,Weighted respondent linearization; clustering unavailable; approximate
EVS,2020,competition,18-34,exclude_crimea_donetsk_luhansk,2,valid,0.005701734259732602,0.003645298644578401,0.0,0.012851760151700416,401,419,1612,63.4786684507702,369.552755436196,True,Weighted respondent linearization; clustering unavailable; approximate
EVS,2020,competition,18-34,exclude_crimea_donetsk_luhansk,3,valid,0.0930865344995768,0.038787036926438416,0.01700818116377735,0.16916488783537625,401,419,1612,63.4786684507702,369.552755436196,True,Weighted respondent linearization; clustering unavailable; approximate
EVS,2020,competition,18-34,exclude_crimea_donetsk_luhansk,4,valid,0.039219640809242506,0.010338199948765774,0.018941906522655767,0.059497375095829245,401,419,1612,63.4786684507702,369.552755436196,True,Weighted respondent linearization; clustering unavailable; approximate
EVS,2020,competition,18-34,exclude_crimea_donetsk_luhansk,5,valid,0.06656548568302756,0.035787328735680635,0.0,0.13676009852909637,401,419,1612,63.4786684507702,369.552755436196,True,Weighted respondent linearization; clustering unavailable; approximate
EVS,2020,competition,18-34,exclude_crimea_donetsk_luhansk,6,valid,0.14628499611980803,0.04221381770323017,0.0634852260582214,0.22908476618139464,401,419,1612,63.4786684507702,369.552755436196,True,Weighted respondent linearization; clustering unavailable; approximate
EVS,2020,competition,18-34,exclude_crimea_donetsk_luhansk,7,valid,0.05416027518957411,0.015172706108208563,0.02439995865521884,0.08392059172392938,401,419,1612,63.4786684507702,369.552755436196,True,Weighted respondent linearization; clustering unavailable; approximate
EVS,2020,competition,18-34,exclude_crimea_donetsk_luhansk,8,valid,0.1516055123398441,0.04491661270820735,0.06350437848053132,0.23970664619915688,401,419,1612,63.4786684507702,369.552755436196,True,Weighted respondent linearization; clustering unavailable; approximate
EVS,2020,competition,18-34,exclude_crimea_donetsk_luhansk,9,valid,0.07983878709936966,0.03424696297771403,0.01266550559715171,0.1470120686015876,401,419,1612,63.4786684507702,369.552755436196,True,Weighted respondent linearization; clustering unavailable; approximate
EVS,2020,competition,18-34,exclude_crimea_donetsk_luhansk,10,valid,0.26550335103260314,0.057719933104393224,0.15228930290711884,0.37871739915808744,401,419,1612,63.4786684507702,369.552755436196,True,Weighted respondent linearization; clustering unavailable; approximate
EVS,2020,competition,35-54,exclude_crimea_donetsk_luhansk,1,valid,0.15246676428337094,0.04986388409612672,0.054661866215102356,0.25027166235163956,571,592,1612,77.34200638881768,486.254288668144,True,Weighted respondent linearization; clustering unavailable; approximate
EVS,2020,competition,35-54,exclude_crimea_donetsk_luhansk,2,valid,0.032762955507389786,0.018361926475931503,0.0,0.06877872884452985,571,592,1612,77.34200638881768,486.254288668144,True,Weighted respondent linearization; clustering unavailable; approximate
EVS,2020,competition,35-54,exclude_crimea_donetsk_luhansk,3,valid,0.02143352137267075,0.005428765846325538,0.010785335819920949,0.03208170692542055,571,592,1612,77.34200638881768,486.254288668144,True,Weighted respondent linearization; clustering unavailable; approximate
EVS,2020,competition,35-54,exclude_crimea_donetsk_luhansk,4,valid,0.04191540757484386,0.017707827896542093,0.007182607797494141,0.07664820735219358,571,592,1612,77.34200638881768,486.254288668144,True,Weighted respondent linearization; clustering unavailable; approximate
EVS,2020,competition,35-54,exclude_crimea_donetsk_luhansk,5,valid,0.07657007078306077,0.02902286510405136,0.01964353137271939,0.13349661019340214,571,592,1612,77.34200638881768,486.254288668144,True,Weighted respondent linearization; clustering unavailable; approximate
EVS,2020,competition,35-54,exclude_crimea_donetsk_luhansk,6,valid,0.23031794150162918,0.04957213377103865,0.13308529349618392,0.32755058950707444,571,592,1612,77.34200638881768,486.254288668144,True,Weighted respondent linearization; clustering unavailable; approximate
EVS,2020,competition,35-54,exclude_crimea_donetsk_luhansk,7,valid,0.06647274032327927,0.02344775290312257,0.020481435710929807,0.11246404493562873,571,592,1612,77.34200638881768,486.254288668144,True,Weighted respondent linearization; clustering unavailable; approximate
EVS,2020,competition,35-54,exclude_crimea_donetsk_luhansk,8,valid,0.14367643483777914,0.039000203699651945,0.06717996817399469,0.2201729015015636,571,592,1612,77.34200638881768,486.254288668144,True,Weighted respondent linearization; clustering unavailable; approximate
EVS,2020,competition,35-54,exclude_crimea_donetsk_luhansk,9,valid,0.05174742743210152,0.025145970066483864,0.002425175791234531,0.10106967907296852,571,592,1612,77.34200638881768,486.254288668144,True,Weighted respondent linearization; clustering unavailable; approximate
EVS,2020,competition,35-54,exclude_crimea_donetsk_luhansk,10,valid,0.18263673638387468,0.04063812985582225,0.10292757974113145,0.2623458930266179,571,592,1612,77.34200638881768,486.254288668144,True,Weighted respondent linearization; clustering unavailable; approximate
EVS,2020,competition,55+,exclude_crimea_donetsk_luhansk,1,valid,0.03647994510518015,0.01980414728801691,0.0,0.07532454459725878,450,477,1612,73.22337871698922,487.46489531030227,True,Weighted respondent linearization; clustering unavailable; approximate
EVS,2020,competition,55+,exclude_crimea_donetsk_luhansk,2,valid,0.020465624313346982,0.014903273840146876,0.0,0.04969746626150123,450,477,1612,73.22337871698922,487.46489531030227,True,Weighted respondent linearization; clustering unavailable; approximate
EVS,2020,competition,55+,exclude_crimea_donetsk_luhansk,3,valid,0.0405423558971718,0.021262815798367543,0.0,0.08224804267830335,450,477,1612,73.22337871698922,487.46489531030227,True,Weighted respondent linearization; clustering unavailable; approximate
EVS,2020,competition,55+,exclude_crimea_donetsk_luhansk,4,valid,0.08433873894634637,0.038474176599842466,0.008874041624453377,0.15980343626823937,450,477,1612,73.22337871698922,487.46489531030227,True,Weighted respondent linearization; clustering unavailable; approximate
EVS,2020,competition,55+,exclude_crimea_donetsk_luhansk,5,valid,0.12397230755479764,0.04312478110949777,0.039385739599124656,0.20855887551047064,450,477,1612,73.22337871698922,487.46489531030227,True,Weighted respondent linearization; clustering unavailable; approximate
EVS,2020,competition,55+,exclude_crimea_donetsk_luhansk,6,valid,0.21012573122874317,0.046846472118777495,0.1182392985232147,0.30201216393427166,450,477,1612,73.22337871698922,487.46489531030227,True,Weighted respondent linearization; clustering unavailable; approximate
EVS,2020,competition,55+,exclude_crimea_donetsk_luhansk,7,valid,0.08100280472001468,0.02775218443293603,0.026568626179038622,0.13543698326099074,450,477,1612,73.22337871698922,487.46489531030227,True,Weighted respondent linearization; clustering unavailable; approximate
EVS,2020,competition,55+,exclude_crimea_donetsk_luhansk,8,valid,0.08084097715745468,0.024462606487546855,0.03285910054739467,0.12882285376751468,450,477,1612,73.22337871698922,487.46489531030227,True,Weighted respondent linearization; clustering unavailable; approximate
EVS,2020,competition,55+,exclude_crimea_donetsk_luhansk,9,valid,0.11516276987649562,0.03956249563158029,0.0375634026648749,0.19276213708811635,450,477,1612,73.22337871698922,487.46489531030227,True,Weighted respondent linearization; clustering unavailable; approximate
EVS,2020,competition,55+,exclude_crimea_donetsk_luhansk,10,valid,0.20706874520044896,0.04686778559285663,0.11514050744508178,0.2989969829558161,450,477,1612,73.22337871698922,487.46489531030227,True,Weighted respondent linearization; clustering unavailable; approximate
EVS,2020,individual_responsibility,All,survey_coverage,1,valid,0.17814750767048793,0.026063895563415766,0.12702480242900255,0.2292702129119733,1572,1612,1612,242.36934831243087,1607.2619229427694,True,Weighted respondent linearization; clustering unavailable; approximate
EVS,2020,individual_responsibility,All,survey_coverage,2,valid,0.09895124732936866,0.02012018694665888,0.05948675576190697,0.13841573889683034,1572,1612,1612,242.36934831243087,1607.2619229427694,True,Weighted respondent linearization; clustering unavailable; approximate
EVS,2020,individual_responsibility,All,survey_coverage,3,valid,0.11758716708203673,0.02161404980076184,0.07519255671572958,0.15998177744834388,1572,1612,1612,242.36934831243087,1607.2619229427694,True,Weighted respondent linearization; clustering unavailable; approximate
EVS,2020,individual_responsibility,All,survey_coverage,4,valid,0.07598654912597373,0.015548569932959555,0.04548899914633665,0.10648409910561081,1572,1612,1612,242.36934831243087,1607.2619229427694,True,Weighted respondent linearization; clustering unavailable; approximate
EVS,2020,individual_responsibility,All,survey_coverage,5,valid,0.07813256960850207,0.017474354814528303,0.0438577127171101,0.11240742649989403,1572,1612,1612,242.36934831243087,1607.2619229427694,True,Weighted respondent linearization; clustering unavailable; approximate
EVS,2020,individual_responsibility,All,survey_coverage,6,valid,0.11684363773328278,0.018869828650422308,0.07983164596460293,0.15385562950196263,1572,1612,1612,242.36934831243087,1607.2619229427694,True,Weighted respondent linearization; clustering unavailable; approximate
EVS,2020,individual_responsibility,All,survey_coverage,7,valid,0.06024166880390359,0.012364192220812057,0.035990077060232425,0.08449326054757475,1572,1612,1612,242.36934831243087,1607.2619229427694,True,Weighted respondent linearization; clustering unavailable; approximate
EVS,2020,individual_responsibility,All,survey_coverage,8,valid,0.11384732647526363,0.02173971939828948,0.07120622303287005,0.1564884299176572,1572,1612,1612,242.36934831243087,1607.2619229427694,True,Weighted respondent linearization; clustering unavailable; approximate
EVS,2020,individual_responsibility,All,survey_coverage,9,valid,0.07204260434318395,0.016122179256911093,0.04041995545725356,0.10366525322911434,1572,1612,1612,242.36934831243087,1607.2619229427694,True,Weighted respondent linearization; clustering unavailable; approximate
EVS,2020,individual_responsibility,All,survey_coverage,10,valid,0.08821972182799696,0.017385910781928676,0.054118342389273495,0.12232110126672044,1572,1612,1612,242.36934831243087,1607.2619229427694,True,Weighted respondent linearization; clustering unavailable; approximate
EVS,2020,individual_responsibility,18-34,survey_coverage,1,valid,0.16338173584108356,0.04915859808658911,0.06696021228368988,0.25980325939847726,430,441,1612,65.16108331646906,426.3394938144345,True,Weighted respondent linearization; clustering unavailable; approximate
EVS,2020,individual_responsibility,18-34,survey_coverage,2,valid,0.10127305040460192,0.04082939589914946,0.021188737349344247,0.1813573634598596,430,441,1612,65.16108331646906,426.3394938144345,True,Weighted respondent linearization; clustering unavailable; approximate
EVS,2020,individual_responsibility,18-34,survey_coverage,3,valid,0.12934168834460483,0.04768578672507226,0.03580899239657365,0.222874384292636,430,441,1612,65.16108331646906,426.3394938144345,True,Weighted respondent linearization; clustering unavailable; approximate
EVS,2020,individual_responsibility,18-34,survey_coverage,4,valid,0.08323972921628771,0.03536123497102502,0.013880872709202186,0.15259858572337323,430,441,1612,65.16108331646906,426.3394938144345,True,Weighted respondent linearization; clustering unavailable; approximate
EVS,2020,individual_responsibility,18-34,survey_coverage,5,valid,0.07029696492624865,0.02412247136059205,0.02298224214955471,0.11761168770294259,430,441,1612,65.16108331646906,426.3394938144345,True,Weighted respondent linearization; clustering unavailable; approximate
EVS,2020,individual_responsibility,18-34,survey_coverage,6,valid,0.07529464228819412,0.022494162090305587,0.03117374656871401,0.11941553800767422,430,441,1612,65.16108331646906,426.3394938144345,True,Weighted respondent linearization; clustering unavailable; approximate
EVS,2020,individual_responsibility,18-34,survey_coverage,7,valid,0.056740017480943525,0.013871813798475473,0.029531320060453527,0.08394871490143352,430,441,1612,65.16108331646906,426.3394938144345,True,Weighted respondent linearization; clustering unavailable; approximate
EVS,2020,individual_responsibility,18-34,survey_coverage,8,valid,0.08707802181927415,0.0326911591676287,0.02295635243708838,0.15119969120145993,430,441,1612,65.16108331646906,426.3394938144345,True,Weighted respondent linearization; clustering unavailable; approximate
EVS,2020,individual_responsibility,18-34,survey_coverage,9,valid,0.11326250677120643,0.0399232440509359,0.03495555403906456,0.1915694595033483,430,441,1612,65.16108331646906,426.3394938144345,True,Weighted respondent linearization; clustering unavailable; approximate
EVS,2020,individual_responsibility,18-34,survey_coverage,10,valid,0.12009164290755506,0.043393961438197244,0.03497709452902367,0.20520619128608644,430,441,1612,65.16108331646906,426.3394938144345,True,Weighted respondent linearization; clustering unavailable; approximate
EVS,2020,individual_responsibility,35-54,survey_coverage,1,valid,0.18748379925068115,0.04669895186880442,0.0958867183129333,0.279080880188429,622,637,1612,85.4849644957109,569.8544600246307,True,Weighted respondent linearization; clustering unavailable; approximate
EVS,2020,individual_responsibility,35-54,survey_coverage,2,valid,0.10479741163637613,0.03464259092328953,0.03684813059879555,0.1727466926739567,622,637,1612,85.4849644957109,569.8544600246307,True,Weighted respondent linearization; clustering unavailable; approximate
EVS,2020,individual_responsibility,35-54,survey_coverage,3,valid,0.11725784778735716,0.036893780065208805,0.04489299968056566,0.18962269589414865,622,637,1612,85.4849644957109,569.8544600246307,True,Weighted respondent linearization; clustering unavailable; approximate
EVS,2020,individual_responsibility,35-54,survey_coverage,4,valid,0.06139561573091606,0.014901917501466898,0.032166434156472065,0.09062479730536005,622,637,1612,85.4849644957109,569.8544600246307,True,Weighted respondent linearization; clustering unavailable; approximate
EVS,2020,individual_responsibility,35-54,survey_coverage,5,valid,0.028693832659457807,0.009217762720998633,0.0106137661005275,0.046773899218388114,622,637,1612,85.4849644957109,569.8544600246307,True,Weighted respondent linearization; clustering unavailable; approximate
EVS,2020,individual_responsibility,35-54,survey_coverage,6,valid,0.1640759439906653,0.04105286211061934,0.08355331590177767,0.24459857207955293,622,637,1612,85.4849644957109,569.8544600246307,True,Weighted respondent linearization; clustering unavailable; approximate
EVS,2020,individual_responsibility,35-54,survey_coverage,7,valid,0.07715055989881715,0.02724786183521715,0.023705578672842287,0.13059554112479202,622,637,1612,85.4849644957109,569.8544600246307,True,Weighted respondent linearization; clustering unavailable; approximate
EVS,2020,individual_responsibility,35-54,survey_coverage,8,valid,0.14433260363463052,0.041917546681553806,0.062113950700217094,0.22655125656904396,622,637,1612,85.4849644957109,569.8544600246307,True,Weighted respondent linearization; clustering unavailable; approximate
EVS,2020,individual_responsibility,35-54,survey_coverage,9,valid,0.060758689926231235,0.02284807758583969,0.015943611040057495,0.10557376881240498,622,637,1612,85.4849644957109,569.8544600246307,True,Weighted respondent linearization; clustering unavailable; approximate
EVS,2020,individual_responsibility,35-54,survey_coverage,10,valid,0.05405369548486751,0.013321833317048181,0.027923750470063294,0.08018364049967174,622,637,1612,85.4849644957109,569.8544600246307,True,Weighted respondent linearization; clustering unavailable; approximate
EVS,2020,individual_responsibility,55+,survey_coverage,1,valid,0.1797429182299616,0.04025780986979289,0.10077973551486546,0.25870610094505775,520,534,1612,91.73908316141568,611.0679691037042,True,Weighted respondent linearization; clustering unavailable; approximate
EVS,2020,individual_responsibility,55+,survey_coverage,2,valid,0.09187946584071498,0.03070900239691486,0.031645673314276465,0.1521132583671535,520,534,1612,91.73908316141568,611.0679691037042,True,Weighted respondent linearization; clustering unavailable; approximate
EVS,2020,individual_responsibility,55+,survey_coverage,3,valid,0.10969319649257137,0.030472120559521285,0.049924032913124625,0.1694623600720181,520,534,1612,91.73908316141568,611.0679691037042,True,Weighted respondent linearization; clustering unavailable; approximate
EVS,2020,individual_responsibility,55+,survey_coverage,4,valid,0.08453288375141084,0.029213524615036582,0.0272323776039074,0.14183338989891428,520,534,1612,91.73908316141568,611.0679691037042,True,Weighted respondent linearization; clustering unavailable; approximate
EVS,2020,individual_responsibility,55+,survey_coverage,5,valid,0.12970377621025272,0.04026128584191186,0.050733775592681746,0.2086737768278237,520,534,1612,91.73908316141568,611.0679691037042,True,Weighted respondent linearization; clustering unavailable; approximate
EVS,2020,individual_responsibility,55+,survey_coverage,6,valid,0.10178547210081164,0.02577068001206049,0.05123789087206962,0.15233305332955366,520,534,1612,91.73908316141568,611.0679691037042,True,Weighted respondent linearization; clustering unavailable; approximate
EVS,2020,individual_responsibility,55+,survey_coverage,7,valid,0.04691628576360888,0.017572930732929457,0.012448078357591444,0.08138449316962632,520,534,1612,91.73908316141568,611.0679691037042,True,Weighted respondent linearization; clustering unavailable; approximate
EVS,2020,individual_responsibility,55+,survey_coverage,8,valid,0.10409495904829096,0.03437364932829643,0.0366731901722963,0.17151672792428563,520,534,1612,91.73908316141568,611.0679691037042,True,Weighted respondent linearization; clustering unavailable; approximate
EVS,2020,individual_responsibility,55+,survey_coverage,9,valid,0.0538065259646172,0.023331399659308055,0.008043440981714431,0.09956961094751997,520,534,1612,91.73908316141568,611.0679691037042,True,Weighted respondent linearization; clustering unavailable; approximate
EVS,2020,individual_responsibility,55+,survey_coverage,10,valid,0.0978445165977598,0.031001221043846033,0.037037555424417376,0.15865147777110222,520,534,1612,91.73908316141568,611.0679691037042,True,Weighted respondent linearization; clustering unavailable; approximate
EVS,2020,individual_responsibility,All,exclude_crimea_donetsk_luhansk,1,valid,0.16357290566986404,0.027116826929372704,0.11038494123754278,0.2167608701021853,1452,1488,1612,216.94379712374578,1362.531561141465,True,Weighted respondent linearization; clustering unavailable; approximate
EVS,2020,individual_responsibility,All,exclude_crimea_donetsk_luhansk,2,valid,0.10600261171572982,0.02285902801218993,0.061166054251374634,0.150839169180085,1452,1488,1612,216.94379712374578,1362.531561141465,True,Weighted respondent linearization; clustering unavailable; approximate
EVS,2020,individual_responsibility,All,exclude_crimea_donetsk_luhansk,3,valid,0.12313231666991863,0.023744875499186795,0.0765582246203567,0.16970640871948056,1452,1488,1612,216.94379712374578,1362.531561141465,True,Weighted respondent linearization; clustering unavailable; approximate
EVS,2020,individual_responsibility,All,exclude_crimea_donetsk_luhansk,4,valid,0.0744660891087695,0.015254806810218123,0.04454473716899138,0.10438744104854764,1452,1488,1612,216.94379712374578,1362.531561141465,True,Weighted respondent linearization; clustering unavailable; approximate
EVS,2020,individual_responsibility,All,exclude_crimea_donetsk_luhansk,5,valid,0.07872866268248792,0.01866305485706061,0.04212224481061771,0.11533508055435812,1452,1488,1612,216.94379712374578,1362.531561141465,True,Weighted respondent linearization; clustering unavailable; approximate
EVS,2020,individual_responsibility,All,exclude_crimea_donetsk_luhansk,6,valid,0.10806980679949411,0.018114903819946425,0.0725385529924131,0.14360106060657513,1452,1488,1612,216.94379712374578,1362.531561141465,True,Weighted respondent linearization; clustering unavailable; approximate
EVS,2020,individual_responsibility,All,exclude_crimea_donetsk_luhansk,7,valid,0.06626923567190898,0.013933464906198442,0.038939613449511926,0.09359885789430604,1452,1488,1612,216.94379712374578,1362.531561141465,True,Weighted respondent linearization; clustering unavailable; approximate
EVS,2020,individual_responsibility,All,exclude_crimea_donetsk_luhansk,8,valid,0.1192526471131449,0.02374953421532606,0.07266941728249374,0.16583587694379606,1452,1488,1612,216.94379712374578,1362.531561141465,True,Weighted respondent linearization; clustering unavailable; approximate
EVS,2020,individual_responsibility,All,exclude_crimea_donetsk_luhansk,9,valid,0.08175998408564966,0.018634905571605517,0.045208779281203613,0.1183111888900957,1452,1488,1612,216.94379712374578,1362.531561141465,True,Weighted respondent linearization; clustering unavailable; approximate
EVS,2020,individual_responsibility,All,exclude_crimea_donetsk_luhansk,10,valid,0.07874574048303251,0.015309585279887971,0.04871694399216271,0.10877453697390231,1452,1488,1612,216.94379712374578,1362.531561141465,True,Weighted respondent linearization; clustering unavailable; approximate
EVS,2020,individual_responsibility,18-34,exclude_crimea_donetsk_luhansk,1,valid,0.1847407865819645,0.05480523488727505,0.07724373718597048,0.2922378359779585,409,419,1612,64.18857944190059,371.67401918610324,True,Weighted respondent linearization; clustering unavailable; approximate
EVS,2020,individual_responsibility,18-34,exclude_crimea_donetsk_luhansk,2,valid,0.11570271907914978,0.04607476987623539,0.02532993218238709,0.20607550597591245,409,419,1612,64.18857944190059,371.67401918610324,True,Weighted respondent linearization; clustering unavailable; approximate
EVS,2020,individual_responsibility,18-34,exclude_crimea_donetsk_luhansk,3,valid,0.14715672930167972,0.05351167988088268,0.042196907356760516,0.25211655124659893,409,419,1612,64.18857944190059,371.67401918610324,True,Weighted respondent linearization; clustering unavailable; approximate
EVS,2020,individual_responsibility,18-34,exclude_crimea_donetsk_luhansk,4,valid,0.05802268641284631,0.021725379018424047,0.015409710730983676,0.10063566209470895,409,419,1612,64.18857944190059,371.67401918610324,True,Weighted respondent linearization; clustering unavailable; approximate
EVS,2020,individual_responsibility,18-34,exclude_crimea_donetsk_luhansk,5,valid,0.055915351208450134,0.013917959104671198,0.02861614264847286,0.08321455976842741,409,419,1612,64.18857944190059,371.67401918610324,True,Weighted respondent linearization; clustering unavailable; approximate
EVS,2020,individual_responsibility,18-34,exclude_crimea_donetsk_luhansk,6,valid,0.08131471887742002,0.025291356367139504,0.0317073010772395,0.13092213667760055,409,419,1612,64.18857944190059,371.67401918610324,True,Weighted respondent linearization; clustering unavailable; approximate
EVS,2020,individual_responsibility,18-34,exclude_crimea_donetsk_luhansk,7,valid,0.064619808424619,0.015802052752818554,0.0336250677064792,0.09561454914275878,409,419,1612,64.18857944190059,371.67401918610324,True,Weighted respondent linearization; clustering unavailable; approximate
EVS,2020,individual_responsibility,18-34,exclude_crimea_donetsk_luhansk,8,valid,0.09988537758460495,0.03700890172632133,0.02729472552100866,0.17247602964820125,409,419,1612,64.18857944190059,371.67401918610324,True,Weighted respondent linearization; clustering unavailable; approximate
EVS,2020,individual_responsibility,18-34,exclude_crimea_donetsk_luhansk,9,valid,0.12992105262222103,0.04496609146599711,0.041722869266065166,0.2181192359783769,409,419,1612,64.18857944190059,371.67401918610324,True,Weighted respondent linearization; clustering unavailable; approximate
EVS,2020,individual_responsibility,18-34,exclude_crimea_donetsk_luhansk,10,valid,0.06272076990704449,0.015786432124383715,0.03175666807714066,0.09368487173694832,409,419,1612,64.18857944190059,371.67401918610324,True,Weighted respondent linearization; clustering unavailable; approximate
EVS,2020,individual_responsibility,35-54,exclude_crimea_donetsk_luhansk,1,valid,0.16314145155195042,0.04780887804556347,0.06936731965740288,0.25691558344649795,578,592,1612,77.33453585001745,486.1087161464436,True,Weighted respondent linearization; clustering unavailable; approximate
EVS,2020,individual_responsibility,35-54,exclude_crimea_donetsk_luhansk,2,valid,0.12200584183503936,0.04000940156169534,0.04352989652018174,0.20048178714989698,578,592,1612,77.33453585001745,486.1087161464436,True,Weighted respondent linearization; clustering unavailable; approximate
EVS,2020,individual_responsibility,35-54,exclude_crimea_donetsk_luhansk,3,valid,0.1095283195852403,0.03773972451451928,0.03550420421245065,0.18355243495802995,578,592,1612,77.33453585001745,486.1087161464436,True,Weighted respondent linearization; clustering unavailable; approximate
EVS,2020,individual_responsibility,35-54,exclude_crimea_donetsk_luhansk,4,valid,0.06973940102998667,0.01737072755268364,0.035667802548273994,0.10381099951169935,578,592,1612,77.33453585001745,486.1087161464436,True,Weighted respondent linearization; clustering unavailable; approximate
EVS,2020,individual_responsibility,35-54,exclude_crimea_donetsk_luhansk,5,valid,0.033078814047988056,0.010790007267283555,0.011914887890568656,0.05424274020540745,578,592,1612,77.33453585001745,486.1087161464436,True,Weighted respondent linearization; clustering unavailable; approximate
EVS,2020,individual_responsibility,35-54,exclude_crimea_donetsk_luhansk,6,valid,0.14296534218448406,0.03826443599242739,0.06791203798009195,0.2180186463888762,578,592,1612,77.33453585001745,486.1087161464436,True,Weighted respondent linearization; clustering unavailable; approximate
EVS,2020,individual_responsibility,35-54,exclude_crimea_donetsk_luhansk,7,valid,0.07783278870611872,0.0297355182422346,0.019508424621636926,0.1361571527906005,578,592,1612,77.33453585001745,486.1087161464436,True,Weighted respondent linearization; clustering unavailable; approximate
EVS,2020,individual_responsibility,35-54,exclude_crimea_donetsk_luhansk,8,valid,0.14938562357499105,0.045800244341358744,0.05955130138956104,0.23921994576042105,578,592,1612,77.33453585001745,486.1087161464436,True,Weighted respondent linearization; clustering unavailable; approximate
EVS,2020,individual_responsibility,35-54,exclude_crimea_donetsk_luhansk,9,valid,0.07079592979695667,0.026602085972343478,0.01861759764151047,0.12297426195240288,578,592,1612,77.33453585001745,486.1087161464436,True,Weighted respondent linearization; clustering unavailable; approximate
EVS,2020,individual_responsibility,35-54,exclude_crimea_donetsk_luhansk,10,valid,0.06152648768724461,0.015543253788195703,0.03103936499393249,0.09201361038055673,578,592,1612,77.33453585001745,486.1087161464436,True,Weighted respondent linearization; clustering unavailable; approximate
EVS,2020,individual_responsibility,55+,exclude_crimea_donetsk_luhansk,1,valid,0.14840136414790886,0.039696239602445345,0.07053966648059229,0.22626306181522543,465,477,1612,76.05611286452012,504.74882580891835,True,Weighted respondent linearization; clustering unavailable; approximate
EVS,2020,individual_responsibility,55+,exclude_crimea_donetsk_luhansk,2,valid,0.08344765575412345,0.033965418835833684,0.01682660552304438,0.15006870598520253,465,477,1612,76.05611286452012,504.74882580891835,True,Weighted respondent linearization; clustering unavailable; approximate
EVS,2020,individual_responsibility,55+,exclude_crimea_donetsk_luhansk,3,valid,0.11854344330220531,0.03459856685953416,0.05068051271939164,0.186406373885019,465,477,1612,76.05611286452012,504.74882580891835,True,Weighted respondent linearization; clustering unavailable; approximate
EVS,2020,individual_responsibility,55+,exclude_crimea_donetsk_luhansk,4,valid,0.09112639501282853,0.03374303543940979,0.02494153594121437,0.1573112540844427,465,477,1612,76.05611286452012,504.74882580891835,True,Weighted respondent linearization; clustering unavailable; approximate
EVS,2020,individual_responsibility,55+,exclude_crimea_donetsk_luhansk,5,valid,0.13949136862706182,0.04596393629202115,0.049335974891764806,0.22964676236235884,465,477,1612,76.05611286452012,504.74882580891835,True,Weighted respondent linearization; clustering unavailable; approximate
EVS,2020,individual_responsibility,55+,exclude_crimea_donetsk_luhansk,6,valid,0.094164171987334,0.025286113011729405,0.04456703870170176,0.14376130527296624,465,477,1612,76.05611286452012,504.74882580891835,True,Weighted respondent linearization; clustering unavailable; approximate
EVS,2020,individual_responsibility,55+,exclude_crimea_donetsk_luhansk,7,valid,0.056347281604616904,0.02122276559634662,0.014720150796355781,0.09797441241287802,465,477,1612,76.05611286452012,504.74882580891835,True,Weighted respondent linearization; clustering unavailable; approximate
EVS,2020,individual_responsibility,55+,exclude_crimea_donetsk_luhansk,8,valid,0.10449363983211316,0.03705724571074516,0.03180816405884211,0.17717911560538419,465,477,1612,76.05611286452012,504.74882580891835,True,Weighted respondent linearization; clustering unavailable; approximate
EVS,2020,individual_responsibility,55+,exclude_crimea_donetsk_luhansk,9,valid,0.05685552682989924,0.026982792395801633,0.003930462773895929,0.10978059088590256,465,477,1612,76.05611286452012,504.74882580891835,True,Weighted respondent linearization; clustering unavailable; approximate
EVS,2020,individual_responsibility,55+,exclude_crimea_donetsk_luhansk,10,valid,0.10712915290190869,0.03602602442473431,0.0364663533519677,0.1777919524518497,465,477,1612,76.05611286452012,504.74882580891835,True,Weighted respondent linearization; clustering unavailable; approximate
EVS,2020,income_incentives,All,survey_coverage,1,valid,0.1213936396822002,0.021880919181444483,0.07847558167340914,0.16431169769099124,1570,1612,1612,240.74221638269907,1600.7085094442996,True,Weighted respondent linearization; clustering unavailable; approximate
EVS,2020,income_incentives,All,survey_coverage,2,valid,0.03811563901384931,0.012115779161013543,0.014351293990581694,0.06187998403711693,1570,1612,1612,240.74221638269907,1600.7085094442996,True,Weighted respondent linearization; clustering unavailable; approximate
EVS,2020,income_incentives,All,survey_coverage,3,valid,0.06262881809843895,0.01651645073658132,0.030232830300400693,0.09502480589647722,1570,1612,1612,240.74221638269907,1600.7085094442996,True,Weighted respondent linearization; clustering unavailable; approximate
EVS,2020,income_incentives,All,survey_coverage,4,valid,0.04884827595470297,0.012186055138280687,0.024946088985950108,0.07275046292345584,1570,1612,1612,240.74221638269907,1600.7085094442996,True,Weighted respondent linearization; clustering unavailable; approximate
EVS,2020,income_incentives,All,survey_coverage,5,valid,0.09495203120154919,0.01637233999733591,0.06283870762868977,0.1270653547744086,1570,1612,1612,240.74221638269907,1600.7085094442996,True,Weighted respondent linearization; clustering unavailable; approximate
EVS,2020,income_incentives,All,survey_coverage,6,valid,0.07707985077726026,0.016005744030689224,0.0456855823241544,0.10847411923036612,1570,1612,1612,240.74221638269907,1600.7085094442996,True,Weighted respondent linearization; clustering unavailable; approximate
EVS,2020,income_incentives,All,survey_coverage,7,valid,0.09375668926062572,0.019348250452208445,0.055806302972435,0.13170707554881644,1570,1612,1612,240.74221638269907,1600.7085094442996,True,Weighted respondent linearization; clustering unavailable; approximate
EVS,2020,income_incentives,All,survey_coverage,8,valid,0.10214649731757804,0.017708843554945664,0.06741170538962805,0.136881289245528,1570,1612,1612,240.74221638269907,1600.7085094442996,True,Weighted respondent linearization; clustering unavailable; approximate
EVS,2020,income_incentives,All,survey_coverage,9,valid,0.07857875393288778,0.015043221119225512,0.049072414126948696,0.10808509373882687,1570,1612,1612,240.74221638269907,1600.7085094442996,True,Weighted respondent linearization; clustering unavailable; approximate
EVS,2020,income_incentives,All,survey_coverage,10,valid,0.28249980476090747,0.03105201221200545,0.22159321987965205,0.3434063896421629,1570,1612,1612,240.74221638269907,1600.7085094442996,True,Weighted respondent linearization; clustering unavailable; approximate
EVS,2020,income_incentives,18-34,survey_coverage,1,valid,0.09144793573051792,0.04121100926454414,0.010615111864671081,0.17228075959636474,429,441,1612,65.27215738334039,426.75433363877846,True,Weighted respondent linearization; clustering unavailable; approximate
EVS,2020,income_incentives,18-34,survey_coverage,2,valid,0.03028472570652075,0.02542969447050169,0.0,0.08016348506670115,429,441,1612,65.27215738334039,426.75433363877846,True,Weighted respondent linearization; clustering unavailable; approximate
EVS,2020,income_incentives,18-34,survey_coverage,3,valid,0.051818333856520724,0.025267304481013123,0.00225809233058321,0.10137857538245823,429,441,1612,65.27215738334039,426.75433363877846,True,Weighted respondent linearization; clustering unavailable; approximate
EVS,2020,income_incentives,18-34,survey_coverage,4,valid,0.037553522091108744,0.012198879901832226,0.013626180148678141,0.06148086403353935,429,441,1612,65.27215738334039,426.75433363877846,True,Weighted respondent linearization; clustering unavailable; approximate
EVS,2020,income_incentives,18-34,survey_coverage,5,valid,0.09208058600799873,0.023073073753338592,0.04682419117488514,0.13733698084111232,429,441,1612,65.27215738334039,426.75433363877846,True,Weighted respondent linearization; clustering unavailable; approximate
EVS,2020,income_incentives,18-34,survey_coverage,6,valid,0.12674500677716533,0.044156005030893605,0.040135757429019064,0.2133542561253116,429,441,1612,65.27215738334039,426.75433363877846,True,Weighted respondent linearization; clustering unavailable; approximate
EVS,2020,income_incentives,18-34,survey_coverage,7,valid,0.09341288381053969,0.03723554074915991,0.020377693441738634,0.16644807417934077,429,441,1612,65.27215738334039,426.75433363877846,True,Weighted respondent linearization; clustering unavailable; approximate
EVS,2020,income_incentives,18-34,survey_coverage,8,valid,0.10543440708675808,0.032625926897492656,0.04144068673315415,0.169428127440362,429,441,1612,65.27215738334039,426.75433363877846,True,Weighted respondent linearization; clustering unavailable; approximate
EVS,2020,income_incentives,18-34,survey_coverage,9,valid,0.05082598980144131,0.011861188806741007,0.027561007876338844,0.07409097172654378,429,441,1612,65.27215738334039,426.75433363877846,True,Weighted respondent linearization; clustering unavailable; approximate
EVS,2020,income_incentives,18-34,survey_coverage,10,valid,0.32039660913142876,0.06214359237700985,0.1985058292974206,0.4422873889654369,429,441,1612,65.27215738334039,426.75433363877846,True,Weighted respondent linearization; clustering unavailable; approximate
EVS,2020,income_incentives,35-54,survey_coverage,1,valid,0.1445927599642356,0.03942416777423311,0.06726471421569548,0.22192080571277573,619,637,1612,83.91368590699051,558.7496209221601,True,Weighted respondent linearization; clustering unavailable; approximate
EVS,2020,income_incentives,35-54,survey_coverage,2,valid,0.02783847226666208,0.015152946401933326,0.0,0.057560031369799536,619,637,1612,83.91368590699051,558.7496209221601,True,Weighted respondent linearization; clustering unavailable; approximate
EVS,2020,income_incentives,35-54,survey_coverage,3,valid,0.055650831452770666,0.027171623317590543,0.0023553873232436337,0.10894627558229769,619,637,1612,83.91368590699051,558.7496209221601,True,Weighted respondent linearization; clustering unavailable; approximate
EVS,2020,income_incentives,35-54,survey_coverage,4,valid,0.043488900587063804,0.01939538817050112,0.005446056604965846,0.08153174456916176,619,637,1612,83.91368590699051,558.7496209221601,True,Weighted respondent linearization; clustering unavailable; approximate
EVS,2020,income_incentives,35-54,survey_coverage,5,valid,0.10237793672816141,0.03202362764902913,0.03956558877805916,0.16519028467826366,619,637,1612,83.91368590699051,558.7496209221601,True,Weighted respondent linearization; clustering unavailable; approximate
EVS,2020,income_incentives,35-54,survey_coverage,6,valid,0.04110769761396527,0.009287137959636895,0.022891555852180803,0.05932383937574974,619,637,1612,83.91368590699051,558.7496209221601,True,Weighted respondent linearization; clustering unavailable; approximate
EVS,2020,income_incentives,35-54,survey_coverage,7,valid,0.11390580636717451,0.03618921198201789,0.04292292460351421,0.1848886881308348,619,637,1612,83.91368590699051,558.7496209221601,True,Weighted respondent linearization; clustering unavailable; approximate
EVS,2020,income_incentives,35-54,survey_coverage,8,valid,0.11415672635954026,0.03323770195522733,0.04896304739366496,0.17935040532541557,619,637,1612,83.91368590699051,558.7496209221601,True,Weighted respondent linearization; clustering unavailable; approximate
EVS,2020,income_incentives,35-54,survey_coverage,9,valid,0.09671735306813092,0.027447199286055334,0.042881383867315735,0.1505533222689461,619,637,1612,83.91368590699051,558.7496209221601,True,Weighted respondent linearization; clustering unavailable; approximate
EVS,2020,income_incentives,35-54,survey_coverage,10,valid,0.2601635155922952,0.051990971007567464,0.1581864692382101,0.36214056194638033,619,637,1612,83.91368590699051,558.7496209221601,True,Weighted respondent linearization; clustering unavailable; approximate
EVS,2020,income_incentives,55+,survey_coverage,1,valid,0.12109611144282414,0.033774721882535795,0.05484910138966771,0.1873431214959806,522,534,1612,91.58439351188385,615.204554883361,True,Weighted respondent linearization; clustering unavailable; approximate
EVS,2020,income_incentives,55+,survey_coverage,2,valid,0.05288184830519478,0.022160429405993907,0.009415548427230538,0.09634814818315902,522,534,1612,91.58439351188385,615.204554883361,True,Weighted respondent linearization; clustering unavailable; approximate
EVS,2020,income_incentives,55+,survey_coverage,3,valid,0.07646546531515742,0.03036986362839557,0.016896872327168105,0.13603405830314674,522,534,1612,91.58439351188385,615.204554883361,True,Weighted respondent linearization; clustering unavailable; approximate
EVS,2020,income_incentives,55+,survey_coverage,4,valid,0.0615507731187588,0.024798773823319138,0.01290952525022028,0.11019202098729731,522,534,1612,91.58439351188385,615.204554883361,True,Weighted respondent linearization; clustering unavailable; approximate
EVS,2020,income_incentives,55+,survey_coverage,5,valid,0.09019943274525395,0.026610418151068647,0.038004757541012534,0.14239410794949536,522,534,1612,91.58439351188385,615.204554883361,True,Weighted respondent linearization; clustering unavailable; approximate
EVS,2020,income_incentives,55+,survey_coverage,6,valid,0.07529931517919698,0.02554553039749113,0.025193350874251244,0.1254052794841427,522,534,1612,91.58439351188385,615.204554883361,True,Weighted respondent linearization; clustering unavailable; approximate
EVS,2020,income_incentives,55+,survey_coverage,7,valid,0.07569506895686484,0.027843258407911735,0.021082254495309483,0.1303078834184202,522,534,1612,91.58439351188385,615.204554883361,True,Weighted respondent linearization; clustering unavailable; approximate
EVS,2020,income_incentives,55+,survey_coverage,8,valid,0.08895764719839468,0.02634712618935729,0.037279402752489914,0.14063589164429943,522,534,1612,91.58439351188385,615.204554883361,True,Weighted respondent linearization; clustering unavailable; approximate
EVS,2020,income_incentives,55+,survey_coverage,9,valid,0.08135616667977072,0.028752885844693106,0.024959174744936398,0.13775315861460505,522,534,1612,91.58439351188385,615.204554883361,True,Weighted respondent linearization; clustering unavailable; approximate
EVS,2020,income_incentives,55+,survey_coverage,10,valid,0.2764981710585836,0.04907134057891845,0.1802477976592275,0.3727485444579397,522,534,1612,91.58439351188385,615.204554883361,True,Weighted respondent linearization; clustering unavailable; approximate
EVS,2020,income_incentives,All,exclude_crimea_donetsk_luhansk,1,valid,0.10991220017492975,0.021804327312738427,0.06714437233868628,0.15268002801117322,1450,1488,1612,215.6194827524087,1351.3748655318768,True,Weighted respondent linearization; clustering unavailable; approximate
EVS,2020,income_incentives,All,exclude_crimea_donetsk_luhansk,2,valid,0.04471583241244456,0.014278653541347879,0.016709144215603326,0.0727225206092858,1450,1488,1612,215.6194827524087,1351.3748655318768,True,Weighted respondent linearization; clustering unavailable; approximate
EVS,2020,income_incentives,All,exclude_crimea_donetsk_luhansk,3,valid,0.07398322695574362,0.019387944520609598,0.035954983228561485,0.11201147068292576,1450,1488,1612,215.6194827524087,1351.3748655318768,True,Weighted respondent linearization; clustering unavailable; approximate
EVS,2020,income_incentives,All,exclude_crimea_donetsk_luhansk,4,valid,0.057623088350147865,0.014354344724954303,0.029467936618395838,0.0857782400818999,1450,1488,1612,215.6194827524087,1351.3748655318768,True,Weighted respondent linearization; clustering unavailable; approximate
EVS,2020,income_incentives,All,exclude_crimea_donetsk_luhansk,5,valid,0.10328965067469585,0.01767193673054024,0.06862724918051227,0.13795205216887943,1450,1488,1612,215.6194827524087,1351.3748655318768,True,Weighted respondent linearization; clustering unavailable; approximate
EVS,2020,income_incentives,All,exclude_crimea_donetsk_luhansk,6,valid,0.08310281672196762,0.01743592252504679,0.048903342368927925,0.11730229107500731,1450,1488,1612,215.6194827524087,1351.3748655318768,True,Weighted respondent linearization; clustering unavailable; approximate
EVS,2020,income_incentives,All,exclude_crimea_donetsk_luhansk,7,valid,0.08737251421765144,0.019091751105622255,0.04992523539696321,0.12481979303833966,1450,1488,1612,215.6194827524087,1351.3748655318768,True,Weighted respondent linearization; clustering unavailable; approximate
EVS,2020,income_incentives,All,exclude_crimea_donetsk_luhansk,8,valid,0.09546624092807612,0.017039382442161667,0.06204455521083135,0.1288879266453209,1450,1488,1612,215.6194827524087,1351.3748655318768,True,Weighted respondent linearization; clustering unavailable; approximate
EVS,2020,income_incentives,All,exclude_crimea_donetsk_luhansk,9,valid,0.08120324267124542,0.016636495265394756,0.048571795018503144,0.11383469032398769,1450,1488,1612,215.6194827524087,1351.3748655318768,True,Weighted respondent linearization; clustering unavailable; approximate
EVS,2020,income_incentives,All,exclude_crimea_donetsk_luhansk,10,valid,0.26333118689309765,0.032893402757982845,0.19881282932470046,0.32784954446149484,1450,1488,1612,215.6194827524087,1351.3748655318768,True,Weighted respondent linearization; clustering unavailable; approximate
EVS,2020,income_incentives,18-34,exclude_crimea_donetsk_luhansk,1,valid,0.06746491680990908,0.0332912281034074,0.0021662496434225603,0.1327635839763956,408,419,1612,64.31177513668382,372.0888590104472,True,Weighted respondent linearization; clustering unavailable; approximate
EVS,2020,income_incentives,18-34,exclude_crimea_donetsk_luhansk,2,valid,0.03426904948618191,0.029037131671331692,0.0,0.09122357187827311,408,419,1612,64.31177513668382,372.0888590104472,True,Weighted respondent linearization; clustering unavailable; approximate
EVS,2020,income_incentives,18-34,exclude_crimea_donetsk_luhansk,3,valid,0.059431229932606945,0.028762334590241943,0.0030157048728059535,0.11584675499240793,408,419,1612,64.31177513668382,372.0888590104472,True,Weighted respondent linearization; clustering unavailable; approximate
EVS,2020,income_incentives,18-34,exclude_crimea_donetsk_luhansk,4,valid,0.043070701816767615,0.01393480844197682,0.015738444332753107,0.07040295930078212,408,419,1612,64.31177513668382,372.0888590104472,True,Weighted respondent linearization; clustering unavailable; approximate
EVS,2020,income_incentives,18-34,exclude_crimea_donetsk_luhansk,5,valid,0.10514365523150426,0.026157031622312817,0.05383826942046386,0.15644904104254467,408,419,1612,64.31177513668382,372.0888590104472,True,Weighted respondent linearization; clustering unavailable; approximate
EVS,2020,income_incentives,18-34,exclude_crimea_donetsk_luhansk,6,valid,0.14372478287956572,0.04958944243828009,0.04645818500306782,0.24099138075606363,408,419,1612,64.31177513668382,372.0888590104472,True,Weighted respondent linearization; clustering unavailable; approximate
EVS,2020,income_incentives,18-34,exclude_crimea_donetsk_luhansk,7,valid,0.08197842183136389,0.035895206292003004,0.0115722138881377,0.15238462977459008,408,419,1612,64.31177513668382,372.0888590104472,True,Weighted respondent linearization; clustering unavailable; approximate
EVS,2020,income_incentives,18-34,exclude_crimea_donetsk_luhansk,8,valid,0.07978002061014622,0.015137515325228508,0.05008872860135081,0.10947131261894164,408,419,1612,64.31177513668382,372.0888590104472,True,Weighted respondent linearization; clustering unavailable; approximate
EVS,2020,income_incentives,18-34,exclude_crimea_donetsk_luhansk,9,valid,0.05829309554424589,0.013551019949111924,0.03171361524766555,0.08487257584082622,408,419,1612,64.31177513668382,372.0888590104472,True,Weighted respondent linearization; clustering unavailable; approximate
EVS,2020,income_incentives,18-34,exclude_crimea_donetsk_luhansk,10,valid,0.32684412585770845,0.064056839552863,0.2012006310395851,0.4524876206758318,408,419,1612,64.31177513668382,372.0888590104472,True,Weighted respondent linearization; clustering unavailable; approximate
EVS,2020,income_incentives,35-54,exclude_crimea_donetsk_luhansk,1,valid,0.13536159923849342,0.04110122466234995,0.05474411102131704,0.2159790874556698,575,592,1612,76.68923060635237,480.45069273277545,True,Weighted respondent linearization; clustering unavailable; approximate
EVS,2020,income_incentives,35-54,exclude_crimea_donetsk_luhansk,2,valid,0.03151950194240485,0.01755879916104197,0.0,0.0659599911517143,575,592,1612,76.68923060635237,480.45069273277545,True,Weighted respondent linearization; clustering unavailable; approximate
EVS,2020,income_incentives,35-54,exclude_crimea_donetsk_luhansk,3,valid,0.0641553290624653,0.03136666165482804,0.0026315789274327026,0.12567907919749788,575,592,1612,76.68923060635237,480.45069273277545,True,Weighted respondent linearization; clustering unavailable; approximate
EVS,2020,income_incentives,35-54,exclude_crimea_donetsk_luhansk,4,valid,0.05028538097088329,0.02245168696752356,0.0062477975550762135,0.09432296438669036,575,592,1612,76.68923060635237,480.45069273277545,True,Weighted respondent linearization; clustering unavailable; approximate
EVS,2020,income_incentives,35-54,exclude_crimea_donetsk_luhansk,5,valid,0.09542293657550967,0.03037322022609726,0.035847759830518244,0.1549981133205011,575,592,1612,76.68923060635237,480.45069273277545,True,Weighted respondent linearization; clustering unavailable; approximate
EVS,2020,income_incentives,35-54,exclude_crimea_donetsk_luhansk,6,valid,0.04737032994928354,0.010829891571433567,0.026128173217318536,0.06861248668124856,575,592,1612,76.68923060635237,480.45069273277545,True,Weighted respondent linearization; clustering unavailable; approximate
EVS,2020,income_incentives,35-54,exclude_crimea_donetsk_luhansk,7,valid,0.10341359353581726,0.03334655183043236,0.03800641232995103,0.1688207747416835,575,592,1612,76.68923060635237,480.45069273277545,True,Weighted respondent linearization; clustering unavailable; approximate
EVS,2020,income_incentives,35-54,exclude_crimea_donetsk_luhansk,8,valid,0.10814723472850232,0.03432437105122289,0.0408221221189322,0.17547234733807243,575,592,1612,76.68923060635237,480.45069273277545,True,Weighted respondent linearization; clustering unavailable; approximate
EVS,2020,income_incentives,35-54,exclude_crimea_donetsk_luhansk,9,valid,0.11104405236014579,0.03158399112592837,0.049094024024898764,0.17299408069539282,575,592,1612,76.68923060635237,480.45069273277545,True,Weighted respondent linearization; clustering unavailable; approximate
EVS,2020,income_incentives,35-54,exclude_crimea_donetsk_luhansk,10,valid,0.2532800416364944,0.055081922068064164,0.14524028759555724,0.3613197956774316,575,592,1612,76.68923060635237,480.45069273277545,True,Weighted respondent linearization; clustering unavailable; approximate
EVS,2020,income_incentives,55+,exclude_crimea_donetsk_luhansk,1,valid,0.11706281627420002,0.03577228716583666,0.04689770652906375,0.1872279260193363,467,477,1612,75.249042480289,498.83531378865416,True,Weighted respondent linearization; clustering unavailable; approximate
EVS,2020,income_incentives,55+,exclude_crimea_donetsk_luhansk,2,valid,0.06521822543179125,0.027160520027612326,0.011944559712916074,0.11849189115066641,467,477,1612,75.249042480289,498.83531378865416,True,Weighted respondent linearization; clustering unavailable; approximate
EVS,2020,income_incentives,55+,exclude_crimea_donetsk_luhansk,3,valid,0.09430347301572788,0.03699930270861143,0.021731648826567973,0.16687529720488778,467,477,1612,75.249042480289,498.83531378865416,True,Weighted respondent linearization; clustering unavailable; approximate
EVS,2020,income_incentives,55+,exclude_crimea_donetsk_luhansk,4,valid,0.07554521063660308,0.030338164135949947,0.016038794225582437,0.13505162704762372,467,477,1612,75.249042480289,498.83531378865416,True,Weighted respondent linearization; clustering unavailable; approximate
EVS,2020,income_incentives,55+,exclude_crimea_donetsk_luhansk,5,valid,0.10948350606732092,0.032501877601563214,0.04573310066929548,0.17323391146534636,467,477,1612,75.249042480289,498.83531378865416,True,Weighted respondent linearization; clustering unavailable; approximate
EVS,2020,income_incentives,55+,exclude_crimea_donetsk_luhansk,6,valid,0.07229953145609519,0.024742066920748297,0.023769510639485007,0.12082955227270537,467,477,1612,75.249042480289,498.83531378865416,True,Weighted respondent linearization; clustering unavailable; approximate
EVS,2020,income_incentives,55+,exclude_crimea_donetsk_luhansk,7,valid,0.07594616601889821,0.030427222467382338,0.016265067246369516,0.1356272647914269,467,477,1612,75.249042480289,498.83531378865416,True,Weighted respondent linearization; clustering unavailable; approximate
EVS,2020,income_incentives,55+,exclude_crimea_donetsk_luhansk,8,valid,0.09495319698632708,0.02982353172709143,0.036456199941716054,0.1534501940309381,467,477,1612,75.249042480289,498.83531378865416,True,Weighted respondent linearization; clustering unavailable; approximate
EVS,2020,income_incentives,55+,exclude_crimea_donetsk_luhansk,9,valid,0.06955124646763462,0.03148702066729221,0.007791419637835091,0.13131107329743416,467,477,1612,75.249042480289,498.83531378865416,True,Weighted respondent linearization; clustering unavailable; approximate
EVS,2020,income_incentives,55+,exclude_crimea_donetsk_luhansk,10,valid,0.22563662764540163,0.05221108253410274,0.12322784626291533,0.3280454090278879,467,477,1612,75.249042480289,498.83531378865416,True,Weighted respondent linearization; clustering unavailable; approximate
