survey,round,year,fieldwork_period,item,question,question_type,source_file,source_sha256,source_field,source_table,study_status,age_group,response,estimate,se,ci_low,ci_high,n_valid,n_domain,n_psu,design_df,kish_n,weight_sum,weighted,variance_method,denominator,excluded_non_numeric_pct
ESS,2,2005,2005,gincdif,Should the government take measures to reduce differences in income levels?,ordinal,ESS2e03_6-ESS3e03_7-ESS4e04_6-ESS5e03_6-ESS6e02_7-ESS11e04_2-subset.sav,3aef7081ad1e48f989b7c93ef68f05e922159010a21d894d10d83899b764a852,gincdif,original microdata,ESS integrated round,All,Agree,64.04553483497514,1.4060591302265568,61.288065486262205,66.80300418368809,1984,1984,2031,2030,1169.8798685138213,1956.9689107760787,True,Approximate weighted respondent linearization; PSU/stratum unavailable in supplied file,all eligible adults,
ESS,2,2005,2005,gincdif,Should the government take measures to reduce differences in income levels?,ordinal,ESS2e03_6-ESS3e03_7-ESS4e04_6-ESS5e03_6-ESS6e02_7-ESS11e04_2-subset.sav,3aef7081ad1e48f989b7c93ef68f05e922159010a21d894d10d83899b764a852,gincdif,original microdata,ESS integrated round,All,Disagree,15.62437187648856,1.101188419867334,13.464794622826018,17.7839491301511,1984,1984,2031,2030,1169.8798685138213,1956.9689107760787,True,Approximate weighted respondent linearization; PSU/stratum unavailable in supplied file,all eligible adults,
ESS,2,2005,2005,gincdif,Should the government take measures to reduce differences in income levels?,ordinal,ESS2e03_6-ESS3e03_7-ESS4e04_6-ESS5e03_6-ESS6e02_7-ESS11e04_2-subset.sav,3aef7081ad1e48f989b7c93ef68f05e922159010a21d894d10d83899b764a852,gincdif,original microdata,ESS integrated round,All,Neither agree nor disagree,16.514221676701535,1.084246435101925,14.387869913128766,18.640573440274302,1984,1984,2031,2030,1169.8798685138213,1956.9689107760787,True,Approximate weighted respondent linearization; PSU/stratum unavailable in supplied file,all eligible adults,
ESS,2,2005,2005,gincdif,Should the government take measures to reduce differences in income levels?,ordinal,ESS2e03_6-ESS3e03_7-ESS4e04_6-ESS5e03_6-ESS6e02_7-ESS11e04_2-subset.sav,3aef7081ad1e48f989b7c93ef68f05e922159010a21d894d10d83899b764a852,gincdif,original microdata,ESS integrated round,All,Don't know,3.8158716118347584,0.47911184674410734,2.876269426122089,4.755473797547428,1984,1984,2031,2030,1169.8798685138213,1956.9689107760787,True,Approximate weighted respondent linearization; PSU/stratum unavailable in supplied file,all eligible adults,
ESS,2,2005,2005,gincdif,Should the government take measures to reduce differences in income levels?,ordinal,ESS2e03_6-ESS3e03_7-ESS4e04_6-ESS5e03_6-ESS6e02_7-ESS11e04_2-subset.sav,3aef7081ad1e48f989b7c93ef68f05e922159010a21d894d10d83899b764a852,gincdif,original microdata,ESS integrated round,All,Refused / no answer,0.0,0.0,0.0,0.0,1984,1984,2031,2030,1169.8798685138213,1956.9689107760787,True,Approximate weighted respondent linearization; PSU/stratum unavailable in supplied file,all eligible adults,
ESS,2,2005,2005,gincdif,Should the government take measures to reduce differences in income levels?,ordinal,ESS2e03_6-ESS3e03_7-ESS4e04_6-ESS5e03_6-ESS6e02_7-ESS11e04_2-subset.sav,3aef7081ad1e48f989b7c93ef68f05e922159010a21d894d10d83899b764a852,gincdif,original microdata,ESS integrated round,18-34,Agree,59.26112149816079,2.792747431927146,53.78417157714641,64.73807141917517,472,472,2031,2030,307.9895225164919,622.530382886529,True,Approximate weighted respondent linearization; PSU/stratum unavailable in supplied file,all eligible adults,
ESS,2,2005,2005,gincdif,Should the government take measures to reduce differences in income levels?,ordinal,ESS2e03_6-ESS3e03_7-ESS4e04_6-ESS5e03_6-ESS6e02_7-ESS11e04_2-subset.sav,3aef7081ad1e48f989b7c93ef68f05e922159010a21d894d10d83899b764a852,gincdif,original microdata,ESS integrated round,18-34,Disagree,21.356553340069386,2.4077254791241747,16.634682782797505,26.078423897341267,472,472,2031,2030,307.9895225164919,622.530382886529,True,Approximate weighted respondent linearization; PSU/stratum unavailable in supplied file,all eligible adults,
ESS,2,2005,2005,gincdif,Should the government take measures to reduce differences in income levels?,ordinal,ESS2e03_6-ESS3e03_7-ESS4e04_6-ESS5e03_6-ESS6e02_7-ESS11e04_2-subset.sav,3aef7081ad1e48f989b7c93ef68f05e922159010a21d894d10d83899b764a852,gincdif,original microdata,ESS integrated round,18-34,Neither agree nor disagree,16.283745585622963,2.0369665111284174,12.288982777968986,20.27850839327694,472,472,2031,2030,307.9895225164919,622.530382886529,True,Approximate weighted respondent linearization; PSU/stratum unavailable in supplied file,all eligible adults,
ESS,2,2005,2005,gincdif,Should the government take measures to reduce differences in income levels?,ordinal,ESS2e03_6-ESS3e03_7-ESS4e04_6-ESS5e03_6-ESS6e02_7-ESS11e04_2-subset.sav,3aef7081ad1e48f989b7c93ef68f05e922159010a21d894d10d83899b764a852,gincdif,original microdata,ESS integrated round,18-34,Don't know,3.098579576146862,0.7659638695980742,1.5964223430453486,4.600736809248376,472,472,2031,2030,307.9895225164919,622.530382886529,True,Approximate weighted respondent linearization; PSU/stratum unavailable in supplied file,all eligible adults,
ESS,2,2005,2005,gincdif,Should the government take measures to reduce differences in income levels?,ordinal,ESS2e03_6-ESS3e03_7-ESS4e04_6-ESS5e03_6-ESS6e02_7-ESS11e04_2-subset.sav,3aef7081ad1e48f989b7c93ef68f05e922159010a21d894d10d83899b764a852,gincdif,original microdata,ESS integrated round,18-34,Refused / no answer,0.0,0.0,0.0,0.0,472,472,2031,2030,307.9895225164919,622.530382886529,True,Approximate weighted respondent linearization; PSU/stratum unavailable in supplied file,all eligible adults,
ESS,2,2005,2005,gincdif,Should the government take measures to reduce differences in income levels?,ordinal,ESS2e03_6-ESS3e03_7-ESS4e04_6-ESS5e03_6-ESS6e02_7-ESS11e04_2-subset.sav,3aef7081ad1e48f989b7c93ef68f05e922159010a21d894d10d83899b764a852,gincdif,original microdata,ESS integrated round,35-54,Agree,63.691404134953316,2.41794016129625,58.94950122456709,68.43330704533955,629,629,2031,2030,395.88554408294414,701.0038127973676,True,Approximate weighted respondent linearization; PSU/stratum unavailable in supplied file,all eligible adults,
ESS,2,2005,2005,gincdif,Should the government take measures to reduce differences in income levels?,ordinal,ESS2e03_6-ESS3e03_7-ESS4e04_6-ESS5e03_6-ESS6e02_7-ESS11e04_2-subset.sav,3aef7081ad1e48f989b7c93ef68f05e922159010a21d894d10d83899b764a852,gincdif,original microdata,ESS integrated round,35-54,Disagree,15.15164193688502,1.8166530511883399,11.588943186733216,18.714340687036827,629,629,2031,2030,395.88554408294414,701.0038127973676,True,Approximate weighted respondent linearization; PSU/stratum unavailable in supplied file,all eligible adults,
ESS,2,2005,2005,gincdif,Should the government take measures to reduce differences in income levels?,ordinal,ESS2e03_6-ESS3e03_7-ESS4e04_6-ESS5e03_6-ESS6e02_7-ESS11e04_2-subset.sav,3aef7081ad1e48f989b7c93ef68f05e922159010a21d894d10d83899b764a852,gincdif,original microdata,ESS integrated round,35-54,Neither agree nor disagree,18.311272677377055,1.9462482162541983,14.494420536568828,22.12812481818528,629,629,2031,2030,395.88554408294414,701.0038127973676,True,Approximate weighted respondent linearization; PSU/stratum unavailable in supplied file,all eligible adults,
ESS,2,2005,2005,gincdif,Should the government take measures to reduce differences in income levels?,ordinal,ESS2e03_6-ESS3e03_7-ESS4e04_6-ESS5e03_6-ESS6e02_7-ESS11e04_2-subset.sav,3aef7081ad1e48f989b7c93ef68f05e922159010a21d894d10d83899b764a852,gincdif,original microdata,ESS integrated round,35-54,Don't know,2.845681250784608,0.7907711259123495,1.294873681831815,4.396488819737401,629,629,2031,2030,395.88554408294414,701.0038127973676,True,Approximate weighted respondent linearization; PSU/stratum unavailable in supplied file,all eligible adults,
ESS,2,2005,2005,gincdif,Should the government take measures to reduce differences in income levels?,ordinal,ESS2e03_6-ESS3e03_7-ESS4e04_6-ESS5e03_6-ESS6e02_7-ESS11e04_2-subset.sav,3aef7081ad1e48f989b7c93ef68f05e922159010a21d894d10d83899b764a852,gincdif,original microdata,ESS integrated round,35-54,Refused / no answer,0.0,0.0,0.0,0.0,629,629,2031,2030,395.88554408294414,701.0038127973676,True,Approximate weighted respondent linearization; PSU/stratum unavailable in supplied file,all eligible adults,
ESS,2,2005,2005,gincdif,Should the government take measures to reduce differences in income levels?,ordinal,ESS2e03_6-ESS3e03_7-ESS4e04_6-ESS5e03_6-ESS6e02_7-ESS11e04_2-subset.sav,3aef7081ad1e48f989b7c93ef68f05e922159010a21d894d10d83899b764a852,gincdif,original microdata,ESS integrated round,55+,Agree,69.13949252393571,2.015013128236988,65.18778322599717,73.09120182187426,883,883,2031,2030,518.3835034551009,633.4347150921822,True,Approximate weighted respondent linearization; PSU/stratum unavailable in supplied file,all eligible adults,
ESS,2,2005,2005,gincdif,Should the government take measures to reduce differences in income levels?,ordinal,ESS2e03_6-ESS3e03_7-ESS4e04_6-ESS5e03_6-ESS6e02_7-ESS11e04_2-subset.sav,3aef7081ad1e48f989b7c93ef68f05e922159010a21d894d10d83899b764a852,gincdif,original microdata,ESS integrated round,55+,Disagree,10.514024189369135,1.3032659384269998,7.958145989669946,13.069902389068323,883,883,2031,2030,518.3835034551009,633.4347150921822,True,Approximate weighted respondent linearization; PSU/stratum unavailable in supplied file,all eligible adults,
ESS,2,2005,2005,gincdif,Should the government take measures to reduce differences in income levels?,ordinal,ESS2e03_6-ESS3e03_7-ESS4e04_6-ESS5e03_6-ESS6e02_7-ESS11e04_2-subset.sav,3aef7081ad1e48f989b7c93ef68f05e922159010a21d894d10d83899b764a852,gincdif,original microdata,ESS integrated round,55+,Neither agree nor disagree,14.751986031190558,1.600695782236167,11.612808267436687,17.89116379494443,883,883,2031,2030,518.3835034551009,633.4347150921822,True,Approximate weighted respondent linearization; PSU/stratum unavailable in supplied file,all eligible adults,
ESS,2,2005,2005,gincdif,Should the government take measures to reduce differences in income levels?,ordinal,ESS2e03_6-ESS3e03_7-ESS4e04_6-ESS5e03_6-ESS6e02_7-ESS11e04_2-subset.sav,3aef7081ad1e48f989b7c93ef68f05e922159010a21d894d10d83899b764a852,gincdif,original microdata,ESS integrated round,55+,Don't know,5.5944972555045975,0.9203997154907813,3.7894707459715313,7.399523765037664,883,883,2031,2030,518.3835034551009,633.4347150921822,True,Approximate weighted respondent linearization; PSU/stratum unavailable in supplied file,all eligible adults,
ESS,2,2005,2005,gincdif,Should the government take measures to reduce differences in income levels?,ordinal,ESS2e03_6-ESS3e03_7-ESS4e04_6-ESS5e03_6-ESS6e02_7-ESS11e04_2-subset.sav,3aef7081ad1e48f989b7c93ef68f05e922159010a21d894d10d83899b764a852,gincdif,original microdata,ESS integrated round,55+,Refused / no answer,0.0,0.0,0.0,0.0,883,883,2031,2030,518.3835034551009,633.4347150921822,True,Approximate weighted respondent linearization; PSU/stratum unavailable in supplied file,all eligible adults,
ESS,2,2005,2005,bsnprft,"Businesses only interested in profit, not improve service/quality?",ordinal,ESS2e03_6-ESS3e03_7-ESS4e04_6-ESS5e03_6-ESS6e02_7-ESS11e04_2-subset.sav,3aef7081ad1e48f989b7c93ef68f05e922159010a21d894d10d83899b764a852,bsnprft,original microdata,ESS integrated round,All,Agree,66.74495076253223,1.3647381900478548,64.06851728461116,69.42138424045329,1984,1984,2031,2030,1169.8798685138213,1956.9689107760787,True,Approximate weighted respondent linearization; PSU/stratum unavailable in supplied file,all eligible adults,
ESS,2,2005,2005,bsnprft,"Businesses only interested in profit, not improve service/quality?",ordinal,ESS2e03_6-ESS3e03_7-ESS4e04_6-ESS5e03_6-ESS6e02_7-ESS11e04_2-subset.sav,3aef7081ad1e48f989b7c93ef68f05e922159010a21d894d10d83899b764a852,bsnprft,original microdata,ESS integrated round,All,Disagree,12.373189360164403,0.9349441007198832,10.539639372775424,14.206739347553382,1984,1984,2031,2030,1169.8798685138213,1956.9689107760787,True,Approximate weighted respondent linearization; PSU/stratum unavailable in supplied file,all eligible adults,
ESS,2,2005,2005,bsnprft,"Businesses only interested in profit, not improve service/quality?",ordinal,ESS2e03_6-ESS3e03_7-ESS4e04_6-ESS5e03_6-ESS6e02_7-ESS11e04_2-subset.sav,3aef7081ad1e48f989b7c93ef68f05e922159010a21d894d10d83899b764a852,bsnprft,original microdata,ESS integrated round,All,Neither agree nor disagree,15.837314484912534,1.0726038611520758,13.733795360534433,17.940833609290635,1984,1984,2031,2030,1169.8798685138213,1956.9689107760787,True,Approximate weighted respondent linearization; PSU/stratum unavailable in supplied file,all eligible adults,
ESS,2,2005,2005,bsnprft,"Businesses only interested in profit, not improve service/quality?",ordinal,ESS2e03_6-ESS3e03_7-ESS4e04_6-ESS5e03_6-ESS6e02_7-ESS11e04_2-subset.sav,3aef7081ad1e48f989b7c93ef68f05e922159010a21d894d10d83899b764a852,bsnprft,original microdata,ESS integrated round,All,Don't know,5.044545392390839,0.6027628938005186,3.862447023648245,6.226643761133433,1984,1984,2031,2030,1169.8798685138213,1956.9689107760787,True,Approximate weighted respondent linearization; PSU/stratum unavailable in supplied file,all eligible adults,
ESS,2,2005,2005,bsnprft,"Businesses only interested in profit, not improve service/quality?",ordinal,ESS2e03_6-ESS3e03_7-ESS4e04_6-ESS5e03_6-ESS6e02_7-ESS11e04_2-subset.sav,3aef7081ad1e48f989b7c93ef68f05e922159010a21d894d10d83899b764a852,bsnprft,original microdata,ESS integrated round,All,Refused / no answer,0.0,0.0,0.0,0.0,1984,1984,2031,2030,1169.8798685138213,1956.9689107760787,True,Approximate weighted respondent linearization; PSU/stratum unavailable in supplied file,all eligible adults,
ESS,2,2005,2005,bsnprft,"Businesses only interested in profit, not improve service/quality?",ordinal,ESS2e03_6-ESS3e03_7-ESS4e04_6-ESS5e03_6-ESS6e02_7-ESS11e04_2-subset.sav,3aef7081ad1e48f989b7c93ef68f05e922159010a21d894d10d83899b764a852,bsnprft,original microdata,ESS integrated round,18-34,Agree,62.46824030402869,2.7299035722365854,57.11453556746371,67.82194504059366,472,472,2031,2030,307.9895225164919,622.530382886529,True,Approximate weighted respondent linearization; PSU/stratum unavailable in supplied file,all eligible adults,
ESS,2,2005,2005,bsnprft,"Businesses only interested in profit, not improve service/quality?",ordinal,ESS2e03_6-ESS3e03_7-ESS4e04_6-ESS5e03_6-ESS6e02_7-ESS11e04_2-subset.sav,3aef7081ad1e48f989b7c93ef68f05e922159010a21d894d10d83899b764a852,bsnprft,original microdata,ESS integrated round,18-34,Disagree,16.580574671783758,1.9954161884810944,12.667297584513863,20.49385175905365,472,472,2031,2030,307.9895225164919,622.530382886529,True,Approximate weighted respondent linearization; PSU/stratum unavailable in supplied file,all eligible adults,
ESS,2,2005,2005,bsnprft,"Businesses only interested in profit, not improve service/quality?",ordinal,ESS2e03_6-ESS3e03_7-ESS4e04_6-ESS5e03_6-ESS6e02_7-ESS11e04_2-subset.sav,3aef7081ad1e48f989b7c93ef68f05e922159010a21d894d10d83899b764a852,bsnprft,original microdata,ESS integrated round,18-34,Neither agree nor disagree,16.353314493303973,2.1050846408609227,12.224962954713218,20.481666031894726,472,472,2031,2030,307.9895225164919,622.530382886529,True,Approximate weighted respondent linearization; PSU/stratum unavailable in supplied file,all eligible adults,
ESS,2,2005,2005,bsnprft,"Businesses only interested in profit, not improve service/quality?",ordinal,ESS2e03_6-ESS3e03_7-ESS4e04_6-ESS5e03_6-ESS6e02_7-ESS11e04_2-subset.sav,3aef7081ad1e48f989b7c93ef68f05e922159010a21d894d10d83899b764a852,bsnprft,original microdata,ESS integrated round,18-34,Don't know,4.597870530883578,1.2408564500321013,2.1643856556316052,7.031355406135551,472,472,2031,2030,307.9895225164919,622.530382886529,True,Approximate weighted respondent linearization; PSU/stratum unavailable in supplied file,all eligible adults,
ESS,2,2005,2005,bsnprft,"Businesses only interested in profit, not improve service/quality?",ordinal,ESS2e03_6-ESS3e03_7-ESS4e04_6-ESS5e03_6-ESS6e02_7-ESS11e04_2-subset.sav,3aef7081ad1e48f989b7c93ef68f05e922159010a21d894d10d83899b764a852,bsnprft,original microdata,ESS integrated round,18-34,Refused / no answer,0.0,0.0,0.0,0.0,472,472,2031,2030,307.9895225164919,622.530382886529,True,Approximate weighted respondent linearization; PSU/stratum unavailable in supplied file,all eligible adults,
ESS,2,2005,2005,bsnprft,"Businesses only interested in profit, not improve service/quality?",ordinal,ESS2e03_6-ESS3e03_7-ESS4e04_6-ESS5e03_6-ESS6e02_7-ESS11e04_2-subset.sav,3aef7081ad1e48f989b7c93ef68f05e922159010a21d894d10d83899b764a852,bsnprft,original microdata,ESS integrated round,35-54,Agree,67.99425156222914,2.2996024945165523,63.48442458800261,72.50407853645567,629,629,2031,2030,395.88554408294414,701.0038127973676,True,Approximate weighted respondent linearization; PSU/stratum unavailable in supplied file,all eligible adults,
ESS,2,2005,2005,bsnprft,"Businesses only interested in profit, not improve service/quality?",ordinal,ESS2e03_6-ESS3e03_7-ESS4e04_6-ESS5e03_6-ESS6e02_7-ESS11e04_2-subset.sav,3aef7081ad1e48f989b7c93ef68f05e922159010a21d894d10d83899b764a852,bsnprft,original microdata,ESS integrated round,35-54,Disagree,13.71556178149666,1.6586811325273323,10.462667017749691,16.96845654524363,629,629,2031,2030,395.88554408294414,701.0038127973676,True,Approximate weighted respondent linearization; PSU/stratum unavailable in supplied file,all eligible adults,
ESS,2,2005,2005,bsnprft,"Businesses only interested in profit, not improve service/quality?",ordinal,ESS2e03_6-ESS3e03_7-ESS4e04_6-ESS5e03_6-ESS6e02_7-ESS11e04_2-subset.sav,3aef7081ad1e48f989b7c93ef68f05e922159010a21d894d10d83899b764a852,bsnprft,original microdata,ESS integrated round,35-54,Neither agree nor disagree,15.03465593637054,1.7706338685467642,11.562206936644607,18.50710493609647,629,629,2031,2030,395.88554408294414,701.0038127973676,True,Approximate weighted respondent linearization; PSU/stratum unavailable in supplied file,all eligible adults,
ESS,2,2005,2005,bsnprft,"Businesses only interested in profit, not improve service/quality?",ordinal,ESS2e03_6-ESS3e03_7-ESS4e04_6-ESS5e03_6-ESS6e02_7-ESS11e04_2-subset.sav,3aef7081ad1e48f989b7c93ef68f05e922159010a21d894d10d83899b764a852,bsnprft,original microdata,ESS integrated round,35-54,Don't know,3.255530719903666,0.8243475224728619,1.6388753623582797,4.872186077449052,629,629,2031,2030,395.88554408294414,701.0038127973676,True,Approximate weighted respondent linearization; PSU/stratum unavailable in supplied file,all eligible adults,
ESS,2,2005,2005,bsnprft,"Businesses only interested in profit, not improve service/quality?",ordinal,ESS2e03_6-ESS3e03_7-ESS4e04_6-ESS5e03_6-ESS6e02_7-ESS11e04_2-subset.sav,3aef7081ad1e48f989b7c93ef68f05e922159010a21d894d10d83899b764a852,bsnprft,original microdata,ESS integrated round,35-54,Refused / no answer,0.0,0.0,0.0,0.0,629,629,2031,2030,395.88554408294414,701.0038127973676,True,Approximate weighted respondent linearization; PSU/stratum unavailable in supplied file,all eligible adults,
ESS,2,2005,2005,bsnprft,"Businesses only interested in profit, not improve service/quality?",ordinal,ESS2e03_6-ESS3e03_7-ESS4e04_6-ESS5e03_6-ESS6e02_7-ESS11e04_2-subset.sav,3aef7081ad1e48f989b7c93ef68f05e922159010a21d894d10d83899b764a852,bsnprft,original microdata,ESS integrated round,55+,Agree,69.56547438200056,2.014236565897629,65.61528802630684,73.51566073769428,883,883,2031,2030,518.3835034551009,633.4347150921822,True,Approximate weighted respondent linearization; PSU/stratum unavailable in supplied file,all eligible adults,
ESS,2,2005,2005,bsnprft,"Businesses only interested in profit, not improve service/quality?",ordinal,ESS2e03_6-ESS3e03_7-ESS4e04_6-ESS5e03_6-ESS6e02_7-ESS11e04_2-subset.sav,3aef7081ad1e48f989b7c93ef68f05e922159010a21d894d10d83899b764a852,bsnprft,original microdata,ESS integrated round,55+,Disagree,6.752667955644613,1.0288745270931694,4.7349078834392575,8.770428027849968,883,883,2031,2030,518.3835034551009,633.4347150921822,True,Approximate weighted respondent linearization; PSU/stratum unavailable in supplied file,all eligible adults,
ESS,2,2005,2005,bsnprft,"Businesses only interested in profit, not improve service/quality?",ordinal,ESS2e03_6-ESS3e03_7-ESS4e04_6-ESS5e03_6-ESS6e02_7-ESS11e04_2-subset.sav,3aef7081ad1e48f989b7c93ef68f05e922159010a21d894d10d83899b764a852,bsnprft,original microdata,ESS integrated round,55+,Neither agree nor disagree,16.218476133234617,1.6891038704034658,12.905918325883038,19.531033940586198,883,883,2031,2030,518.3835034551009,633.4347150921822,True,Approximate weighted respondent linearization; PSU/stratum unavailable in supplied file,all eligible adults,
ESS,2,2005,2005,bsnprft,"Businesses only interested in profit, not improve service/quality?",ordinal,ESS2e03_6-ESS3e03_7-ESS4e04_6-ESS5e03_6-ESS6e02_7-ESS11e04_2-subset.sav,3aef7081ad1e48f989b7c93ef68f05e922159010a21d894d10d83899b764a852,bsnprft,original microdata,ESS integrated round,55+,Don't know,7.463381529120212,1.0646813704474258,5.375399464894066,9.551363593346357,883,883,2031,2030,518.3835034551009,633.4347150921822,True,Approximate weighted respondent linearization; PSU/stratum unavailable in supplied file,all eligible adults,
ESS,2,2005,2005,bsnprft,"Businesses only interested in profit, not improve service/quality?",ordinal,ESS2e03_6-ESS3e03_7-ESS4e04_6-ESS5e03_6-ESS6e02_7-ESS11e04_2-subset.sav,3aef7081ad1e48f989b7c93ef68f05e922159010a21d894d10d83899b764a852,bsnprft,original microdata,ESS integrated round,55+,Refused / no answer,0.0,0.0,0.0,0.0,883,883,2031,2030,518.3835034551009,633.4347150921822,True,Approximate weighted respondent linearization; PSU/stratum unavailable in supplied file,all eligible adults,
ESS,2,2005,2005,cmprcti,Nowadays customer/consumer are in better position to protect interest?,ordinal,ESS2e03_6-ESS3e03_7-ESS4e04_6-ESS5e03_6-ESS6e02_7-ESS11e04_2-subset.sav,3aef7081ad1e48f989b7c93ef68f05e922159010a21d894d10d83899b764a852,cmprcti,original microdata,ESS integrated round,All,Agree,29.876195586636186,1.3308540667707267,27.266213390411668,32.48617778286071,1984,1984,2031,2030,1169.8798685138213,1956.9689107760787,True,Approximate weighted respondent linearization; PSU/stratum unavailable in supplied file,all eligible adults,
ESS,2,2005,2005,cmprcti,Nowadays customer/consumer are in better position to protect interest?,ordinal,ESS2e03_6-ESS3e03_7-ESS4e04_6-ESS5e03_6-ESS6e02_7-ESS11e04_2-subset.sav,3aef7081ad1e48f989b7c93ef68f05e922159010a21d894d10d83899b764a852,cmprcti,original microdata,ESS integrated round,All,Disagree,38.017879674922,1.44039141154702,35.19308014686069,40.84267920298331,1984,1984,2031,2030,1169.8798685138213,1956.9689107760787,True,Approximate weighted respondent linearization; PSU/stratum unavailable in supplied file,all eligible adults,
ESS,2,2005,2005,cmprcti,Nowadays customer/consumer are in better position to protect interest?,ordinal,ESS2e03_6-ESS3e03_7-ESS4e04_6-ESS5e03_6-ESS6e02_7-ESS11e04_2-subset.sav,3aef7081ad1e48f989b7c93ef68f05e922159010a21d894d10d83899b764a852,cmprcti,original microdata,ESS integrated round,All,Neither agree nor disagree,25.186627423566506,1.249522335552276,22.736147591852433,27.63710725528058,1984,1984,2031,2030,1169.8798685138213,1956.9689107760787,True,Approximate weighted respondent linearization; PSU/stratum unavailable in supplied file,all eligible adults,
ESS,2,2005,2005,cmprcti,Nowadays customer/consumer are in better position to protect interest?,ordinal,ESS2e03_6-ESS3e03_7-ESS4e04_6-ESS5e03_6-ESS6e02_7-ESS11e04_2-subset.sav,3aef7081ad1e48f989b7c93ef68f05e922159010a21d894d10d83899b764a852,cmprcti,original microdata,ESS integrated round,All,Don't know,6.919297314875305,0.6840620351065437,5.577760494783993,8.260834134966617,1984,1984,2031,2030,1169.8798685138213,1956.9689107760787,True,Approximate weighted respondent linearization; PSU/stratum unavailable in supplied file,all eligible adults,
ESS,2,2005,2005,cmprcti,Nowadays customer/consumer are in better position to protect interest?,ordinal,ESS2e03_6-ESS3e03_7-ESS4e04_6-ESS5e03_6-ESS6e02_7-ESS11e04_2-subset.sav,3aef7081ad1e48f989b7c93ef68f05e922159010a21d894d10d83899b764a852,cmprcti,original microdata,ESS integrated round,All,Refused / no answer,0.0,0.0,0.0,0.0,1984,1984,2031,2030,1169.8798685138213,1956.9689107760787,True,Approximate weighted respondent linearization; PSU/stratum unavailable in supplied file,all eligible adults,
ESS,2,2005,2005,cmprcti,Nowadays customer/consumer are in better position to protect interest?,ordinal,ESS2e03_6-ESS3e03_7-ESS4e04_6-ESS5e03_6-ESS6e02_7-ESS11e04_2-subset.sav,3aef7081ad1e48f989b7c93ef68f05e922159010a21d894d10d83899b764a852,cmprcti,original microdata,ESS integrated round,18-34,Agree,39.599526981964296,2.760392246570352,34.18602989161352,45.01302407231507,472,472,2031,2030,307.9895225164919,622.530382886529,True,Approximate weighted respondent linearization; PSU/stratum unavailable in supplied file,all eligible adults,
ESS,2,2005,2005,cmprcti,Nowadays customer/consumer are in better position to protect interest?,ordinal,ESS2e03_6-ESS3e03_7-ESS4e04_6-ESS5e03_6-ESS6e02_7-ESS11e04_2-subset.sav,3aef7081ad1e48f989b7c93ef68f05e922159010a21d894d10d83899b764a852,cmprcti,original microdata,ESS integrated round,18-34,Disagree,32.208626858344815,2.736599624416139,26.841790271030767,37.57546344565886,472,472,2031,2030,307.9895225164919,622.530382886529,True,Approximate weighted respondent linearization; PSU/stratum unavailable in supplied file,all eligible adults,
ESS,2,2005,2005,cmprcti,Nowadays customer/consumer are in better position to protect interest?,ordinal,ESS2e03_6-ESS3e03_7-ESS4e04_6-ESS5e03_6-ESS6e02_7-ESS11e04_2-subset.sav,3aef7081ad1e48f989b7c93ef68f05e922159010a21d894d10d83899b764a852,cmprcti,original microdata,ESS integrated round,18-34,Neither agree nor disagree,22.941162204765646,2.351188756563144,18.330167695440345,27.55215671409095,472,472,2031,2030,307.9895225164919,622.530382886529,True,Approximate weighted respondent linearization; PSU/stratum unavailable in supplied file,all eligible adults,
ESS,2,2005,2005,cmprcti,Nowadays customer/consumer are in better position to protect interest?,ordinal,ESS2e03_6-ESS3e03_7-ESS4e04_6-ESS5e03_6-ESS6e02_7-ESS11e04_2-subset.sav,3aef7081ad1e48f989b7c93ef68f05e922159010a21d894d10d83899b764a852,cmprcti,original microdata,ESS integrated round,18-34,Don't know,5.250683954925244,1.272889625352992,2.7543777536063714,7.746990156244117,472,472,2031,2030,307.9895225164919,622.530382886529,True,Approximate weighted respondent linearization; PSU/stratum unavailable in supplied file,all eligible adults,
ESS,2,2005,2005,cmprcti,Nowadays customer/consumer are in better position to protect interest?,ordinal,ESS2e03_6-ESS3e03_7-ESS4e04_6-ESS5e03_6-ESS6e02_7-ESS11e04_2-subset.sav,3aef7081ad1e48f989b7c93ef68f05e922159010a21d894d10d83899b764a852,cmprcti,original microdata,ESS integrated round,18-34,Refused / no answer,0.0,0.0,0.0,0.0,472,472,2031,2030,307.9895225164919,622.530382886529,True,Approximate weighted respondent linearization; PSU/stratum unavailable in supplied file,all eligible adults,
ESS,2,2005,2005,cmprcti,Nowadays customer/consumer are in better position to protect interest?,ordinal,ESS2e03_6-ESS3e03_7-ESS4e04_6-ESS5e03_6-ESS6e02_7-ESS11e04_2-subset.sav,3aef7081ad1e48f989b7c93ef68f05e922159010a21d894d10d83899b764a852,cmprcti,original microdata,ESS integrated round,35-54,Agree,27.519751452863904,2.1910978085651966,23.222716628889536,31.816786276838272,629,629,2031,2030,395.88554408294414,701.0038127973676,True,Approximate weighted respondent linearization; PSU/stratum unavailable in supplied file,all eligible adults,
ESS,2,2005,2005,cmprcti,Nowadays customer/consumer are in better position to protect interest?,ordinal,ESS2e03_6-ESS3e03_7-ESS4e04_6-ESS5e03_6-ESS6e02_7-ESS11e04_2-subset.sav,3aef7081ad1e48f989b7c93ef68f05e922159010a21d894d10d83899b764a852,cmprcti,original microdata,ESS integrated round,35-54,Disagree,40.68353774292257,2.489518428438978,35.80126031098386,45.56581517486128,629,629,2031,2030,395.88554408294414,701.0038127973676,True,Approximate weighted respondent linearization; PSU/stratum unavailable in supplied file,all eligible adults,
ESS,2,2005,2005,cmprcti,Nowadays customer/consumer are in better position to protect interest?,ordinal,ESS2e03_6-ESS3e03_7-ESS4e04_6-ESS5e03_6-ESS6e02_7-ESS11e04_2-subset.sav,3aef7081ad1e48f989b7c93ef68f05e922159010a21d894d10d83899b764a852,cmprcti,original microdata,ESS integrated round,35-54,Neither agree nor disagree,27.43932243382307,2.237935173010504,23.050433295861477,31.82821157178466,629,629,2031,2030,395.88554408294414,701.0038127973676,True,Approximate weighted respondent linearization; PSU/stratum unavailable in supplied file,all eligible adults,
ESS,2,2005,2005,cmprcti,Nowadays customer/consumer are in better position to protect interest?,ordinal,ESS2e03_6-ESS3e03_7-ESS4e04_6-ESS5e03_6-ESS6e02_7-ESS11e04_2-subset.sav,3aef7081ad1e48f989b7c93ef68f05e922159010a21d894d10d83899b764a852,cmprcti,original microdata,ESS integrated round,35-54,Don't know,4.35738837039046,1.0501749852351878,2.2978552609226566,6.416921479858264,629,629,2031,2030,395.88554408294414,701.0038127973676,True,Approximate weighted respondent linearization; PSU/stratum unavailable in supplied file,all eligible adults,
ESS,2,2005,2005,cmprcti,Nowadays customer/consumer are in better position to protect interest?,ordinal,ESS2e03_6-ESS3e03_7-ESS4e04_6-ESS5e03_6-ESS6e02_7-ESS11e04_2-subset.sav,3aef7081ad1e48f989b7c93ef68f05e922159010a21d894d10d83899b764a852,cmprcti,original microdata,ESS integrated round,35-54,Refused / no answer,0.0,0.0,0.0,0.0,629,629,2031,2030,395.88554408294414,701.0038127973676,True,Approximate weighted respondent linearization; PSU/stratum unavailable in supplied file,all eligible adults,
ESS,2,2005,2005,cmprcti,Nowadays customer/consumer are in better position to protect interest?,ordinal,ESS2e03_6-ESS3e03_7-ESS4e04_6-ESS5e03_6-ESS6e02_7-ESS11e04_2-subset.sav,3aef7081ad1e48f989b7c93ef68f05e922159010a21d894d10d83899b764a852,cmprcti,original microdata,ESS integrated round,55+,Agree,22.92805588228266,1.8295759506647136,19.34001360394164,26.51609816062368,883,883,2031,2030,518.3835034551009,633.4347150921822,True,Approximate weighted respondent linearization; PSU/stratum unavailable in supplied file,all eligible adults,
ESS,2,2005,2005,cmprcti,Nowadays customer/consumer are in better position to protect interest?,ordinal,ESS2e03_6-ESS3e03_7-ESS4e04_6-ESS5e03_6-ESS6e02_7-ESS11e04_2-subset.sav,3aef7081ad1e48f989b7c93ef68f05e922159010a21d894d10d83899b764a852,cmprcti,original microdata,ESS integrated round,55+,Disagree,40.777122055017365,2.2057632369020497,36.45132637152061,45.10291773851412,883,883,2031,2030,518.3835034551009,633.4347150921822,True,Approximate weighted respondent linearization; PSU/stratum unavailable in supplied file,all eligible adults,
ESS,2,2005,2005,cmprcti,Nowadays customer/consumer are in better position to protect interest?,ordinal,ESS2e03_6-ESS3e03_7-ESS4e04_6-ESS5e03_6-ESS6e02_7-ESS11e04_2-subset.sav,3aef7081ad1e48f989b7c93ef68f05e922159010a21d894d10d83899b764a852,cmprcti,original microdata,ESS integrated round,55+,Neither agree nor disagree,24.90044565215129,1.838584925370611,21.29473557372932,28.506155730573262,883,883,2031,2030,518.3835034551009,633.4347150921822,True,Approximate weighted respondent linearization; PSU/stratum unavailable in supplied file,all eligible adults,
ESS,2,2005,2005,cmprcti,Nowadays customer/consumer are in better position to protect interest?,ordinal,ESS2e03_6-ESS3e03_7-ESS4e04_6-ESS5e03_6-ESS6e02_7-ESS11e04_2-subset.sav,3aef7081ad1e48f989b7c93ef68f05e922159010a21d894d10d83899b764a852,cmprcti,original microdata,ESS integrated round,55+,Don't know,11.394376410548679,1.238779208394726,8.96496528299465,13.823787538102708,883,883,2031,2030,518.3835034551009,633.4347150921822,True,Approximate weighted respondent linearization; PSU/stratum unavailable in supplied file,all eligible adults,
ESS,2,2005,2005,cmprcti,Nowadays customer/consumer are in better position to protect interest?,ordinal,ESS2e03_6-ESS3e03_7-ESS4e04_6-ESS5e03_6-ESS6e02_7-ESS11e04_2-subset.sav,3aef7081ad1e48f989b7c93ef68f05e922159010a21d894d10d83899b764a852,cmprcti,original microdata,ESS integrated round,55+,Refused / no answer,0.0,0.0,0.0,0.0,883,883,2031,2030,518.3835034551009,633.4347150921822,True,Approximate weighted respondent linearization; PSU/stratum unavailable in supplied file,all eligible adults,
ESS,2,2005,2005,ctzchtx,Citizens should not cheat on taxes?,ordinal,ESS2e03_6-ESS3e03_7-ESS4e04_6-ESS5e03_6-ESS6e02_7-ESS11e04_2-subset.sav,3aef7081ad1e48f989b7c93ef68f05e922159010a21d894d10d83899b764a852,ctzchtx,original microdata,ESS integrated round,All,Agree,61.861996971338456,1.4380616060696685,59.041766502326055,64.68222744035086,1984,1984,2031,2030,1169.8798685138213,1956.9689107760787,True,Approximate weighted respondent linearization; PSU/stratum unavailable in supplied file,all eligible adults,
ESS,2,2005,2005,ctzchtx,Citizens should not cheat on taxes?,ordinal,ESS2e03_6-ESS3e03_7-ESS4e04_6-ESS5e03_6-ESS6e02_7-ESS11e04_2-subset.sav,3aef7081ad1e48f989b7c93ef68f05e922159010a21d894d10d83899b764a852,ctzchtx,original microdata,ESS integrated round,All,Disagree,10.47125618416548,0.9617435111253538,8.585148981245489,12.35736338708547,1984,1984,2031,2030,1169.8798685138213,1956.9689107760787,True,Approximate weighted respondent linearization; PSU/stratum unavailable in supplied file,all eligible adults,
ESS,2,2005,2005,ctzchtx,Citizens should not cheat on taxes?,ordinal,ESS2e03_6-ESS3e03_7-ESS4e04_6-ESS5e03_6-ESS6e02_7-ESS11e04_2-subset.sav,3aef7081ad1e48f989b7c93ef68f05e922159010a21d894d10d83899b764a852,ctzchtx,original microdata,ESS integrated round,All,Neither agree nor disagree,22.13254951805854,1.2371580608634298,19.706317676873905,24.558781359243174,1984,1984,2031,2030,1169.8798685138213,1956.9689107760787,True,Approximate weighted respondent linearization; PSU/stratum unavailable in supplied file,all eligible adults,
ESS,2,2005,2005,ctzchtx,Citizens should not cheat on taxes?,ordinal,ESS2e03_6-ESS3e03_7-ESS4e04_6-ESS5e03_6-ESS6e02_7-ESS11e04_2-subset.sav,3aef7081ad1e48f989b7c93ef68f05e922159010a21d894d10d83899b764a852,ctzchtx,original microdata,ESS integrated round,All,Don't know,5.534197326437526,0.6377440255655142,4.283496296148456,6.784898356726595,1984,1984,2031,2030,1169.8798685138213,1956.9689107760787,True,Approximate weighted respondent linearization; PSU/stratum unavailable in supplied file,all eligible adults,
ESS,2,2005,2005,ctzchtx,Citizens should not cheat on taxes?,ordinal,ESS2e03_6-ESS3e03_7-ESS4e04_6-ESS5e03_6-ESS6e02_7-ESS11e04_2-subset.sav,3aef7081ad1e48f989b7c93ef68f05e922159010a21d894d10d83899b764a852,ctzchtx,original microdata,ESS integrated round,All,Refused / no answer,0.0,0.0,0.0,0.0,1984,1984,2031,2030,1169.8798685138213,1956.9689107760787,True,Approximate weighted respondent linearization; PSU/stratum unavailable in supplied file,all eligible adults,
ESS,2,2005,2005,ctzchtx,Citizens should not cheat on taxes?,ordinal,ESS2e03_6-ESS3e03_7-ESS4e04_6-ESS5e03_6-ESS6e02_7-ESS11e04_2-subset.sav,3aef7081ad1e48f989b7c93ef68f05e922159010a21d894d10d83899b764a852,ctzchtx,original microdata,ESS integrated round,18-34,Agree,52.4363274764175,2.8560646305488535,46.83520409022489,58.037450862610115,472,472,2031,2030,307.9895225164919,622.530382886529,True,Approximate weighted respondent linearization; PSU/stratum unavailable in supplied file,all eligible adults,
ESS,2,2005,2005,ctzchtx,Citizens should not cheat on taxes?,ordinal,ESS2e03_6-ESS3e03_7-ESS4e04_6-ESS5e03_6-ESS6e02_7-ESS11e04_2-subset.sav,3aef7081ad1e48f989b7c93ef68f05e922159010a21d894d10d83899b764a852,ctzchtx,original microdata,ESS integrated round,18-34,Disagree,12.927785885591653,1.986103063364379,9.032773077894364,16.822798693288945,472,472,2031,2030,307.9895225164919,622.530382886529,True,Approximate weighted respondent linearization; PSU/stratum unavailable in supplied file,all eligible adults,
ESS,2,2005,2005,ctzchtx,Citizens should not cheat on taxes?,ordinal,ESS2e03_6-ESS3e03_7-ESS4e04_6-ESS5e03_6-ESS6e02_7-ESS11e04_2-subset.sav,3aef7081ad1e48f989b7c93ef68f05e922159010a21d894d10d83899b764a852,ctzchtx,original microdata,ESS integrated round,18-34,Neither agree nor disagree,28.765568506470466,2.6248066558223133,23.61797282992056,33.91316418302037,472,472,2031,2030,307.9895225164919,622.530382886529,True,Approximate weighted respondent linearization; PSU/stratum unavailable in supplied file,all eligible adults,
ESS,2,2005,2005,ctzchtx,Citizens should not cheat on taxes?,ordinal,ESS2e03_6-ESS3e03_7-ESS4e04_6-ESS5e03_6-ESS6e02_7-ESS11e04_2-subset.sav,3aef7081ad1e48f989b7c93ef68f05e922159010a21d894d10d83899b764a852,ctzchtx,original microdata,ESS integrated round,18-34,Don't know,5.8703181315203805,1.402847103768578,3.119147994778493,8.621488268262269,472,472,2031,2030,307.9895225164919,622.530382886529,True,Approximate weighted respondent linearization; PSU/stratum unavailable in supplied file,all eligible adults,
ESS,2,2005,2005,ctzchtx,Citizens should not cheat on taxes?,ordinal,ESS2e03_6-ESS3e03_7-ESS4e04_6-ESS5e03_6-ESS6e02_7-ESS11e04_2-subset.sav,3aef7081ad1e48f989b7c93ef68f05e922159010a21d894d10d83899b764a852,ctzchtx,original microdata,ESS integrated round,18-34,Refused / no answer,0.0,0.0,0.0,0.0,472,472,2031,2030,307.9895225164919,622.530382886529,True,Approximate weighted respondent linearization; PSU/stratum unavailable in supplied file,all eligible adults,
ESS,2,2005,2005,ctzchtx,Citizens should not cheat on taxes?,ordinal,ESS2e03_6-ESS3e03_7-ESS4e04_6-ESS5e03_6-ESS6e02_7-ESS11e04_2-subset.sav,3aef7081ad1e48f989b7c93ef68f05e922159010a21d894d10d83899b764a852,ctzchtx,original microdata,ESS integrated round,35-54,Agree,65.16946591226065,2.4041956693648747,60.454517782366686,69.8844140421546,629,629,2031,2030,395.88554408294414,701.0038127973676,True,Approximate weighted respondent linearization; PSU/stratum unavailable in supplied file,all eligible adults,
ESS,2,2005,2005,ctzchtx,Citizens should not cheat on taxes?,ordinal,ESS2e03_6-ESS3e03_7-ESS4e04_6-ESS5e03_6-ESS6e02_7-ESS11e04_2-subset.sav,3aef7081ad1e48f989b7c93ef68f05e922159010a21d894d10d83899b764a852,ctzchtx,original microdata,ESS integrated round,35-54,Disagree,11.496887477476887,1.6684219255882997,8.22488972032064,14.768885234633135,629,629,2031,2030,395.88554408294414,701.0038127973676,True,Approximate weighted respondent linearization; PSU/stratum unavailable in supplied file,all eligible adults,
ESS,2,2005,2005,ctzchtx,Citizens should not cheat on taxes?,ordinal,ESS2e03_6-ESS3e03_7-ESS4e04_6-ESS5e03_6-ESS6e02_7-ESS11e04_2-subset.sav,3aef7081ad1e48f989b7c93ef68f05e922159010a21d894d10d83899b764a852,ctzchtx,original microdata,ESS integrated round,35-54,Neither agree nor disagree,18.769483562783513,1.97769565503063,14.890958803336861,22.648008322230165,629,629,2031,2030,395.88554408294414,701.0038127973676,True,Approximate weighted respondent linearization; PSU/stratum unavailable in supplied file,all eligible adults,
ESS,2,2005,2005,ctzchtx,Citizens should not cheat on taxes?,ordinal,ESS2e03_6-ESS3e03_7-ESS4e04_6-ESS5e03_6-ESS6e02_7-ESS11e04_2-subset.sav,3aef7081ad1e48f989b7c93ef68f05e922159010a21d894d10d83899b764a852,ctzchtx,original microdata,ESS integrated round,35-54,Don't know,4.564163047478956,0.946888609133614,2.707188287170932,6.421137807786979,629,629,2031,2030,395.88554408294414,701.0038127973676,True,Approximate weighted respondent linearization; PSU/stratum unavailable in supplied file,all eligible adults,
ESS,2,2005,2005,ctzchtx,Citizens should not cheat on taxes?,ordinal,ESS2e03_6-ESS3e03_7-ESS4e04_6-ESS5e03_6-ESS6e02_7-ESS11e04_2-subset.sav,3aef7081ad1e48f989b7c93ef68f05e922159010a21d894d10d83899b764a852,ctzchtx,original microdata,ESS integrated round,35-54,Refused / no answer,0.0,0.0,0.0,0.0,629,629,2031,2030,395.88554408294414,701.0038127973676,True,Approximate weighted respondent linearization; PSU/stratum unavailable in supplied file,all eligible adults,
ESS,2,2005,2005,ctzchtx,Citizens should not cheat on taxes?,ordinal,ESS2e03_6-ESS3e03_7-ESS4e04_6-ESS5e03_6-ESS6e02_7-ESS11e04_2-subset.sav,3aef7081ad1e48f989b7c93ef68f05e922159010a21d894d10d83899b764a852,ctzchtx,original microdata,ESS integrated round,55+,Agree,67.46512735995819,2.0498852540540127,63.44502917566504,71.48522554425134,883,883,2031,2030,518.3835034551009,633.4347150921822,True,Approximate weighted respondent linearization; PSU/stratum unavailable in supplied file,all eligible adults,
ESS,2,2005,2005,ctzchtx,Citizens should not cheat on taxes?,ordinal,ESS2e03_6-ESS3e03_7-ESS4e04_6-ESS5e03_6-ESS6e02_7-ESS11e04_2-subset.sav,3aef7081ad1e48f989b7c93ef68f05e922159010a21d894d10d83899b764a852,ctzchtx,original microdata,ESS integrated round,55+,Disagree,6.921978304109004,1.2505261249767234,4.469529907552264,9.374426700665744,883,883,2031,2030,518.3835034551009,633.4347150921822,True,Approximate weighted respondent linearization; PSU/stratum unavailable in supplied file,all eligible adults,
ESS,2,2005,2005,ctzchtx,Citizens should not cheat on taxes?,ordinal,ESS2e03_6-ESS3e03_7-ESS4e04_6-ESS5e03_6-ESS6e02_7-ESS11e04_2-subset.sav,3aef7081ad1e48f989b7c93ef68f05e922159010a21d894d10d83899b764a852,ctzchtx,original microdata,ESS integrated round,55+,Neither agree nor disagree,19.335522845854374,1.7039825074545338,15.993786048276164,22.677259643432585,883,883,2031,2030,518.3835034551009,633.4347150921822,True,Approximate weighted respondent linearization; PSU/stratum unavailable in supplied file,all eligible adults,
ESS,2,2005,2005,ctzchtx,Citizens should not cheat on taxes?,ordinal,ESS2e03_6-ESS3e03_7-ESS4e04_6-ESS5e03_6-ESS6e02_7-ESS11e04_2-subset.sav,3aef7081ad1e48f989b7c93ef68f05e922159010a21d894d10d83899b764a852,ctzchtx,original microdata,ESS integrated round,55+,Don't know,6.277371490078427,0.9362578950343386,4.441244976941174,8.11349800321568,883,883,2031,2030,518.3835034551009,633.4347150921822,True,Approximate weighted respondent linearization; PSU/stratum unavailable in supplied file,all eligible adults,
ESS,2,2005,2005,ctzchtx,Citizens should not cheat on taxes?,ordinal,ESS2e03_6-ESS3e03_7-ESS4e04_6-ESS5e03_6-ESS6e02_7-ESS11e04_2-subset.sav,3aef7081ad1e48f989b7c93ef68f05e922159010a21d894d10d83899b764a852,ctzchtx,original microdata,ESS integrated round,55+,Refused / no answer,0.0,0.0,0.0,0.0,883,883,2031,2030,518.3835034551009,633.4347150921822,True,Approximate weighted respondent linearization; PSU/stratum unavailable in supplied file,all eligible adults,
ESS,2,2005,2005,frmwktg,Nowadays large firms work together in order to keep prices high?,ordinal,ESS2e03_6-ESS3e03_7-ESS4e04_6-ESS5e03_6-ESS6e02_7-ESS11e04_2-subset.sav,3aef7081ad1e48f989b7c93ef68f05e922159010a21d894d10d83899b764a852,frmwktg,original microdata,ESS integrated round,All,Agree,69.32915859595704,1.3328880755387564,66.71518743745328,71.9431297544608,1984,1984,2031,2030,1169.8798685138213,1956.9689107760787,True,Approximate weighted respondent linearization; PSU/stratum unavailable in supplied file,all eligible adults,
ESS,2,2005,2005,frmwktg,Nowadays large firms work together in order to keep prices high?,ordinal,ESS2e03_6-ESS3e03_7-ESS4e04_6-ESS5e03_6-ESS6e02_7-ESS11e04_2-subset.sav,3aef7081ad1e48f989b7c93ef68f05e922159010a21d894d10d83899b764a852,frmwktg,original microdata,ESS integrated round,All,Disagree,7.405016211113326,0.7732324157627531,5.88860439025804,8.921428031968611,1984,1984,2031,2030,1169.8798685138213,1956.9689107760787,True,Approximate weighted respondent linearization; PSU/stratum unavailable in supplied file,all eligible adults,
ESS,2,2005,2005,frmwktg,Nowadays large firms work together in order to keep prices high?,ordinal,ESS2e03_6-ESS3e03_7-ESS4e04_6-ESS5e03_6-ESS6e02_7-ESS11e04_2-subset.sav,3aef7081ad1e48f989b7c93ef68f05e922159010a21d894d10d83899b764a852,frmwktg,original microdata,ESS integrated round,All,Neither agree nor disagree,15.116989629485165,1.0170880287356532,13.122344451419623,17.111634807550708,1984,1984,2031,2030,1169.8798685138213,1956.9689107760787,True,Approximate weighted respondent linearization; PSU/stratum unavailable in supplied file,all eligible adults,
ESS,2,2005,2005,frmwktg,Nowadays large firms work together in order to keep prices high?,ordinal,ESS2e03_6-ESS3e03_7-ESS4e04_6-ESS5e03_6-ESS6e02_7-ESS11e04_2-subset.sav,3aef7081ad1e48f989b7c93ef68f05e922159010a21d894d10d83899b764a852,frmwktg,original microdata,ESS integrated round,All,Don't know,8.148835563444475,0.7832901213817501,6.612699241416686,9.684971885472264,1984,1984,2031,2030,1169.8798685138213,1956.9689107760787,True,Approximate weighted respondent linearization; PSU/stratum unavailable in supplied file,all eligible adults,
ESS,2,2005,2005,frmwktg,Nowadays large firms work together in order to keep prices high?,ordinal,ESS2e03_6-ESS3e03_7-ESS4e04_6-ESS5e03_6-ESS6e02_7-ESS11e04_2-subset.sav,3aef7081ad1e48f989b7c93ef68f05e922159010a21d894d10d83899b764a852,frmwktg,original microdata,ESS integrated round,All,Refused / no answer,0.0,0.0,0.0,0.0,1984,1984,2031,2030,1169.8798685138213,1956.9689107760787,True,Approximate weighted respondent linearization; PSU/stratum unavailable in supplied file,all eligible adults,
ESS,2,2005,2005,frmwktg,Nowadays large firms work together in order to keep prices high?,ordinal,ESS2e03_6-ESS3e03_7-ESS4e04_6-ESS5e03_6-ESS6e02_7-ESS11e04_2-subset.sav,3aef7081ad1e48f989b7c93ef68f05e922159010a21d894d10d83899b764a852,frmwktg,original microdata,ESS integrated round,18-34,Agree,60.246225920904834,2.7835137789238056,54.78738442405698,65.70506741775269,472,472,2031,2030,307.9895225164919,622.530382886529,True,Approximate weighted respondent linearization; PSU/stratum unavailable in supplied file,all eligible adults,
ESS,2,2005,2005,frmwktg,Nowadays large firms work together in order to keep prices high?,ordinal,ESS2e03_6-ESS3e03_7-ESS4e04_6-ESS5e03_6-ESS6e02_7-ESS11e04_2-subset.sav,3aef7081ad1e48f989b7c93ef68f05e922159010a21d894d10d83899b764a852,frmwktg,original microdata,ESS integrated round,18-34,Disagree,10.099294519145516,1.7704569705569977,6.627192439953824,13.57139659833721,472,472,2031,2030,307.9895225164919,622.530382886529,True,Approximate weighted respondent linearization; PSU/stratum unavailable in supplied file,all eligible adults,
ESS,2,2005,2005,frmwktg,Nowadays large firms work together in order to keep prices high?,ordinal,ESS2e03_6-ESS3e03_7-ESS4e04_6-ESS5e03_6-ESS6e02_7-ESS11e04_2-subset.sav,3aef7081ad1e48f989b7c93ef68f05e922159010a21d894d10d83899b764a852,frmwktg,original microdata,ESS integrated round,18-34,Neither agree nor disagree,19.599819468985018,2.1770146101607417,15.330403674038164,23.86923526393187,472,472,2031,2030,307.9895225164919,622.530382886529,True,Approximate weighted respondent linearization; PSU/stratum unavailable in supplied file,all eligible adults,
ESS,2,2005,2005,frmwktg,Nowadays large firms work together in order to keep prices high?,ordinal,ESS2e03_6-ESS3e03_7-ESS4e04_6-ESS5e03_6-ESS6e02_7-ESS11e04_2-subset.sav,3aef7081ad1e48f989b7c93ef68f05e922159010a21d894d10d83899b764a852,frmwktg,original microdata,ESS integrated round,18-34,Don't know,10.054660090964632,1.7680196194316153,6.5873379821709195,13.521982199758344,472,472,2031,2030,307.9895225164919,622.530382886529,True,Approximate weighted respondent linearization; PSU/stratum unavailable in supplied file,all eligible adults,
ESS,2,2005,2005,frmwktg,Nowadays large firms work together in order to keep prices high?,ordinal,ESS2e03_6-ESS3e03_7-ESS4e04_6-ESS5e03_6-ESS6e02_7-ESS11e04_2-subset.sav,3aef7081ad1e48f989b7c93ef68f05e922159010a21d894d10d83899b764a852,frmwktg,original microdata,ESS integrated round,18-34,Refused / no answer,0.0,0.0,0.0,0.0,472,472,2031,2030,307.9895225164919,622.530382886529,True,Approximate weighted respondent linearization; PSU/stratum unavailable in supplied file,all eligible adults,
ESS,2,2005,2005,frmwktg,Nowadays large firms work together in order to keep prices high?,ordinal,ESS2e03_6-ESS3e03_7-ESS4e04_6-ESS5e03_6-ESS6e02_7-ESS11e04_2-subset.sav,3aef7081ad1e48f989b7c93ef68f05e922159010a21d894d10d83899b764a852,frmwktg,original microdata,ESS integrated round,35-54,Agree,73.63165769898572,2.153756276609093,69.40785459591797,77.85546080205347,629,629,2031,2030,395.88554408294414,701.0038127973676,True,Approximate weighted respondent linearization; PSU/stratum unavailable in supplied file,all eligible adults,
ESS,2,2005,2005,frmwktg,Nowadays large firms work together in order to keep prices high?,ordinal,ESS2e03_6-ESS3e03_7-ESS4e04_6-ESS5e03_6-ESS6e02_7-ESS11e04_2-subset.sav,3aef7081ad1e48f989b7c93ef68f05e922159010a21d894d10d83899b764a852,frmwktg,original microdata,ESS integrated round,35-54,Disagree,6.446626344216889,1.2038762044046745,4.08566465923009,8.80758802920369,629,629,2031,2030,395.88554408294414,701.0038127973676,True,Approximate weighted respondent linearization; PSU/stratum unavailable in supplied file,all eligible adults,
ESS,2,2005,2005,frmwktg,Nowadays large firms work together in order to keep prices high?,ordinal,ESS2e03_6-ESS3e03_7-ESS4e04_6-ESS5e03_6-ESS6e02_7-ESS11e04_2-subset.sav,3aef7081ad1e48f989b7c93ef68f05e922159010a21d894d10d83899b764a852,frmwktg,original microdata,ESS integrated round,35-54,Neither agree nor disagree,14.508484864662327,1.6893920175020896,11.195361962447171,17.821607766877484,629,629,2031,2030,395.88554408294414,701.0038127973676,True,Approximate weighted respondent linearization; PSU/stratum unavailable in supplied file,all eligible adults,
ESS,2,2005,2005,frmwktg,Nowadays large firms work together in order to keep prices high?,ordinal,ESS2e03_6-ESS3e03_7-ESS4e04_6-ESS5e03_6-ESS6e02_7-ESS11e04_2-subset.sav,3aef7081ad1e48f989b7c93ef68f05e922159010a21d894d10d83899b764a852,frmwktg,original microdata,ESS integrated round,35-54,Don't know,5.41323109213507,1.1033537771545827,3.2494072842414563,7.577054900028683,629,629,2031,2030,395.88554408294414,701.0038127973676,True,Approximate weighted respondent linearization; PSU/stratum unavailable in supplied file,all eligible adults,
ESS,2,2005,2005,frmwktg,Nowadays large firms work together in order to keep prices high?,ordinal,ESS2e03_6-ESS3e03_7-ESS4e04_6-ESS5e03_6-ESS6e02_7-ESS11e04_2-subset.sav,3aef7081ad1e48f989b7c93ef68f05e922159010a21d894d10d83899b764a852,frmwktg,original microdata,ESS integrated round,35-54,Refused / no answer,0.0,0.0,0.0,0.0,629,629,2031,2030,395.88554408294414,701.0038127973676,True,Approximate weighted respondent linearization; PSU/stratum unavailable in supplied file,all eligible adults,
ESS,2,2005,2005,frmwktg,Nowadays large firms work together in order to keep prices high?,ordinal,ESS2e03_6-ESS3e03_7-ESS4e04_6-ESS5e03_6-ESS6e02_7-ESS11e04_2-subset.sav,3aef7081ad1e48f989b7c93ef68f05e922159010a21d894d10d83899b764a852,frmwktg,original microdata,ESS integrated round,55+,Agree,73.49428124757631,1.8263264216699184,69.91261172867924,77.07595076647338,883,883,2031,2030,518.3835034551009,633.4347150921822,True,Approximate weighted respondent linearization; PSU/stratum unavailable in supplied file,all eligible adults,
ESS,2,2005,2005,frmwktg,Nowadays large firms work together in order to keep prices high?,ordinal,ESS2e03_6-ESS3e03_7-ESS4e04_6-ESS5e03_6-ESS6e02_7-ESS11e04_2-subset.sav,3aef7081ad1e48f989b7c93ef68f05e922159010a21d894d10d83899b764a852,frmwktg,original microdata,ESS integrated round,55+,Disagree,5.817741103030456,0.9231483608212143,4.007324133675169,7.628158072385743,883,883,2031,2030,518.3835034551009,633.4347150921822,True,Approximate weighted respondent linearization; PSU/stratum unavailable in supplied file,all eligible adults,
ESS,2,2005,2005,frmwktg,Nowadays large firms work together in order to keep prices high?,ordinal,ESS2e03_6-ESS3e03_7-ESS4e04_6-ESS5e03_6-ESS6e02_7-ESS11e04_2-subset.sav,3aef7081ad1e48f989b7c93ef68f05e922159010a21d894d10d83899b764a852,frmwktg,original microdata,ESS integrated round,55+,Neither agree nor disagree,11.384744522254532,1.318155762151542,8.799665393771113,13.969823650737952,883,883,2031,2030,518.3835034551009,633.4347150921822,True,Approximate weighted respondent linearization; PSU/stratum unavailable in supplied file,all eligible adults,
ESS,2,2005,2005,frmwktg,Nowadays large firms work together in order to keep prices high?,ordinal,ESS2e03_6-ESS3e03_7-ESS4e04_6-ESS5e03_6-ESS6e02_7-ESS11e04_2-subset.sav,3aef7081ad1e48f989b7c93ef68f05e922159010a21d894d10d83899b764a852,frmwktg,original microdata,ESS integrated round,55+,Don't know,9.303233127138697,1.141759437175489,7.06409070138036,11.542375552897033,883,883,2031,2030,518.3835034551009,633.4347150921822,True,Approximate weighted respondent linearization; PSU/stratum unavailable in supplied file,all eligible adults,
ESS,2,2005,2005,frmwktg,Nowadays large firms work together in order to keep prices high?,ordinal,ESS2e03_6-ESS3e03_7-ESS4e04_6-ESS5e03_6-ESS6e02_7-ESS11e04_2-subset.sav,3aef7081ad1e48f989b7c93ef68f05e922159010a21d894d10d83899b764a852,frmwktg,original microdata,ESS integrated round,55+,Refused / no answer,0.0,0.0,0.0,0.0,883,883,2031,2030,518.3835034551009,633.4347150921822,True,Approximate weighted respondent linearization; PSU/stratum unavailable in supplied file,all eligible adults,
ESS,2,2005,2005,mnyacth,"If you want to make money, you can't always act honestly?",ordinal,ESS2e03_6-ESS3e03_7-ESS4e04_6-ESS5e03_6-ESS6e02_7-ESS11e04_2-subset.sav,3aef7081ad1e48f989b7c93ef68f05e922159010a21d894d10d83899b764a852,mnyacth,original microdata,ESS integrated round,All,Agree,50.24054391784035,1.4616484847788518,47.374056436107644,53.10703139957305,1984,1984,2031,2030,1169.8798685138213,1956.9689107760787,True,Approximate weighted respondent linearization; PSU/stratum unavailable in supplied file,all eligible adults,
ESS,2,2005,2005,mnyacth,"If you want to make money, you can't always act honestly?",ordinal,ESS2e03_6-ESS3e03_7-ESS4e04_6-ESS5e03_6-ESS6e02_7-ESS11e04_2-subset.sav,3aef7081ad1e48f989b7c93ef68f05e922159010a21d894d10d83899b764a852,mnyacth,original microdata,ESS integrated round,All,Disagree,23.628313968331778,1.2286960494382837,21.21867725933731,26.037950677326247,1984,1984,2031,2030,1169.8798685138213,1956.9689107760787,True,Approximate weighted respondent linearization; PSU/stratum unavailable in supplied file,all eligible adults,
ESS,2,2005,2005,mnyacth,"If you want to make money, you can't always act honestly?",ordinal,ESS2e03_6-ESS3e03_7-ESS4e04_6-ESS5e03_6-ESS6e02_7-ESS11e04_2-subset.sav,3aef7081ad1e48f989b7c93ef68f05e922159010a21d894d10d83899b764a852,mnyacth,original microdata,ESS integrated round,All,Neither agree nor disagree,21.147991276572764,1.1617138963443172,18.86971549692815,23.426267056217377,1984,1984,2031,2030,1169.8798685138213,1956.9689107760787,True,Approximate weighted respondent linearization; PSU/stratum unavailable in supplied file,all eligible adults,
ESS,2,2005,2005,mnyacth,"If you want to make money, you can't always act honestly?",ordinal,ESS2e03_6-ESS3e03_7-ESS4e04_6-ESS5e03_6-ESS6e02_7-ESS11e04_2-subset.sav,3aef7081ad1e48f989b7c93ef68f05e922159010a21d894d10d83899b764a852,mnyacth,original microdata,ESS integrated round,All,Don't know,4.983150837255112,0.5384895934679367,3.927100976571463,6.03920069793876,1984,1984,2031,2030,1169.8798685138213,1956.9689107760787,True,Approximate weighted respondent linearization; PSU/stratum unavailable in supplied file,all eligible adults,
ESS,2,2005,2005,mnyacth,"If you want to make money, you can't always act honestly?",ordinal,ESS2e03_6-ESS3e03_7-ESS4e04_6-ESS5e03_6-ESS6e02_7-ESS11e04_2-subset.sav,3aef7081ad1e48f989b7c93ef68f05e922159010a21d894d10d83899b764a852,mnyacth,original microdata,ESS integrated round,All,Refused / no answer,0.0,0.0,0.0,0.0,1984,1984,2031,2030,1169.8798685138213,1956.9689107760787,True,Approximate weighted respondent linearization; PSU/stratum unavailable in supplied file,all eligible adults,
ESS,2,2005,2005,mnyacth,"If you want to make money, you can't always act honestly?",ordinal,ESS2e03_6-ESS3e03_7-ESS4e04_6-ESS5e03_6-ESS6e02_7-ESS11e04_2-subset.sav,3aef7081ad1e48f989b7c93ef68f05e922159010a21d894d10d83899b764a852,mnyacth,original microdata,ESS integrated round,18-34,Agree,57.34644167016179,2.801247425641546,51.85282212862588,62.840061211697694,472,472,2031,2030,307.9895225164919,622.530382886529,True,Approximate weighted respondent linearization; PSU/stratum unavailable in supplied file,all eligible adults,
ESS,2,2005,2005,mnyacth,"If you want to make money, you can't always act honestly?",ordinal,ESS2e03_6-ESS3e03_7-ESS4e04_6-ESS5e03_6-ESS6e02_7-ESS11e04_2-subset.sav,3aef7081ad1e48f989b7c93ef68f05e922159010a21d894d10d83899b764a852,mnyacth,original microdata,ESS integrated round,18-34,Disagree,19.727262176705768,2.2893506665585504,15.23754040343044,24.216983949981095,472,472,2031,2030,307.9895225164919,622.530382886529,True,Approximate weighted respondent linearization; PSU/stratum unavailable in supplied file,all eligible adults,
ESS,2,2005,2005,mnyacth,"If you want to make money, you can't always act honestly?",ordinal,ESS2e03_6-ESS3e03_7-ESS4e04_6-ESS5e03_6-ESS6e02_7-ESS11e04_2-subset.sav,3aef7081ad1e48f989b7c93ef68f05e922159010a21d894d10d83899b764a852,mnyacth,original microdata,ESS integrated round,18-34,Neither agree nor disagree,20.449332382037387,2.1991871550259443,16.13643327153544,24.762231492539332,472,472,2031,2030,307.9895225164919,622.530382886529,True,Approximate weighted respondent linearization; PSU/stratum unavailable in supplied file,all eligible adults,
ESS,2,2005,2005,mnyacth,"If you want to make money, you can't always act honestly?",ordinal,ESS2e03_6-ESS3e03_7-ESS4e04_6-ESS5e03_6-ESS6e02_7-ESS11e04_2-subset.sav,3aef7081ad1e48f989b7c93ef68f05e922159010a21d894d10d83899b764a852,mnyacth,original microdata,ESS integrated round,18-34,Don't know,2.476963771095054,0.844709144529265,0.8203765589756984,4.13355098321441,472,472,2031,2030,307.9895225164919,622.530382886529,True,Approximate weighted respondent linearization; PSU/stratum unavailable in supplied file,all eligible adults,
ESS,2,2005,2005,mnyacth,"If you want to make money, you can't always act honestly?",ordinal,ESS2e03_6-ESS3e03_7-ESS4e04_6-ESS5e03_6-ESS6e02_7-ESS11e04_2-subset.sav,3aef7081ad1e48f989b7c93ef68f05e922159010a21d894d10d83899b764a852,mnyacth,original microdata,ESS integrated round,18-34,Refused / no answer,0.0,0.0,0.0,0.0,472,472,2031,2030,307.9895225164919,622.530382886529,True,Approximate weighted respondent linearization; PSU/stratum unavailable in supplied file,all eligible adults,
ESS,2,2005,2005,mnyacth,"If you want to make money, you can't always act honestly?",ordinal,ESS2e03_6-ESS3e03_7-ESS4e04_6-ESS5e03_6-ESS6e02_7-ESS11e04_2-subset.sav,3aef7081ad1e48f989b7c93ef68f05e922159010a21d894d10d83899b764a852,mnyacth,original microdata,ESS integrated round,35-54,Agree,53.483620706074355,2.499903009305361,48.580977727038295,58.386263685110414,629,629,2031,2030,395.88554408294414,701.0038127973676,True,Approximate weighted respondent linearization; PSU/stratum unavailable in supplied file,all eligible adults,
ESS,2,2005,2005,mnyacth,"If you want to make money, you can't always act honestly?",ordinal,ESS2e03_6-ESS3e03_7-ESS4e04_6-ESS5e03_6-ESS6e02_7-ESS11e04_2-subset.sav,3aef7081ad1e48f989b7c93ef68f05e922159010a21d894d10d83899b764a852,mnyacth,original microdata,ESS integrated round,35-54,Disagree,24.402276618472094,2.153293022047766,20.179382019339947,28.62517121760424,629,629,2031,2030,395.88554408294414,701.0038127973676,True,Approximate weighted respondent linearization; PSU/stratum unavailable in supplied file,all eligible adults,
ESS,2,2005,2005,mnyacth,"If you want to make money, you can't always act honestly?",ordinal,ESS2e03_6-ESS3e03_7-ESS4e04_6-ESS5e03_6-ESS6e02_7-ESS11e04_2-subset.sav,3aef7081ad1e48f989b7c93ef68f05e922159010a21d894d10d83899b764a852,mnyacth,original microdata,ESS integrated round,35-54,Neither agree nor disagree,19.407999304593755,1.9272456423058433,15.62841374389073,23.187584865296778,629,629,2031,2030,395.88554408294414,701.0038127973676,True,Approximate weighted respondent linearization; PSU/stratum unavailable in supplied file,all eligible adults,
ESS,2,2005,2005,mnyacth,"If you want to make money, you can't always act honestly?",ordinal,ESS2e03_6-ESS3e03_7-ESS4e04_6-ESS5e03_6-ESS6e02_7-ESS11e04_2-subset.sav,3aef7081ad1e48f989b7c93ef68f05e922159010a21d894d10d83899b764a852,mnyacth,original microdata,ESS integrated round,35-54,Don't know,2.706103370859799,0.7530083584427807,1.2293536217962249,4.182853119923373,629,629,2031,2030,395.88554408294414,701.0038127973676,True,Approximate weighted respondent linearization; PSU/stratum unavailable in supplied file,all eligible adults,
ESS,2,2005,2005,mnyacth,"If you want to make money, you can't always act honestly?",ordinal,ESS2e03_6-ESS3e03_7-ESS4e04_6-ESS5e03_6-ESS6e02_7-ESS11e04_2-subset.sav,3aef7081ad1e48f989b7c93ef68f05e922159010a21d894d10d83899b764a852,mnyacth,original microdata,ESS integrated round,35-54,Refused / no answer,0.0,0.0,0.0,0.0,629,629,2031,2030,395.88554408294414,701.0038127973676,True,Approximate weighted respondent linearization; PSU/stratum unavailable in supplied file,all eligible adults,
ESS,2,2005,2005,mnyacth,"If you want to make money, you can't always act honestly?",ordinal,ESS2e03_6-ESS3e03_7-ESS4e04_6-ESS5e03_6-ESS6e02_7-ESS11e04_2-subset.sav,3aef7081ad1e48f989b7c93ef68f05e922159010a21d894d10d83899b764a852,mnyacth,original microdata,ESS integrated round,55+,Agree,39.667952484676995,2.177062224480516,35.398443311703204,43.937461657650786,883,883,2031,2030,518.3835034551009,633.4347150921822,True,Approximate weighted respondent linearization; PSU/stratum unavailable in supplied file,all eligible adults,
ESS,2,2005,2005,mnyacth,"If you want to make money, you can't always act honestly?",ordinal,ESS2e03_6-ESS3e03_7-ESS4e04_6-ESS5e03_6-ESS6e02_7-ESS11e04_2-subset.sav,3aef7081ad1e48f989b7c93ef68f05e922159010a21d894d10d83899b764a852,mnyacth,original microdata,ESS integrated round,55+,Disagree,26.605688671446273,1.905894219224594,22.867976097043947,30.3434012458486,883,883,2031,2030,518.3835034551009,633.4347150921822,True,Approximate weighted respondent linearization; PSU/stratum unavailable in supplied file,all eligible adults,
ESS,2,2005,2005,mnyacth,"If you want to make money, you can't always act honestly?",ordinal,ESS2e03_6-ESS3e03_7-ESS4e04_6-ESS5e03_6-ESS6e02_7-ESS11e04_2-subset.sav,3aef7081ad1e48f989b7c93ef68f05e922159010a21d894d10d83899b764a852,mnyacth,original microdata,ESS integrated round,55+,Neither agree nor disagree,23.760221639532087,1.8973255182259199,20.039313429792806,27.48112984927137,883,883,2031,2030,518.3835034551009,633.4347150921822,True,Approximate weighted respondent linearization; PSU/stratum unavailable in supplied file,all eligible adults,
ESS,2,2005,2005,mnyacth,"If you want to make money, you can't always act honestly?",ordinal,ESS2e03_6-ESS3e03_7-ESS4e04_6-ESS5e03_6-ESS6e02_7-ESS11e04_2-subset.sav,3aef7081ad1e48f989b7c93ef68f05e922159010a21d894d10d83899b764a852,mnyacth,original microdata,ESS integrated round,55+,Don't know,9.966137204344646,1.1574835671087935,7.696157664133462,12.23611674455583,883,883,2031,2030,518.3835034551009,633.4347150921822,True,Approximate weighted respondent linearization; PSU/stratum unavailable in supplied file,all eligible adults,
ESS,2,2005,2005,mnyacth,"If you want to make money, you can't always act honestly?",ordinal,ESS2e03_6-ESS3e03_7-ESS4e04_6-ESS5e03_6-ESS6e02_7-ESS11e04_2-subset.sav,3aef7081ad1e48f989b7c93ef68f05e922159010a21d894d10d83899b764a852,mnyacth,original microdata,ESS integrated round,55+,Refused / no answer,0.0,0.0,0.0,0.0,883,883,2031,2030,518.3835034551009,633.4347150921822,True,Approximate weighted respondent linearization; PSU/stratum unavailable in supplied file,all eligible adults,
ESS,2,2005,2005,scbevts,Society better off if everyone looked after themselves?,ordinal,ESS2e03_6-ESS3e03_7-ESS4e04_6-ESS5e03_6-ESS6e02_7-ESS11e04_2-subset.sav,3aef7081ad1e48f989b7c93ef68f05e922159010a21d894d10d83899b764a852,scbevts,original microdata,ESS integrated round,All,Agree,20.809096377149462,1.190378130692696,18.474606213684986,23.14358654061394,1984,1984,2031,2030,1169.8798685138213,1956.9689107760787,True,Approximate weighted respondent linearization; PSU/stratum unavailable in supplied file,all eligible adults,
ESS,2,2005,2005,scbevts,Society better off if everyone looked after themselves?,ordinal,ESS2e03_6-ESS3e03_7-ESS4e04_6-ESS5e03_6-ESS6e02_7-ESS11e04_2-subset.sav,3aef7081ad1e48f989b7c93ef68f05e922159010a21d894d10d83899b764a852,scbevts,original microdata,ESS integrated round,All,Disagree,51.21639776205246,1.4626076097431975,48.34802930843606,54.08476621566886,1984,1984,2031,2030,1169.8798685138213,1956.9689107760787,True,Approximate weighted respondent linearization; PSU/stratum unavailable in supplied file,all eligible adults,
ESS,2,2005,2005,scbevts,Society better off if everyone looked after themselves?,ordinal,ESS2e03_6-ESS3e03_7-ESS4e04_6-ESS5e03_6-ESS6e02_7-ESS11e04_2-subset.sav,3aef7081ad1e48f989b7c93ef68f05e922159010a21d894d10d83899b764a852,scbevts,original microdata,ESS integrated round,All,Neither agree nor disagree,23.411060602119502,1.2658253998199362,20.928608288564693,25.89351291567431,1984,1984,2031,2030,1169.8798685138213,1956.9689107760787,True,Approximate weighted respondent linearization; PSU/stratum unavailable in supplied file,all eligible adults,
ESS,2,2005,2005,scbevts,Society better off if everyone looked after themselves?,ordinal,ESS2e03_6-ESS3e03_7-ESS4e04_6-ESS5e03_6-ESS6e02_7-ESS11e04_2-subset.sav,3aef7081ad1e48f989b7c93ef68f05e922159010a21d894d10d83899b764a852,scbevts,original microdata,ESS integrated round,All,Don't know,4.563445258678578,0.5785288111314855,3.4288731558784886,5.6980173614786676,1984,1984,2031,2030,1169.8798685138213,1956.9689107760787,True,Approximate weighted respondent linearization; PSU/stratum unavailable in supplied file,all eligible adults,
ESS,2,2005,2005,scbevts,Society better off if everyone looked after themselves?,ordinal,ESS2e03_6-ESS3e03_7-ESS4e04_6-ESS5e03_6-ESS6e02_7-ESS11e04_2-subset.sav,3aef7081ad1e48f989b7c93ef68f05e922159010a21d894d10d83899b764a852,scbevts,original microdata,ESS integrated round,All,Refused / no answer,0.0,0.0,0.0,0.0,1984,1984,2031,2030,1169.8798685138213,1956.9689107760787,True,Approximate weighted respondent linearization; PSU/stratum unavailable in supplied file,all eligible adults,
ESS,2,2005,2005,scbevts,Society better off if everyone looked after themselves?,ordinal,ESS2e03_6-ESS3e03_7-ESS4e04_6-ESS5e03_6-ESS6e02_7-ESS11e04_2-subset.sav,3aef7081ad1e48f989b7c93ef68f05e922159010a21d894d10d83899b764a852,scbevts,original microdata,ESS integrated round,18-34,Agree,17.92873461584822,2.1391251380412264,13.733625125495855,22.123844106200586,472,472,2031,2030,307.9895225164919,622.530382886529,True,Approximate weighted respondent linearization; PSU/stratum unavailable in supplied file,all eligible adults,
ESS,2,2005,2005,scbevts,Society better off if everyone looked after themselves?,ordinal,ESS2e03_6-ESS3e03_7-ESS4e04_6-ESS5e03_6-ESS6e02_7-ESS11e04_2-subset.sav,3aef7081ad1e48f989b7c93ef68f05e922159010a21d894d10d83899b764a852,scbevts,original microdata,ESS integrated round,18-34,Disagree,51.42520695107552,2.8471763025584806,45.84151476067537,57.00889914147567,472,472,2031,2030,307.9895225164919,622.530382886529,True,Approximate weighted respondent linearization; PSU/stratum unavailable in supplied file,all eligible adults,
ESS,2,2005,2005,scbevts,Society better off if everyone looked after themselves?,ordinal,ESS2e03_6-ESS3e03_7-ESS4e04_6-ESS5e03_6-ESS6e02_7-ESS11e04_2-subset.sav,3aef7081ad1e48f989b7c93ef68f05e922159010a21d894d10d83899b764a852,scbevts,original microdata,ESS integrated round,18-34,Neither agree nor disagree,26.94951334615592,2.5362388982674045,21.975610846152968,31.923415846158875,472,472,2031,2030,307.9895225164919,622.530382886529,True,Approximate weighted respondent linearization; PSU/stratum unavailable in supplied file,all eligible adults,
ESS,2,2005,2005,scbevts,Society better off if everyone looked after themselves?,ordinal,ESS2e03_6-ESS3e03_7-ESS4e04_6-ESS5e03_6-ESS6e02_7-ESS11e04_2-subset.sav,3aef7081ad1e48f989b7c93ef68f05e922159010a21d894d10d83899b764a852,scbevts,original microdata,ESS integrated round,18-34,Don't know,3.696545086920334,1.0541958317269826,1.6291265615986346,5.7639636122420335,472,472,2031,2030,307.9895225164919,622.530382886529,True,Approximate weighted respondent linearization; PSU/stratum unavailable in supplied file,all eligible adults,
ESS,2,2005,2005,scbevts,Society better off if everyone looked after themselves?,ordinal,ESS2e03_6-ESS3e03_7-ESS4e04_6-ESS5e03_6-ESS6e02_7-ESS11e04_2-subset.sav,3aef7081ad1e48f989b7c93ef68f05e922159010a21d894d10d83899b764a852,scbevts,original microdata,ESS integrated round,18-34,Refused / no answer,0.0,0.0,0.0,0.0,472,472,2031,2030,307.9895225164919,622.530382886529,True,Approximate weighted respondent linearization; PSU/stratum unavailable in supplied file,all eligible adults,
ESS,2,2005,2005,scbevts,Society better off if everyone looked after themselves?,ordinal,ESS2e03_6-ESS3e03_7-ESS4e04_6-ESS5e03_6-ESS6e02_7-ESS11e04_2-subset.sav,3aef7081ad1e48f989b7c93ef68f05e922159010a21d894d10d83899b764a852,scbevts,original microdata,ESS integrated round,35-54,Agree,23.98822157562746,2.1588774040850502,19.7543752590545,28.22206789220042,629,629,2031,2030,395.88554408294414,701.0038127973676,True,Approximate weighted respondent linearization; PSU/stratum unavailable in supplied file,all eligible adults,
ESS,2,2005,2005,scbevts,Society better off if everyone looked after themselves?,ordinal,ESS2e03_6-ESS3e03_7-ESS4e04_6-ESS5e03_6-ESS6e02_7-ESS11e04_2-subset.sav,3aef7081ad1e48f989b7c93ef68f05e922159010a21d894d10d83899b764a852,scbevts,original microdata,ESS integrated round,35-54,Disagree,49.575858457987145,2.512015865888755,44.64946055283451,54.50225636313978,629,629,2031,2030,395.88554408294414,701.0038127973676,True,Approximate weighted respondent linearization; PSU/stratum unavailable in supplied file,all eligible adults,
ESS,2,2005,2005,scbevts,Society better off if everyone looked after themselves?,ordinal,ESS2e03_6-ESS3e03_7-ESS4e04_6-ESS5e03_6-ESS6e02_7-ESS11e04_2-subset.sav,3aef7081ad1e48f989b7c93ef68f05e922159010a21d894d10d83899b764a852,scbevts,original microdata,ESS integrated round,35-54,Neither agree nor disagree,23.51731514636911,2.224318514635432,19.15513009025869,27.87950020247953,629,629,2031,2030,395.88554408294414,701.0038127973676,True,Approximate weighted respondent linearization; PSU/stratum unavailable in supplied file,all eligible adults,
ESS,2,2005,2005,scbevts,Society better off if everyone looked after themselves?,ordinal,ESS2e03_6-ESS3e03_7-ESS4e04_6-ESS5e03_6-ESS6e02_7-ESS11e04_2-subset.sav,3aef7081ad1e48f989b7c93ef68f05e922159010a21d894d10d83899b764a852,scbevts,original microdata,ESS integrated round,35-54,Don't know,2.9186048200162813,0.8522940096925288,1.2471426764291071,4.590066963603455,629,629,2031,2030,395.88554408294414,701.0038127973676,True,Approximate weighted respondent linearization; PSU/stratum unavailable in supplied file,all eligible adults,
ESS,2,2005,2005,scbevts,Society better off if everyone looked after themselves?,ordinal,ESS2e03_6-ESS3e03_7-ESS4e04_6-ESS5e03_6-ESS6e02_7-ESS11e04_2-subset.sav,3aef7081ad1e48f989b7c93ef68f05e922159010a21d894d10d83899b764a852,scbevts,original microdata,ESS integrated round,35-54,Refused / no answer,0.0,0.0,0.0,0.0,629,629,2031,2030,395.88554408294414,701.0038127973676,True,Approximate weighted respondent linearization; PSU/stratum unavailable in supplied file,all eligible adults,
ESS,2,2005,2005,scbevts,Society better off if everyone looked after themselves?,ordinal,ESS2e03_6-ESS3e03_7-ESS4e04_6-ESS5e03_6-ESS6e02_7-ESS11e04_2-subset.sav,3aef7081ad1e48f989b7c93ef68f05e922159010a21d894d10d83899b764a852,scbevts,original microdata,ESS integrated round,55+,Agree,20.121628252963507,1.8216148066904394,16.54919883898774,23.694057666939276,883,883,2031,2030,518.3835034551009,633.4347150921822,True,Approximate weighted respondent linearization; PSU/stratum unavailable in supplied file,all eligible adults,
ESS,2,2005,2005,scbevts,Society better off if everyone looked after themselves?,ordinal,ESS2e03_6-ESS3e03_7-ESS4e04_6-ESS5e03_6-ESS6e02_7-ESS11e04_2-subset.sav,3aef7081ad1e48f989b7c93ef68f05e922159010a21d894d10d83899b764a852,scbevts,original microdata,ESS integrated round,55+,Disagree,52.826720370677606,2.1936531264804477,48.52467422770815,57.128766513647065,883,883,2031,2030,518.3835034551009,633.4347150921822,True,Approximate weighted respondent linearization; PSU/stratum unavailable in supplied file,all eligible adults,
ESS,2,2005,2005,scbevts,Society better off if everyone looked after themselves?,ordinal,ESS2e03_6-ESS3e03_7-ESS4e04_6-ESS5e03_6-ESS6e02_7-ESS11e04_2-subset.sav,3aef7081ad1e48f989b7c93ef68f05e922159010a21d894d10d83899b764a852,scbevts,original microdata,ESS integrated round,55+,Neither agree nor disagree,19.815932125642654,1.7128019195407143,16.456899285544957,23.17496496574035,883,883,2031,2030,518.3835034551009,633.4347150921822,True,Approximate weighted respondent linearization; PSU/stratum unavailable in supplied file,all eligible adults,
ESS,2,2005,2005,scbevts,Society better off if everyone looked after themselves?,ordinal,ESS2e03_6-ESS3e03_7-ESS4e04_6-ESS5e03_6-ESS6e02_7-ESS11e04_2-subset.sav,3aef7081ad1e48f989b7c93ef68f05e922159010a21d894d10d83899b764a852,scbevts,original microdata,ESS integrated round,55+,Don't know,7.235719250716237,1.100853702876124,5.076798421683295,9.394640079749179,883,883,2031,2030,518.3835034551009,633.4347150921822,True,Approximate weighted respondent linearization; PSU/stratum unavailable in supplied file,all eligible adults,
ESS,2,2005,2005,scbevts,Society better off if everyone looked after themselves?,ordinal,ESS2e03_6-ESS3e03_7-ESS4e04_6-ESS5e03_6-ESS6e02_7-ESS11e04_2-subset.sav,3aef7081ad1e48f989b7c93ef68f05e922159010a21d894d10d83899b764a852,scbevts,original microdata,ESS integrated round,55+,Refused / no answer,0.0,0.0,0.0,0.0,883,883,2031,2030,518.3835034551009,633.4347150921822,True,Approximate weighted respondent linearization; PSU/stratum unavailable in supplied file,all eligible adults,
ESS,2,2005,2005,imbgeco,Is immigration bad or good for Ukraine's economy?,numeric,ESS2e03_6-ESS3e03_7-ESS4e04_6-ESS5e03_6-ESS6e02_7-ESS11e04_2-subset.sav,3aef7081ad1e48f989b7c93ef68f05e922159010a21d894d10d83899b764a852,imbgeco,original microdata,ESS integrated round,All,Mean,4.817899378951864,0.08326947109784782,4.654596848283146,4.981201909620583,1655,1984,2031,2030,976.0403833978406,1647.2829371243715,True,Approximate weighted respondent linearization; PSU/stratum unavailable in supplied file,valid 0–10 ratings,15.824777386417162
ESS,2,2005,2005,imbgeco,Is immigration bad or good for Ukraine's economy?,numeric,ESS2e03_6-ESS3e03_7-ESS4e04_6-ESS5e03_6-ESS6e02_7-ESS11e04_2-subset.sav,3aef7081ad1e48f989b7c93ef68f05e922159010a21d894d10d83899b764a852,imbgeco,original microdata,ESS integrated round,18-34,Mean,4.926392935967755,0.14666159234228765,4.638770006872214,5.2140158650632955,405,472,2031,2030,262.0379208259293,535.6608286798,True,Approximate weighted respondent linearization; PSU/stratum unavailable in supplied file,valid 0–10 ratings,15.824777386417162
ESS,2,2005,2005,imbgeco,Is immigration bad or good for Ukraine's economy?,numeric,ESS2e03_6-ESS3e03_7-ESS4e04_6-ESS5e03_6-ESS6e02_7-ESS11e04_2-subset.sav,3aef7081ad1e48f989b7c93ef68f05e922159010a21d894d10d83899b764a852,imbgeco,original microdata,ESS integrated round,35-54,Mean,4.924504635084155,0.146118279019178,4.6379472158260135,5.211062054342296,544,629,2031,2030,340.21285119248694,609.3737104833126,True,Approximate weighted respondent linearization; PSU/stratum unavailable in supplied file,valid 0–10 ratings,15.824777386417162
ESS,2,2005,2005,imbgeco,Is immigration bad or good for Ukraine's economy?,numeric,ESS2e03_6-ESS3e03_7-ESS4e04_6-ESS5e03_6-ESS6e02_7-ESS11e04_2-subset.sav,3aef7081ad1e48f989b7c93ef68f05e922159010a21d894d10d83899b764a852,imbgeco,original microdata,ESS integrated round,55+,Mean,4.5728449603743,0.13570328561292389,4.306712731257463,4.838977189491137,706,883,2031,2030,424.90781615910004,502.2483979612589,True,Approximate weighted respondent linearization; PSU/stratum unavailable in supplied file,valid 0–10 ratings,15.824777386417162
ESS,2,2005,2005,tstfnch,Trust financial companies/bank/insurers deal honestly with you?,numeric,ESS2e03_6-ESS3e03_7-ESS4e04_6-ESS5e03_6-ESS6e02_7-ESS11e04_2-subset.sav,3aef7081ad1e48f989b7c93ef68f05e922159010a21d894d10d83899b764a852,tstfnch,original microdata,ESS integrated round,All,Mean,3.854931348170142,0.07572764056582466,3.7064193523218836,4.0034433440184,1984,1984,2031,2030,1169.8798685138213,1956.9689107760787,True,Approximate weighted respondent linearization; PSU/stratum unavailable in supplied file,valid 0–10 ratings,0.0
ESS,2,2005,2005,tstfnch,Trust financial companies/bank/insurers deal honestly with you?,numeric,ESS2e03_6-ESS3e03_7-ESS4e04_6-ESS5e03_6-ESS6e02_7-ESS11e04_2-subset.sav,3aef7081ad1e48f989b7c93ef68f05e922159010a21d894d10d83899b764a852,tstfnch,original microdata,ESS integrated round,18-34,Mean,3.6877908040571015,0.13674736975804633,3.4196109867800217,3.955970621334181,472,472,2031,2030,307.9895225164919,622.530382886529,True,Approximate weighted respondent linearization; PSU/stratum unavailable in supplied file,valid 0–10 ratings,0.0
ESS,2,2005,2005,tstfnch,Trust financial companies/bank/insurers deal honestly with you?,numeric,ESS2e03_6-ESS3e03_7-ESS4e04_6-ESS5e03_6-ESS6e02_7-ESS11e04_2-subset.sav,3aef7081ad1e48f989b7c93ef68f05e922159010a21d894d10d83899b764a852,tstfnch,original microdata,ESS integrated round,35-54,Mean,3.7223173269756966,0.12896972737506932,3.4693905029869248,3.9752441509644685,629,629,2031,2030,395.88554408294414,701.0038127973676,True,Approximate weighted respondent linearization; PSU/stratum unavailable in supplied file,valid 0–10 ratings,0.0
ESS,2,2005,2005,tstfnch,Trust financial companies/bank/insurers deal honestly with you?,numeric,ESS2e03_6-ESS3e03_7-ESS4e04_6-ESS5e03_6-ESS6e02_7-ESS11e04_2-subset.sav,3aef7081ad1e48f989b7c93ef68f05e922159010a21d894d10d83899b764a852,tstfnch,original microdata,ESS integrated round,55+,Mean,4.165954720770711,0.12660646174903661,3.9176625756418546,4.4142468658995675,883,883,2031,2030,518.3835034551009,633.4347150921822,True,Approximate weighted respondent linearization; PSU/stratum unavailable in supplied file,valid 0–10 ratings,0.0
ESS,2,2005,2005,tstpboh,Trust public officials deal honestly with you?,numeric,ESS2e03_6-ESS3e03_7-ESS4e04_6-ESS5e03_6-ESS6e02_7-ESS11e04_2-subset.sav,3aef7081ad1e48f989b7c93ef68f05e922159010a21d894d10d83899b764a852,tstpboh,original microdata,ESS integrated round,All,Mean,3.624089573685277,0.06448467978366726,3.497626522350885,3.7505526250196692,1984,1984,2031,2030,1169.8798685138213,1956.9689107760787,True,Approximate weighted respondent linearization; PSU/stratum unavailable in supplied file,valid 0–10 ratings,0.0
ESS,2,2005,2005,tstpboh,Trust public officials deal honestly with you?,numeric,ESS2e03_6-ESS3e03_7-ESS4e04_6-ESS5e03_6-ESS6e02_7-ESS11e04_2-subset.sav,3aef7081ad1e48f989b7c93ef68f05e922159010a21d894d10d83899b764a852,tstpboh,original microdata,ESS integrated round,18-34,Mean,3.530212934919725,0.11846174525648655,3.2978936643303234,3.7625322055091264,472,472,2031,2030,307.9895225164919,622.530382886529,True,Approximate weighted respondent linearization; PSU/stratum unavailable in supplied file,valid 0–10 ratings,0.0
ESS,2,2005,2005,tstpboh,Trust public officials deal honestly with you?,numeric,ESS2e03_6-ESS3e03_7-ESS4e04_6-ESS5e03_6-ESS6e02_7-ESS11e04_2-subset.sav,3aef7081ad1e48f989b7c93ef68f05e922159010a21d894d10d83899b764a852,tstpboh,original microdata,ESS integrated round,35-54,Mean,3.5179221271909618,0.11401700294442646,3.294319588654257,3.7415246657276664,629,629,2031,2030,395.88554408294414,701.0038127973676,True,Approximate weighted respondent linearization; PSU/stratum unavailable in supplied file,valid 0–10 ratings,0.0
ESS,2,2005,2005,tstpboh,Trust public officials deal honestly with you?,numeric,ESS2e03_6-ESS3e03_7-ESS4e04_6-ESS5e03_6-ESS6e02_7-ESS11e04_2-subset.sav,3aef7081ad1e48f989b7c93ef68f05e922159010a21d894d10d83899b764a852,tstpboh,original microdata,ESS integrated round,55+,Mean,3.833842593999233,0.1013509483824968,3.6350798765431818,4.032605311455284,883,883,2031,2030,518.3835034551009,633.4347150921822,True,Approximate weighted respondent linearization; PSU/stratum unavailable in supplied file,valid 0–10 ratings,0.0
ESS,2,2005,2005,tstrprh,Trust plumber/builder/mechanic/other repairer deal honestly with you?,numeric,ESS2e03_6-ESS3e03_7-ESS4e04_6-ESS5e03_6-ESS6e02_7-ESS11e04_2-subset.sav,3aef7081ad1e48f989b7c93ef68f05e922159010a21d894d10d83899b764a852,tstrprh,original microdata,ESS integrated round,All,Mean,4.04664310621015,0.06726264498937207,3.9147320948704865,4.178554117549814,1984,1984,2031,2030,1169.8798685138213,1956.9689107760787,True,Approximate weighted respondent linearization; PSU/stratum unavailable in supplied file,valid 0–10 ratings,0.0
ESS,2,2005,2005,tstrprh,Trust plumber/builder/mechanic/other repairer deal honestly with you?,numeric,ESS2e03_6-ESS3e03_7-ESS4e04_6-ESS5e03_6-ESS6e02_7-ESS11e04_2-subset.sav,3aef7081ad1e48f989b7c93ef68f05e922159010a21d894d10d83899b764a852,tstrprh,original microdata,ESS integrated round,18-34,Mean,3.9554823605346554,0.12728566487906567,3.7058582075461413,4.2051065135231696,472,472,2031,2030,307.9895225164919,622.530382886529,True,Approximate weighted respondent linearization; PSU/stratum unavailable in supplied file,valid 0–10 ratings,0.0
ESS,2,2005,2005,tstrprh,Trust plumber/builder/mechanic/other repairer deal honestly with you?,numeric,ESS2e03_6-ESS3e03_7-ESS4e04_6-ESS5e03_6-ESS6e02_7-ESS11e04_2-subset.sav,3aef7081ad1e48f989b7c93ef68f05e922159010a21d894d10d83899b764a852,tstrprh,original microdata,ESS integrated round,35-54,Mean,3.99805933358375,0.11286271834773119,3.7767205009799287,4.219398166187571,629,629,2031,2030,395.88554408294414,701.0038127973676,True,Approximate weighted respondent linearization; PSU/stratum unavailable in supplied file,valid 0–10 ratings,0.0
ESS,2,2005,2005,tstrprh,Trust plumber/builder/mechanic/other repairer deal honestly with you?,numeric,ESS2e03_6-ESS3e03_7-ESS4e04_6-ESS5e03_6-ESS6e02_7-ESS11e04_2-subset.sav,3aef7081ad1e48f989b7c93ef68f05e922159010a21d894d10d83899b764a852,tstrprh,original microdata,ESS integrated round,55+,Mean,4.19000080606018,0.10933641686763118,3.975577520631199,4.404424091489161,883,883,2031,2030,518.3835034551009,633.4347150921822,True,Approximate weighted respondent linearization; PSU/stratum unavailable in supplied file,valid 0–10 ratings,0.0
ESS,2,2005,2005,pyavtxw,"Someone paying cash without receipt to avoid VAT or tax, how wrong?",ordinal,ESS2e03_6-ESS3e03_7-ESS4e04_6-ESS5e03_6-ESS6e02_7-ESS11e04_2-subset.sav,3aef7081ad1e48f989b7c93ef68f05e922159010a21d894d10d83899b764a852,pyavtxw,original microdata,ESS integrated round,All,Wrong / seriously wrong,51.08373190511021,1.460255798356757,48.21997566706331,53.947488143157116,1984,1984,2031,2030,1169.8798685138213,1956.9689107760787,True,Approximate weighted respondent linearization; PSU/stratum unavailable in supplied file,all eligible adults,
ESS,2,2005,2005,pyavtxw,"Someone paying cash without receipt to avoid VAT or tax, how wrong?",ordinal,ESS2e03_6-ESS3e03_7-ESS4e04_6-ESS5e03_6-ESS6e02_7-ESS11e04_2-subset.sav,3aef7081ad1e48f989b7c93ef68f05e922159010a21d894d10d83899b764a852,pyavtxw,original microdata,ESS integrated round,All,Not wrong at all,10.784815218583576,0.913226723593147,8.99385590215149,12.575774535015663,1984,1984,2031,2030,1169.8798685138213,1956.9689107760787,True,Approximate weighted respondent linearization; PSU/stratum unavailable in supplied file,all eligible adults,
ESS,2,2005,2005,pyavtxw,"Someone paying cash without receipt to avoid VAT or tax, how wrong?",ordinal,ESS2e03_6-ESS3e03_7-ESS4e04_6-ESS5e03_6-ESS6e02_7-ESS11e04_2-subset.sav,3aef7081ad1e48f989b7c93ef68f05e922159010a21d894d10d83899b764a852,pyavtxw,original microdata,ESS integrated round,All,A bit wrong,22.348438828808238,1.2064270943854605,19.982474508595974,24.7144031490205,1984,1984,2031,2030,1169.8798685138213,1956.9689107760787,True,Approximate weighted respondent linearization; PSU/stratum unavailable in supplied file,all eligible adults,
ESS,2,2005,2005,pyavtxw,"Someone paying cash without receipt to avoid VAT or tax, how wrong?",ordinal,ESS2e03_6-ESS3e03_7-ESS4e04_6-ESS5e03_6-ESS6e02_7-ESS11e04_2-subset.sav,3aef7081ad1e48f989b7c93ef68f05e922159010a21d894d10d83899b764a852,pyavtxw,original microdata,ESS integrated round,All,Don't know,15.783014047497971,1.0074517631217679,13.80726687058695,17.758761224408993,1984,1984,2031,2030,1169.8798685138213,1956.9689107760787,True,Approximate weighted respondent linearization; PSU/stratum unavailable in supplied file,all eligible adults,
ESS,2,2005,2005,pyavtxw,"Someone paying cash without receipt to avoid VAT or tax, how wrong?",ordinal,ESS2e03_6-ESS3e03_7-ESS4e04_6-ESS5e03_6-ESS6e02_7-ESS11e04_2-subset.sav,3aef7081ad1e48f989b7c93ef68f05e922159010a21d894d10d83899b764a852,pyavtxw,original microdata,ESS integrated round,All,Refused / no answer,0.0,0.0,0.0,0.0,1984,1984,2031,2030,1169.8798685138213,1956.9689107760787,True,Approximate weighted respondent linearization; PSU/stratum unavailable in supplied file,all eligible adults,
ESS,2,2005,2005,pyavtxw,"Someone paying cash without receipt to avoid VAT or tax, how wrong?",ordinal,ESS2e03_6-ESS3e03_7-ESS4e04_6-ESS5e03_6-ESS6e02_7-ESS11e04_2-subset.sav,3aef7081ad1e48f989b7c93ef68f05e922159010a21d894d10d83899b764a852,pyavtxw,original microdata,ESS integrated round,18-34,Wrong / seriously wrong,50.70719909233816,2.8468405182094725,45.1241654197985,56.290232764877814,472,472,2031,2030,307.9895225164919,622.530382886529,True,Approximate weighted respondent linearization; PSU/stratum unavailable in supplied file,all eligible adults,
ESS,2,2005,2005,pyavtxw,"Someone paying cash without receipt to avoid VAT or tax, how wrong?",ordinal,ESS2e03_6-ESS3e03_7-ESS4e04_6-ESS5e03_6-ESS6e02_7-ESS11e04_2-subset.sav,3aef7081ad1e48f989b7c93ef68f05e922159010a21d894d10d83899b764a852,pyavtxw,original microdata,ESS integrated round,18-34,Not wrong at all,12.468768082185978,1.747331963117918,9.042017224597423,15.895518939774533,472,472,2031,2030,307.9895225164919,622.530382886529,True,Approximate weighted respondent linearization; PSU/stratum unavailable in supplied file,all eligible adults,
ESS,2,2005,2005,pyavtxw,"Someone paying cash without receipt to avoid VAT or tax, how wrong?",ordinal,ESS2e03_6-ESS3e03_7-ESS4e04_6-ESS5e03_6-ESS6e02_7-ESS11e04_2-subset.sav,3aef7081ad1e48f989b7c93ef68f05e922159010a21d894d10d83899b764a852,pyavtxw,original microdata,ESS integrated round,18-34,A bit wrong,24.826388621469818,2.4388905203650775,20.043399264763575,29.60937797817606,472,472,2031,2030,307.9895225164919,622.530382886529,True,Approximate weighted respondent linearization; PSU/stratum unavailable in supplied file,all eligible adults,
ESS,2,2005,2005,pyavtxw,"Someone paying cash without receipt to avoid VAT or tax, how wrong?",ordinal,ESS2e03_6-ESS3e03_7-ESS4e04_6-ESS5e03_6-ESS6e02_7-ESS11e04_2-subset.sav,3aef7081ad1e48f989b7c93ef68f05e922159010a21d894d10d83899b764a852,pyavtxw,original microdata,ESS integrated round,18-34,Don't know,11.997644204006045,1.8146891327507413,8.438796959654127,15.556491448357963,472,472,2031,2030,307.9895225164919,622.530382886529,True,Approximate weighted respondent linearization; PSU/stratum unavailable in supplied file,all eligible adults,
ESS,2,2005,2005,pyavtxw,"Someone paying cash without receipt to avoid VAT or tax, how wrong?",ordinal,ESS2e03_6-ESS3e03_7-ESS4e04_6-ESS5e03_6-ESS6e02_7-ESS11e04_2-subset.sav,3aef7081ad1e48f989b7c93ef68f05e922159010a21d894d10d83899b764a852,pyavtxw,original microdata,ESS integrated round,18-34,Refused / no answer,0.0,0.0,0.0,0.0,472,472,2031,2030,307.9895225164919,622.530382886529,True,Approximate weighted respondent linearization; PSU/stratum unavailable in supplied file,all eligible adults,
ESS,2,2005,2005,pyavtxw,"Someone paying cash without receipt to avoid VAT or tax, how wrong?",ordinal,ESS2e03_6-ESS3e03_7-ESS4e04_6-ESS5e03_6-ESS6e02_7-ESS11e04_2-subset.sav,3aef7081ad1e48f989b7c93ef68f05e922159010a21d894d10d83899b764a852,pyavtxw,original microdata,ESS integrated round,35-54,Wrong / seriously wrong,51.588359938695234,2.50884772537802,46.668175179322155,56.50854469806831,629,629,2031,2030,395.88554408294414,701.0038127973676,True,Approximate weighted respondent linearization; PSU/stratum unavailable in supplied file,all eligible adults,
ESS,2,2005,2005,pyavtxw,"Someone paying cash without receipt to avoid VAT or tax, how wrong?",ordinal,ESS2e03_6-ESS3e03_7-ESS4e04_6-ESS5e03_6-ESS6e02_7-ESS11e04_2-subset.sav,3aef7081ad1e48f989b7c93ef68f05e922159010a21d894d10d83899b764a852,pyavtxw,original microdata,ESS integrated round,35-54,Not wrong at all,12.411768191760416,1.7126052400582266,9.053121066340589,15.770415317180243,629,629,2031,2030,395.88554408294414,701.0038127973676,True,Approximate weighted respondent linearization; PSU/stratum unavailable in supplied file,all eligible adults,
ESS,2,2005,2005,pyavtxw,"Someone paying cash without receipt to avoid VAT or tax, how wrong?",ordinal,ESS2e03_6-ESS3e03_7-ESS4e04_6-ESS5e03_6-ESS6e02_7-ESS11e04_2-subset.sav,3aef7081ad1e48f989b7c93ef68f05e922159010a21d894d10d83899b764a852,pyavtxw,original microdata,ESS integrated round,35-54,A bit wrong,24.383855536514705,2.099703685879679,20.266056767795863,28.501654305233547,629,629,2031,2030,395.88554408294414,701.0038127973676,True,Approximate weighted respondent linearization; PSU/stratum unavailable in supplied file,all eligible adults,
ESS,2,2005,2005,pyavtxw,"Someone paying cash without receipt to avoid VAT or tax, how wrong?",ordinal,ESS2e03_6-ESS3e03_7-ESS4e04_6-ESS5e03_6-ESS6e02_7-ESS11e04_2-subset.sav,3aef7081ad1e48f989b7c93ef68f05e922159010a21d894d10d83899b764a852,pyavtxw,original microdata,ESS integrated round,35-54,Don't know,11.616016333029648,1.5366513281705592,8.602438279305407,14.62959438675389,629,629,2031,2030,395.88554408294414,701.0038127973676,True,Approximate weighted respondent linearization; PSU/stratum unavailable in supplied file,all eligible adults,
ESS,2,2005,2005,pyavtxw,"Someone paying cash without receipt to avoid VAT or tax, how wrong?",ordinal,ESS2e03_6-ESS3e03_7-ESS4e04_6-ESS5e03_6-ESS6e02_7-ESS11e04_2-subset.sav,3aef7081ad1e48f989b7c93ef68f05e922159010a21d894d10d83899b764a852,pyavtxw,original microdata,ESS integrated round,35-54,Refused / no answer,0.0,0.0,0.0,0.0,629,629,2031,2030,395.88554408294414,701.0038127973676,True,Approximate weighted respondent linearization; PSU/stratum unavailable in supplied file,all eligible adults,
ESS,2,2005,2005,pyavtxw,"Someone paying cash without receipt to avoid VAT or tax, how wrong?",ordinal,ESS2e03_6-ESS3e03_7-ESS4e04_6-ESS5e03_6-ESS6e02_7-ESS11e04_2-subset.sav,3aef7081ad1e48f989b7c93ef68f05e922159010a21d894d10d83899b764a852,pyavtxw,original microdata,ESS integrated round,55+,Wrong / seriously wrong,50.89532565480573,2.1947829076858696,46.5910638603194,55.19958744929206,883,883,2031,2030,518.3835034551009,633.4347150921822,True,Approximate weighted respondent linearization; PSU/stratum unavailable in supplied file,all eligible adults,
ESS,2,2005,2005,pyavtxw,"Someone paying cash without receipt to avoid VAT or tax, how wrong?",ordinal,ESS2e03_6-ESS3e03_7-ESS4e04_6-ESS5e03_6-ESS6e02_7-ESS11e04_2-subset.sav,3aef7081ad1e48f989b7c93ef68f05e922159010a21d894d10d83899b764a852,pyavtxw,original microdata,ESS integrated round,55+,Not wrong at all,7.329349317789494,1.1821315507750807,5.011031796617003,9.647666838961985,883,883,2031,2030,518.3835034551009,633.4347150921822,True,Approximate weighted respondent linearization; PSU/stratum unavailable in supplied file,all eligible adults,
ESS,2,2005,2005,pyavtxw,"Someone paying cash without receipt to avoid VAT or tax, how wrong?",ordinal,ESS2e03_6-ESS3e03_7-ESS4e04_6-ESS5e03_6-ESS6e02_7-ESS11e04_2-subset.sav,3aef7081ad1e48f989b7c93ef68f05e922159010a21d894d10d83899b764a852,pyavtxw,original microdata,ESS integrated round,55+,A bit wrong,17.660609388483408,1.6405837324756307,14.443206038192088,20.87801273877473,883,883,2031,2030,518.3835034551009,633.4347150921822,True,Approximate weighted respondent linearization; PSU/stratum unavailable in supplied file,all eligible adults,
ESS,2,2005,2005,pyavtxw,"Someone paying cash without receipt to avoid VAT or tax, how wrong?",ordinal,ESS2e03_6-ESS3e03_7-ESS4e04_6-ESS5e03_6-ESS6e02_7-ESS11e04_2-subset.sav,3aef7081ad1e48f989b7c93ef68f05e922159010a21d894d10d83899b764a852,pyavtxw,original microdata,ESS integrated round,55+,Don't know,24.114715638921368,1.839900887623365,20.50642478313518,27.723006494707555,883,883,2031,2030,518.3835034551009,633.4347150921822,True,Approximate weighted respondent linearization; PSU/stratum unavailable in supplied file,all eligible adults,
ESS,2,2005,2005,pyavtxw,"Someone paying cash without receipt to avoid VAT or tax, how wrong?",ordinal,ESS2e03_6-ESS3e03_7-ESS4e04_6-ESS5e03_6-ESS6e02_7-ESS11e04_2-subset.sav,3aef7081ad1e48f989b7c93ef68f05e922159010a21d894d10d83899b764a852,pyavtxw,original microdata,ESS integrated round,55+,Refused / no answer,0.0,0.0,0.0,0.0,883,883,2031,2030,518.3835034551009,633.4347150921822,True,Approximate weighted respondent linearization; PSU/stratum unavailable in supplied file,all eligible adults,
ESS,3,2007,2006–07,gincdif,Should the government take measures to reduce differences in income levels?,ordinal,ESS2e03_6-ESS3e03_7-ESS4e04_6-ESS5e03_6-ESS6e02_7-ESS11e04_2-subset.sav,3aef7081ad1e48f989b7c93ef68f05e922159010a21d894d10d83899b764a852,gincdif,original microdata,ESS integrated round,All,Agree,80.01222641134751,1.2311136433258996,77.59782760335426,82.42662521934076,1949,1949,2002,2001,1021.7500065429812,1918.1659134756774,True,Approximate weighted respondent linearization; PSU/stratum unavailable in supplied file,all eligible adults,
ESS,3,2007,2006–07,gincdif,Should the government take measures to reduce differences in income levels?,ordinal,ESS2e03_6-ESS3e03_7-ESS4e04_6-ESS5e03_6-ESS6e02_7-ESS11e04_2-subset.sav,3aef7081ad1e48f989b7c93ef68f05e922159010a21d894d10d83899b764a852,gincdif,original microdata,ESS integrated round,All,Disagree,6.13816763491484,0.7761211855694056,4.616077391292196,7.660257878537484,1949,1949,2002,2001,1021.7500065429812,1918.1659134756774,True,Approximate weighted respondent linearization; PSU/stratum unavailable in supplied file,all eligible adults,
ESS,3,2007,2006–07,gincdif,Should the government take measures to reduce differences in income levels?,ordinal,ESS2e03_6-ESS3e03_7-ESS4e04_6-ESS5e03_6-ESS6e02_7-ESS11e04_2-subset.sav,3aef7081ad1e48f989b7c93ef68f05e922159010a21d894d10d83899b764a852,gincdif,original microdata,ESS integrated round,All,Neither agree nor disagree,11.045808969810771,0.9409112724223008,9.200540609022699,12.891077330598844,1949,1949,2002,2001,1021.7500065429812,1918.1659134756774,True,Approximate weighted respondent linearization; PSU/stratum unavailable in supplied file,all eligible adults,
ESS,3,2007,2006–07,gincdif,Should the government take measures to reduce differences in income levels?,ordinal,ESS2e03_6-ESS3e03_7-ESS4e04_6-ESS5e03_6-ESS6e02_7-ESS11e04_2-subset.sav,3aef7081ad1e48f989b7c93ef68f05e922159010a21d894d10d83899b764a852,gincdif,original microdata,ESS integrated round,All,Don't know,2.803796983926876,0.4895038270912415,1.8438064395573126,3.7637875282964397,1949,1949,2002,2001,1021.7500065429812,1918.1659134756774,True,Approximate weighted respondent linearization; PSU/stratum unavailable in supplied file,all eligible adults,
ESS,3,2007,2006–07,gincdif,Should the government take measures to reduce differences in income levels?,ordinal,ESS2e03_6-ESS3e03_7-ESS4e04_6-ESS5e03_6-ESS6e02_7-ESS11e04_2-subset.sav,3aef7081ad1e48f989b7c93ef68f05e922159010a21d894d10d83899b764a852,gincdif,original microdata,ESS integrated round,All,Refused / no answer,0.0,0.0,0.0,0.0,1949,1949,2002,2001,1021.7500065429812,1918.1659134756774,True,Approximate weighted respondent linearization; PSU/stratum unavailable in supplied file,all eligible adults,
ESS,3,2007,2006–07,gincdif,Should the government take measures to reduce differences in income levels?,ordinal,ESS2e03_6-ESS3e03_7-ESS4e04_6-ESS5e03_6-ESS6e02_7-ESS11e04_2-subset.sav,3aef7081ad1e48f989b7c93ef68f05e922159010a21d894d10d83899b764a852,gincdif,original microdata,ESS integrated round,18-34,Agree,76.05022609651985,2.538267417068061,71.07230236107885,81.02814983196085,503,503,2002,2001,277.8643227749614,596.7173105925322,True,Approximate weighted respondent linearization; PSU/stratum unavailable in supplied file,all eligible adults,
ESS,3,2007,2006–07,gincdif,Should the government take measures to reduce differences in income levels?,ordinal,ESS2e03_6-ESS3e03_7-ESS4e04_6-ESS5e03_6-ESS6e02_7-ESS11e04_2-subset.sav,3aef7081ad1e48f989b7c93ef68f05e922159010a21d894d10d83899b764a852,gincdif,original microdata,ESS integrated round,18-34,Disagree,8.29642007311066,1.639101783840504,5.081895228439997,11.510944917781323,503,503,2002,2001,277.8643227749614,596.7173105925322,True,Approximate weighted respondent linearization; PSU/stratum unavailable in supplied file,all eligible adults,
ESS,3,2007,2006–07,gincdif,Should the government take measures to reduce differences in income levels?,ordinal,ESS2e03_6-ESS3e03_7-ESS4e04_6-ESS5e03_6-ESS6e02_7-ESS11e04_2-subset.sav,3aef7081ad1e48f989b7c93ef68f05e922159010a21d894d10d83899b764a852,gincdif,original microdata,ESS integrated round,18-34,Neither agree nor disagree,13.332078517779685,2.049522922543386,9.312656161468698,17.35150087409067,503,503,2002,2001,277.8643227749614,596.7173105925322,True,Approximate weighted respondent linearization; PSU/stratum unavailable in supplied file,all eligible adults,
ESS,3,2007,2006–07,gincdif,Should the government take measures to reduce differences in income levels?,ordinal,ESS2e03_6-ESS3e03_7-ESS4e04_6-ESS5e03_6-ESS6e02_7-ESS11e04_2-subset.sav,3aef7081ad1e48f989b7c93ef68f05e922159010a21d894d10d83899b764a852,gincdif,original microdata,ESS integrated round,18-34,Don't know,2.321275312589803,0.7831836420758217,0.7853345307467143,3.8572160944328915,503,503,2002,2001,277.8643227749614,596.7173105925322,True,Approximate weighted respondent linearization; PSU/stratum unavailable in supplied file,all eligible adults,
ESS,3,2007,2006–07,gincdif,Should the government take measures to reduce differences in income levels?,ordinal,ESS2e03_6-ESS3e03_7-ESS4e04_6-ESS5e03_6-ESS6e02_7-ESS11e04_2-subset.sav,3aef7081ad1e48f989b7c93ef68f05e922159010a21d894d10d83899b764a852,gincdif,original microdata,ESS integrated round,18-34,Refused / no answer,0.0,0.0,0.0,0.0,503,503,2002,2001,277.8643227749614,596.7173105925322,True,Approximate weighted respondent linearization; PSU/stratum unavailable in supplied file,all eligible adults,
ESS,3,2007,2006–07,gincdif,Should the government take measures to reduce differences in income levels?,ordinal,ESS2e03_6-ESS3e03_7-ESS4e04_6-ESS5e03_6-ESS6e02_7-ESS11e04_2-subset.sav,3aef7081ad1e48f989b7c93ef68f05e922159010a21d894d10d83899b764a852,gincdif,original microdata,ESS integrated round,35-54,Agree,80.74592452183462,1.9845267787390188,76.85396936806514,84.63787967560411,631,631,2002,2001,360.7433543332901,691.844749853015,True,Approximate weighted respondent linearization; PSU/stratum unavailable in supplied file,all eligible adults,
ESS,3,2007,2006–07,gincdif,Should the government take measures to reduce differences in income levels?,ordinal,ESS2e03_6-ESS3e03_7-ESS4e04_6-ESS5e03_6-ESS6e02_7-ESS11e04_2-subset.sav,3aef7081ad1e48f989b7c93ef68f05e922159010a21d894d10d83899b764a852,gincdif,original microdata,ESS integrated round,35-54,Disagree,4.533990993991224,1.0886347531521066,2.399014694606096,6.668967293376351,631,631,2002,2001,360.7433543332901,691.844749853015,True,Approximate weighted respondent linearization; PSU/stratum unavailable in supplied file,all eligible adults,
ESS,3,2007,2006–07,gincdif,Should the government take measures to reduce differences in income levels?,ordinal,ESS2e03_6-ESS3e03_7-ESS4e04_6-ESS5e03_6-ESS6e02_7-ESS11e04_2-subset.sav,3aef7081ad1e48f989b7c93ef68f05e922159010a21d894d10d83899b764a852,gincdif,original microdata,ESS integrated round,35-54,Neither agree nor disagree,12.064507150584003,1.5281810384199115,9.06751455159759,15.061499749570416,631,631,2002,2001,360.7433543332901,691.844749853015,True,Approximate weighted respondent linearization; PSU/stratum unavailable in supplied file,all eligible adults,
ESS,3,2007,2006–07,gincdif,Should the government take measures to reduce differences in income levels?,ordinal,ESS2e03_6-ESS3e03_7-ESS4e04_6-ESS5e03_6-ESS6e02_7-ESS11e04_2-subset.sav,3aef7081ad1e48f989b7c93ef68f05e922159010a21d894d10d83899b764a852,gincdif,original microdata,ESS integrated round,35-54,Don't know,2.6555773335901547,0.956740547977253,0.7792653853652429,4.531889281815067,631,631,2002,2001,360.7433543332901,691.844749853015,True,Approximate weighted respondent linearization; PSU/stratum unavailable in supplied file,all eligible adults,
ESS,3,2007,2006–07,gincdif,Should the government take measures to reduce differences in income levels?,ordinal,ESS2e03_6-ESS3e03_7-ESS4e04_6-ESS5e03_6-ESS6e02_7-ESS11e04_2-subset.sav,3aef7081ad1e48f989b7c93ef68f05e922159010a21d894d10d83899b764a852,gincdif,original microdata,ESS integrated round,35-54,Refused / no answer,0.0,0.0,0.0,0.0,631,631,2002,2001,360.7433543332901,691.844749853015,True,Approximate weighted respondent linearization; PSU/stratum unavailable in supplied file,all eligible adults,
ESS,3,2007,2006–07,gincdif,Should the government take measures to reduce differences in income levels?,ordinal,ESS2e03_6-ESS3e03_7-ESS4e04_6-ESS5e03_6-ESS6e02_7-ESS11e04_2-subset.sav,3aef7081ad1e48f989b7c93ef68f05e922159010a21d894d10d83899b764a852,gincdif,original microdata,ESS integrated round,55+,Agree,82.96104728939302,1.8567237956294216,79.31973298567875,86.60236159310729,815,815,2002,2001,399.30060612080644,629.6038530301303,True,Approximate weighted respondent linearization; PSU/stratum unavailable in supplied file,all eligible adults,
ESS,3,2007,2006–07,gincdif,Should the government take measures to reduce differences in income levels?,ordinal,ESS2e03_6-ESS3e03_7-ESS4e04_6-ESS5e03_6-ESS6e02_7-ESS11e04_2-subset.sav,3aef7081ad1e48f989b7c93ef68f05e922159010a21d894d10d83899b764a852,gincdif,original microdata,ESS integrated round,55+,Disagree,5.85540982969598,1.3141086057614675,3.2782454318157264,8.432574227576234,815,815,2002,2001,399.30060612080644,629.6038530301303,True,Approximate weighted respondent linearization; PSU/stratum unavailable in supplied file,all eligible adults,
ESS,3,2007,2006–07,gincdif,Should the government take measures to reduce differences in income levels?,ordinal,ESS2e03_6-ESS3e03_7-ESS4e04_6-ESS5e03_6-ESS6e02_7-ESS11e04_2-subset.sav,3aef7081ad1e48f989b7c93ef68f05e922159010a21d894d10d83899b764a852,gincdif,original microdata,ESS integrated round,55+,Neither agree nor disagree,7.759555885353591,1.2560004968295453,5.296350218822427,10.222761551884755,815,815,2002,2001,399.30060612080644,629.6038530301303,True,Approximate weighted respondent linearization; PSU/stratum unavailable in supplied file,all eligible adults,
ESS,3,2007,2006–07,gincdif,Should the government take measures to reduce differences in income levels?,ordinal,ESS2e03_6-ESS3e03_7-ESS4e04_6-ESS5e03_6-ESS6e02_7-ESS11e04_2-subset.sav,3aef7081ad1e48f989b7c93ef68f05e922159010a21d894d10d83899b764a852,gincdif,original microdata,ESS integrated round,55+,Don't know,3.4239869955574056,0.7539270013916484,1.9454228813978347,4.902551109716977,815,815,2002,2001,399.30060612080644,629.6038530301303,True,Approximate weighted respondent linearization; PSU/stratum unavailable in supplied file,all eligible adults,
ESS,3,2007,2006–07,gincdif,Should the government take measures to reduce differences in income levels?,ordinal,ESS2e03_6-ESS3e03_7-ESS4e04_6-ESS5e03_6-ESS6e02_7-ESS11e04_2-subset.sav,3aef7081ad1e48f989b7c93ef68f05e922159010a21d894d10d83899b764a852,gincdif,original microdata,ESS integrated round,55+,Refused / no answer,0.0,0.0,0.0,0.0,815,815,2002,2001,399.30060612080644,629.6038530301303,True,Approximate weighted respondent linearization; PSU/stratum unavailable in supplied file,all eligible adults,
ESS,3,2007,2006–07,imbgeco,Is immigration bad or good for Ukraine's economy?,numeric,ESS2e03_6-ESS3e03_7-ESS4e04_6-ESS5e03_6-ESS6e02_7-ESS11e04_2-subset.sav,3aef7081ad1e48f989b7c93ef68f05e922159010a21d894d10d83899b764a852,imbgeco,original microdata,ESS integrated round,All,Mean,4.422519352376545,0.09498598446437695,4.23623756684836,4.60880113790473,1636,1949,2002,2001,865.526320268884,1620.0544662009925,True,Approximate weighted respondent linearization; PSU/stratum unavailable in supplied file,valid 0–10 ratings,15.54148393422929
ESS,3,2007,2006–07,imbgeco,Is immigration bad or good for Ukraine's economy?,numeric,ESS2e03_6-ESS3e03_7-ESS4e04_6-ESS5e03_6-ESS6e02_7-ESS11e04_2-subset.sav,3aef7081ad1e48f989b7c93ef68f05e922159010a21d894d10d83899b764a852,imbgeco,original microdata,ESS integrated round,18-34,Mean,4.733043230810015,0.16818258606120898,4.403211913033031,5.062874548586999,437,503,2002,2001,243.81064479537937,515.9275201223791,True,Approximate weighted respondent linearization; PSU/stratum unavailable in supplied file,valid 0–10 ratings,15.54148393422929
ESS,3,2007,2006–07,imbgeco,Is immigration bad or good for Ukraine's economy?,numeric,ESS2e03_6-ESS3e03_7-ESS4e04_6-ESS5e03_6-ESS6e02_7-ESS11e04_2-subset.sav,3aef7081ad1e48f989b7c93ef68f05e922159010a21d894d10d83899b764a852,imbgeco,original microdata,ESS integrated round,35-54,Mean,4.533189252887507,0.1558623225747007,4.227519822713059,4.838858683061955,533,631,2002,2001,306.3598331392905,583.0374130234122,True,Approximate weighted respondent linearization; PSU/stratum unavailable in supplied file,valid 0–10 ratings,15.54148393422929
ESS,3,2007,2006–07,imbgeco,Is immigration bad or good for Ukraine's economy?,numeric,ESS2e03_6-ESS3e03_7-ESS4e04_6-ESS5e03_6-ESS6e02_7-ESS11e04_2-subset.sav,3aef7081ad1e48f989b7c93ef68f05e922159010a21d894d10d83899b764a852,imbgeco,original microdata,ESS integrated round,55+,Mean,3.9912450841815916,0.16643742920199978,3.664836281185009,4.317653887178174,666,815,2002,2001,326.7531649686068,521.0895330552012,True,Approximate weighted respondent linearization; PSU/stratum unavailable in supplied file,valid 0–10 ratings,15.54148393422929
ESS,4,2009,2009,gincdif,Should the government take measures to reduce differences in income levels?,ordinal,ESS2e03_6-ESS3e03_7-ESS4e04_6-ESS5e03_6-ESS6e02_7-ESS11e04_2-subset.sav,3aef7081ad1e48f989b7c93ef68f05e922159010a21d894d10d83899b764a852,gincdif,original microdata,ESS integrated round,All,Agree,67.61260130906855,1.5237928463824675,64.6240606140264,70.6011420041107,1798,1798,1845,1844,975.6709010464692,1797.102615531534,True,Approximate weighted respondent linearization; PSU/stratum unavailable in supplied file,all eligible adults,
ESS,4,2009,2009,gincdif,Should the government take measures to reduce differences in income levels?,ordinal,ESS2e03_6-ESS3e03_7-ESS4e04_6-ESS5e03_6-ESS6e02_7-ESS11e04_2-subset.sav,3aef7081ad1e48f989b7c93ef68f05e922159010a21d894d10d83899b764a852,gincdif,original microdata,ESS integrated round,All,Disagree,11.134601760434698,1.0497015366263718,9.075873261148397,13.193330259721,1798,1798,1845,1844,975.6709010464692,1797.102615531534,True,Approximate weighted respondent linearization; PSU/stratum unavailable in supplied file,all eligible adults,
ESS,4,2009,2009,gincdif,Should the government take measures to reduce differences in income levels?,ordinal,ESS2e03_6-ESS3e03_7-ESS4e04_6-ESS5e03_6-ESS6e02_7-ESS11e04_2-subset.sav,3aef7081ad1e48f989b7c93ef68f05e922159010a21d894d10d83899b764a852,gincdif,original microdata,ESS integrated round,All,Neither agree nor disagree,16.57403546130961,1.2369557319287878,14.148054428775637,19.00001649384358,1798,1798,1845,1844,975.6709010464692,1797.102615531534,True,Approximate weighted respondent linearization; PSU/stratum unavailable in supplied file,all eligible adults,
ESS,4,2009,2009,gincdif,Should the government take measures to reduce differences in income levels?,ordinal,ESS2e03_6-ESS3e03_7-ESS4e04_6-ESS5e03_6-ESS6e02_7-ESS11e04_2-subset.sav,3aef7081ad1e48f989b7c93ef68f05e922159010a21d894d10d83899b764a852,gincdif,original microdata,ESS integrated round,All,Don't know,4.57567571277716,0.6247646972012955,3.350355140598082,5.800996284956239,1798,1798,1845,1844,975.6709010464692,1797.102615531534,True,Approximate weighted respondent linearization; PSU/stratum unavailable in supplied file,all eligible adults,
ESS,4,2009,2009,gincdif,Should the government take measures to reduce differences in income levels?,ordinal,ESS2e03_6-ESS3e03_7-ESS4e04_6-ESS5e03_6-ESS6e02_7-ESS11e04_2-subset.sav,3aef7081ad1e48f989b7c93ef68f05e922159010a21d894d10d83899b764a852,gincdif,original microdata,ESS integrated round,All,Refused / no answer,0.10308575640997591,0.10306023734841181,0.0,0.3052127804917805,1798,1798,1845,1844,975.6709010464692,1797.102615531534,True,Approximate weighted respondent linearization; PSU/stratum unavailable in supplied file,all eligible adults,
ESS,4,2009,2009,gincdif,Should the government take measures to reduce differences in income levels?,ordinal,ESS2e03_6-ESS3e03_7-ESS4e04_6-ESS5e03_6-ESS6e02_7-ESS11e04_2-subset.sav,3aef7081ad1e48f989b7c93ef68f05e922159010a21d894d10d83899b764a852,gincdif,original microdata,ESS integrated round,18-34,Agree,56.56176644593901,2.9959915409824394,50.68587415291226,62.43765873896575,464,464,1845,1844,273.13947198579035,590.2358148023486,True,Approximate weighted respondent linearization; PSU/stratum unavailable in supplied file,all eligible adults,
ESS,4,2009,2009,gincdif,Should the government take measures to reduce differences in income levels?,ordinal,ESS2e03_6-ESS3e03_7-ESS4e04_6-ESS5e03_6-ESS6e02_7-ESS11e04_2-subset.sav,3aef7081ad1e48f989b7c93ef68f05e922159010a21d894d10d83899b764a852,gincdif,original microdata,ESS integrated round,18-34,Disagree,17.343103757175722,2.317409477854653,12.79808141500713,21.888126099344312,464,464,1845,1844,273.13947198579035,590.2358148023486,True,Approximate weighted respondent linearization; PSU/stratum unavailable in supplied file,all eligible adults,
ESS,4,2009,2009,gincdif,Should the government take measures to reduce differences in income levels?,ordinal,ESS2e03_6-ESS3e03_7-ESS4e04_6-ESS5e03_6-ESS6e02_7-ESS11e04_2-subset.sav,3aef7081ad1e48f989b7c93ef68f05e922159010a21d894d10d83899b764a852,gincdif,original microdata,ESS integrated round,18-34,Neither agree nor disagree,20.03199677529476,2.426434679452595,15.273148615178444,24.79084493541108,464,464,1845,1844,273.13947198579035,590.2358148023486,True,Approximate weighted respondent linearization; PSU/stratum unavailable in supplied file,all eligible adults,
ESS,4,2009,2009,gincdif,Should the government take measures to reduce differences in income levels?,ordinal,ESS2e03_6-ESS3e03_7-ESS4e04_6-ESS5e03_6-ESS6e02_7-ESS11e04_2-subset.sav,3aef7081ad1e48f989b7c93ef68f05e922159010a21d894d10d83899b764a852,gincdif,original microdata,ESS integrated round,18-34,Don't know,5.749265787813025,1.283143883365416,3.232698183406877,8.265833392219173,464,464,1845,1844,273.13947198579035,590.2358148023486,True,Approximate weighted respondent linearization; PSU/stratum unavailable in supplied file,all eligible adults,
ESS,4,2009,2009,gincdif,Should the government take measures to reduce differences in income levels?,ordinal,ESS2e03_6-ESS3e03_7-ESS4e04_6-ESS5e03_6-ESS6e02_7-ESS11e04_2-subset.sav,3aef7081ad1e48f989b7c93ef68f05e922159010a21d894d10d83899b764a852,gincdif,original microdata,ESS integrated round,18-34,Refused / no answer,0.31386723377748704,0.31354137544620814,0.0,0.9288006627701623,464,464,1845,1844,273.13947198579035,590.2358148023486,True,Approximate weighted respondent linearization; PSU/stratum unavailable in supplied file,all eligible adults,
ESS,4,2009,2009,gincdif,Should the government take measures to reduce differences in income levels?,ordinal,ESS2e03_6-ESS3e03_7-ESS4e04_6-ESS5e03_6-ESS6e02_7-ESS11e04_2-subset.sav,3aef7081ad1e48f989b7c93ef68f05e922159010a21d894d10d83899b764a852,gincdif,original microdata,ESS integrated round,35-54,Agree,68.02095897429943,2.569520755851312,62.98148306138413,73.06043488721473,576,576,1845,1844,338.39294001146175,633.0754457637668,True,Approximate weighted respondent linearization; PSU/stratum unavailable in supplied file,all eligible adults,
ESS,4,2009,2009,gincdif,Should the government take measures to reduce differences in income levels?,ordinal,ESS2e03_6-ESS3e03_7-ESS4e04_6-ESS5e03_6-ESS6e02_7-ESS11e04_2-subset.sav,3aef7081ad1e48f989b7c93ef68f05e922159010a21d894d10d83899b764a852,gincdif,original microdata,ESS integrated round,35-54,Disagree,10.597663779671375,1.7173435380186939,7.229521539785632,13.965806019557117,576,576,1845,1844,338.39294001146175,633.0754457637668,True,Approximate weighted respondent linearization; PSU/stratum unavailable in supplied file,all eligible adults,
ESS,4,2009,2009,gincdif,Should the government take measures to reduce differences in income levels?,ordinal,ESS2e03_6-ESS3e03_7-ESS4e04_6-ESS5e03_6-ESS6e02_7-ESS11e04_2-subset.sav,3aef7081ad1e48f989b7c93ef68f05e922159010a21d894d10d83899b764a852,gincdif,original microdata,ESS integrated round,35-54,Neither agree nor disagree,17.346261934806485,2.1448708303965023,13.13963123860234,21.55289263101063,576,576,1845,1844,338.39294001146175,633.0754457637668,True,Approximate weighted respondent linearization; PSU/stratum unavailable in supplied file,all eligible adults,
ESS,4,2009,2009,gincdif,Should the government take measures to reduce differences in income levels?,ordinal,ESS2e03_6-ESS3e03_7-ESS4e04_6-ESS5e03_6-ESS6e02_7-ESS11e04_2-subset.sav,3aef7081ad1e48f989b7c93ef68f05e922159010a21d894d10d83899b764a852,gincdif,original microdata,ESS integrated round,35-54,Don't know,4.035115311222704,0.9484119270667882,2.1750411899723554,5.895189432473052,576,576,1845,1844,338.39294001146175,633.0754457637668,True,Approximate weighted respondent linearization; PSU/stratum unavailable in supplied file,all eligible adults,
ESS,4,2009,2009,gincdif,Should the government take measures to reduce differences in income levels?,ordinal,ESS2e03_6-ESS3e03_7-ESS4e04_6-ESS5e03_6-ESS6e02_7-ESS11e04_2-subset.sav,3aef7081ad1e48f989b7c93ef68f05e922159010a21d894d10d83899b764a852,gincdif,original microdata,ESS integrated round,35-54,Refused / no answer,0.0,0.0,0.0,0.0,576,576,1845,1844,338.39294001146175,633.0754457637668,True,Approximate weighted respondent linearization; PSU/stratum unavailable in supplied file,all eligible adults,
ESS,4,2009,2009,gincdif,Should the government take measures to reduce differences in income levels?,ordinal,ESS2e03_6-ESS3e03_7-ESS4e04_6-ESS5e03_6-ESS6e02_7-ESS11e04_2-subset.sav,3aef7081ad1e48f989b7c93ef68f05e922159010a21d894d10d83899b764a852,gincdif,original microdata,ESS integrated round,55+,Agree,78.5295962315799,2.1449195299736767,74.3228700232669,82.7363224398929,758,758,1845,1844,387.21215521281584,573.7913549654186,True,Approximate weighted respondent linearization; PSU/stratum unavailable in supplied file,all eligible adults,
ESS,4,2009,2009,gincdif,Should the government take measures to reduce differences in income levels?,ordinal,ESS2e03_6-ESS3e03_7-ESS4e04_6-ESS5e03_6-ESS6e02_7-ESS11e04_2-subset.sav,3aef7081ad1e48f989b7c93ef68f05e922159010a21d894d10d83899b764a852,gincdif,original microdata,ESS integrated round,55+,Disagree,5.3405828118055805,1.128148123659414,3.1280008420216436,7.553164781589517,758,758,1845,1844,387.21215521281584,573.7913549654186,True,Approximate weighted respondent linearization; PSU/stratum unavailable in supplied file,all eligible adults,
ESS,4,2009,2009,gincdif,Should the government take measures to reduce differences in income levels?,ordinal,ESS2e03_6-ESS3e03_7-ESS4e04_6-ESS5e03_6-ESS6e02_7-ESS11e04_2-subset.sav,3aef7081ad1e48f989b7c93ef68f05e922159010a21d894d10d83899b764a852,gincdif,original microdata,ESS integrated round,55+,Neither agree nor disagree,12.164958519383369,1.7628282018605328,8.70760942358256,15.622307615184177,758,758,1845,1844,387.21215521281584,573.7913549654186,True,Approximate weighted respondent linearization; PSU/stratum unavailable in supplied file,all eligible adults,
ESS,4,2009,2009,gincdif,Should the government take measures to reduce differences in income levels?,ordinal,ESS2e03_6-ESS3e03_7-ESS4e04_6-ESS5e03_6-ESS6e02_7-ESS11e04_2-subset.sav,3aef7081ad1e48f989b7c93ef68f05e922159010a21d894d10d83899b764a852,gincdif,original microdata,ESS integrated round,55+,Don't know,3.9648624372311434,0.995212868888892,2.012999908170833,5.916724966291454,758,758,1845,1844,387.21215521281584,573.7913549654186,True,Approximate weighted respondent linearization; PSU/stratum unavailable in supplied file,all eligible adults,
ESS,4,2009,2009,gincdif,Should the government take measures to reduce differences in income levels?,ordinal,ESS2e03_6-ESS3e03_7-ESS4e04_6-ESS5e03_6-ESS6e02_7-ESS11e04_2-subset.sav,3aef7081ad1e48f989b7c93ef68f05e922159010a21d894d10d83899b764a852,gincdif,original microdata,ESS integrated round,55+,Refused / no answer,0.0,0.0,0.0,0.0,758,758,1845,1844,387.21215521281584,573.7913549654186,True,Approximate weighted respondent linearization; PSU/stratum unavailable in supplied file,all eligible adults,
ESS,4,2009,2009,dfincac,Large differences in income acceptable to reward talents and efforts?,ordinal,ESS2e03_6-ESS3e03_7-ESS4e04_6-ESS5e03_6-ESS6e02_7-ESS11e04_2-subset.sav,3aef7081ad1e48f989b7c93ef68f05e922159010a21d894d10d83899b764a852,dfincac,original microdata,ESS integrated round,All,Agree,57.626342612170994,1.5817553564777393,54.524122869075995,60.72856235526599,1798,1798,1845,1844,975.6709010464692,1797.102615531534,True,Approximate weighted respondent linearization; PSU/stratum unavailable in supplied file,all eligible adults,
ESS,4,2009,2009,dfincac,Large differences in income acceptable to reward talents and efforts?,ordinal,ESS2e03_6-ESS3e03_7-ESS4e04_6-ESS5e03_6-ESS6e02_7-ESS11e04_2-subset.sav,3aef7081ad1e48f989b7c93ef68f05e922159010a21d894d10d83899b764a852,dfincac,original microdata,ESS integrated round,All,Disagree,15.273979471554224,1.1897566643309383,12.94056767152393,17.607391271584518,1798,1798,1845,1844,975.6709010464692,1797.102615531534,True,Approximate weighted respondent linearization; PSU/stratum unavailable in supplied file,all eligible adults,
ESS,4,2009,2009,dfincac,Large differences in income acceptable to reward talents and efforts?,ordinal,ESS2e03_6-ESS3e03_7-ESS4e04_6-ESS5e03_6-ESS6e02_7-ESS11e04_2-subset.sav,3aef7081ad1e48f989b7c93ef68f05e922159010a21d894d10d83899b764a852,dfincac,original microdata,ESS integrated round,All,Neither agree nor disagree,23.198520290494105,1.308226550836779,20.632759271998676,25.764281308989535,1798,1798,1845,1844,975.6709010464692,1797.102615531534,True,Approximate weighted respondent linearization; PSU/stratum unavailable in supplied file,all eligible adults,
ESS,4,2009,2009,dfincac,Large differences in income acceptable to reward talents and efforts?,ordinal,ESS2e03_6-ESS3e03_7-ESS4e04_6-ESS5e03_6-ESS6e02_7-ESS11e04_2-subset.sav,3aef7081ad1e48f989b7c93ef68f05e922159010a21d894d10d83899b764a852,dfincac,original microdata,ESS integrated round,All,Don't know,3.81448530828708,0.6704628269762846,2.4995392198548605,5.1294313967192995,1798,1798,1845,1844,975.6709010464692,1797.102615531534,True,Approximate weighted respondent linearization; PSU/stratum unavailable in supplied file,all eligible adults,
ESS,4,2009,2009,dfincac,Large differences in income acceptable to reward talents and efforts?,ordinal,ESS2e03_6-ESS3e03_7-ESS4e04_6-ESS5e03_6-ESS6e02_7-ESS11e04_2-subset.sav,3aef7081ad1e48f989b7c93ef68f05e922159010a21d894d10d83899b764a852,dfincac,original microdata,ESS integrated round,All,Refused / no answer,0.0866723174935922,0.06311593246850866,0.0,0.2104585218556026,1798,1798,1845,1844,975.6709010464692,1797.102615531534,True,Approximate weighted respondent linearization; PSU/stratum unavailable in supplied file,all eligible adults,
ESS,4,2009,2009,dfincac,Large differences in income acceptable to reward talents and efforts?,ordinal,ESS2e03_6-ESS3e03_7-ESS4e04_6-ESS5e03_6-ESS6e02_7-ESS11e04_2-subset.sav,3aef7081ad1e48f989b7c93ef68f05e922159010a21d894d10d83899b764a852,dfincac,original microdata,ESS integrated round,18-34,Agree,63.75524445880602,2.926556053674495,58.01553260526126,69.49495631235078,464,464,1845,1844,273.13947198579035,590.2358148023486,True,Approximate weighted respondent linearization; PSU/stratum unavailable in supplied file,all eligible adults,
ESS,4,2009,2009,dfincac,Large differences in income acceptable to reward talents and efforts?,ordinal,ESS2e03_6-ESS3e03_7-ESS4e04_6-ESS5e03_6-ESS6e02_7-ESS11e04_2-subset.sav,3aef7081ad1e48f989b7c93ef68f05e922159010a21d894d10d83899b764a852,dfincac,original microdata,ESS integrated round,18-34,Disagree,12.12686735262091,2.163489778846645,7.883720219635843,16.370014485605974,464,464,1845,1844,273.13947198579035,590.2358148023486,True,Approximate weighted respondent linearization; PSU/stratum unavailable in supplied file,all eligible adults,
ESS,4,2009,2009,dfincac,Large differences in income acceptable to reward talents and efforts?,ordinal,ESS2e03_6-ESS3e03_7-ESS4e04_6-ESS5e03_6-ESS6e02_7-ESS11e04_2-subset.sav,3aef7081ad1e48f989b7c93ef68f05e922159010a21d894d10d83899b764a852,dfincac,original microdata,ESS integrated round,18-34,Neither agree nor disagree,19.8073366228481,2.249737260779427,15.395036504132104,24.2196367415641,464,464,1845,1844,273.13947198579035,590.2358148023486,True,Approximate weighted respondent linearization; PSU/stratum unavailable in supplied file,all eligible adults,
ESS,4,2009,2009,dfincac,Large differences in income acceptable to reward talents and efforts?,ordinal,ESS2e03_6-ESS3e03_7-ESS4e04_6-ESS5e03_6-ESS6e02_7-ESS11e04_2-subset.sav,3aef7081ad1e48f989b7c93ef68f05e922159010a21d894d10d83899b764a852,dfincac,original microdata,ESS integrated round,18-34,Don't know,4.310551565724967,1.4322819212670903,1.5014867911778715,7.119616340272062,464,464,1845,1844,273.13947198579035,590.2358148023486,True,Approximate weighted respondent linearization; PSU/stratum unavailable in supplied file,all eligible adults,
ESS,4,2009,2009,dfincac,Large differences in income acceptable to reward talents and efforts?,ordinal,ESS2e03_6-ESS3e03_7-ESS4e04_6-ESS5e03_6-ESS6e02_7-ESS11e04_2-subset.sav,3aef7081ad1e48f989b7c93ef68f05e922159010a21d894d10d83899b764a852,dfincac,original microdata,ESS integrated round,18-34,Refused / no answer,0.0,0.0,0.0,0.0,464,464,1845,1844,273.13947198579035,590.2358148023486,True,Approximate weighted respondent linearization; PSU/stratum unavailable in supplied file,all eligible adults,
ESS,4,2009,2009,dfincac,Large differences in income acceptable to reward talents and efforts?,ordinal,ESS2e03_6-ESS3e03_7-ESS4e04_6-ESS5e03_6-ESS6e02_7-ESS11e04_2-subset.sav,3aef7081ad1e48f989b7c93ef68f05e922159010a21d894d10d83899b764a852,dfincac,original microdata,ESS integrated round,35-54,Agree,61.28338846390512,2.65517552738768,56.0759220192921,66.49085490851814,576,576,1845,1844,338.39294001146175,633.0754457637668,True,Approximate weighted respondent linearization; PSU/stratum unavailable in supplied file,all eligible adults,
ESS,4,2009,2009,dfincac,Large differences in income acceptable to reward talents and efforts?,ordinal,ESS2e03_6-ESS3e03_7-ESS4e04_6-ESS5e03_6-ESS6e02_7-ESS11e04_2-subset.sav,3aef7081ad1e48f989b7c93ef68f05e922159010a21d894d10d83899b764a852,dfincac,original microdata,ESS integrated round,35-54,Disagree,13.185751858105855,1.8863437716455336,9.486157690968664,16.885346025243045,576,576,1845,1844,338.39294001146175,633.0754457637668,True,Approximate weighted respondent linearization; PSU/stratum unavailable in supplied file,all eligible adults,
ESS,4,2009,2009,dfincac,Large differences in income acceptable to reward talents and efforts?,ordinal,ESS2e03_6-ESS3e03_7-ESS4e04_6-ESS5e03_6-ESS6e02_7-ESS11e04_2-subset.sav,3aef7081ad1e48f989b7c93ef68f05e922159010a21d894d10d83899b764a852,dfincac,original microdata,ESS integrated round,35-54,Neither agree nor disagree,23.414310772533877,2.3018800002148683,18.89974563851495,27.928875906552804,576,576,1845,1844,338.39294001146175,633.0754457637668,True,Approximate weighted respondent linearization; PSU/stratum unavailable in supplied file,all eligible adults,
ESS,4,2009,2009,dfincac,Large differences in income acceptable to reward talents and efforts?,ordinal,ESS2e03_6-ESS3e03_7-ESS4e04_6-ESS5e03_6-ESS6e02_7-ESS11e04_2-subset.sav,3aef7081ad1e48f989b7c93ef68f05e922159010a21d894d10d83899b764a852,dfincac,original microdata,ESS integrated round,35-54,Don't know,1.9634479431878507,0.7187546598976494,0.5537894348448145,3.373106451530887,576,576,1845,1844,338.39294001146175,633.0754457637668,True,Approximate weighted respondent linearization; PSU/stratum unavailable in supplied file,all eligible adults,
ESS,4,2009,2009,dfincac,Large differences in income acceptable to reward talents and efforts?,ordinal,ESS2e03_6-ESS3e03_7-ESS4e04_6-ESS5e03_6-ESS6e02_7-ESS11e04_2-subset.sav,3aef7081ad1e48f989b7c93ef68f05e922159010a21d894d10d83899b764a852,dfincac,original microdata,ESS integrated round,35-54,Refused / no answer,0.15310096226730321,0.15313428615883762,0.0,0.45343577948237646,576,576,1845,1844,338.39294001146175,633.0754457637668,True,Approximate weighted respondent linearization; PSU/stratum unavailable in supplied file,all eligible adults,
ESS,4,2009,2009,dfincac,Large differences in income acceptable to reward talents and efforts?,ordinal,ESS2e03_6-ESS3e03_7-ESS4e04_6-ESS5e03_6-ESS6e02_7-ESS11e04_2-subset.sav,3aef7081ad1e48f989b7c93ef68f05e922159010a21d894d10d83899b764a852,dfincac,original microdata,ESS integrated round,55+,Agree,47.28689909020489,2.534553882867078,42.316002002252475,52.25779617815731,758,758,1845,1844,387.21215521281584,573.7913549654186,True,Approximate weighted respondent linearization; PSU/stratum unavailable in supplied file,all eligible adults,
ESS,4,2009,2009,dfincac,Large differences in income acceptable to reward talents and efforts?,ordinal,ESS2e03_6-ESS3e03_7-ESS4e04_6-ESS5e03_6-ESS6e02_7-ESS11e04_2-subset.sav,3aef7081ad1e48f989b7c93ef68f05e922159010a21d894d10d83899b764a852,dfincac,original microdata,ESS integrated round,55+,Disagree,20.815268801757902,2.1217203084660246,16.654042096696614,24.97649550681919,758,758,1845,1844,387.21215521281584,573.7913549654186,True,Approximate weighted respondent linearization; PSU/stratum unavailable in supplied file,all eligible adults,
ESS,4,2009,2009,dfincac,Large differences in income acceptable to reward talents and efforts?,ordinal,ESS2e03_6-ESS3e03_7-ESS4e04_6-ESS5e03_6-ESS6e02_7-ESS11e04_2-subset.sav,3aef7081ad1e48f989b7c93ef68f05e922159010a21d894d10d83899b764a852,dfincac,original microdata,ESS integrated round,55+,Neither agree nor disagree,26.448806973047816,2.201245599537949,22.131611187794466,30.766002758301166,758,758,1845,1844,387.21215521281584,573.7913549654186,True,Approximate weighted respondent linearization; PSU/stratum unavailable in supplied file,all eligible adults,
ESS,4,2009,2009,dfincac,Large differences in income acceptable to reward talents and efforts?,ordinal,ESS2e03_6-ESS3e03_7-ESS4e04_6-ESS5e03_6-ESS6e02_7-ESS11e04_2-subset.sav,3aef7081ad1e48f989b7c93ef68f05e922159010a21d894d10d83899b764a852,dfincac,original microdata,ESS integrated round,55+,Don't know,5.346488580510934,1.2541053842464196,2.8868727701403674,7.806104390881501,758,758,1845,1844,387.21215521281584,573.7913549654186,True,Approximate weighted respondent linearization; PSU/stratum unavailable in supplied file,all eligible adults,
ESS,4,2009,2009,dfincac,Large differences in income acceptable to reward talents and efforts?,ordinal,ESS2e03_6-ESS3e03_7-ESS4e04_6-ESS5e03_6-ESS6e02_7-ESS11e04_2-subset.sav,3aef7081ad1e48f989b7c93ef68f05e922159010a21d894d10d83899b764a852,dfincac,original microdata,ESS integrated round,55+,Refused / no answer,0.10253655447845725,0.10259162336470587,0.0,0.30374450877732134,758,758,1845,1844,387.21215521281584,573.7913549654186,True,Approximate weighted respondent linearization; PSU/stratum unavailable in supplied file,all eligible adults,
ESS,4,2009,2009,smdfslv,"For fair society, differences in standard of living should be small?",ordinal,ESS2e03_6-ESS3e03_7-ESS4e04_6-ESS5e03_6-ESS6e02_7-ESS11e04_2-subset.sav,3aef7081ad1e48f989b7c93ef68f05e922159010a21d894d10d83899b764a852,smdfslv,original microdata,ESS integrated round,All,Agree,62.49857848855093,1.5710509785907814,59.41735272046129,65.57980425664059,1798,1798,1845,1844,975.6709010464692,1797.102615531534,True,Approximate weighted respondent linearization; PSU/stratum unavailable in supplied file,all eligible adults,
ESS,4,2009,2009,smdfslv,"For fair society, differences in standard of living should be small?",ordinal,ESS2e03_6-ESS3e03_7-ESS4e04_6-ESS5e03_6-ESS6e02_7-ESS11e04_2-subset.sav,3aef7081ad1e48f989b7c93ef68f05e922159010a21d894d10d83899b764a852,smdfslv,original microdata,ESS integrated round,All,Disagree,6.931227583360858,0.8581430292609109,5.2481934549349365,8.61426171178678,1798,1798,1845,1844,975.6709010464692,1797.102615531534,True,Approximate weighted respondent linearization; PSU/stratum unavailable in supplied file,all eligible adults,
ESS,4,2009,2009,smdfslv,"For fair society, differences in standard of living should be small?",ordinal,ESS2e03_6-ESS3e03_7-ESS4e04_6-ESS5e03_6-ESS6e02_7-ESS11e04_2-subset.sav,3aef7081ad1e48f989b7c93ef68f05e922159010a21d894d10d83899b764a852,smdfslv,original microdata,ESS integrated round,All,Neither agree nor disagree,23.674597964067257,1.3805204553061663,20.967050431727003,26.38214549640751,1798,1798,1845,1844,975.6709010464692,1797.102615531534,True,Approximate weighted respondent linearization; PSU/stratum unavailable in supplied file,all eligible adults,
ESS,4,2009,2009,smdfslv,"For fair society, differences in standard of living should be small?",ordinal,ESS2e03_6-ESS3e03_7-ESS4e04_6-ESS5e03_6-ESS6e02_7-ESS11e04_2-subset.sav,3aef7081ad1e48f989b7c93ef68f05e922159010a21d894d10d83899b764a852,smdfslv,original microdata,ESS integrated round,All,Don't know,6.859623454062931,0.8479016063819436,5.196675329532875,8.522571578592988,1798,1798,1845,1844,975.6709010464692,1797.102615531534,True,Approximate weighted respondent linearization; PSU/stratum unavailable in supplied file,all eligible adults,
ESS,4,2009,2009,smdfslv,"For fair society, differences in standard of living should be small?",ordinal,ESS2e03_6-ESS3e03_7-ESS4e04_6-ESS5e03_6-ESS6e02_7-ESS11e04_2-subset.sav,3aef7081ad1e48f989b7c93ef68f05e922159010a21d894d10d83899b764a852,smdfslv,original microdata,ESS integrated round,All,Refused / no answer,0.03597250995801788,0.035987758181579045,0.0,0.10655354733741884,1798,1798,1845,1844,975.6709010464692,1797.102615531534,True,Approximate weighted respondent linearization; PSU/stratum unavailable in supplied file,all eligible adults,
ESS,4,2009,2009,smdfslv,"For fair society, differences in standard of living should be small?",ordinal,ESS2e03_6-ESS3e03_7-ESS4e04_6-ESS5e03_6-ESS6e02_7-ESS11e04_2-subset.sav,3aef7081ad1e48f989b7c93ef68f05e922159010a21d894d10d83899b764a852,smdfslv,original microdata,ESS integrated round,18-34,Agree,54.53700109147489,3.015531317904036,48.62278638563404,60.45121579731574,464,464,1845,1844,273.13947198579035,590.2358148023486,True,Approximate weighted respondent linearization; PSU/stratum unavailable in supplied file,all eligible adults,
ESS,4,2009,2009,smdfslv,"For fair society, differences in standard of living should be small?",ordinal,ESS2e03_6-ESS3e03_7-ESS4e04_6-ESS5e03_6-ESS6e02_7-ESS11e04_2-subset.sav,3aef7081ad1e48f989b7c93ef68f05e922159010a21d894d10d83899b764a852,smdfslv,original microdata,ESS integrated round,18-34,Disagree,8.256468051003035,1.663132865853604,4.994646562166608,11.518289539839461,464,464,1845,1844,273.13947198579035,590.2358148023486,True,Approximate weighted respondent linearization; PSU/stratum unavailable in supplied file,all eligible adults,
ESS,4,2009,2009,smdfslv,"For fair society, differences in standard of living should be small?",ordinal,ESS2e03_6-ESS3e03_7-ESS4e04_6-ESS5e03_6-ESS6e02_7-ESS11e04_2-subset.sav,3aef7081ad1e48f989b7c93ef68f05e922159010a21d894d10d83899b764a852,smdfslv,original microdata,ESS integrated round,18-34,Neither agree nor disagree,28.57571975672517,2.6947241901592642,23.290688445990114,33.86075106746023,464,464,1845,1844,273.13947198579035,590.2358148023486,True,Approximate weighted respondent linearization; PSU/stratum unavailable in supplied file,all eligible adults,
ESS,4,2009,2009,smdfslv,"For fair society, differences in standard of living should be small?",ordinal,ESS2e03_6-ESS3e03_7-ESS4e04_6-ESS5e03_6-ESS6e02_7-ESS11e04_2-subset.sav,3aef7081ad1e48f989b7c93ef68f05e922159010a21d894d10d83899b764a852,smdfslv,original microdata,ESS integrated round,18-34,Don't know,8.630811100796905,1.8474038033413642,5.007587996968571,12.254034204625238,464,464,1845,1844,273.13947198579035,590.2358148023486,True,Approximate weighted respondent linearization; PSU/stratum unavailable in supplied file,all eligible adults,
ESS,4,2009,2009,smdfslv,"For fair society, differences in standard of living should be small?",ordinal,ESS2e03_6-ESS3e03_7-ESS4e04_6-ESS5e03_6-ESS6e02_7-ESS11e04_2-subset.sav,3aef7081ad1e48f989b7c93ef68f05e922159010a21d894d10d83899b764a852,smdfslv,original microdata,ESS integrated round,18-34,Refused / no answer,0.0,0.0,0.0,0.0,464,464,1845,1844,273.13947198579035,590.2358148023486,True,Approximate weighted respondent linearization; PSU/stratum unavailable in supplied file,all eligible adults,
ESS,4,2009,2009,smdfslv,"For fair society, differences in standard of living should be small?",ordinal,ESS2e03_6-ESS3e03_7-ESS4e04_6-ESS5e03_6-ESS6e02_7-ESS11e04_2-subset.sav,3aef7081ad1e48f989b7c93ef68f05e922159010a21d894d10d83899b764a852,smdfslv,original microdata,ESS integrated round,35-54,Agree,64.13894829369981,2.6084131808536335,59.023194561838025,69.2547020255616,576,576,1845,1844,338.39294001146175,633.0754457637668,True,Approximate weighted respondent linearization; PSU/stratum unavailable in supplied file,all eligible adults,
ESS,4,2009,2009,smdfslv,"For fair society, differences in standard of living should be small?",ordinal,ESS2e03_6-ESS3e03_7-ESS4e04_6-ESS5e03_6-ESS6e02_7-ESS11e04_2-subset.sav,3aef7081ad1e48f989b7c93ef68f05e922159010a21d894d10d83899b764a852,smdfslv,original microdata,ESS integrated round,35-54,Disagree,7.190922317879324,1.3905808066024226,4.463643908519494,9.918200727239155,576,576,1845,1844,338.39294001146175,633.0754457637668,True,Approximate weighted respondent linearization; PSU/stratum unavailable in supplied file,all eligible adults,
ESS,4,2009,2009,smdfslv,"For fair society, differences in standard of living should be small?",ordinal,ESS2e03_6-ESS3e03_7-ESS4e04_6-ESS5e03_6-ESS6e02_7-ESS11e04_2-subset.sav,3aef7081ad1e48f989b7c93ef68f05e922159010a21d894d10d83899b764a852,smdfslv,original microdata,ESS integrated round,35-54,Neither agree nor disagree,22.53224317594084,2.30399883596194,18.013522472566628,27.050963879315056,576,576,1845,1844,338.39294001146175,633.0754457637668,True,Approximate weighted respondent linearization; PSU/stratum unavailable in supplied file,all eligible adults,
ESS,4,2009,2009,smdfslv,"For fair society, differences in standard of living should be small?",ordinal,ESS2e03_6-ESS3e03_7-ESS4e04_6-ESS5e03_6-ESS6e02_7-ESS11e04_2-subset.sav,3aef7081ad1e48f989b7c93ef68f05e922159010a21d894d10d83899b764a852,smdfslv,original microdata,ESS integrated round,35-54,Don't know,6.035771540105075,1.2282188494961812,3.6269257295664223,8.444617350643728,576,576,1845,1844,338.39294001146175,633.0754457637668,True,Approximate weighted respondent linearization; PSU/stratum unavailable in supplied file,all eligible adults,
ESS,4,2009,2009,smdfslv,"For fair society, differences in standard of living should be small?",ordinal,ESS2e03_6-ESS3e03_7-ESS4e04_6-ESS5e03_6-ESS6e02_7-ESS11e04_2-subset.sav,3aef7081ad1e48f989b7c93ef68f05e922159010a21d894d10d83899b764a852,smdfslv,original microdata,ESS integrated round,35-54,Refused / no answer,0.10211467237494307,0.10218896672147261,0.0,0.3025329158103598,576,576,1845,1844,338.39294001146175,633.0754457637668,True,Approximate weighted respondent linearization; PSU/stratum unavailable in supplied file,all eligible adults,
ESS,4,2009,2009,smdfslv,"For fair society, differences in standard of living should be small?",ordinal,ESS2e03_6-ESS3e03_7-ESS4e04_6-ESS5e03_6-ESS6e02_7-ESS11e04_2-subset.sav,3aef7081ad1e48f989b7c93ef68f05e922159010a21d894d10d83899b764a852,smdfslv,original microdata,ESS integrated round,55+,Agree,68.87847641622835,2.4746364253350293,64.02509251952308,73.73186031293362,758,758,1845,1844,387.21215521281584,573.7913549654186,True,Approximate weighted respondent linearization; PSU/stratum unavailable in supplied file,all eligible adults,
ESS,4,2009,2009,smdfslv,"For fair society, differences in standard of living should be small?",ordinal,ESS2e03_6-ESS3e03_7-ESS4e04_6-ESS5e03_6-ESS6e02_7-ESS11e04_2-subset.sav,3aef7081ad1e48f989b7c93ef68f05e922159010a21d894d10d83899b764a852,smdfslv,original microdata,ESS integrated round,55+,Disagree,5.281480268672476,1.3977779502644656,2.5400864519768374,8.022874085368116,758,758,1845,1844,387.21215521281584,573.7913549654186,True,Approximate weighted respondent linearization; PSU/stratum unavailable in supplied file,all eligible adults,
ESS,4,2009,2009,smdfslv,"For fair society, differences in standard of living should be small?",ordinal,ESS2e03_6-ESS3e03_7-ESS4e04_6-ESS5e03_6-ESS6e02_7-ESS11e04_2-subset.sav,3aef7081ad1e48f989b7c93ef68f05e922159010a21d894d10d83899b764a852,smdfslv,original microdata,ESS integrated round,55+,Neither agree nor disagree,19.893396262009116,2.1272188573388258,15.721385520844064,24.065407003174165,758,758,1845,1844,387.21215521281584,573.7913549654186,True,Approximate weighted respondent linearization; PSU/stratum unavailable in supplied file,all eligible adults,
ESS,4,2009,2009,smdfslv,"For fair society, differences in standard of living should be small?",ordinal,ESS2e03_6-ESS3e03_7-ESS4e04_6-ESS5e03_6-ESS6e02_7-ESS11e04_2-subset.sav,3aef7081ad1e48f989b7c93ef68f05e922159010a21d894d10d83899b764a852,smdfslv,original microdata,ESS integrated round,55+,Don't know,5.946647053090054,1.2500727608020037,3.49494023067676,8.398353875503346,758,758,1845,1844,387.21215521281584,573.7913549654186,True,Approximate weighted respondent linearization; PSU/stratum unavailable in supplied file,all eligible adults,
ESS,4,2009,2009,smdfslv,"For fair society, differences in standard of living should be small?",ordinal,ESS2e03_6-ESS3e03_7-ESS4e04_6-ESS5e03_6-ESS6e02_7-ESS11e04_2-subset.sav,3aef7081ad1e48f989b7c93ef68f05e922159010a21d894d10d83899b764a852,smdfslv,original microdata,ESS integrated round,55+,Refused / no answer,0.0,0.0,0.0,0.0,758,758,1845,1844,387.21215521281584,573.7913549654186,True,Approximate weighted respondent linearization; PSU/stratum unavailable in supplied file,all eligible adults,
ESS,4,2009,2009,bennent,Many manage to obtain benefits/services not entitled to?,ordinal,ESS2e03_6-ESS3e03_7-ESS4e04_6-ESS5e03_6-ESS6e02_7-ESS11e04_2-subset.sav,3aef7081ad1e48f989b7c93ef68f05e922159010a21d894d10d83899b764a852,bennent,original microdata,ESS integrated round,All,Agree,55.30669453122287,1.5986185501002164,52.171401827778446,58.44198723466729,1798,1798,1845,1844,975.6709010464692,1797.102615531534,True,Approximate weighted respondent linearization; PSU/stratum unavailable in supplied file,all eligible adults,
ESS,4,2009,2009,bennent,Many manage to obtain benefits/services not entitled to?,ordinal,ESS2e03_6-ESS3e03_7-ESS4e04_6-ESS5e03_6-ESS6e02_7-ESS11e04_2-subset.sav,3aef7081ad1e48f989b7c93ef68f05e922159010a21d894d10d83899b764a852,bennent,original microdata,ESS integrated round,All,Disagree,15.310894248696709,1.1670467875147414,13.022022224007742,17.599766273385676,1798,1798,1845,1844,975.6709010464692,1797.102615531534,True,Approximate weighted respondent linearization; PSU/stratum unavailable in supplied file,all eligible adults,
ESS,4,2009,2009,bennent,Many manage to obtain benefits/services not entitled to?,ordinal,ESS2e03_6-ESS3e03_7-ESS4e04_6-ESS5e03_6-ESS6e02_7-ESS11e04_2-subset.sav,3aef7081ad1e48f989b7c93ef68f05e922159010a21d894d10d83899b764a852,bennent,original microdata,ESS integrated round,All,Neither agree nor disagree,17.077157113347425,1.21769422127601,14.688952743547151,19.4653614831477,1798,1798,1845,1844,975.6709010464692,1797.102615531534,True,Approximate weighted respondent linearization; PSU/stratum unavailable in supplied file,all eligible adults,
ESS,4,2009,2009,bennent,Many manage to obtain benefits/services not entitled to?,ordinal,ESS2e03_6-ESS3e03_7-ESS4e04_6-ESS5e03_6-ESS6e02_7-ESS11e04_2-subset.sav,3aef7081ad1e48f989b7c93ef68f05e922159010a21d894d10d83899b764a852,bennent,original microdata,ESS integrated round,All,Don't know,12.157533534590247,1.0805412082221024,10.038320689413766,14.276746379766728,1798,1798,1845,1844,975.6709010464692,1797.102615531534,True,Approximate weighted respondent linearization; PSU/stratum unavailable in supplied file,all eligible adults,
ESS,4,2009,2009,bennent,Many manage to obtain benefits/services not entitled to?,ordinal,ESS2e03_6-ESS3e03_7-ESS4e04_6-ESS5e03_6-ESS6e02_7-ESS11e04_2-subset.sav,3aef7081ad1e48f989b7c93ef68f05e922159010a21d894d10d83899b764a852,bennent,original microdata,ESS integrated round,All,Refused / no answer,0.1477205721427506,0.14761800200831376,0.0,0.4372365699176395,1798,1798,1845,1844,975.6709010464692,1797.102615531534,True,Approximate weighted respondent linearization; PSU/stratum unavailable in supplied file,all eligible adults,
ESS,4,2009,2009,bennent,Many manage to obtain benefits/services not entitled to?,ordinal,ESS2e03_6-ESS3e03_7-ESS4e04_6-ESS5e03_6-ESS6e02_7-ESS11e04_2-subset.sav,3aef7081ad1e48f989b7c93ef68f05e922159010a21d894d10d83899b764a852,bennent,original microdata,ESS integrated round,18-34,Agree,55.23164262841989,3.021787070080103,49.3051588205153,61.15812643632448,464,464,1845,1844,273.13947198579035,590.2358148023486,True,Approximate weighted respondent linearization; PSU/stratum unavailable in supplied file,all eligible adults,
ESS,4,2009,2009,bennent,Many manage to obtain benefits/services not entitled to?,ordinal,ESS2e03_6-ESS3e03_7-ESS4e04_6-ESS5e03_6-ESS6e02_7-ESS11e04_2-subset.sav,3aef7081ad1e48f989b7c93ef68f05e922159010a21d894d10d83899b764a852,bennent,original microdata,ESS integrated round,18-34,Disagree,16.3634992545569,2.2310688728927146,11.987812535780876,20.739185973332923,464,464,1845,1844,273.13947198579035,590.2358148023486,True,Approximate weighted respondent linearization; PSU/stratum unavailable in supplied file,all eligible adults,
ESS,4,2009,2009,bennent,Many manage to obtain benefits/services not entitled to?,ordinal,ESS2e03_6-ESS3e03_7-ESS4e04_6-ESS5e03_6-ESS6e02_7-ESS11e04_2-subset.sav,3aef7081ad1e48f989b7c93ef68f05e922159010a21d894d10d83899b764a852,bennent,original microdata,ESS integrated round,18-34,Neither agree nor disagree,14.323656743556505,2.07720110576381,10.249743382498805,18.397570104614204,464,464,1845,1844,273.13947198579035,590.2358148023486,True,Approximate weighted respondent linearization; PSU/stratum unavailable in supplied file,all eligible adults,
ESS,4,2009,2009,bennent,Many manage to obtain benefits/services not entitled to?,ordinal,ESS2e03_6-ESS3e03_7-ESS4e04_6-ESS5e03_6-ESS6e02_7-ESS11e04_2-subset.sav,3aef7081ad1e48f989b7c93ef68f05e922159010a21d894d10d83899b764a852,bennent,original microdata,ESS integrated round,18-34,Don't know,14.081201373466707,2.2709894884135466,9.62722029575707,18.535182451176343,464,464,1845,1844,273.13947198579035,590.2358148023486,True,Approximate weighted respondent linearization; PSU/stratum unavailable in supplied file,all eligible adults,
ESS,4,2009,2009,bennent,Many manage to obtain benefits/services not entitled to?,ordinal,ESS2e03_6-ESS3e03_7-ESS4e04_6-ESS5e03_6-ESS6e02_7-ESS11e04_2-subset.sav,3aef7081ad1e48f989b7c93ef68f05e922159010a21d894d10d83899b764a852,bennent,original microdata,ESS integrated round,18-34,Refused / no answer,0.0,0.0,0.0,0.0,464,464,1845,1844,273.13947198579035,590.2358148023486,True,Approximate weighted respondent linearization; PSU/stratum unavailable in supplied file,all eligible adults,
ESS,4,2009,2009,bennent,Many manage to obtain benefits/services not entitled to?,ordinal,ESS2e03_6-ESS3e03_7-ESS4e04_6-ESS5e03_6-ESS6e02_7-ESS11e04_2-subset.sav,3aef7081ad1e48f989b7c93ef68f05e922159010a21d894d10d83899b764a852,bennent,original microdata,ESS integrated round,35-54,Agree,57.642270328680425,2.6998060219040965,52.34727226884896,62.93726838851189,576,576,1845,1844,338.39294001146175,633.0754457637668,True,Approximate weighted respondent linearization; PSU/stratum unavailable in supplied file,all eligible adults,
ESS,4,2009,2009,bennent,Many manage to obtain benefits/services not entitled to?,ordinal,ESS2e03_6-ESS3e03_7-ESS4e04_6-ESS5e03_6-ESS6e02_7-ESS11e04_2-subset.sav,3aef7081ad1e48f989b7c93ef68f05e922159010a21d894d10d83899b764a852,bennent,original microdata,ESS integrated round,35-54,Disagree,14.650907450820911,1.9916406456881226,10.744799652986428,18.557015248655397,576,576,1845,1844,338.39294001146175,633.0754457637668,True,Approximate weighted respondent linearization; PSU/stratum unavailable in supplied file,all eligible adults,
ESS,4,2009,2009,bennent,Many manage to obtain benefits/services not entitled to?,ordinal,ESS2e03_6-ESS3e03_7-ESS4e04_6-ESS5e03_6-ESS6e02_7-ESS11e04_2-subset.sav,3aef7081ad1e48f989b7c93ef68f05e922159010a21d894d10d83899b764a852,bennent,original microdata,ESS integrated round,35-54,Neither agree nor disagree,17.644764446601297,2.0506903692889566,13.622845301816973,21.66668359138562,576,576,1845,1844,338.39294001146175,633.0754457637668,True,Approximate weighted respondent linearization; PSU/stratum unavailable in supplied file,all eligible adults,
ESS,4,2009,2009,bennent,Many manage to obtain benefits/services not entitled to?,ordinal,ESS2e03_6-ESS3e03_7-ESS4e04_6-ESS5e03_6-ESS6e02_7-ESS11e04_2-subset.sav,3aef7081ad1e48f989b7c93ef68f05e922159010a21d894d10d83899b764a852,bennent,original microdata,ESS integrated round,35-54,Don't know,9.642725404679856,1.6458863660641554,6.414728635909654,12.870722173450059,576,576,1845,1844,338.39294001146175,633.0754457637668,True,Approximate weighted respondent linearization; PSU/stratum unavailable in supplied file,all eligible adults,
ESS,4,2009,2009,bennent,Many manage to obtain benefits/services not entitled to?,ordinal,ESS2e03_6-ESS3e03_7-ESS4e04_6-ESS5e03_6-ESS6e02_7-ESS11e04_2-subset.sav,3aef7081ad1e48f989b7c93ef68f05e922159010a21d894d10d83899b764a852,bennent,original microdata,ESS integrated round,35-54,Refused / no answer,0.41933236921751027,0.4183053934030126,0.0,1.2397343642185672,576,576,1845,1844,338.39294001146175,633.0754457637668,True,Approximate weighted respondent linearization; PSU/stratum unavailable in supplied file,all eligible adults,
ESS,4,2009,2009,bennent,Many manage to obtain benefits/services not entitled to?,ordinal,ESS2e03_6-ESS3e03_7-ESS4e04_6-ESS5e03_6-ESS6e02_7-ESS11e04_2-subset.sav,3aef7081ad1e48f989b7c93ef68f05e922159010a21d894d10d83899b764a852,bennent,original microdata,ESS integrated round,55+,Agree,52.80701001057761,2.546252320596199,47.81316934646595,57.80085067468928,758,758,1845,1844,387.21215521281584,573.7913549654186,True,Approximate weighted respondent linearization; PSU/stratum unavailable in supplied file,all eligible adults,
ESS,4,2009,2009,bennent,Many manage to obtain benefits/services not entitled to?,ordinal,ESS2e03_6-ESS3e03_7-ESS4e04_6-ESS5e03_6-ESS6e02_7-ESS11e04_2-subset.sav,3aef7081ad1e48f989b7c93ef68f05e922159010a21d894d10d83899b764a852,bennent,original microdata,ESS integrated round,55+,Disagree,14.956298914914168,1.8070502623001692,11.412219245757397,18.500378584070937,758,758,1845,1844,387.21215521281584,573.7913549654186,True,Approximate weighted respondent linearization; PSU/stratum unavailable in supplied file,all eligible adults,
ESS,4,2009,2009,bennent,Many manage to obtain benefits/services not entitled to?,ordinal,ESS2e03_6-ESS3e03_7-ESS4e04_6-ESS5e03_6-ESS6e02_7-ESS11e04_2-subset.sav,3aef7081ad1e48f989b7c93ef68f05e922159010a21d894d10d83899b764a852,bennent,original microdata,ESS integrated round,55+,Neither agree nor disagree,19.28331839104727,2.179869195240647,15.008047106429176,23.558589675665367,758,758,1845,1844,387.21215521281584,573.7913549654186,True,Approximate weighted respondent linearization; PSU/stratum unavailable in supplied file,all eligible adults,
ESS,4,2009,2009,bennent,Many manage to obtain benefits/services not entitled to?,ordinal,ESS2e03_6-ESS3e03_7-ESS4e04_6-ESS5e03_6-ESS6e02_7-ESS11e04_2-subset.sav,3aef7081ad1e48f989b7c93ef68f05e922159010a21d894d10d83899b764a852,bennent,original microdata,ESS integrated round,55+,Don't know,12.95337268346095,1.6230700071414819,9.770124528201421,16.13662083872048,758,758,1845,1844,387.21215521281584,573.7913549654186,True,Approximate weighted respondent linearization; PSU/stratum unavailable in supplied file,all eligible adults,
ESS,4,2009,2009,bennent,Many manage to obtain benefits/services not entitled to?,ordinal,ESS2e03_6-ESS3e03_7-ESS4e04_6-ESS5e03_6-ESS6e02_7-ESS11e04_2-subset.sav,3aef7081ad1e48f989b7c93ef68f05e922159010a21d894d10d83899b764a852,bennent,original microdata,ESS integrated round,55+,Refused / no answer,0.0,0.0,0.0,0.0,758,758,1845,1844,387.21215521281584,573.7913549654186,True,Approximate weighted respondent linearization; PSU/stratum unavailable in supplied file,all eligible adults,
ESS,4,2009,2009,insfben,Insufficient benefits in country to help people in real need?,ordinal,ESS2e03_6-ESS3e03_7-ESS4e04_6-ESS5e03_6-ESS6e02_7-ESS11e04_2-subset.sav,3aef7081ad1e48f989b7c93ef68f05e922159010a21d894d10d83899b764a852,insfben,original microdata,ESS integrated round,All,Agree,52.45991118282318,1.602858782756457,49.316302317585695,55.60352004806066,1798,1798,1845,1844,975.6709010464692,1797.102615531534,True,Approximate weighted respondent linearization; PSU/stratum unavailable in supplied file,all eligible adults,
ESS,4,2009,2009,insfben,Insufficient benefits in country to help people in real need?,ordinal,ESS2e03_6-ESS3e03_7-ESS4e04_6-ESS5e03_6-ESS6e02_7-ESS11e04_2-subset.sav,3aef7081ad1e48f989b7c93ef68f05e922159010a21d894d10d83899b764a852,insfben,original microdata,ESS integrated round,All,Disagree,16.740215827258726,1.2167276861058842,14.353907075813645,19.12652457870381,1798,1798,1845,1844,975.6709010464692,1797.102615531534,True,Approximate weighted respondent linearization; PSU/stratum unavailable in supplied file,all eligible adults,
ESS,4,2009,2009,insfben,Insufficient benefits in country to help people in real need?,ordinal,ESS2e03_6-ESS3e03_7-ESS4e04_6-ESS5e03_6-ESS6e02_7-ESS11e04_2-subset.sav,3aef7081ad1e48f989b7c93ef68f05e922159010a21d894d10d83899b764a852,insfben,original microdata,ESS integrated round,All,Neither agree nor disagree,17.28426282131394,1.2300671323325902,14.871792063666717,19.696733578961165,1798,1798,1845,1844,975.6709010464692,1797.102615531534,True,Approximate weighted respondent linearization; PSU/stratum unavailable in supplied file,all eligible adults,
ESS,4,2009,2009,insfben,Insufficient benefits in country to help people in real need?,ordinal,ESS2e03_6-ESS3e03_7-ESS4e04_6-ESS5e03_6-ESS6e02_7-ESS11e04_2-subset.sav,3aef7081ad1e48f989b7c93ef68f05e922159010a21d894d10d83899b764a852,insfben,original microdata,ESS integrated round,All,Don't know,13.367889596461406,1.1167328462928328,11.177695854208666,15.558083338714146,1798,1798,1845,1844,975.6709010464692,1797.102615531534,True,Approximate weighted respondent linearization; PSU/stratum unavailable in supplied file,all eligible adults,
ESS,4,2009,2009,insfben,Insufficient benefits in country to help people in real need?,ordinal,ESS2e03_6-ESS3e03_7-ESS4e04_6-ESS5e03_6-ESS6e02_7-ESS11e04_2-subset.sav,3aef7081ad1e48f989b7c93ef68f05e922159010a21d894d10d83899b764a852,insfben,original microdata,ESS integrated round,All,Refused / no answer,0.1477205721427506,0.14761800200831376,0.0,0.4372365699176395,1798,1798,1845,1844,975.6709010464692,1797.102615531534,True,Approximate weighted respondent linearization; PSU/stratum unavailable in supplied file,all eligible adults,
ESS,4,2009,2009,insfben,Insufficient benefits in country to help people in real need?,ordinal,ESS2e03_6-ESS3e03_7-ESS4e04_6-ESS5e03_6-ESS6e02_7-ESS11e04_2-subset.sav,3aef7081ad1e48f989b7c93ef68f05e922159010a21d894d10d83899b764a852,insfben,original microdata,ESS integrated round,18-34,Agree,51.02618434387139,3.0263813237263433,45.09069005004824,56.96167863769455,464,464,1845,1844,273.13947198579035,590.2358148023486,True,Approximate weighted respondent linearization; PSU/stratum unavailable in supplied file,all eligible adults,
ESS,4,2009,2009,insfben,Insufficient benefits in country to help people in real need?,ordinal,ESS2e03_6-ESS3e03_7-ESS4e04_6-ESS5e03_6-ESS6e02_7-ESS11e04_2-subset.sav,3aef7081ad1e48f989b7c93ef68f05e922159010a21d894d10d83899b764a852,insfben,original microdata,ESS integrated round,18-34,Disagree,14.642240575174847,2.107541894293363,10.50882130328714,18.775659847062556,464,464,1845,1844,273.13947198579035,590.2358148023486,True,Approximate weighted respondent linearization; PSU/stratum unavailable in supplied file,all eligible adults,
ESS,4,2009,2009,insfben,Insufficient benefits in country to help people in real need?,ordinal,ESS2e03_6-ESS3e03_7-ESS4e04_6-ESS5e03_6-ESS6e02_7-ESS11e04_2-subset.sav,3aef7081ad1e48f989b7c93ef68f05e922159010a21d894d10d83899b764a852,insfben,original microdata,ESS integrated round,18-34,Neither agree nor disagree,15.782803440416938,2.096795092208833,11.670461348047056,19.89514553278682,464,464,1845,1844,273.13947198579035,590.2358148023486,True,Approximate weighted respondent linearization; PSU/stratum unavailable in supplied file,all eligible adults,
ESS,4,2009,2009,insfben,Insufficient benefits in country to help people in real need?,ordinal,ESS2e03_6-ESS3e03_7-ESS4e04_6-ESS5e03_6-ESS6e02_7-ESS11e04_2-subset.sav,3aef7081ad1e48f989b7c93ef68f05e922159010a21d894d10d83899b764a852,insfben,original microdata,ESS integrated round,18-34,Don't know,18.548771640536824,2.4989198168036824,13.647761910838579,23.44978137023507,464,464,1845,1844,273.13947198579035,590.2358148023486,True,Approximate weighted respondent linearization; PSU/stratum unavailable in supplied file,all eligible adults,
ESS,4,2009,2009,insfben,Insufficient benefits in country to help people in real need?,ordinal,ESS2e03_6-ESS3e03_7-ESS4e04_6-ESS5e03_6-ESS6e02_7-ESS11e04_2-subset.sav,3aef7081ad1e48f989b7c93ef68f05e922159010a21d894d10d83899b764a852,insfben,original microdata,ESS integrated round,18-34,Refused / no answer,0.0,0.0,0.0,0.0,464,464,1845,1844,273.13947198579035,590.2358148023486,True,Approximate weighted respondent linearization; PSU/stratum unavailable in supplied file,all eligible adults,
ESS,4,2009,2009,insfben,Insufficient benefits in country to help people in real need?,ordinal,ESS2e03_6-ESS3e03_7-ESS4e04_6-ESS5e03_6-ESS6e02_7-ESS11e04_2-subset.sav,3aef7081ad1e48f989b7c93ef68f05e922159010a21d894d10d83899b764a852,insfben,original microdata,ESS integrated round,35-54,Agree,49.05896625162113,2.715965608521067,43.732275181591774,54.385657321650484,576,576,1845,1844,338.39294001146175,633.0754457637668,True,Approximate weighted respondent linearization; PSU/stratum unavailable in supplied file,all eligible adults,
ESS,4,2009,2009,insfben,Insufficient benefits in country to help people in real need?,ordinal,ESS2e03_6-ESS3e03_7-ESS4e04_6-ESS5e03_6-ESS6e02_7-ESS11e04_2-subset.sav,3aef7081ad1e48f989b7c93ef68f05e922159010a21d894d10d83899b764a852,insfben,original microdata,ESS integrated round,35-54,Disagree,18.652294918635103,2.187547183140296,14.361965170296946,22.94262466697326,576,576,1845,1844,338.39294001146175,633.0754457637668,True,Approximate weighted respondent linearization; PSU/stratum unavailable in supplied file,all eligible adults,
ESS,4,2009,2009,insfben,Insufficient benefits in country to help people in real need?,ordinal,ESS2e03_6-ESS3e03_7-ESS4e04_6-ESS5e03_6-ESS6e02_7-ESS11e04_2-subset.sav,3aef7081ad1e48f989b7c93ef68f05e922159010a21d894d10d83899b764a852,insfben,original microdata,ESS integrated round,35-54,Neither agree nor disagree,20.479685890217972,2.232319244794963,16.101546877927987,24.857824902507957,576,576,1845,1844,338.39294001146175,633.0754457637668,True,Approximate weighted respondent linearization; PSU/stratum unavailable in supplied file,all eligible adults,
ESS,4,2009,2009,insfben,Insufficient benefits in country to help people in real need?,ordinal,ESS2e03_6-ESS3e03_7-ESS4e04_6-ESS5e03_6-ESS6e02_7-ESS11e04_2-subset.sav,3aef7081ad1e48f989b7c93ef68f05e922159010a21d894d10d83899b764a852,insfben,original microdata,ESS integrated round,35-54,Don't know,11.389720570308285,1.69712768676304,8.061226694900608,14.718214445715962,576,576,1845,1844,338.39294001146175,633.0754457637668,True,Approximate weighted respondent linearization; PSU/stratum unavailable in supplied file,all eligible adults,
ESS,4,2009,2009,insfben,Insufficient benefits in country to help people in real need?,ordinal,ESS2e03_6-ESS3e03_7-ESS4e04_6-ESS5e03_6-ESS6e02_7-ESS11e04_2-subset.sav,3aef7081ad1e48f989b7c93ef68f05e922159010a21d894d10d83899b764a852,insfben,original microdata,ESS integrated round,35-54,Refused / no answer,0.41933236921751027,0.4183053934030126,0.0,1.2397343642185672,576,576,1845,1844,338.39294001146175,633.0754457637668,True,Approximate weighted respondent linearization; PSU/stratum unavailable in supplied file,all eligible adults,
ESS,4,2009,2009,insfben,Insufficient benefits in country to help people in real need?,ordinal,ESS2e03_6-ESS3e03_7-ESS4e04_6-ESS5e03_6-ESS6e02_7-ESS11e04_2-subset.sav,3aef7081ad1e48f989b7c93ef68f05e922159010a21d894d10d83899b764a852,insfben,original microdata,ESS integrated round,55+,Agree,57.68705800435767,2.535893787099294,52.71353302749309,62.66058298122224,758,758,1845,1844,387.21215521281584,573.7913549654186,True,Approximate weighted respondent linearization; PSU/stratum unavailable in supplied file,all eligible adults,
ESS,4,2009,2009,insfben,Insufficient benefits in country to help people in real need?,ordinal,ESS2e03_6-ESS3e03_7-ESS4e04_6-ESS5e03_6-ESS6e02_7-ESS11e04_2-subset.sav,3aef7081ad1e48f989b7c93ef68f05e922159010a21d894d10d83899b764a852,insfben,original microdata,ESS integrated round,55+,Disagree,16.788682589609806,1.9837317655335744,12.89808609322958,20.679279085990032,758,758,1845,1844,387.21215521281584,573.7913549654186,True,Approximate weighted respondent linearization; PSU/stratum unavailable in supplied file,all eligible adults,
ESS,4,2009,2009,insfben,Insufficient benefits in country to help people in real need?,ordinal,ESS2e03_6-ESS3e03_7-ESS4e04_6-ESS5e03_6-ESS6e02_7-ESS11e04_2-subset.sav,3aef7081ad1e48f989b7c93ef68f05e922159010a21d894d10d83899b764a852,insfben,original microdata,ESS integrated round,55+,Neither agree nor disagree,15.303178978141757,2.01616293350026,11.348976811550987,19.257381144732527,758,758,1845,1844,387.21215521281584,573.7913549654186,True,Approximate weighted respondent linearization; PSU/stratum unavailable in supplied file,all eligible adults,
ESS,4,2009,2009,insfben,Insufficient benefits in country to help people in real need?,ordinal,ESS2e03_6-ESS3e03_7-ESS4e04_6-ESS5e03_6-ESS6e02_7-ESS11e04_2-subset.sav,3aef7081ad1e48f989b7c93ef68f05e922159010a21d894d10d83899b764a852,insfben,original microdata,ESS integrated round,55+,Don't know,10.221080427890769,1.3416791110259207,7.58971053236462,12.852450323416917,758,758,1845,1844,387.21215521281584,573.7913549654186,True,Approximate weighted respondent linearization; PSU/stratum unavailable in supplied file,all eligible adults,
ESS,4,2009,2009,insfben,Insufficient benefits in country to help people in real need?,ordinal,ESS2e03_6-ESS3e03_7-ESS4e04_6-ESS5e03_6-ESS6e02_7-ESS11e04_2-subset.sav,3aef7081ad1e48f989b7c93ef68f05e922159010a21d894d10d83899b764a852,insfben,original microdata,ESS integrated round,55+,Refused / no answer,0.0,0.0,0.0,0.0,758,758,1845,1844,387.21215521281584,573.7913549654186,True,Approximate weighted respondent linearization; PSU/stratum unavailable in supplied file,all eligible adults,
ESS,4,2009,2009,lbenent,Many with very low incomes get less benefit than legally entitled to?,ordinal,ESS2e03_6-ESS3e03_7-ESS4e04_6-ESS5e03_6-ESS6e02_7-ESS11e04_2-subset.sav,3aef7081ad1e48f989b7c93ef68f05e922159010a21d894d10d83899b764a852,lbenent,original microdata,ESS integrated round,All,Agree,54.517273081505515,1.6059263295360242,51.36764798617058,57.66689817684045,1798,1798,1845,1844,975.6709010464692,1797.102615531534,True,Approximate weighted respondent linearization; PSU/stratum unavailable in supplied file,all eligible adults,
ESS,4,2009,2009,lbenent,Many with very low incomes get less benefit than legally entitled to?,ordinal,ESS2e03_6-ESS3e03_7-ESS4e04_6-ESS5e03_6-ESS6e02_7-ESS11e04_2-subset.sav,3aef7081ad1e48f989b7c93ef68f05e922159010a21d894d10d83899b764a852,lbenent,original microdata,ESS integrated round,All,Disagree,13.103082457680687,1.1197338973700581,10.907002900112907,15.299162015248466,1798,1798,1845,1844,975.6709010464692,1797.102615531534,True,Approximate weighted respondent linearization; PSU/stratum unavailable in supplied file,all eligible adults,
ESS,4,2009,2009,lbenent,Many with very low incomes get less benefit than legally entitled to?,ordinal,ESS2e03_6-ESS3e03_7-ESS4e04_6-ESS5e03_6-ESS6e02_7-ESS11e04_2-subset.sav,3aef7081ad1e48f989b7c93ef68f05e922159010a21d894d10d83899b764a852,lbenent,original microdata,ESS integrated round,All,Neither agree nor disagree,19.364226184617635,1.3402179754862062,16.735721943062615,21.992730426172656,1798,1798,1845,1844,975.6709010464692,1797.102615531534,True,Approximate weighted respondent linearization; PSU/stratum unavailable in supplied file,all eligible adults,
ESS,4,2009,2009,lbenent,Many with very low incomes get less benefit than legally entitled to?,ordinal,ESS2e03_6-ESS3e03_7-ESS4e04_6-ESS5e03_6-ESS6e02_7-ESS11e04_2-subset.sav,3aef7081ad1e48f989b7c93ef68f05e922159010a21d894d10d83899b764a852,lbenent,original microdata,ESS integrated round,All,Don't know,12.85457762177467,1.0579358358047088,10.77969959255191,14.92945565099743,1798,1798,1845,1844,975.6709010464692,1797.102615531534,True,Approximate weighted respondent linearization; PSU/stratum unavailable in supplied file,all eligible adults,
ESS,4,2009,2009,lbenent,Many with very low incomes get less benefit than legally entitled to?,ordinal,ESS2e03_6-ESS3e03_7-ESS4e04_6-ESS5e03_6-ESS6e02_7-ESS11e04_2-subset.sav,3aef7081ad1e48f989b7c93ef68f05e922159010a21d894d10d83899b764a852,lbenent,original microdata,ESS integrated round,All,Refused / no answer,0.16084065442149212,0.14819302572538834,0.0,0.4514844182068145,1798,1798,1845,1844,975.6709010464692,1797.102615531534,True,Approximate weighted respondent linearization; PSU/stratum unavailable in supplied file,all eligible adults,
ESS,4,2009,2009,lbenent,Many with very low incomes get less benefit than legally entitled to?,ordinal,ESS2e03_6-ESS3e03_7-ESS4e04_6-ESS5e03_6-ESS6e02_7-ESS11e04_2-subset.sav,3aef7081ad1e48f989b7c93ef68f05e922159010a21d894d10d83899b764a852,lbenent,original microdata,ESS integrated round,18-34,Agree,55.79479753281893,3.0161077677235157,49.87945226402246,61.710142801615405,464,464,1845,1844,273.13947198579035,590.2358148023486,True,Approximate weighted respondent linearization; PSU/stratum unavailable in supplied file,all eligible adults,
ESS,4,2009,2009,lbenent,Many with very low incomes get less benefit than legally entitled to?,ordinal,ESS2e03_6-ESS3e03_7-ESS4e04_6-ESS5e03_6-ESS6e02_7-ESS11e04_2-subset.sav,3aef7081ad1e48f989b7c93ef68f05e922159010a21d894d10d83899b764a852,lbenent,original microdata,ESS integrated round,18-34,Disagree,9.931996123625632,1.827740355528686,6.347337982306827,13.516654264944437,464,464,1845,1844,273.13947198579035,590.2358148023486,True,Approximate weighted respondent linearization; PSU/stratum unavailable in supplied file,all eligible adults,
ESS,4,2009,2009,lbenent,Many with very low incomes get less benefit than legally entitled to?,ordinal,ESS2e03_6-ESS3e03_7-ESS4e04_6-ESS5e03_6-ESS6e02_7-ESS11e04_2-subset.sav,3aef7081ad1e48f989b7c93ef68f05e922159010a21d894d10d83899b764a852,lbenent,original microdata,ESS integrated round,18-34,Neither agree nor disagree,20.937825186255388,2.5321831909994095,15.971577620801224,25.904072751709553,464,464,1845,1844,273.13947198579035,590.2358148023486,True,Approximate weighted respondent linearization; PSU/stratum unavailable in supplied file,all eligible adults,
ESS,4,2009,2009,lbenent,Many with very low incomes get less benefit than legally entitled to?,ordinal,ESS2e03_6-ESS3e03_7-ESS4e04_6-ESS5e03_6-ESS6e02_7-ESS11e04_2-subset.sav,3aef7081ad1e48f989b7c93ef68f05e922159010a21d894d10d83899b764a852,lbenent,original microdata,ESS integrated round,18-34,Don't know,13.335381157300048,2.032002703518315,9.350113221230544,17.320649093369553,464,464,1845,1844,273.13947198579035,590.2358148023486,True,Approximate weighted respondent linearization; PSU/stratum unavailable in supplied file,all eligible adults,
ESS,4,2009,2009,lbenent,Many with very low incomes get less benefit than legally entitled to?,ordinal,ESS2e03_6-ESS3e03_7-ESS4e04_6-ESS5e03_6-ESS6e02_7-ESS11e04_2-subset.sav,3aef7081ad1e48f989b7c93ef68f05e922159010a21d894d10d83899b764a852,lbenent,original microdata,ESS integrated round,18-34,Refused / no answer,0.0,0.0,0.0,0.0,464,464,1845,1844,273.13947198579035,590.2358148023486,True,Approximate weighted respondent linearization; PSU/stratum unavailable in supplied file,all eligible adults,
ESS,4,2009,2009,lbenent,Many with very low incomes get less benefit than legally entitled to?,ordinal,ESS2e03_6-ESS3e03_7-ESS4e04_6-ESS5e03_6-ESS6e02_7-ESS11e04_2-subset.sav,3aef7081ad1e48f989b7c93ef68f05e922159010a21d894d10d83899b764a852,lbenent,original microdata,ESS integrated round,35-54,Agree,48.45542008362465,2.7069501977829264,43.146410499590864,53.76442966765844,576,576,1845,1844,338.39294001146175,633.0754457637668,True,Approximate weighted respondent linearization; PSU/stratum unavailable in supplied file,all eligible adults,
ESS,4,2009,2009,lbenent,Many with very low incomes get less benefit than legally entitled to?,ordinal,ESS2e03_6-ESS3e03_7-ESS4e04_6-ESS5e03_6-ESS6e02_7-ESS11e04_2-subset.sav,3aef7081ad1e48f989b7c93ef68f05e922159010a21d894d10d83899b764a852,lbenent,original microdata,ESS integrated round,35-54,Disagree,17.989728703915713,2.223008572878011,13.629850258990938,22.349607148840487,576,576,1845,1844,338.39294001146175,633.0754457637668,True,Approximate weighted respondent linearization; PSU/stratum unavailable in supplied file,all eligible adults,
ESS,4,2009,2009,lbenent,Many with very low incomes get less benefit than legally entitled to?,ordinal,ESS2e03_6-ESS3e03_7-ESS4e04_6-ESS5e03_6-ESS6e02_7-ESS11e04_2-subset.sav,3aef7081ad1e48f989b7c93ef68f05e922159010a21d894d10d83899b764a852,lbenent,original microdata,ESS integrated round,35-54,Neither agree nor disagree,19.911490998423293,2.237789522024251,15.522623397827026,24.30035859901956,576,576,1845,1844,338.39294001146175,633.0754457637668,True,Approximate weighted respondent linearization; PSU/stratum unavailable in supplied file,all eligible adults,
ESS,4,2009,2009,lbenent,Many with very low incomes get less benefit than legally entitled to?,ordinal,ESS2e03_6-ESS3e03_7-ESS4e04_6-ESS5e03_6-ESS6e02_7-ESS11e04_2-subset.sav,3aef7081ad1e48f989b7c93ef68f05e922159010a21d894d10d83899b764a852,lbenent,original microdata,ESS integrated round,35-54,Don't know,13.18678404656874,1.9217813783340136,9.41768782738107,16.95588026575641,576,576,1845,1844,338.39294001146175,633.0754457637668,True,Approximate weighted respondent linearization; PSU/stratum unavailable in supplied file,all eligible adults,
ESS,4,2009,2009,lbenent,Many with very low incomes get less benefit than legally entitled to?,ordinal,ESS2e03_6-ESS3e03_7-ESS4e04_6-ESS5e03_6-ESS6e02_7-ESS11e04_2-subset.sav,3aef7081ad1e48f989b7c93ef68f05e922159010a21d894d10d83899b764a852,lbenent,original microdata,ESS integrated round,35-54,Refused / no answer,0.45657616746760626,0.41990473609998563,0.0,1.2801148754061005,576,576,1845,1844,338.39294001146175,633.0754457637668,True,Approximate weighted respondent linearization; PSU/stratum unavailable in supplied file,all eligible adults,
ESS,4,2009,2009,lbenent,Many with very low incomes get less benefit than legally entitled to?,ordinal,ESS2e03_6-ESS3e03_7-ESS4e04_6-ESS5e03_6-ESS6e02_7-ESS11e04_2-subset.sav,3aef7081ad1e48f989b7c93ef68f05e922159010a21d894d10d83899b764a852,lbenent,original microdata,ESS integrated round,55+,Agree,59.89129898247574,2.523339845724223,54.9423954394049,64.84020252554659,758,758,1845,1844,387.21215521281584,573.7913549654186,True,Approximate weighted respondent linearization; PSU/stratum unavailable in supplied file,all eligible adults,
ESS,4,2009,2009,lbenent,Many with very low incomes get less benefit than legally entitled to?,ordinal,ESS2e03_6-ESS3e03_7-ESS4e04_6-ESS5e03_6-ESS6e02_7-ESS11e04_2-subset.sav,3aef7081ad1e48f989b7c93ef68f05e922159010a21d894d10d83899b764a852,lbenent,original microdata,ESS integrated round,55+,Disagree,10.973515649360365,1.5838300574980553,7.867226896200137,14.079804402520594,758,758,1845,1844,387.21215521281584,573.7913549654186,True,Approximate weighted respondent linearization; PSU/stratum unavailable in supplied file,all eligible adults,
ESS,4,2009,2009,lbenent,Many with very low incomes get less benefit than legally entitled to?,ordinal,ESS2e03_6-ESS3e03_7-ESS4e04_6-ESS5e03_6-ESS6e02_7-ESS11e04_2-subset.sav,3aef7081ad1e48f989b7c93ef68f05e922159010a21d894d10d83899b764a852,lbenent,original microdata,ESS integrated round,55+,Neither agree nor disagree,17.14172074981282,2.1823485998340457,12.861586729722223,21.421854769903415,758,758,1845,1844,387.21215521281584,573.7913549654186,True,Approximate weighted respondent linearization; PSU/stratum unavailable in supplied file,all eligible adults,
ESS,4,2009,2009,lbenent,Many with very low incomes get less benefit than legally entitled to?,ordinal,ESS2e03_6-ESS3e03_7-ESS4e04_6-ESS5e03_6-ESS6e02_7-ESS11e04_2-subset.sav,3aef7081ad1e48f989b7c93ef68f05e922159010a21d894d10d83899b764a852,lbenent,original microdata,ESS integrated round,55+,Don't know,11.993464618351076,1.44720848500608,9.15512510132372,14.831804135378434,758,758,1845,1844,387.21215521281584,573.7913549654186,True,Approximate weighted respondent linearization; PSU/stratum unavailable in supplied file,all eligible adults,
ESS,4,2009,2009,lbenent,Many with very low incomes get less benefit than legally entitled to?,ordinal,ESS2e03_6-ESS3e03_7-ESS4e04_6-ESS5e03_6-ESS6e02_7-ESS11e04_2-subset.sav,3aef7081ad1e48f989b7c93ef68f05e922159010a21d894d10d83899b764a852,lbenent,original microdata,ESS integrated round,55+,Refused / no answer,0.0,0.0,0.0,0.0,758,758,1845,1844,387.21215521281584,573.7913549654186,True,Approximate weighted respondent linearization; PSU/stratum unavailable in supplied file,all eligible adults,
ESS,4,2009,2009,prtsick,Employees often pretend they are sick to stay at home?,ordinal,ESS2e03_6-ESS3e03_7-ESS4e04_6-ESS5e03_6-ESS6e02_7-ESS11e04_2-subset.sav,3aef7081ad1e48f989b7c93ef68f05e922159010a21d894d10d83899b764a852,prtsick,original microdata,ESS integrated round,All,Agree,21.331738294736166,1.2724934799204892,18.836058807890975,23.827417781581357,1798,1798,1845,1844,975.6709010464692,1797.102615531534,True,Approximate weighted respondent linearization; PSU/stratum unavailable in supplied file,all eligible adults,
ESS,4,2009,2009,prtsick,Employees often pretend they are sick to stay at home?,ordinal,ESS2e03_6-ESS3e03_7-ESS4e04_6-ESS5e03_6-ESS6e02_7-ESS11e04_2-subset.sav,3aef7081ad1e48f989b7c93ef68f05e922159010a21d894d10d83899b764a852,prtsick,original microdata,ESS integrated round,All,Disagree,40.93643707142904,1.5750150197901245,37.84743682239916,44.02543732045892,1798,1798,1845,1844,975.6709010464692,1797.102615531534,True,Approximate weighted respondent linearization; PSU/stratum unavailable in supplied file,all eligible adults,
ESS,4,2009,2009,prtsick,Employees often pretend they are sick to stay at home?,ordinal,ESS2e03_6-ESS3e03_7-ESS4e04_6-ESS5e03_6-ESS6e02_7-ESS11e04_2-subset.sav,3aef7081ad1e48f989b7c93ef68f05e922159010a21d894d10d83899b764a852,prtsick,original microdata,ESS integrated round,All,Neither agree nor disagree,22.740410275533247,1.3642649438433898,20.064743886119054,25.41607666494744,1798,1798,1845,1844,975.6709010464692,1797.102615531534,True,Approximate weighted respondent linearization; PSU/stratum unavailable in supplied file,all eligible adults,
ESS,4,2009,2009,prtsick,Employees often pretend they are sick to stay at home?,ordinal,ESS2e03_6-ESS3e03_7-ESS4e04_6-ESS5e03_6-ESS6e02_7-ESS11e04_2-subset.sav,3aef7081ad1e48f989b7c93ef68f05e922159010a21d894d10d83899b764a852,prtsick,original microdata,ESS integrated round,All,Don't know,14.843693786158799,1.1553688241079378,12.577725182337897,17.1096623899797,1798,1798,1845,1844,975.6709010464692,1797.102615531534,True,Approximate weighted respondent linearization; PSU/stratum unavailable in supplied file,all eligible adults,
ESS,4,2009,2009,prtsick,Employees often pretend they are sick to stay at home?,ordinal,ESS2e03_6-ESS3e03_7-ESS4e04_6-ESS5e03_6-ESS6e02_7-ESS11e04_2-subset.sav,3aef7081ad1e48f989b7c93ef68f05e922159010a21d894d10d83899b764a852,prtsick,original microdata,ESS integrated round,All,Refused / no answer,0.1477205721427506,0.14761800200831376,0.0,0.4372365699176395,1798,1798,1845,1844,975.6709010464692,1797.102615531534,True,Approximate weighted respondent linearization; PSU/stratum unavailable in supplied file,all eligible adults,
ESS,4,2009,2009,prtsick,Employees often pretend they are sick to stay at home?,ordinal,ESS2e03_6-ESS3e03_7-ESS4e04_6-ESS5e03_6-ESS6e02_7-ESS11e04_2-subset.sav,3aef7081ad1e48f989b7c93ef68f05e922159010a21d894d10d83899b764a852,prtsick,original microdata,ESS integrated round,18-34,Agree,26.914437937980917,2.649061463076686,21.71896270992262,32.10991316603921,464,464,1845,1844,273.13947198579035,590.2358148023486,True,Approximate weighted respondent linearization; PSU/stratum unavailable in supplied file,all eligible adults,
ESS,4,2009,2009,prtsick,Employees often pretend they are sick to stay at home?,ordinal,ESS2e03_6-ESS3e03_7-ESS4e04_6-ESS5e03_6-ESS6e02_7-ESS11e04_2-subset.sav,3aef7081ad1e48f989b7c93ef68f05e922159010a21d894d10d83899b764a852,prtsick,original microdata,ESS integrated round,18-34,Disagree,34.879334567456056,2.8358563353940673,29.317507653949846,40.441161480962265,464,464,1845,1844,273.13947198579035,590.2358148023486,True,Approximate weighted respondent linearization; PSU/stratum unavailable in supplied file,all eligible adults,
ESS,4,2009,2009,prtsick,Employees often pretend they are sick to stay at home?,ordinal,ESS2e03_6-ESS3e03_7-ESS4e04_6-ESS5e03_6-ESS6e02_7-ESS11e04_2-subset.sav,3aef7081ad1e48f989b7c93ef68f05e922159010a21d894d10d83899b764a852,prtsick,original microdata,ESS integrated round,18-34,Neither agree nor disagree,22.676547168821177,2.582141380289893,17.6123190398674,27.740775297774952,464,464,1845,1844,273.13947198579035,590.2358148023486,True,Approximate weighted respondent linearization; PSU/stratum unavailable in supplied file,all eligible adults,
ESS,4,2009,2009,prtsick,Employees often pretend they are sick to stay at home?,ordinal,ESS2e03_6-ESS3e03_7-ESS4e04_6-ESS5e03_6-ESS6e02_7-ESS11e04_2-subset.sav,3aef7081ad1e48f989b7c93ef68f05e922159010a21d894d10d83899b764a852,prtsick,original microdata,ESS integrated round,18-34,Don't know,15.529680325741849,2.326342903878284,10.967137290205288,20.092223361278407,464,464,1845,1844,273.13947198579035,590.2358148023486,True,Approximate weighted respondent linearization; PSU/stratum unavailable in supplied file,all eligible adults,
ESS,4,2009,2009,prtsick,Employees often pretend they are sick to stay at home?,ordinal,ESS2e03_6-ESS3e03_7-ESS4e04_6-ESS5e03_6-ESS6e02_7-ESS11e04_2-subset.sav,3aef7081ad1e48f989b7c93ef68f05e922159010a21d894d10d83899b764a852,prtsick,original microdata,ESS integrated round,18-34,Refused / no answer,0.0,0.0,0.0,0.0,464,464,1845,1844,273.13947198579035,590.2358148023486,True,Approximate weighted respondent linearization; PSU/stratum unavailable in supplied file,all eligible adults,
ESS,4,2009,2009,prtsick,Employees often pretend they are sick to stay at home?,ordinal,ESS2e03_6-ESS3e03_7-ESS4e04_6-ESS5e03_6-ESS6e02_7-ESS11e04_2-subset.sav,3aef7081ad1e48f989b7c93ef68f05e922159010a21d894d10d83899b764a852,prtsick,original microdata,ESS integrated round,35-54,Agree,19.886515570046846,1.9948179518705857,15.97417627634372,23.798854863749973,576,576,1845,1844,338.39294001146175,633.0754457637668,True,Approximate weighted respondent linearization; PSU/stratum unavailable in supplied file,all eligible adults,
ESS,4,2009,2009,prtsick,Employees often pretend they are sick to stay at home?,ordinal,ESS2e03_6-ESS3e03_7-ESS4e04_6-ESS5e03_6-ESS6e02_7-ESS11e04_2-subset.sav,3aef7081ad1e48f989b7c93ef68f05e922159010a21d894d10d83899b764a852,prtsick,original microdata,ESS integrated round,35-54,Disagree,42.52006889862803,2.7164811596057663,37.19236670336558,47.847771093890486,576,576,1845,1844,338.39294001146175,633.0754457637668,True,Approximate weighted respondent linearization; PSU/stratum unavailable in supplied file,all eligible adults,
ESS,4,2009,2009,prtsick,Employees often pretend they are sick to stay at home?,ordinal,ESS2e03_6-ESS3e03_7-ESS4e04_6-ESS5e03_6-ESS6e02_7-ESS11e04_2-subset.sav,3aef7081ad1e48f989b7c93ef68f05e922159010a21d894d10d83899b764a852,prtsick,original microdata,ESS integrated round,35-54,Neither agree nor disagree,24.130818318380328,2.3373205018659733,19.546745454561723,28.714891182198933,576,576,1845,1844,338.39294001146175,633.0754457637668,True,Approximate weighted respondent linearization; PSU/stratum unavailable in supplied file,all eligible adults,
ESS,4,2009,2009,prtsick,Employees often pretend they are sick to stay at home?,ordinal,ESS2e03_6-ESS3e03_7-ESS4e04_6-ESS5e03_6-ESS6e02_7-ESS11e04_2-subset.sav,3aef7081ad1e48f989b7c93ef68f05e922159010a21d894d10d83899b764a852,prtsick,original microdata,ESS integrated round,35-54,Don't know,13.043264843727284,1.840183561970234,9.434202447646646,16.652327239807924,576,576,1845,1844,338.39294001146175,633.0754457637668,True,Approximate weighted respondent linearization; PSU/stratum unavailable in supplied file,all eligible adults,
ESS,4,2009,2009,prtsick,Employees often pretend they are sick to stay at home?,ordinal,ESS2e03_6-ESS3e03_7-ESS4e04_6-ESS5e03_6-ESS6e02_7-ESS11e04_2-subset.sav,3aef7081ad1e48f989b7c93ef68f05e922159010a21d894d10d83899b764a852,prtsick,original microdata,ESS integrated round,35-54,Refused / no answer,0.41933236921751027,0.4183053934030126,0.0,1.2397343642185672,576,576,1845,1844,338.39294001146175,633.0754457637668,True,Approximate weighted respondent linearization; PSU/stratum unavailable in supplied file,all eligible adults,
ESS,4,2009,2009,prtsick,Employees often pretend they are sick to stay at home?,ordinal,ESS2e03_6-ESS3e03_7-ESS4e04_6-ESS5e03_6-ESS6e02_7-ESS11e04_2-subset.sav,3aef7081ad1e48f989b7c93ef68f05e922159010a21d894d10d83899b764a852,prtsick,original microdata,ESS integrated round,55+,Agree,17.183585431383637,1.8474996909858952,13.560174267788183,20.806996594979093,758,758,1845,1844,387.21215521281584,573.7913549654186,True,Approximate weighted respondent linearization; PSU/stratum unavailable in supplied file,all eligible adults,
ESS,4,2009,2009,prtsick,Employees often pretend they are sick to stay at home?,ordinal,ESS2e03_6-ESS3e03_7-ESS4e04_6-ESS5e03_6-ESS6e02_7-ESS11e04_2-subset.sav,3aef7081ad1e48f989b7c93ef68f05e922159010a21d894d10d83899b764a852,prtsick,original microdata,ESS integrated round,55+,Disagree,45.41987932719323,2.5384167877688277,40.44140611199532,50.39835254239114,758,758,1845,1844,387.21215521281584,573.7913549654186,True,Approximate weighted respondent linearization; PSU/stratum unavailable in supplied file,all eligible adults,
ESS,4,2009,2009,prtsick,Employees often pretend they are sick to stay at home?,ordinal,ESS2e03_6-ESS3e03_7-ESS4e04_6-ESS5e03_6-ESS6e02_7-ESS11e04_2-subset.sav,3aef7081ad1e48f989b7c93ef68f05e922159010a21d894d10d83899b764a852,prtsick,original microdata,ESS integrated round,55+,Neither agree nor disagree,21.27203873001961,2.132589544751265,17.089494721205657,25.45458273883356,758,758,1845,1844,387.21215521281584,573.7913549654186,True,Approximate weighted respondent linearization; PSU/stratum unavailable in supplied file,all eligible adults,
ESS,4,2009,2009,prtsick,Employees often pretend they are sick to stay at home?,ordinal,ESS2e03_6-ESS3e03_7-ESS4e04_6-ESS5e03_6-ESS6e02_7-ESS11e04_2-subset.sav,3aef7081ad1e48f989b7c93ef68f05e922159010a21d894d10d83899b764a852,prtsick,original microdata,ESS integrated round,55+,Don't know,16.124496511403525,1.7964065523358912,12.601291832210112,19.647701190596937,758,758,1845,1844,387.21215521281584,573.7913549654186,True,Approximate weighted respondent linearization; PSU/stratum unavailable in supplied file,all eligible adults,
ESS,4,2009,2009,prtsick,Employees often pretend they are sick to stay at home?,ordinal,ESS2e03_6-ESS3e03_7-ESS4e04_6-ESS5e03_6-ESS6e02_7-ESS11e04_2-subset.sav,3aef7081ad1e48f989b7c93ef68f05e922159010a21d894d10d83899b764a852,prtsick,original microdata,ESS integrated round,55+,Refused / no answer,0.0,0.0,0.0,0.0,758,758,1845,1844,387.21215521281584,573.7913549654186,True,Approximate weighted respondent linearization; PSU/stratum unavailable in supplied file,all eligible adults,
ESS,4,2009,2009,sbbsntx,Social benefits/services cost businesses too much in taxes/charges?,ordinal,ESS2e03_6-ESS3e03_7-ESS4e04_6-ESS5e03_6-ESS6e02_7-ESS11e04_2-subset.sav,3aef7081ad1e48f989b7c93ef68f05e922159010a21d894d10d83899b764a852,sbbsntx,original microdata,ESS integrated round,All,Agree,25.754162846680288,1.362144368818206,23.082655437782837,28.42567025557774,1798,1798,1845,1844,975.6709010464692,1797.102615531534,True,Approximate weighted respondent linearization; PSU/stratum unavailable in supplied file,all eligible adults,
ESS,4,2009,2009,sbbsntx,Social benefits/services cost businesses too much in taxes/charges?,ordinal,ESS2e03_6-ESS3e03_7-ESS4e04_6-ESS5e03_6-ESS6e02_7-ESS11e04_2-subset.sav,3aef7081ad1e48f989b7c93ef68f05e922159010a21d894d10d83899b764a852,sbbsntx,original microdata,ESS integrated round,All,Disagree,35.76005372584863,1.534454269254265,32.7506033013803,38.769504150316955,1798,1798,1845,1844,975.6709010464692,1797.102615531534,True,Approximate weighted respondent linearization; PSU/stratum unavailable in supplied file,all eligible adults,
ESS,4,2009,2009,sbbsntx,Social benefits/services cost businesses too much in taxes/charges?,ordinal,ESS2e03_6-ESS3e03_7-ESS4e04_6-ESS5e03_6-ESS6e02_7-ESS11e04_2-subset.sav,3aef7081ad1e48f989b7c93ef68f05e922159010a21d894d10d83899b764a852,sbbsntx,original microdata,ESS integrated round,All,Neither agree nor disagree,25.104833442632785,1.4286320751244124,22.30292693356379,27.90673995170178,1798,1798,1845,1844,975.6709010464692,1797.102615531534,True,Approximate weighted respondent linearization; PSU/stratum unavailable in supplied file,all eligible adults,
ESS,4,2009,2009,sbbsntx,Social benefits/services cost businesses too much in taxes/charges?,ordinal,ESS2e03_6-ESS3e03_7-ESS4e04_6-ESS5e03_6-ESS6e02_7-ESS11e04_2-subset.sav,3aef7081ad1e48f989b7c93ef68f05e922159010a21d894d10d83899b764a852,sbbsntx,original microdata,ESS integrated round,All,Don't know,13.3457055055355,1.0881840022439346,11.211503220677443,15.479907790393558,1798,1798,1845,1844,975.6709010464692,1797.102615531534,True,Approximate weighted respondent linearization; PSU/stratum unavailable in supplied file,all eligible adults,
ESS,4,2009,2009,sbbsntx,Social benefits/services cost businesses too much in taxes/charges?,ordinal,ESS2e03_6-ESS3e03_7-ESS4e04_6-ESS5e03_6-ESS6e02_7-ESS11e04_2-subset.sav,3aef7081ad1e48f989b7c93ef68f05e922159010a21d894d10d83899b764a852,sbbsntx,original microdata,ESS integrated round,All,Refused / no answer,0.03524447930280081,0.03525967554481104,0.0,0.10439756366713122,1798,1798,1845,1844,975.6709010464692,1797.102615531534,True,Approximate weighted respondent linearization; PSU/stratum unavailable in supplied file,all eligible adults,
ESS,4,2009,2009,sbbsntx,Social benefits/services cost businesses too much in taxes/charges?,ordinal,ESS2e03_6-ESS3e03_7-ESS4e04_6-ESS5e03_6-ESS6e02_7-ESS11e04_2-subset.sav,3aef7081ad1e48f989b7c93ef68f05e922159010a21d894d10d83899b764a852,sbbsntx,original microdata,ESS integrated round,18-34,Agree,26.169866862972246,2.564111935214859,21.14099900654087,31.19873471940362,464,464,1845,1844,273.13947198579035,590.2358148023486,True,Approximate weighted respondent linearization; PSU/stratum unavailable in supplied file,all eligible adults,
ESS,4,2009,2009,sbbsntx,Social benefits/services cost businesses too much in taxes/charges?,ordinal,ESS2e03_6-ESS3e03_7-ESS4e04_6-ESS5e03_6-ESS6e02_7-ESS11e04_2-subset.sav,3aef7081ad1e48f989b7c93ef68f05e922159010a21d894d10d83899b764a852,sbbsntx,original microdata,ESS integrated round,18-34,Disagree,32.90417468687564,2.860966532646286,27.293100366461765,38.51524900728952,464,464,1845,1844,273.13947198579035,590.2358148023486,True,Approximate weighted respondent linearization; PSU/stratum unavailable in supplied file,all eligible adults,
ESS,4,2009,2009,sbbsntx,Social benefits/services cost businesses too much in taxes/charges?,ordinal,ESS2e03_6-ESS3e03_7-ESS4e04_6-ESS5e03_6-ESS6e02_7-ESS11e04_2-subset.sav,3aef7081ad1e48f989b7c93ef68f05e922159010a21d894d10d83899b764a852,sbbsntx,original microdata,ESS integrated round,18-34,Neither agree nor disagree,25.61425961534426,2.6185719334712916,20.478582016743758,30.74993721394476,464,464,1845,1844,273.13947198579035,590.2358148023486,True,Approximate weighted respondent linearization; PSU/stratum unavailable in supplied file,all eligible adults,
ESS,4,2009,2009,sbbsntx,Social benefits/services cost businesses too much in taxes/charges?,ordinal,ESS2e03_6-ESS3e03_7-ESS4e04_6-ESS5e03_6-ESS6e02_7-ESS11e04_2-subset.sav,3aef7081ad1e48f989b7c93ef68f05e922159010a21d894d10d83899b764a852,sbbsntx,original microdata,ESS integrated round,18-34,Don't know,15.204389274205674,2.334940961314213,10.624983287378466,19.783795261032882,464,464,1845,1844,273.13947198579035,590.2358148023486,True,Approximate weighted respondent linearization; PSU/stratum unavailable in supplied file,all eligible adults,
ESS,4,2009,2009,sbbsntx,Social benefits/services cost businesses too much in taxes/charges?,ordinal,ESS2e03_6-ESS3e03_7-ESS4e04_6-ESS5e03_6-ESS6e02_7-ESS11e04_2-subset.sav,3aef7081ad1e48f989b7c93ef68f05e922159010a21d894d10d83899b764a852,sbbsntx,original microdata,ESS integrated round,18-34,Refused / no answer,0.10730956060218107,0.1074199287595226,0.0,0.31798703511487053,464,464,1845,1844,273.13947198579035,590.2358148023486,True,Approximate weighted respondent linearization; PSU/stratum unavailable in supplied file,all eligible adults,
ESS,4,2009,2009,sbbsntx,Social benefits/services cost businesses too much in taxes/charges?,ordinal,ESS2e03_6-ESS3e03_7-ESS4e04_6-ESS5e03_6-ESS6e02_7-ESS11e04_2-subset.sav,3aef7081ad1e48f989b7c93ef68f05e922159010a21d894d10d83899b764a852,sbbsntx,original microdata,ESS integrated round,35-54,Agree,28.944498644886266,2.374982494862126,24.286561148488108,33.60243614128443,576,576,1845,1844,338.39294001146175,633.0754457637668,True,Approximate weighted respondent linearization; PSU/stratum unavailable in supplied file,all eligible adults,
ESS,4,2009,2009,sbbsntx,Social benefits/services cost businesses too much in taxes/charges?,ordinal,ESS2e03_6-ESS3e03_7-ESS4e04_6-ESS5e03_6-ESS6e02_7-ESS11e04_2-subset.sav,3aef7081ad1e48f989b7c93ef68f05e922159010a21d894d10d83899b764a852,sbbsntx,original microdata,ESS integrated round,35-54,Disagree,36.697528047491076,2.6474474953781724,31.505218215673445,41.88983787930871,576,576,1845,1844,338.39294001146175,633.0754457637668,True,Approximate weighted respondent linearization; PSU/stratum unavailable in supplied file,all eligible adults,
ESS,4,2009,2009,sbbsntx,Social benefits/services cost businesses too much in taxes/charges?,ordinal,ESS2e03_6-ESS3e03_7-ESS4e04_6-ESS5e03_6-ESS6e02_7-ESS11e04_2-subset.sav,3aef7081ad1e48f989b7c93ef68f05e922159010a21d894d10d83899b764a852,sbbsntx,original microdata,ESS integrated round,35-54,Neither agree nor disagree,25.709992936997793,2.4786531649698342,20.848731204477442,30.571254669518144,576,576,1845,1844,338.39294001146175,633.0754457637668,True,Approximate weighted respondent linearization; PSU/stratum unavailable in supplied file,all eligible adults,
ESS,4,2009,2009,sbbsntx,Social benefits/services cost businesses too much in taxes/charges?,ordinal,ESS2e03_6-ESS3e03_7-ESS4e04_6-ESS5e03_6-ESS6e02_7-ESS11e04_2-subset.sav,3aef7081ad1e48f989b7c93ef68f05e922159010a21d894d10d83899b764a852,sbbsntx,original microdata,ESS integrated round,35-54,Don't know,8.647980370624866,1.3855580878661145,5.930552774896851,11.365407966352882,576,576,1845,1844,338.39294001146175,633.0754457637668,True,Approximate weighted respondent linearization; PSU/stratum unavailable in supplied file,all eligible adults,
ESS,4,2009,2009,sbbsntx,Social benefits/services cost businesses too much in taxes/charges?,ordinal,ESS2e03_6-ESS3e03_7-ESS4e04_6-ESS5e03_6-ESS6e02_7-ESS11e04_2-subset.sav,3aef7081ad1e48f989b7c93ef68f05e922159010a21d894d10d83899b764a852,sbbsntx,original microdata,ESS integrated round,35-54,Refused / no answer,0.0,0.0,0.0,0.0,576,576,1845,1844,338.39294001146175,633.0754457637668,True,Approximate weighted respondent linearization; PSU/stratum unavailable in supplied file,all eligible adults,
ESS,4,2009,2009,sbbsntx,Social benefits/services cost businesses too much in taxes/charges?,ordinal,ESS2e03_6-ESS3e03_7-ESS4e04_6-ESS5e03_6-ESS6e02_7-ESS11e04_2-subset.sav,3aef7081ad1e48f989b7c93ef68f05e922159010a21d894d10d83899b764a852,sbbsntx,original microdata,ESS integrated round,55+,Agree,21.80658392839115,2.0946816358509777,17.698386855042482,25.914781001739815,758,758,1845,1844,387.21215521281584,573.7913549654186,True,Approximate weighted respondent linearization; PSU/stratum unavailable in supplied file,all eligible adults,
ESS,4,2009,2009,sbbsntx,Social benefits/services cost businesses too much in taxes/charges?,ordinal,ESS2e03_6-ESS3e03_7-ESS4e04_6-ESS5e03_6-ESS6e02_7-ESS11e04_2-subset.sav,3aef7081ad1e48f989b7c93ef68f05e922159010a21d894d10d83899b764a852,sbbsntx,original microdata,ESS integrated round,55+,Disagree,37.66344614894484,2.4272388462172145,32.90302081571909,42.4238714821706,758,758,1845,1844,387.21215521281584,573.7913549654186,True,Approximate weighted respondent linearization; PSU/stratum unavailable in supplied file,all eligible adults,
ESS,4,2009,2009,sbbsntx,Social benefits/services cost businesses too much in taxes/charges?,ordinal,ESS2e03_6-ESS3e03_7-ESS4e04_6-ESS5e03_6-ESS6e02_7-ESS11e04_2-subset.sav,3aef7081ad1e48f989b7c93ef68f05e922159010a21d894d10d83899b764a852,sbbsntx,original microdata,ESS integrated round,55+,Neither agree nor disagree,23.913122931716302,2.3010912121338585,19.40010480934365,28.426141054088955,758,758,1845,1844,387.21215521281584,573.7913549654186,True,Approximate weighted respondent linearization; PSU/stratum unavailable in supplied file,all eligible adults,
ESS,4,2009,2009,sbbsntx,Social benefits/services cost businesses too much in taxes/charges?,ordinal,ESS2e03_6-ESS3e03_7-ESS4e04_6-ESS5e03_6-ESS6e02_7-ESS11e04_2-subset.sav,3aef7081ad1e48f989b7c93ef68f05e922159010a21d894d10d83899b764a852,sbbsntx,original microdata,ESS integrated round,55+,Don't know,16.616846990947707,1.8210868077631504,13.0452381288081,20.188455853087312,758,758,1845,1844,387.21215521281584,573.7913549654186,True,Approximate weighted respondent linearization; PSU/stratum unavailable in supplied file,all eligible adults,
ESS,4,2009,2009,sbbsntx,Social benefits/services cost businesses too much in taxes/charges?,ordinal,ESS2e03_6-ESS3e03_7-ESS4e04_6-ESS5e03_6-ESS6e02_7-ESS11e04_2-subset.sav,3aef7081ad1e48f989b7c93ef68f05e922159010a21d894d10d83899b764a852,sbbsntx,original microdata,ESS integrated round,55+,Refused / no answer,0.0,0.0,0.0,0.0,758,758,1845,1844,387.21215521281584,573.7913549654186,True,Approximate weighted respondent linearization; PSU/stratum unavailable in supplied file,all eligible adults,
ESS,4,2009,2009,sbcwkfm,Social benefits/services make it easier to combine work and family?,ordinal,ESS2e03_6-ESS3e03_7-ESS4e04_6-ESS5e03_6-ESS6e02_7-ESS11e04_2-subset.sav,3aef7081ad1e48f989b7c93ef68f05e922159010a21d894d10d83899b764a852,sbcwkfm,original microdata,ESS integrated round,All,Agree,23.941618624377586,1.3336081923019714,21.32607782865996,26.55715942009521,1798,1798,1845,1844,975.6709010464692,1797.102615531534,True,Approximate weighted respondent linearization; PSU/stratum unavailable in supplied file,all eligible adults,
ESS,4,2009,2009,sbcwkfm,Social benefits/services make it easier to combine work and family?,ordinal,ESS2e03_6-ESS3e03_7-ESS4e04_6-ESS5e03_6-ESS6e02_7-ESS11e04_2-subset.sav,3aef7081ad1e48f989b7c93ef68f05e922159010a21d894d10d83899b764a852,sbcwkfm,original microdata,ESS integrated round,All,Disagree,23.707724012892974,1.3667185376146394,21.027245509514678,26.38820251627127,1798,1798,1845,1844,975.6709010464692,1797.102615531534,True,Approximate weighted respondent linearization; PSU/stratum unavailable in supplied file,all eligible adults,
ESS,4,2009,2009,sbcwkfm,Social benefits/services make it easier to combine work and family?,ordinal,ESS2e03_6-ESS3e03_7-ESS4e04_6-ESS5e03_6-ESS6e02_7-ESS11e04_2-subset.sav,3aef7081ad1e48f989b7c93ef68f05e922159010a21d894d10d83899b764a852,sbcwkfm,original microdata,ESS integrated round,All,Neither agree nor disagree,29.097567593162683,1.476112482490987,26.202540073603938,31.99259511272143,1798,1798,1845,1844,975.6709010464692,1797.102615531534,True,Approximate weighted respondent linearization; PSU/stratum unavailable in supplied file,all eligible adults,
ESS,4,2009,2009,sbcwkfm,Social benefits/services make it easier to combine work and family?,ordinal,ESS2e03_6-ESS3e03_7-ESS4e04_6-ESS5e03_6-ESS6e02_7-ESS11e04_2-subset.sav,3aef7081ad1e48f989b7c93ef68f05e922159010a21d894d10d83899b764a852,sbcwkfm,original microdata,ESS integrated round,All,Don't know,23.162428767520392,1.3511433209355268,20.51249717804193,25.812360356998855,1798,1798,1845,1844,975.6709010464692,1797.102615531534,True,Approximate weighted respondent linearization; PSU/stratum unavailable in supplied file,all eligible adults,
ESS,4,2009,2009,sbcwkfm,Social benefits/services make it easier to combine work and family?,ordinal,ESS2e03_6-ESS3e03_7-ESS4e04_6-ESS5e03_6-ESS6e02_7-ESS11e04_2-subset.sav,3aef7081ad1e48f989b7c93ef68f05e922159010a21d894d10d83899b764a852,sbcwkfm,original microdata,ESS integrated round,All,Refused / no answer,0.09066100204636272,0.052757407217534205,0.0,0.1941315353336261,1798,1798,1845,1844,975.6709010464692,1797.102615531534,True,Approximate weighted respondent linearization; PSU/stratum unavailable in supplied file,all eligible adults,
ESS,4,2009,2009,sbcwkfm,Social benefits/services make it easier to combine work and family?,ordinal,ESS2e03_6-ESS3e03_7-ESS4e04_6-ESS5e03_6-ESS6e02_7-ESS11e04_2-subset.sav,3aef7081ad1e48f989b7c93ef68f05e922159010a21d894d10d83899b764a852,sbcwkfm,original microdata,ESS integrated round,18-34,Agree,23.132976180072838,2.4623182299641178,18.303751360005087,27.96220100014059,464,464,1845,1844,273.13947198579035,590.2358148023486,True,Approximate weighted respondent linearization; PSU/stratum unavailable in supplied file,all eligible adults,
ESS,4,2009,2009,sbcwkfm,Social benefits/services make it easier to combine work and family?,ordinal,ESS2e03_6-ESS3e03_7-ESS4e04_6-ESS5e03_6-ESS6e02_7-ESS11e04_2-subset.sav,3aef7081ad1e48f989b7c93ef68f05e922159010a21d894d10d83899b764a852,sbcwkfm,original microdata,ESS integrated round,18-34,Disagree,25.06227272749398,2.6540932871643914,19.85692882792164,30.26761662706632,464,464,1845,1844,273.13947198579035,590.2358148023486,True,Approximate weighted respondent linearization; PSU/stratum unavailable in supplied file,all eligible adults,
ESS,4,2009,2009,sbcwkfm,Social benefits/services make it easier to combine work and family?,ordinal,ESS2e03_6-ESS3e03_7-ESS4e04_6-ESS5e03_6-ESS6e02_7-ESS11e04_2-subset.sav,3aef7081ad1e48f989b7c93ef68f05e922159010a21d894d10d83899b764a852,sbcwkfm,original microdata,ESS integrated round,18-34,Neither agree nor disagree,26.840859326482626,2.7038571595187735,21.53791596775347,32.14380268521178,464,464,1845,1844,273.13947198579035,590.2358148023486,True,Approximate weighted respondent linearization; PSU/stratum unavailable in supplied file,all eligible adults,
ESS,4,2009,2009,sbcwkfm,Social benefits/services make it easier to combine work and family?,ordinal,ESS2e03_6-ESS3e03_7-ESS4e04_6-ESS5e03_6-ESS6e02_7-ESS11e04_2-subset.sav,3aef7081ad1e48f989b7c93ef68f05e922159010a21d894d10d83899b764a852,sbcwkfm,original microdata,ESS integrated round,18-34,Don't know,24.85658220534837,2.6427293049683027,19.673525930587612,30.03963848010913,464,464,1845,1844,273.13947198579035,590.2358148023486,True,Approximate weighted respondent linearization; PSU/stratum unavailable in supplied file,all eligible adults,
ESS,4,2009,2009,sbcwkfm,Social benefits/services make it easier to combine work and family?,ordinal,ESS2e03_6-ESS3e03_7-ESS4e04_6-ESS5e03_6-ESS6e02_7-ESS11e04_2-subset.sav,3aef7081ad1e48f989b7c93ef68f05e922159010a21d894d10d83899b764a852,sbcwkfm,original microdata,ESS integrated round,18-34,Refused / no answer,0.10730956060218107,0.1074199287595226,0.0,0.31798703511487053,464,464,1845,1844,273.13947198579035,590.2358148023486,True,Approximate weighted respondent linearization; PSU/stratum unavailable in supplied file,all eligible adults,
ESS,4,2009,2009,sbcwkfm,Social benefits/services make it easier to combine work and family?,ordinal,ESS2e03_6-ESS3e03_7-ESS4e04_6-ESS5e03_6-ESS6e02_7-ESS11e04_2-subset.sav,3aef7081ad1e48f989b7c93ef68f05e922159010a21d894d10d83899b764a852,sbcwkfm,original microdata,ESS integrated round,35-54,Agree,25.360124524627484,2.3172471059959987,20.815420634477135,29.904828414777832,576,576,1845,1844,338.39294001146175,633.0754457637668,True,Approximate weighted respondent linearization; PSU/stratum unavailable in supplied file,all eligible adults,
ESS,4,2009,2009,sbcwkfm,Social benefits/services make it easier to combine work and family?,ordinal,ESS2e03_6-ESS3e03_7-ESS4e04_6-ESS5e03_6-ESS6e02_7-ESS11e04_2-subset.sav,3aef7081ad1e48f989b7c93ef68f05e922159010a21d894d10d83899b764a852,sbcwkfm,original microdata,ESS integrated round,35-54,Disagree,22.77880058473426,2.280194055964251,18.306767036985242,27.250834132483277,576,576,1845,1844,338.39294001146175,633.0754457637668,True,Approximate weighted respondent linearization; PSU/stratum unavailable in supplied file,all eligible adults,
ESS,4,2009,2009,sbcwkfm,Social benefits/services make it easier to combine work and family?,ordinal,ESS2e03_6-ESS3e03_7-ESS4e04_6-ESS5e03_6-ESS6e02_7-ESS11e04_2-subset.sav,3aef7081ad1e48f989b7c93ef68f05e922159010a21d894d10d83899b764a852,sbcwkfm,original microdata,ESS integrated round,35-54,Neither agree nor disagree,30.635973226331874,2.538381818425697,25.65756859480351,35.61437785786024,576,576,1845,1844,338.39294001146175,633.0754457637668,True,Approximate weighted respondent linearization; PSU/stratum unavailable in supplied file,all eligible adults,
ESS,4,2009,2009,sbcwkfm,Social benefits/services make it easier to combine work and family?,ordinal,ESS2e03_6-ESS3e03_7-ESS4e04_6-ESS5e03_6-ESS6e02_7-ESS11e04_2-subset.sav,3aef7081ad1e48f989b7c93ef68f05e922159010a21d894d10d83899b764a852,sbcwkfm,original microdata,ESS integrated round,35-54,Don't know,21.225101664306383,2.2299403514568032,16.85162825965928,25.598575068953487,576,576,1845,1844,338.39294001146175,633.0754457637668,True,Approximate weighted respondent linearization; PSU/stratum unavailable in supplied file,all eligible adults,
ESS,4,2009,2009,sbcwkfm,Social benefits/services make it easier to combine work and family?,ordinal,ESS2e03_6-ESS3e03_7-ESS4e04_6-ESS5e03_6-ESS6e02_7-ESS11e04_2-subset.sav,3aef7081ad1e48f989b7c93ef68f05e922159010a21d894d10d83899b764a852,sbcwkfm,original microdata,ESS integrated round,35-54,Refused / no answer,0.0,0.0,0.0,0.0,576,576,1845,1844,338.39294001146175,633.0754457637668,True,Approximate weighted respondent linearization; PSU/stratum unavailable in supplied file,all eligible adults,
ESS,4,2009,2009,sbcwkfm,Social benefits/services make it easier to combine work and family?,ordinal,ESS2e03_6-ESS3e03_7-ESS4e04_6-ESS5e03_6-ESS6e02_7-ESS11e04_2-subset.sav,3aef7081ad1e48f989b7c93ef68f05e922159010a21d894d10d83899b764a852,sbcwkfm,original microdata,ESS integrated round,55+,Agree,23.208370346095986,2.116809805921034,19.056774370515843,27.35996632167613,758,758,1845,1844,387.21215521281584,573.7913549654186,True,Approximate weighted respondent linearization; PSU/stratum unavailable in supplied file,all eligible adults,
ESS,4,2009,2009,sbcwkfm,Social benefits/services make it easier to combine work and family?,ordinal,ESS2e03_6-ESS3e03_7-ESS4e04_6-ESS5e03_6-ESS6e02_7-ESS11e04_2-subset.sav,3aef7081ad1e48f989b7c93ef68f05e922159010a21d894d10d83899b764a852,sbcwkfm,original microdata,ESS integrated round,55+,Disagree,23.339254622302814,2.1256777953176647,19.170266291024223,27.508242953581405,758,758,1845,1844,387.21215521281584,573.7913549654186,True,Approximate weighted respondent linearization; PSU/stratum unavailable in supplied file,all eligible adults,
ESS,4,2009,2009,sbcwkfm,Social benefits/services make it easier to combine work and family?,ordinal,ESS2e03_6-ESS3e03_7-ESS4e04_6-ESS5e03_6-ESS6e02_7-ESS11e04_2-subset.sav,3aef7081ad1e48f989b7c93ef68f05e922159010a21d894d10d83899b764a852,sbcwkfm,original microdata,ESS integrated round,55+,Neither agree nor disagree,29.721597926614816,2.398029079927066,25.018460285386055,34.42473556784358,758,758,1845,1844,387.21215521281584,573.7913549654186,True,Approximate weighted respondent linearization; PSU/stratum unavailable in supplied file,all eligible adults,
ESS,4,2009,2009,sbcwkfm,Social benefits/services make it easier to combine work and family?,ordinal,ESS2e03_6-ESS3e03_7-ESS4e04_6-ESS5e03_6-ESS6e02_7-ESS11e04_2-subset.sav,3aef7081ad1e48f989b7c93ef68f05e922159010a21d894d10d83899b764a852,sbcwkfm,original microdata,ESS integrated round,55+,Don't know,23.55721370584434,2.1059132453006453,19.426988623904585,27.687438787784096,758,758,1845,1844,387.21215521281584,573.7913549654186,True,Approximate weighted respondent linearization; PSU/stratum unavailable in supplied file,all eligible adults,
ESS,4,2009,2009,sbcwkfm,Social benefits/services make it easier to combine work and family?,ordinal,ESS2e03_6-ESS3e03_7-ESS4e04_6-ESS5e03_6-ESS6e02_7-ESS11e04_2-subset.sav,3aef7081ad1e48f989b7c93ef68f05e922159010a21d894d10d83899b764a852,sbcwkfm,original microdata,ESS integrated round,55+,Refused / no answer,0.17356339914204516,0.12289610425592487,0.0,0.4145935429066044,758,758,1845,1844,387.21215521281584,573.7913549654186,True,Approximate weighted respondent linearization; PSU/stratum unavailable in supplied file,all eligible adults,
ESS,4,2009,2009,sbenccm,Social benefits/services encourage people other countries to come live here?,ordinal,ESS2e03_6-ESS3e03_7-ESS4e04_6-ESS5e03_6-ESS6e02_7-ESS11e04_2-subset.sav,3aef7081ad1e48f989b7c93ef68f05e922159010a21d894d10d83899b764a852,sbenccm,original microdata,ESS integrated round,All,Agree,13.935973373757076,1.087092324196235,11.803912143885054,16.068034603629098,1798,1798,1845,1844,975.6709010464692,1797.102615531534,True,Approximate weighted respondent linearization; PSU/stratum unavailable in supplied file,all eligible adults,
ESS,4,2009,2009,sbenccm,Social benefits/services encourage people other countries to come live here?,ordinal,ESS2e03_6-ESS3e03_7-ESS4e04_6-ESS5e03_6-ESS6e02_7-ESS11e04_2-subset.sav,3aef7081ad1e48f989b7c93ef68f05e922159010a21d894d10d83899b764a852,sbenccm,original microdata,ESS integrated round,All,Disagree,51.50646071533801,1.5994954003976631,48.36944828811118,54.64347314256484,1798,1798,1845,1844,975.6709010464692,1797.102615531534,True,Approximate weighted respondent linearization; PSU/stratum unavailable in supplied file,all eligible adults,
ESS,4,2009,2009,sbenccm,Social benefits/services encourage people other countries to come live here?,ordinal,ESS2e03_6-ESS3e03_7-ESS4e04_6-ESS5e03_6-ESS6e02_7-ESS11e04_2-subset.sav,3aef7081ad1e48f989b7c93ef68f05e922159010a21d894d10d83899b764a852,sbenccm,original microdata,ESS integrated round,All,Neither agree nor disagree,13.505520309452713,1.0822913170279487,11.382875061112351,15.628165557793075,1798,1798,1845,1844,975.6709010464692,1797.102615531534,True,Approximate weighted respondent linearization; PSU/stratum unavailable in supplied file,all eligible adults,
ESS,4,2009,2009,sbenccm,Social benefits/services encourage people other countries to come live here?,ordinal,ESS2e03_6-ESS3e03_7-ESS4e04_6-ESS5e03_6-ESS6e02_7-ESS11e04_2-subset.sav,3aef7081ad1e48f989b7c93ef68f05e922159010a21d894d10d83899b764a852,sbenccm,original microdata,ESS integrated round,All,Don't know,21.016801122149403,1.3059368086005467,18.45553086358265,23.578071380716157,1798,1798,1845,1844,975.6709010464692,1797.102615531534,True,Approximate weighted respondent linearization; PSU/stratum unavailable in supplied file,all eligible adults,
ESS,4,2009,2009,sbenccm,Social benefits/services encourage people other countries to come live here?,ordinal,ESS2e03_6-ESS3e03_7-ESS4e04_6-ESS5e03_6-ESS6e02_7-ESS11e04_2-subset.sav,3aef7081ad1e48f989b7c93ef68f05e922159010a21d894d10d83899b764a852,sbenccm,original microdata,ESS integrated round,All,Refused / no answer,0.03524447930280081,0.03525967554481104,0.0,0.10439756366713122,1798,1798,1845,1844,975.6709010464692,1797.102615531534,True,Approximate weighted respondent linearization; PSU/stratum unavailable in supplied file,all eligible adults,
ESS,4,2009,2009,sbenccm,Social benefits/services encourage people other countries to come live here?,ordinal,ESS2e03_6-ESS3e03_7-ESS4e04_6-ESS5e03_6-ESS6e02_7-ESS11e04_2-subset.sav,3aef7081ad1e48f989b7c93ef68f05e922159010a21d894d10d83899b764a852,sbenccm,original microdata,ESS integrated round,18-34,Agree,13.603261514792731,2.0615174421232134,9.560107759378639,17.646415270206823,464,464,1845,1844,273.13947198579035,590.2358148023486,True,Approximate weighted respondent linearization; PSU/stratum unavailable in supplied file,all eligible adults,
ESS,4,2009,2009,sbenccm,Social benefits/services encourage people other countries to come live here?,ordinal,ESS2e03_6-ESS3e03_7-ESS4e04_6-ESS5e03_6-ESS6e02_7-ESS11e04_2-subset.sav,3aef7081ad1e48f989b7c93ef68f05e922159010a21d894d10d83899b764a852,sbenccm,original microdata,ESS integrated round,18-34,Disagree,53.124478672185,3.022946572098488,47.19572078944395,59.053236554926045,464,464,1845,1844,273.13947198579035,590.2358148023486,True,Approximate weighted respondent linearization; PSU/stratum unavailable in supplied file,all eligible adults,
ESS,4,2009,2009,sbenccm,Social benefits/services encourage people other countries to come live here?,ordinal,ESS2e03_6-ESS3e03_7-ESS4e04_6-ESS5e03_6-ESS6e02_7-ESS11e04_2-subset.sav,3aef7081ad1e48f989b7c93ef68f05e922159010a21d894d10d83899b764a852,sbenccm,original microdata,ESS integrated round,18-34,Neither agree nor disagree,13.234733897465777,1.996773288705378,9.31855969686099,17.150908098070563,464,464,1845,1844,273.13947198579035,590.2358148023486,True,Approximate weighted respondent linearization; PSU/stratum unavailable in supplied file,all eligible adults,
ESS,4,2009,2009,sbenccm,Social benefits/services encourage people other countries to come live here?,ordinal,ESS2e03_6-ESS3e03_7-ESS4e04_6-ESS5e03_6-ESS6e02_7-ESS11e04_2-subset.sav,3aef7081ad1e48f989b7c93ef68f05e922159010a21d894d10d83899b764a852,sbenccm,original microdata,ESS integrated round,18-34,Don't know,19.930216354954315,2.4986086646279873,15.029816872863954,24.830615837044675,464,464,1845,1844,273.13947198579035,590.2358148023486,True,Approximate weighted respondent linearization; PSU/stratum unavailable in supplied file,all eligible adults,
ESS,4,2009,2009,sbenccm,Social benefits/services encourage people other countries to come live here?,ordinal,ESS2e03_6-ESS3e03_7-ESS4e04_6-ESS5e03_6-ESS6e02_7-ESS11e04_2-subset.sav,3aef7081ad1e48f989b7c93ef68f05e922159010a21d894d10d83899b764a852,sbenccm,original microdata,ESS integrated round,18-34,Refused / no answer,0.10730956060218107,0.1074199287595226,0.0,0.31798703511487053,464,464,1845,1844,273.13947198579035,590.2358148023486,True,Approximate weighted respondent linearization; PSU/stratum unavailable in supplied file,all eligible adults,
ESS,4,2009,2009,sbenccm,Social benefits/services encourage people other countries to come live here?,ordinal,ESS2e03_6-ESS3e03_7-ESS4e04_6-ESS5e03_6-ESS6e02_7-ESS11e04_2-subset.sav,3aef7081ad1e48f989b7c93ef68f05e922159010a21d894d10d83899b764a852,sbenccm,original microdata,ESS integrated round,35-54,Agree,12.884737755977449,1.7160338081614634,9.519164225471815,16.250311286483083,576,576,1845,1844,338.39294001146175,633.0754457637668,True,Approximate weighted respondent linearization; PSU/stratum unavailable in supplied file,all eligible adults,
ESS,4,2009,2009,sbenccm,Social benefits/services encourage people other countries to come live here?,ordinal,ESS2e03_6-ESS3e03_7-ESS4e04_6-ESS5e03_6-ESS6e02_7-ESS11e04_2-subset.sav,3aef7081ad1e48f989b7c93ef68f05e922159010a21d894d10d83899b764a852,sbenccm,original microdata,ESS integrated round,35-54,Disagree,53.92770117167508,2.6968390881816062,48.63852201445247,59.216880328897695,576,576,1845,1844,338.39294001146175,633.0754457637668,True,Approximate weighted respondent linearization; PSU/stratum unavailable in supplied file,all eligible adults,
ESS,4,2009,2009,sbenccm,Social benefits/services encourage people other countries to come live here?,ordinal,ESS2e03_6-ESS3e03_7-ESS4e04_6-ESS5e03_6-ESS6e02_7-ESS11e04_2-subset.sav,3aef7081ad1e48f989b7c93ef68f05e922159010a21d894d10d83899b764a852,sbenccm,original microdata,ESS integrated round,35-54,Neither agree nor disagree,14.864892843675781,1.84495816354499,11.24646625406802,18.483319433283544,576,576,1845,1844,338.39294001146175,633.0754457637668,True,Approximate weighted respondent linearization; PSU/stratum unavailable in supplied file,all eligible adults,
ESS,4,2009,2009,sbenccm,Social benefits/services encourage people other countries to come live here?,ordinal,ESS2e03_6-ESS3e03_7-ESS4e04_6-ESS5e03_6-ESS6e02_7-ESS11e04_2-subset.sav,3aef7081ad1e48f989b7c93ef68f05e922159010a21d894d10d83899b764a852,sbenccm,original microdata,ESS integrated round,35-54,Don't know,18.322668228671688,2.1112986877538216,14.181880940740262,22.463455516603112,576,576,1845,1844,338.39294001146175,633.0754457637668,True,Approximate weighted respondent linearization; PSU/stratum unavailable in supplied file,all eligible adults,
ESS,4,2009,2009,sbenccm,Social benefits/services encourage people other countries to come live here?,ordinal,ESS2e03_6-ESS3e03_7-ESS4e04_6-ESS5e03_6-ESS6e02_7-ESS11e04_2-subset.sav,3aef7081ad1e48f989b7c93ef68f05e922159010a21d894d10d83899b764a852,sbenccm,original microdata,ESS integrated round,35-54,Refused / no answer,0.0,0.0,0.0,0.0,576,576,1845,1844,338.39294001146175,633.0754457637668,True,Approximate weighted respondent linearization; PSU/stratum unavailable in supplied file,all eligible adults,
ESS,4,2009,2009,sbenccm,Social benefits/services encourage people other countries to come live here?,ordinal,ESS2e03_6-ESS3e03_7-ESS4e04_6-ESS5e03_6-ESS6e02_7-ESS11e04_2-subset.sav,3aef7081ad1e48f989b7c93ef68f05e922159010a21d894d10d83899b764a852,sbenccm,original microdata,ESS integrated round,55+,Agree,15.438069745618158,1.8660832037834294,11.778211643461391,19.097927847774923,758,758,1845,1844,387.21215521281584,573.7913549654186,True,Approximate weighted respondent linearization; PSU/stratum unavailable in supplied file,all eligible adults,
ESS,4,2009,2009,sbenccm,Social benefits/services encourage people other countries to come live here?,ordinal,ESS2e03_6-ESS3e03_7-ESS4e04_6-ESS5e03_6-ESS6e02_7-ESS11e04_2-subset.sav,3aef7081ad1e48f989b7c93ef68f05e922159010a21d894d10d83899b764a852,sbenccm,original microdata,ESS integrated round,55+,Disagree,47.17066860764546,2.5346779905765975,42.19952811328689,52.14180910200403,758,758,1845,1844,387.21215521281584,573.7913549654186,True,Approximate weighted respondent linearization; PSU/stratum unavailable in supplied file,all eligible adults,
ESS,4,2009,2009,sbenccm,Social benefits/services encourage people other countries to come live here?,ordinal,ESS2e03_6-ESS3e03_7-ESS4e04_6-ESS5e03_6-ESS6e02_7-ESS11e04_2-subset.sav,3aef7081ad1e48f989b7c93ef68f05e922159010a21d894d10d83899b764a852,sbenccm,original microdata,ESS integrated round,55+,Neither agree nor disagree,12.284244442394714,1.7727631369273924,8.807410442316794,15.761078442472634,758,758,1845,1844,387.21215521281584,573.7913549654186,True,Approximate weighted respondent linearization; PSU/stratum unavailable in supplied file,all eligible adults,
ESS,4,2009,2009,sbenccm,Social benefits/services encourage people other countries to come live here?,ordinal,ESS2e03_6-ESS3e03_7-ESS4e04_6-ESS5e03_6-ESS6e02_7-ESS11e04_2-subset.sav,3aef7081ad1e48f989b7c93ef68f05e922159010a21d894d10d83899b764a852,sbenccm,original microdata,ESS integrated round,55+,Don't know,25.10701720434167,2.1615800113209733,20.867615605391684,29.346418803291655,758,758,1845,1844,387.21215521281584,573.7913549654186,True,Approximate weighted respondent linearization; PSU/stratum unavailable in supplied file,all eligible adults,
ESS,4,2009,2009,sbenccm,Social benefits/services encourage people other countries to come live here?,ordinal,ESS2e03_6-ESS3e03_7-ESS4e04_6-ESS5e03_6-ESS6e02_7-ESS11e04_2-subset.sav,3aef7081ad1e48f989b7c93ef68f05e922159010a21d894d10d83899b764a852,sbenccm,original microdata,ESS integrated round,55+,Refused / no answer,0.0,0.0,0.0,0.0,758,758,1845,1844,387.21215521281584,573.7913549654186,True,Approximate weighted respondent linearization; PSU/stratum unavailable in supplied file,all eligible adults,
ESS,4,2009,2009,sbeqsoc,Social benefits/services lead to a more equal society?,ordinal,ESS2e03_6-ESS3e03_7-ESS4e04_6-ESS5e03_6-ESS6e02_7-ESS11e04_2-subset.sav,3aef7081ad1e48f989b7c93ef68f05e922159010a21d894d10d83899b764a852,sbeqsoc,original microdata,ESS integrated round,All,Agree,26.93143498854972,1.4008897839989747,24.183938083908853,29.67893189319059,1798,1798,1845,1844,975.6709010464692,1797.102615531534,True,Approximate weighted respondent linearization; PSU/stratum unavailable in supplied file,all eligible adults,
ESS,4,2009,2009,sbeqsoc,Social benefits/services lead to a more equal society?,ordinal,ESS2e03_6-ESS3e03_7-ESS4e04_6-ESS5e03_6-ESS6e02_7-ESS11e04_2-subset.sav,3aef7081ad1e48f989b7c93ef68f05e922159010a21d894d10d83899b764a852,sbeqsoc,original microdata,ESS integrated round,All,Disagree,36.952407850931145,1.5525503339173639,33.90746649618698,39.99734920567531,1798,1798,1845,1844,975.6709010464692,1797.102615531534,True,Approximate weighted respondent linearization; PSU/stratum unavailable in supplied file,all eligible adults,
ESS,4,2009,2009,sbeqsoc,Social benefits/services lead to a more equal society?,ordinal,ESS2e03_6-ESS3e03_7-ESS4e04_6-ESS5e03_6-ESS6e02_7-ESS11e04_2-subset.sav,3aef7081ad1e48f989b7c93ef68f05e922159010a21d894d10d83899b764a852,sbeqsoc,original microdata,ESS integrated round,All,Neither agree nor disagree,23.31866121573561,1.342602950159082,20.685479439512108,25.95184299195911,1798,1798,1845,1844,975.6709010464692,1797.102615531534,True,Approximate weighted respondent linearization; PSU/stratum unavailable in supplied file,all eligible adults,
ESS,4,2009,2009,sbeqsoc,Social benefits/services lead to a more equal society?,ordinal,ESS2e03_6-ESS3e03_7-ESS4e04_6-ESS5e03_6-ESS6e02_7-ESS11e04_2-subset.sav,3aef7081ad1e48f989b7c93ef68f05e922159010a21d894d10d83899b764a852,sbeqsoc,original microdata,ESS integrated round,All,Don't know,11.313111237255734,1.0458312094014468,9.261973422255867,13.364249052255602,1798,1798,1845,1844,975.6709010464692,1797.102615531534,True,Approximate weighted respondent linearization; PSU/stratum unavailable in supplied file,all eligible adults,
ESS,4,2009,2009,sbeqsoc,Social benefits/services lead to a more equal society?,ordinal,ESS2e03_6-ESS3e03_7-ESS4e04_6-ESS5e03_6-ESS6e02_7-ESS11e04_2-subset.sav,3aef7081ad1e48f989b7c93ef68f05e922159010a21d894d10d83899b764a852,sbeqsoc,original microdata,ESS integrated round,All,Refused / no answer,1.4843847075277903,0.4035681742013636,0.6928861027877151,2.275883312267865,1798,1798,1845,1844,975.6709010464692,1797.102615531534,True,Approximate weighted respondent linearization; PSU/stratum unavailable in supplied file,all eligible adults,
ESS,4,2009,2009,sbeqsoc,Social benefits/services lead to a more equal society?,ordinal,ESS2e03_6-ESS3e03_7-ESS4e04_6-ESS5e03_6-ESS6e02_7-ESS11e04_2-subset.sav,3aef7081ad1e48f989b7c93ef68f05e922159010a21d894d10d83899b764a852,sbeqsoc,original microdata,ESS integrated round,18-34,Agree,27.819500802163535,2.711836200343379,22.500908539275034,33.13809306505204,464,464,1845,1844,273.13947198579035,590.2358148023486,True,Approximate weighted respondent linearization; PSU/stratum unavailable in supplied file,all eligible adults,
ESS,4,2009,2009,sbeqsoc,Social benefits/services lead to a more equal society?,ordinal,ESS2e03_6-ESS3e03_7-ESS4e04_6-ESS5e03_6-ESS6e02_7-ESS11e04_2-subset.sav,3aef7081ad1e48f989b7c93ef68f05e922159010a21d894d10d83899b764a852,sbeqsoc,original microdata,ESS integrated round,18-34,Disagree,37.69603411846167,2.960728244308883,31.889302011742696,43.50276622518064,464,464,1845,1844,273.13947198579035,590.2358148023486,True,Approximate weighted respondent linearization; PSU/stratum unavailable in supplied file,all eligible adults,
ESS,4,2009,2009,sbeqsoc,Social benefits/services lead to a more equal society?,ordinal,ESS2e03_6-ESS3e03_7-ESS4e04_6-ESS5e03_6-ESS6e02_7-ESS11e04_2-subset.sav,3aef7081ad1e48f989b7c93ef68f05e922159010a21d894d10d83899b764a852,sbeqsoc,original microdata,ESS integrated round,18-34,Neither agree nor disagree,21.60629034577842,2.385316372206822,16.92808551904365,26.28449517251319,464,464,1845,1844,273.13947198579035,590.2358148023486,True,Approximate weighted respondent linearization; PSU/stratum unavailable in supplied file,all eligible adults,
ESS,4,2009,2009,sbeqsoc,Social benefits/services lead to a more equal society?,ordinal,ESS2e03_6-ESS3e03_7-ESS4e04_6-ESS5e03_6-ESS6e02_7-ESS11e04_2-subset.sav,3aef7081ad1e48f989b7c93ef68f05e922159010a21d894d10d83899b764a852,sbeqsoc,original microdata,ESS integrated round,18-34,Don't know,11.62402946238866,1.9862881963609502,7.728419162734708,15.519639762042614,464,464,1845,1844,273.13947198579035,590.2358148023486,True,Approximate weighted respondent linearization; PSU/stratum unavailable in supplied file,all eligible adults,
ESS,4,2009,2009,sbeqsoc,Social benefits/services lead to a more equal society?,ordinal,ESS2e03_6-ESS3e03_7-ESS4e04_6-ESS5e03_6-ESS6e02_7-ESS11e04_2-subset.sav,3aef7081ad1e48f989b7c93ef68f05e922159010a21d894d10d83899b764a852,sbeqsoc,original microdata,ESS integrated round,18-34,Refused / no answer,1.254145271207717,0.68192450623835,0.0,2.5915705929487967,464,464,1845,1844,273.13947198579035,590.2358148023486,True,Approximate weighted respondent linearization; PSU/stratum unavailable in supplied file,all eligible adults,
ESS,4,2009,2009,sbeqsoc,Social benefits/services lead to a more equal society?,ordinal,ESS2e03_6-ESS3e03_7-ESS4e04_6-ESS5e03_6-ESS6e02_7-ESS11e04_2-subset.sav,3aef7081ad1e48f989b7c93ef68f05e922159010a21d894d10d83899b764a852,sbeqsoc,original microdata,ESS integrated round,35-54,Agree,26.407334930332365,2.2976017459911966,21.901160527954904,30.913509332709825,576,576,1845,1844,338.39294001146175,633.0754457637668,True,Approximate weighted respondent linearization; PSU/stratum unavailable in supplied file,all eligible adults,
ESS,4,2009,2009,sbeqsoc,Social benefits/services lead to a more equal society?,ordinal,ESS2e03_6-ESS3e03_7-ESS4e04_6-ESS5e03_6-ESS6e02_7-ESS11e04_2-subset.sav,3aef7081ad1e48f989b7c93ef68f05e922159010a21d894d10d83899b764a852,sbeqsoc,original microdata,ESS integrated round,35-54,Disagree,34.74754326306882,2.5816631326471353,29.68425309792429,39.81083342821335,576,576,1845,1844,338.39294001146175,633.0754457637668,True,Approximate weighted respondent linearization; PSU/stratum unavailable in supplied file,all eligible adults,
ESS,4,2009,2009,sbeqsoc,Social benefits/services lead to a more equal society?,ordinal,ESS2e03_6-ESS3e03_7-ESS4e04_6-ESS5e03_6-ESS6e02_7-ESS11e04_2-subset.sav,3aef7081ad1e48f989b7c93ef68f05e922159010a21d894d10d83899b764a852,sbeqsoc,original microdata,ESS integrated round,35-54,Neither agree nor disagree,26.675090007745755,2.468263338661994,21.834205335538503,31.515974679953008,576,576,1845,1844,338.39294001146175,633.0754457637668,True,Approximate weighted respondent linearization; PSU/stratum unavailable in supplied file,all eligible adults,
ESS,4,2009,2009,sbeqsoc,Social benefits/services lead to a more equal society?,ordinal,ESS2e03_6-ESS3e03_7-ESS4e04_6-ESS5e03_6-ESS6e02_7-ESS11e04_2-subset.sav,3aef7081ad1e48f989b7c93ef68f05e922159010a21d894d10d83899b764a852,sbeqsoc,original microdata,ESS integrated round,35-54,Don't know,10.141498555140995,1.713102356437423,6.781674338128756,13.501322772153234,576,576,1845,1844,338.39294001146175,633.0754457637668,True,Approximate weighted respondent linearization; PSU/stratum unavailable in supplied file,all eligible adults,
ESS,4,2009,2009,sbeqsoc,Social benefits/services lead to a more equal society?,ordinal,ESS2e03_6-ESS3e03_7-ESS4e04_6-ESS5e03_6-ESS6e02_7-ESS11e04_2-subset.sav,3aef7081ad1e48f989b7c93ef68f05e922159010a21d894d10d83899b764a852,sbeqsoc,original microdata,ESS integrated round,35-54,Refused / no answer,2.02853324371206,0.85755316928862,0.3466559789213446,3.710410508502775,576,576,1845,1844,338.39294001146175,633.0754457637668,True,Approximate weighted respondent linearization; PSU/stratum unavailable in supplied file,all eligible adults,
ESS,4,2009,2009,sbeqsoc,Social benefits/services lead to a more equal society?,ordinal,ESS2e03_6-ESS3e03_7-ESS4e04_6-ESS5e03_6-ESS6e02_7-ESS11e04_2-subset.sav,3aef7081ad1e48f989b7c93ef68f05e922159010a21d894d10d83899b764a852,sbeqsoc,original microdata,ESS integrated round,55+,Agree,26.596167875424108,2.241806807700977,22.19942136808733,30.992914382760887,758,758,1845,1844,387.21215521281584,573.7913549654186,True,Approximate weighted respondent linearization; PSU/stratum unavailable in supplied file,all eligible adults,
ESS,4,2009,2009,sbeqsoc,Social benefits/services lead to a more equal society?,ordinal,ESS2e03_6-ESS3e03_7-ESS4e04_6-ESS5e03_6-ESS6e02_7-ESS11e04_2-subset.sav,3aef7081ad1e48f989b7c93ef68f05e922159010a21d894d10d83899b764a852,sbeqsoc,original microdata,ESS integrated round,55+,Disagree,38.62014084761083,2.4900586583820568,33.736510076352445,43.50377161886921,758,758,1845,1844,387.21215521281584,573.7913549654186,True,Approximate weighted respondent linearization; PSU/stratum unavailable in supplied file,all eligible adults,
ESS,4,2009,2009,sbeqsoc,Social benefits/services lead to a more equal society?,ordinal,ESS2e03_6-ESS3e03_7-ESS4e04_6-ESS5e03_6-ESS6e02_7-ESS11e04_2-subset.sav,3aef7081ad1e48f989b7c93ef68f05e922159010a21d894d10d83899b764a852,sbeqsoc,original microdata,ESS integrated round,55+,Neither agree nor disagree,21.376892612285104,2.019572542539419,17.416003345546898,25.33778187902331,758,758,1845,1844,387.21215521281584,573.7913549654186,True,Approximate weighted respondent linearization; PSU/stratum unavailable in supplied file,all eligible adults,
ESS,4,2009,2009,sbeqsoc,Social benefits/services lead to a more equal society?,ordinal,ESS2e03_6-ESS3e03_7-ESS4e04_6-ESS5e03_6-ESS6e02_7-ESS11e04_2-subset.sav,3aef7081ad1e48f989b7c93ef68f05e922159010a21d894d10d83899b764a852,sbeqsoc,original microdata,ESS integrated round,55+,Don't know,12.2859459518493,1.7251587172876603,8.902476181492599,15.669415722206,758,758,1845,1844,387.21215521281584,573.7913549654186,True,Approximate weighted respondent linearization; PSU/stratum unavailable in supplied file,all eligible adults,
ESS,4,2009,2009,sbeqsoc,Social benefits/services lead to a more equal society?,ordinal,ESS2e03_6-ESS3e03_7-ESS4e04_6-ESS5e03_6-ESS6e02_7-ESS11e04_2-subset.sav,3aef7081ad1e48f989b7c93ef68f05e922159010a21d894d10d83899b764a852,sbeqsoc,original microdata,ESS integrated round,55+,Refused / no answer,1.1208527128306631,0.45403995110339146,0.23036627022214673,2.0113391554391793,758,758,1845,1844,387.21215521281584,573.7913549654186,True,Approximate weighted respondent linearization; PSU/stratum unavailable in supplied file,all eligible adults,
ESS,4,2009,2009,sblazy,Social benefits/services make people lazy?,ordinal,ESS2e03_6-ESS3e03_7-ESS4e04_6-ESS5e03_6-ESS6e02_7-ESS11e04_2-subset.sav,3aef7081ad1e48f989b7c93ef68f05e922159010a21d894d10d83899b764a852,sblazy,original microdata,ESS integrated round,All,Agree,17.987573096985933,1.2495079130094435,15.53697408303793,20.438172110933937,1798,1798,1845,1844,975.6709010464692,1797.102615531534,True,Approximate weighted respondent linearization; PSU/stratum unavailable in supplied file,all eligible adults,
ESS,4,2009,2009,sblazy,Social benefits/services make people lazy?,ordinal,ESS2e03_6-ESS3e03_7-ESS4e04_6-ESS5e03_6-ESS6e02_7-ESS11e04_2-subset.sav,3aef7081ad1e48f989b7c93ef68f05e922159010a21d894d10d83899b764a852,sblazy,original microdata,ESS integrated round,All,Disagree,57.769897696219196,1.5917132020935965,54.64814811550317,60.891647276935224,1798,1798,1845,1844,975.6709010464692,1797.102615531534,True,Approximate weighted respondent linearization; PSU/stratum unavailable in supplied file,all eligible adults,
ESS,4,2009,2009,sblazy,Social benefits/services make people lazy?,ordinal,ESS2e03_6-ESS3e03_7-ESS4e04_6-ESS5e03_6-ESS6e02_7-ESS11e04_2-subset.sav,3aef7081ad1e48f989b7c93ef68f05e922159010a21d894d10d83899b764a852,sblazy,original microdata,ESS integrated round,All,Neither agree nor disagree,17.771847474295875,1.2200383741036707,15.379045631723962,20.164649316867788,1798,1798,1845,1844,975.6709010464692,1797.102615531534,True,Approximate weighted respondent linearization; PSU/stratum unavailable in supplied file,all eligible adults,
ESS,4,2009,2009,sblazy,Social benefits/services make people lazy?,ordinal,ESS2e03_6-ESS3e03_7-ESS4e04_6-ESS5e03_6-ESS6e02_7-ESS11e04_2-subset.sav,3aef7081ad1e48f989b7c93ef68f05e922159010a21d894d10d83899b764a852,sblazy,original microdata,ESS integrated round,All,Don't know,6.4354372531961985,0.8632340045495802,4.742418442886672,8.128456063505725,1798,1798,1845,1844,975.6709010464692,1797.102615531534,True,Approximate weighted respondent linearization; PSU/stratum unavailable in supplied file,all eligible adults,
ESS,4,2009,2009,sblazy,Social benefits/services make people lazy?,ordinal,ESS2e03_6-ESS3e03_7-ESS4e04_6-ESS5e03_6-ESS6e02_7-ESS11e04_2-subset.sav,3aef7081ad1e48f989b7c93ef68f05e922159010a21d894d10d83899b764a852,sblazy,original microdata,ESS integrated round,All,Refused / no answer,0.03524447930280081,0.03525967554481104,0.0,0.10439756366713122,1798,1798,1845,1844,975.6709010464692,1797.102615531534,True,Approximate weighted respondent linearization; PSU/stratum unavailable in supplied file,all eligible adults,
ESS,4,2009,2009,sblazy,Social benefits/services make people lazy?,ordinal,ESS2e03_6-ESS3e03_7-ESS4e04_6-ESS5e03_6-ESS6e02_7-ESS11e04_2-subset.sav,3aef7081ad1e48f989b7c93ef68f05e922159010a21d894d10d83899b764a852,sblazy,original microdata,ESS integrated round,18-34,Agree,20.23539465861555,2.4985098656777063,15.335188946094489,25.13560037113661,464,464,1845,1844,273.13947198579035,590.2358148023486,True,Approximate weighted respondent linearization; PSU/stratum unavailable in supplied file,all eligible adults,
ESS,4,2009,2009,sblazy,Social benefits/services make people lazy?,ordinal,ESS2e03_6-ESS3e03_7-ESS4e04_6-ESS5e03_6-ESS6e02_7-ESS11e04_2-subset.sav,3aef7081ad1e48f989b7c93ef68f05e922159010a21d894d10d83899b764a852,sblazy,original microdata,ESS integrated round,18-34,Disagree,52.86509398832368,3.032523952673119,46.91755245551685,58.81263552113051,464,464,1845,1844,273.13947198579035,590.2358148023486,True,Approximate weighted respondent linearization; PSU/stratum unavailable in supplied file,all eligible adults,
ESS,4,2009,2009,sblazy,Social benefits/services make people lazy?,ordinal,ESS2e03_6-ESS3e03_7-ESS4e04_6-ESS5e03_6-ESS6e02_7-ESS11e04_2-subset.sav,3aef7081ad1e48f989b7c93ef68f05e922159010a21d894d10d83899b764a852,sblazy,original microdata,ESS integrated round,18-34,Neither agree nor disagree,18.965048772447332,2.381236582408831,14.29484543874192,23.635252106152745,464,464,1845,1844,273.13947198579035,590.2358148023486,True,Approximate weighted respondent linearization; PSU/stratum unavailable in supplied file,all eligible adults,
ESS,4,2009,2009,sblazy,Social benefits/services make people lazy?,ordinal,ESS2e03_6-ESS3e03_7-ESS4e04_6-ESS5e03_6-ESS6e02_7-ESS11e04_2-subset.sav,3aef7081ad1e48f989b7c93ef68f05e922159010a21d894d10d83899b764a852,sblazy,original microdata,ESS integrated round,18-34,Don't know,7.827153020011255,1.775164143358104,4.34561004295902,11.30869599706349,464,464,1845,1844,273.13947198579035,590.2358148023486,True,Approximate weighted respondent linearization; PSU/stratum unavailable in supplied file,all eligible adults,
ESS,4,2009,2009,sblazy,Social benefits/services make people lazy?,ordinal,ESS2e03_6-ESS3e03_7-ESS4e04_6-ESS5e03_6-ESS6e02_7-ESS11e04_2-subset.sav,3aef7081ad1e48f989b7c93ef68f05e922159010a21d894d10d83899b764a852,sblazy,original microdata,ESS integrated round,18-34,Refused / no answer,0.10730956060218107,0.1074199287595226,0.0,0.31798703511487053,464,464,1845,1844,273.13947198579035,590.2358148023486,True,Approximate weighted respondent linearization; PSU/stratum unavailable in supplied file,all eligible adults,
ESS,4,2009,2009,sblazy,Social benefits/services make people lazy?,ordinal,ESS2e03_6-ESS3e03_7-ESS4e04_6-ESS5e03_6-ESS6e02_7-ESS11e04_2-subset.sav,3aef7081ad1e48f989b7c93ef68f05e922159010a21d894d10d83899b764a852,sblazy,original microdata,ESS integrated round,35-54,Agree,17.646908106852052,2.0004634072265324,13.72349665651468,21.570319557189425,576,576,1845,1844,338.39294001146175,633.0754457637668,True,Approximate weighted respondent linearization; PSU/stratum unavailable in supplied file,all eligible adults,
ESS,4,2009,2009,sblazy,Social benefits/services make people lazy?,ordinal,ESS2e03_6-ESS3e03_7-ESS4e04_6-ESS5e03_6-ESS6e02_7-ESS11e04_2-subset.sav,3aef7081ad1e48f989b7c93ef68f05e922159010a21d894d10d83899b764a852,sblazy,original microdata,ESS integrated round,35-54,Disagree,58.017070871766215,2.685450354760226,52.75022788272787,63.28391386080456,576,576,1845,1844,338.39294001146175,633.0754457637668,True,Approximate weighted respondent linearization; PSU/stratum unavailable in supplied file,all eligible adults,
ESS,4,2009,2009,sblazy,Social benefits/services make people lazy?,ordinal,ESS2e03_6-ESS3e03_7-ESS4e04_6-ESS5e03_6-ESS6e02_7-ESS11e04_2-subset.sav,3aef7081ad1e48f989b7c93ef68f05e922159010a21d894d10d83899b764a852,sblazy,original microdata,ESS integrated round,35-54,Neither agree nor disagree,18.58264895626281,2.136214848784817,14.392994815214092,22.772303097311525,576,576,1845,1844,338.39294001146175,633.0754457637668,True,Approximate weighted respondent linearization; PSU/stratum unavailable in supplied file,all eligible adults,
ESS,4,2009,2009,sblazy,Social benefits/services make people lazy?,ordinal,ESS2e03_6-ESS3e03_7-ESS4e04_6-ESS5e03_6-ESS6e02_7-ESS11e04_2-subset.sav,3aef7081ad1e48f989b7c93ef68f05e922159010a21d894d10d83899b764a852,sblazy,original microdata,ESS integrated round,35-54,Don't know,5.753372065118921,1.3907862450056458,3.0256907394244883,8.481053390813353,576,576,1845,1844,338.39294001146175,633.0754457637668,True,Approximate weighted respondent linearization; PSU/stratum unavailable in supplied file,all eligible adults,
ESS,4,2009,2009,sblazy,Social benefits/services make people lazy?,ordinal,ESS2e03_6-ESS3e03_7-ESS4e04_6-ESS5e03_6-ESS6e02_7-ESS11e04_2-subset.sav,3aef7081ad1e48f989b7c93ef68f05e922159010a21d894d10d83899b764a852,sblazy,original microdata,ESS integrated round,35-54,Refused / no answer,0.0,0.0,0.0,0.0,576,576,1845,1844,338.39294001146175,633.0754457637668,True,Approximate weighted respondent linearization; PSU/stratum unavailable in supplied file,all eligible adults,
ESS,4,2009,2009,sblazy,Social benefits/services make people lazy?,ordinal,ESS2e03_6-ESS3e03_7-ESS4e04_6-ESS5e03_6-ESS6e02_7-ESS11e04_2-subset.sav,3aef7081ad1e48f989b7c93ef68f05e922159010a21d894d10d83899b764a852,sblazy,original microdata,ESS integrated round,55+,Agree,16.05119301586639,1.9483379928621058,12.23001260201396,19.872373429718817,758,758,1845,1844,387.21215521281584,573.7913549654186,True,Approximate weighted respondent linearization; PSU/stratum unavailable in supplied file,all eligible adults,
ESS,4,2009,2009,sblazy,Social benefits/services make people lazy?,ordinal,ESS2e03_6-ESS3e03_7-ESS4e04_6-ESS5e03_6-ESS6e02_7-ESS11e04_2-subset.sav,3aef7081ad1e48f989b7c93ef68f05e922159010a21d894d10d83899b764a852,sblazy,original microdata,ESS integrated round,55+,Disagree,62.542558561508905,2.464704223232401,57.70865420905111,67.37646291396669,758,758,1845,1844,387.21215521281584,573.7913549654186,True,Approximate weighted respondent linearization; PSU/stratum unavailable in supplied file,all eligible adults,
ESS,4,2009,2009,sblazy,Social benefits/services make people lazy?,ordinal,ESS2e03_6-ESS3e03_7-ESS4e04_6-ESS5e03_6-ESS6e02_7-ESS11e04_2-subset.sav,3aef7081ad1e48f989b7c93ef68f05e922159010a21d894d10d83899b764a852,sblazy,original microdata,ESS integrated round,55+,Neither agree nor disagree,15.649876413694646,1.7310072495802051,12.254936201798575,19.044816625590716,758,758,1845,1844,387.21215521281584,573.7913549654186,True,Approximate weighted respondent linearization; PSU/stratum unavailable in supplied file,all eligible adults,
ESS,4,2009,2009,sblazy,Social benefits/services make people lazy?,ordinal,ESS2e03_6-ESS3e03_7-ESS4e04_6-ESS5e03_6-ESS6e02_7-ESS11e04_2-subset.sav,3aef7081ad1e48f989b7c93ef68f05e922159010a21d894d10d83899b764a852,sblazy,original microdata,ESS integrated round,55+,Don't know,5.75637200893006,1.265590107187677,3.27423177080495,8.23851224705517,758,758,1845,1844,387.21215521281584,573.7913549654186,True,Approximate weighted respondent linearization; PSU/stratum unavailable in supplied file,all eligible adults,
ESS,4,2009,2009,sblazy,Social benefits/services make people lazy?,ordinal,ESS2e03_6-ESS3e03_7-ESS4e04_6-ESS5e03_6-ESS6e02_7-ESS11e04_2-subset.sav,3aef7081ad1e48f989b7c93ef68f05e922159010a21d894d10d83899b764a852,sblazy,original microdata,ESS integrated round,55+,Refused / no answer,0.0,0.0,0.0,0.0,758,758,1845,1844,387.21215521281584,573.7913549654186,True,Approximate weighted respondent linearization; PSU/stratum unavailable in supplied file,all eligible adults,
ESS,4,2009,2009,sblwcoa,Social benefits/services make people less willing care for one another?,ordinal,ESS2e03_6-ESS3e03_7-ESS4e04_6-ESS5e03_6-ESS6e02_7-ESS11e04_2-subset.sav,3aef7081ad1e48f989b7c93ef68f05e922159010a21d894d10d83899b764a852,sblwcoa,original microdata,ESS integrated round,All,Agree,14.09599316307597,1.1047182888436256,11.92936298719324,16.2626233389587,1798,1798,1845,1844,975.6709010464692,1797.102615531534,True,Approximate weighted respondent linearization; PSU/stratum unavailable in supplied file,all eligible adults,
ESS,4,2009,2009,sblwcoa,Social benefits/services make people less willing care for one another?,ordinal,ESS2e03_6-ESS3e03_7-ESS4e04_6-ESS5e03_6-ESS6e02_7-ESS11e04_2-subset.sav,3aef7081ad1e48f989b7c93ef68f05e922159010a21d894d10d83899b764a852,sblwcoa,original microdata,ESS integrated round,All,Disagree,62.00770432921467,1.5547404411116077,58.958467623897064,65.05694103453227,1798,1798,1845,1844,975.6709010464692,1797.102615531534,True,Approximate weighted respondent linearization; PSU/stratum unavailable in supplied file,all eligible adults,
ESS,4,2009,2009,sblwcoa,Social benefits/services make people less willing care for one another?,ordinal,ESS2e03_6-ESS3e03_7-ESS4e04_6-ESS5e03_6-ESS6e02_7-ESS11e04_2-subset.sav,3aef7081ad1e48f989b7c93ef68f05e922159010a21d894d10d83899b764a852,sblwcoa,original microdata,ESS integrated round,All,Neither agree nor disagree,15.929449143614766,1.1498870471519278,13.674231681954083,18.18466660527545,1798,1798,1845,1844,975.6709010464692,1797.102615531534,True,Approximate weighted respondent linearization; PSU/stratum unavailable in supplied file,all eligible adults,
ESS,4,2009,2009,sblwcoa,Social benefits/services make people less willing care for one another?,ordinal,ESS2e03_6-ESS3e03_7-ESS4e04_6-ESS5e03_6-ESS6e02_7-ESS11e04_2-subset.sav,3aef7081ad1e48f989b7c93ef68f05e922159010a21d894d10d83899b764a852,sblwcoa,original microdata,ESS integrated round,All,Don't know,7.931608884791793,0.9185393464696366,6.130122400957158,9.733095368626428,1798,1798,1845,1844,975.6709010464692,1797.102615531534,True,Approximate weighted respondent linearization; PSU/stratum unavailable in supplied file,all eligible adults,
ESS,4,2009,2009,sblwcoa,Social benefits/services make people less willing care for one another?,ordinal,ESS2e03_6-ESS3e03_7-ESS4e04_6-ESS5e03_6-ESS6e02_7-ESS11e04_2-subset.sav,3aef7081ad1e48f989b7c93ef68f05e922159010a21d894d10d83899b764a852,sblwcoa,original microdata,ESS integrated round,All,Refused / no answer,0.03524447930280081,0.03525967554481104,0.0,0.10439756366713122,1798,1798,1845,1844,975.6709010464692,1797.102615531534,True,Approximate weighted respondent linearization; PSU/stratum unavailable in supplied file,all eligible adults,
ESS,4,2009,2009,sblwcoa,Social benefits/services make people less willing care for one another?,ordinal,ESS2e03_6-ESS3e03_7-ESS4e04_6-ESS5e03_6-ESS6e02_7-ESS11e04_2-subset.sav,3aef7081ad1e48f989b7c93ef68f05e922159010a21d894d10d83899b764a852,sblwcoa,original microdata,ESS integrated round,18-34,Agree,18.891082042326364,2.4470572419593695,14.09178785476356,23.690376229889168,464,464,1845,1844,273.13947198579035,590.2358148023486,True,Approximate weighted respondent linearization; PSU/stratum unavailable in supplied file,all eligible adults,
ESS,4,2009,2009,sblwcoa,Social benefits/services make people less willing care for one another?,ordinal,ESS2e03_6-ESS3e03_7-ESS4e04_6-ESS5e03_6-ESS6e02_7-ESS11e04_2-subset.sav,3aef7081ad1e48f989b7c93ef68f05e922159010a21d894d10d83899b764a852,sblwcoa,original microdata,ESS integrated round,18-34,Disagree,55.399114964574544,3.0213888566615292,49.47341215325328,61.32481777589581,464,464,1845,1844,273.13947198579035,590.2358148023486,True,Approximate weighted respondent linearization; PSU/stratum unavailable in supplied file,all eligible adults,
ESS,4,2009,2009,sblwcoa,Social benefits/services make people less willing care for one another?,ordinal,ESS2e03_6-ESS3e03_7-ESS4e04_6-ESS5e03_6-ESS6e02_7-ESS11e04_2-subset.sav,3aef7081ad1e48f989b7c93ef68f05e922159010a21d894d10d83899b764a852,sblwcoa,original microdata,ESS integrated round,18-34,Neither agree nor disagree,17.885511902967327,2.3212561465384463,13.332945276856758,22.438078529077895,464,464,1845,1844,273.13947198579035,590.2358148023486,True,Approximate weighted respondent linearization; PSU/stratum unavailable in supplied file,all eligible adults,
ESS,4,2009,2009,sblwcoa,Social benefits/services make people less willing care for one another?,ordinal,ESS2e03_6-ESS3e03_7-ESS4e04_6-ESS5e03_6-ESS6e02_7-ESS11e04_2-subset.sav,3aef7081ad1e48f989b7c93ef68f05e922159010a21d894d10d83899b764a852,sblwcoa,original microdata,ESS integrated round,18-34,Don't know,7.716981529529583,1.6492801559316044,4.482328685982964,10.951634373076203,464,464,1845,1844,273.13947198579035,590.2358148023486,True,Approximate weighted respondent linearization; PSU/stratum unavailable in supplied file,all eligible adults,
ESS,4,2009,2009,sblwcoa,Social benefits/services make people less willing care for one another?,ordinal,ESS2e03_6-ESS3e03_7-ESS4e04_6-ESS5e03_6-ESS6e02_7-ESS11e04_2-subset.sav,3aef7081ad1e48f989b7c93ef68f05e922159010a21d894d10d83899b764a852,sblwcoa,original microdata,ESS integrated round,18-34,Refused / no answer,0.10730956060218107,0.1074199287595226,0.0,0.31798703511487053,464,464,1845,1844,273.13947198579035,590.2358148023486,True,Approximate weighted respondent linearization; PSU/stratum unavailable in supplied file,all eligible adults,
ESS,4,2009,2009,sblwcoa,Social benefits/services make people less willing care for one another?,ordinal,ESS2e03_6-ESS3e03_7-ESS4e04_6-ESS5e03_6-ESS6e02_7-ESS11e04_2-subset.sav,3aef7081ad1e48f989b7c93ef68f05e922159010a21d894d10d83899b764a852,sblwcoa,original microdata,ESS integrated round,35-54,Agree,12.715688559867857,1.639559221791102,9.500100911004154,15.93127620873156,576,576,1845,1844,338.39294001146175,633.0754457637668,True,Approximate weighted respondent linearization; PSU/stratum unavailable in supplied file,all eligible adults,
ESS,4,2009,2009,sblwcoa,Social benefits/services make people less willing care for one another?,ordinal,ESS2e03_6-ESS3e03_7-ESS4e04_6-ESS5e03_6-ESS6e02_7-ESS11e04_2-subset.sav,3aef7081ad1e48f989b7c93ef68f05e922159010a21d894d10d83899b764a852,sblwcoa,original microdata,ESS integrated round,35-54,Disagree,61.96303470908764,2.6196070913513028,56.825326905753236,67.10074251242204,576,576,1845,1844,338.39294001146175,633.0754457637668,True,Approximate weighted respondent linearization; PSU/stratum unavailable in supplied file,all eligible adults,
ESS,4,2009,2009,sblwcoa,Social benefits/services make people less willing care for one another?,ordinal,ESS2e03_6-ESS3e03_7-ESS4e04_6-ESS5e03_6-ESS6e02_7-ESS11e04_2-subset.sav,3aef7081ad1e48f989b7c93ef68f05e922159010a21d894d10d83899b764a852,sblwcoa,original microdata,ESS integrated round,35-54,Neither agree nor disagree,15.857504796514382,1.9433982576344806,12.046012444779805,19.66899714824896,576,576,1845,1844,338.39294001146175,633.0754457637668,True,Approximate weighted respondent linearization; PSU/stratum unavailable in supplied file,all eligible adults,
ESS,4,2009,2009,sblwcoa,Social benefits/services make people less willing care for one another?,ordinal,ESS2e03_6-ESS3e03_7-ESS4e04_6-ESS5e03_6-ESS6e02_7-ESS11e04_2-subset.sav,3aef7081ad1e48f989b7c93ef68f05e922159010a21d894d10d83899b764a852,sblwcoa,original microdata,ESS integrated round,35-54,Don't know,9.463771934530126,1.7372602409922708,6.056568035122284,12.870975833937967,576,576,1845,1844,338.39294001146175,633.0754457637668,True,Approximate weighted respondent linearization; PSU/stratum unavailable in supplied file,all eligible adults,
ESS,4,2009,2009,sblwcoa,Social benefits/services make people less willing care for one another?,ordinal,ESS2e03_6-ESS3e03_7-ESS4e04_6-ESS5e03_6-ESS6e02_7-ESS11e04_2-subset.sav,3aef7081ad1e48f989b7c93ef68f05e922159010a21d894d10d83899b764a852,sblwcoa,original microdata,ESS integrated round,35-54,Refused / no answer,0.0,0.0,0.0,0.0,576,576,1845,1844,338.39294001146175,633.0754457637668,True,Approximate weighted respondent linearization; PSU/stratum unavailable in supplied file,all eligible adults,
ESS,4,2009,2009,sblwcoa,Social benefits/services make people less willing care for one another?,ordinal,ESS2e03_6-ESS3e03_7-ESS4e04_6-ESS5e03_6-ESS6e02_7-ESS11e04_2-subset.sav,3aef7081ad1e48f989b7c93ef68f05e922159010a21d894d10d83899b764a852,sblwcoa,original microdata,ESS integrated round,55+,Agree,10.68639798043996,1.4555366179711726,7.831724901840249,13.54107105903967,758,758,1845,1844,387.21215521281584,573.7913549654186,True,Approximate weighted respondent linearization; PSU/stratum unavailable in supplied file,all eligible adults,
ESS,4,2009,2009,sblwcoa,Social benefits/services make people less willing care for one another?,ordinal,ESS2e03_6-ESS3e03_7-ESS4e04_6-ESS5e03_6-ESS6e02_7-ESS11e04_2-subset.sav,3aef7081ad1e48f989b7c93ef68f05e922159010a21d894d10d83899b764a852,sblwcoa,original microdata,ESS integrated round,55+,Disagree,68.85497613630439,2.274629800014114,64.39385549274972,73.31609677985905,758,758,1845,1844,387.21215521281584,573.7913549654186,True,Approximate weighted respondent linearization; PSU/stratum unavailable in supplied file,all eligible adults,
ESS,4,2009,2009,sblwcoa,Social benefits/services make people less willing care for one another?,ordinal,ESS2e03_6-ESS3e03_7-ESS4e04_6-ESS5e03_6-ESS6e02_7-ESS11e04_2-subset.sav,3aef7081ad1e48f989b7c93ef68f05e922159010a21d894d10d83899b764a852,sblwcoa,original microdata,ESS integrated round,55+,Neither agree nor disagree,13.99670462356694,1.618441721226469,10.822533700057214,17.170875547076665,758,758,1845,1844,387.21215521281584,573.7913549654186,True,Approximate weighted respondent linearization; PSU/stratum unavailable in supplied file,all eligible adults,
ESS,4,2009,2009,sblwcoa,Social benefits/services make people less willing care for one another?,ordinal,ESS2e03_6-ESS3e03_7-ESS4e04_6-ESS5e03_6-ESS6e02_7-ESS11e04_2-subset.sav,3aef7081ad1e48f989b7c93ef68f05e922159010a21d894d10d83899b764a852,sblwcoa,original microdata,ESS integrated round,55+,Don't know,6.461921259688715,1.3009707942446933,3.910390603214112,9.01345191616332,758,758,1845,1844,387.21215521281584,573.7913549654186,True,Approximate weighted respondent linearization; PSU/stratum unavailable in supplied file,all eligible adults,
ESS,4,2009,2009,sblwcoa,Social benefits/services make people less willing care for one another?,ordinal,ESS2e03_6-ESS3e03_7-ESS4e04_6-ESS5e03_6-ESS6e02_7-ESS11e04_2-subset.sav,3aef7081ad1e48f989b7c93ef68f05e922159010a21d894d10d83899b764a852,sblwcoa,original microdata,ESS integrated round,55+,Refused / no answer,0.0,0.0,0.0,0.0,758,758,1845,1844,387.21215521281584,573.7913549654186,True,Approximate weighted respondent linearization; PSU/stratum unavailable in supplied file,all eligible adults,
ESS,4,2009,2009,sblwlka,Social benefits/services make people less willing look after themselves/family?,ordinal,ESS2e03_6-ESS3e03_7-ESS4e04_6-ESS5e03_6-ESS6e02_7-ESS11e04_2-subset.sav,3aef7081ad1e48f989b7c93ef68f05e922159010a21d894d10d83899b764a852,sblwlka,original microdata,ESS integrated round,All,Agree,12.808948067294372,1.0536745972351775,10.74242739773934,14.875468736849404,1798,1798,1845,1844,975.6709010464692,1797.102615531534,True,Approximate weighted respondent linearization; PSU/stratum unavailable in supplied file,all eligible adults,
ESS,4,2009,2009,sblwlka,Social benefits/services make people less willing look after themselves/family?,ordinal,ESS2e03_6-ESS3e03_7-ESS4e04_6-ESS5e03_6-ESS6e02_7-ESS11e04_2-subset.sav,3aef7081ad1e48f989b7c93ef68f05e922159010a21d894d10d83899b764a852,sblwlka,original microdata,ESS integrated round,All,Disagree,62.2287435474669,1.5486331228145336,59.191484828075474,65.26600226685832,1798,1798,1845,1844,975.6709010464692,1797.102615531534,True,Approximate weighted respondent linearization; PSU/stratum unavailable in supplied file,all eligible adults,
ESS,4,2009,2009,sblwlka,Social benefits/services make people less willing look after themselves/family?,ordinal,ESS2e03_6-ESS3e03_7-ESS4e04_6-ESS5e03_6-ESS6e02_7-ESS11e04_2-subset.sav,3aef7081ad1e48f989b7c93ef68f05e922159010a21d894d10d83899b764a852,sblwlka,original microdata,ESS integrated round,All,Neither agree nor disagree,15.1863972782603,1.1018279542787335,13.02543577478929,17.34735878173131,1798,1798,1845,1844,975.6709010464692,1797.102615531534,True,Approximate weighted respondent linearization; PSU/stratum unavailable in supplied file,all eligible adults,
ESS,4,2009,2009,sblwlka,Social benefits/services make people less willing look after themselves/family?,ordinal,ESS2e03_6-ESS3e03_7-ESS4e04_6-ESS5e03_6-ESS6e02_7-ESS11e04_2-subset.sav,3aef7081ad1e48f989b7c93ef68f05e922159010a21d894d10d83899b764a852,sblwlka,original microdata,ESS integrated round,All,Don't know,9.727546545396887,1.0124374006589023,7.741902381076949,11.713190709716825,1798,1798,1845,1844,975.6709010464692,1797.102615531534,True,Approximate weighted respondent linearization; PSU/stratum unavailable in supplied file,all eligible adults,
ESS,4,2009,2009,sblwlka,Social benefits/services make people less willing look after themselves/family?,ordinal,ESS2e03_6-ESS3e03_7-ESS4e04_6-ESS5e03_6-ESS6e02_7-ESS11e04_2-subset.sav,3aef7081ad1e48f989b7c93ef68f05e922159010a21d894d10d83899b764a852,sblwlka,original microdata,ESS integrated round,All,Refused / no answer,0.04836456158154232,0.03763119486790518,0.0,0.1221687912921521,1798,1798,1845,1844,975.6709010464692,1797.102615531534,True,Approximate weighted respondent linearization; PSU/stratum unavailable in supplied file,all eligible adults,
ESS,4,2009,2009,sblwlka,Social benefits/services make people less willing look after themselves/family?,ordinal,ESS2e03_6-ESS3e03_7-ESS4e04_6-ESS5e03_6-ESS6e02_7-ESS11e04_2-subset.sav,3aef7081ad1e48f989b7c93ef68f05e922159010a21d894d10d83899b764a852,sblwlka,original microdata,ESS integrated round,18-34,Agree,13.281560772583711,2.0783063006492264,9.205479846624481,17.357641698542942,464,464,1845,1844,273.13947198579035,590.2358148023486,True,Approximate weighted respondent linearization; PSU/stratum unavailable in supplied file,all eligible adults,
ESS,4,2009,2009,sblwlka,Social benefits/services make people less willing look after themselves/family?,ordinal,ESS2e03_6-ESS3e03_7-ESS4e04_6-ESS5e03_6-ESS6e02_7-ESS11e04_2-subset.sav,3aef7081ad1e48f989b7c93ef68f05e922159010a21d894d10d83899b764a852,sblwlka,original microdata,ESS integrated round,18-34,Disagree,59.6907360213781,2.9913667792552197,53.82391404828328,65.55755799447292,464,464,1845,1844,273.13947198579035,590.2358148023486,True,Approximate weighted respondent linearization; PSU/stratum unavailable in supplied file,all eligible adults,
ESS,4,2009,2009,sblwlka,Social benefits/services make people less willing look after themselves/family?,ordinal,ESS2e03_6-ESS3e03_7-ESS4e04_6-ESS5e03_6-ESS6e02_7-ESS11e04_2-subset.sav,3aef7081ad1e48f989b7c93ef68f05e922159010a21d894d10d83899b764a852,sblwlka,original microdata,ESS integrated round,18-34,Neither agree nor disagree,15.689102384010981,2.188511644705679,11.396881084177622,19.98132368384434,464,464,1845,1844,273.13947198579035,590.2358148023486,True,Approximate weighted respondent linearization; PSU/stratum unavailable in supplied file,all eligible adults,
ESS,4,2009,2009,sblwlka,Social benefits/services make people less willing look after themselves/family?,ordinal,ESS2e03_6-ESS3e03_7-ESS4e04_6-ESS5e03_6-ESS6e02_7-ESS11e04_2-subset.sav,3aef7081ad1e48f989b7c93ef68f05e922159010a21d894d10d83899b764a852,sblwlka,original microdata,ESS integrated round,18-34,Don't know,11.231291261425026,2.041766388190496,7.226874286136939,15.235708236713114,464,464,1845,1844,273.13947198579035,590.2358148023486,True,Approximate weighted respondent linearization; PSU/stratum unavailable in supplied file,all eligible adults,
ESS,4,2009,2009,sblwlka,Social benefits/services make people less willing look after themselves/family?,ordinal,ESS2e03_6-ESS3e03_7-ESS4e04_6-ESS5e03_6-ESS6e02_7-ESS11e04_2-subset.sav,3aef7081ad1e48f989b7c93ef68f05e922159010a21d894d10d83899b764a852,sblwlka,original microdata,ESS integrated round,18-34,Refused / no answer,0.10730956060218107,0.1074199287595226,0.0,0.31798703511487053,464,464,1845,1844,273.13947198579035,590.2358148023486,True,Approximate weighted respondent linearization; PSU/stratum unavailable in supplied file,all eligible adults,
ESS,4,2009,2009,sblwlka,Social benefits/services make people less willing look after themselves/family?,ordinal,ESS2e03_6-ESS3e03_7-ESS4e04_6-ESS5e03_6-ESS6e02_7-ESS11e04_2-subset.sav,3aef7081ad1e48f989b7c93ef68f05e922159010a21d894d10d83899b764a852,sblwlka,original microdata,ESS integrated round,35-54,Agree,12.597141567206224,1.6886697462181373,9.285235838655055,15.909047295757393,576,576,1845,1844,338.39294001146175,633.0754457637668,True,Approximate weighted respondent linearization; PSU/stratum unavailable in supplied file,all eligible adults,
ESS,4,2009,2009,sblwlka,Social benefits/services make people less willing look after themselves/family?,ordinal,ESS2e03_6-ESS3e03_7-ESS4e04_6-ESS5e03_6-ESS6e02_7-ESS11e04_2-subset.sav,3aef7081ad1e48f989b7c93ef68f05e922159010a21d894d10d83899b764a852,sblwlka,original microdata,ESS integrated round,35-54,Disagree,60.84603685922443,2.6227427724969408,55.70217919717881,65.98989452127005,576,576,1845,1844,338.39294001146175,633.0754457637668,True,Approximate weighted respondent linearization; PSU/stratum unavailable in supplied file,all eligible adults,
ESS,4,2009,2009,sblwlka,Social benefits/services make people less willing look after themselves/family?,ordinal,ESS2e03_6-ESS3e03_7-ESS4e04_6-ESS5e03_6-ESS6e02_7-ESS11e04_2-subset.sav,3aef7081ad1e48f989b7c93ef68f05e922159010a21d894d10d83899b764a852,sblwlka,original microdata,ESS integrated round,35-54,Neither agree nor disagree,16.170343676977367,1.8628239251002878,12.516877839362449,19.823809514592284,576,576,1845,1844,338.39294001146175,633.0754457637668,True,Approximate weighted respondent linearization; PSU/stratum unavailable in supplied file,all eligible adults,
ESS,4,2009,2009,sblwlka,Social benefits/services make people less willing look after themselves/family?,ordinal,ESS2e03_6-ESS3e03_7-ESS4e04_6-ESS5e03_6-ESS6e02_7-ESS11e04_2-subset.sav,3aef7081ad1e48f989b7c93ef68f05e922159010a21d894d10d83899b764a852,sblwlka,original microdata,ESS integrated round,35-54,Don't know,10.349234098341887,1.790355722665288,6.837896616682768,13.860571580001006,576,576,1845,1844,338.39294001146175,633.0754457637668,True,Approximate weighted respondent linearization; PSU/stratum unavailable in supplied file,all eligible adults,
ESS,4,2009,2009,sblwlka,Social benefits/services make people less willing look after themselves/family?,ordinal,ESS2e03_6-ESS3e03_7-ESS4e04_6-ESS5e03_6-ESS6e02_7-ESS11e04_2-subset.sav,3aef7081ad1e48f989b7c93ef68f05e922159010a21d894d10d83899b764a852,sblwlka,original microdata,ESS integrated round,35-54,Refused / no answer,0.03724379825009596,0.0372950433553223,0.0,0.1103887503709475,576,576,1845,1844,338.39294001146175,633.0754457637668,True,Approximate weighted respondent linearization; PSU/stratum unavailable in supplied file,all eligible adults,
ESS,4,2009,2009,sblwlka,Social benefits/services make people less willing look after themselves/family?,ordinal,ESS2e03_6-ESS3e03_7-ESS4e04_6-ESS5e03_6-ESS6e02_7-ESS11e04_2-subset.sav,3aef7081ad1e48f989b7c93ef68f05e922159010a21d894d10d83899b764a852,sblwlka,original microdata,ESS integrated round,55+,Agree,12.556480947530677,1.6862645494953326,9.24929241416962,15.863669480891733,758,758,1845,1844,387.21215521281584,573.7913549654186,True,Approximate weighted respondent linearization; PSU/stratum unavailable in supplied file,all eligible adults,
ESS,4,2009,2009,sblwlka,Social benefits/services make people less willing look after themselves/family?,ordinal,ESS2e03_6-ESS3e03_7-ESS4e04_6-ESS5e03_6-ESS6e02_7-ESS11e04_2-subset.sav,3aef7081ad1e48f989b7c93ef68f05e922159010a21d894d10d83899b764a852,sblwlka,original microdata,ESS integrated round,55+,Disagree,66.36505646437762,2.353104885832293,61.75002645704603,70.9800864717092,758,758,1845,1844,387.21215521281584,573.7913549654186,True,Approximate weighted respondent linearization; PSU/stratum unavailable in supplied file,all eligible adults,
ESS,4,2009,2009,sblwlka,Social benefits/services make people less willing look after themselves/family?,ordinal,ESS2e03_6-ESS3e03_7-ESS4e04_6-ESS5e03_6-ESS6e02_7-ESS11e04_2-subset.sav,3aef7081ad1e48f989b7c93ef68f05e922159010a21d894d10d83899b764a852,sblwlka,original microdata,ESS integrated round,55+,Neither agree nor disagree,13.583677309206495,1.614461861171943,10.417311891387232,16.750042727025757,758,758,1845,1844,387.21215521281584,573.7913549654186,True,Approximate weighted respondent linearization; PSU/stratum unavailable in supplied file,all eligible adults,
ESS,4,2009,2009,sblwlka,Social benefits/services make people less willing look after themselves/family?,ordinal,ESS2e03_6-ESS3e03_7-ESS4e04_6-ESS5e03_6-ESS6e02_7-ESS11e04_2-subset.sav,3aef7081ad1e48f989b7c93ef68f05e922159010a21d894d10d83899b764a852,sblwlka,original microdata,ESS integrated round,55+,Don't know,7.494785278885218,1.2972721182794615,4.9505086554414905,10.039061902328946,758,758,1845,1844,387.21215521281584,573.7913549654186,True,Approximate weighted respondent linearization; PSU/stratum unavailable in supplied file,all eligible adults,
ESS,4,2009,2009,sblwlka,Social benefits/services make people less willing look after themselves/family?,ordinal,ESS2e03_6-ESS3e03_7-ESS4e04_6-ESS5e03_6-ESS6e02_7-ESS11e04_2-subset.sav,3aef7081ad1e48f989b7c93ef68f05e922159010a21d894d10d83899b764a852,sblwlka,original microdata,ESS integrated round,55+,Refused / no answer,0.0,0.0,0.0,0.0,758,758,1845,1844,387.21215521281584,573.7913549654186,True,Approximate weighted respondent linearization; PSU/stratum unavailable in supplied file,all eligible adults,
ESS,4,2009,2009,sbprvpv,Social benefits/services prevent widespread poverty?,ordinal,ESS2e03_6-ESS3e03_7-ESS4e04_6-ESS5e03_6-ESS6e02_7-ESS11e04_2-subset.sav,3aef7081ad1e48f989b7c93ef68f05e922159010a21d894d10d83899b764a852,sbprvpv,original microdata,ESS integrated round,All,Agree,32.809706536870685,1.4690564498109007,29.928517670551486,35.690895403189884,1798,1798,1845,1844,975.6709010464692,1797.102615531534,True,Approximate weighted respondent linearization; PSU/stratum unavailable in supplied file,all eligible adults,
ESS,4,2009,2009,sbprvpv,Social benefits/services prevent widespread poverty?,ordinal,ESS2e03_6-ESS3e03_7-ESS4e04_6-ESS5e03_6-ESS6e02_7-ESS11e04_2-subset.sav,3aef7081ad1e48f989b7c93ef68f05e922159010a21d894d10d83899b764a852,sbprvpv,original microdata,ESS integrated round,All,Disagree,35.663771932265036,1.5402605066161983,32.64293401724482,38.68460984728525,1798,1798,1845,1844,975.6709010464692,1797.102615531534,True,Approximate weighted respondent linearization; PSU/stratum unavailable in supplied file,all eligible adults,
ESS,4,2009,2009,sbprvpv,Social benefits/services prevent widespread poverty?,ordinal,ESS2e03_6-ESS3e03_7-ESS4e04_6-ESS5e03_6-ESS6e02_7-ESS11e04_2-subset.sav,3aef7081ad1e48f989b7c93ef68f05e922159010a21d894d10d83899b764a852,sbprvpv,original microdata,ESS integrated round,All,Neither agree nor disagree,22.08564247960574,1.3539994154989703,19.430109370962775,24.7411755882487,1798,1798,1845,1844,975.6709010464692,1797.102615531534,True,Approximate weighted respondent linearization; PSU/stratum unavailable in supplied file,all eligible adults,
ESS,4,2009,2009,sbprvpv,Social benefits/services prevent widespread poverty?,ordinal,ESS2e03_6-ESS3e03_7-ESS4e04_6-ESS5e03_6-ESS6e02_7-ESS11e04_2-subset.sav,3aef7081ad1e48f989b7c93ef68f05e922159010a21d894d10d83899b764a852,sbprvpv,original microdata,ESS integrated round,All,Don't know,8.96573260064707,0.9558090055890469,7.091150949557169,10.840314251736974,1798,1798,1845,1844,975.6709010464692,1797.102615531534,True,Approximate weighted respondent linearization; PSU/stratum unavailable in supplied file,all eligible adults,
ESS,4,2009,2009,sbprvpv,Social benefits/services prevent widespread poverty?,ordinal,ESS2e03_6-ESS3e03_7-ESS4e04_6-ESS5e03_6-ESS6e02_7-ESS11e04_2-subset.sav,3aef7081ad1e48f989b7c93ef68f05e922159010a21d894d10d83899b764a852,sbprvpv,original microdata,ESS integrated round,All,Refused / no answer,0.47514645061146915,0.2501682437415592,0.0,0.9657892429068833,1798,1798,1845,1844,975.6709010464692,1797.102615531534,True,Approximate weighted respondent linearization; PSU/stratum unavailable in supplied file,all eligible adults,
ESS,4,2009,2009,sbprvpv,Social benefits/services prevent widespread poverty?,ordinal,ESS2e03_6-ESS3e03_7-ESS4e04_6-ESS5e03_6-ESS6e02_7-ESS11e04_2-subset.sav,3aef7081ad1e48f989b7c93ef68f05e922159010a21d894d10d83899b764a852,sbprvpv,original microdata,ESS integrated round,18-34,Agree,29.630816309234508,2.6713137363725483,24.391698781332266,34.86993383713675,464,464,1845,1844,273.13947198579035,590.2358148023486,True,Approximate weighted respondent linearization; PSU/stratum unavailable in supplied file,all eligible adults,
ESS,4,2009,2009,sbprvpv,Social benefits/services prevent widespread poverty?,ordinal,ESS2e03_6-ESS3e03_7-ESS4e04_6-ESS5e03_6-ESS6e02_7-ESS11e04_2-subset.sav,3aef7081ad1e48f989b7c93ef68f05e922159010a21d894d10d83899b764a852,sbprvpv,original microdata,ESS integrated round,18-34,Disagree,39.529687340021425,2.9837843749256723,33.67773636724591,45.38163831279694,464,464,1845,1844,273.13947198579035,590.2358148023486,True,Approximate weighted respondent linearization; PSU/stratum unavailable in supplied file,all eligible adults,
ESS,4,2009,2009,sbprvpv,Social benefits/services prevent widespread poverty?,ordinal,ESS2e03_6-ESS3e03_7-ESS4e04_6-ESS5e03_6-ESS6e02_7-ESS11e04_2-subset.sav,3aef7081ad1e48f989b7c93ef68f05e922159010a21d894d10d83899b764a852,sbprvpv,original microdata,ESS integrated round,18-34,Neither agree nor disagree,20.098105159856367,2.4230148239229776,15.345964195830181,24.850246123882552,464,464,1845,1844,273.13947198579035,590.2358148023486,True,Approximate weighted respondent linearization; PSU/stratum unavailable in supplied file,all eligible adults,
ESS,4,2009,2009,sbprvpv,Social benefits/services prevent widespread poverty?,ordinal,ESS2e03_6-ESS3e03_7-ESS4e04_6-ESS5e03_6-ESS6e02_7-ESS11e04_2-subset.sav,3aef7081ad1e48f989b7c93ef68f05e922159010a21d894d10d83899b764a852,sbprvpv,original microdata,ESS integrated round,18-34,Don't know,10.63408163028552,1.9841095375538513,6.742744228040873,14.525419032530166,464,464,1845,1844,273.13947198579035,590.2358148023486,True,Approximate weighted respondent linearization; PSU/stratum unavailable in supplied file,all eligible adults,
ESS,4,2009,2009,sbprvpv,Social benefits/services prevent widespread poverty?,ordinal,ESS2e03_6-ESS3e03_7-ESS4e04_6-ESS5e03_6-ESS6e02_7-ESS11e04_2-subset.sav,3aef7081ad1e48f989b7c93ef68f05e922159010a21d894d10d83899b764a852,sbprvpv,original microdata,ESS integrated round,18-34,Refused / no answer,0.10730956060218107,0.1074199287595226,0.0,0.31798703511487053,464,464,1845,1844,273.13947198579035,590.2358148023486,True,Approximate weighted respondent linearization; PSU/stratum unavailable in supplied file,all eligible adults,
ESS,4,2009,2009,sbprvpv,Social benefits/services prevent widespread poverty?,ordinal,ESS2e03_6-ESS3e03_7-ESS4e04_6-ESS5e03_6-ESS6e02_7-ESS11e04_2-subset.sav,3aef7081ad1e48f989b7c93ef68f05e922159010a21d894d10d83899b764a852,sbprvpv,original microdata,ESS integrated round,35-54,Agree,36.868509364355084,2.5881543185062474,31.792488352530775,41.944530376179394,576,576,1845,1844,338.39294001146175,633.0754457637668,True,Approximate weighted respondent linearization; PSU/stratum unavailable in supplied file,all eligible adults,
ESS,4,2009,2009,sbprvpv,Social benefits/services prevent widespread poverty?,ordinal,ESS2e03_6-ESS3e03_7-ESS4e04_6-ESS5e03_6-ESS6e02_7-ESS11e04_2-subset.sav,3aef7081ad1e48f989b7c93ef68f05e922159010a21d894d10d83899b764a852,sbprvpv,original microdata,ESS integrated round,35-54,Disagree,31.970005221651896,2.510775066332678,27.045744368448645,36.894266074855146,576,576,1845,1844,338.39294001146175,633.0754457637668,True,Approximate weighted respondent linearization; PSU/stratum unavailable in supplied file,all eligible adults,
ESS,4,2009,2009,sbprvpv,Social benefits/services prevent widespread poverty?,ordinal,ESS2e03_6-ESS3e03_7-ESS4e04_6-ESS5e03_6-ESS6e02_7-ESS11e04_2-subset.sav,3aef7081ad1e48f989b7c93ef68f05e922159010a21d894d10d83899b764a852,sbprvpv,original microdata,ESS integrated round,35-54,Neither agree nor disagree,22.3010463885316,2.373535661458436,17.64594649602175,26.95614628104145,576,576,1845,1844,338.39294001146175,633.0754457637668,True,Approximate weighted respondent linearization; PSU/stratum unavailable in supplied file,all eligible adults,
ESS,4,2009,2009,sbprvpv,Social benefits/services prevent widespread poverty?,ordinal,ESS2e03_6-ESS3e03_7-ESS4e04_6-ESS5e03_6-ESS6e02_7-ESS11e04_2-subset.sav,3aef7081ad1e48f989b7c93ef68f05e922159010a21d894d10d83899b764a852,sbprvpv,original microdata,ESS integrated round,35-54,Don't know,7.881934592145365,1.4530049722081646,5.032226707079763,10.731642477210967,576,576,1845,1844,338.39294001146175,633.0754457637668,True,Approximate weighted respondent linearization; PSU/stratum unavailable in supplied file,all eligible adults,
ESS,4,2009,2009,sbprvpv,Social benefits/services prevent widespread poverty?,ordinal,ESS2e03_6-ESS3e03_7-ESS4e04_6-ESS5e03_6-ESS6e02_7-ESS11e04_2-subset.sav,3aef7081ad1e48f989b7c93ef68f05e922159010a21d894d10d83899b764a852,sbprvpv,original microdata,ESS integrated round,35-54,Refused / no answer,0.978504433316054,0.6739036707491461,0.0,2.3001988810576717,576,576,1845,1844,338.39294001146175,633.0754457637668,True,Approximate weighted respondent linearization; PSU/stratum unavailable in supplied file,all eligible adults,
ESS,4,2009,2009,sbprvpv,Social benefits/services prevent widespread poverty?,ordinal,ESS2e03_6-ESS3e03_7-ESS4e04_6-ESS5e03_6-ESS6e02_7-ESS11e04_2-subset.sav,3aef7081ad1e48f989b7c93ef68f05e922159010a21d894d10d83899b764a852,sbprvpv,original microdata,ESS integrated round,55+,Agree,31.60154343088831,2.3090963237867403,27.072825272910563,36.130261588866055,758,758,1845,1844,387.21215521281584,573.7913549654186,True,Approximate weighted respondent linearization; PSU/stratum unavailable in supplied file,all eligible adults,
ESS,4,2009,2009,sbprvpv,Social benefits/services prevent widespread poverty?,ordinal,ESS2e03_6-ESS3e03_7-ESS4e04_6-ESS5e03_6-ESS6e02_7-ESS11e04_2-subset.sav,3aef7081ad1e48f989b7c93ef68f05e922159010a21d894d10d83899b764a852,sbprvpv,original microdata,ESS integrated round,55+,Disagree,35.76246856776618,2.445559154297752,30.966112506571477,40.55882462896088,758,758,1845,1844,387.21215521281584,573.7913549654186,True,Approximate weighted respondent linearization; PSU/stratum unavailable in supplied file,all eligible adults,
ESS,4,2009,2009,sbprvpv,Social benefits/services prevent widespread poverty?,ordinal,ESS2e03_6-ESS3e03_7-ESS4e04_6-ESS5e03_6-ESS6e02_7-ESS11e04_2-subset.sav,3aef7081ad1e48f989b7c93ef68f05e922159010a21d894d10d83899b764a852,sbprvpv,original microdata,ESS integrated round,55+,Neither agree nor disagree,23.892481803234674,2.2071921642781924,19.56362331017684,28.221340296292507,758,758,1845,1844,387.21215521281584,573.7913549654186,True,Approximate weighted respondent linearization; PSU/stratum unavailable in supplied file,all eligible adults,
ESS,4,2009,2009,sbprvpv,Social benefits/services prevent widespread poverty?,ordinal,ESS2e03_6-ESS3e03_7-ESS4e04_6-ESS5e03_6-ESS6e02_7-ESS11e04_2-subset.sav,3aef7081ad1e48f989b7c93ef68f05e922159010a21d894d10d83899b764a852,sbprvpv,original microdata,ESS integrated round,55+,Don't know,8.445345810310622,1.4802198315988082,5.542262746990394,11.34842887363085,758,758,1845,1844,387.21215521281584,573.7913549654186,True,Approximate weighted respondent linearization; PSU/stratum unavailable in supplied file,all eligible adults,
ESS,4,2009,2009,sbprvpv,Social benefits/services prevent widespread poverty?,ordinal,ESS2e03_6-ESS3e03_7-ESS4e04_6-ESS5e03_6-ESS6e02_7-ESS11e04_2-subset.sav,3aef7081ad1e48f989b7c93ef68f05e922159010a21d894d10d83899b764a852,sbprvpv,original microdata,ESS integrated round,55+,Refused / no answer,0.2981603878002199,0.21193073658048406,0.0,0.7138098196141689,758,758,1845,1844,387.21215521281584,573.7913549654186,True,Approximate weighted respondent linearization; PSU/stratum unavailable in supplied file,all eligible adults,
ESS,4,2009,2009,sbstrec,Social benefits/services place too great strain on economy?,ordinal,ESS2e03_6-ESS3e03_7-ESS4e04_6-ESS5e03_6-ESS6e02_7-ESS11e04_2-subset.sav,3aef7081ad1e48f989b7c93ef68f05e922159010a21d894d10d83899b764a852,sbstrec,original microdata,ESS integrated round,All,Agree,20.96296570993309,1.309627064244314,18.394457932701847,23.531473487164334,1798,1798,1845,1844,975.6709010464692,1797.102615531534,True,Approximate weighted respondent linearization; PSU/stratum unavailable in supplied file,all eligible adults,
ESS,4,2009,2009,sbstrec,Social benefits/services place too great strain on economy?,ordinal,ESS2e03_6-ESS3e03_7-ESS4e04_6-ESS5e03_6-ESS6e02_7-ESS11e04_2-subset.sav,3aef7081ad1e48f989b7c93ef68f05e922159010a21d894d10d83899b764a852,sbstrec,original microdata,ESS integrated round,All,Disagree,42.06496268885359,1.5714137583858847,38.983025418420574,45.14689995928661,1798,1798,1845,1844,975.6709010464692,1797.102615531534,True,Approximate weighted respondent linearization; PSU/stratum unavailable in supplied file,all eligible adults,
ESS,4,2009,2009,sbstrec,Social benefits/services place too great strain on economy?,ordinal,ESS2e03_6-ESS3e03_7-ESS4e04_6-ESS5e03_6-ESS6e02_7-ESS11e04_2-subset.sav,3aef7081ad1e48f989b7c93ef68f05e922159010a21d894d10d83899b764a852,sbstrec,original microdata,ESS integrated round,All,Neither agree nor disagree,26.55273831241327,1.4220918149478958,23.763658897092668,29.34181772773387,1798,1798,1845,1844,975.6709010464692,1797.102615531534,True,Approximate weighted respondent linearization; PSU/stratum unavailable in supplied file,all eligible adults,
ESS,4,2009,2009,sbstrec,Social benefits/services place too great strain on economy?,ordinal,ESS2e03_6-ESS3e03_7-ESS4e04_6-ESS5e03_6-ESS6e02_7-ESS11e04_2-subset.sav,3aef7081ad1e48f989b7c93ef68f05e922159010a21d894d10d83899b764a852,sbstrec,original microdata,ESS integrated round,All,Don't know,10.384088809497246,1.0224055996014039,8.378894502080978,12.389283116913514,1798,1798,1845,1844,975.6709010464692,1797.102615531534,True,Approximate weighted respondent linearization; PSU/stratum unavailable in supplied file,all eligible adults,
ESS,4,2009,2009,sbstrec,Social benefits/services place too great strain on economy?,ordinal,ESS2e03_6-ESS3e03_7-ESS4e04_6-ESS5e03_6-ESS6e02_7-ESS11e04_2-subset.sav,3aef7081ad1e48f989b7c93ef68f05e922159010a21d894d10d83899b764a852,sbstrec,original microdata,ESS integrated round,All,Refused / no answer,0.03524447930280081,0.03525967554481104,0.0,0.10439756366713122,1798,1798,1845,1844,975.6709010464692,1797.102615531534,True,Approximate weighted respondent linearization; PSU/stratum unavailable in supplied file,all eligible adults,
ESS,4,2009,2009,sbstrec,Social benefits/services place too great strain on economy?,ordinal,ESS2e03_6-ESS3e03_7-ESS4e04_6-ESS5e03_6-ESS6e02_7-ESS11e04_2-subset.sav,3aef7081ad1e48f989b7c93ef68f05e922159010a21d894d10d83899b764a852,sbstrec,original microdata,ESS integrated round,18-34,Agree,21.098153537130745,2.4101209557088845,16.371300688851925,25.825006385409566,464,464,1845,1844,273.13947198579035,590.2358148023486,True,Approximate weighted respondent linearization; PSU/stratum unavailable in supplied file,all eligible adults,
ESS,4,2009,2009,sbstrec,Social benefits/services place too great strain on economy?,ordinal,ESS2e03_6-ESS3e03_7-ESS4e04_6-ESS5e03_6-ESS6e02_7-ESS11e04_2-subset.sav,3aef7081ad1e48f989b7c93ef68f05e922159010a21d894d10d83899b764a852,sbstrec,original microdata,ESS integrated round,18-34,Disagree,35.48180800850131,2.856190743820553,29.880100210112072,41.083515806890546,464,464,1845,1844,273.13947198579035,590.2358148023486,True,Approximate weighted respondent linearization; PSU/stratum unavailable in supplied file,all eligible adults,
ESS,4,2009,2009,sbstrec,Social benefits/services place too great strain on economy?,ordinal,ESS2e03_6-ESS3e03_7-ESS4e04_6-ESS5e03_6-ESS6e02_7-ESS11e04_2-subset.sav,3aef7081ad1e48f989b7c93ef68f05e922159010a21d894d10d83899b764a852,sbstrec,original microdata,ESS integrated round,18-34,Neither agree nor disagree,30.505704741715604,2.822803376407104,24.969477960941255,36.04193152248995,464,464,1845,1844,273.13947198579035,590.2358148023486,True,Approximate weighted respondent linearization; PSU/stratum unavailable in supplied file,all eligible adults,
ESS,4,2009,2009,sbstrec,Social benefits/services place too great strain on economy?,ordinal,ESS2e03_6-ESS3e03_7-ESS4e04_6-ESS5e03_6-ESS6e02_7-ESS11e04_2-subset.sav,3aef7081ad1e48f989b7c93ef68f05e922159010a21d894d10d83899b764a852,sbstrec,original microdata,ESS integrated round,18-34,Don't know,12.807024152050154,2.163521873971957,8.563814072458971,17.050234231641337,464,464,1845,1844,273.13947198579035,590.2358148023486,True,Approximate weighted respondent linearization; PSU/stratum unavailable in supplied file,all eligible adults,
ESS,4,2009,2009,sbstrec,Social benefits/services place too great strain on economy?,ordinal,ESS2e03_6-ESS3e03_7-ESS4e04_6-ESS5e03_6-ESS6e02_7-ESS11e04_2-subset.sav,3aef7081ad1e48f989b7c93ef68f05e922159010a21d894d10d83899b764a852,sbstrec,original microdata,ESS integrated round,18-34,Refused / no answer,0.10730956060218107,0.1074199287595226,0.0,0.31798703511487053,464,464,1845,1844,273.13947198579035,590.2358148023486,True,Approximate weighted respondent linearization; PSU/stratum unavailable in supplied file,all eligible adults,
ESS,4,2009,2009,sbstrec,Social benefits/services place too great strain on economy?,ordinal,ESS2e03_6-ESS3e03_7-ESS4e04_6-ESS5e03_6-ESS6e02_7-ESS11e04_2-subset.sav,3aef7081ad1e48f989b7c93ef68f05e922159010a21d894d10d83899b764a852,sbstrec,original microdata,ESS integrated round,35-54,Agree,26.510711575940732,2.4176897347079667,21.769014450039638,31.252408701841826,576,576,1845,1844,338.39294001146175,633.0754457637668,True,Approximate weighted respondent linearization; PSU/stratum unavailable in supplied file,all eligible adults,
ESS,4,2009,2009,sbstrec,Social benefits/services place too great strain on economy?,ordinal,ESS2e03_6-ESS3e03_7-ESS4e04_6-ESS5e03_6-ESS6e02_7-ESS11e04_2-subset.sav,3aef7081ad1e48f989b7c93ef68f05e922159010a21d894d10d83899b764a852,sbstrec,original microdata,ESS integrated round,35-54,Disagree,44.90325343630145,2.714339428386509,39.57975171416878,50.226755158434116,576,576,1845,1844,338.39294001146175,633.0754457637668,True,Approximate weighted respondent linearization; PSU/stratum unavailable in supplied file,all eligible adults,
ESS,4,2009,2009,sbstrec,Social benefits/services place too great strain on economy?,ordinal,ESS2e03_6-ESS3e03_7-ESS4e04_6-ESS5e03_6-ESS6e02_7-ESS11e04_2-subset.sav,3aef7081ad1e48f989b7c93ef68f05e922159010a21d894d10d83899b764a852,sbstrec,original microdata,ESS integrated round,35-54,Neither agree nor disagree,20.57498121041306,2.0901812360812793,16.475610551945937,24.674351868880184,576,576,1845,1844,338.39294001146175,633.0754457637668,True,Approximate weighted respondent linearization; PSU/stratum unavailable in supplied file,all eligible adults,
ESS,4,2009,2009,sbstrec,Social benefits/services place too great strain on economy?,ordinal,ESS2e03_6-ESS3e03_7-ESS4e04_6-ESS5e03_6-ESS6e02_7-ESS11e04_2-subset.sav,3aef7081ad1e48f989b7c93ef68f05e922159010a21d894d10d83899b764a852,sbstrec,original microdata,ESS integrated round,35-54,Don't know,8.011053777344761,1.5016425475699617,5.06595538455891,10.956152170130613,576,576,1845,1844,338.39294001146175,633.0754457637668,True,Approximate weighted respondent linearization; PSU/stratum unavailable in supplied file,all eligible adults,
ESS,4,2009,2009,sbstrec,Social benefits/services place too great strain on economy?,ordinal,ESS2e03_6-ESS3e03_7-ESS4e04_6-ESS5e03_6-ESS6e02_7-ESS11e04_2-subset.sav,3aef7081ad1e48f989b7c93ef68f05e922159010a21d894d10d83899b764a852,sbstrec,original microdata,ESS integrated round,35-54,Refused / no answer,0.0,0.0,0.0,0.0,576,576,1845,1844,338.39294001146175,633.0754457637668,True,Approximate weighted respondent linearization; PSU/stratum unavailable in supplied file,all eligible adults,
ESS,4,2009,2009,sbstrec,Social benefits/services place too great strain on economy?,ordinal,ESS2e03_6-ESS3e03_7-ESS4e04_6-ESS5e03_6-ESS6e02_7-ESS11e04_2-subset.sav,3aef7081ad1e48f989b7c93ef68f05e922159010a21d894d10d83899b764a852,sbstrec,original microdata,ESS integrated round,55+,Agree,14.702964834421945,1.8291825790912997,11.115478130271615,18.290451538572274,758,758,1845,1844,387.21215521281584,573.7913549654186,True,Approximate weighted respondent linearization; PSU/stratum unavailable in supplied file,all eligible adults,
ESS,4,2009,2009,sbstrec,Social benefits/services place too great strain on economy?,ordinal,ESS2e03_6-ESS3e03_7-ESS4e04_6-ESS5e03_6-ESS6e02_7-ESS11e04_2-subset.sav,3aef7081ad1e48f989b7c93ef68f05e922159010a21d894d10d83899b764a852,sbstrec,original microdata,ESS integrated round,55+,Disagree,45.70524319936387,2.5143522228215027,40.77396664336036,50.63651975536738,758,758,1845,1844,387.21215521281584,573.7913549654186,True,Approximate weighted respondent linearization; PSU/stratum unavailable in supplied file,all eligible adults,
ESS,4,2009,2009,sbstrec,Social benefits/services place too great strain on economy?,ordinal,ESS2e03_6-ESS3e03_7-ESS4e04_6-ESS5e03_6-ESS6e02_7-ESS11e04_2-subset.sav,3aef7081ad1e48f989b7c93ef68f05e922159010a21d894d10d83899b764a852,sbstrec,original microdata,ESS integrated round,55+,Neither agree nor disagree,29.081861256097508,2.3836400139257385,24.406944189214336,33.75677832298068,758,758,1845,1844,387.21215521281584,573.7913549654186,True,Approximate weighted respondent linearization; PSU/stratum unavailable in supplied file,all eligible adults,
ESS,4,2009,2009,sbstrec,Social benefits/services place too great strain on economy?,ordinal,ESS2e03_6-ESS3e03_7-ESS4e04_6-ESS5e03_6-ESS6e02_7-ESS11e04_2-subset.sav,3aef7081ad1e48f989b7c93ef68f05e922159010a21d894d10d83899b764a852,sbstrec,original microdata,ESS integrated round,55+,Don't know,10.509930710116675,1.573906078087914,7.42310537443762,13.59675604579573,758,758,1845,1844,387.21215521281584,573.7913549654186,True,Approximate weighted respondent linearization; PSU/stratum unavailable in supplied file,all eligible adults,
ESS,4,2009,2009,sbstrec,Social benefits/services place too great strain on economy?,ordinal,ESS2e03_6-ESS3e03_7-ESS4e04_6-ESS5e03_6-ESS6e02_7-ESS11e04_2-subset.sav,3aef7081ad1e48f989b7c93ef68f05e922159010a21d894d10d83899b764a852,sbstrec,original microdata,ESS integrated round,55+,Refused / no answer,0.0,0.0,0.0,0.0,758,758,1845,1844,387.21215521281584,573.7913549654186,True,Approximate weighted respondent linearization; PSU/stratum unavailable in supplied file,all eligible adults,
ESS,4,2009,2009,uentrjb,Most unemployed people do not really try to find a job?,ordinal,ESS2e03_6-ESS3e03_7-ESS4e04_6-ESS5e03_6-ESS6e02_7-ESS11e04_2-subset.sav,3aef7081ad1e48f989b7c93ef68f05e922159010a21d894d10d83899b764a852,uentrjb,original microdata,ESS integrated round,All,Agree,29.768023611370733,1.4606444654978512,26.903332760188754,32.63271446255271,1798,1798,1845,1844,975.6709010464692,1797.102615531534,True,Approximate weighted respondent linearization; PSU/stratum unavailable in supplied file,all eligible adults,
ESS,4,2009,2009,uentrjb,Most unemployed people do not really try to find a job?,ordinal,ESS2e03_6-ESS3e03_7-ESS4e04_6-ESS5e03_6-ESS6e02_7-ESS11e04_2-subset.sav,3aef7081ad1e48f989b7c93ef68f05e922159010a21d894d10d83899b764a852,uentrjb,original microdata,ESS integrated round,All,Disagree,42.04718324367292,1.5807215801762646,38.94699099568913,45.14737549165671,1798,1798,1845,1844,975.6709010464692,1797.102615531534,True,Approximate weighted respondent linearization; PSU/stratum unavailable in supplied file,all eligible adults,
ESS,4,2009,2009,uentrjb,Most unemployed people do not really try to find a job?,ordinal,ESS2e03_6-ESS3e03_7-ESS4e04_6-ESS5e03_6-ESS6e02_7-ESS11e04_2-subset.sav,3aef7081ad1e48f989b7c93ef68f05e922159010a21d894d10d83899b764a852,uentrjb,original microdata,ESS integrated round,All,Neither agree nor disagree,24.95046535656893,1.4026980125357196,22.199422061366622,27.70150865177124,1798,1798,1845,1844,975.6709010464692,1797.102615531534,True,Approximate weighted respondent linearization; PSU/stratum unavailable in supplied file,all eligible adults,
ESS,4,2009,2009,uentrjb,Most unemployed people do not really try to find a job?,ordinal,ESS2e03_6-ESS3e03_7-ESS4e04_6-ESS5e03_6-ESS6e02_7-ESS11e04_2-subset.sav,3aef7081ad1e48f989b7c93ef68f05e922159010a21d894d10d83899b764a852,uentrjb,original microdata,ESS integrated round,All,Don't know,3.234327788387418,0.5079003212042368,2.2382076251071314,4.2304479516677045,1798,1798,1845,1844,975.6709010464692,1797.102615531534,True,Approximate weighted respondent linearization; PSU/stratum unavailable in supplied file,all eligible adults,
ESS,4,2009,2009,uentrjb,Most unemployed people do not really try to find a job?,ordinal,ESS2e03_6-ESS3e03_7-ESS4e04_6-ESS5e03_6-ESS6e02_7-ESS11e04_2-subset.sav,3aef7081ad1e48f989b7c93ef68f05e922159010a21d894d10d83899b764a852,uentrjb,original microdata,ESS integrated round,All,Refused / no answer,0.0,0.0,0.0,0.0,1798,1798,1845,1844,975.6709010464692,1797.102615531534,True,Approximate weighted respondent linearization; PSU/stratum unavailable in supplied file,all eligible adults,
ESS,4,2009,2009,uentrjb,Most unemployed people do not really try to find a job?,ordinal,ESS2e03_6-ESS3e03_7-ESS4e04_6-ESS5e03_6-ESS6e02_7-ESS11e04_2-subset.sav,3aef7081ad1e48f989b7c93ef68f05e922159010a21d894d10d83899b764a852,uentrjb,original microdata,ESS integrated round,18-34,Agree,31.289028956529037,2.8236200449869835,25.75120048344387,36.8268574296142,464,464,1845,1844,273.13947198579035,590.2358148023486,True,Approximate weighted respondent linearization; PSU/stratum unavailable in supplied file,all eligible adults,
ESS,4,2009,2009,uentrjb,Most unemployed people do not really try to find a job?,ordinal,ESS2e03_6-ESS3e03_7-ESS4e04_6-ESS5e03_6-ESS6e02_7-ESS11e04_2-subset.sav,3aef7081ad1e48f989b7c93ef68f05e922159010a21d894d10d83899b764a852,uentrjb,original microdata,ESS integrated round,18-34,Disagree,39.1031783074039,2.9327349924871466,33.351348002103954,44.85500861270385,464,464,1845,1844,273.13947198579035,590.2358148023486,True,Approximate weighted respondent linearization; PSU/stratum unavailable in supplied file,all eligible adults,
ESS,4,2009,2009,uentrjb,Most unemployed people do not really try to find a job?,ordinal,ESS2e03_6-ESS3e03_7-ESS4e04_6-ESS5e03_6-ESS6e02_7-ESS11e04_2-subset.sav,3aef7081ad1e48f989b7c93ef68f05e922159010a21d894d10d83899b764a852,uentrjb,original microdata,ESS integrated round,18-34,Neither agree nor disagree,26.559565008830464,2.7044377163159905,21.255483032330275,31.863646985330654,464,464,1845,1844,273.13947198579035,590.2358148023486,True,Approximate weighted respondent linearization; PSU/stratum unavailable in supplied file,all eligible adults,
ESS,4,2009,2009,uentrjb,Most unemployed people do not really try to find a job?,ordinal,ESS2e03_6-ESS3e03_7-ESS4e04_6-ESS5e03_6-ESS6e02_7-ESS11e04_2-subset.sav,3aef7081ad1e48f989b7c93ef68f05e922159010a21d894d10d83899b764a852,uentrjb,original microdata,ESS integrated round,18-34,Don't know,3.0482277272365983,1.012349277732242,1.0627563941207943,5.0336990603524026,464,464,1845,1844,273.13947198579035,590.2358148023486,True,Approximate weighted respondent linearization; PSU/stratum unavailable in supplied file,all eligible adults,
ESS,4,2009,2009,uentrjb,Most unemployed people do not really try to find a job?,ordinal,ESS2e03_6-ESS3e03_7-ESS4e04_6-ESS5e03_6-ESS6e02_7-ESS11e04_2-subset.sav,3aef7081ad1e48f989b7c93ef68f05e922159010a21d894d10d83899b764a852,uentrjb,original microdata,ESS integrated round,18-34,Refused / no answer,0.0,0.0,0.0,0.0,464,464,1845,1844,273.13947198579035,590.2358148023486,True,Approximate weighted respondent linearization; PSU/stratum unavailable in supplied file,all eligible adults,
ESS,4,2009,2009,uentrjb,Most unemployed people do not really try to find a job?,ordinal,ESS2e03_6-ESS3e03_7-ESS4e04_6-ESS5e03_6-ESS6e02_7-ESS11e04_2-subset.sav,3aef7081ad1e48f989b7c93ef68f05e922159010a21d894d10d83899b764a852,uentrjb,original microdata,ESS integrated round,35-54,Agree,29.776591034352546,2.423691157801008,25.023123609631437,34.53005845907365,576,576,1845,1844,338.39294001146175,633.0754457637668,True,Approximate weighted respondent linearization; PSU/stratum unavailable in supplied file,all eligible adults,
ESS,4,2009,2009,uentrjb,Most unemployed people do not really try to find a job?,ordinal,ESS2e03_6-ESS3e03_7-ESS4e04_6-ESS5e03_6-ESS6e02_7-ESS11e04_2-subset.sav,3aef7081ad1e48f989b7c93ef68f05e922159010a21d894d10d83899b764a852,uentrjb,original microdata,ESS integrated round,35-54,Disagree,45.11239920515087,2.724950409848297,39.76808668187278,50.456711728428964,576,576,1845,1844,338.39294001146175,633.0754457637668,True,Approximate weighted respondent linearization; PSU/stratum unavailable in supplied file,all eligible adults,
ESS,4,2009,2009,uentrjb,Most unemployed people do not really try to find a job?,ordinal,ESS2e03_6-ESS3e03_7-ESS4e04_6-ESS5e03_6-ESS6e02_7-ESS11e04_2-subset.sav,3aef7081ad1e48f989b7c93ef68f05e922159010a21d894d10d83899b764a852,uentrjb,original microdata,ESS integrated round,35-54,Neither agree nor disagree,23.129048730772364,2.2654371791800885,18.685957126743514,27.572140334801215,576,576,1845,1844,338.39294001146175,633.0754457637668,True,Approximate weighted respondent linearization; PSU/stratum unavailable in supplied file,all eligible adults,
ESS,4,2009,2009,uentrjb,Most unemployed people do not really try to find a job?,ordinal,ESS2e03_6-ESS3e03_7-ESS4e04_6-ESS5e03_6-ESS6e02_7-ESS11e04_2-subset.sav,3aef7081ad1e48f989b7c93ef68f05e922159010a21d894d10d83899b764a852,uentrjb,original microdata,ESS integrated round,35-54,Don't know,1.981961029724219,0.7116672179622955,0.5862027760633319,3.377719283385106,576,576,1845,1844,338.39294001146175,633.0754457637668,True,Approximate weighted respondent linearization; PSU/stratum unavailable in supplied file,all eligible adults,
ESS,4,2009,2009,uentrjb,Most unemployed people do not really try to find a job?,ordinal,ESS2e03_6-ESS3e03_7-ESS4e04_6-ESS5e03_6-ESS6e02_7-ESS11e04_2-subset.sav,3aef7081ad1e48f989b7c93ef68f05e922159010a21d894d10d83899b764a852,uentrjb,original microdata,ESS integrated round,35-54,Refused / no answer,0.0,0.0,0.0,0.0,576,576,1845,1844,338.39294001146175,633.0754457637668,True,Approximate weighted respondent linearization; PSU/stratum unavailable in supplied file,all eligible adults,
ESS,4,2009,2009,uentrjb,Most unemployed people do not really try to find a job?,ordinal,ESS2e03_6-ESS3e03_7-ESS4e04_6-ESS5e03_6-ESS6e02_7-ESS11e04_2-subset.sav,3aef7081ad1e48f989b7c93ef68f05e922159010a21d894d10d83899b764a852,uentrjb,original microdata,ESS integrated round,55+,Agree,28.193974705743823,2.3073415229291436,23.668698153222536,32.71925125826511,758,758,1845,1844,387.21215521281584,573.7913549654186,True,Approximate weighted respondent linearization; PSU/stratum unavailable in supplied file,all eligible adults,
ESS,4,2009,2009,uentrjb,Most unemployed people do not really try to find a job?,ordinal,ESS2e03_6-ESS3e03_7-ESS4e04_6-ESS5e03_6-ESS6e02_7-ESS11e04_2-subset.sav,3aef7081ad1e48f989b7c93ef68f05e922159010a21d894d10d83899b764a852,uentrjb,original microdata,ESS integrated round,55+,Disagree,41.693647403373944,2.4867815536681515,36.81644385798335,46.57085094876454,758,758,1845,1844,387.21215521281584,573.7913549654186,True,Approximate weighted respondent linearization; PSU/stratum unavailable in supplied file,all eligible adults,
ESS,4,2009,2009,uentrjb,Most unemployed people do not really try to find a job?,ordinal,ESS2e03_6-ESS3e03_7-ESS4e04_6-ESS5e03_6-ESS6e02_7-ESS11e04_2-subset.sav,3aef7081ad1e48f989b7c93ef68f05e922159010a21d894d10d83899b764a852,uentrjb,original microdata,ESS integrated round,55+,Neither agree nor disagree,25.304855321121796,2.294200632534806,20.805351356919058,29.804359285324534,758,758,1845,1844,387.21215521281584,573.7913549654186,True,Approximate weighted respondent linearization; PSU/stratum unavailable in supplied file,all eligible adults,
ESS,4,2009,2009,uentrjb,Most unemployed people do not really try to find a job?,ordinal,ESS2e03_6-ESS3e03_7-ESS4e04_6-ESS5e03_6-ESS6e02_7-ESS11e04_2-subset.sav,3aef7081ad1e48f989b7c93ef68f05e922159010a21d894d10d83899b764a852,uentrjb,original microdata,ESS integrated round,55+,Don't know,4.807522569760437,0.9095364481992553,3.0236930318277553,6.591352107693118,758,758,1845,1844,387.21215521281584,573.7913549654186,True,Approximate weighted respondent linearization; PSU/stratum unavailable in supplied file,all eligible adults,
ESS,4,2009,2009,uentrjb,Most unemployed people do not really try to find a job?,ordinal,ESS2e03_6-ESS3e03_7-ESS4e04_6-ESS5e03_6-ESS6e02_7-ESS11e04_2-subset.sav,3aef7081ad1e48f989b7c93ef68f05e922159010a21d894d10d83899b764a852,uentrjb,original microdata,ESS integrated round,55+,Refused / no answer,0.0,0.0,0.0,0.0,758,758,1845,1844,387.21215521281584,573.7913549654186,True,Approximate weighted respondent linearization; PSU/stratum unavailable in supplied file,all eligible adults,
ESS,4,2009,2009,imbgeco,Is immigration bad or good for Ukraine's economy?,numeric,ESS2e03_6-ESS3e03_7-ESS4e04_6-ESS5e03_6-ESS6e02_7-ESS11e04_2-subset.sav,3aef7081ad1e48f989b7c93ef68f05e922159010a21d894d10d83899b764a852,imbgeco,original microdata,ESS integrated round,All,Mean,4.453152343501557,0.09090340761601681,4.27486791748957,4.631436769513544,1511,1798,1845,1844,826.9150365898906,1524.1556602455676,True,Approximate weighted respondent linearization; PSU/stratum unavailable in supplied file,valid 0–10 ratings,15.188167493999007
ESS,4,2009,2009,imbgeco,Is immigration bad or good for Ukraine's economy?,numeric,ESS2e03_6-ESS3e03_7-ESS4e04_6-ESS5e03_6-ESS6e02_7-ESS11e04_2-subset.sav,3aef7081ad1e48f989b7c93ef68f05e922159010a21d894d10d83899b764a852,imbgeco,original microdata,ESS integrated round,18-34,Mean,4.726208839450594,0.16596136712703385,4.400716893060737,5.051700785840451,397,464,1845,1844,238.28114015059495,514.3893006443977,True,Approximate weighted respondent linearization; PSU/stratum unavailable in supplied file,valid 0–10 ratings,15.188167493999007
ESS,4,2009,2009,imbgeco,Is immigration bad or good for Ukraine's economy?,numeric,ESS2e03_6-ESS3e03_7-ESS4e04_6-ESS5e03_6-ESS6e02_7-ESS11e04_2-subset.sav,3aef7081ad1e48f989b7c93ef68f05e922159010a21d894d10d83899b764a852,imbgeco,original microdata,ESS integrated round,35-54,Mean,4.463189197224125,0.1524297611953385,4.16423613050689,4.76214226394136,481,576,1845,1844,282.76727633954874,515.3728168308735,True,Approximate weighted respondent linearization; PSU/stratum unavailable in supplied file,valid 0–10 ratings,15.188167493999007
ESS,4,2009,2009,imbgeco,Is immigration bad or good for Ukraine's economy?,numeric,ESS2e03_6-ESS3e03_7-ESS4e04_6-ESS5e03_6-ESS6e02_7-ESS11e04_2-subset.sav,3aef7081ad1e48f989b7c93ef68f05e922159010a21d894d10d83899b764a852,imbgeco,original microdata,ESS integrated round,55+,Mean,4.158589310281649,0.15198232057698463,3.8605137870571133,4.456664833506185,633,758,1845,1844,321.8068622140817,494.39354277029634,True,Approximate weighted respondent linearization; PSU/stratum unavailable in supplied file,valid 0–10 ratings,15.188167493999007
ESS,4,2009,2009,ditxssp,Government decrease/increase taxes and social spending?,numeric,ESS2e03_6-ESS3e03_7-ESS4e04_6-ESS5e03_6-ESS6e02_7-ESS11e04_2-subset.sav,3aef7081ad1e48f989b7c93ef68f05e922159010a21d894d10d83899b764a852,ditxssp,original microdata,ESS integrated round,All,Mean,4.943342450178654,0.08388763925332361,4.778817708961535,5.107867191395773,1428,1798,1845,1844,791.2988290395687,1433.9639216698706,True,Approximate weighted respondent linearization; PSU/stratum unavailable in supplied file,valid 0–10 ratings,20.20689807711714
ESS,4,2009,2009,ditxssp,Government decrease/increase taxes and social spending?,numeric,ESS2e03_6-ESS3e03_7-ESS4e04_6-ESS5e03_6-ESS6e02_7-ESS11e04_2-subset.sav,3aef7081ad1e48f989b7c93ef68f05e922159010a21d894d10d83899b764a852,ditxssp,original microdata,ESS integrated round,18-34,Mean,4.498156495961929,0.15215387344746387,4.199744514447806,4.796568477476052,369,464,1845,1844,221.22450774333694,468.0066959261894,True,Approximate weighted respondent linearization; PSU/stratum unavailable in supplied file,valid 0–10 ratings,20.20689807711714
ESS,4,2009,2009,ditxssp,Government decrease/increase taxes and social spending?,numeric,ESS2e03_6-ESS3e03_7-ESS4e04_6-ESS5e03_6-ESS6e02_7-ESS11e04_2-subset.sav,3aef7081ad1e48f989b7c93ef68f05e922159010a21d894d10d83899b764a852,ditxssp,original microdata,ESS integrated round,35-54,Mean,4.991638421851421,0.1401249923742696,4.716818098933417,5.266458744769426,473,576,1845,1844,281.4967209426374,511.52556060627103,True,Approximate weighted respondent linearization; PSU/stratum unavailable in supplied file,valid 0–10 ratings,20.20689807711714
ESS,4,2009,2009,ditxssp,Government decrease/increase taxes and social spending?,numeric,ESS2e03_6-ESS3e03_7-ESS4e04_6-ESS5e03_6-ESS6e02_7-ESS11e04_2-subset.sav,3aef7081ad1e48f989b7c93ef68f05e922159010a21d894d10d83899b764a852,ditxssp,original microdata,ESS integrated round,55+,Mean,5.3474634602435005,0.1368298044019453,5.079105829007298,5.615821091479703,586,758,1845,1844,304.1482135911958,454.43166513741016,True,Approximate weighted respondent linearization; PSU/stratum unavailable in supplied file,valid 0–10 ratings,20.20689807711714
ESS,4,2009,2009,gvcldcr,"Child care services for working parents, governments' responsibility?",numeric,ESS2e03_6-ESS3e03_7-ESS4e04_6-ESS5e03_6-ESS6e02_7-ESS11e04_2-subset.sav,3aef7081ad1e48f989b7c93ef68f05e922159010a21d894d10d83899b764a852,gvcldcr,original microdata,ESS integrated round,All,Mean,8.176319723270947,0.07926863893585506,8.020854002413412,8.331785444128482,1774,1798,1845,1844,966.825900897026,1773.6283898316324,True,Approximate weighted respondent linearization; PSU/stratum unavailable in supplied file,valid 0–10 ratings,1.3062262275411882
ESS,4,2009,2009,gvcldcr,"Child care services for working parents, governments' responsibility?",numeric,ESS2e03_6-ESS3e03_7-ESS4e04_6-ESS5e03_6-ESS6e02_7-ESS11e04_2-subset.sav,3aef7081ad1e48f989b7c93ef68f05e922159010a21d894d10d83899b764a852,gvcldcr,original microdata,ESS integrated round,18-34,Mean,7.8859800362063845,0.14673455165108154,7.598196706589707,8.173763365823062,454,464,1845,1844,267.2395845139114,572.1849616318941,True,Approximate weighted respondent linearization; PSU/stratum unavailable in supplied file,valid 0–10 ratings,1.3062262275411882
ESS,4,2009,2009,gvcldcr,"Child care services for working parents, governments' responsibility?",numeric,ESS2e03_6-ESS3e03_7-ESS4e04_6-ESS5e03_6-ESS6e02_7-ESS11e04_2-subset.sav,3aef7081ad1e48f989b7c93ef68f05e922159010a21d894d10d83899b764a852,gvcldcr,original microdata,ESS integrated round,35-54,Mean,8.185122532575598,0.13569243360872085,7.918995571281817,8.451249493869378,570,576,1845,1844,335.9196019444134,629.2543809488416,True,Approximate weighted respondent linearization; PSU/stratum unavailable in supplied file,valid 0–10 ratings,1.3062262275411882
ESS,4,2009,2009,gvcldcr,"Child care services for working parents, governments' responsibility?",numeric,ESS2e03_6-ESS3e03_7-ESS4e04_6-ESS5e03_6-ESS6e02_7-ESS11e04_2-subset.sav,3aef7081ad1e48f989b7c93ef68f05e922159010a21d894d10d83899b764a852,gvcldcr,original microdata,ESS integrated round,55+,Mean,8.456976609583606,0.1277218060666695,8.206482051887857,8.707471167279355,750,758,1845,1844,385.2416793947166,572.1890472508967,True,Approximate weighted respondent linearization; PSU/stratum unavailable in supplied file,valid 0–10 ratings,1.3062262275411882
ESS,4,2009,2009,gvhlthc,"Health care for the sick, governments' responsibility?",numeric,ESS2e03_6-ESS3e03_7-ESS4e04_6-ESS5e03_6-ESS6e02_7-ESS11e04_2-subset.sav,3aef7081ad1e48f989b7c93ef68f05e922159010a21d894d10d83899b764a852,gvhlthc,original microdata,ESS integrated round,All,Mean,9.17958112947116,0.06561411645673056,9.050895358524212,9.308266900418108,1788,1798,1845,1844,970.2572370799991,1789.6668085120618,True,Approximate weighted respondent linearization; PSU/stratum unavailable in supplied file,valid 0–10 ratings,0.41376641240226636
ESS,4,2009,2009,gvhlthc,"Health care for the sick, governments' responsibility?",numeric,ESS2e03_6-ESS3e03_7-ESS4e04_6-ESS5e03_6-ESS6e02_7-ESS11e04_2-subset.sav,3aef7081ad1e48f989b7c93ef68f05e922159010a21d894d10d83899b764a852,gvhlthc,original microdata,ESS integrated round,18-34,Mean,8.953781300133025,0.12817454446135437,8.70239880867388,9.20516379159217,460,464,1845,1844,271.2090599688675,587.723946981132,True,Approximate weighted respondent linearization; PSU/stratum unavailable in supplied file,valid 0–10 ratings,0.41376641240226636
ESS,4,2009,2009,gvhlthc,"Health care for the sick, governments' responsibility?",numeric,ESS2e03_6-ESS3e03_7-ESS4e04_6-ESS5e03_6-ESS6e02_7-ESS11e04_2-subset.sav,3aef7081ad1e48f989b7c93ef68f05e922159010a21d894d10d83899b764a852,gvhlthc,original microdata,ESS integrated round,35-54,Mean,9.154539762052597,0.10909265625232005,8.940581648576542,9.368497875528652,572,576,1845,1844,336.4521360337669,629.8696196302772,True,Approximate weighted respondent linearization; PSU/stratum unavailable in supplied file,valid 0–10 ratings,0.41376641240226636
ESS,4,2009,2009,gvhlthc,"Health care for the sick, governments' responsibility?",numeric,ESS2e03_6-ESS3e03_7-ESS4e04_6-ESS5e03_6-ESS6e02_7-ESS11e04_2-subset.sav,3aef7081ad1e48f989b7c93ef68f05e922159010a21d894d10d83899b764a852,gvhlthc,original microdata,ESS integrated round,55+,Mean,9.439129649873749,0.1011129431020335,9.240821759156653,9.637437540590845,756,758,1845,1844,385.7977375582163,572.0732419006526,True,Approximate weighted respondent linearization; PSU/stratum unavailable in supplied file,valid 0–10 ratings,0.41376641240226636
ESS,4,2009,2009,gvjbevn,"Job for everyone, governments' responsibility?",numeric,ESS2e03_6-ESS3e03_7-ESS4e04_6-ESS5e03_6-ESS6e02_7-ESS11e04_2-subset.sav,3aef7081ad1e48f989b7c93ef68f05e922159010a21d894d10d83899b764a852,gvjbevn,original microdata,ESS integrated round,All,Mean,8.686375640988901,0.07171453363135494,8.545725418951122,8.82702586302668,1787,1798,1845,1844,969.2491600997956,1788.1072940789163,True,Approximate weighted respondent linearization; PSU/stratum unavailable in supplied file,valid 0–10 ratings,0.5005457882524462
ESS,4,2009,2009,gvjbevn,"Job for everyone, governments' responsibility?",numeric,ESS2e03_6-ESS3e03_7-ESS4e04_6-ESS5e03_6-ESS6e02_7-ESS11e04_2-subset.sav,3aef7081ad1e48f989b7c93ef68f05e922159010a21d894d10d83899b764a852,gvjbevn,original microdata,ESS integrated round,18-34,Mean,8.441104820374777,0.13401623510049,8.178265305577881,8.703944335171673,460,464,1845,1844,271.50635215604336,588.1587723717093,True,Approximate weighted respondent linearization; PSU/stratum unavailable in supplied file,valid 0–10 ratings,0.5005457882524462
ESS,4,2009,2009,gvjbevn,"Job for everyone, governments' responsibility?",numeric,ESS2e03_6-ESS3e03_7-ESS4e04_6-ESS5e03_6-ESS6e02_7-ESS11e04_2-subset.sav,3aef7081ad1e48f989b7c93ef68f05e922159010a21d894d10d83899b764a852,gvjbevn,original microdata,ESS integrated round,35-54,Mean,8.665173195886696,0.1247953438634057,8.420418165980253,8.90992822579314,572,576,1845,1844,335.913604117691,628.8889632448554,True,Approximate weighted respondent linearization; PSU/stratum unavailable in supplied file,valid 0–10 ratings,0.5005457882524462
ESS,4,2009,2009,gvjbevn,"Job for everyone, governments' responsibility?",numeric,ESS2e03_6-ESS3e03_7-ESS4e04_6-ESS5e03_6-ESS6e02_7-ESS11e04_2-subset.sav,3aef7081ad1e48f989b7c93ef68f05e922159010a21d894d10d83899b764a852,gvjbevn,original microdata,ESS integrated round,55+,Mean,8.962340146151767,0.11249444597444609,8.74171026817394,9.182970024129595,755,758,1845,1844,384.89795961396777,571.0595584623516,True,Approximate weighted respondent linearization; PSU/stratum unavailable in supplied file,valid 0–10 ratings,0.5005457882524462
ESS,4,2009,2009,gvpdlwk,"Paid leave from work to care for sick family, governments' responsibility?",numeric,ESS2e03_6-ESS3e03_7-ESS4e04_6-ESS5e03_6-ESS6e02_7-ESS11e04_2-subset.sav,3aef7081ad1e48f989b7c93ef68f05e922159010a21d894d10d83899b764a852,gvpdlwk,original microdata,ESS integrated round,All,Mean,8.335601181237946,0.0759934992527332,8.186558832329029,8.484643530146863,1749,1798,1845,1844,950.939387402077,1743.1333084367216,True,Approximate weighted respondent linearization; PSU/stratum unavailable in supplied file,valid 0–10 ratings,3.003128849091889
ESS,4,2009,2009,gvpdlwk,"Paid leave from work to care for sick family, governments' responsibility?",numeric,ESS2e03_6-ESS3e03_7-ESS4e04_6-ESS5e03_6-ESS6e02_7-ESS11e04_2-subset.sav,3aef7081ad1e48f989b7c93ef68f05e922159010a21d894d10d83899b764a852,gvpdlwk,original microdata,ESS integrated round,18-34,Mean,8.087179107443397,0.1411573612762544,7.810334049678263,8.36402416520853,447,464,1845,1844,263.89553480247565,564.5584945231676,True,Approximate weighted respondent linearization; PSU/stratum unavailable in supplied file,valid 0–10 ratings,3.003128849091889
ESS,4,2009,2009,gvpdlwk,"Paid leave from work to care for sick family, governments' responsibility?",numeric,ESS2e03_6-ESS3e03_7-ESS4e04_6-ESS5e03_6-ESS6e02_7-ESS11e04_2-subset.sav,3aef7081ad1e48f989b7c93ef68f05e922159010a21d894d10d83899b764a852,gvpdlwk,original microdata,ESS integrated round,35-54,Mean,8.309584108045447,0.12164680370467121,8.071004156606325,8.54816405948457,560,576,1845,1844,327.6225313230338,613.7985349223018,True,Approximate weighted respondent linearization; PSU/stratum unavailable in supplied file,valid 0–10 ratings,3.003128849091889
ESS,4,2009,2009,gvpdlwk,"Paid leave from work to care for sick family, governments' responsibility?",numeric,ESS2e03_6-ESS3e03_7-ESS4e04_6-ESS5e03_6-ESS6e02_7-ESS11e04_2-subset.sav,3aef7081ad1e48f989b7c93ef68f05e922159010a21d894d10d83899b764a852,gvpdlwk,original microdata,ESS integrated round,55+,Mean,8.6122028006886,0.13227799930269035,8.352772403103165,8.871633198274035,742,758,1845,1844,380.83775799286053,564.7762789912522,True,Approximate weighted respondent linearization; PSU/stratum unavailable in supplied file,valid 0–10 ratings,3.003128849091889
ESS,4,2009,2009,gvslvol,"Standard of living for the old, governments' responsibility?",numeric,ESS2e03_6-ESS3e03_7-ESS4e04_6-ESS5e03_6-ESS6e02_7-ESS11e04_2-subset.sav,3aef7081ad1e48f989b7c93ef68f05e922159010a21d894d10d83899b764a852,gvslvol,original microdata,ESS integrated round,All,Mean,9.220190756239772,0.0646465252949399,9.093402674713035,9.346978837766509,1787,1798,1845,1844,970.3791780574246,1782.241720046848,True,Approximate weighted respondent linearization; PSU/stratum unavailable in supplied file,valid 0–10 ratings,0.8269363895110937
ESS,4,2009,2009,gvslvol,"Standard of living for the old, governments' responsibility?",numeric,ESS2e03_6-ESS3e03_7-ESS4e04_6-ESS5e03_6-ESS6e02_7-ESS11e04_2-subset.sav,3aef7081ad1e48f989b7c93ef68f05e922159010a21d894d10d83899b764a852,gvslvol,original microdata,ESS integrated round,18-34,Mean,9.017824664373457,0.11768037752966719,8.78702387141117,9.248625457335743,458,464,1845,1844,269.93541782590125,579.8794146701694,True,Approximate weighted respondent linearization; PSU/stratum unavailable in supplied file,valid 0–10 ratings,0.8269363895110937
ESS,4,2009,2009,gvslvol,"Standard of living for the old, governments' responsibility?",numeric,ESS2e03_6-ESS3e03_7-ESS4e04_6-ESS5e03_6-ESS6e02_7-ESS11e04_2-subset.sav,3aef7081ad1e48f989b7c93ef68f05e922159010a21d894d10d83899b764a852,gvslvol,original microdata,ESS integrated round,35-54,Mean,9.203849660574601,0.10925427589842539,8.989574570358137,9.418124750791065,573,576,1845,1844,336.8501286571561,630.2890634760261,True,Approximate weighted respondent linearization; PSU/stratum unavailable in supplied file,valid 0–10 ratings,0.8269363895110937
ESS,4,2009,2009,gvslvol,"Standard of living for the old, governments' responsibility?",numeric,ESS2e03_6-ESS3e03_7-ESS4e04_6-ESS5e03_6-ESS6e02_7-ESS11e04_2-subset.sav,3aef7081ad1e48f989b7c93ef68f05e922159010a21d894d10d83899b764a852,gvslvol,original microdata,ESS integrated round,55+,Mean,9.443322228635518,0.1089904963688264,9.229564476363379,9.657079980907657,756,758,1845,1844,385.7977375582163,572.0732419006526,True,Approximate weighted respondent linearization; PSU/stratum unavailable in supplied file,valid 0–10 ratings,0.8269363895110937
ESS,4,2009,2009,gvslvue,"Standard of living for the unemployed, governments' responsibility?",numeric,ESS2e03_6-ESS3e03_7-ESS4e04_6-ESS5e03_6-ESS6e02_7-ESS11e04_2-subset.sav,3aef7081ad1e48f989b7c93ef68f05e922159010a21d894d10d83899b764a852,gvslvue,original microdata,ESS integrated round,All,Mean,7.994103317095926,0.08025922650890047,7.8366948050767995,8.151511829115053,1769,1798,1845,1844,960.1035813306737,1766.8353598378599,True,Approximate weighted respondent linearization; PSU/stratum unavailable in supplied file,valid 0–10 ratings,1.6842252318864863
ESS,4,2009,2009,gvslvue,"Standard of living for the unemployed, governments' responsibility?",numeric,ESS2e03_6-ESS3e03_7-ESS4e04_6-ESS5e03_6-ESS6e02_7-ESS11e04_2-subset.sav,3aef7081ad1e48f989b7c93ef68f05e922159010a21d894d10d83899b764a852,gvslvue,original microdata,ESS integrated round,18-34,Mean,7.82184389869007,0.1465910511306636,7.534342009655062,8.10934578772508,453,464,1845,1844,265.25484973800263,573.4291407391429,True,Approximate weighted respondent linearization; PSU/stratum unavailable in supplied file,valid 0–10 ratings,1.6842252318864863
ESS,4,2009,2009,gvslvue,"Standard of living for the unemployed, governments' responsibility?",numeric,ESS2e03_6-ESS3e03_7-ESS4e04_6-ESS5e03_6-ESS6e02_7-ESS11e04_2-subset.sav,3aef7081ad1e48f989b7c93ef68f05e922159010a21d894d10d83899b764a852,gvslvue,original microdata,ESS integrated round,35-54,Mean,7.998325580136619,0.13145797998278297,7.740503446505226,8.256147713768012,568,576,1845,1844,333.00023201737577,622.1505177244544,True,Approximate weighted respondent linearization; PSU/stratum unavailable in supplied file,valid 0–10 ratings,1.6842252318864863
ESS,4,2009,2009,gvslvue,"Standard of living for the unemployed, governments' responsibility?",numeric,ESS2e03_6-ESS3e03_7-ESS4e04_6-ESS5e03_6-ESS6e02_7-ESS11e04_2-subset.sav,3aef7081ad1e48f989b7c93ef68f05e922159010a21d894d10d83899b764a852,gvslvue,original microdata,ESS integrated round,55+,Mean,8.162419689103501,0.13997383695271112,7.88789581995195,8.436943558255052,748,758,1845,1844,384.18775229419225,571.2557013742626,True,Approximate weighted respondent linearization; PSU/stratum unavailable in supplied file,valid 0–10 ratings,1.6842252318864863
ESS,4,2009,2009,imrccon,Immigrants receive more or less than they contribute?,numeric,ESS2e03_6-ESS3e03_7-ESS4e04_6-ESS5e03_6-ESS6e02_7-ESS11e04_2-subset.sav,3aef7081ad1e48f989b7c93ef68f05e922159010a21d894d10d83899b764a852,imrccon,original microdata,ESS integrated round,All,Mean,4.372357070450171,0.07999668886444865,4.215463460726515,4.529250680173827,1300,1798,1845,1844,715.2419971694693,1331.2579437419772,True,Approximate weighted respondent linearization; PSU/stratum unavailable in supplied file,valid 0–10 ratings,25.921985075502914
ESS,4,2009,2009,imrccon,Immigrants receive more or less than they contribute?,numeric,ESS2e03_6-ESS3e03_7-ESS4e04_6-ESS5e03_6-ESS6e02_7-ESS11e04_2-subset.sav,3aef7081ad1e48f989b7c93ef68f05e922159010a21d894d10d83899b764a852,imrccon,original microdata,ESS integrated round,18-34,Mean,4.515093977847839,0.14185067652760175,4.236889154647355,4.793298801048324,353,464,1845,1844,211.41862143739158,456.7697242796421,True,Approximate weighted respondent linearization; PSU/stratum unavailable in supplied file,valid 0–10 ratings,25.921985075502914
ESS,4,2009,2009,imrccon,Immigrants receive more or less than they contribute?,numeric,ESS2e03_6-ESS3e03_7-ESS4e04_6-ESS5e03_6-ESS6e02_7-ESS11e04_2-subset.sav,3aef7081ad1e48f989b7c93ef68f05e922159010a21d894d10d83899b764a852,imrccon,original microdata,ESS integrated round,35-54,Mean,4.223351554642363,0.13529432831046434,3.9580053778807955,4.488697731403931,442,576,1845,1844,260.96604477198133,481.2102797999978,True,Approximate weighted respondent linearization; PSU/stratum unavailable in supplied file,valid 0–10 ratings,25.921985075502914
ESS,4,2009,2009,imrccon,Immigrants receive more or less than they contribute?,numeric,ESS2e03_6-ESS3e03_7-ESS4e04_6-ESS5e03_6-ESS6e02_7-ESS11e04_2-subset.sav,3aef7081ad1e48f989b7c93ef68f05e922159010a21d894d10d83899b764a852,imrccon,original microdata,ESS integrated round,55+,Mean,4.388897759517658,0.1369191412860374,4.120364916201735,4.65743060283358,505,758,1845,1844,256.2215425123314,393.2779396623373,True,Approximate weighted respondent linearization; PSU/stratum unavailable in supplied file,valid 0–10 ratings,25.921985075502914
ESS,4,2009,2009,earnpen,Higher or lower earners should get larger old age pensions?,nominal,ESS2e03_6-ESS3e03_7-ESS4e04_6-ESS5e03_6-ESS6e02_7-ESS11e04_2-subset.sav,3aef7081ad1e48f989b7c93ef68f05e922159010a21d894d10d83899b764a852,earnpen,original microdata,ESS integrated round,All,Higher earners should get larger pension,57.20687065680862,1.585599141190081,54.09711228596439,60.316629027652844,1798,1798,1845,1844,975.6709010464692,1797.102615531534,True,Approximate weighted respondent linearization; PSU/stratum unavailable in supplied file,all eligible adults,
ESS,4,2009,2009,earnpen,Higher or lower earners should get larger old age pensions?,nominal,ESS2e03_6-ESS3e03_7-ESS4e04_6-ESS5e03_6-ESS6e02_7-ESS11e04_2-subset.sav,3aef7081ad1e48f989b7c93ef68f05e922159010a21d894d10d83899b764a852,earnpen,original microdata,ESS integrated round,All,High and low earners same pension,18.977970418532347,1.2688573450168161,16.489422305979986,21.46651853108471,1798,1798,1845,1844,975.6709010464692,1797.102615531534,True,Approximate weighted respondent linearization; PSU/stratum unavailable in supplied file,all eligible adults,
ESS,4,2009,2009,earnpen,Higher or lower earners should get larger old age pensions?,nominal,ESS2e03_6-ESS3e03_7-ESS4e04_6-ESS5e03_6-ESS6e02_7-ESS11e04_2-subset.sav,3aef7081ad1e48f989b7c93ef68f05e922159010a21d894d10d83899b764a852,earnpen,original microdata,ESS integrated round,All,Lower earners should get larger pension,3.6340740191217917,0.5958441143888906,2.4654739774691534,4.8026740607744305,1798,1798,1845,1844,975.6709010464692,1797.102615531534,True,Approximate weighted respondent linearization; PSU/stratum unavailable in supplied file,all eligible adults,
ESS,4,2009,2009,earnpen,Higher or lower earners should get larger old age pensions?,nominal,ESS2e03_6-ESS3e03_7-ESS4e04_6-ESS5e03_6-ESS6e02_7-ESS11e04_2-subset.sav,3aef7081ad1e48f989b7c93ef68f05e922159010a21d894d10d83899b764a852,earnpen,original microdata,ESS integrated round,All,None of these,11.107274797755496,0.9914043637743009,9.162881704287598,13.051667891223394,1798,1798,1845,1844,975.6709010464692,1797.102615531534,True,Approximate weighted respondent linearization; PSU/stratum unavailable in supplied file,all eligible adults,
ESS,4,2009,2009,earnpen,Higher or lower earners should get larger old age pensions?,nominal,ESS2e03_6-ESS3e03_7-ESS4e04_6-ESS5e03_6-ESS6e02_7-ESS11e04_2-subset.sav,3aef7081ad1e48f989b7c93ef68f05e922159010a21d894d10d83899b764a852,earnpen,original microdata,ESS integrated round,All,Don't know,9.037516023090664,0.9256560078313752,7.222071977936009,10.852960068245318,1798,1798,1845,1844,975.6709010464692,1797.102615531534,True,Approximate weighted respondent linearization; PSU/stratum unavailable in supplied file,all eligible adults,
ESS,4,2009,2009,earnpen,Higher or lower earners should get larger old age pensions?,nominal,ESS2e03_6-ESS3e03_7-ESS4e04_6-ESS5e03_6-ESS6e02_7-ESS11e04_2-subset.sav,3aef7081ad1e48f989b7c93ef68f05e922159010a21d894d10d83899b764a852,earnpen,original microdata,ESS integrated round,All,Refused / no answer,0.036294084691085284,0.036309352498888656,0.0,0.10750584934214638,1798,1798,1845,1844,975.6709010464692,1797.102615531534,True,Approximate weighted respondent linearization; PSU/stratum unavailable in supplied file,all eligible adults,
ESS,4,2009,2009,earnpen,Higher or lower earners should get larger old age pensions?,nominal,ESS2e03_6-ESS3e03_7-ESS4e04_6-ESS5e03_6-ESS6e02_7-ESS11e04_2-subset.sav,3aef7081ad1e48f989b7c93ef68f05e922159010a21d894d10d83899b764a852,earnpen,original microdata,ESS integrated round,18-34,Higher earners should get larger pension,55.83966171816141,3.008068067481967,49.94008432188439,61.739239114438426,464,464,1845,1844,273.13947198579035,590.2358148023486,True,Approximate weighted respondent linearization; PSU/stratum unavailable in supplied file,all eligible adults,
ESS,4,2009,2009,earnpen,Higher or lower earners should get larger old age pensions?,nominal,ESS2e03_6-ESS3e03_7-ESS4e04_6-ESS5e03_6-ESS6e02_7-ESS11e04_2-subset.sav,3aef7081ad1e48f989b7c93ef68f05e922159010a21d894d10d83899b764a852,earnpen,original microdata,ESS integrated round,18-34,High and low earners same pension,20.94175455090554,2.500764807547991,16.03712633071862,25.846382771092458,464,464,1845,1844,273.13947198579035,590.2358148023486,True,Approximate weighted respondent linearization; PSU/stratum unavailable in supplied file,all eligible adults,
ESS,4,2009,2009,earnpen,Higher or lower earners should get larger old age pensions?,nominal,ESS2e03_6-ESS3e03_7-ESS4e04_6-ESS5e03_6-ESS6e02_7-ESS11e04_2-subset.sav,3aef7081ad1e48f989b7c93ef68f05e922159010a21d894d10d83899b764a852,earnpen,original microdata,ESS integrated round,18-34,Lower earners should get larger pension,4.3236992702583485,1.2356921465760875,1.9001964461351646,6.7472020943815325,464,464,1845,1844,273.13947198579035,590.2358148023486,True,Approximate weighted respondent linearization; PSU/stratum unavailable in supplied file,all eligible adults,
ESS,4,2009,2009,earnpen,Higher or lower earners should get larger old age pensions?,nominal,ESS2e03_6-ESS3e03_7-ESS4e04_6-ESS5e03_6-ESS6e02_7-ESS11e04_2-subset.sav,3aef7081ad1e48f989b7c93ef68f05e922159010a21d894d10d83899b764a852,earnpen,original microdata,ESS integrated round,18-34,None of these,9.540927700700951,1.7030568770341654,6.200805193188868,12.881050208213034,464,464,1845,1844,273.13947198579035,590.2358148023486,True,Approximate weighted respondent linearization; PSU/stratum unavailable in supplied file,all eligible adults,
ESS,4,2009,2009,earnpen,Higher or lower earners should get larger old age pensions?,nominal,ESS2e03_6-ESS3e03_7-ESS4e04_6-ESS5e03_6-ESS6e02_7-ESS11e04_2-subset.sav,3aef7081ad1e48f989b7c93ef68f05e922159010a21d894d10d83899b764a852,earnpen,original microdata,ESS integrated round,18-34,Don't know,9.243451445164085,1.786710814336486,5.739262544689202,12.747640345638969,464,464,1845,1844,273.13947198579035,590.2358148023486,True,Approximate weighted respondent linearization; PSU/stratum unavailable in supplied file,all eligible adults,
ESS,4,2009,2009,earnpen,Higher or lower earners should get larger old age pensions?,nominal,ESS2e03_6-ESS3e03_7-ESS4e04_6-ESS5e03_6-ESS6e02_7-ESS11e04_2-subset.sav,3aef7081ad1e48f989b7c93ef68f05e922159010a21d894d10d83899b764a852,earnpen,original microdata,ESS integrated round,18-34,Refused / no answer,0.1105053148096645,0.11061543998906274,0.0,0.32744998986317336,464,464,1845,1844,273.13947198579035,590.2358148023486,True,Approximate weighted respondent linearization; PSU/stratum unavailable in supplied file,all eligible adults,
ESS,4,2009,2009,earnpen,Higher or lower earners should get larger old age pensions?,nominal,ESS2e03_6-ESS3e03_7-ESS4e04_6-ESS5e03_6-ESS6e02_7-ESS11e04_2-subset.sav,3aef7081ad1e48f989b7c93ef68f05e922159010a21d894d10d83899b764a852,earnpen,original microdata,ESS integrated round,35-54,Higher earners should get larger pension,56.085172871395045,2.70085795499377,50.78811170642799,61.3822340363621,576,576,1845,1844,338.39294001146175,633.0754457637668,True,Approximate weighted respondent linearization; PSU/stratum unavailable in supplied file,all eligible adults,
ESS,4,2009,2009,earnpen,Higher or lower earners should get larger old age pensions?,nominal,ESS2e03_6-ESS3e03_7-ESS4e04_6-ESS5e03_6-ESS6e02_7-ESS11e04_2-subset.sav,3aef7081ad1e48f989b7c93ef68f05e922159010a21d894d10d83899b764a852,earnpen,original microdata,ESS integrated round,35-54,High and low earners same pension,19.326827092192126,2.121322652073988,15.166380291245144,23.487273893139108,576,576,1845,1844,338.39294001146175,633.0754457637668,True,Approximate weighted respondent linearization; PSU/stratum unavailable in supplied file,all eligible adults,
ESS,4,2009,2009,earnpen,Higher or lower earners should get larger old age pensions?,nominal,ESS2e03_6-ESS3e03_7-ESS4e04_6-ESS5e03_6-ESS6e02_7-ESS11e04_2-subset.sav,3aef7081ad1e48f989b7c93ef68f05e922159010a21d894d10d83899b764a852,earnpen,original microdata,ESS integrated round,35-54,Lower earners should get larger pension,3.3535817281777187,0.8896100558400425,1.6088328530872733,5.098330603268164,576,576,1845,1844,338.39294001146175,633.0754457637668,True,Approximate weighted respondent linearization; PSU/stratum unavailable in supplied file,all eligible adults,
ESS,4,2009,2009,earnpen,Higher or lower earners should get larger old age pensions?,nominal,ESS2e03_6-ESS3e03_7-ESS4e04_6-ESS5e03_6-ESS6e02_7-ESS11e04_2-subset.sav,3aef7081ad1e48f989b7c93ef68f05e922159010a21d894d10d83899b764a852,earnpen,original microdata,ESS integrated round,35-54,None of these,12.47808083055585,1.8842785963633601,8.782536991117613,16.173624669994087,576,576,1845,1844,338.39294001146175,633.0754457637668,True,Approximate weighted respondent linearization; PSU/stratum unavailable in supplied file,all eligible adults,
ESS,4,2009,2009,earnpen,Higher or lower earners should get larger old age pensions?,nominal,ESS2e03_6-ESS3e03_7-ESS4e04_6-ESS5e03_6-ESS6e02_7-ESS11e04_2-subset.sav,3aef7081ad1e48f989b7c93ef68f05e922159010a21d894d10d83899b764a852,earnpen,original microdata,ESS integrated round,35-54,Don't know,8.756337477679258,1.5451780783559068,5.725854968710595,11.78681998664792,576,576,1845,1844,338.39294001146175,633.0754457637668,True,Approximate weighted respondent linearization; PSU/stratum unavailable in supplied file,all eligible adults,
ESS,4,2009,2009,earnpen,Higher or lower earners should get larger old age pensions?,nominal,ESS2e03_6-ESS3e03_7-ESS4e04_6-ESS5e03_6-ESS6e02_7-ESS11e04_2-subset.sav,3aef7081ad1e48f989b7c93ef68f05e922159010a21d894d10d83899b764a852,earnpen,original microdata,ESS integrated round,35-54,Refused / no answer,0.0,0.0,0.0,0.0,576,576,1845,1844,338.39294001146175,633.0754457637668,True,Approximate weighted respondent linearization; PSU/stratum unavailable in supplied file,all eligible adults,
ESS,4,2009,2009,earnpen,Higher or lower earners should get larger old age pensions?,nominal,ESS2e03_6-ESS3e03_7-ESS4e04_6-ESS5e03_6-ESS6e02_7-ESS11e04_2-subset.sav,3aef7081ad1e48f989b7c93ef68f05e922159010a21d894d10d83899b764a852,earnpen,original microdata,ESS integrated round,55+,Higher earners should get larger pension,59.85085438764027,2.481307865034773,54.98438612117665,64.71732265410388,758,758,1845,1844,387.21215521281584,573.7913549654186,True,Approximate weighted respondent linearization; PSU/stratum unavailable in supplied file,all eligible adults,
ESS,4,2009,2009,earnpen,Higher or lower earners should get larger old age pensions?,nominal,ESS2e03_6-ESS3e03_7-ESS4e04_6-ESS5e03_6-ESS6e02_7-ESS11e04_2-subset.sav,3aef7081ad1e48f989b7c93ef68f05e922159010a21d894d10d83899b764a852,earnpen,original microdata,ESS integrated round,55+,High and low earners same pension,16.573005077541435,1.913550302544856,12.820052066414016,20.325958088668855,758,758,1845,1844,387.21215521281584,573.7913549654186,True,Approximate weighted respondent linearization; PSU/stratum unavailable in supplied file,all eligible adults,
ESS,4,2009,2009,earnpen,Higher or lower earners should get larger old age pensions?,nominal,ESS2e03_6-ESS3e03_7-ESS4e04_6-ESS5e03_6-ESS6e02_7-ESS11e04_2-subset.sav,3aef7081ad1e48f989b7c93ef68f05e922159010a21d894d10d83899b764a852,earnpen,original microdata,ESS integrated round,55+,Lower earners should get larger pension,3.2341573283170466,0.9488579176032448,1.3732085075489993,5.095106149085094,758,758,1845,1844,387.21215521281584,573.7913549654186,True,Approximate weighted respondent linearization; PSU/stratum unavailable in supplied file,all eligible adults,
ESS,4,2009,2009,earnpen,Higher or lower earners should get larger old age pensions?,nominal,ESS2e03_6-ESS3e03_7-ESS4e04_6-ESS5e03_6-ESS6e02_7-ESS11e04_2-subset.sav,3aef7081ad1e48f989b7c93ef68f05e922159010a21d894d10d83899b764a852,earnpen,original microdata,ESS integrated round,55+,None of these,11.206074673933403,1.4865731032477214,8.290531248356908,14.121618099509897,758,758,1845,1844,387.21215521281584,573.7913549654186,True,Approximate weighted respondent linearization; PSU/stratum unavailable in supplied file,all eligible adults,
ESS,4,2009,2009,earnpen,Higher or lower earners should get larger old age pensions?,nominal,ESS2e03_6-ESS3e03_7-ESS4e04_6-ESS5e03_6-ESS6e02_7-ESS11e04_2-subset.sav,3aef7081ad1e48f989b7c93ef68f05e922159010a21d894d10d83899b764a852,earnpen,original microdata,ESS integrated round,55+,Don't know,9.13590853256785,1.4559449467702297,6.28043461858173,11.99138244655397,758,758,1845,1844,387.21215521281584,573.7913549654186,True,Approximate weighted respondent linearization; PSU/stratum unavailable in supplied file,all eligible adults,
ESS,4,2009,2009,earnpen,Higher or lower earners should get larger old age pensions?,nominal,ESS2e03_6-ESS3e03_7-ESS4e04_6-ESS5e03_6-ESS6e02_7-ESS11e04_2-subset.sav,3aef7081ad1e48f989b7c93ef68f05e922159010a21d894d10d83899b764a852,earnpen,original microdata,ESS integrated round,55+,Refused / no answer,0.0,0.0,0.0,0.0,758,758,1845,1844,387.21215521281584,573.7913549654186,True,Approximate weighted respondent linearization; PSU/stratum unavailable in supplied file,all eligible adults,
ESS,4,2009,2009,earnueb,Higher or lower earners should get larger unemployment benefits?,nominal,ESS2e03_6-ESS3e03_7-ESS4e04_6-ESS5e03_6-ESS6e02_7-ESS11e04_2-subset.sav,3aef7081ad1e48f989b7c93ef68f05e922159010a21d894d10d83899b764a852,earnueb,original microdata,ESS integrated round,All,Higher earners should get more in benefit,35.443886008604316,1.5485215567799113,32.4068460982429,38.48092591896573,1798,1798,1845,1844,975.6709010464692,1797.102615531534,True,Approximate weighted respondent linearization; PSU/stratum unavailable in supplied file,all eligible adults,
ESS,4,2009,2009,earnueb,Higher or lower earners should get larger unemployment benefits?,nominal,ESS2e03_6-ESS3e03_7-ESS4e04_6-ESS5e03_6-ESS6e02_7-ESS11e04_2-subset.sav,3aef7081ad1e48f989b7c93ef68f05e922159010a21d894d10d83899b764a852,earnueb,original microdata,ESS integrated round,All,High and low earners same amount benefit,45.768765229409155,1.5904676371397362,42.64945851457333,48.88807194424498,1798,1798,1845,1844,975.6709010464692,1797.102615531534,True,Approximate weighted respondent linearization; PSU/stratum unavailable in supplied file,all eligible adults,
ESS,4,2009,2009,earnueb,Higher or lower earners should get larger unemployment benefits?,nominal,ESS2e03_6-ESS3e03_7-ESS4e04_6-ESS5e03_6-ESS6e02_7-ESS11e04_2-subset.sav,3aef7081ad1e48f989b7c93ef68f05e922159010a21d894d10d83899b764a852,earnueb,original microdata,ESS integrated round,All,Lower earners should get more in benefit,2.4345537931419647,0.38960356930561224,1.670443287854,3.1986642984299296,1798,1798,1845,1844,975.6709010464692,1797.102615531534,True,Approximate weighted respondent linearization; PSU/stratum unavailable in supplied file,all eligible adults,
ESS,4,2009,2009,earnueb,Higher or lower earners should get larger unemployment benefits?,nominal,ESS2e03_6-ESS3e03_7-ESS4e04_6-ESS5e03_6-ESS6e02_7-ESS11e04_2-subset.sav,3aef7081ad1e48f989b7c93ef68f05e922159010a21d894d10d83899b764a852,earnueb,original microdata,ESS integrated round,All,None of these,6.0403343783094545,0.7695754298781302,4.531003568970512,7.549665187648397,1798,1798,1845,1844,975.6709010464692,1797.102615531534,True,Approximate weighted respondent linearization; PSU/stratum unavailable in supplied file,all eligible adults,
ESS,4,2009,2009,earnueb,Higher or lower earners should get larger unemployment benefits?,nominal,ESS2e03_6-ESS3e03_7-ESS4e04_6-ESS5e03_6-ESS6e02_7-ESS11e04_2-subset.sav,3aef7081ad1e48f989b7c93ef68f05e922159010a21d894d10d83899b764a852,earnueb,original microdata,ESS integrated round,All,Don't know,10.253878686328989,1.0103982191769245,8.272233869333679,12.235523503324298,1798,1798,1845,1844,975.6709010464692,1797.102615531534,True,Approximate weighted respondent linearization; PSU/stratum unavailable in supplied file,all eligible adults,
ESS,4,2009,2009,earnueb,Higher or lower earners should get larger unemployment benefits?,nominal,ESS2e03_6-ESS3e03_7-ESS4e04_6-ESS5e03_6-ESS6e02_7-ESS11e04_2-subset.sav,3aef7081ad1e48f989b7c93ef68f05e922159010a21d894d10d83899b764a852,earnueb,original microdata,ESS integrated round,All,Refused / no answer,0.05858190420612052,0.058593488144154236,0.0,0.17349845877519365,1798,1798,1845,1844,975.6709010464692,1797.102615531534,True,Approximate weighted respondent linearization; PSU/stratum unavailable in supplied file,all eligible adults,
ESS,4,2009,2009,earnueb,Higher or lower earners should get larger unemployment benefits?,nominal,ESS2e03_6-ESS3e03_7-ESS4e04_6-ESS5e03_6-ESS6e02_7-ESS11e04_2-subset.sav,3aef7081ad1e48f989b7c93ef68f05e922159010a21d894d10d83899b764a852,earnueb,original microdata,ESS integrated round,18-34,Higher earners should get more in benefit,33.37845906842609,2.850283849762214,27.78833617366503,38.96858196318715,464,464,1845,1844,273.13947198579035,590.2358148023486,True,Approximate weighted respondent linearization; PSU/stratum unavailable in supplied file,all eligible adults,
ESS,4,2009,2009,earnueb,Higher or lower earners should get larger unemployment benefits?,nominal,ESS2e03_6-ESS3e03_7-ESS4e04_6-ESS5e03_6-ESS6e02_7-ESS11e04_2-subset.sav,3aef7081ad1e48f989b7c93ef68f05e922159010a21d894d10d83899b764a852,earnueb,original microdata,ESS integrated round,18-34,High and low earners same amount benefit,46.35511692701903,3.0177253368073558,40.43659919876026,52.2736346552778,464,464,1845,1844,273.13947198579035,590.2358148023486,True,Approximate weighted respondent linearization; PSU/stratum unavailable in supplied file,all eligible adults,
ESS,4,2009,2009,earnueb,Higher or lower earners should get larger unemployment benefits?,nominal,ESS2e03_6-ESS3e03_7-ESS4e04_6-ESS5e03_6-ESS6e02_7-ESS11e04_2-subset.sav,3aef7081ad1e48f989b7c93ef68f05e922159010a21d894d10d83899b764a852,earnueb,original microdata,ESS integrated round,18-34,Lower earners should get more in benefit,2.3245273844071566,0.6965815139798988,0.9583559872351837,3.6906987815791297,464,464,1845,1844,273.13947198579035,590.2358148023486,True,Approximate weighted respondent linearization; PSU/stratum unavailable in supplied file,all eligible adults,
ESS,4,2009,2009,earnueb,Higher or lower earners should get larger unemployment benefits?,nominal,ESS2e03_6-ESS3e03_7-ESS4e04_6-ESS5e03_6-ESS6e02_7-ESS11e04_2-subset.sav,3aef7081ad1e48f989b7c93ef68f05e922159010a21d894d10d83899b764a852,earnueb,original microdata,ESS integrated round,18-34,None of these,8.460187072479087,1.6798174684964446,5.165642885083527,11.754731259874646,464,464,1845,1844,273.13947198579035,590.2358148023486,True,Approximate weighted respondent linearization; PSU/stratum unavailable in supplied file,all eligible adults,
ESS,4,2009,2009,earnueb,Higher or lower earners should get larger unemployment benefits?,nominal,ESS2e03_6-ESS3e03_7-ESS4e04_6-ESS5e03_6-ESS6e02_7-ESS11e04_2-subset.sav,3aef7081ad1e48f989b7c93ef68f05e922159010a21d894d10d83899b764a852,earnueb,original microdata,ESS integrated round,18-34,Don't know,9.481709547668636,1.8797088538078353,5.795128121740524,13.168290973596747,464,464,1845,1844,273.13947198579035,590.2358148023486,True,Approximate weighted respondent linearization; PSU/stratum unavailable in supplied file,all eligible adults,
ESS,4,2009,2009,earnueb,Higher or lower earners should get larger unemployment benefits?,nominal,ESS2e03_6-ESS3e03_7-ESS4e04_6-ESS5e03_6-ESS6e02_7-ESS11e04_2-subset.sav,3aef7081ad1e48f989b7c93ef68f05e922159010a21d894d10d83899b764a852,earnueb,original microdata,ESS integrated round,18-34,Refused / no answer,0.0,0.0,0.0,0.0,464,464,1845,1844,273.13947198579035,590.2358148023486,True,Approximate weighted respondent linearization; PSU/stratum unavailable in supplied file,all eligible adults,
ESS,4,2009,2009,earnueb,Higher or lower earners should get larger unemployment benefits?,nominal,ESS2e03_6-ESS3e03_7-ESS4e04_6-ESS5e03_6-ESS6e02_7-ESS11e04_2-subset.sav,3aef7081ad1e48f989b7c93ef68f05e922159010a21d894d10d83899b764a852,earnueb,original microdata,ESS integrated round,35-54,Higher earners should get more in benefit,37.43277084489162,2.674838615883485,32.186740142479756,42.678801547303486,576,576,1845,1844,338.39294001146175,633.0754457637668,True,Approximate weighted respondent linearization; PSU/stratum unavailable in supplied file,all eligible adults,
ESS,4,2009,2009,earnueb,Higher or lower earners should get larger unemployment benefits?,nominal,ESS2e03_6-ESS3e03_7-ESS4e04_6-ESS5e03_6-ESS6e02_7-ESS11e04_2-subset.sav,3aef7081ad1e48f989b7c93ef68f05e922159010a21d894d10d83899b764a852,earnueb,original microdata,ESS integrated round,35-54,High and low earners same amount benefit,45.17774870084682,2.6865832933631437,39.90868373450503,50.44681366718861,576,576,1845,1844,338.39294001146175,633.0754457637668,True,Approximate weighted respondent linearization; PSU/stratum unavailable in supplied file,all eligible adults,
ESS,4,2009,2009,earnueb,Higher or lower earners should get larger unemployment benefits?,nominal,ESS2e03_6-ESS3e03_7-ESS4e04_6-ESS5e03_6-ESS6e02_7-ESS11e04_2-subset.sav,3aef7081ad1e48f989b7c93ef68f05e922159010a21d894d10d83899b764a852,earnueb,original microdata,ESS integrated round,35-54,Lower earners should get more in benefit,2.302500548066035,0.6717480579663455,0.9850337986886974,3.6199672974433725,576,576,1845,1844,338.39294001146175,633.0754457637668,True,Approximate weighted respondent linearization; PSU/stratum unavailable in supplied file,all eligible adults,
ESS,4,2009,2009,earnueb,Higher or lower earners should get larger unemployment benefits?,nominal,ESS2e03_6-ESS3e03_7-ESS4e04_6-ESS5e03_6-ESS6e02_7-ESS11e04_2-subset.sav,3aef7081ad1e48f989b7c93ef68f05e922159010a21d894d10d83899b764a852,earnueb,original microdata,ESS integrated round,35-54,None of these,4.313941927719398,1.1315573643986374,2.0946735801167486,6.533210275322047,576,576,1845,1844,338.39294001146175,633.0754457637668,True,Approximate weighted respondent linearization; PSU/stratum unavailable in supplied file,all eligible adults,
ESS,4,2009,2009,earnueb,Higher or lower earners should get larger unemployment benefits?,nominal,ESS2e03_6-ESS3e03_7-ESS4e04_6-ESS5e03_6-ESS6e02_7-ESS11e04_2-subset.sav,3aef7081ad1e48f989b7c93ef68f05e922159010a21d894d10d83899b764a852,earnueb,original microdata,ESS integrated round,35-54,Don't know,10.606742327655827,1.7566230141675199,7.161563164260837,14.051921491050816,576,576,1845,1844,338.39294001146175,633.0754457637668,True,Approximate weighted respondent linearization; PSU/stratum unavailable in supplied file,all eligible adults,
ESS,4,2009,2009,earnueb,Higher or lower earners should get larger unemployment benefits?,nominal,ESS2e03_6-ESS3e03_7-ESS4e04_6-ESS5e03_6-ESS6e02_7-ESS11e04_2-subset.sav,3aef7081ad1e48f989b7c93ef68f05e922159010a21d894d10d83899b764a852,earnueb,original microdata,ESS integrated round,35-54,Refused / no answer,0.16629565082029973,0.1663098958988573,0.0,0.4924711497156434,576,576,1845,1844,338.39294001146175,633.0754457637668,True,Approximate weighted respondent linearization; PSU/stratum unavailable in supplied file,all eligible adults,
ESS,4,2009,2009,earnueb,Higher or lower earners should get larger unemployment benefits?,nominal,ESS2e03_6-ESS3e03_7-ESS4e04_6-ESS5e03_6-ESS6e02_7-ESS11e04_2-subset.sav,3aef7081ad1e48f989b7c93ef68f05e922159010a21d894d10d83899b764a852,earnueb,original microdata,ESS integrated round,55+,Higher earners should get more in benefit,35.37413033695084,2.477706599442865,30.514725057297156,40.23353561660453,758,758,1845,1844,387.21215521281584,573.7913549654186,True,Approximate weighted respondent linearization; PSU/stratum unavailable in supplied file,all eligible adults,
ESS,4,2009,2009,earnueb,Higher or lower earners should get larger unemployment benefits?,nominal,ESS2e03_6-ESS3e03_7-ESS4e04_6-ESS5e03_6-ESS6e02_7-ESS11e04_2-subset.sav,3aef7081ad1e48f989b7c93ef68f05e922159010a21d894d10d83899b764a852,earnueb,original microdata,ESS integrated round,55+,High and low earners same amount benefit,45.817689424643056,2.524612756350364,40.866289383956804,50.76908946532931,758,758,1845,1844,387.21215521281584,573.7913549654186,True,Approximate weighted respondent linearization; PSU/stratum unavailable in supplied file,all eligible adults,
ESS,4,2009,2009,earnueb,Higher or lower earners should get larger unemployment benefits?,nominal,ESS2e03_6-ESS3e03_7-ESS4e04_6-ESS5e03_6-ESS6e02_7-ESS11e04_2-subset.sav,3aef7081ad1e48f989b7c93ef68f05e922159010a21d894d10d83899b764a852,earnueb,original microdata,ESS integrated round,55+,Lower earners should get more in benefit,2.6934304609671784,0.6524904470197181,1.413732726019798,3.973128195914559,758,758,1845,1844,387.21215521281584,573.7913549654186,True,Approximate weighted respondent linearization; PSU/stratum unavailable in supplied file,all eligible adults,
ESS,4,2009,2009,earnueb,Higher or lower earners should get larger unemployment benefits?,nominal,ESS2e03_6-ESS3e03_7-ESS4e04_6-ESS5e03_6-ESS6e02_7-ESS11e04_2-subset.sav,3aef7081ad1e48f989b7c93ef68f05e922159010a21d894d10d83899b764a852,earnueb,original microdata,ESS integrated round,55+,None of these,5.455893616833396,1.1104352939223407,3.2780509573298993,7.633736276336892,758,758,1845,1844,387.21215521281584,573.7913549654186,True,Approximate weighted respondent linearization; PSU/stratum unavailable in supplied file,all eligible adults,
ESS,4,2009,2009,earnueb,Higher or lower earners should get larger unemployment benefits?,nominal,ESS2e03_6-ESS3e03_7-ESS4e04_6-ESS5e03_6-ESS6e02_7-ESS11e04_2-subset.sav,3aef7081ad1e48f989b7c93ef68f05e922159010a21d894d10d83899b764a852,earnueb,original microdata,ESS integrated round,55+,Don't know,10.658856160605525,1.5875453559981376,7.5452807734464,13.77243154776465,758,758,1845,1844,387.21215521281584,573.7913549654186,True,Approximate weighted respondent linearization; PSU/stratum unavailable in supplied file,all eligible adults,
ESS,4,2009,2009,earnueb,Higher or lower earners should get larger unemployment benefits?,nominal,ESS2e03_6-ESS3e03_7-ESS4e04_6-ESS5e03_6-ESS6e02_7-ESS11e04_2-subset.sav,3aef7081ad1e48f989b7c93ef68f05e922159010a21d894d10d83899b764a852,earnueb,original microdata,ESS integrated round,55+,Refused / no answer,0.0,0.0,0.0,0.0,758,758,1845,1844,387.21215521281584,573.7913549654186,True,Approximate weighted respondent linearization; PSU/stratum unavailable in supplied file,all eligible adults,
ESS,4,2009,2009,txearn,Taxation for higher versus lower earners?,nominal,ESS2e03_6-ESS3e03_7-ESS4e04_6-ESS5e03_6-ESS6e02_7-ESS11e04_2-subset.sav,3aef7081ad1e48f989b7c93ef68f05e922159010a21d894d10d83899b764a852,txearn,original microdata,ESS integrated round,All,Pay same share of earnings in tax,37.90319033638518,1.5459204636333508,34.87125182332888,40.935128849441476,1798,1798,1845,1844,975.6709010464692,1797.102615531534,True,Approximate weighted respondent linearization; PSU/stratum unavailable in supplied file,all eligible adults,
ESS,4,2009,2009,txearn,Taxation for higher versus lower earners?,nominal,ESS2e03_6-ESS3e03_7-ESS4e04_6-ESS5e03_6-ESS6e02_7-ESS11e04_2-subset.sav,3aef7081ad1e48f989b7c93ef68f05e922159010a21d894d10d83899b764a852,txearn,original microdata,ESS integrated round,All,Higher earner pay higher share of earnings in tax,42.63278384735053,1.5823552693552199,39.529387524346994,45.73618017035407,1798,1798,1845,1844,975.6709010464692,1797.102615531534,True,Approximate weighted respondent linearization; PSU/stratum unavailable in supplied file,all eligible adults,
ESS,4,2009,2009,txearn,Taxation for higher versus lower earners?,nominal,ESS2e03_6-ESS3e03_7-ESS4e04_6-ESS5e03_6-ESS6e02_7-ESS11e04_2-subset.sav,3aef7081ad1e48f989b7c93ef68f05e922159010a21d894d10d83899b764a852,txearn,original microdata,ESS integrated round,All,Pay same amount of money in tax,5.46335319247108,0.726990592280051,4.037541951067999,6.889164433874161,1798,1798,1845,1844,975.6709010464692,1797.102615531534,True,Approximate weighted respondent linearization; PSU/stratum unavailable in supplied file,all eligible adults,
ESS,4,2009,2009,txearn,Taxation for higher versus lower earners?,nominal,ESS2e03_6-ESS3e03_7-ESS4e04_6-ESS5e03_6-ESS6e02_7-ESS11e04_2-subset.sav,3aef7081ad1e48f989b7c93ef68f05e922159010a21d894d10d83899b764a852,txearn,original microdata,ESS integrated round,All,None of these,5.381406062093973,0.7520012598586469,3.9065426164846224,6.856269507703323,1798,1798,1845,1844,975.6709010464692,1797.102615531534,True,Approximate weighted respondent linearization; PSU/stratum unavailable in supplied file,all eligible adults,
ESS,4,2009,2009,txearn,Taxation for higher versus lower earners?,nominal,ESS2e03_6-ESS3e03_7-ESS4e04_6-ESS5e03_6-ESS6e02_7-ESS11e04_2-subset.sav,3aef7081ad1e48f989b7c93ef68f05e922159010a21d894d10d83899b764a852,txearn,original microdata,ESS integrated round,All,Don't know,8.576607465757059,0.9339396796535392,6.744917058504248,10.40829787300987,1798,1798,1845,1844,975.6709010464692,1797.102615531534,True,Approximate weighted respondent linearization; PSU/stratum unavailable in supplied file,all eligible adults,
ESS,4,2009,2009,txearn,Taxation for higher versus lower earners?,nominal,ESS2e03_6-ESS3e03_7-ESS4e04_6-ESS5e03_6-ESS6e02_7-ESS11e04_2-subset.sav,3aef7081ad1e48f989b7c93ef68f05e922159010a21d894d10d83899b764a852,txearn,original microdata,ESS integrated round,All,Refused / no answer,0.04265909594218185,0.042674325642140805,0.0,0.12635417242044972,1798,1798,1845,1844,975.6709010464692,1797.102615531534,True,Approximate weighted respondent linearization; PSU/stratum unavailable in supplied file,all eligible adults,
ESS,4,2009,2009,txearn,Taxation for higher versus lower earners?,nominal,ESS2e03_6-ESS3e03_7-ESS4e04_6-ESS5e03_6-ESS6e02_7-ESS11e04_2-subset.sav,3aef7081ad1e48f989b7c93ef68f05e922159010a21d894d10d83899b764a852,txearn,original microdata,ESS integrated round,18-34,Pay same share of earnings in tax,41.16846090298388,2.9816773694301215,35.32064229746753,47.01627950850023,464,464,1845,1844,273.13947198579035,590.2358148023486,True,Approximate weighted respondent linearization; PSU/stratum unavailable in supplied file,all eligible adults,
ESS,4,2009,2009,txearn,Taxation for higher versus lower earners?,nominal,ESS2e03_6-ESS3e03_7-ESS4e04_6-ESS5e03_6-ESS6e02_7-ESS11e04_2-subset.sav,3aef7081ad1e48f989b7c93ef68f05e922159010a21d894d10d83899b764a852,txearn,original microdata,ESS integrated round,18-34,Higher earner pay higher share of earnings in tax,36.5295469140741,2.9006399093191972,30.84066313223756,42.21843069591065,464,464,1845,1844,273.13947198579035,590.2358148023486,True,Approximate weighted respondent linearization; PSU/stratum unavailable in supplied file,all eligible adults,
ESS,4,2009,2009,txearn,Taxation for higher versus lower earners?,nominal,ESS2e03_6-ESS3e03_7-ESS4e04_6-ESS5e03_6-ESS6e02_7-ESS11e04_2-subset.sav,3aef7081ad1e48f989b7c93ef68f05e922159010a21d894d10d83899b764a852,txearn,original microdata,ESS integrated round,18-34,Pay same amount of money in tax,7.524386863971204,1.4991744613813338,4.584129008421825,10.464644719520582,464,464,1845,1844,273.13947198579035,590.2358148023486,True,Approximate weighted respondent linearization; PSU/stratum unavailable in supplied file,all eligible adults,
ESS,4,2009,2009,txearn,Taxation for higher versus lower earners?,nominal,ESS2e03_6-ESS3e03_7-ESS4e04_6-ESS5e03_6-ESS6e02_7-ESS11e04_2-subset.sav,3aef7081ad1e48f989b7c93ef68f05e922159010a21d894d10d83899b764a852,txearn,original microdata,ESS integrated round,18-34,None of these,5.6628921587440875,1.5033606061618736,2.714424221317975,8.6113600961702,464,464,1845,1844,273.13947198579035,590.2358148023486,True,Approximate weighted respondent linearization; PSU/stratum unavailable in supplied file,all eligible adults,
ESS,4,2009,2009,txearn,Taxation for higher versus lower earners?,nominal,ESS2e03_6-ESS3e03_7-ESS4e04_6-ESS5e03_6-ESS6e02_7-ESS11e04_2-subset.sav,3aef7081ad1e48f989b7c93ef68f05e922159010a21d894d10d83899b764a852,txearn,original microdata,ESS integrated round,18-34,Don't know,9.11471316022672,1.7891953952708501,5.605651372173909,12.623774948279532,464,464,1845,1844,273.13947198579035,590.2358148023486,True,Approximate weighted respondent linearization; PSU/stratum unavailable in supplied file,all eligible adults,
ESS,4,2009,2009,txearn,Taxation for higher versus lower earners?,nominal,ESS2e03_6-ESS3e03_7-ESS4e04_6-ESS5e03_6-ESS6e02_7-ESS11e04_2-subset.sav,3aef7081ad1e48f989b7c93ef68f05e922159010a21d894d10d83899b764a852,txearn,original microdata,ESS integrated round,18-34,Refused / no answer,0.0,0.0,0.0,0.0,464,464,1845,1844,273.13947198579035,590.2358148023486,True,Approximate weighted respondent linearization; PSU/stratum unavailable in supplied file,all eligible adults,
ESS,4,2009,2009,txearn,Taxation for higher versus lower earners?,nominal,ESS2e03_6-ESS3e03_7-ESS4e04_6-ESS5e03_6-ESS6e02_7-ESS11e04_2-subset.sav,3aef7081ad1e48f989b7c93ef68f05e922159010a21d894d10d83899b764a852,txearn,original microdata,ESS integrated round,35-54,Pay same share of earnings in tax,37.78293556496362,2.620583358679204,32.64331305606698,42.922558073860266,576,576,1845,1844,338.39294001146175,633.0754457637668,True,Approximate weighted respondent linearization; PSU/stratum unavailable in supplied file,all eligible adults,
ESS,4,2009,2009,txearn,Taxation for higher versus lower earners?,nominal,ESS2e03_6-ESS3e03_7-ESS4e04_6-ESS5e03_6-ESS6e02_7-ESS11e04_2-subset.sav,3aef7081ad1e48f989b7c93ef68f05e922159010a21d894d10d83899b764a852,txearn,original microdata,ESS integrated round,35-54,Higher earner pay higher share of earnings in tax,43.395159042438365,2.6920515869265884,38.115369378257505,48.674948706619226,576,576,1845,1844,338.39294001146175,633.0754457637668,True,Approximate weighted respondent linearization; PSU/stratum unavailable in supplied file,all eligible adults,
ESS,4,2009,2009,txearn,Taxation for higher versus lower earners?,nominal,ESS2e03_6-ESS3e03_7-ESS4e04_6-ESS5e03_6-ESS6e02_7-ESS11e04_2-subset.sav,3aef7081ad1e48f989b7c93ef68f05e922159010a21d894d10d83899b764a852,txearn,original microdata,ESS integrated round,35-54,Pay same amount of money in tax,4.682061517556714,1.1451579203530406,2.4361190619600377,6.92800397315339,576,576,1845,1844,338.39294001146175,633.0754457637668,True,Approximate weighted respondent linearization; PSU/stratum unavailable in supplied file,all eligible adults,
ESS,4,2009,2009,txearn,Taxation for higher versus lower earners?,nominal,ESS2e03_6-ESS3e03_7-ESS4e04_6-ESS5e03_6-ESS6e02_7-ESS11e04_2-subset.sav,3aef7081ad1e48f989b7c93ef68f05e922159010a21d894d10d83899b764a852,txearn,original microdata,ESS integrated round,35-54,None of these,5.24581353208759,1.2157310394040737,2.861459455278244,7.630167608896937,576,576,1845,1844,338.39294001146175,633.0754457637668,True,Approximate weighted respondent linearization; PSU/stratum unavailable in supplied file,all eligible adults,
ESS,4,2009,2009,txearn,Taxation for higher versus lower earners?,nominal,ESS2e03_6-ESS3e03_7-ESS4e04_6-ESS5e03_6-ESS6e02_7-ESS11e04_2-subset.sav,3aef7081ad1e48f989b7c93ef68f05e922159010a21d894d10d83899b764a852,txearn,original microdata,ESS integrated round,35-54,Don't know,8.894030342953705,1.6652842944834925,5.627989361928321,12.16007132397909,576,576,1845,1844,338.39294001146175,633.0754457637668,True,Approximate weighted respondent linearization; PSU/stratum unavailable in supplied file,all eligible adults,
ESS,4,2009,2009,txearn,Taxation for higher versus lower earners?,nominal,ESS2e03_6-ESS3e03_7-ESS4e04_6-ESS5e03_6-ESS6e02_7-ESS11e04_2-subset.sav,3aef7081ad1e48f989b7c93ef68f05e922159010a21d894d10d83899b764a852,txearn,original microdata,ESS integrated round,35-54,Refused / no answer,0.0,0.0,0.0,0.0,576,576,1845,1844,338.39294001146175,633.0754457637668,True,Approximate weighted respondent linearization; PSU/stratum unavailable in supplied file,all eligible adults,
ESS,4,2009,2009,txearn,Taxation for higher versus lower earners?,nominal,ESS2e03_6-ESS3e03_7-ESS4e04_6-ESS5e03_6-ESS6e02_7-ESS11e04_2-subset.sav,3aef7081ad1e48f989b7c93ef68f05e922159010a21d894d10d83899b764a852,txearn,original microdata,ESS integrated round,55+,Pay same share of earnings in tax,34.67701888157969,2.3519478109648384,30.06425818883165,39.28977957432773,758,758,1845,1844,387.21215521281584,573.7913549654186,True,Approximate weighted respondent linearization; PSU/stratum unavailable in supplied file,all eligible adults,
ESS,4,2009,2009,txearn,Taxation for higher versus lower earners?,nominal,ESS2e03_6-ESS3e03_7-ESS4e04_6-ESS5e03_6-ESS6e02_7-ESS11e04_2-subset.sav,3aef7081ad1e48f989b7c93ef68f05e922159010a21d894d10d83899b764a852,txearn,original microdata,ESS integrated round,55+,Higher earner pay higher share of earnings in tax,48.069791534513655,2.5462854376580646,43.07588591952148,53.06369714950583,758,758,1845,1844,387.21215521281584,573.7913549654186,True,Approximate weighted respondent linearization; PSU/stratum unavailable in supplied file,all eligible adults,
ESS,4,2009,2009,txearn,Taxation for higher versus lower earners?,nominal,ESS2e03_6-ESS3e03_7-ESS4e04_6-ESS5e03_6-ESS6e02_7-ESS11e04_2-subset.sav,3aef7081ad1e48f989b7c93ef68f05e922159010a21d894d10d83899b764a852,txearn,original microdata,ESS integrated round,55+,Pay same amount of money in tax,4.205266421351068,1.098592630048137,2.0506502017208033,6.359882640981333,758,758,1845,1844,387.21215521281584,573.7913549654186,True,Approximate weighted respondent linearization; PSU/stratum unavailable in supplied file,all eligible adults,
ESS,4,2009,2009,txearn,Taxation for higher versus lower earners?,nominal,ESS2e03_6-ESS3e03_7-ESS4e04_6-ESS5e03_6-ESS6e02_7-ESS11e04_2-subset.sav,3aef7081ad1e48f989b7c93ef68f05e922159010a21d894d10d83899b764a852,txearn,original microdata,ESS integrated round,55+,None of these,5.241454712982719,1.1637511614127531,2.959046239257925,7.523863186707514,758,758,1845,1844,387.21215521281584,573.7913549654186,True,Approximate weighted respondent linearization; PSU/stratum unavailable in supplied file,all eligible adults,
ESS,4,2009,2009,txearn,Taxation for higher versus lower earners?,nominal,ESS2e03_6-ESS3e03_7-ESS4e04_6-ESS5e03_6-ESS6e02_7-ESS11e04_2-subset.sav,3aef7081ad1e48f989b7c93ef68f05e922159010a21d894d10d83899b764a852,txearn,original microdata,ESS integrated round,55+,Don't know,7.672861046410569,1.3350798648726148,5.05443393095625,10.291288161864887,758,758,1845,1844,387.21215521281584,573.7913549654186,True,Approximate weighted respondent linearization; PSU/stratum unavailable in supplied file,all eligible adults,
ESS,4,2009,2009,txearn,Taxation for higher versus lower earners?,nominal,ESS2e03_6-ESS3e03_7-ESS4e04_6-ESS5e03_6-ESS6e02_7-ESS11e04_2-subset.sav,3aef7081ad1e48f989b7c93ef68f05e922159010a21d894d10d83899b764a852,txearn,original microdata,ESS integrated round,55+,Refused / no answer,0.13360740316229752,0.13363763952262847,0.0,0.39570439689139364,758,758,1845,1844,387.21215521281584,573.7913549654186,True,Approximate weighted respondent linearization; PSU/stratum unavailable in supplied file,all eligible adults,
ESS,4,2009,2009,imsclbn,When should immigrants obtain rights to social benefits/services?,ordinal,ESS2e03_6-ESS3e03_7-ESS4e04_6-ESS5e03_6-ESS6e02_7-ESS11e04_2-subset.sav,3aef7081ad1e48f989b7c93ef68f05e922159010a21d894d10d83899b764a852,imsclbn,original microdata,ESS integrated round,All,Immediately on arrival,6.79516152277022,0.8332628282299851,5.160923720864845,8.429399324675597,1798,1798,1845,1844,975.6709010464692,1797.102615531534,True,Approximate weighted respondent linearization; PSU/stratum unavailable in supplied file,all eligible adults,
ESS,4,2009,2009,imsclbn,When should immigrants obtain rights to social benefits/services?,ordinal,ESS2e03_6-ESS3e03_7-ESS4e04_6-ESS5e03_6-ESS6e02_7-ESS11e04_2-subset.sav,3aef7081ad1e48f989b7c93ef68f05e922159010a21d894d10d83899b764a852,imsclbn,original microdata,ESS integrated round,All,"After a year, whether or not have worked",5.726648255926957,0.720951270189709,4.312681642801468,7.140614869052446,1798,1798,1845,1844,975.6709010464692,1797.102615531534,True,Approximate weighted respondent linearization; PSU/stratum unavailable in supplied file,all eligible adults,
ESS,4,2009,2009,imsclbn,When should immigrants obtain rights to social benefits/services?,ordinal,ESS2e03_6-ESS3e03_7-ESS4e04_6-ESS5e03_6-ESS6e02_7-ESS11e04_2-subset.sav,3aef7081ad1e48f989b7c93ef68f05e922159010a21d894d10d83899b764a852,imsclbn,original microdata,ESS integrated round,All,After worked and paid taxes at least a year,24.44317305978492,1.3902725643147156,21.716499191011387,27.169846928558457,1798,1798,1845,1844,975.6709010464692,1797.102615531534,True,Approximate weighted respondent linearization; PSU/stratum unavailable in supplied file,all eligible adults,
ESS,4,2009,2009,imsclbn,When should immigrants obtain rights to social benefits/services?,ordinal,ESS2e03_6-ESS3e03_7-ESS4e04_6-ESS5e03_6-ESS6e02_7-ESS11e04_2-subset.sav,3aef7081ad1e48f989b7c93ef68f05e922159010a21d894d10d83899b764a852,imsclbn,original microdata,ESS integrated round,All,Once they have become a citizen,36.772758680715896,1.5413522188834163,33.74977964359657,39.79573771783522,1798,1798,1845,1844,975.6709010464692,1797.102615531534,True,Approximate weighted respondent linearization; PSU/stratum unavailable in supplied file,all eligible adults,
ESS,4,2009,2009,imsclbn,When should immigrants obtain rights to social benefits/services?,ordinal,ESS2e03_6-ESS3e03_7-ESS4e04_6-ESS5e03_6-ESS6e02_7-ESS11e04_2-subset.sav,3aef7081ad1e48f989b7c93ef68f05e922159010a21d894d10d83899b764a852,imsclbn,original microdata,ESS integrated round,All,They should never get the same rights,7.442578108600121,0.7548496830254176,5.9621281893629385,8.923028027837304,1798,1798,1845,1844,975.6709010464692,1797.102615531534,True,Approximate weighted respondent linearization; PSU/stratum unavailable in supplied file,all eligible adults,
ESS,4,2009,2009,imsclbn,When should immigrants obtain rights to social benefits/services?,ordinal,ESS2e03_6-ESS3e03_7-ESS4e04_6-ESS5e03_6-ESS6e02_7-ESS11e04_2-subset.sav,3aef7081ad1e48f989b7c93ef68f05e922159010a21d894d10d83899b764a852,imsclbn,original microdata,ESS integrated round,All,Don't know,18.819680372201887,1.2770919285943827,16.314982171934712,21.32437857246906,1798,1798,1845,1844,975.6709010464692,1797.102615531534,True,Approximate weighted respondent linearization; PSU/stratum unavailable in supplied file,all eligible adults,
ESS,4,2009,2009,imsclbn,When should immigrants obtain rights to social benefits/services?,ordinal,ESS2e03_6-ESS3e03_7-ESS4e04_6-ESS5e03_6-ESS6e02_7-ESS11e04_2-subset.sav,3aef7081ad1e48f989b7c93ef68f05e922159010a21d894d10d83899b764a852,imsclbn,original microdata,ESS integrated round,All,Refused / no answer,0.0,0.0,0.0,0.0,1798,1798,1845,1844,975.6709010464692,1797.102615531534,True,Approximate weighted respondent linearization; PSU/stratum unavailable in supplied file,all eligible adults,
ESS,4,2009,2009,imsclbn,When should immigrants obtain rights to social benefits/services?,ordinal,ESS2e03_6-ESS3e03_7-ESS4e04_6-ESS5e03_6-ESS6e02_7-ESS11e04_2-subset.sav,3aef7081ad1e48f989b7c93ef68f05e922159010a21d894d10d83899b764a852,imsclbn,original microdata,ESS integrated round,18-34,Immediately on arrival,8.546705453934674,1.6797452333815885,5.252302937751754,11.841107970117594,464,464,1845,1844,273.13947198579035,590.2358148023486,True,Approximate weighted respondent linearization; PSU/stratum unavailable in supplied file,all eligible adults,
ESS,4,2009,2009,imsclbn,When should immigrants obtain rights to social benefits/services?,ordinal,ESS2e03_6-ESS3e03_7-ESS4e04_6-ESS5e03_6-ESS6e02_7-ESS11e04_2-subset.sav,3aef7081ad1e48f989b7c93ef68f05e922159010a21d894d10d83899b764a852,imsclbn,original microdata,ESS integrated round,18-34,"After a year, whether or not have worked",4.884923289937475,1.2401120124051501,2.4527519982282024,7.317094581646747,464,464,1845,1844,273.13947198579035,590.2358148023486,True,Approximate weighted respondent linearization; PSU/stratum unavailable in supplied file,all eligible adults,
ESS,4,2009,2009,imsclbn,When should immigrants obtain rights to social benefits/services?,ordinal,ESS2e03_6-ESS3e03_7-ESS4e04_6-ESS5e03_6-ESS6e02_7-ESS11e04_2-subset.sav,3aef7081ad1e48f989b7c93ef68f05e922159010a21d894d10d83899b764a852,imsclbn,original microdata,ESS integrated round,18-34,After worked and paid taxes at least a year,22.51617533025061,2.527679182596074,17.558761257115393,27.47358940338583,464,464,1845,1844,273.13947198579035,590.2358148023486,True,Approximate weighted respondent linearization; PSU/stratum unavailable in supplied file,all eligible adults,
ESS,4,2009,2009,imsclbn,When should immigrants obtain rights to social benefits/services?,ordinal,ESS2e03_6-ESS3e03_7-ESS4e04_6-ESS5e03_6-ESS6e02_7-ESS11e04_2-subset.sav,3aef7081ad1e48f989b7c93ef68f05e922159010a21d894d10d83899b764a852,imsclbn,original microdata,ESS integrated round,18-34,Once they have become a citizen,41.63976858076732,2.9931570189051664,35.76943549783861,47.51010166369603,464,464,1845,1844,273.13947198579035,590.2358148023486,True,Approximate weighted respondent linearization; PSU/stratum unavailable in supplied file,all eligible adults,
ESS,4,2009,2009,imsclbn,When should immigrants obtain rights to social benefits/services?,ordinal,ESS2e03_6-ESS3e03_7-ESS4e04_6-ESS5e03_6-ESS6e02_7-ESS11e04_2-subset.sav,3aef7081ad1e48f989b7c93ef68f05e922159010a21d894d10d83899b764a852,imsclbn,original microdata,ESS integrated round,18-34,They should never get the same rights,4.965887716724999,1.2824600344194572,2.4506613119504883,7.481114121499509,464,464,1845,1844,273.13947198579035,590.2358148023486,True,Approximate weighted respondent linearization; PSU/stratum unavailable in supplied file,all eligible adults,
ESS,4,2009,2009,imsclbn,When should immigrants obtain rights to social benefits/services?,ordinal,ESS2e03_6-ESS3e03_7-ESS4e04_6-ESS5e03_6-ESS6e02_7-ESS11e04_2-subset.sav,3aef7081ad1e48f989b7c93ef68f05e922159010a21d894d10d83899b764a852,imsclbn,original microdata,ESS integrated round,18-34,Don't know,17.446539628384922,2.294974034634499,12.945518828311709,21.947560428458136,464,464,1845,1844,273.13947198579035,590.2358148023486,True,Approximate weighted respondent linearization; PSU/stratum unavailable in supplied file,all eligible adults,
ESS,4,2009,2009,imsclbn,When should immigrants obtain rights to social benefits/services?,ordinal,ESS2e03_6-ESS3e03_7-ESS4e04_6-ESS5e03_6-ESS6e02_7-ESS11e04_2-subset.sav,3aef7081ad1e48f989b7c93ef68f05e922159010a21d894d10d83899b764a852,imsclbn,original microdata,ESS integrated round,18-34,Refused / no answer,0.0,0.0,0.0,0.0,464,464,1845,1844,273.13947198579035,590.2358148023486,True,Approximate weighted respondent linearization; PSU/stratum unavailable in supplied file,all eligible adults,
ESS,4,2009,2009,imsclbn,When should immigrants obtain rights to social benefits/services?,ordinal,ESS2e03_6-ESS3e03_7-ESS4e04_6-ESS5e03_6-ESS6e02_7-ESS11e04_2-subset.sav,3aef7081ad1e48f989b7c93ef68f05e922159010a21d894d10d83899b764a852,imsclbn,original microdata,ESS integrated round,35-54,Immediately on arrival,6.185672179123334,1.3454014013889073,3.547001936798106,8.824342421448563,576,576,1845,1844,338.39294001146175,633.0754457637668,True,Approximate weighted respondent linearization; PSU/stratum unavailable in supplied file,all eligible adults,
ESS,4,2009,2009,imsclbn,When should immigrants obtain rights to social benefits/services?,ordinal,ESS2e03_6-ESS3e03_7-ESS4e04_6-ESS5e03_6-ESS6e02_7-ESS11e04_2-subset.sav,3aef7081ad1e48f989b7c93ef68f05e922159010a21d894d10d83899b764a852,imsclbn,original microdata,ESS integrated round,35-54,"After a year, whether or not have worked",6.252169452972796,1.2774355542448914,3.7467973164531663,8.757541589492424,576,576,1845,1844,338.39294001146175,633.0754457637668,True,Approximate weighted respondent linearization; PSU/stratum unavailable in supplied file,all eligible adults,
ESS,4,2009,2009,imsclbn,When should immigrants obtain rights to social benefits/services?,ordinal,ESS2e03_6-ESS3e03_7-ESS4e04_6-ESS5e03_6-ESS6e02_7-ESS11e04_2-subset.sav,3aef7081ad1e48f989b7c93ef68f05e922159010a21d894d10d83899b764a852,imsclbn,original microdata,ESS integrated round,35-54,After worked and paid taxes at least a year,26.233385735930632,2.422598240980862,21.482061795739625,30.98470967612164,576,576,1845,1844,338.39294001146175,633.0754457637668,True,Approximate weighted respondent linearization; PSU/stratum unavailable in supplied file,all eligible adults,
ESS,4,2009,2009,imsclbn,When should immigrants obtain rights to social benefits/services?,ordinal,ESS2e03_6-ESS3e03_7-ESS4e04_6-ESS5e03_6-ESS6e02_7-ESS11e04_2-subset.sav,3aef7081ad1e48f989b7c93ef68f05e922159010a21d894d10d83899b764a852,imsclbn,original microdata,ESS integrated round,35-54,Once they have become a citizen,35.860400499004975,2.6036955891149485,30.753899150055425,40.966901847954524,576,576,1845,1844,338.39294001146175,633.0754457637668,True,Approximate weighted respondent linearization; PSU/stratum unavailable in supplied file,all eligible adults,
ESS,4,2009,2009,imsclbn,When should immigrants obtain rights to social benefits/services?,ordinal,ESS2e03_6-ESS3e03_7-ESS4e04_6-ESS5e03_6-ESS6e02_7-ESS11e04_2-subset.sav,3aef7081ad1e48f989b7c93ef68f05e922159010a21d894d10d83899b764a852,imsclbn,original microdata,ESS integrated round,35-54,They should never get the same rights,8.510917323907101,1.33940540839406,5.8840067306147645,11.137827917199438,576,576,1845,1844,338.39294001146175,633.0754457637668,True,Approximate weighted respondent linearization; PSU/stratum unavailable in supplied file,all eligible adults,
ESS,4,2009,2009,imsclbn,When should immigrants obtain rights to social benefits/services?,ordinal,ESS2e03_6-ESS3e03_7-ESS4e04_6-ESS5e03_6-ESS6e02_7-ESS11e04_2-subset.sav,3aef7081ad1e48f989b7c93ef68f05e922159010a21d894d10d83899b764a852,imsclbn,original microdata,ESS integrated round,35-54,Don't know,16.95745480906116,2.1022178022524316,12.83447741958959,21.080432198532733,576,576,1845,1844,338.39294001146175,633.0754457637668,True,Approximate weighted respondent linearization; PSU/stratum unavailable in supplied file,all eligible adults,
ESS,4,2009,2009,imsclbn,When should immigrants obtain rights to social benefits/services?,ordinal,ESS2e03_6-ESS3e03_7-ESS4e04_6-ESS5e03_6-ESS6e02_7-ESS11e04_2-subset.sav,3aef7081ad1e48f989b7c93ef68f05e922159010a21d894d10d83899b764a852,imsclbn,original microdata,ESS integrated round,35-54,Refused / no answer,0.0,0.0,0.0,0.0,576,576,1845,1844,338.39294001146175,633.0754457637668,True,Approximate weighted respondent linearization; PSU/stratum unavailable in supplied file,all eligible adults,
ESS,4,2009,2009,imsclbn,When should immigrants obtain rights to social benefits/services?,ordinal,ESS2e03_6-ESS3e03_7-ESS4e04_6-ESS5e03_6-ESS6e02_7-ESS11e04_2-subset.sav,3aef7081ad1e48f989b7c93ef68f05e922159010a21d894d10d83899b764a852,imsclbn,original microdata,ESS integrated round,55+,Immediately on arrival,5.665881313425667,1.270702775210436,3.1737138485141014,8.158048778337234,758,758,1845,1844,387.21215521281584,573.7913549654186,True,Approximate weighted respondent linearization; PSU/stratum unavailable in supplied file,all eligible adults,
ESS,4,2009,2009,imsclbn,When should immigrants obtain rights to social benefits/services?,ordinal,ESS2e03_6-ESS3e03_7-ESS4e04_6-ESS5e03_6-ESS6e02_7-ESS11e04_2-subset.sav,3aef7081ad1e48f989b7c93ef68f05e922159010a21d894d10d83899b764a852,imsclbn,original microdata,ESS integrated round,55+,"After a year, whether or not have worked",6.012678454259363,1.2161393744541649,3.627523529803759,8.397833378714967,758,758,1845,1844,387.21215521281584,573.7913549654186,True,Approximate weighted respondent linearization; PSU/stratum unavailable in supplied file,all eligible adults,
ESS,4,2009,2009,imsclbn,When should immigrants obtain rights to social benefits/services?,ordinal,ESS2e03_6-ESS3e03_7-ESS4e04_6-ESS5e03_6-ESS6e02_7-ESS11e04_2-subset.sav,3aef7081ad1e48f989b7c93ef68f05e922159010a21d894d10d83899b764a852,imsclbn,original microdata,ESS integrated round,55+,After worked and paid taxes at least a year,24.45021984955629,2.239491887009903,20.058013483425384,28.842426215687198,758,758,1845,1844,387.21215521281584,573.7913549654186,True,Approximate weighted respondent linearization; PSU/stratum unavailable in supplied file,all eligible adults,
ESS,4,2009,2009,imsclbn,When should immigrants obtain rights to social benefits/services?,ordinal,ESS2e03_6-ESS3e03_7-ESS4e04_6-ESS5e03_6-ESS6e02_7-ESS11e04_2-subset.sav,3aef7081ad1e48f989b7c93ef68f05e922159010a21d894d10d83899b764a852,imsclbn,original microdata,ESS integrated round,55+,Once they have become a citizen,32.77288665133788,2.3044117759312392,28.25335606891364,37.292417233762116,758,758,1845,1844,387.21215521281584,573.7913549654186,True,Approximate weighted respondent linearization; PSU/stratum unavailable in supplied file,all eligible adults,
ESS,4,2009,2009,imsclbn,When should immigrants obtain rights to social benefits/services?,ordinal,ESS2e03_6-ESS3e03_7-ESS4e04_6-ESS5e03_6-ESS6e02_7-ESS11e04_2-subset.sav,3aef7081ad1e48f989b7c93ef68f05e922159010a21d894d10d83899b764a852,imsclbn,original microdata,ESS integrated round,55+,They should never get the same rights,8.811528755393189,1.2873837391840277,6.2866457282672705,11.336411782519107,758,758,1845,1844,387.21215521281584,573.7913549654186,True,Approximate weighted respondent linearization; PSU/stratum unavailable in supplied file,all eligible adults,
ESS,4,2009,2009,imsclbn,When should immigrants obtain rights to social benefits/services?,ordinal,ESS2e03_6-ESS3e03_7-ESS4e04_6-ESS5e03_6-ESS6e02_7-ESS11e04_2-subset.sav,3aef7081ad1e48f989b7c93ef68f05e922159010a21d894d10d83899b764a852,imsclbn,original microdata,ESS integrated round,55+,Don't know,22.286804976027614,2.2253954384789365,17.92224528784927,26.651364664205957,758,758,1845,1844,387.21215521281584,573.7913549654186,True,Approximate weighted respondent linearization; PSU/stratum unavailable in supplied file,all eligible adults,
ESS,4,2009,2009,imsclbn,When should immigrants obtain rights to social benefits/services?,ordinal,ESS2e03_6-ESS3e03_7-ESS4e04_6-ESS5e03_6-ESS6e02_7-ESS11e04_2-subset.sav,3aef7081ad1e48f989b7c93ef68f05e922159010a21d894d10d83899b764a852,imsclbn,original microdata,ESS integrated round,55+,Refused / no answer,0.0,0.0,0.0,0.0,758,758,1845,1844,387.21215521281584,573.7913549654186,True,Approximate weighted respondent linearization; PSU/stratum unavailable in supplied file,all eligible adults,
ESS,5,2011,2011,gincdif,Should the government take measures to reduce differences in income levels?,ordinal,ESS2e03_6-ESS3e03_7-ESS4e04_6-ESS5e03_6-ESS6e02_7-ESS11e04_2-subset.sav,3aef7081ad1e48f989b7c93ef68f05e922159010a21d894d10d83899b764a852,gincdif,original microdata,ESS integrated round,All,Agree,85.8972544791739,1.0957233237627004,83.74832858193443,88.04618037641336,1886,1886,1931,1930,1024.95822704157,1862.148847103119,True,Approximate weighted respondent linearization; PSU/stratum unavailable in supplied file,all eligible adults,
ESS,5,2011,2011,gincdif,Should the government take measures to reduce differences in income levels?,ordinal,ESS2e03_6-ESS3e03_7-ESS4e04_6-ESS5e03_6-ESS6e02_7-ESS11e04_2-subset.sav,3aef7081ad1e48f989b7c93ef68f05e922159010a21d894d10d83899b764a852,gincdif,original microdata,ESS integrated round,All,Disagree,3.752816947536167,0.6356647470028253,2.506155124088139,4.9994787709841955,1886,1886,1931,1930,1024.95822704157,1862.148847103119,True,Approximate weighted respondent linearization; PSU/stratum unavailable in supplied file,all eligible adults,
ESS,5,2011,2011,gincdif,Should the government take measures to reduce differences in income levels?,ordinal,ESS2e03_6-ESS3e03_7-ESS4e04_6-ESS5e03_6-ESS6e02_7-ESS11e04_2-subset.sav,3aef7081ad1e48f989b7c93ef68f05e922159010a21d894d10d83899b764a852,gincdif,original microdata,ESS integrated round,All,Neither agree nor disagree,7.554130742065751,0.8448951505810305,5.89712752769517,9.211133956436331,1886,1886,1931,1930,1024.95822704157,1862.148847103119,True,Approximate weighted respondent linearization; PSU/stratum unavailable in supplied file,all eligible adults,
ESS,5,2011,2011,gincdif,Should the government take measures to reduce differences in income levels?,ordinal,ESS2e03_6-ESS3e03_7-ESS4e04_6-ESS5e03_6-ESS6e02_7-ESS11e04_2-subset.sav,3aef7081ad1e48f989b7c93ef68f05e922159010a21d894d10d83899b764a852,gincdif,original microdata,ESS integrated round,All,Don't know,2.7582463072140087,0.44722467808061267,1.8811519972090274,3.63534061721899,1886,1886,1931,1930,1024.95822704157,1862.148847103119,True,Approximate weighted respondent linearization; PSU/stratum unavailable in supplied file,all eligible adults,
ESS,5,2011,2011,gincdif,Should the government take measures to reduce differences in income levels?,ordinal,ESS2e03_6-ESS3e03_7-ESS4e04_6-ESS5e03_6-ESS6e02_7-ESS11e04_2-subset.sav,3aef7081ad1e48f989b7c93ef68f05e922159010a21d894d10d83899b764a852,gincdif,original microdata,ESS integrated round,All,Refused / no answer,0.03755152401018158,0.027793125965481724,0.0,0.09205923307980879,1886,1886,1931,1930,1024.95822704157,1862.148847103119,True,Approximate weighted respondent linearization; PSU/stratum unavailable in supplied file,all eligible adults,
ESS,5,2011,2011,gincdif,Should the government take measures to reduce differences in income levels?,ordinal,ESS2e03_6-ESS3e03_7-ESS4e04_6-ESS5e03_6-ESS6e02_7-ESS11e04_2-subset.sav,3aef7081ad1e48f989b7c93ef68f05e922159010a21d894d10d83899b764a852,gincdif,original microdata,ESS integrated round,18-34,Agree,83.35036070345954,2.1101310241501725,79.21198461341405,87.48873679350504,454,454,1931,1930,290.7083698796195,602.294105283916,True,Approximate weighted respondent linearization; PSU/stratum unavailable in supplied file,all eligible adults,
ESS,5,2011,2011,gincdif,Should the government take measures to reduce differences in income levels?,ordinal,ESS2e03_6-ESS3e03_7-ESS4e04_6-ESS5e03_6-ESS6e02_7-ESS11e04_2-subset.sav,3aef7081ad1e48f989b7c93ef68f05e922159010a21d894d10d83899b764a852,gincdif,original microdata,ESS integrated round,18-34,Disagree,4.574735223153081,1.1245869401660036,2.3692021775287073,6.780268268777455,454,454,1931,1930,290.7083698796195,602.294105283916,True,Approximate weighted respondent linearization; PSU/stratum unavailable in supplied file,all eligible adults,
ESS,5,2011,2011,gincdif,Should the government take measures to reduce differences in income levels?,ordinal,ESS2e03_6-ESS3e03_7-ESS4e04_6-ESS5e03_6-ESS6e02_7-ESS11e04_2-subset.sav,3aef7081ad1e48f989b7c93ef68f05e922159010a21d894d10d83899b764a852,gincdif,original microdata,ESS integrated round,18-34,Neither agree nor disagree,9.295818609738086,1.6777848581754407,6.005357182533615,12.586280036942558,454,454,1931,1930,290.7083698796195,602.294105283916,True,Approximate weighted respondent linearization; PSU/stratum unavailable in supplied file,all eligible adults,
ESS,5,2011,2011,gincdif,Should the government take measures to reduce differences in income levels?,ordinal,ESS2e03_6-ESS3e03_7-ESS4e04_6-ESS5e03_6-ESS6e02_7-ESS11e04_2-subset.sav,3aef7081ad1e48f989b7c93ef68f05e922159010a21d894d10d83899b764a852,gincdif,original microdata,ESS integrated round,18-34,Don't know,2.7790854636492957,0.9054352606564035,1.0033513547715611,4.55481957252703,454,454,1931,1930,290.7083698796195,602.294105283916,True,Approximate weighted respondent linearization; PSU/stratum unavailable in supplied file,all eligible adults,
ESS,5,2011,2011,gincdif,Should the government take measures to reduce differences in income levels?,ordinal,ESS2e03_6-ESS3e03_7-ESS4e04_6-ESS5e03_6-ESS6e02_7-ESS11e04_2-subset.sav,3aef7081ad1e48f989b7c93ef68f05e922159010a21d894d10d83899b764a852,gincdif,original microdata,ESS integrated round,18-34,Refused / no answer,0.0,0.0,0.0,0.0,454,454,1931,1930,290.7083698796195,602.294105283916,True,Approximate weighted respondent linearization; PSU/stratum unavailable in supplied file,all eligible adults,
ESS,5,2011,2011,gincdif,Should the government take measures to reduce differences in income levels?,ordinal,ESS2e03_6-ESS3e03_7-ESS4e04_6-ESS5e03_6-ESS6e02_7-ESS11e04_2-subset.sav,3aef7081ad1e48f989b7c93ef68f05e922159010a21d894d10d83899b764a852,gincdif,original microdata,ESS integrated round,35-54,Agree,84.40224879473409,2.011606459874064,80.45709847902013,88.34739911044805,587,587,1931,1930,336.12322106920595,656.9717183224857,True,Approximate weighted respondent linearization; PSU/stratum unavailable in supplied file,all eligible adults,
ESS,5,2011,2011,gincdif,Should the government take measures to reduce differences in income levels?,ordinal,ESS2e03_6-ESS3e03_7-ESS4e04_6-ESS5e03_6-ESS6e02_7-ESS11e04_2-subset.sav,3aef7081ad1e48f989b7c93ef68f05e922159010a21d894d10d83899b764a852,gincdif,original microdata,ESS integrated round,35-54,Disagree,4.501378855967141,1.3327417769329721,1.8876138144880676,7.115143897446213,587,587,1931,1930,336.12322106920595,656.9717183224857,True,Approximate weighted respondent linearization; PSU/stratum unavailable in supplied file,all eligible adults,
ESS,5,2011,2011,gincdif,Should the government take measures to reduce differences in income levels?,ordinal,ESS2e03_6-ESS3e03_7-ESS4e04_6-ESS5e03_6-ESS6e02_7-ESS11e04_2-subset.sav,3aef7081ad1e48f989b7c93ef68f05e922159010a21d894d10d83899b764a852,gincdif,original microdata,ESS integrated round,35-54,Neither agree nor disagree,7.969248050884472,1.4541598724632574,5.117358581258214,10.82113752051073,587,587,1931,1930,336.12322106920595,656.9717183224857,True,Approximate weighted respondent linearization; PSU/stratum unavailable in supplied file,all eligible adults,
ESS,5,2011,2011,gincdif,Should the government take measures to reduce differences in income levels?,ordinal,ESS2e03_6-ESS3e03_7-ESS4e04_6-ESS5e03_6-ESS6e02_7-ESS11e04_2-subset.sav,3aef7081ad1e48f989b7c93ef68f05e922159010a21d894d10d83899b764a852,gincdif,original microdata,ESS integrated round,35-54,Don't know,3.1271242984142993,0.8004641836614615,1.5572588252802362,4.696989771548362,587,587,1931,1930,336.12322106920595,656.9717183224857,True,Approximate weighted respondent linearization; PSU/stratum unavailable in supplied file,all eligible adults,
ESS,5,2011,2011,gincdif,Should the government take measures to reduce differences in income levels?,ordinal,ESS2e03_6-ESS3e03_7-ESS4e04_6-ESS5e03_6-ESS6e02_7-ESS11e04_2-subset.sav,3aef7081ad1e48f989b7c93ef68f05e922159010a21d894d10d83899b764a852,gincdif,original microdata,ESS integrated round,35-54,Refused / no answer,0.0,0.0,0.0,0.0,587,587,1931,1930,336.12322106920595,656.9717183224857,True,Approximate weighted respondent linearization; PSU/stratum unavailable in supplied file,all eligible adults,
ESS,5,2011,2011,gincdif,Should the government take measures to reduce differences in income levels?,ordinal,ESS2e03_6-ESS3e03_7-ESS4e04_6-ESS5e03_6-ESS6e02_7-ESS11e04_2-subset.sav,3aef7081ad1e48f989b7c93ef68f05e922159010a21d894d10d83899b764a852,gincdif,original microdata,ESS integrated round,55+,Agree,90.07079306500381,1.4692335485526558,87.18934119379988,92.95224493620775,845,845,1931,1930,426.9913357142079,602.8830234967172,True,Approximate weighted respondent linearization; PSU/stratum unavailable in supplied file,all eligible adults,
ESS,5,2011,2011,gincdif,Should the government take measures to reduce differences in income levels?,ordinal,ESS2e03_6-ESS3e03_7-ESS4e04_6-ESS5e03_6-ESS6e02_7-ESS11e04_2-subset.sav,3aef7081ad1e48f989b7c93ef68f05e922159010a21d894d10d83899b764a852,gincdif,original microdata,ESS integrated round,55+,Disagree,2.1159811150088337,0.6833010352345842,0.7758952937234103,3.456066936294257,845,845,1931,1930,426.9913357142079,602.8830234967172,True,Approximate weighted respondent linearization; PSU/stratum unavailable in supplied file,all eligible adults,
ESS,5,2011,2011,gincdif,Should the government take measures to reduce differences in income levels?,ordinal,ESS2e03_6-ESS3e03_7-ESS4e04_6-ESS5e03_6-ESS6e02_7-ESS11e04_2-subset.sav,3aef7081ad1e48f989b7c93ef68f05e922159010a21d894d10d83899b764a852,gincdif,original microdata,ESS integrated round,55+,Neither agree nor disagree,5.361783941590948,1.2192969307423134,2.9705062403012774,7.753061642880619,845,845,1931,1930,426.9913357142079,602.8830234967172,True,Approximate weighted respondent linearization; PSU/stratum unavailable in supplied file,all eligible adults,
ESS,5,2011,2011,gincdif,Should the government take measures to reduce differences in income levels?,ordinal,ESS2e03_6-ESS3e03_7-ESS4e04_6-ESS5e03_6-ESS6e02_7-ESS11e04_2-subset.sav,3aef7081ad1e48f989b7c93ef68f05e922159010a21d894d10d83899b764a852,gincdif,original microdata,ESS integrated round,55+,Don't know,2.335454988042533,0.573442598362822,1.210822862872009,3.4600871132130573,845,845,1931,1930,426.9913357142079,602.8830234967172,True,Approximate weighted respondent linearization; PSU/stratum unavailable in supplied file,all eligible adults,
ESS,5,2011,2011,gincdif,Should the government take measures to reduce differences in income levels?,ordinal,ESS2e03_6-ESS3e03_7-ESS4e04_6-ESS5e03_6-ESS6e02_7-ESS11e04_2-subset.sav,3aef7081ad1e48f989b7c93ef68f05e922159010a21d894d10d83899b764a852,gincdif,original microdata,ESS integrated round,55+,Refused / no answer,0.11598689035387223,0.08588557773094235,0.0,0.28442516138712187,845,845,1931,1930,426.9913357142079,602.8830234967172,True,Approximate weighted respondent linearization; PSU/stratum unavailable in supplied file,all eligible adults,
ESS,5,2011,2011,gvprppv,Government do more to prevent people falling into poverty?,ordinal,ESS2e03_6-ESS3e03_7-ESS4e04_6-ESS5e03_6-ESS6e02_7-ESS11e04_2-subset.sav,3aef7081ad1e48f989b7c93ef68f05e922159010a21d894d10d83899b764a852,gvprppv,original microdata,ESS integrated round,All,Agree,91.04972156093466,0.8924359039484188,89.2994817111198,92.79996141074952,1886,1886,1931,1930,1024.95822704157,1862.148847103119,True,Approximate weighted respondent linearization; PSU/stratum unavailable in supplied file,all eligible adults,
ESS,5,2011,2011,gvprppv,Government do more to prevent people falling into poverty?,ordinal,ESS2e03_6-ESS3e03_7-ESS4e04_6-ESS5e03_6-ESS6e02_7-ESS11e04_2-subset.sav,3aef7081ad1e48f989b7c93ef68f05e922159010a21d894d10d83899b764a852,gvprppv,original microdata,ESS integrated round,All,Disagree,2.3124343787472057,0.4789224608857169,1.373174570502167,3.2516941869922444,1886,1886,1931,1930,1024.95822704157,1862.148847103119,True,Approximate weighted respondent linearization; PSU/stratum unavailable in supplied file,all eligible adults,
ESS,5,2011,2011,gvprppv,Government do more to prevent people falling into poverty?,ordinal,ESS2e03_6-ESS3e03_7-ESS4e04_6-ESS5e03_6-ESS6e02_7-ESS11e04_2-subset.sav,3aef7081ad1e48f989b7c93ef68f05e922159010a21d894d10d83899b764a852,gvprppv,original microdata,ESS integrated round,All,Neither agree nor disagree,5.394103701880728,0.6934357810490349,4.034141678939011,6.754065724822445,1886,1886,1931,1930,1024.95822704157,1862.148847103119,True,Approximate weighted respondent linearization; PSU/stratum unavailable in supplied file,all eligible adults,
ESS,5,2011,2011,gvprppv,Government do more to prevent people falling into poverty?,ordinal,ESS2e03_6-ESS3e03_7-ESS4e04_6-ESS5e03_6-ESS6e02_7-ESS11e04_2-subset.sav,3aef7081ad1e48f989b7c93ef68f05e922159010a21d894d10d83899b764a852,gvprppv,original microdata,ESS integrated round,All,Don't know,0.9742909692002186,0.3128386267514771,0.3607537631338893,1.587828175266548,1886,1886,1931,1930,1024.95822704157,1862.148847103119,True,Approximate weighted respondent linearization; PSU/stratum unavailable in supplied file,all eligible adults,
ESS,5,2011,2011,gvprppv,Government do more to prevent people falling into poverty?,ordinal,ESS2e03_6-ESS3e03_7-ESS4e04_6-ESS5e03_6-ESS6e02_7-ESS11e04_2-subset.sav,3aef7081ad1e48f989b7c93ef68f05e922159010a21d894d10d83899b764a852,gvprppv,original microdata,ESS integrated round,All,Refused / no answer,0.26944938923718537,0.18354060982629616,0.0,0.6294081133943337,1886,1886,1931,1930,1024.95822704157,1862.148847103119,True,Approximate weighted respondent linearization; PSU/stratum unavailable in supplied file,all eligible adults,
ESS,5,2011,2011,gvprppv,Government do more to prevent people falling into poverty?,ordinal,ESS2e03_6-ESS3e03_7-ESS4e04_6-ESS5e03_6-ESS6e02_7-ESS11e04_2-subset.sav,3aef7081ad1e48f989b7c93ef68f05e922159010a21d894d10d83899b764a852,gvprppv,original microdata,ESS integrated round,18-34,Agree,89.4648047109054,1.8603214000853308,85.81635373141532,93.11325569039548,454,454,1931,1930,290.7083698796195,602.294105283916,True,Approximate weighted respondent linearization; PSU/stratum unavailable in supplied file,all eligible adults,
ESS,5,2011,2011,gvprppv,Government do more to prevent people falling into poverty?,ordinal,ESS2e03_6-ESS3e03_7-ESS4e04_6-ESS5e03_6-ESS6e02_7-ESS11e04_2-subset.sav,3aef7081ad1e48f989b7c93ef68f05e922159010a21d894d10d83899b764a852,gvprppv,original microdata,ESS integrated round,18-34,Disagree,2.9251053962905633,1.0899280664264102,0.7875451223804975,5.062665670200629,454,454,1931,1930,290.7083698796195,602.294105283916,True,Approximate weighted respondent linearization; PSU/stratum unavailable in supplied file,all eligible adults,
ESS,5,2011,2011,gvprppv,Government do more to prevent people falling into poverty?,ordinal,ESS2e03_6-ESS3e03_7-ESS4e04_6-ESS5e03_6-ESS6e02_7-ESS11e04_2-subset.sav,3aef7081ad1e48f989b7c93ef68f05e922159010a21d894d10d83899b764a852,gvprppv,original microdata,ESS integrated round,18-34,Neither agree nor disagree,6.054905884676508,1.3985989188538033,3.311982218275713,8.797829551077303,454,454,1931,1930,290.7083698796195,602.294105283916,True,Approximate weighted respondent linearization; PSU/stratum unavailable in supplied file,all eligible adults,
ESS,5,2011,2011,gvprppv,Government do more to prevent people falling into poverty?,ordinal,ESS2e03_6-ESS3e03_7-ESS4e04_6-ESS5e03_6-ESS6e02_7-ESS11e04_2-subset.sav,3aef7081ad1e48f989b7c93ef68f05e922159010a21d894d10d83899b764a852,gvprppv,original microdata,ESS integrated round,18-34,Don't know,1.1465123945022657,0.6449449598906994,0.0,2.411374514844738,454,454,1931,1930,290.7083698796195,602.294105283916,True,Approximate weighted respondent linearization; PSU/stratum unavailable in supplied file,all eligible adults,
ESS,5,2011,2011,gvprppv,Government do more to prevent people falling into poverty?,ordinal,ESS2e03_6-ESS3e03_7-ESS4e04_6-ESS5e03_6-ESS6e02_7-ESS11e04_2-subset.sav,3aef7081ad1e48f989b7c93ef68f05e922159010a21d894d10d83899b764a852,gvprppv,original microdata,ESS integrated round,18-34,Refused / no answer,0.4086716136252627,0.40780883964867864,0.0,1.2084638217849304,454,454,1931,1930,290.7083698796195,602.294105283916,True,Approximate weighted respondent linearization; PSU/stratum unavailable in supplied file,all eligible adults,
ESS,5,2011,2011,gvprppv,Government do more to prevent people falling into poverty?,ordinal,ESS2e03_6-ESS3e03_7-ESS4e04_6-ESS5e03_6-ESS6e02_7-ESS11e04_2-subset.sav,3aef7081ad1e48f989b7c93ef68f05e922159010a21d894d10d83899b764a852,gvprppv,original microdata,ESS integrated round,35-54,Agree,92.42146710813374,1.3324548017707867,89.80826488059182,95.03466933567566,587,587,1931,1930,336.12322106920595,656.9717183224857,True,Approximate weighted respondent linearization; PSU/stratum unavailable in supplied file,all eligible adults,
ESS,5,2011,2011,gvprppv,Government do more to prevent people falling into poverty?,ordinal,ESS2e03_6-ESS3e03_7-ESS4e04_6-ESS5e03_6-ESS6e02_7-ESS11e04_2-subset.sav,3aef7081ad1e48f989b7c93ef68f05e922159010a21d894d10d83899b764a852,gvprppv,original microdata,ESS integrated round,35-54,Disagree,2.1179320998178284,0.6526537093126121,0.8379516271424041,3.3979125724932526,587,587,1931,1930,336.12322106920595,656.9717183224857,True,Approximate weighted respondent linearization; PSU/stratum unavailable in supplied file,all eligible adults,
ESS,5,2011,2011,gvprppv,Government do more to prevent people falling into poverty?,ordinal,ESS2e03_6-ESS3e03_7-ESS4e04_6-ESS5e03_6-ESS6e02_7-ESS11e04_2-subset.sav,3aef7081ad1e48f989b7c93ef68f05e922159010a21d894d10d83899b764a852,gvprppv,original microdata,ESS integrated round,35-54,Neither agree nor disagree,4.757042772042232,1.1030417799674528,2.593763963146021,6.9203215809384435,587,587,1931,1930,336.12322106920595,656.9717183224857,True,Approximate weighted respondent linearization; PSU/stratum unavailable in supplied file,all eligible adults,
ESS,5,2011,2011,gvprppv,Government do more to prevent people falling into poverty?,ordinal,ESS2e03_6-ESS3e03_7-ESS4e04_6-ESS5e03_6-ESS6e02_7-ESS11e04_2-subset.sav,3aef7081ad1e48f989b7c93ef68f05e922159010a21d894d10d83899b764a852,gvprppv,original microdata,ESS integrated round,35-54,Don't know,0.34267945442249764,0.2443516935085317,0.0,0.8219005048712901,587,587,1931,1930,336.12322106920595,656.9717183224857,True,Approximate weighted respondent linearization; PSU/stratum unavailable in supplied file,all eligible adults,
ESS,5,2011,2011,gvprppv,Government do more to prevent people falling into poverty?,ordinal,ESS2e03_6-ESS3e03_7-ESS4e04_6-ESS5e03_6-ESS6e02_7-ESS11e04_2-subset.sav,3aef7081ad1e48f989b7c93ef68f05e922159010a21d894d10d83899b764a852,gvprppv,original microdata,ESS integrated round,35-54,Refused / no answer,0.3608785655837046,0.36020552460507405,0.0,1.0673114427214063,587,587,1931,1930,336.12322106920595,656.9717183224857,True,Approximate weighted respondent linearization; PSU/stratum unavailable in supplied file,all eligible adults,
ESS,5,2011,2011,gvprppv,Government do more to prevent people falling into poverty?,ordinal,ESS2e03_6-ESS3e03_7-ESS4e04_6-ESS5e03_6-ESS6e02_7-ESS11e04_2-subset.sav,3aef7081ad1e48f989b7c93ef68f05e922159010a21d894d10d83899b764a852,gvprppv,original microdata,ESS integrated round,55+,Agree,91.13827613091331,1.414328391047063,88.36450391961714,93.91204834220949,845,845,1931,1930,426.9913357142079,602.8830234967172,True,Approximate weighted respondent linearization; PSU/stratum unavailable in supplied file,all eligible adults,
ESS,5,2011,2011,gvprppv,Government do more to prevent people falling into poverty?,ordinal,ESS2e03_6-ESS3e03_7-ESS4e04_6-ESS5e03_6-ESS6e02_7-ESS11e04_2-subset.sav,3aef7081ad1e48f989b7c93ef68f05e922159010a21d894d10d83899b764a852,gvprppv,original microdata,ESS integrated round,55+,Disagree,1.9123142285069752,0.7012623636902052,0.5370027594416318,3.2876256975723184,845,845,1931,1930,426.9913357142079,602.8830234967172,True,Approximate weighted respondent linearization; PSU/stratum unavailable in supplied file,all eligible adults,
ESS,5,2011,2011,gvprppv,Government do more to prevent people falling into poverty?,ordinal,ESS2e03_6-ESS3e03_7-ESS4e04_6-ESS5e03_6-ESS6e02_7-ESS11e04_2-subset.sav,3aef7081ad1e48f989b7c93ef68f05e922159010a21d894d10d83899b764a852,gvprppv,original microdata,ESS integrated round,55+,Neither agree nor disagree,5.4281629695913685,1.088721438031259,3.292969127927885,7.563356811254852,845,845,1931,1930,426.9913357142079,602.8830234967172,True,Approximate weighted respondent linearization; PSU/stratum unavailable in supplied file,all eligible adults,
ESS,5,2011,2011,gvprppv,Government do more to prevent people falling into poverty?,ordinal,ESS2e03_6-ESS3e03_7-ESS4e04_6-ESS5e03_6-ESS6e02_7-ESS11e04_2-subset.sav,3aef7081ad1e48f989b7c93ef68f05e922159010a21d894d10d83899b764a852,gvprppv,original microdata,ESS integrated round,55+,Don't know,1.4905154120576063,0.6661276580670249,0.18410991329347426,2.796920910821738,845,845,1931,1930,426.9913357142079,602.8830234967172,True,Approximate weighted respondent linearization; PSU/stratum unavailable in supplied file,all eligible adults,
ESS,5,2011,2011,gvprppv,Government do more to prevent people falling into poverty?,ordinal,ESS2e03_6-ESS3e03_7-ESS4e04_6-ESS5e03_6-ESS6e02_7-ESS11e04_2-subset.sav,3aef7081ad1e48f989b7c93ef68f05e922159010a21d894d10d83899b764a852,gvprppv,original microdata,ESS integrated round,55+,Refused / no answer,0.03073125893073519,0.030765756494384715,0.0,0.09106887285677094,845,845,1931,1930,426.9913357142079,602.8830234967172,True,Approximate weighted respondent linearization; PSU/stratum unavailable in supplied file,all eligible adults,
ESS,5,2011,2011,imbgeco,Is immigration bad or good for Ukraine's economy?,numeric,ESS2e03_6-ESS3e03_7-ESS4e04_6-ESS5e03_6-ESS6e02_7-ESS11e04_2-subset.sav,3aef7081ad1e48f989b7c93ef68f05e922159010a21d894d10d83899b764a852,imbgeco,original microdata,ESS integrated round,All,Mean,4.447352357031803,0.08930645408093191,4.272205084172707,4.622499629890899,1604,1886,1931,1930,871.8631415494615,1620.2294086627662,True,Approximate weighted respondent linearization; PSU/stratum unavailable in supplied file,valid 0–10 ratings,12.99141251875211
ESS,5,2011,2011,imbgeco,Is immigration bad or good for Ukraine's economy?,numeric,ESS2e03_6-ESS3e03_7-ESS4e04_6-ESS5e03_6-ESS6e02_7-ESS11e04_2-subset.sav,3aef7081ad1e48f989b7c93ef68f05e922159010a21d894d10d83899b764a852,imbgeco,original microdata,ESS integrated round,18-34,Mean,4.459104613114992,0.16571829373531424,4.134098906536388,4.784110319693595,389,454,1931,1930,245.70663532231546,518.6246284618974,True,Approximate weighted respondent linearization; PSU/stratum unavailable in supplied file,valid 0–10 ratings,12.99141251875211
ESS,5,2011,2011,imbgeco,Is immigration bad or good for Ukraine's economy?,numeric,ESS2e03_6-ESS3e03_7-ESS4e04_6-ESS5e03_6-ESS6e02_7-ESS11e04_2-subset.sav,3aef7081ad1e48f989b7c93ef68f05e922159010a21d894d10d83899b764a852,imbgeco,original microdata,ESS integrated round,35-54,Mean,4.613641020404801,0.15348373486801078,4.312629656030181,4.914652384779421,504,587,1931,1930,289.7860513242724,581.7589105255902,True,Approximate weighted respondent linearization; PSU/stratum unavailable in supplied file,valid 0–10 ratings,12.99141251875211
ESS,5,2011,2011,imbgeco,Is immigration bad or good for Ukraine's economy?,numeric,ESS2e03_6-ESS3e03_7-ESS4e04_6-ESS5e03_6-ESS6e02_7-ESS11e04_2-subset.sav,3aef7081ad1e48f989b7c93ef68f05e922159010a21d894d10d83899b764a852,imbgeco,original microdata,ESS integrated round,55+,Mean,4.24953425924524,0.14336160988479346,3.968374344629703,4.530694173860778,711,845,1931,1930,361.1070707401963,519.8458696752787,True,Approximate weighted respondent linearization; PSU/stratum unavailable in supplied file,valid 0–10 ratings,12.99141251875211
ESS,6,2013,2013,gincdif,Should the government take measures to reduce differences in income levels?,ordinal,ESS2e03_6-ESS3e03_7-ESS4e04_6-ESS5e03_6-ESS6e02_7-ESS11e04_2-subset.sav,3aef7081ad1e48f989b7c93ef68f05e922159010a21d894d10d83899b764a852,gincdif,original microdata,ESS integrated round,All,Agree,81.81033358309895,0.9772899238670578,79.89381499731545,83.72685216888246,2119,2119,2178,2177,1639.4662757160793,2098.8269617557526,True,Approximate weighted respondent linearization; PSU/stratum unavailable in supplied file,all eligible adults,
ESS,6,2013,2013,gincdif,Should the government take measures to reduce differences in income levels?,ordinal,ESS2e03_6-ESS3e03_7-ESS4e04_6-ESS5e03_6-ESS6e02_7-ESS11e04_2-subset.sav,3aef7081ad1e48f989b7c93ef68f05e922159010a21d894d10d83899b764a852,gincdif,original microdata,ESS integrated round,All,Disagree,5.858476848138231,0.6062903557857736,4.669508552377108,7.047445143899354,2119,2119,2178,2177,1639.4662757160793,2098.8269617557526,True,Approximate weighted respondent linearization; PSU/stratum unavailable in supplied file,all eligible adults,
ESS,6,2013,2013,gincdif,Should the government take measures to reduce differences in income levels?,ordinal,ESS2e03_6-ESS3e03_7-ESS4e04_6-ESS5e03_6-ESS6e02_7-ESS11e04_2-subset.sav,3aef7081ad1e48f989b7c93ef68f05e922159010a21d894d10d83899b764a852,gincdif,original microdata,ESS integrated round,All,Neither agree nor disagree,9.524472339532922,0.7484210012359304,8.056778133515012,10.992166545550832,2119,2119,2178,2177,1639.4662757160793,2098.8269617557526,True,Approximate weighted respondent linearization; PSU/stratum unavailable in supplied file,all eligible adults,
ESS,6,2013,2013,gincdif,Should the government take measures to reduce differences in income levels?,ordinal,ESS2e03_6-ESS3e03_7-ESS4e04_6-ESS5e03_6-ESS6e02_7-ESS11e04_2-subset.sav,3aef7081ad1e48f989b7c93ef68f05e922159010a21d894d10d83899b764a852,gincdif,original microdata,ESS integrated round,All,Don't know,2.550499509808872,0.3722015102527659,1.8205921459495125,3.2804068736682312,2119,2119,2178,2177,1639.4662757160793,2098.8269617557526,True,Approximate weighted respondent linearization; PSU/stratum unavailable in supplied file,all eligible adults,
ESS,6,2013,2013,gincdif,Should the government take measures to reduce differences in income levels?,ordinal,ESS2e03_6-ESS3e03_7-ESS4e04_6-ESS5e03_6-ESS6e02_7-ESS11e04_2-subset.sav,3aef7081ad1e48f989b7c93ef68f05e922159010a21d894d10d83899b764a852,gincdif,original microdata,ESS integrated round,All,Refused / no answer,0.2562177194210179,0.16056194709466967,0.0,0.5710884126119394,2119,2119,2178,2177,1639.4662757160793,2098.8269617557526,True,Approximate weighted respondent linearization; PSU/stratum unavailable in supplied file,all eligible adults,
ESS,6,2013,2013,gincdif,Should the government take measures to reduce differences in income levels?,ordinal,ESS2e03_6-ESS3e03_7-ESS4e04_6-ESS5e03_6-ESS6e02_7-ESS11e04_2-subset.sav,3aef7081ad1e48f989b7c93ef68f05e922159010a21d894d10d83899b764a852,gincdif,original microdata,ESS integrated round,18-34,Agree,78.48808090836722,1.910983988039361,74.74053758394598,82.23562423278847,585,585,2178,2177,468.63596494214624,677.6421396136284,True,Approximate weighted respondent linearization; PSU/stratum unavailable in supplied file,all eligible adults,
ESS,6,2013,2013,gincdif,Should the government take measures to reduce differences in income levels?,ordinal,ESS2e03_6-ESS3e03_7-ESS4e04_6-ESS5e03_6-ESS6e02_7-ESS11e04_2-subset.sav,3aef7081ad1e48f989b7c93ef68f05e922159010a21d894d10d83899b764a852,gincdif,original microdata,ESS integrated round,18-34,Disagree,5.441594615741733,1.0474875695244479,3.387414636655107,7.49577459482836,585,585,2178,2177,468.63596494214624,677.6421396136284,True,Approximate weighted respondent linearization; PSU/stratum unavailable in supplied file,all eligible adults,
ESS,6,2013,2013,gincdif,Should the government take measures to reduce differences in income levels?,ordinal,ESS2e03_6-ESS3e03_7-ESS4e04_6-ESS5e03_6-ESS6e02_7-ESS11e04_2-subset.sav,3aef7081ad1e48f989b7c93ef68f05e922159010a21d894d10d83899b764a852,gincdif,original microdata,ESS integrated round,18-34,Neither agree nor disagree,12.965993670443515,1.5725847502618706,9.882069618846948,16.04991772204008,585,585,2178,2177,468.63596494214624,677.6421396136284,True,Approximate weighted respondent linearization; PSU/stratum unavailable in supplied file,all eligible adults,
ESS,6,2013,2013,gincdif,Should the government take measures to reduce differences in income levels?,ordinal,ESS2e03_6-ESS3e03_7-ESS4e04_6-ESS5e03_6-ESS6e02_7-ESS11e04_2-subset.sav,3aef7081ad1e48f989b7c93ef68f05e922159010a21d894d10d83899b764a852,gincdif,original microdata,ESS integrated round,18-34,Don't know,2.6871909107251235,0.6900052149932605,1.3340532322054572,4.0403285892447895,585,585,2178,2177,468.63596494214624,677.6421396136284,True,Approximate weighted respondent linearization; PSU/stratum unavailable in supplied file,all eligible adults,
ESS,6,2013,2013,gincdif,Should the government take measures to reduce differences in income levels?,ordinal,ESS2e03_6-ESS3e03_7-ESS4e04_6-ESS5e03_6-ESS6e02_7-ESS11e04_2-subset.sav,3aef7081ad1e48f989b7c93ef68f05e922159010a21d894d10d83899b764a852,gincdif,original microdata,ESS integrated round,18-34,Refused / no answer,0.4171398947224033,0.41593837616214563,0.0,1.2328176265679267,585,585,2178,2177,468.63596494214624,677.6421396136284,True,Approximate weighted respondent linearization; PSU/stratum unavailable in supplied file,all eligible adults,
ESS,6,2013,2013,gincdif,Should the government take measures to reduce differences in income levels?,ordinal,ESS2e03_6-ESS3e03_7-ESS4e04_6-ESS5e03_6-ESS6e02_7-ESS11e04_2-subset.sav,3aef7081ad1e48f989b7c93ef68f05e922159010a21d894d10d83899b764a852,gincdif,original microdata,ESS integrated round,35-54,Agree,81.70128376935041,1.6856023186073785,78.39572613189105,85.00684140680977,634,634,2178,2177,521.7509661930361,751.395706653595,True,Approximate weighted respondent linearization; PSU/stratum unavailable in supplied file,all eligible adults,
ESS,6,2013,2013,gincdif,Should the government take measures to reduce differences in income levels?,ordinal,ESS2e03_6-ESS3e03_7-ESS4e04_6-ESS5e03_6-ESS6e02_7-ESS11e04_2-subset.sav,3aef7081ad1e48f989b7c93ef68f05e922159010a21d894d10d83899b764a852,gincdif,original microdata,ESS integrated round,35-54,Disagree,7.358251484508883,1.1732872202350613,5.057371562259064,9.659131406758702,634,634,2178,2177,521.7509661930361,751.395706653595,True,Approximate weighted respondent linearization; PSU/stratum unavailable in supplied file,all eligible adults,
ESS,6,2013,2013,gincdif,Should the government take measures to reduce differences in income levels?,ordinal,ESS2e03_6-ESS3e03_7-ESS4e04_6-ESS5e03_6-ESS6e02_7-ESS11e04_2-subset.sav,3aef7081ad1e48f989b7c93ef68f05e922159010a21d894d10d83899b764a852,gincdif,original microdata,ESS integrated round,35-54,Neither agree nor disagree,8.320859412899468,1.1820598988123834,6.002775791798427,10.638943034000508,634,634,2178,2177,521.7509661930361,751.395706653595,True,Approximate weighted respondent linearization; PSU/stratum unavailable in supplied file,all eligible adults,
ESS,6,2013,2013,gincdif,Should the government take measures to reduce differences in income levels?,ordinal,ESS2e03_6-ESS3e03_7-ESS4e04_6-ESS5e03_6-ESS6e02_7-ESS11e04_2-subset.sav,3aef7081ad1e48f989b7c93ef68f05e922159010a21d894d10d83899b764a852,gincdif,original microdata,ESS integrated round,35-54,Don't know,2.4136460098624664,0.6386431719922191,1.1612320854830283,3.6660599342419045,634,634,2178,2177,521.7509661930361,751.395706653595,True,Approximate weighted respondent linearization; PSU/stratum unavailable in supplied file,all eligible adults,
ESS,6,2013,2013,gincdif,Should the government take measures to reduce differences in income levels?,ordinal,ESS2e03_6-ESS3e03_7-ESS4e04_6-ESS5e03_6-ESS6e02_7-ESS11e04_2-subset.sav,3aef7081ad1e48f989b7c93ef68f05e922159010a21d894d10d83899b764a852,gincdif,original microdata,ESS integrated round,35-54,Refused / no answer,0.20595932337877682,0.20577962504903327,0.0,0.6095043373511944,634,634,2178,2177,521.7509661930361,751.395706653595,True,Approximate weighted respondent linearization; PSU/stratum unavailable in supplied file,all eligible adults,
ESS,6,2013,2013,gincdif,Should the government take measures to reduce differences in income levels?,ordinal,ESS2e03_6-ESS3e03_7-ESS4e04_6-ESS5e03_6-ESS6e02_7-ESS11e04_2-subset.sav,3aef7081ad1e48f989b7c93ef68f05e922159010a21d894d10d83899b764a852,gincdif,original microdata,ESS integrated round,55+,Agree,85.29387477352654,1.4308963373017944,82.48780939027033,88.09994015678275,900,900,2178,2177,717.8843474074341,669.7891154885292,True,Approximate weighted respondent linearization; PSU/stratum unavailable in supplied file,all eligible adults,
ESS,6,2013,2013,gincdif,Should the government take measures to reduce differences in income levels?,ordinal,ESS2e03_6-ESS3e03_7-ESS4e04_6-ESS5e03_6-ESS6e02_7-ESS11e04_2-subset.sav,3aef7081ad1e48f989b7c93ef68f05e922159010a21d894d10d83899b764a852,gincdif,original microdata,ESS integrated round,55+,Disagree,4.597740841443216,0.8639877461300318,2.9034139759872084,6.292067706899225,900,900,2178,2177,717.8843474074341,669.7891154885292,True,Approximate weighted respondent linearization; PSU/stratum unavailable in supplied file,all eligible adults,
ESS,6,2013,2013,gincdif,Should the government take measures to reduce differences in income levels?,ordinal,ESS2e03_6-ESS3e03_7-ESS4e04_6-ESS5e03_6-ESS6e02_7-ESS11e04_2-subset.sav,3aef7081ad1e48f989b7c93ef68f05e922159010a21d894d10d83899b764a852,gincdif,original microdata,ESS integrated round,55+,Neither agree nor disagree,7.392860673049367,1.085001933525797,5.265112989961514,9.52060835613722,900,900,2178,2177,717.8843474074341,669.7891154885292,True,Approximate weighted respondent linearization; PSU/stratum unavailable in supplied file,all eligible adults,
ESS,6,2013,2013,gincdif,Should the government take measures to reduce differences in income levels?,ordinal,ESS2e03_6-ESS3e03_7-ESS4e04_6-ESS5e03_6-ESS6e02_7-ESS11e04_2-subset.sav,3aef7081ad1e48f989b7c93ef68f05e922159010a21d894d10d83899b764a852,gincdif,original microdata,ESS integrated round,55+,Don't know,2.565733079122897,0.599704590025906,1.3896798274773008,3.741786330768493,900,900,2178,2177,717.8843474074341,669.7891154885292,True,Approximate weighted respondent linearization; PSU/stratum unavailable in supplied file,all eligible adults,
ESS,6,2013,2013,gincdif,Should the government take measures to reduce differences in income levels?,ordinal,ESS2e03_6-ESS3e03_7-ESS4e04_6-ESS5e03_6-ESS6e02_7-ESS11e04_2-subset.sav,3aef7081ad1e48f989b7c93ef68f05e922159010a21d894d10d83899b764a852,gincdif,original microdata,ESS integrated round,55+,Refused / no answer,0.14979063285798602,0.1497049116746088,0.0,0.44337009029491337,900,900,2178,2177,717.8843474074341,669.7891154885292,True,Approximate weighted respondent linearization; PSU/stratum unavailable in supplied file,all eligible adults,
ESS,6,2013,2013,imbgeco,Is immigration bad or good for Ukraine's economy?,numeric,ESS2e03_6-ESS3e03_7-ESS4e04_6-ESS5e03_6-ESS6e02_7-ESS11e04_2-subset.sav,3aef7081ad1e48f989b7c93ef68f05e922159010a21d894d10d83899b764a852,imbgeco,original microdata,ESS integrated round,All,Mean,4.740573322563505,0.07063437980690852,4.6020554698882465,4.879091175238764,1778,2119,2178,2177,1377.2531181014851,1786.7009125053883,True,Approximate weighted respondent linearization; PSU/stratum unavailable in supplied file,valid 0–10 ratings,14.87145224155394
ESS,6,2013,2013,imbgeco,Is immigration bad or good for Ukraine's economy?,numeric,ESS2e03_6-ESS3e03_7-ESS4e04_6-ESS5e03_6-ESS6e02_7-ESS11e04_2-subset.sav,3aef7081ad1e48f989b7c93ef68f05e922159010a21d894d10d83899b764a852,imbgeco,original microdata,ESS integrated round,18-34,Mean,5.056691625394422,0.13183539884144616,4.7981552525399485,5.315227998248896,503,585,2178,2177,403.71193883640626,589.6442755758762,True,Approximate weighted respondent linearization; PSU/stratum unavailable in supplied file,valid 0–10 ratings,14.87145224155394
ESS,6,2013,2013,imbgeco,Is immigration bad or good for Ukraine's economy?,numeric,ESS2e03_6-ESS3e03_7-ESS4e04_6-ESS5e03_6-ESS6e02_7-ESS11e04_2-subset.sav,3aef7081ad1e48f989b7c93ef68f05e922159010a21d894d10d83899b764a852,imbgeco,original microdata,ESS integrated round,35-54,Mean,4.575240832808228,0.12278704969011245,4.334448763763387,4.8160329018530685,537,634,2178,2177,440.71897960375924,641.5532683730125,True,Approximate weighted respondent linearization; PSU/stratum unavailable in supplied file,valid 0–10 ratings,14.87145224155394
ESS,6,2013,2013,imbgeco,Is immigration bad or good for Ukraine's economy?,numeric,ESS2e03_6-ESS3e03_7-ESS4e04_6-ESS5e03_6-ESS6e02_7-ESS11e04_2-subset.sav,3aef7081ad1e48f989b7c93ef68f05e922159010a21d894d10d83899b764a852,imbgeco,original microdata,ESS integrated round,55+,Mean,4.595969791702836,0.10704589356323689,4.386046984217045,4.805892599188627,738,900,2178,2177,590.2993004628912,555.5033685564995,True,Approximate weighted respondent linearization; PSU/stratum unavailable in supplied file,valid 0–10 ratings,14.87145224155394
ESS,6,2013,2013,gvctzpv,How important is government protection against poverty for democracy?,numeric,ESS2e03_6-ESS3e03_7-ESS4e04_6-ESS5e03_6-ESS6e02_7-ESS11e04_2-subset.sav,3aef7081ad1e48f989b7c93ef68f05e922159010a21d894d10d83899b764a852,gvctzpv,original microdata,ESS integrated round,All,Mean,9.146195763193882,0.040853944587754806,9.066078960397855,9.22631256598991,2072,2119,2178,2177,1602.2457579857028,2055.9444062411785,True,Approximate weighted respondent linearization; PSU/stratum unavailable in supplied file,valid 0–10 ratings,2.043167745410564
ESS,6,2013,2013,gvctzpv,How important is government protection against poverty for democracy?,numeric,ESS2e03_6-ESS3e03_7-ESS4e04_6-ESS5e03_6-ESS6e02_7-ESS11e04_2-subset.sav,3aef7081ad1e48f989b7c93ef68f05e922159010a21d894d10d83899b764a852,gvctzpv,original microdata,ESS integrated round,18-34,Mean,9.058925229857929,0.07733635074316265,8.907264448408895,9.210586011306962,570,585,2178,2177,455.9734141145988,661.478665292263,True,Approximate weighted respondent linearization; PSU/stratum unavailable in supplied file,valid 0–10 ratings,2.043167745410564
ESS,6,2013,2013,gvctzpv,How important is government protection against poverty for democracy?,numeric,ESS2e03_6-ESS3e03_7-ESS4e04_6-ESS5e03_6-ESS6e02_7-ESS11e04_2-subset.sav,3aef7081ad1e48f989b7c93ef68f05e922159010a21d894d10d83899b764a852,gvctzpv,original microdata,ESS integrated round,35-54,Mean,9.09465639619134,0.07355300932535681,8.950414952613814,9.238897839768866,623,634,2178,2177,512.5519804080233,739.2789424359798,True,Approximate weighted respondent linearization; PSU/stratum unavailable in supplied file,valid 0–10 ratings,2.043167745410564
ESS,6,2013,2013,gvctzpv,How important is government protection against poverty for democracy?,numeric,ESS2e03_6-ESS3e03_7-ESS4e04_6-ESS5e03_6-ESS6e02_7-ESS11e04_2-subset.sav,3aef7081ad1e48f989b7c93ef68f05e922159010a21d894d10d83899b764a852,gvctzpv,original microdata,ESS integrated round,55+,Mean,9.292458729510319,0.05846820315185797,9.177799409608086,9.407118049412551,879,900,2178,2177,701.1786784972356,655.1867985129356,True,Approximate weighted respondent linearization; PSU/stratum unavailable in supplied file,valid 0–10 ratings,2.043167745410564
ESS,6,2013,2013,grdfinc,How important is government reduction of income differences for democracy?,numeric,ESS2e03_6-ESS3e03_7-ESS4e04_6-ESS5e03_6-ESS6e02_7-ESS11e04_2-subset.sav,3aef7081ad1e48f989b7c93ef68f05e922159010a21d894d10d83899b764a852,grdfinc,original microdata,ESS integrated round,All,Mean,9.022169734351996,0.04541889575522417,8.933100814541367,9.111238654162625,2059,2119,2178,2177,1591.5043423494715,2044.6777593493462,True,Approximate weighted respondent linearization; PSU/stratum unavailable in supplied file,valid 0–10 ratings,2.5799745950046513
ESS,6,2013,2013,grdfinc,How important is government reduction of income differences for democracy?,numeric,ESS2e03_6-ESS3e03_7-ESS4e04_6-ESS5e03_6-ESS6e02_7-ESS11e04_2-subset.sav,3aef7081ad1e48f989b7c93ef68f05e922159010a21d894d10d83899b764a852,grdfinc,original microdata,ESS integrated round,18-34,Mean,8.940701931781762,0.09107807697657913,8.76209287931927,9.119310984244253,564,585,2178,2177,450.74260390020197,655.949927687645,True,Approximate weighted respondent linearization; PSU/stratum unavailable in supplied file,valid 0–10 ratings,2.5799745950046513
ESS,6,2013,2013,grdfinc,How important is government reduction of income differences for democracy?,numeric,ESS2e03_6-ESS3e03_7-ESS4e04_6-ESS5e03_6-ESS6e02_7-ESS11e04_2-subset.sav,3aef7081ad1e48f989b7c93ef68f05e922159010a21d894d10d83899b764a852,grdfinc,original microdata,ESS integrated round,35-54,Mean,8.96340176775194,0.07658706118367592,8.813210383798797,9.113593151705082,623,634,2178,2177,512.3751172745434,737.4680372774601,True,Approximate weighted respondent linearization; PSU/stratum unavailable in supplied file,valid 0–10 ratings,2.5799745950046513
ESS,6,2013,2013,grdfinc,How important is government reduction of income differences for democracy?,numeric,ESS2e03_6-ESS3e03_7-ESS4e04_6-ESS5e03_6-ESS6e02_7-ESS11e04_2-subset.sav,3aef7081ad1e48f989b7c93ef68f05e922159010a21d894d10d83899b764a852,grdfinc,original microdata,ESS integrated round,55+,Mean,9.170771409171568,0.0658531207733279,9.041629864977056,9.29991295336608,872,900,2178,2177,694.3291017691778,651.2597943842411,True,Approximate weighted respondent linearization; PSU/stratum unavailable in supplied file,valid 0–10 ratings,2.5799745950046513
ESS,6,2013,2013,gvctzpvc,To what extent does the government in Ukraine protect citizens against poverty?,numeric,ESS2e03_6-ESS3e03_7-ESS4e04_6-ESS5e03_6-ESS6e02_7-ESS11e04_2-subset.sav,3aef7081ad1e48f989b7c93ef68f05e922159010a21d894d10d83899b764a852,gvctzpvc,original microdata,ESS integrated round,All,Mean,1.8116579896632787,0.05827271878443771,1.6973820252160048,1.9259339541105527,2065,2119,2178,2177,1598.0183068662895,2047.9877471029758,True,Approximate weighted respondent linearization; PSU/stratum unavailable in supplied file,valid 0–10 ratings,2.4222680372967806
ESS,6,2013,2013,gvctzpvc,To what extent does the government in Ukraine protect citizens against poverty?,numeric,ESS2e03_6-ESS3e03_7-ESS4e04_6-ESS5e03_6-ESS6e02_7-ESS11e04_2-subset.sav,3aef7081ad1e48f989b7c93ef68f05e922159010a21d894d10d83899b764a852,gvctzpvc,original microdata,ESS integrated round,18-34,Mean,1.9925789626848767,0.10499558999299391,1.7866769117861596,2.1984810135835935,571,585,2178,2177,457.07901787491886,661.9900642931461,True,Approximate weighted respondent linearization; PSU/stratum unavailable in supplied file,valid 0–10 ratings,2.4222680372967806
ESS,6,2013,2013,gvctzpvc,To what extent does the government in Ukraine protect citizens against poverty?,numeric,ESS2e03_6-ESS3e03_7-ESS4e04_6-ESS5e03_6-ESS6e02_7-ESS11e04_2-subset.sav,3aef7081ad1e48f989b7c93ef68f05e922159010a21d894d10d83899b764a852,gvctzpvc,original microdata,ESS integrated round,35-54,Mean,1.7227871885349255,0.0972266242943781,1.5321205010530294,1.9134538760168216,621,634,2178,2177,510.8568350773936,736.0463998317719,True,Approximate weighted respondent linearization; PSU/stratum unavailable in supplied file,valid 0–10 ratings,2.4222680372967806
ESS,6,2013,2013,gvctzpvc,To what extent does the government in Ukraine protect citizens against poverty?,numeric,ESS2e03_6-ESS3e03_7-ESS4e04_6-ESS5e03_6-ESS6e02_7-ESS11e04_2-subset.sav,3aef7081ad1e48f989b7c93ef68f05e922159010a21d894d10d83899b764a852,gvctzpvc,original microdata,ESS integrated round,55+,Mean,1.7280288704271354,0.10037579911073377,1.5311864802003001,1.9248712606539706,873,900,2178,2177,697.7876215048083,649.9512829780579,True,Approximate weighted respondent linearization; PSU/stratum unavailable in supplied file,valid 0–10 ratings,2.4222680372967806
ESS,6,2013,2013,grdfincc,To what extent does the government in Ukraine reduce income differences?,numeric,ESS2e03_6-ESS3e03_7-ESS4e04_6-ESS5e03_6-ESS6e02_7-ESS11e04_2-subset.sav,3aef7081ad1e48f989b7c93ef68f05e922159010a21d894d10d83899b764a852,grdfincc,original microdata,ESS integrated round,All,Mean,1.9160565290946565,0.061354277255577995,1.7957374612254728,2.03637559696384,2035,2119,2178,2177,1571.2151581203418,2016.387178093195,True,Approximate weighted respondent linearization; PSU/stratum unavailable in supplied file,valid 0–10 ratings,3.9278980670990347
ESS,6,2013,2013,grdfincc,To what extent does the government in Ukraine reduce income differences?,numeric,ESS2e03_6-ESS3e03_7-ESS4e04_6-ESS5e03_6-ESS6e02_7-ESS11e04_2-subset.sav,3aef7081ad1e48f989b7c93ef68f05e922159010a21d894d10d83899b764a852,grdfincc,original microdata,ESS integrated round,18-34,Mean,2.1383066003142734,0.11020607494173008,1.9221865056177811,2.354426695010766,563,585,2178,2177,449.3895935520589,652.353197157383,True,Approximate weighted respondent linearization; PSU/stratum unavailable in supplied file,valid 0–10 ratings,3.9278980670990347
ESS,6,2013,2013,grdfincc,To what extent does the government in Ukraine reduce income differences?,numeric,ESS2e03_6-ESS3e03_7-ESS4e04_6-ESS5e03_6-ESS6e02_7-ESS11e04_2-subset.sav,3aef7081ad1e48f989b7c93ef68f05e922159010a21d894d10d83899b764a852,grdfincc,original microdata,ESS integrated round,35-54,Mean,1.723052810906993,0.10195613674089969,1.5231112928102606,1.9229943290037252,614,634,2178,2177,504.859807676907,727.8759018182755,True,Approximate weighted respondent linearization; PSU/stratum unavailable in supplied file,valid 0–10 ratings,3.9278980670990347
ESS,6,2013,2013,grdfincc,To what extent does the government in Ukraine reduce income differences?,numeric,ESS2e03_6-ESS3e03_7-ESS4e04_6-ESS5e03_6-ESS6e02_7-ESS11e04_2-subset.sav,3aef7081ad1e48f989b7c93ef68f05e922159010a21d894d10d83899b764a852,grdfincc,original microdata,ESS integrated round,55+,Mean,1.9089784312974964,0.10568325785937598,1.7017278263877524,2.1162290362072405,858,900,2178,2177,684.4204163600132,636.1580791175365,True,Approximate weighted respondent linearization; PSU/stratum unavailable in supplied file,valid 0–10 ratings,3.9278980670990347
ESS,10,2022,2022,gincdif,Should the government take measures to reduce differences in income levels?,ordinal,ESS10UAe4.sav,4dd67ab20a1ddf8df15f5000e7302e0fd68bc35a46357afea0e2b47d455c3aa8,gincdif,original microdata,Related study using ESS10 questionnaire,All,Agree,67.90893622919006,1.6455139556894336,64.66809913710763,71.14977332127249,1507,1507,299,250,1062.9613297156018,1497.1426081075301,True,Stratified PSU Taylor linearization; fixed supplied weights; no FPC,all eligible adults,
ESS,10,2022,2022,gincdif,Should the government take measures to reduce differences in income levels?,ordinal,ESS10UAe4.sav,4dd67ab20a1ddf8df15f5000e7302e0fd68bc35a46357afea0e2b47d455c3aa8,gincdif,original microdata,Related study using ESS10 questionnaire,All,Disagree,10.789417846893048,1.3714178002620903,8.08841269256769,13.490423001218407,1507,1507,299,250,1062.9613297156018,1497.1426081075301,True,Stratified PSU Taylor linearization; fixed supplied weights; no FPC,all eligible adults,
ESS,10,2022,2022,gincdif,Should the government take measures to reduce differences in income levels?,ordinal,ESS10UAe4.sav,4dd67ab20a1ddf8df15f5000e7302e0fd68bc35a46357afea0e2b47d455c3aa8,gincdif,original microdata,Related study using ESS10 questionnaire,All,Neither agree nor disagree,18.731336895072527,1.3864924462392019,16.000642249713856,21.462031540431198,1507,1507,299,250,1062.9613297156018,1497.1426081075301,True,Stratified PSU Taylor linearization; fixed supplied weights; no FPC,all eligible adults,
ESS,10,2022,2022,gincdif,Should the government take measures to reduce differences in income levels?,ordinal,ESS10UAe4.sav,4dd67ab20a1ddf8df15f5000e7302e0fd68bc35a46357afea0e2b47d455c3aa8,gincdif,original microdata,Related study using ESS10 questionnaire,All,Don't know,2.362526916119813,0.5289077416665282,1.3208439686395752,3.4042098636000504,1507,1507,299,250,1062.9613297156018,1497.1426081075301,True,Stratified PSU Taylor linearization; fixed supplied weights; no FPC,all eligible adults,
ESS,10,2022,2022,gincdif,Should the government take measures to reduce differences in income levels?,ordinal,ESS10UAe4.sav,4dd67ab20a1ddf8df15f5000e7302e0fd68bc35a46357afea0e2b47d455c3aa8,gincdif,original microdata,Related study using ESS10 questionnaire,All,Refused / no answer,0.20778211272454125,0.10784575134834805,0.0,0.4201841467424099,1507,1507,299,250,1062.9613297156018,1497.1426081075301,True,Stratified PSU Taylor linearization; fixed supplied weights; no FPC,all eligible adults,
ESS,10,2022,2022,gincdif,Should the government take measures to reduce differences in income levels?,ordinal,ESS10UAe4.sav,4dd67ab20a1ddf8df15f5000e7302e0fd68bc35a46357afea0e2b47d455c3aa8,gincdif,original microdata,Related study using ESS10 questionnaire,18-34,Agree,58.48817930110695,3.7271402746857945,51.147582518058,65.8287760841559,311,311,299,250,226.42721983525897,384.4166701100435,True,Stratified PSU Taylor linearization; fixed supplied weights; no FPC,all eligible adults,
ESS,10,2022,2022,gincdif,Should the government take measures to reduce differences in income levels?,ordinal,ESS10UAe4.sav,4dd67ab20a1ddf8df15f5000e7302e0fd68bc35a46357afea0e2b47d455c3aa8,gincdif,original microdata,Related study using ESS10 questionnaire,18-34,Disagree,10.142445509282139,2.221249767324367,5.767697661149688,14.51719335741459,311,311,299,250,226.42721983525897,384.4166701100435,True,Stratified PSU Taylor linearization; fixed supplied weights; no FPC,all eligible adults,
ESS,10,2022,2022,gincdif,Should the government take measures to reduce differences in income levels?,ordinal,ESS10UAe4.sav,4dd67ab20a1ddf8df15f5000e7302e0fd68bc35a46357afea0e2b47d455c3aa8,gincdif,original microdata,Related study using ESS10 questionnaire,18-34,Neither agree nor disagree,27.961207911748332,3.084987411550592,21.88533016097496,34.037085662521704,311,311,299,250,226.42721983525897,384.4166701100435,True,Stratified PSU Taylor linearization; fixed supplied weights; no FPC,all eligible adults,
ESS,10,2022,2022,gincdif,Should the government take measures to reduce differences in income levels?,ordinal,ESS10UAe4.sav,4dd67ab20a1ddf8df15f5000e7302e0fd68bc35a46357afea0e2b47d455c3aa8,gincdif,original microdata,Related study using ESS10 questionnaire,18-34,Don't know,3.1326626901061,1.0528251161435058,1.0591253153080262,5.2062000649041735,311,311,299,250,226.42721983525897,384.4166701100435,True,Stratified PSU Taylor linearization; fixed supplied weights; no FPC,all eligible adults,
ESS,10,2022,2022,gincdif,Should the government take measures to reduce differences in income levels?,ordinal,ESS10UAe4.sav,4dd67ab20a1ddf8df15f5000e7302e0fd68bc35a46357afea0e2b47d455c3aa8,gincdif,original microdata,Related study using ESS10 questionnaire,18-34,Refused / no answer,0.2755045877564818,0.27505781056602735,0.0,0.8172305037642126,311,311,299,250,226.42721983525897,384.4166701100435,True,Stratified PSU Taylor linearization; fixed supplied weights; no FPC,all eligible adults,
ESS,10,2022,2022,gincdif,Should the government take measures to reduce differences in income levels?,ordinal,ESS10UAe4.sav,4dd67ab20a1ddf8df15f5000e7302e0fd68bc35a46357afea0e2b47d455c3aa8,gincdif,original microdata,Related study using ESS10 questionnaire,35-54,Agree,69.46080449266123,2.2946758771973346,64.9414440390988,73.98016494622365,552,552,299,250,397.3645819029889,545.1993342357591,True,Stratified PSU Taylor linearization; fixed supplied weights; no FPC,all eligible adults,
ESS,10,2022,2022,gincdif,Should the government take measures to reduce differences in income levels?,ordinal,ESS10UAe4.sav,4dd67ab20a1ddf8df15f5000e7302e0fd68bc35a46357afea0e2b47d455c3aa8,gincdif,original microdata,Related study using ESS10 questionnaire,35-54,Disagree,11.818653580224872,2.1911804948984757,7.5031271158265564,16.134180044623186,552,552,299,250,397.3645819029889,545.1993342357591,True,Stratified PSU Taylor linearization; fixed supplied weights; no FPC,all eligible adults,
ESS,10,2022,2022,gincdif,Should the government take measures to reduce differences in income levels?,ordinal,ESS10UAe4.sav,4dd67ab20a1ddf8df15f5000e7302e0fd68bc35a46357afea0e2b47d455c3aa8,gincdif,original microdata,Related study using ESS10 questionnaire,35-54,Neither agree nor disagree,15.213830512677491,2.040688103860279,11.194698570651013,19.23296245470397,552,552,299,250,397.3645819029889,545.1993342357591,True,Stratified PSU Taylor linearization; fixed supplied weights; no FPC,all eligible adults,
ESS,10,2022,2022,gincdif,Should the government take measures to reduce differences in income levels?,ordinal,ESS10UAe4.sav,4dd67ab20a1ddf8df15f5000e7302e0fd68bc35a46357afea0e2b47d455c3aa8,gincdif,original microdata,Related study using ESS10 questionnaire,35-54,Don't know,3.2926146890351373,1.056118494858841,1.2125910101482837,5.372638367921991,552,552,299,250,397.3645819029889,545.1993342357591,True,Stratified PSU Taylor linearization; fixed supplied weights; no FPC,all eligible adults,
ESS,10,2022,2022,gincdif,Should the government take measures to reduce differences in income levels?,ordinal,ESS10UAe4.sav,4dd67ab20a1ddf8df15f5000e7302e0fd68bc35a46357afea0e2b47d455c3aa8,gincdif,original microdata,Related study using ESS10 questionnaire,35-54,Refused / no answer,0.21409672540127248,0.15337997512250595,0.0,0.5161783399880244,552,552,299,250,397.3645819029889,545.1993342357591,True,Stratified PSU Taylor linearization; fixed supplied weights; no FPC,all eligible adults,
ESS,10,2022,2022,gincdif,Should the government take measures to reduce differences in income levels?,ordinal,ESS10UAe4.sav,4dd67ab20a1ddf8df15f5000e7302e0fd68bc35a46357afea0e2b47d455c3aa8,gincdif,original microdata,Related study using ESS10 questionnaire,55+,Agree,72.79931219702576,2.0987951366518613,68.66573854726978,76.93288584678173,644,644,299,250,454.92831619960054,567.5266037617274,True,Stratified PSU Taylor linearization; fixed supplied weights; no FPC,all eligible adults,
ESS,10,2022,2022,gincdif,Should the government take measures to reduce differences in income levels?,ordinal,ESS10UAe4.sav,4dd67ab20a1ddf8df15f5000e7302e0fd68bc35a46357afea0e2b47d455c3aa8,gincdif,original microdata,Related study using ESS10 questionnaire,55+,Disagree,10.23890324046653,1.625936152283661,7.036624600738489,13.441181880194573,644,644,299,250,454.92831619960054,567.5266037617274,True,Stratified PSU Taylor linearization; fixed supplied weights; no FPC,all eligible adults,
ESS,10,2022,2022,gincdif,Should the government take measures to reduce differences in income levels?,ordinal,ESS10UAe4.sav,4dd67ab20a1ddf8df15f5000e7302e0fd68bc35a46357afea0e2b47d455c3aa8,gincdif,original microdata,Related study using ESS10 questionnaire,55+,Neither agree nor disagree,15.858565586877768,1.92082815109113,12.075497629265664,19.641633544489874,644,644,299,250,454.92831619960054,567.5266037617274,True,Stratified PSU Taylor linearization; fixed supplied weights; no FPC,all eligible adults,
ESS,10,2022,2022,gincdif,Should the government take measures to reduce differences in income levels?,ordinal,ESS10UAe4.sav,4dd67ab20a1ddf8df15f5000e7302e0fd68bc35a46357afea0e2b47d455c3aa8,gincdif,original microdata,Related study using ESS10 questionnaire,55+,Don't know,0.94737516989458,0.3052930375294088,0.3461010229577456,1.5486493168314146,644,644,299,250,454.92831619960054,567.5266037617274,True,Stratified PSU Taylor linearization; fixed supplied weights; no FPC,all eligible adults,
ESS,10,2022,2022,gincdif,Should the government take measures to reduce differences in income levels?,ordinal,ESS10UAe4.sav,4dd67ab20a1ddf8df15f5000e7302e0fd68bc35a46357afea0e2b47d455c3aa8,gincdif,original microdata,Related study using ESS10 questionnaire,55+,Refused / no answer,0.1558438057353676,0.1555953668548672,0.0,0.4622886307798035,644,644,299,250,454.92831619960054,567.5266037617274,True,Stratified PSU Taylor linearization; fixed supplied weights; no FPC,all eligible adults,
ESS,10,2022,2022,imbgeco,Is immigration bad or good for Ukraine's economy?,numeric,ESS10UAe4.sav,4dd67ab20a1ddf8df15f5000e7302e0fd68bc35a46357afea0e2b47d455c3aa8,imbgeco,original microdata,Related study using ESS10 questionnaire,All,Mean,5.774920916776529,0.09535727860323265,5.587114909766449,5.962726923786609,1312,1507,299,250,921.969982476788,1323.7999096099297,True,Stratified PSU Taylor linearization; fixed supplied weights; no FPC,valid 0–10 ratings,11.578235604203051
ESS,10,2022,2022,imbgeco,Is immigration bad or good for Ukraine's economy?,numeric,ESS10UAe4.sav,4dd67ab20a1ddf8df15f5000e7302e0fd68bc35a46357afea0e2b47d455c3aa8,imbgeco,original microdata,Related study using ESS10 questionnaire,18-34,Mean,6.2393854524274985,0.1721998284247127,5.900238166997629,6.578532737857368,283,311,299,250,203.56333188162833,352.61116848417566,True,Stratified PSU Taylor linearization; fixed supplied weights; no FPC,valid 0–10 ratings,11.578235604203051
ESS,10,2022,2022,imbgeco,Is immigration bad or good for Ukraine's economy?,numeric,ESS10UAe4.sav,4dd67ab20a1ddf8df15f5000e7302e0fd68bc35a46357afea0e2b47d455c3aa8,imbgeco,original microdata,Related study using ESS10 questionnaire,35-54,Mean,5.815750767308172,0.16184968744913905,5.496988067901377,6.134513466714967,492,552,299,250,352.50287657097306,491.7527169987976,True,Stratified PSU Taylor linearization; fixed supplied weights; no FPC,valid 0–10 ratings,11.578235604203051
ESS,10,2022,2022,imbgeco,Is immigration bad or good for Ukraine's economy?,numeric,ESS10UAe4.sav,4dd67ab20a1ddf8df15f5000e7302e0fd68bc35a46357afea0e2b47d455c3aa8,imbgeco,original microdata,Related study using ESS10 questionnaire,55+,Mean,5.391442072224259,0.16828730177964507,5.060000501736067,5.722883642712451,537,644,299,250,380.58557176158826,479.4360241269566,True,Stratified PSU Taylor linearization; fixed supplied weights; no FPC,valid 0–10 ratings,11.578235604203051
ESS,10,2022,2022,gvctzpv,How important is government protection against poverty for democracy?,numeric,ESS10UAe4.sav,4dd67ab20a1ddf8df15f5000e7302e0fd68bc35a46357afea0e2b47d455c3aa8,gvctzpv,original microdata,Related study using ESS10 questionnaire,All,Mean,9.39487894476538,0.04523081911724285,9.305796919180848,9.483960970349914,1498,1507,299,250,1057.0593175619374,1491.5647685116874,True,Stratified PSU Taylor linearization; fixed supplied weights; no FPC,valid 0–10 ratings,0.37256568383245686
ESS,10,2022,2022,gvctzpv,How important is government protection against poverty for democracy?,numeric,ESS10UAe4.sav,4dd67ab20a1ddf8df15f5000e7302e0fd68bc35a46357afea0e2b47d455c3aa8,gvctzpv,original microdata,Related study using ESS10 questionnaire,18-34,Mean,9.080531448901532,0.10787169166846881,8.868078325464861,9.292984572338202,308,311,299,250,224.72370510133112,382.6668316045776,True,Stratified PSU Taylor linearization; fixed supplied weights; no FPC,valid 0–10 ratings,0.37256568383245686
ESS,10,2022,2022,gvctzpv,How important is government protection against poverty for democracy?,numeric,ESS10UAe4.sav,4dd67ab20a1ddf8df15f5000e7302e0fd68bc35a46357afea0e2b47d455c3aa8,gvctzpv,original microdata,Related study using ESS10 questionnaire,35-54,Mean,9.423763075346342,0.07402447754548838,9.277971985746662,9.569554164946021,551,552,299,250,396.77826081538547,544.7096204343759,True,Stratified PSU Taylor linearization; fixed supplied weights; no FPC,valid 0–10 ratings,0.37256568383245686
ESS,10,2022,2022,gvctzpv,How important is government protection against poverty for democracy?,numeric,ESS10UAe4.sav,4dd67ab20a1ddf8df15f5000e7302e0fd68bc35a46357afea0e2b47d455c3aa8,gvctzpv,original microdata,Related study using ESS10 questionnaire,55+,Mean,9.580201634737769,0.06375474192655294,9.454636772940443,9.705766496535094,639,644,299,250,451.3334732473861,564.1883164727337,True,Stratified PSU Taylor linearization; fixed supplied weights; no FPC,valid 0–10 ratings,0.37256568383245686
ESS,10,2022,2022,grdfinc,How important is government reduction of income differences for democracy?,numeric,ESS10UAe4.sav,4dd67ab20a1ddf8df15f5000e7302e0fd68bc35a46357afea0e2b47d455c3aa8,grdfinc,original microdata,Related study using ESS10 questionnaire,All,Mean,8.960855057924395,0.06361987975525586,8.835555806956771,9.086154308892018,1486,1507,299,250,1047.2858206430237,1481.595646743077,True,Stratified PSU Taylor linearization; fixed supplied weights; no FPC,valid 0–10 ratings,1.0384422486048526
ESS,10,2022,2022,grdfinc,How important is government reduction of income differences for democracy?,numeric,ESS10UAe4.sav,4dd67ab20a1ddf8df15f5000e7302e0fd68bc35a46357afea0e2b47d455c3aa8,grdfinc,original microdata,Related study using ESS10 questionnaire,18-34,Mean,8.603465082900623,0.13535044552535863,8.336892597889593,8.870037567911654,306,311,299,250,222.75069402852984,380.09642467603464,True,Stratified PSU Taylor linearization; fixed supplied weights; no FPC,valid 0–10 ratings,1.0384422486048526
ESS,10,2022,2022,grdfinc,How important is government reduction of income differences for democracy?,numeric,ESS10UAe4.sav,4dd67ab20a1ddf8df15f5000e7302e0fd68bc35a46357afea0e2b47d455c3aa8,grdfinc,original microdata,Related study using ESS10 questionnaire,35-54,Mean,8.849610550160364,0.11687390910865571,8.619427573938017,9.07979352638271,546,552,299,250,393.57385825176004,541.91884454232,True,Stratified PSU Taylor linearization; fixed supplied weights; no FPC,valid 0–10 ratings,1.0384422486048526
ESS,10,2022,2022,grdfinc,How important is government reduction of income differences for democracy?,numeric,ESS10UAe4.sav,4dd67ab20a1ddf8df15f5000e7302e0fd68bc35a46357afea0e2b47d455c3aa8,grdfinc,original microdata,Related study using ESS10 questionnaire,55+,Mean,9.311346523865923,0.0634511143328942,9.186379656126507,9.43631339160534,634,644,299,250,446.5322202532992,559.5803775247224,True,Stratified PSU Taylor linearization; fixed supplied weights; no FPC,valid 0–10 ratings,1.0384422486048526
ESS,10,2022,2022,gvctzpvc,To what extent does the government in Ukraine protect citizens against poverty?,numeric,ESS10UAe4.sav,4dd67ab20a1ddf8df15f5000e7302e0fd68bc35a46357afea0e2b47d455c3aa8,gvctzpvc,original microdata,Related study using ESS10 questionnaire,All,Mean,1.776132060872339,0.07666808209494876,1.6251343963596563,1.9271297253850217,1482,1507,299,250,1044.3564153143088,1471.560257259442,True,Stratified PSU Taylor linearization; fixed supplied weights; no FPC,valid 0–10 ratings,1.708745092788837
ESS,10,2022,2022,gvctzpvc,To what extent does the government in Ukraine protect citizens against poverty?,numeric,ESS10UAe4.sav,4dd67ab20a1ddf8df15f5000e7302e0fd68bc35a46357afea0e2b47d455c3aa8,gvctzpvc,original microdata,Related study using ESS10 questionnaire,18-34,Mean,2.3011509820324805,0.16888293945294616,1.9685363041036612,2.6337656599612997,306,311,299,250,223.11757500740495,380.72971172368966,True,Stratified PSU Taylor linearization; fixed supplied weights; no FPC,valid 0–10 ratings,1.708745092788837
ESS,10,2022,2022,gvctzpvc,To what extent does the government in Ukraine protect citizens against poverty?,numeric,ESS10UAe4.sav,4dd67ab20a1ddf8df15f5000e7302e0fd68bc35a46357afea0e2b47d455c3aa8,gvctzpvc,original microdata,Related study using ESS10 questionnaire,35-54,Mean,1.59762591122294,0.10585693218233252,1.3891408533573442,1.806110969088536,543,552,299,250,389.5270313292996,536.3609979023364,True,Stratified PSU Taylor linearization; fixed supplied weights; no FPC,valid 0–10 ratings,1.708745092788837
ESS,10,2022,2022,gvctzpvc,To what extent does the government in Ukraine protect citizens against poverty?,numeric,ESS10UAe4.sav,4dd67ab20a1ddf8df15f5000e7302e0fd68bc35a46357afea0e2b47d455c3aa8,gvctzpvc,original microdata,Related study using ESS10 questionnaire,55+,Mean,1.588301067466758,0.1011564434002916,1.3890736147056857,1.7875285202278302,633,644,299,250,448.62193985593876,554.4695476334159,True,Stratified PSU Taylor linearization; fixed supplied weights; no FPC,valid 0–10 ratings,1.708745092788837
ESS,10,2022,2022,grdfincc,To what extent does the government in Ukraine reduce income differences?,numeric,ESS10UAe4.sav,4dd67ab20a1ddf8df15f5000e7302e0fd68bc35a46357afea0e2b47d455c3aa8,grdfincc,original microdata,Related study using ESS10 questionnaire,All,Mean,1.8878975061162675,0.0746147016626356,1.740943971066108,2.034851041166427,1464,1507,299,250,1034.324385303753,1454.1959243031993,True,Stratified PSU Taylor linearization; fixed supplied weights; no FPC,valid 0–10 ratings,2.8685766854647134
ESS,10,2022,2022,grdfincc,To what extent does the government in Ukraine reduce income differences?,numeric,ESS10UAe4.sav,4dd67ab20a1ddf8df15f5000e7302e0fd68bc35a46357afea0e2b47d455c3aa8,grdfincc,original microdata,Related study using ESS10 questionnaire,18-34,Mean,2.5957084343839654,0.16243249570115112,2.2757978950611597,2.915618973706771,301,311,299,250,219.38630020062436,376.0588944408403,True,Stratified PSU Taylor linearization; fixed supplied weights; no FPC,valid 0–10 ratings,2.8685766854647134
ESS,10,2022,2022,grdfincc,To what extent does the government in Ukraine reduce income differences?,numeric,ESS10UAe4.sav,4dd67ab20a1ddf8df15f5000e7302e0fd68bc35a46357afea0e2b47d455c3aa8,grdfincc,original microdata,Related study using ESS10 questionnaire,35-54,Mean,1.7724715075218624,0.10774007633255477,1.5602776002778234,1.9846654147659015,535,552,299,250,386.4431342124703,524.0145877058687,True,Stratified PSU Taylor linearization; fixed supplied weights; no FPC,valid 0–10 ratings,2.8685766854647134
ESS,10,2022,2022,grdfincc,To what extent does the government in Ukraine reduce income differences?,numeric,ESS10UAe4.sav,4dd67ab20a1ddf8df15f5000e7302e0fd68bc35a46357afea0e2b47d455c3aa8,grdfincc,original microdata,Related study using ESS10 questionnaire,55+,Mean,1.5166913024963462,0.1084236130774338,1.3031511707314236,1.7302314342612688,628,644,299,250,445.4343755749423,554.1224421564903,True,Stratified PSU Taylor linearization; fixed supplied weights; no FPC,valid 0–10 ratings,2.8685766854647134
ESS,11,2024,2024,gincdif,Should the government take measures to reduce differences in income levels?,ordinal,ESS2e03_6-ESS3e03_7-ESS4e04_6-ESS5e03_6-ESS6e02_7-ESS11e04_2-subset.sav,3aef7081ad1e48f989b7c93ef68f05e922159010a21d894d10d83899b764a852,gincdif,original microdata,ESS integrated round,All,Agree,63.54036240346202,1.3941277503220186,60.79058972028118,66.29013508664285,2581,2581,233,192,1970.8959511961216,2550.7575619518757,True,Stratified PSU Taylor linearization; fixed supplied weights; no FPC,all eligible adults,
ESS,11,2024,2024,gincdif,Should the government take measures to reduce differences in income levels?,ordinal,ESS2e03_6-ESS3e03_7-ESS4e04_6-ESS5e03_6-ESS6e02_7-ESS11e04_2-subset.sav,3aef7081ad1e48f989b7c93ef68f05e922159010a21d894d10d83899b764a852,gincdif,original microdata,ESS integrated round,All,Disagree,11.492019917435453,0.8418174165735021,9.83162219865753,13.152417636213375,2581,2581,233,192,1970.8959511961216,2550.7575619518757,True,Stratified PSU Taylor linearization; fixed supplied weights; no FPC,all eligible adults,
ESS,11,2024,2024,gincdif,Should the government take measures to reduce differences in income levels?,ordinal,ESS2e03_6-ESS3e03_7-ESS4e04_6-ESS5e03_6-ESS6e02_7-ESS11e04_2-subset.sav,3aef7081ad1e48f989b7c93ef68f05e922159010a21d894d10d83899b764a852,gincdif,original microdata,ESS integrated round,All,Neither agree nor disagree,21.45990208562543,1.1093614077235296,19.271801537430626,23.648002633820234,2581,2581,233,192,1970.8959511961216,2550.7575619518757,True,Stratified PSU Taylor linearization; fixed supplied weights; no FPC,all eligible adults,
ESS,11,2024,2024,gincdif,Should the government take measures to reduce differences in income levels?,ordinal,ESS2e03_6-ESS3e03_7-ESS4e04_6-ESS5e03_6-ESS6e02_7-ESS11e04_2-subset.sav,3aef7081ad1e48f989b7c93ef68f05e922159010a21d894d10d83899b764a852,gincdif,original microdata,ESS integrated round,All,Don't know,2.8853211648633104,0.40302810370687137,2.0903899472103054,3.6802523825163154,2581,2581,233,192,1970.8959511961216,2550.7575619518757,True,Stratified PSU Taylor linearization; fixed supplied weights; no FPC,all eligible adults,
ESS,11,2024,2024,gincdif,Should the government take measures to reduce differences in income levels?,ordinal,ESS2e03_6-ESS3e03_7-ESS4e04_6-ESS5e03_6-ESS6e02_7-ESS11e04_2-subset.sav,3aef7081ad1e48f989b7c93ef68f05e922159010a21d894d10d83899b764a852,gincdif,original microdata,ESS integrated round,All,Refused / no answer,0.6223944286137911,0.25935393551063324,0.11084563620373078,1.1339432210238516,2581,2581,233,192,1970.8959511961216,2550.7575619518757,True,Stratified PSU Taylor linearization; fixed supplied weights; no FPC,all eligible adults,
ESS,11,2024,2024,gincdif,Should the government take measures to reduce differences in income levels?,ordinal,ESS2e03_6-ESS3e03_7-ESS4e04_6-ESS5e03_6-ESS6e02_7-ESS11e04_2-subset.sav,3aef7081ad1e48f989b7c93ef68f05e922159010a21d894d10d83899b764a852,gincdif,original microdata,ESS integrated round,18-34,Agree,55.177216940474295,2.4253290632953313,50.39350640574488,59.96092747520371,476,476,233,192,371.8987289324814,518.8243973553181,True,Stratified PSU Taylor linearization; fixed supplied weights; no FPC,all eligible adults,
ESS,11,2024,2024,gincdif,Should the government take measures to reduce differences in income levels?,ordinal,ESS2e03_6-ESS3e03_7-ESS4e04_6-ESS5e03_6-ESS6e02_7-ESS11e04_2-subset.sav,3aef7081ad1e48f989b7c93ef68f05e922159010a21d894d10d83899b764a852,gincdif,original microdata,ESS integrated round,18-34,Disagree,15.075036311280522,1.7099805743060974,11.702276626301375,18.44779599625967,476,476,233,192,371.8987289324814,518.8243973553181,True,Stratified PSU Taylor linearization; fixed supplied weights; no FPC,all eligible adults,
ESS,11,2024,2024,gincdif,Should the government take measures to reduce differences in income levels?,ordinal,ESS2e03_6-ESS3e03_7-ESS4e04_6-ESS5e03_6-ESS6e02_7-ESS11e04_2-subset.sav,3aef7081ad1e48f989b7c93ef68f05e922159010a21d894d10d83899b764a852,gincdif,original microdata,ESS integrated round,18-34,Neither agree nor disagree,25.030910929149144,2.031361127623879,21.024261368428945,29.037560489869342,476,476,233,192,371.8987289324814,518.8243973553181,True,Stratified PSU Taylor linearization; fixed supplied weights; no FPC,all eligible adults,
ESS,11,2024,2024,gincdif,Should the government take measures to reduce differences in income levels?,ordinal,ESS2e03_6-ESS3e03_7-ESS4e04_6-ESS5e03_6-ESS6e02_7-ESS11e04_2-subset.sav,3aef7081ad1e48f989b7c93ef68f05e922159010a21d894d10d83899b764a852,gincdif,original microdata,ESS integrated round,18-34,Don't know,3.8898659953286296,0.8994961152686278,2.1157030136207933,5.664028977036466,476,476,233,192,371.8987289324814,518.8243973553181,True,Stratified PSU Taylor linearization; fixed supplied weights; no FPC,all eligible adults,
ESS,11,2024,2024,gincdif,Should the government take measures to reduce differences in income levels?,ordinal,ESS2e03_6-ESS3e03_7-ESS4e04_6-ESS5e03_6-ESS6e02_7-ESS11e04_2-subset.sav,3aef7081ad1e48f989b7c93ef68f05e922159010a21d894d10d83899b764a852,gincdif,original microdata,ESS integrated round,18-34,Refused / no answer,0.8269698237674076,0.4351668104423905,0.0,1.6852913138209709,476,476,233,192,371.8987289324814,518.8243973553181,True,Stratified PSU Taylor linearization; fixed supplied weights; no FPC,all eligible adults,
ESS,11,2024,2024,gincdif,Should the government take measures to reduce differences in income levels?,ordinal,ESS2e03_6-ESS3e03_7-ESS4e04_6-ESS5e03_6-ESS6e02_7-ESS11e04_2-subset.sav,3aef7081ad1e48f989b7c93ef68f05e922159010a21d894d10d83899b764a852,gincdif,original microdata,ESS integrated round,35-54,Agree,63.15529112548178,2.1575083769226135,58.89982917285565,67.41075307810792,855,855,233,192,657.5785122064984,948.5569288730621,True,Stratified PSU Taylor linearization; fixed supplied weights; no FPC,all eligible adults,
ESS,11,2024,2024,gincdif,Should the government take measures to reduce differences in income levels?,ordinal,ESS2e03_6-ESS3e03_7-ESS4e04_6-ESS5e03_6-ESS6e02_7-ESS11e04_2-subset.sav,3aef7081ad1e48f989b7c93ef68f05e922159010a21d894d10d83899b764a852,gincdif,original microdata,ESS integrated round,35-54,Disagree,11.784514894190652,1.4355922988729817,8.952957680933915,14.616072107447389,855,855,233,192,657.5785122064984,948.5569288730621,True,Stratified PSU Taylor linearization; fixed supplied weights; no FPC,all eligible adults,
ESS,11,2024,2024,gincdif,Should the government take measures to reduce differences in income levels?,ordinal,ESS2e03_6-ESS3e03_7-ESS4e04_6-ESS5e03_6-ESS6e02_7-ESS11e04_2-subset.sav,3aef7081ad1e48f989b7c93ef68f05e922159010a21d894d10d83899b764a852,gincdif,original microdata,ESS integrated round,35-54,Neither agree nor disagree,21.739309511600133,1.7651301978993992,18.257772902548183,25.220846120652084,855,855,233,192,657.5785122064984,948.5569288730621,True,Stratified PSU Taylor linearization; fixed supplied weights; no FPC,all eligible adults,
ESS,11,2024,2024,gincdif,Should the government take measures to reduce differences in income levels?,ordinal,ESS2e03_6-ESS3e03_7-ESS4e04_6-ESS5e03_6-ESS6e02_7-ESS11e04_2-subset.sav,3aef7081ad1e48f989b7c93ef68f05e922159010a21d894d10d83899b764a852,gincdif,original microdata,ESS integrated round,35-54,Don't know,2.4296952807532395,0.5523349855507123,1.3402716932221728,3.5191188682843064,855,855,233,192,657.5785122064984,948.5569288730621,True,Stratified PSU Taylor linearization; fixed supplied weights; no FPC,all eligible adults,
ESS,11,2024,2024,gincdif,Should the government take measures to reduce differences in income levels?,ordinal,ESS2e03_6-ESS3e03_7-ESS4e04_6-ESS5e03_6-ESS6e02_7-ESS11e04_2-subset.sav,3aef7081ad1e48f989b7c93ef68f05e922159010a21d894d10d83899b764a852,gincdif,original microdata,ESS integrated round,35-54,Refused / no answer,0.8911891879741966,0.5009361156938942,0.0,1.879233824942089,855,855,233,192,657.5785122064984,948.5569288730621,True,Stratified PSU Taylor linearization; fixed supplied weights; no FPC,all eligible adults,
ESS,11,2024,2024,gincdif,Should the government take measures to reduce differences in income levels?,ordinal,ESS2e03_6-ESS3e03_7-ESS4e04_6-ESS5e03_6-ESS6e02_7-ESS11e04_2-subset.sav,3aef7081ad1e48f989b7c93ef68f05e922159010a21d894d10d83899b764a852,gincdif,original microdata,ESS integrated round,55+,Agree,67.88258976506373,1.8028881452381966,64.32657951316145,71.438600016966,1250,1250,233,192,970.699363181009,1083.3762357234955,True,Stratified PSU Taylor linearization; fixed supplied weights; no FPC,all eligible adults,
ESS,11,2024,2024,gincdif,Should the government take measures to reduce differences in income levels?,ordinal,ESS2e03_6-ESS3e03_7-ESS4e04_6-ESS5e03_6-ESS6e02_7-ESS11e04_2-subset.sav,3aef7081ad1e48f989b7c93ef68f05e922159010a21d894d10d83899b764a852,gincdif,original microdata,ESS integrated round,55+,Disagree,9.520032358851175,1.0559989598608237,7.437183715588784,11.602881002113566,1250,1250,233,192,970.699363181009,1083.3762357234955,True,Stratified PSU Taylor linearization; fixed supplied weights; no FPC,all eligible adults,
ESS,11,2024,2024,gincdif,Should the government take measures to reduce differences in income levels?,ordinal,ESS2e03_6-ESS3e03_7-ESS4e04_6-ESS5e03_6-ESS6e02_7-ESS11e04_2-subset.sav,3aef7081ad1e48f989b7c93ef68f05e922159010a21d894d10d83899b764a852,gincdif,original microdata,ESS integrated round,55+,Neither agree nor disagree,19.505123781240414,1.5290331607747791,16.489264139823067,22.52098342265776,1250,1250,233,192,970.699363181009,1083.3762357234955,True,Stratified PSU Taylor linearization; fixed supplied weights; no FPC,all eligible adults,
ESS,11,2024,2024,gincdif,Should the government take measures to reduce differences in income levels?,ordinal,ESS2e03_6-ESS3e03_7-ESS4e04_6-ESS5e03_6-ESS6e02_7-ESS11e04_2-subset.sav,3aef7081ad1e48f989b7c93ef68f05e922159010a21d894d10d83899b764a852,gincdif,original microdata,ESS integrated round,55+,Don't know,2.8031749316328805,0.558226480863999,1.702130979417285,3.904218883848476,1250,1250,233,192,970.699363181009,1083.3762357234955,True,Stratified PSU Taylor linearization; fixed supplied weights; no FPC,all eligible adults,
ESS,11,2024,2024,gincdif,Should the government take measures to reduce differences in income levels?,ordinal,ESS2e03_6-ESS3e03_7-ESS4e04_6-ESS5e03_6-ESS6e02_7-ESS11e04_2-subset.sav,3aef7081ad1e48f989b7c93ef68f05e922159010a21d894d10d83899b764a852,gincdif,original microdata,ESS integrated round,55+,Refused / no answer,0.2890791632118056,0.15162297510334458,0.0,0.588139787308472,1250,1250,233,192,970.699363181009,1083.3762357234955,True,Stratified PSU Taylor linearization; fixed supplied weights; no FPC,all eligible adults,
ESS,11,2024,2024,imbgeco,Is immigration bad or good for Ukraine's economy?,numeric,ESS2e03_6-ESS3e03_7-ESS4e04_6-ESS5e03_6-ESS6e02_7-ESS11e04_2-subset.sav,3aef7081ad1e48f989b7c93ef68f05e922159010a21d894d10d83899b764a852,imbgeco,original microdata,ESS integrated round,All,Mean,6.101952102051879,0.09530117400693473,5.913980400822345,6.289923803281413,2349,2581,233,192,1801.6858497168196,2337.3266439139843,True,Stratified PSU Taylor linearization; fixed supplied weights; no FPC,valid 0–10 ratings,8.367354123398973
ESS,11,2024,2024,imbgeco,Is immigration bad or good for Ukraine's economy?,numeric,ESS2e03_6-ESS3e03_7-ESS4e04_6-ESS5e03_6-ESS6e02_7-ESS11e04_2-subset.sav,3aef7081ad1e48f989b7c93ef68f05e922159010a21d894d10d83899b764a852,imbgeco,original microdata,ESS integrated round,18-34,Mean,6.6693168051491085,0.1948517338554884,6.284991928965786,7.053641681332431,445,476,233,192,344.2869379420057,483.7830974459648,True,Stratified PSU Taylor linearization; fixed supplied weights; no FPC,valid 0–10 ratings,8.367354123398973
ESS,11,2024,2024,imbgeco,Is immigration bad or good for Ukraine's economy?,numeric,ESS2e03_6-ESS3e03_7-ESS4e04_6-ESS5e03_6-ESS6e02_7-ESS11e04_2-subset.sav,3aef7081ad1e48f989b7c93ef68f05e922159010a21d894d10d83899b764a852,imbgeco,original microdata,ESS integrated round,35-54,Mean,6.248386669027222,0.13045317333858175,5.99108128765322,6.505692050401224,792,855,233,192,613.4719589074422,877.4797194004059,True,Stratified PSU Taylor linearization; fixed supplied weights; no FPC,valid 0–10 ratings,8.367354123398973
ESS,11,2024,2024,imbgeco,Is immigration bad or good for Ukraine's economy?,numeric,ESS2e03_6-ESS3e03_7-ESS4e04_6-ESS5e03_6-ESS6e02_7-ESS11e04_2-subset.sav,3aef7081ad1e48f989b7c93ef68f05e922159010a21d894d10d83899b764a852,imbgeco,original microdata,ESS integrated round,55+,Mean,5.689095068514853,0.1062316299221382,5.479564174389693,5.898625962640014,1112,1250,233,192,868.2141786624717,976.0638270676136,True,Stratified PSU Taylor linearization; fixed supplied weights; no FPC,valid 0–10 ratings,8.367354123398973
ESS,11,2024,2024,fineqpy,Making businesses pay a fine when they pay men more than women for doing the same work?,ordinal,ESS2e03_6-ESS3e03_7-ESS4e04_6-ESS5e03_6-ESS6e02_7-ESS11e04_2-subset.sav,3aef7081ad1e48f989b7c93ef68f05e922159010a21d894d10d83899b764a852,fineqpy,original microdata,ESS integrated round,All,In favour,62.64088447907263,1.3773222371604141,59.924258931086506,65.35751002705877,2581,2581,233,192,1970.8959511961216,2550.7575619518757,True,Stratified PSU Taylor linearization; fixed supplied weights; no FPC,all eligible adults,
ESS,11,2024,2024,fineqpy,Making businesses pay a fine when they pay men more than women for doing the same work?,ordinal,ESS2e03_6-ESS3e03_7-ESS4e04_6-ESS5e03_6-ESS6e02_7-ESS11e04_2-subset.sav,3aef7081ad1e48f989b7c93ef68f05e922159010a21d894d10d83899b764a852,fineqpy,original microdata,ESS integrated round,All,Against,11.389928817861556,0.7919909810686585,9.82780858564815,12.952049050074962,2581,2581,233,192,1970.8959511961216,2550.7575619518757,True,Stratified PSU Taylor linearization; fixed supplied weights; no FPC,all eligible adults,
ESS,11,2024,2024,fineqpy,Making businesses pay a fine when they pay men more than women for doing the same work?,ordinal,ESS2e03_6-ESS3e03_7-ESS4e04_6-ESS5e03_6-ESS6e02_7-ESS11e04_2-subset.sav,3aef7081ad1e48f989b7c93ef68f05e922159010a21d894d10d83899b764a852,fineqpy,original microdata,ESS integrated round,All,Neither in favour nor against,16.081477330082045,1.092674829579371,13.926289330070844,18.236665330093246,2581,2581,233,192,1970.8959511961216,2550.7575619518757,True,Stratified PSU Taylor linearization; fixed supplied weights; no FPC,all eligible adults,
ESS,11,2024,2024,fineqpy,Making businesses pay a fine when they pay men more than women for doing the same work?,ordinal,ESS2e03_6-ESS3e03_7-ESS4e04_6-ESS5e03_6-ESS6e02_7-ESS11e04_2-subset.sav,3aef7081ad1e48f989b7c93ef68f05e922159010a21d894d10d83899b764a852,fineqpy,original microdata,ESS integrated round,All,Don't know,9.404847391774013,0.7039673529735518,8.016344654768263,10.793350128779762,2581,2581,233,192,1970.8959511961216,2550.7575619518757,True,Stratified PSU Taylor linearization; fixed supplied weights; no FPC,all eligible adults,
ESS,11,2024,2024,fineqpy,Making businesses pay a fine when they pay men more than women for doing the same work?,ordinal,ESS2e03_6-ESS3e03_7-ESS4e04_6-ESS5e03_6-ESS6e02_7-ESS11e04_2-subset.sav,3aef7081ad1e48f989b7c93ef68f05e922159010a21d894d10d83899b764a852,fineqpy,original microdata,ESS integrated round,All,Refused / no answer,0.48286198120975093,0.14638033810901957,0.19414191592593238,0.7715820464935694,2581,2581,233,192,1970.8959511961216,2550.7575619518757,True,Stratified PSU Taylor linearization; fixed supplied weights; no FPC,all eligible adults,
ESS,11,2024,2024,fineqpy,Making businesses pay a fine when they pay men more than women for doing the same work?,ordinal,ESS2e03_6-ESS3e03_7-ESS4e04_6-ESS5e03_6-ESS6e02_7-ESS11e04_2-subset.sav,3aef7081ad1e48f989b7c93ef68f05e922159010a21d894d10d83899b764a852,fineqpy,original microdata,ESS integrated round,18-34,In favour,56.31880984361143,2.2382768943445326,51.90404035061354,60.733579336609324,476,476,233,192,371.8987289324814,518.8243973553181,True,Stratified PSU Taylor linearization; fixed supplied weights; no FPC,all eligible adults,
ESS,11,2024,2024,fineqpy,Making businesses pay a fine when they pay men more than women for doing the same work?,ordinal,ESS2e03_6-ESS3e03_7-ESS4e04_6-ESS5e03_6-ESS6e02_7-ESS11e04_2-subset.sav,3aef7081ad1e48f989b7c93ef68f05e922159010a21d894d10d83899b764a852,fineqpy,original microdata,ESS integrated round,18-34,Against,12.771073886527875,1.5557944266735992,9.702430418148532,15.839717354907217,476,476,233,192,371.8987289324814,518.8243973553181,True,Stratified PSU Taylor linearization; fixed supplied weights; no FPC,all eligible adults,
ESS,11,2024,2024,fineqpy,Making businesses pay a fine when they pay men more than women for doing the same work?,ordinal,ESS2e03_6-ESS3e03_7-ESS4e04_6-ESS5e03_6-ESS6e02_7-ESS11e04_2-subset.sav,3aef7081ad1e48f989b7c93ef68f05e922159010a21d894d10d83899b764a852,fineqpy,original microdata,ESS integrated round,18-34,Neither in favour nor against,20.115176606328337,2.0441822294509513,16.08323874934962,24.147114463307055,476,476,233,192,371.8987289324814,518.8243973553181,True,Stratified PSU Taylor linearization; fixed supplied weights; no FPC,all eligible adults,
ESS,11,2024,2024,fineqpy,Making businesses pay a fine when they pay men more than women for doing the same work?,ordinal,ESS2e03_6-ESS3e03_7-ESS4e04_6-ESS5e03_6-ESS6e02_7-ESS11e04_2-subset.sav,3aef7081ad1e48f989b7c93ef68f05e922159010a21d894d10d83899b764a852,fineqpy,original microdata,ESS integrated round,18-34,Don't know,10.216463526696701,1.449133139755869,7.358198406393095,13.074728647000308,476,476,233,192,371.8987289324814,518.8243973553181,True,Stratified PSU Taylor linearization; fixed supplied weights; no FPC,all eligible adults,
ESS,11,2024,2024,fineqpy,Making businesses pay a fine when they pay men more than women for doing the same work?,ordinal,ESS2e03_6-ESS3e03_7-ESS4e04_6-ESS5e03_6-ESS6e02_7-ESS11e04_2-subset.sav,3aef7081ad1e48f989b7c93ef68f05e922159010a21d894d10d83899b764a852,fineqpy,original microdata,ESS integrated round,18-34,Refused / no answer,0.5784761368356597,0.3625696570040928,0.0,1.2936072561680259,476,476,233,192,371.8987289324814,518.8243973553181,True,Stratified PSU Taylor linearization; fixed supplied weights; no FPC,all eligible adults,
ESS,11,2024,2024,fineqpy,Making businesses pay a fine when they pay men more than women for doing the same work?,ordinal,ESS2e03_6-ESS3e03_7-ESS4e04_6-ESS5e03_6-ESS6e02_7-ESS11e04_2-subset.sav,3aef7081ad1e48f989b7c93ef68f05e922159010a21d894d10d83899b764a852,fineqpy,original microdata,ESS integrated round,35-54,In favour,66.7512450869112,1.8635523878368268,63.07558089575907,70.42690927806332,855,855,233,192,657.5785122064984,948.5569288730621,True,Stratified PSU Taylor linearization; fixed supplied weights; no FPC,all eligible adults,
ESS,11,2024,2024,fineqpy,Making businesses pay a fine when they pay men more than women for doing the same work?,ordinal,ESS2e03_6-ESS3e03_7-ESS4e04_6-ESS5e03_6-ESS6e02_7-ESS11e04_2-subset.sav,3aef7081ad1e48f989b7c93ef68f05e922159010a21d894d10d83899b764a852,fineqpy,original microdata,ESS integrated round,35-54,Against,11.550145214202518,1.2898810283088733,9.005988399751562,14.094302028653473,855,855,233,192,657.5785122064984,948.5569288730621,True,Stratified PSU Taylor linearization; fixed supplied weights; no FPC,all eligible adults,
ESS,11,2024,2024,fineqpy,Making businesses pay a fine when they pay men more than women for doing the same work?,ordinal,ESS2e03_6-ESS3e03_7-ESS4e04_6-ESS5e03_6-ESS6e02_7-ESS11e04_2-subset.sav,3aef7081ad1e48f989b7c93ef68f05e922159010a21d894d10d83899b764a852,fineqpy,original microdata,ESS integrated round,35-54,Neither in favour nor against,14.406053409311248,1.5312048145768957,11.385910405554256,17.42619641306824,855,855,233,192,657.5785122064984,948.5569288730621,True,Stratified PSU Taylor linearization; fixed supplied weights; no FPC,all eligible adults,
ESS,11,2024,2024,fineqpy,Making businesses pay a fine when they pay men more than women for doing the same work?,ordinal,ESS2e03_6-ESS3e03_7-ESS4e04_6-ESS5e03_6-ESS6e02_7-ESS11e04_2-subset.sav,3aef7081ad1e48f989b7c93ef68f05e922159010a21d894d10d83899b764a852,fineqpy,original microdata,ESS integrated round,35-54,Don't know,6.678971832690318,0.9428677981350463,4.819262695874306,8.53868096950633,855,855,233,192,657.5785122064984,948.5569288730621,True,Stratified PSU Taylor linearization; fixed supplied weights; no FPC,all eligible adults,
ESS,11,2024,2024,fineqpy,Making businesses pay a fine when they pay men more than women for doing the same work?,ordinal,ESS2e03_6-ESS3e03_7-ESS4e04_6-ESS5e03_6-ESS6e02_7-ESS11e04_2-subset.sav,3aef7081ad1e48f989b7c93ef68f05e922159010a21d894d10d83899b764a852,fineqpy,original microdata,ESS integrated round,35-54,Refused / no answer,0.6135844568847135,0.2726756527463089,0.07575995614070818,1.151408957628719,855,855,233,192,657.5785122064984,948.5569288730621,True,Stratified PSU Taylor linearization; fixed supplied weights; no FPC,all eligible adults,
ESS,11,2024,2024,fineqpy,Making businesses pay a fine when they pay men more than women for doing the same work?,ordinal,ESS2e03_6-ESS3e03_7-ESS4e04_6-ESS5e03_6-ESS6e02_7-ESS11e04_2-subset.sav,3aef7081ad1e48f989b7c93ef68f05e922159010a21d894d10d83899b764a852,fineqpy,original microdata,ESS integrated round,55+,In favour,62.069647588741205,2.033347891015679,58.05907934287794,66.08021583460446,1250,1250,233,192,970.699363181009,1083.3762357234955,True,Stratified PSU Taylor linearization; fixed supplied weights; no FPC,all eligible adults,
ESS,11,2024,2024,fineqpy,Making businesses pay a fine when they pay men more than women for doing the same work?,ordinal,ESS2e03_6-ESS3e03_7-ESS4e04_6-ESS5e03_6-ESS6e02_7-ESS11e04_2-subset.sav,3aef7081ad1e48f989b7c93ef68f05e922159010a21d894d10d83899b764a852,fineqpy,original microdata,ESS integrated round,55+,Against,10.588225677124546,1.057818561293859,8.501788058380043,12.674663295869049,1250,1250,233,192,970.699363181009,1083.3762357234955,True,Stratified PSU Taylor linearization; fixed supplied weights; no FPC,all eligible adults,
ESS,11,2024,2024,fineqpy,Making businesses pay a fine when they pay men more than women for doing the same work?,ordinal,ESS2e03_6-ESS3e03_7-ESS4e04_6-ESS5e03_6-ESS6e02_7-ESS11e04_2-subset.sav,3aef7081ad1e48f989b7c93ef68f05e922159010a21d894d10d83899b764a852,fineqpy,original microdata,ESS integrated round,55+,Neither in favour nor against,15.616683465623707,1.5908039080210812,12.478987419071814,18.7543795121756,1250,1250,233,192,970.699363181009,1083.3762357234955,True,Stratified PSU Taylor linearization; fixed supplied weights; no FPC,all eligible adults,
ESS,11,2024,2024,fineqpy,Making businesses pay a fine when they pay men more than women for doing the same work?,ordinal,ESS2e03_6-ESS3e03_7-ESS4e04_6-ESS5e03_6-ESS6e02_7-ESS11e04_2-subset.sav,3aef7081ad1e48f989b7c93ef68f05e922159010a21d894d10d83899b764a852,fineqpy,original microdata,ESS integrated round,55+,Don't know,11.4028254028792,1.2536774920352296,8.930076316347597,13.875574489410804,1250,1250,233,192,970.699363181009,1083.3762357234955,True,Stratified PSU Taylor linearization; fixed supplied weights; no FPC,all eligible adults,
ESS,11,2024,2024,fineqpy,Making businesses pay a fine when they pay men more than women for doing the same work?,ordinal,ESS2e03_6-ESS3e03_7-ESS4e04_6-ESS5e03_6-ESS6e02_7-ESS11e04_2-subset.sav,3aef7081ad1e48f989b7c93ef68f05e922159010a21d894d10d83899b764a852,fineqpy,original microdata,ESS integrated round,55+,Refused / no answer,0.3226178656313435,0.16228986457847147,0.0025179061606856457,0.6427178251020014,1250,1250,233,192,970.699363181009,1083.3762357234955,True,Stratified PSU Taylor linearization; fixed supplied weights; no FPC,all eligible adults,
ESS,11,2024,2024,eqparlv,Require both parents to take equal periods of paid leave to care for their child?,ordinal,ESS2e03_6-ESS3e03_7-ESS4e04_6-ESS5e03_6-ESS6e02_7-ESS11e04_2-subset.sav,3aef7081ad1e48f989b7c93ef68f05e922159010a21d894d10d83899b764a852,eqparlv,original microdata,ESS integrated round,All,In favour,57.72315608768739,1.3521103288574472,55.05625841917741,60.390053756197375,2581,2581,233,192,1970.8959511961216,2550.7575619518757,True,Stratified PSU Taylor linearization; fixed supplied weights; no FPC,all eligible adults,
ESS,11,2024,2024,eqparlv,Require both parents to take equal periods of paid leave to care for their child?,ordinal,ESS2e03_6-ESS3e03_7-ESS4e04_6-ESS5e03_6-ESS6e02_7-ESS11e04_2-subset.sav,3aef7081ad1e48f989b7c93ef68f05e922159010a21d894d10d83899b764a852,eqparlv,original microdata,ESS integrated round,All,Against,16.13447423247782,1.0576669888034405,14.0483355747816,18.220612890174042,2581,2581,233,192,1970.8959511961216,2550.7575619518757,True,Stratified PSU Taylor linearization; fixed supplied weights; no FPC,all eligible adults,
ESS,11,2024,2024,eqparlv,Require both parents to take equal periods of paid leave to care for their child?,ordinal,ESS2e03_6-ESS3e03_7-ESS4e04_6-ESS5e03_6-ESS6e02_7-ESS11e04_2-subset.sav,3aef7081ad1e48f989b7c93ef68f05e922159010a21d894d10d83899b764a852,eqparlv,original microdata,ESS integrated round,All,Neither in favour nor against,18.55371248574458,1.0751798766928404,16.433031469422502,20.674393502066657,2581,2581,233,192,1970.8959511961216,2550.7575619518757,True,Stratified PSU Taylor linearization; fixed supplied weights; no FPC,all eligible adults,
ESS,11,2024,2024,eqparlv,Require both parents to take equal periods of paid leave to care for their child?,ordinal,ESS2e03_6-ESS3e03_7-ESS4e04_6-ESS5e03_6-ESS6e02_7-ESS11e04_2-subset.sav,3aef7081ad1e48f989b7c93ef68f05e922159010a21d894d10d83899b764a852,eqparlv,original microdata,ESS integrated round,All,Don't know,7.35711797535234,0.8431810557959579,5.694030619356626,9.020205331348054,2581,2581,233,192,1970.8959511961216,2550.7575619518757,True,Stratified PSU Taylor linearization; fixed supplied weights; no FPC,all eligible adults,
ESS,11,2024,2024,eqparlv,Require both parents to take equal periods of paid leave to care for their child?,ordinal,ESS2e03_6-ESS3e03_7-ESS4e04_6-ESS5e03_6-ESS6e02_7-ESS11e04_2-subset.sav,3aef7081ad1e48f989b7c93ef68f05e922159010a21d894d10d83899b764a852,eqparlv,original microdata,ESS integrated round,All,Refused / no answer,0.2315392187378617,0.10829136154177536,0.017945717193077,0.4451327202826464,2581,2581,233,192,1970.8959511961216,2550.7575619518757,True,Stratified PSU Taylor linearization; fixed supplied weights; no FPC,all eligible adults,
ESS,11,2024,2024,eqparlv,Require both parents to take equal periods of paid leave to care for their child?,ordinal,ESS2e03_6-ESS3e03_7-ESS4e04_6-ESS5e03_6-ESS6e02_7-ESS11e04_2-subset.sav,3aef7081ad1e48f989b7c93ef68f05e922159010a21d894d10d83899b764a852,eqparlv,original microdata,ESS integrated round,18-34,In favour,59.20816960016094,2.706858004944385,53.86917236871915,64.54716683160274,476,476,233,192,371.8987289324814,518.8243973553181,True,Stratified PSU Taylor linearization; fixed supplied weights; no FPC,all eligible adults,
ESS,11,2024,2024,eqparlv,Require both parents to take equal periods of paid leave to care for their child?,ordinal,ESS2e03_6-ESS3e03_7-ESS4e04_6-ESS5e03_6-ESS6e02_7-ESS11e04_2-subset.sav,3aef7081ad1e48f989b7c93ef68f05e922159010a21d894d10d83899b764a852,eqparlv,original microdata,ESS integrated round,18-34,Against,15.858400201694884,2.235527007271741,11.449054576310882,20.267745827078887,476,476,233,192,371.8987289324814,518.8243973553181,True,Stratified PSU Taylor linearization; fixed supplied weights; no FPC,all eligible adults,
ESS,11,2024,2024,eqparlv,Require both parents to take equal periods of paid leave to care for their child?,ordinal,ESS2e03_6-ESS3e03_7-ESS4e04_6-ESS5e03_6-ESS6e02_7-ESS11e04_2-subset.sav,3aef7081ad1e48f989b7c93ef68f05e922159010a21d894d10d83899b764a852,eqparlv,original microdata,ESS integrated round,18-34,Neither in favour nor against,17.7472632261199,1.8412928872843726,14.115503595755872,21.37902285648393,476,476,233,192,371.8987289324814,518.8243973553181,True,Stratified PSU Taylor linearization; fixed supplied weights; no FPC,all eligible adults,
ESS,11,2024,2024,eqparlv,Require both parents to take equal periods of paid leave to care for their child?,ordinal,ESS2e03_6-ESS3e03_7-ESS4e04_6-ESS5e03_6-ESS6e02_7-ESS11e04_2-subset.sav,3aef7081ad1e48f989b7c93ef68f05e922159010a21d894d10d83899b764a852,eqparlv,original microdata,ESS integrated round,18-34,Don't know,7.186166972024271,1.3911100166265897,4.442346456196026,9.929987487852515,476,476,233,192,371.8987289324814,518.8243973553181,True,Stratified PSU Taylor linearization; fixed supplied weights; no FPC,all eligible adults,
ESS,11,2024,2024,eqparlv,Require both parents to take equal periods of paid leave to care for their child?,ordinal,ESS2e03_6-ESS3e03_7-ESS4e04_6-ESS5e03_6-ESS6e02_7-ESS11e04_2-subset.sav,3aef7081ad1e48f989b7c93ef68f05e922159010a21d894d10d83899b764a852,eqparlv,original microdata,ESS integrated round,18-34,Refused / no answer,0.0,0.0,0.0,0.0,476,476,233,192,371.8987289324814,518.8243973553181,True,Stratified PSU Taylor linearization; fixed supplied weights; no FPC,all eligible adults,
ESS,11,2024,2024,eqparlv,Require both parents to take equal periods of paid leave to care for their child?,ordinal,ESS2e03_6-ESS3e03_7-ESS4e04_6-ESS5e03_6-ESS6e02_7-ESS11e04_2-subset.sav,3aef7081ad1e48f989b7c93ef68f05e922159010a21d894d10d83899b764a852,eqparlv,original microdata,ESS integrated round,35-54,In favour,57.44835721575694,2.020969408333952,53.46220424570293,61.43451018581096,855,855,233,192,657.5785122064984,948.5569288730621,True,Stratified PSU Taylor linearization; fixed supplied weights; no FPC,all eligible adults,
ESS,11,2024,2024,eqparlv,Require both parents to take equal periods of paid leave to care for their child?,ordinal,ESS2e03_6-ESS3e03_7-ESS4e04_6-ESS5e03_6-ESS6e02_7-ESS11e04_2-subset.sav,3aef7081ad1e48f989b7c93ef68f05e922159010a21d894d10d83899b764a852,eqparlv,original microdata,ESS integrated round,35-54,Against,16.92152407066207,1.5339501282160852,13.895966219915579,19.94708192140856,855,855,233,192,657.5785122064984,948.5569288730621,True,Stratified PSU Taylor linearization; fixed supplied weights; no FPC,all eligible adults,
ESS,11,2024,2024,eqparlv,Require both parents to take equal periods of paid leave to care for their child?,ordinal,ESS2e03_6-ESS3e03_7-ESS4e04_6-ESS5e03_6-ESS6e02_7-ESS11e04_2-subset.sav,3aef7081ad1e48f989b7c93ef68f05e922159010a21d894d10d83899b764a852,eqparlv,original microdata,ESS integrated round,35-54,Neither in favour nor against,18.980975304936788,1.5949339841648562,15.835133110690046,22.12681749918353,855,855,233,192,657.5785122064984,948.5569288730621,True,Stratified PSU Taylor linearization; fixed supplied weights; no FPC,all eligible adults,
ESS,11,2024,2024,eqparlv,Require both parents to take equal periods of paid leave to care for their child?,ordinal,ESS2e03_6-ESS3e03_7-ESS4e04_6-ESS5e03_6-ESS6e02_7-ESS11e04_2-subset.sav,3aef7081ad1e48f989b7c93ef68f05e922159010a21d894d10d83899b764a852,eqparlv,original microdata,ESS integrated round,35-54,Don't know,6.208628657314131,1.2424234234743572,3.7580770561250176,8.659180258503245,855,855,233,192,657.5785122064984,948.5569288730621,True,Stratified PSU Taylor linearization; fixed supplied weights; no FPC,all eligible adults,
ESS,11,2024,2024,eqparlv,Require both parents to take equal periods of paid leave to care for their child?,ordinal,ESS2e03_6-ESS3e03_7-ESS4e04_6-ESS5e03_6-ESS6e02_7-ESS11e04_2-subset.sav,3aef7081ad1e48f989b7c93ef68f05e922159010a21d894d10d83899b764a852,eqparlv,original microdata,ESS integrated round,35-54,Refused / no answer,0.4405147513300659,0.2591766258596623,0.0,0.9517138188066747,855,855,233,192,657.5785122064984,948.5569288730621,True,Stratified PSU Taylor linearization; fixed supplied weights; no FPC,all eligible adults,
ESS,11,2024,2024,eqparlv,Require both parents to take equal periods of paid leave to care for their child?,ordinal,ESS2e03_6-ESS3e03_7-ESS4e04_6-ESS5e03_6-ESS6e02_7-ESS11e04_2-subset.sav,3aef7081ad1e48f989b7c93ef68f05e922159010a21d894d10d83899b764a852,eqparlv,original microdata,ESS integrated round,55+,In favour,57.25259115387471,1.917128560309045,53.47125350812026,61.03392879962916,1250,1250,233,192,970.699363181009,1083.3762357234955,True,Stratified PSU Taylor linearization; fixed supplied weights; no FPC,all eligible adults,
ESS,11,2024,2024,eqparlv,Require both parents to take equal periods of paid leave to care for their child?,ordinal,ESS2e03_6-ESS3e03_7-ESS4e04_6-ESS5e03_6-ESS6e02_7-ESS11e04_2-subset.sav,3aef7081ad1e48f989b7c93ef68f05e922159010a21d894d10d83899b764a852,eqparlv,original microdata,ESS integrated round,55+,Against,15.577578470103296,1.227442957831609,13.156574286786212,17.998582653420378,1250,1250,233,192,970.699363181009,1083.3762357234955,True,Stratified PSU Taylor linearization; fixed supplied weights; no FPC,all eligible adults,
ESS,11,2024,2024,eqparlv,Require both parents to take equal periods of paid leave to care for their child?,ordinal,ESS2e03_6-ESS3e03_7-ESS4e04_6-ESS5e03_6-ESS6e02_7-ESS11e04_2-subset.sav,3aef7081ad1e48f989b7c93ef68f05e922159010a21d894d10d83899b764a852,eqparlv,original microdata,ESS integrated round,55+,Neither in favour nor against,18.565825030855972,1.467311445438992,15.671705084204913,21.459944977507032,1250,1250,233,192,970.699363181009,1083.3762357234955,True,Stratified PSU Taylor linearization; fixed supplied weights; no FPC,all eligible adults,
ESS,11,2024,2024,eqparlv,Require both parents to take equal periods of paid leave to care for their child?,ordinal,ESS2e03_6-ESS3e03_7-ESS4e04_6-ESS5e03_6-ESS6e02_7-ESS11e04_2-subset.sav,3aef7081ad1e48f989b7c93ef68f05e922159010a21d894d10d83899b764a852,eqparlv,original microdata,ESS integrated round,55+,Don't know,8.44455280435619,1.1081550811523897,6.258831610457685,10.630273998254696,1250,1250,233,192,970.699363181009,1083.3762357234955,True,Stratified PSU Taylor linearization; fixed supplied weights; no FPC,all eligible adults,
ESS,11,2024,2024,eqparlv,Require both parents to take equal periods of paid leave to care for their child?,ordinal,ESS2e03_6-ESS3e03_7-ESS4e04_6-ESS5e03_6-ESS6e02_7-ESS11e04_2-subset.sav,3aef7081ad1e48f989b7c93ef68f05e922159010a21d894d10d83899b764a852,eqparlv,original microdata,ESS integrated round,55+,Refused / no answer,0.1594525408098314,0.11343685892432583,0.0,0.38319500333803214,1250,1250,233,192,970.699363181009,1083.3762357234955,True,Stratified PSU Taylor linearization; fixed supplied weights; no FPC,all eligible adults,
