survey,year,item,age_group,territory,estimate,se,ci_low,ci_high,n_valid,n_domain,n_psu,kish_n,weight_sum,weighted,variance_method
LiTS,2006,market,All,survey_coverage,0.4218837081559049,0.03645795495740024,0.3486187046771402,0.49514871163466967,999,1000,50,826.9743701108803,38539343.67089844,True,PSU linearization; no explicit strata; approximate
LiTS,2006,market,All,survey_coverage,0.4134134134134134,0.0351159700707268,0.3428452295315093,0.48398159729531753,999,1000,50,999.0,999.0,False,PSU linearization; no explicit strata; approximate
LiTS,2006,market,18-34,survey_coverage,0.5751231918111199,0.04004174712092874,0.4946562883455105,0.6555900952767293,338,339,50,277.5492718196718,13114712.978515625,True,PSU linearization; no explicit strata; approximate
LiTS,2006,market,18-34,survey_coverage,0.5650887573964497,0.038287031542788515,0.4881480869048758,0.6420294278880236,338,339,50,338.0,338.0,False,PSU linearization; no explicit strata; approximate
LiTS,2006,market,35-54,survey_coverage,0.44675958637456614,0.04172044442626705,0.36291921437351327,0.530599958375619,312,312,50,255.95349407344244,12452435.751953125,True,PSU linearization; no explicit strata; approximate
LiTS,2006,market,35-54,survey_coverage,0.44551282051282054,0.041288780737541574,0.3625399091713983,0.5284857318542429,312,312,50,312.0,312.0,False,PSU linearization; no explicit strata; approximate
LiTS,2006,market,55+,survey_coverage,0.24308149842527157,0.04922593143443937,0.1441582855900004,0.34200471126054277,349,349,50,294.9538666227386,12972194.940429688,True,PSU linearization; no explicit strata; approximate
LiTS,2006,market,55+,survey_coverage,0.23782234957020057,0.04277108940522405,0.15187062743642155,0.3237740717039796,349,349,50,349.0,349.0,False,PSU linearization; no explicit strata; approximate
LiTS,2006,pro_market_index,All,survey_coverage,42.18837081559049,3.645795495740024,34.86187046771402,49.51487116346696,999,1000,50,826.9743701108803,38539343.67089844,True,PSU linearization; no explicit strata; approximate
LiTS,2006,pro_market_index,All,survey_coverage,41.34134134134134,3.5115970070726803,34.28452295315093,48.39815972953175,999,1000,50,999.0,999.0,False,PSU linearization; no explicit strata; approximate
LiTS,2006,pro_market_index,18-34,survey_coverage,57.512319181111984,4.004174712092874,49.46562883455104,65.55900952767293,338,339,50,277.5492718196718,13114712.978515625,True,PSU linearization; no explicit strata; approximate
LiTS,2006,pro_market_index,18-34,survey_coverage,56.50887573964497,3.8287031542788514,48.81480869048758,64.20294278880236,338,339,50,338.0,338.0,False,PSU linearization; no explicit strata; approximate
LiTS,2006,pro_market_index,35-54,survey_coverage,44.67595863745661,4.172044442626705,36.29192143735133,53.05999583756189,312,312,50,255.95349407344244,12452435.751953125,True,PSU linearization; no explicit strata; approximate
LiTS,2006,pro_market_index,35-54,survey_coverage,44.55128205128205,4.128878073754158,36.253990917139824,52.84857318542428,312,312,50,312.0,312.0,False,PSU linearization; no explicit strata; approximate
LiTS,2006,pro_market_index,55+,survey_coverage,24.308149842527158,4.922593143443938,14.41582855900004,34.200471126054275,349,349,50,294.9538666227386,12972194.940429688,True,PSU linearization; no explicit strata; approximate
LiTS,2006,pro_market_index,55+,survey_coverage,23.78223495702006,4.277108940522405,15.187062743642157,32.37740717039796,349,349,50,349.0,349.0,False,PSU linearization; no explicit strata; approximate
LiTS,2010,market,All,survey_coverage,0.3597090947331806,0.026994382607123772,0.3059216132629308,0.41349657620343033,1357,1558,75,1242.73011174408,33258472.190429688,True,PSU linearization; no explicit strata; approximate
LiTS,2010,market,All,survey_coverage,0.3507737656595431,0.02711317322651582,0.29674958871333523,0.40479794260575097,1357,1558,75,1357.0,1357.0,False,PSU linearization; no explicit strata; approximate
LiTS,2010,market,18-34,survey_coverage,0.4296088409949707,0.036480194351579946,0.3569204670367939,0.5022972149531475,421,485,75,364.9432696653785,10116830.333007812,True,PSU linearization; no explicit strata; approximate
LiTS,2010,market,18-34,survey_coverage,0.4323040380047506,0.036899891789866385,0.3587793986459721,0.5058286773635291,421,485,75,421.0,421.0,False,PSU linearization; no explicit strata; approximate
LiTS,2010,market,35-54,survey_coverage,0.38061036756894884,0.03735327528156382,0.30618234188296617,0.4550383932549315,446,499,75,440.81490381001026,12978290.30078125,True,PSU linearization; no explicit strata; approximate
LiTS,2010,market,35-54,survey_coverage,0.37668161434977576,0.03680576718014246,0.3033445223698391,0.4500187063297124,446,499,75,446.0,446.0,False,PSU linearization; no explicit strata; approximate
LiTS,2010,market,55+,survey_coverage,0.26343901548654,0.039078916174542344,0.1855725752642347,0.34130545570884524,490,574,75,453.99704521953504,10163351.556640625,True,PSU linearization; no explicit strata; approximate
LiTS,2010,market,55+,survey_coverage,0.2571428571428571,0.04206827448581138,0.1733199904626677,0.3409657238230466,490,574,75,490.0,490.0,False,PSU linearization; no explicit strata; approximate
LiTS,2010,market,All,exclude_crimea_donetsk_luhansk,0.36848201663505964,0.03097769250255371,0.3067576169433811,0.4302064163267382,1097,1253,75,1004.5337795171753,26770934.14453125,True,PSU linearization; no explicit strata; approximate
LiTS,2010,market,All,exclude_crimea_donetsk_luhansk,0.35733819507748404,0.03120312100548713,0.29516461928865717,0.4195117708663109,1097,1253,75,1097.0,1097.0,False,PSU linearization; no explicit strata; approximate
LiTS,2010,market,18-34,exclude_crimea_donetsk_luhansk,0.4465367934778,0.04309513513676658,0.3606678622870926,0.5324057246685074,328,374,75,284.98981028189195,7949697.501953125,True,PSU linearization; no explicit strata; approximate
LiTS,2010,market,18-34,exclude_crimea_donetsk_luhansk,0.4451219512195122,0.04480362913321427,0.35584877142962723,0.5343951310093972,328,374,75,328.0,328.0,False,PSU linearization; no explicit strata; approximate
LiTS,2010,market,35-54,exclude_crimea_donetsk_luhansk,0.3863345299630567,0.04054695488618006,0.30554295875520393,0.4671261011709095,357,398,75,352.742564126329,10342691.7734375,True,PSU linearization; no explicit strata; approximate
LiTS,2010,market,35-54,exclude_crimea_donetsk_luhansk,0.38095238095238093,0.039726101985192844,0.3017963948528906,0.46010836705187125,357,398,75,357.0,357.0,False,PSU linearization; no explicit strata; approximate
LiTS,2010,market,55+,exclude_crimea_donetsk_luhansk,0.273518208618259,0.04501200166835887,0.18382983748889725,0.3632065797476207,412,481,75,381.48177018075904,8478544.869140625,True,PSU linearization; no explicit strata; approximate
LiTS,2010,market,55+,exclude_crimea_donetsk_luhansk,0.2669902912621359,0.048295991344761896,0.17075842786481601,0.36322215465945584,412,481,75,412.0,412.0,False,PSU linearization; no explicit strata; approximate
LiTS,2010,pro_market_index,All,survey_coverage,35.97090947331806,2.699438260712377,30.592161326293084,41.34965762034303,1357,1558,75,1242.73011174408,33258472.190429688,True,PSU linearization; no explicit strata; approximate
LiTS,2010,pro_market_index,All,survey_coverage,35.07737656595431,2.711317322651582,29.674958871333523,40.4797942605751,1357,1558,75,1357.0,1357.0,False,PSU linearization; no explicit strata; approximate
LiTS,2010,pro_market_index,18-34,survey_coverage,42.96088409949707,3.648019435157995,35.692046703679395,50.22972149531475,421,485,75,364.9432696653785,10116830.333007812,True,PSU linearization; no explicit strata; approximate
LiTS,2010,pro_market_index,18-34,survey_coverage,43.23040380047506,3.689989178986638,35.87793986459721,50.58286773635291,421,485,75,421.0,421.0,False,PSU linearization; no explicit strata; approximate
LiTS,2010,pro_market_index,35-54,survey_coverage,38.061036756894886,3.735327528156382,30.61823418829662,45.50383932549315,446,499,75,440.81490381001026,12978290.30078125,True,PSU linearization; no explicit strata; approximate
LiTS,2010,pro_market_index,35-54,survey_coverage,37.66816143497758,3.680576718014245,30.33445223698391,45.00187063297124,446,499,75,446.0,446.0,False,PSU linearization; no explicit strata; approximate
LiTS,2010,pro_market_index,55+,survey_coverage,26.343901548654,3.907891617454234,18.557257526423474,34.13054557088452,490,574,75,453.99704521953504,10163351.556640625,True,PSU linearization; no explicit strata; approximate
LiTS,2010,pro_market_index,55+,survey_coverage,25.714285714285715,4.206827448581138,17.331999046266773,34.09657238230466,490,574,75,490.0,490.0,False,PSU linearization; no explicit strata; approximate
LiTS,2010,pro_market_index,All,exclude_crimea_donetsk_luhansk,36.84820166350596,3.0977692502553706,30.67576169433811,43.020641632673815,1097,1253,75,1004.5337795171753,26770934.14453125,True,PSU linearization; no explicit strata; approximate
LiTS,2010,pro_market_index,All,exclude_crimea_donetsk_luhansk,35.73381950774841,3.120312100548713,29.51646192886572,41.9511770866311,1097,1253,75,1097.0,1097.0,False,PSU linearization; no explicit strata; approximate
LiTS,2010,pro_market_index,18-34,exclude_crimea_donetsk_luhansk,44.65367934778,4.309513513676658,36.066786228709255,53.24057246685074,328,374,75,284.98981028189195,7949697.501953125,True,PSU linearization; no explicit strata; approximate
LiTS,2010,pro_market_index,18-34,exclude_crimea_donetsk_luhansk,44.51219512195122,4.480362913321427,35.584877142962725,53.43951310093972,328,374,75,328.0,328.0,False,PSU linearization; no explicit strata; approximate
LiTS,2010,pro_market_index,35-54,exclude_crimea_donetsk_luhansk,38.63345299630567,4.054695488618007,30.554295875520392,46.71261011709095,357,398,75,352.742564126329,10342691.7734375,True,PSU linearization; no explicit strata; approximate
LiTS,2010,pro_market_index,35-54,exclude_crimea_donetsk_luhansk,38.095238095238095,3.9726101985192845,30.179639485289066,46.010836705187124,357,398,75,357.0,357.0,False,PSU linearization; no explicit strata; approximate
LiTS,2010,pro_market_index,55+,exclude_crimea_donetsk_luhansk,27.3518208618259,4.501200166835887,18.38298374888973,36.32065797476207,412,481,75,381.48177018075904,8478544.869140625,True,PSU linearization; no explicit strata; approximate
LiTS,2010,pro_market_index,55+,exclude_crimea_donetsk_luhansk,26.699029126213592,4.829599134476192,17.075842786481598,36.32221546594559,412,481,75,412.0,412.0,False,PSU linearization; no explicit strata; approximate
LiTS,2016,market,All,survey_coverage,0.3664187642194305,0.03363862252844972,0.29939234571352125,0.4334451827253397,1395,1507,75,757.072147613676,32332755.98,True,PSU linearization; no explicit strata; approximate
LiTS,2016,market,All,survey_coverage,0.35053763440860214,0.027837543134419072,0.2950701189142968,0.4060051499029075,1395,1507,75,1395.0,1395.0,False,PSU linearization; no explicit strata; approximate
LiTS,2016,market,18-34,survey_coverage,0.39872741100624054,0.04430896762496485,0.31043986578693433,0.48701495622554675,336,354,75,176.8455603609864,9538688.5,True,PSU linearization; no explicit strata; approximate
LiTS,2016,market,18-34,survey_coverage,0.40476190476190477,0.04212220267187663,0.32083158382536414,0.4886922256984454,336,354,75,336.0,336.0,False,PSU linearization; no explicit strata; approximate
LiTS,2016,market,35-54,survey_coverage,0.4412674478511852,0.0481740056911828,0.34527864617440973,0.5372562495279607,529,557,75,282.58358256303995,11873538.77,True,PSU linearization; no explicit strata; approximate
LiTS,2016,market,35-54,survey_coverage,0.4120982986767486,0.033503715188495785,0.3453406889135167,0.47885590843998044,529,557,75,529.0,529.0,False,PSU linearization; no explicit strata; approximate
LiTS,2016,market,55+,survey_coverage,0.25681776445785287,0.03148315075491629,0.1940862172133438,0.31954931170236195,530,596,75,324.54847935907065,10920528.71,True,PSU linearization; no explicit strata; approximate
LiTS,2016,market,55+,survey_coverage,0.25471698113207547,0.03203095058912134,0.1908939188912599,0.31854004337289105,530,596,75,530.0,530.0,False,PSU linearization; no explicit strata; approximate
LiTS,2016,market,All,exclude_crimea_donetsk_luhansk,0.3664187642194305,0.03363862252844972,0.29939234571352125,0.4334451827253397,1395,1507,75,757.072147613676,32332755.98,True,PSU linearization; no explicit strata; approximate
LiTS,2016,market,All,exclude_crimea_donetsk_luhansk,0.35053763440860214,0.027837543134419072,0.2950701189142968,0.4060051499029075,1395,1507,75,1395.0,1395.0,False,PSU linearization; no explicit strata; approximate
LiTS,2016,market,18-34,exclude_crimea_donetsk_luhansk,0.39872741100624054,0.04430896762496485,0.31043986578693433,0.48701495622554675,336,354,75,176.8455603609864,9538688.5,True,PSU linearization; no explicit strata; approximate
LiTS,2016,market,18-34,exclude_crimea_donetsk_luhansk,0.40476190476190477,0.04212220267187663,0.32083158382536414,0.4886922256984454,336,354,75,336.0,336.0,False,PSU linearization; no explicit strata; approximate
LiTS,2016,market,35-54,exclude_crimea_donetsk_luhansk,0.4412674478511852,0.0481740056911828,0.34527864617440973,0.5372562495279607,529,557,75,282.58358256303995,11873538.77,True,PSU linearization; no explicit strata; approximate
LiTS,2016,market,35-54,exclude_crimea_donetsk_luhansk,0.4120982986767486,0.033503715188495785,0.3453406889135167,0.47885590843998044,529,557,75,529.0,529.0,False,PSU linearization; no explicit strata; approximate
LiTS,2016,market,55+,exclude_crimea_donetsk_luhansk,0.25681776445785287,0.03148315075491629,0.1940862172133438,0.31954931170236195,530,596,75,324.54847935907065,10920528.71,True,PSU linearization; no explicit strata; approximate
LiTS,2016,market,55+,exclude_crimea_donetsk_luhansk,0.25471698113207547,0.03203095058912134,0.1908939188912599,0.31854004337289105,530,596,75,530.0,530.0,False,PSU linearization; no explicit strata; approximate
LiTS,2016,pro_market_index,All,survey_coverage,36.641876421943046,3.3638622528449726,29.93923457135212,43.34451827253397,1395,1507,75,757.072147613676,32332755.98,True,PSU linearization; no explicit strata; approximate
LiTS,2016,pro_market_index,All,survey_coverage,35.053763440860216,2.783754313441907,29.507011891429684,40.60051499029075,1395,1507,75,1395.0,1395.0,False,PSU linearization; no explicit strata; approximate
LiTS,2016,pro_market_index,18-34,survey_coverage,39.872741100624054,4.430896762496486,31.04398657869343,48.701495622554674,336,354,75,176.8455603609864,9538688.5,True,PSU linearization; no explicit strata; approximate
LiTS,2016,pro_market_index,18-34,survey_coverage,40.476190476190474,4.2122202671876625,32.08315838253641,48.86922256984454,336,354,75,336.0,336.0,False,PSU linearization; no explicit strata; approximate
LiTS,2016,pro_market_index,35-54,survey_coverage,44.12674478511852,4.81740056911828,34.52786461744097,53.72562495279607,529,557,75,282.58358256303995,11873538.77,True,PSU linearization; no explicit strata; approximate
LiTS,2016,pro_market_index,35-54,survey_coverage,41.209829867674856,3.3503715188495784,34.534068891351666,47.885590843998045,529,557,75,529.0,529.0,False,PSU linearization; no explicit strata; approximate
LiTS,2016,pro_market_index,55+,survey_coverage,25.681776445785285,3.1483150754916283,19.408621721334377,31.954931170236193,530,596,75,324.54847935907065,10920528.71,True,PSU linearization; no explicit strata; approximate
LiTS,2016,pro_market_index,55+,survey_coverage,25.471698113207548,3.203095058912134,19.08939188912599,31.854004337289105,530,596,75,530.0,530.0,False,PSU linearization; no explicit strata; approximate
LiTS,2016,pro_market_index,All,exclude_crimea_donetsk_luhansk,36.641876421943046,3.3638622528449726,29.93923457135212,43.34451827253397,1395,1507,75,757.072147613676,32332755.98,True,PSU linearization; no explicit strata; approximate
LiTS,2016,pro_market_index,All,exclude_crimea_donetsk_luhansk,35.053763440860216,2.783754313441907,29.507011891429684,40.60051499029075,1395,1507,75,1395.0,1395.0,False,PSU linearization; no explicit strata; approximate
LiTS,2016,pro_market_index,18-34,exclude_crimea_donetsk_luhansk,39.872741100624054,4.430896762496486,31.04398657869343,48.701495622554674,336,354,75,176.8455603609864,9538688.5,True,PSU linearization; no explicit strata; approximate
LiTS,2016,pro_market_index,18-34,exclude_crimea_donetsk_luhansk,40.476190476190474,4.2122202671876625,32.08315838253641,48.86922256984454,336,354,75,336.0,336.0,False,PSU linearization; no explicit strata; approximate
LiTS,2016,pro_market_index,35-54,exclude_crimea_donetsk_luhansk,44.12674478511852,4.81740056911828,34.52786461744097,53.72562495279607,529,557,75,282.58358256303995,11873538.77,True,PSU linearization; no explicit strata; approximate
LiTS,2016,pro_market_index,35-54,exclude_crimea_donetsk_luhansk,41.209829867674856,3.3503715188495784,34.534068891351666,47.885590843998045,529,557,75,529.0,529.0,False,PSU linearization; no explicit strata; approximate
LiTS,2016,pro_market_index,55+,exclude_crimea_donetsk_luhansk,25.681776445785285,3.1483150754916283,19.408621721334377,31.954931170236193,530,596,75,324.54847935907065,10920528.71,True,PSU linearization; no explicit strata; approximate
LiTS,2016,pro_market_index,55+,exclude_crimea_donetsk_luhansk,25.471698113207548,3.203095058912134,19.08939188912599,31.854004337289105,530,596,75,530.0,530.0,False,PSU linearization; no explicit strata; approximate
WVS,1996,private_ownership,All,survey_coverage,5.140208574739281,0.05886266019632919,5.0247901663647925,5.25562698311377,2589,2811,2811,2589.0,2589.0,True,Weighted respondent linearization; clustering unavailable; approximate
WVS,1996,private_ownership,All,survey_coverage,5.140208574739281,0.05886266019632919,5.0247901663647925,5.25562698311377,2589,2811,2811,2589.0,2589.0,False,Weighted respondent linearization; clustering unavailable; approximate
WVS,1996,private_ownership,18-34,survey_coverage,5.871099050203528,0.10852297980380435,5.6583062617153,6.0838918386917555,737,772,2811,737.0,737.0,True,Weighted respondent linearization; clustering unavailable; approximate
WVS,1996,private_ownership,18-34,survey_coverage,5.871099050203528,0.10852297980380435,5.6583062617153,6.0838918386917555,737,772,2811,737.0,737.0,False,Weighted respondent linearization; clustering unavailable; approximate
WVS,1996,private_ownership,35-54,survey_coverage,5.2958693563880885,0.09126388185597137,5.1169183550102995,5.474820357765878,1041,1121,2811,1041.0,1041.0,True,Weighted respondent linearization; clustering unavailable; approximate
WVS,1996,private_ownership,35-54,survey_coverage,5.2958693563880885,0.09126388185597137,5.1169183550102995,5.474820357765878,1041,1121,2811,1041.0,1041.0,False,Weighted respondent linearization; clustering unavailable; approximate
WVS,1996,private_ownership,55+,survey_coverage,4.276202219482121,0.10150400878712854,4.077172289493141,4.475232149471101,811,918,2811,811.0,811.0,True,Weighted respondent linearization; clustering unavailable; approximate
WVS,1996,private_ownership,55+,survey_coverage,4.276202219482121,0.10150400878712854,4.077172289493141,4.475232149471101,811,918,2811,811.0,811.0,False,Weighted respondent linearization; clustering unavailable; approximate
WVS,1996,private_ownership,All,exclude_crimea_donetsk_luhansk,5.291365171249397,0.06506489577621355,5.163785366216886,5.4189449762819075,2073,2261,2811,2073.0,2073.0,True,Weighted respondent linearization; clustering unavailable; approximate
WVS,1996,private_ownership,All,exclude_crimea_donetsk_luhansk,5.291365171249397,0.06506489577621355,5.163785366216886,5.4189449762819075,2073,2261,2811,2073.0,2073.0,False,Weighted respondent linearization; clustering unavailable; approximate
WVS,1996,private_ownership,18-34,exclude_crimea_donetsk_luhansk,5.946166394779771,0.11830279579642441,5.7141972593120025,6.17813553024754,613,643,2811,613.0,613.0,True,Weighted respondent linearization; clustering unavailable; approximate
WVS,1996,private_ownership,18-34,exclude_crimea_donetsk_luhansk,5.946166394779771,0.11830279579642441,5.7141972593120025,6.17813553024754,613,643,2811,613.0,613.0,False,Weighted respondent linearization; clustering unavailable; approximate
WVS,1996,private_ownership,35-54,exclude_crimea_donetsk_luhansk,5.350574712643678,0.09961444119391266,5.155249862978923,5.545899562308433,870,936,2811,870.0,870.0,True,Weighted respondent linearization; clustering unavailable; approximate
WVS,1996,private_ownership,35-54,exclude_crimea_donetsk_luhansk,5.350574712643678,0.09961444119391266,5.155249862978923,5.545899562308433,870,936,2811,870.0,870.0,False,Weighted respondent linearization; clustering unavailable; approximate
WVS,1996,private_ownership,55+,exclude_crimea_donetsk_luhansk,4.523728813559322,0.11753572540538268,4.293263756285606,4.7541938708330385,590,682,2811,590.0,590.0,True,Weighted respondent linearization; clustering unavailable; approximate
WVS,1996,private_ownership,55+,exclude_crimea_donetsk_luhansk,4.523728813559322,0.11753572540538268,4.293263756285606,4.7541938708330385,590,682,2811,590.0,590.0,False,Weighted respondent linearization; clustering unavailable; approximate
WVS,1996,competition,All,survey_coverage,7.220228384991843,0.05317945885871012,7.115953646486706,7.324503123496981,2452,2811,2811,2452.0,2452.0,True,Weighted respondent linearization; clustering unavailable; approximate
WVS,1996,competition,All,survey_coverage,7.220228384991843,0.05317945885871012,7.115953646486706,7.324503123496981,2452,2811,2811,2452.0,2452.0,False,Weighted respondent linearization; clustering unavailable; approximate
WVS,1996,competition,18-34,survey_coverage,7.566197183098591,0.09581642765272726,7.378319510922014,7.754074855275168,710,772,2811,710.0,710.0,True,Weighted respondent linearization; clustering unavailable; approximate
WVS,1996,competition,18-34,survey_coverage,7.566197183098591,0.09581642765272726,7.378319510922014,7.754074855275168,710,772,2811,710.0,710.0,False,Weighted respondent linearization; clustering unavailable; approximate
WVS,1996,competition,35-54,survey_coverage,7.4146825396825395,0.07825913753756307,7.261231352372642,7.568133726992437,1008,1121,2811,1008.0,1008.0,True,Weighted respondent linearization; clustering unavailable; approximate
WVS,1996,competition,35-54,survey_coverage,7.4146825396825395,0.07825913753756307,7.261231352372642,7.568133726992437,1008,1121,2811,1008.0,1008.0,False,Weighted respondent linearization; clustering unavailable; approximate
WVS,1996,competition,55+,survey_coverage,6.618528610354224,0.10342778573477537,6.415726522045786,6.821330698662661,734,918,2811,734.0,734.0,True,Weighted respondent linearization; clustering unavailable; approximate
WVS,1996,competition,55+,survey_coverage,6.618528610354224,0.10342778573477537,6.415726522045786,6.821330698662661,734,918,2811,734.0,734.0,False,Weighted respondent linearization; clustering unavailable; approximate
WVS,1996,competition,All,exclude_crimea_donetsk_luhansk,7.393459376596832,0.05775631901146754,7.280210291495365,7.506708461698299,1957,2261,2811,1957.0,1957.0,True,Weighted respondent linearization; clustering unavailable; approximate
WVS,1996,competition,All,exclude_crimea_donetsk_luhansk,7.393459376596832,0.05775631901146754,7.280210291495365,7.506708461698299,1957,2261,2811,1957.0,1957.0,False,Weighted respondent linearization; clustering unavailable; approximate
WVS,1996,competition,18-34,exclude_crimea_donetsk_luhansk,7.64176570458404,0.10422779711793236,7.437394947102014,7.846136462066067,589,643,2811,589.0,589.0,True,Weighted respondent linearization; clustering unavailable; approximate
WVS,1996,competition,18-34,exclude_crimea_donetsk_luhansk,7.64176570458404,0.10422779711793236,7.437394947102014,7.846136462066067,589,643,2811,589.0,589.0,False,Weighted respondent linearization; clustering unavailable; approximate
WVS,1996,competition,35-54,exclude_crimea_donetsk_luhansk,7.529201430274136,0.0842359713653918,7.364030815992607,7.6943720445556645,839,936,2811,839.0,839.0,True,Weighted respondent linearization; clustering unavailable; approximate
WVS,1996,competition,35-54,exclude_crimea_donetsk_luhansk,7.529201430274136,0.0842359713653918,7.364030815992607,7.6943720445556645,839,936,2811,839.0,839.0,False,Weighted respondent linearization; clustering unavailable; approximate
WVS,1996,competition,55+,exclude_crimea_donetsk_luhansk,6.901701323251418,0.11702303165119043,6.67224156028304,7.131161086219795,529,682,2811,529.0,529.0,True,Weighted respondent linearization; clustering unavailable; approximate
WVS,1996,competition,55+,exclude_crimea_donetsk_luhansk,6.901701323251418,0.11702303165119043,6.67224156028304,7.131161086219795,529,682,2811,529.0,529.0,False,Weighted respondent linearization; clustering unavailable; approximate
WVS,1996,individual_responsibility,All,survey_coverage,3.4507617985878856,0.05142059469786355,3.349935855997081,3.55158774117869,2691,2811,2811,2691.0,2691.0,True,Weighted respondent linearization; clustering unavailable; approximate
WVS,1996,individual_responsibility,All,survey_coverage,3.4507617985878856,0.05142059469786355,3.349935855997081,3.55158774117869,2691,2811,2811,2691.0,2691.0,False,Weighted respondent linearization; clustering unavailable; approximate
WVS,1996,individual_responsibility,18-34,survey_coverage,3.76,0.10151617019661399,3.5609462238151166,3.959053776184883,750,772,2811,750.0,750.0,True,Weighted respondent linearization; clustering unavailable; approximate
WVS,1996,individual_responsibility,18-34,survey_coverage,3.76,0.10151617019661399,3.5609462238151166,3.959053776184883,750,772,2811,750.0,750.0,False,Weighted respondent linearization; clustering unavailable; approximate
WVS,1996,individual_responsibility,35-54,survey_coverage,3.685133887349954,0.08417582786423686,3.520081202960724,3.850186571739184,1083,1121,2811,1083.0,1083.0,True,Weighted respondent linearization; clustering unavailable; approximate
WVS,1996,individual_responsibility,35-54,survey_coverage,3.685133887349954,0.08417582786423686,3.520081202960724,3.850186571739184,1083,1121,2811,1083.0,1083.0,False,Weighted respondent linearization; clustering unavailable; approximate
WVS,1996,individual_responsibility,55+,survey_coverage,2.8846153846153846,0.07933309830040029,2.7290583658413654,3.0401724033894038,858,918,2811,858.0,858.0,True,Weighted respondent linearization; clustering unavailable; approximate
WVS,1996,individual_responsibility,55+,survey_coverage,2.8846153846153846,0.07933309830040029,2.7290583658413654,3.0401724033894038,858,918,2811,858.0,858.0,False,Weighted respondent linearization; clustering unavailable; approximate
WVS,1996,individual_responsibility,All,exclude_crimea_donetsk_luhansk,3.499304589707928,0.057712559390284496,3.386141308846554,3.6124678705693016,2157,2261,2811,2157.0,2157.0,True,Weighted respondent linearization; clustering unavailable; approximate
WVS,1996,individual_responsibility,All,exclude_crimea_donetsk_luhansk,3.499304589707928,0.057712559390284496,3.386141308846554,3.6124678705693016,2157,2261,2811,2157.0,2157.0,False,Weighted respondent linearization; clustering unavailable; approximate
WVS,1996,individual_responsibility,18-34,exclude_crimea_donetsk_luhansk,3.702572347266881,0.11037949624976254,3.486139285427111,3.919005409106651,622,643,2811,622.0,622.0,True,Weighted respondent linearization; clustering unavailable; approximate
WVS,1996,individual_responsibility,18-34,exclude_crimea_donetsk_luhansk,3.702572347266881,0.11037949624976254,3.486139285427111,3.919005409106651,622,643,2811,622.0,622.0,False,Weighted respondent linearization; clustering unavailable; approximate
WVS,1996,individual_responsibility,35-54,exclude_crimea_donetsk_luhansk,3.7511061946902653,0.09279847709402485,3.5691461458232117,3.933066243557319,904,936,2811,904.0,904.0,True,Weighted respondent linearization; clustering unavailable; approximate
WVS,1996,individual_responsibility,35-54,exclude_crimea_donetsk_luhansk,3.7511061946902653,0.09279847709402485,3.5691461458232117,3.933066243557319,904,936,2811,904.0,904.0,False,Weighted respondent linearization; clustering unavailable; approximate
WVS,1996,individual_responsibility,55+,exclude_crimea_donetsk_luhansk,2.9381933438985737,0.09327138162765373,2.755306019770727,3.1210806680264205,631,682,2811,631.0,631.0,True,Weighted respondent linearization; clustering unavailable; approximate
WVS,1996,individual_responsibility,55+,exclude_crimea_donetsk_luhansk,2.9381933438985737,0.09327138162765373,2.755306019770727,3.1210806680264205,631,682,2811,631.0,631.0,False,Weighted respondent linearization; clustering unavailable; approximate
WVS,1996,income_incentives,All,survey_coverage,6.671367019193106,0.05533928748187881,6.562857270220954,6.779876768165257,2553,2811,2811,2553.0,2553.0,True,Weighted respondent linearization; clustering unavailable; approximate
WVS,1996,income_incentives,All,survey_coverage,6.671367019193106,0.05533928748187881,6.562857270220954,6.779876768165257,2553,2811,2811,2553.0,2553.0,False,Weighted respondent linearization; clustering unavailable; approximate
WVS,1996,income_incentives,18-34,survey_coverage,7.067510548523207,0.09859852404994272,6.874177717897454,7.26084337914896,711,772,2811,711.0,711.0,True,Weighted respondent linearization; clustering unavailable; approximate
WVS,1996,income_incentives,18-34,survey_coverage,7.067510548523207,0.09859852404994272,6.874177717897454,7.26084337914896,711,772,2811,711.0,711.0,False,Weighted respondent linearization; clustering unavailable; approximate
WVS,1996,income_incentives,35-54,survey_coverage,6.865200764818356,0.08520314909374045,6.698133700161514,7.032267829475198,1046,1121,2811,1046.0,1046.0,True,Weighted respondent linearization; clustering unavailable; approximate
WVS,1996,income_incentives,35-54,survey_coverage,6.865200764818356,0.08520314909374045,6.698133700161514,7.032267829475198,1046,1121,2811,1046.0,1046.0,False,Weighted respondent linearization; clustering unavailable; approximate
WVS,1996,income_incentives,55+,survey_coverage,6.062814070351759,0.10250230554694745,5.8618266715239695,6.263801469179548,796,918,2811,796.0,796.0,True,Weighted respondent linearization; clustering unavailable; approximate
WVS,1996,income_incentives,55+,survey_coverage,6.062814070351759,0.10250230554694745,5.8618266715239695,6.263801469179548,796,918,2811,796.0,796.0,False,Weighted respondent linearization; clustering unavailable; approximate
WVS,1996,income_incentives,All,exclude_crimea_donetsk_luhansk,6.8049853372434015,0.061066939088553276,6.685244759933539,6.924725914553264,2046,2261,2811,2046.0,2046.0,True,Weighted respondent linearization; clustering unavailable; approximate
WVS,1996,income_incentives,All,exclude_crimea_donetsk_luhansk,6.8049853372434015,0.061066939088553276,6.685244759933539,6.924725914553264,2046,2261,2811,2046.0,2046.0,False,Weighted respondent linearization; clustering unavailable; approximate
WVS,1996,income_incentives,18-34,exclude_crimea_donetsk_luhansk,7.061120543293718,0.10790320677052495,6.849543011078583,7.2726980755088535,589,643,2811,589.0,589.0,True,Weighted respondent linearization; clustering unavailable; approximate
WVS,1996,income_incentives,18-34,exclude_crimea_donetsk_luhansk,7.061120543293718,0.10790320677052495,6.849543011078583,7.2726980755088535,589,643,2811,589.0,589.0,False,Weighted respondent linearization; clustering unavailable; approximate
WVS,1996,income_incentives,35-54,exclude_crimea_donetsk_luhansk,6.954128440366972,0.09251737862480454,6.772719571786465,7.135537308947479,872,936,2811,872.0,872.0,True,Weighted respondent linearization; clustering unavailable; approximate
WVS,1996,income_incentives,35-54,exclude_crimea_donetsk_luhansk,6.954128440366972,0.09251737862480454,6.772719571786465,7.135537308947479,872,936,2811,872.0,872.0,False,Weighted respondent linearization; clustering unavailable; approximate
WVS,1996,income_incentives,55+,exclude_crimea_donetsk_luhansk,6.3247863247863245,0.11929153965255593,6.090878451895135,6.558694197677514,585,682,2811,585.0,585.0,True,Weighted respondent linearization; clustering unavailable; approximate
WVS,1996,income_incentives,55+,exclude_crimea_donetsk_luhansk,6.3247863247863245,0.11929153965255593,6.090878451895135,6.558694197677514,585,682,2811,585.0,585.0,False,Weighted respondent linearization; clustering unavailable; approximate
WVS,1996,pro_market_index,All,survey_coverage,52.2775086843779,0.40978921196437146,51.47399048699759,53.081026881758206,2271,2811,2811,2271.0,2271.0,True,Weighted respondent linearization; clustering unavailable; approximate
WVS,1996,pro_market_index,All,survey_coverage,52.2775086843779,0.40978921196437146,51.47399048699759,53.081026881758206,2271,2811,2811,2271.0,2271.0,False,Weighted respondent linearization; clustering unavailable; approximate
WVS,1996,pro_market_index,18-34,survey_coverage,56.783941105974996,0.7238319932216786,55.36464513278026,58.20323707916973,649,772,2811,649.0,649.0,True,Weighted respondent linearization; clustering unavailable; approximate
WVS,1996,pro_market_index,18-34,survey_coverage,56.783941105974996,0.7238319932216786,55.36464513278026,58.20323707916973,649,772,2811,649.0,649.0,False,Weighted respondent linearization; clustering unavailable; approximate
WVS,1996,pro_market_index,35-54,survey_coverage,54.08289241622575,0.6239209420551777,52.859502888071,55.306281944380494,945,1121,2811,945.0,945.0,True,Weighted respondent linearization; clustering unavailable; approximate
WVS,1996,pro_market_index,35-54,survey_coverage,54.08289241622575,0.6239209420551777,52.859502888071,55.306281944380494,945,1121,2811,945.0,945.0,False,Weighted respondent linearization; clustering unavailable; approximate
WVS,1996,pro_market_index,55+,survey_coverage,45.437387165599866,0.7382675847095994,43.98978576094955,46.88498857025018,677,918,2811,677.0,677.0,True,Weighted respondent linearization; clustering unavailable; approximate
WVS,1996,pro_market_index,55+,survey_coverage,45.437387165599866,0.7382675847095994,43.98978576094955,46.88498857025018,677,918,2811,677.0,677.0,False,Weighted respondent linearization; clustering unavailable; approximate
WVS,1996,pro_market_index,All,exclude_crimea_donetsk_luhansk,53.76754305325733,0.4474547926999291,52.890169862499235,54.64491624401542,1813,2261,2811,1813.0,1813.0,True,Weighted respondent linearization; clustering unavailable; approximate
WVS,1996,pro_market_index,All,exclude_crimea_donetsk_luhansk,53.76754305325733,0.4474547926999291,52.890169862499235,54.64491624401542,1813,2261,2811,1813.0,1813.0,False,Weighted respondent linearization; clustering unavailable; approximate
WVS,1996,pro_market_index,18-34,exclude_crimea_donetsk_luhansk,57.02218076285239,0.7954968014167326,55.4623638198145,58.58199770589029,536,643,2811,536.0,536.0,True,Weighted respondent linearization; clustering unavailable; approximate
WVS,1996,pro_market_index,18-34,exclude_crimea_donetsk_luhansk,57.02218076285239,0.7954968014167326,55.4623638198145,58.58199770589029,536,643,2811,536.0,536.0,False,Weighted respondent linearization; clustering unavailable; approximate
WVS,1996,pro_market_index,35-54,exclude_crimea_donetsk_luhansk,55.04858470637938,0.6847167746438971,53.70598618886214,56.39118322389662,789,936,2811,789.0,789.0,True,Weighted respondent linearization; clustering unavailable; approximate
WVS,1996,pro_market_index,35-54,exclude_crimea_donetsk_luhansk,55.04858470637938,0.6847167746438971,53.70598618886214,56.39118322389662,789,936,2811,789.0,789.0,False,Weighted respondent linearization; clustering unavailable; approximate
WVS,1996,pro_market_index,55+,exclude_crimea_donetsk_luhansk,48.12158469945355,0.824525919508477,46.50484721297625,49.73832218593085,488,682,2811,488.0,488.0,True,Weighted respondent linearization; clustering unavailable; approximate
WVS,1996,pro_market_index,55+,exclude_crimea_donetsk_luhansk,48.12158469945355,0.824525919508477,46.50484721297625,49.73832218593085,488,682,2811,488.0,488.0,False,Weighted respondent linearization; clustering unavailable; approximate
WVS,2006,private_ownership,All,survey_coverage,4.222692339462401,0.09448423756275408,4.037282002669426,4.408102676255376,947,1000,1000,724.5475165540121,941.451446,True,Weighted respondent linearization; clustering unavailable; approximate
WVS,2006,private_ownership,All,survey_coverage,4.247096092925027,0.08570105096556399,4.0789213673525895,4.415270818497464,947,1000,1000,947.0,947.0,False,Weighted respondent linearization; clustering unavailable; approximate
WVS,2006,private_ownership,18-34,survey_coverage,4.9005172923268505,0.14327693573569245,4.619359020908549,5.181675563745152,372,384,1000,316.7874291434646,302.05512799999997,True,Weighted respondent linearization; clustering unavailable; approximate
WVS,2006,private_ownership,18-34,survey_coverage,4.860215053763441,0.13694716983102234,4.591477944419142,5.12895216310774,372,384,1000,372.0,372.0,False,Weighted respondent linearization; clustering unavailable; approximate
WVS,2006,private_ownership,35-54,survey_coverage,4.260570822525816,0.1480016255410885,3.970141096411391,4.551000548640241,355,374,1000,304.0945032759434,348.041696,True,Weighted respondent linearization; clustering unavailable; approximate
WVS,2006,private_ownership,35-54,survey_coverage,4.132394366197183,0.13664528860124744,3.8642496509064097,4.400539081487957,355,374,1000,355.0,355.0,False,Weighted respondent linearization; clustering unavailable; approximate
WVS,2006,private_ownership,55+,survey_coverage,3.4747248183349577,0.18616582748701432,3.1094038964109725,3.840045740258943,220,242,1000,158.0947587980922,291.35462199999995,True,Weighted respondent linearization; clustering unavailable; approximate
WVS,2006,private_ownership,55+,survey_coverage,3.3954545454545455,0.16601362733628497,3.069679121419396,3.721229969489695,220,242,1000,220.0,220.0,False,Weighted respondent linearization; clustering unavailable; approximate
WVS,2006,competition,All,survey_coverage,6.420079968837575,0.09875970728161401,6.226279700549461,6.613880237125689,938,1000,1000,714.6452769729699,932.695063,True,Weighted respondent linearization; clustering unavailable; approximate
WVS,2006,competition,All,survey_coverage,6.389125799573561,0.08627835409197268,6.219818208140531,6.5584333910065915,938,1000,1000,938.0,938.0,False,Weighted respondent linearization; clustering unavailable; approximate
WVS,2006,competition,18-34,survey_coverage,6.5072795248621595,0.14998549009292864,6.212956779084386,6.8016022706399335,373,384,1000,317.30074229383564,302.815368,True,Weighted respondent linearization; clustering unavailable; approximate
WVS,2006,competition,18-34,survey_coverage,6.450402144772118,0.1370428350243454,6.181477307652574,6.719326981891663,373,384,1000,373.0,373.0,False,Weighted respondent linearization; clustering unavailable; approximate
WVS,2006,competition,35-54,survey_coverage,6.5081587667139065,0.141455633772762,6.2305745116507065,6.785743021777106,358,374,1000,306.919228512399,350.404859,True,Weighted respondent linearization; clustering unavailable; approximate
WVS,2006,competition,35-54,survey_coverage,6.522346368715084,0.13447447460187983,6.258461531739679,6.786231205690489,358,374,1000,358.0,358.0,False,Weighted respondent linearization; clustering unavailable; approximate
WVS,2006,competition,55+,survey_coverage,6.215164903075567,0.2253777662260374,5.772896767992572,6.657433038158562,207,242,1000,147.8633095510155,279.474836,True,Weighted respondent linearization; clustering unavailable; approximate
WVS,2006,competition,55+,survey_coverage,6.048309178743962,0.19245639623082728,5.670644012959881,6.425974344528042,207,242,1000,207.0,207.0,False,Weighted respondent linearization; clustering unavailable; approximate
WVS,2006,individual_responsibility,All,survey_coverage,3.9601135258811038,0.09354847822166662,3.776539468440788,4.1436875833214195,975,1000,1000,745.7505998197923,965.4055880000001,True,Weighted respondent linearization; clustering unavailable; approximate
WVS,2006,individual_responsibility,All,survey_coverage,4.027692307692308,0.0832023942711251,3.8644207997485074,4.190963815636109,975,1000,1000,975.0,975.0,False,Weighted respondent linearization; clustering unavailable; approximate
WVS,2006,individual_responsibility,18-34,survey_coverage,4.144842206581116,0.14246063192519162,3.865285801975041,4.424398611187192,380,384,1000,323.74913389116267,307.106154,True,Weighted respondent linearization; clustering unavailable; approximate
WVS,2006,individual_responsibility,18-34,survey_coverage,4.2,0.13198136660526172,3.9410074922134415,4.458992507786559,380,384,1000,380.0,380.0,False,Weighted respondent linearization; clustering unavailable; approximate
WVS,2006,individual_responsibility,35-54,survey_coverage,4.217907994338088,0.1454705682092302,3.9324450669664737,4.503370921709702,367,374,1000,315.09125564450284,357.684835,True,Weighted respondent linearization; clustering unavailable; approximate
WVS,2006,individual_responsibility,35-54,survey_coverage,4.204359673024523,0.1388916647906644,3.931806800599954,4.4769125454490935,367,374,1000,367.0,367.0,False,Weighted respondent linearization; clustering unavailable; approximate
WVS,2006,individual_responsibility,55+,survey_coverage,3.4646602542413456,0.1936839358218354,3.084586236622648,3.8447342718600432,228,242,1000,163.5926706608911,300.614599,True,Weighted respondent linearization; clustering unavailable; approximate
WVS,2006,individual_responsibility,55+,survey_coverage,3.456140350877193,0.16233589239568477,3.1375818985990427,3.7746988031553435,228,242,1000,228.0,228.0,False,Weighted respondent linearization; clustering unavailable; approximate
WVS,2006,income_incentives,All,survey_coverage,6.940826305858634,0.09414241111919502,6.756086749268367,7.125565862448901,967,1000,1000,739.6895098648409,963.3770010000001,True,Weighted respondent linearization; clustering unavailable; approximate
WVS,2006,income_incentives,All,survey_coverage,6.884177869700103,0.08246718377812264,6.722349095789381,7.046006643610825,967,1000,1000,967.0,967.0,False,Weighted respondent linearization; clustering unavailable; approximate
WVS,2006,income_incentives,18-34,survey_coverage,7.0716886074547975,0.1400856390237397,6.796792749889139,7.346584465020456,374,384,1000,320.3054798576501,303.34917599999994,True,Weighted respondent linearization; clustering unavailable; approximate
WVS,2006,income_incentives,18-34,survey_coverage,6.991978609625669,0.1278192663732683,6.7411535636897435,7.242803655561594,374,384,1000,374.0,374.0,False,Weighted respondent linearization; clustering unavailable; approximate
WVS,2006,income_incentives,35-54,survey_coverage,6.9511741586983815,0.13407624553605782,6.6880707831298665,7.2142775342668966,365,374,1000,313.21014121068197,354.904197,True,Weighted respondent linearization; clustering unavailable; approximate
WVS,2006,income_incentives,35-54,survey_coverage,6.926027397260274,0.1283642177460319,6.674132970651273,7.177921823869275,365,374,1000,365.0,365.0,False,Weighted respondent linearization; clustering unavailable; approximate
WVS,2006,income_incentives,55+,survey_coverage,6.7986889432240245,0.21137154050981946,6.383905805577958,7.213472080870091,228,242,1000,164.70075084954414,305.123628,True,Weighted respondent linearization; clustering unavailable; approximate
WVS,2006,income_incentives,55+,survey_coverage,6.640350877192983,0.18917542421138073,6.269124098835482,7.011577655550484,228,242,1000,228.0,228.0,False,Weighted respondent linearization; clustering unavailable; approximate
WVS,2006,pro_market_index,All,survey_coverage,49.205120767544834,0.6235624450226468,47.98147832807115,50.42876320701852,904,1000,1000,687.5163371698704,900.00284,True,Weighted respondent linearization; clustering unavailable; approximate
WVS,2006,pro_market_index,All,survey_coverage,49.24717305801376,0.5551696598217153,48.15774061658225,50.33660549944526,904,1000,1000,904.0,904.0,False,Weighted respondent linearization; clustering unavailable; approximate
WVS,2006,pro_market_index,18-34,survey_coverage,51.980648599431696,0.9065690310375273,50.20165060244718,53.75964659641621,360,384,1000,307.35106977754504,291.751573,True,Weighted respondent linearization; clustering unavailable; approximate
WVS,2006,pro_market_index,18-34,survey_coverage,51.62808641975308,0.8581030366926833,49.94419525292651,53.31197758657965,360,384,1000,360.0,360.0,False,Weighted respondent linearization; clustering unavailable; approximate
WVS,2006,pro_market_index,35-54,survey_coverage,50.30036040829351,0.8807239004541408,48.572079382621176,52.02864143396584,345,374,1000,295.53866115745836,338.617254,True,Weighted respondent linearization; clustering unavailable; approximate
WVS,2006,pro_market_index,35-54,survey_coverage,49.943639291465374,0.84452295360661,48.28639688472424,51.60088169820651,345,374,1000,345.0,345.0,False,Weighted respondent linearization; clustering unavailable; approximate
WVS,2006,pro_market_index,55+,survey_coverage,44.82647566507948,1.4212187729342247,42.03755914160944,47.615392188549514,199,242,1000,141.6533626876217,269.634013,True,Weighted respondent linearization; clustering unavailable; approximate
WVS,2006,pro_market_index,55+,survey_coverage,43.73255164712451,1.264176736494995,41.2518052229,46.213298071349016,199,242,1000,199.0,199.0,False,Weighted respondent linearization; clustering unavailable; approximate
WVS,2011,private_ownership,All,survey_coverage,4.339502620593403,0.07769629632904225,4.187097620636125,4.4919076205506805,1500,1500,1500,1366.4216831899291,1500.0003419999998,True,Weighted respondent linearization; clustering unavailable; approximate
WVS,2011,private_ownership,All,survey_coverage,4.343333333333334,0.07496551229401302,4.196284896821235,4.490381769845432,1500,1500,1500,1500.0,1500.0,False,Weighted respondent linearization; clustering unavailable; approximate
WVS,2011,private_ownership,18-34,survey_coverage,4.910741042332091,0.14166564690184397,4.632857102812148,5.188624981852035,467,467,1500,407.3426548509066,475.53923000000003,True,Weighted respondent linearization; clustering unavailable; approximate
WVS,2011,private_ownership,18-34,survey_coverage,5.014989293361884,0.13330480321723875,4.753505548466388,5.27647303825738,467,467,1500,467.0,467.0,False,Weighted respondent linearization; clustering unavailable; approximate
WVS,2011,private_ownership,35-54,survey_coverage,4.534735966051048,0.13705735149331774,4.265891418300375,4.8035805138017205,476,476,1500,437.8686945210743,491.442788,True,Weighted respondent linearization; clustering unavailable; approximate
WVS,2011,private_ownership,35-54,survey_coverage,4.51890756302521,0.13256093025789684,4.258882960504488,4.778932165545932,476,476,1500,476.0,476.0,False,Weighted respondent linearization; clustering unavailable; approximate
WVS,2011,private_ownership,55+,survey_coverage,3.6498597278993357,0.12034262665008885,3.4138019120699625,3.885917543728709,557,557,1500,526.2122249509607,533.018324,True,Weighted respondent linearization; clustering unavailable; approximate
WVS,2011,private_ownership,55+,survey_coverage,3.63016157989228,0.11743538721500617,3.399806453211733,3.8605167065728274,557,557,1500,557.0,557.0,False,Weighted respondent linearization; clustering unavailable; approximate
WVS,2011,private_ownership,All,exclude_crimea_donetsk_luhansk,4.402578049879286,0.08755938275587849,4.230826134335522,4.57432996542305,1191,1191,1500,1085.046302762824,1187.3670189999998,True,Weighted respondent linearization; clustering unavailable; approximate
WVS,2011,private_ownership,All,exclude_crimea_donetsk_luhansk,4.404701931150294,0.08412925094159139,4.239678383156972,4.5697254791436155,1191,1191,1500,1191.0,1191.0,False,Weighted respondent linearization; clustering unavailable; approximate
WVS,2011,private_ownership,18-34,exclude_crimea_donetsk_luhansk,4.9651222419962115,0.15804769683933093,4.655104128287973,5.27514035570445,377,377,1500,329.759951044678,387.863635,True,Weighted respondent linearization; clustering unavailable; approximate
WVS,2011,private_ownership,18-34,exclude_crimea_donetsk_luhansk,5.092838196286472,0.14863212190267142,4.801289182980938,5.384387209592006,377,377,1500,377.0,377.0,False,Weighted respondent linearization; clustering unavailable; approximate
WVS,2011,private_ownership,35-54,exclude_crimea_donetsk_luhansk,4.5280315257987604,0.15571744285717298,4.2225843166874055,4.833478734910115,372,372,1500,344.9267403748936,383.620288,True,Weighted respondent linearization; clustering unavailable; approximate
WVS,2011,private_ownership,35-54,exclude_crimea_donetsk_luhansk,4.497311827956989,0.14940667434801985,4.204243492998073,4.790380162915905,372,372,1500,372.0,372.0,False,Weighted respondent linearization; clustering unavailable; approximate
WVS,2011,private_ownership,55+,exclude_crimea_donetsk_luhansk,3.762213158093831,0.13636970156049735,3.4947174685633526,4.02970884762431,442,442,1500,415.29000505589846,415.883096,True,Weighted respondent linearization; clustering unavailable; approximate
WVS,2011,private_ownership,55+,exclude_crimea_donetsk_luhansk,3.739819004524887,0.13256775886980265,3.479781007355432,3.999857001694342,442,442,1500,442.0,442.0,False,Weighted respondent linearization; clustering unavailable; approximate
WVS,2011,competition,All,survey_coverage,6.559419693785643,0.07435932163776744,6.41356032922812,6.705279058343167,1500,1500,1500,1366.4216831899291,1500.0003419999998,True,Weighted respondent linearization; clustering unavailable; approximate
WVS,2011,competition,All,survey_coverage,6.530666666666667,0.0700633130662389,6.393234128317017,6.668099205016317,1500,1500,1500,1500.0,1500.0,False,Weighted respondent linearization; clustering unavailable; approximate
WVS,2011,competition,18-34,survey_coverage,6.789313689219709,0.1341043904087092,6.526261515819387,7.0523658626200305,467,467,1500,407.3426548509066,475.53923000000003,True,Weighted respondent linearization; clustering unavailable; approximate
WVS,2011,competition,18-34,survey_coverage,6.736616702355461,0.12235172733262421,6.496617939480951,6.97661546522997,467,467,1500,467.0,467.0,False,Weighted respondent linearization; clustering unavailable; approximate
WVS,2011,competition,35-54,survey_coverage,6.638093616708034,0.1321099508739419,6.378953631810543,6.897233601605526,476,476,1500,437.8686945210743,491.442788,True,Weighted respondent linearization; clustering unavailable; approximate
WVS,2011,competition,35-54,survey_coverage,6.6344537815126055,0.12465512978380722,6.389936784603009,6.878970778422202,476,476,1500,476.0,476.0,False,Weighted respondent linearization; clustering unavailable; approximate
WVS,2011,competition,55+,survey_coverage,6.281779434659736,0.11946872737294038,6.047435814044153,6.516123055275319,557,557,1500,526.2122249509607,533.018324,True,Weighted respondent linearization; clustering unavailable; approximate
WVS,2011,competition,55+,survey_coverage,6.269299820466786,0.11630098153725699,6.041169884759779,6.497429756173793,557,557,1500,557.0,557.0,False,Weighted respondent linearization; clustering unavailable; approximate
WVS,2011,competition,All,exclude_crimea_donetsk_luhansk,6.574703037966057,0.08434349444443179,6.409259241098801,6.740146834833314,1191,1191,1500,1085.046302762824,1187.3670189999998,True,Weighted respondent linearization; clustering unavailable; approximate
WVS,2011,competition,All,exclude_crimea_donetsk_luhansk,6.5524769101595295,0.07947911071799223,6.396574834540871,6.708378985778188,1191,1191,1500,1191.0,1191.0,False,Weighted respondent linearization; clustering unavailable; approximate
WVS,2011,competition,18-34,exclude_crimea_donetsk_luhansk,6.790940019422033,0.1529658819858974,6.490890128513508,7.090989910330558,377,377,1500,329.759951044678,387.863635,True,Weighted respondent linearization; clustering unavailable; approximate
WVS,2011,competition,18-34,exclude_crimea_donetsk_luhansk,6.777188328912467,0.13927931873066618,6.50398528619211,7.0503913716328235,377,377,1500,377.0,377.0,False,Weighted respondent linearization; clustering unavailable; approximate
WVS,2011,competition,35-54,exclude_crimea_donetsk_luhansk,6.752705943956749,0.15060525550270384,6.457286534758016,7.0481253531554815,372,372,1500,344.9267403748936,383.620288,True,Weighted respondent linearization; clustering unavailable; approximate
WVS,2011,competition,35-54,exclude_crimea_donetsk_luhansk,6.731182795698925,0.14358513818893912,6.4495336822472815,7.012831909150568,372,372,1500,372.0,372.0,False,Weighted respondent linearization; clustering unavailable; approximate
WVS,2011,competition,55+,exclude_crimea_donetsk_luhansk,6.208840637754604,0.13294216362937955,5.948068227748716,6.469613047760492,442,442,1500,415.29000505589846,415.883096,True,Weighted respondent linearization; clustering unavailable; approximate
WVS,2011,competition,55+,exclude_crimea_donetsk_luhansk,6.210407239819005,0.12932809317926156,5.956724001791962,6.464090477846048,442,442,1500,442.0,442.0,False,Weighted respondent linearization; clustering unavailable; approximate
WVS,2011,individual_responsibility,All,survey_coverage,3.0146019766707504,0.07043396790597511,2.8764423811317212,3.1527615722097795,1500,1500,1500,1366.4216831899291,1500.0003419999998,True,Weighted respondent linearization; clustering unavailable; approximate
WVS,2011,individual_responsibility,All,survey_coverage,3.0206666666666666,0.06634911919958338,2.8905196971643616,3.1508136361689716,1500,1500,1500,1500.0,1500.0,False,Weighted respondent linearization; clustering unavailable; approximate
WVS,2011,individual_responsibility,18-34,survey_coverage,3.376518252763289,0.14031214207205828,3.1012892776788705,3.6517472278477072,467,467,1500,407.3426548509066,475.53923000000003,True,Weighted respondent linearization; clustering unavailable; approximate
WVS,2011,individual_responsibility,18-34,survey_coverage,3.372591006423983,0.12414918419625474,3.129066445973941,3.6161155668740252,467,467,1500,467.0,467.0,False,Weighted respondent linearization; clustering unavailable; approximate
WVS,2011,individual_responsibility,35-54,survey_coverage,2.9781939133879405,0.12022541259654944,2.7423660185286614,3.2140218082472196,476,476,1500,437.8686945210743,491.442788,True,Weighted respondent linearization; clustering unavailable; approximate
WVS,2011,individual_responsibility,35-54,survey_coverage,3.0168067226890756,0.11768377124320144,2.78596437886183,3.2476490665163213,476,476,1500,476.0,476.0,False,Weighted respondent linearization; clustering unavailable; approximate
WVS,2011,individual_responsibility,55+,survey_coverage,2.72528189105934,0.10418057239633477,2.5209267173664904,2.9296370647521894,557,557,1500,526.2122249509607,533.018324,True,Weighted respondent linearization; clustering unavailable; approximate
WVS,2011,individual_responsibility,55+,survey_coverage,2.7289048473967683,0.10313811720153677,2.526594499408941,2.9312151953845955,557,557,1500,557.0,557.0,False,Weighted respondent linearization; clustering unavailable; approximate
WVS,2011,individual_responsibility,All,exclude_crimea_donetsk_luhansk,3.0142618640479526,0.07911923823849576,2.8590656955035514,3.169458032592354,1191,1191,1500,1085.046302762824,1187.3670189999998,True,Weighted respondent linearization; clustering unavailable; approximate
WVS,2011,individual_responsibility,All,exclude_crimea_donetsk_luhansk,3.0419815281276237,0.07531099753183208,2.894255405803681,3.1897076504515662,1191,1191,1500,1191.0,1191.0,False,Weighted respondent linearization; clustering unavailable; approximate
WVS,2011,individual_responsibility,18-34,exclude_crimea_donetsk_luhansk,3.305838927127056,0.15245218324419713,3.0067966808606297,3.6048811733934825,377,377,1500,329.759951044678,387.863635,True,Weighted respondent linearization; clustering unavailable; approximate
WVS,2011,individual_responsibility,18-34,exclude_crimea_donetsk_luhansk,3.3713527851458887,0.13955017445166684,3.0976184459790104,3.645087124312767,377,377,1500,377.0,377.0,False,Weighted respondent linearization; clustering unavailable; approximate
WVS,2011,individual_responsibility,35-54,exclude_crimea_donetsk_luhansk,3.0035600802218263,0.13889921626413743,2.7311026266624996,3.276017533781153,372,372,1500,344.9267403748936,383.620288,True,Weighted respondent linearization; clustering unavailable; approximate
WVS,2011,individual_responsibility,35-54,exclude_crimea_donetsk_luhansk,3.056451612903226,0.13583960968708908,2.7899957239264577,3.3229075018799943,372,372,1500,372.0,372.0,False,Weighted respondent linearization; clustering unavailable; approximate
WVS,2011,individual_responsibility,55+,exclude_crimea_donetsk_luhansk,2.752200916576806,0.11871852046537056,2.519328862678277,2.9850729704753354,442,442,1500,415.29000505589846,415.883096,True,Weighted respondent linearization; clustering unavailable; approximate
WVS,2011,individual_responsibility,55+,exclude_crimea_donetsk_luhansk,2.748868778280543,0.11635400818304822,2.5206348282725797,2.9771027282885063,442,442,1500,442.0,442.0,False,Weighted respondent linearization; clustering unavailable; approximate
WVS,2011,income_incentives,All,survey_coverage,3.514745351304727,0.06928487870382502,3.378839749174379,3.650650953435075,1500,1500,1500,1366.4216831899291,1500.0003419999998,True,Weighted respondent linearization; clustering unavailable; approximate
WVS,2011,income_incentives,All,survey_coverage,3.481333333333333,0.06537715738490837,3.3530929134006073,3.609573753266059,1500,1500,1500,1500.0,1500.0,False,Weighted respondent linearization; clustering unavailable; approximate
WVS,2011,income_incentives,18-34,survey_coverage,3.8203841247755728,0.13149137813369194,3.562457499882426,4.07831074966872,467,467,1500,407.3426548509066,475.53923000000003,True,Weighted respondent linearization; clustering unavailable; approximate
WVS,2011,income_incentives,18-34,survey_coverage,3.7858672376873663,0.11690499219804477,3.556552506191102,4.015181969183631,467,467,1500,467.0,467.0,False,Weighted respondent linearization; clustering unavailable; approximate
WVS,2011,income_incentives,35-54,survey_coverage,3.6079632284684173,0.11811229503268685,3.376280314740109,3.8396461421967256,476,476,1500,437.8686945210743,491.442788,True,Weighted respondent linearization; clustering unavailable; approximate
WVS,2011,income_incentives,35-54,survey_coverage,3.600840336134454,0.11541573569052346,3.3744468524799647,3.827233819788943,476,476,1500,476.0,476.0,False,Weighted respondent linearization; clustering unavailable; approximate
WVS,2011,income_incentives,55+,survey_coverage,3.156118880445844,0.1092351020347903,2.9418490052069837,3.3703887556847043,557,557,1500,526.2122249509607,533.018324,True,Weighted respondent linearization; clustering unavailable; approximate
WVS,2011,income_incentives,55+,survey_coverage,3.1238779174147218,0.10616446705468102,2.9156312394982984,3.332124595331145,557,557,1500,557.0,557.0,False,Weighted respondent linearization; clustering unavailable; approximate
WVS,2011,income_incentives,All,exclude_crimea_donetsk_luhansk,3.415892552258941,0.07652743524101255,3.2657803292098038,3.5660047753080786,1191,1191,1500,1085.046302762824,1187.3670189999998,True,Weighted respondent linearization; clustering unavailable; approximate
WVS,2011,income_incentives,All,exclude_crimea_donetsk_luhansk,3.383711167086482,0.07178972740309268,3.242892184474159,3.524530149698805,1191,1191,1500,1191.0,1191.0,False,Weighted respondent linearization; clustering unavailable; approximate
WVS,2011,income_incentives,18-34,exclude_crimea_donetsk_luhansk,3.7406548463869265,0.14609720322862202,3.4540781972565657,4.027231495517287,377,377,1500,329.759951044678,387.863635,True,Weighted respondent linearization; clustering unavailable; approximate
WVS,2011,income_incentives,18-34,exclude_crimea_donetsk_luhansk,3.7002652519893897,0.12860474304733616,3.448000899829934,3.9525296041488454,377,377,1500,377.0,377.0,False,Weighted respondent linearization; clustering unavailable; approximate
WVS,2011,income_incentives,35-54,exclude_crimea_donetsk_luhansk,3.513216417792794,0.13179994863912856,3.254684517100287,3.771748318485301,372,372,1500,344.9267403748936,383.620288,True,Weighted respondent linearization; clustering unavailable; approximate
WVS,2011,income_incentives,35-54,exclude_crimea_donetsk_luhansk,3.524193548387097,0.12915320101516742,3.2708533697016264,3.7775337270725675,372,372,1500,372.0,372.0,False,Weighted respondent linearization; clustering unavailable; approximate
WVS,2011,income_incentives,55+,exclude_crimea_donetsk_luhansk,3.0232367920046452,0.1169920962546311,2.793751201736888,3.2527223822724025,442,442,1500,415.29000505589846,415.883096,True,Weighted respondent linearization; clustering unavailable; approximate
WVS,2011,income_incentives,55+,exclude_crimea_donetsk_luhansk,2.995475113122172,0.1140164666973466,2.771826362497713,3.219123863746631,442,442,1500,442.0,442.0,False,Weighted respondent linearization; clustering unavailable; approximate
WVS,2011,pro_market_index,All,survey_coverage,37.30074900654034,0.46756340431840343,36.38360103447498,38.21789697860571,1500,1500,1500,1366.4216831899291,1500.0003419999998,True,Weighted respondent linearization; clustering unavailable; approximate
WVS,2011,pro_market_index,All,survey_coverage,37.15555555555555,0.4437193576321243,36.28517882106391,38.025932290047194,1500,1500,1500,1500.0,1500.0,False,Weighted respondent linearization; clustering unavailable; approximate
WVS,2011,pro_market_index,18-34,survey_coverage,41.38043641414073,0.8136422796025241,39.78443818196103,42.976434646320435,467,467,1500,407.3426548509066,475.53923000000003,True,Weighted respondent linearization; clustering unavailable; approximate
WVS,2011,pro_market_index,18-34,survey_coverage,41.41684511063526,0.734163849437695,39.976747619136646,42.85694260213387,467,467,1500,467.0,467.0,False,Weighted respondent linearization; clustering unavailable; approximate
WVS,2011,pro_market_index,35-54,survey_coverage,38.21940756837622,0.8153222595600574,36.620113975188936,39.8187011615635,476,476,1500,437.8686945210743,491.442788,True,Weighted respondent linearization; clustering unavailable; approximate
WVS,2011,pro_market_index,35-54,survey_coverage,38.252801120448176,0.7750636553619962,36.732476704184094,39.77312553671226,476,476,1500,476.0,476.0,False,Weighted respondent linearization; clustering unavailable; approximate
WVS,2011,pro_market_index,55+,survey_coverage,32.813999816845154,0.7511011563638379,31.34067898802782,34.28732064566249,557,557,1500,526.2122249509607,533.018324,True,Weighted respondent linearization; clustering unavailable; approximate
WVS,2011,pro_market_index,55+,survey_coverage,32.64512268102932,0.7379193305960448,31.197658633686736,34.092586728371906,557,557,1500,557.0,557.0,False,Weighted respondent linearization; clustering unavailable; approximate
WVS,2011,pro_market_index,All,exclude_crimea_donetsk_luhansk,37.24287640042287,0.525563299951583,36.21195886006223,38.27379394078351,1191,1191,1500,1085.046302762824,1187.3670189999998,True,Weighted respondent linearization; clustering unavailable; approximate
WVS,2011,pro_market_index,All,exclude_crimea_donetsk_luhansk,37.17464315701091,0.50022456874714,36.19342874936816,38.155857564653665,1191,1191,1500,1191.0,1191.0,False,Weighted respondent linearization; clustering unavailable; approximate
WVS,2011,pro_market_index,18-34,exclude_crimea_donetsk_luhansk,41.11821120814507,0.8969499231297676,39.358801050196845,42.877621366093294,377,377,1500,329.759951044678,387.863635,True,Weighted respondent linearization; clustering unavailable; approximate
WVS,2011,pro_market_index,18-34,exclude_crimea_donetsk_luhansk,41.504568228706155,0.8260534766425655,39.88422484014542,43.12491161726689,377,377,1500,377.0,377.0,False,Weighted respondent linearization; clustering unavailable; approximate
WVS,2011,pro_market_index,35-54,exclude_crimea_donetsk_luhansk,38.326427688250355,0.9291295987531656,36.50389555803669,40.14895981846402,372,372,1500,344.9267403748936,383.620288,True,Weighted respondent linearization; clustering unavailable; approximate
WVS,2011,pro_market_index,35-54,exclude_crimea_donetsk_luhansk,38.35872162485066,0.8801958875248251,36.63217530876231,40.08526794093901,372,372,1500,372.0,372.0,False,Weighted respondent linearization; clustering unavailable; approximate
WVS,2011,pro_market_index,55+,exclude_crimea_donetsk_luhansk,32.629143067860795,0.8523251968003132,30.957266444143492,34.3010196915781,442,442,1500,415.29000505589846,415.883096,True,Weighted respondent linearization; clustering unavailable; approximate
WVS,2011,pro_market_index,55+,exclude_crimea_donetsk_luhansk,32.48491704374057,0.8263974790241629,30.863898878061374,34.105935209419776,442,442,1500,442.0,442.0,False,Weighted respondent linearization; clustering unavailable; approximate
WVS,2020,private_ownership,All,survey_coverage,4.832280099564021,0.0735646798370569,4.687960357997018,4.976599841131024,1129,1289,1289,1096.4967827332212,1131.847017,True,Weighted respondent linearization; clustering unavailable; approximate
WVS,2020,private_ownership,All,survey_coverage,4.842338352524358,0.07302496961699427,4.699077418521706,4.98559928652701,1129,1289,1289,1129.0,1129.0,False,Weighted respondent linearization; clustering unavailable; approximate
WVS,2020,private_ownership,18-34,survey_coverage,5.315493583419463,0.13196114489676392,5.056611217988527,5.574375948850399,295,332,1289,287.00530856049045,291.107388,True,Weighted respondent linearization; clustering unavailable; approximate
WVS,2020,private_ownership,18-34,survey_coverage,5.338983050847458,0.13178003200642666,5.0804559940454155,5.5975101076495,295,332,1289,295.0,295.0,False,Weighted respondent linearization; clustering unavailable; approximate
WVS,2020,private_ownership,35-54,survey_coverage,4.851572109967425,0.11247665289370784,4.630914567327451,5.072229652607399,451,499,1289,437.11943446415955,454.17118700000003,True,Weighted respondent linearization; clustering unavailable; approximate
WVS,2020,private_ownership,35-54,survey_coverage,4.880266075388026,0.11213284685279695,4.660283014021992,5.10024913675406,451,499,1289,451.0,451.0,False,Weighted respondent linearization; clustering unavailable; approximate
WVS,2020,private_ownership,55+,survey_coverage,4.445727877083148,0.13529488719169486,4.1803053509729144,4.711150403193382,383,458,1289,372.4884068285654,386.568442,True,Weighted respondent linearization; clustering unavailable; approximate
WVS,2020,private_ownership,55+,survey_coverage,4.415143603133159,0.13274901209437898,4.154715593915004,4.675571612351314,383,458,1289,383.0,383.0,False,Weighted respondent linearization; clustering unavailable; approximate
WVS,2020,private_ownership,All,exclude_crimea_donetsk_luhansk,4.881588884669685,0.07455010419171539,4.7353359302006055,5.027841839138764,1060,1202,1289,1029.5721071146384,1068.919093,True,Weighted respondent linearization; clustering unavailable; approximate
WVS,2020,private_ownership,All,exclude_crimea_donetsk_luhansk,4.8971698113207545,0.07370893859914023,4.752567061830537,5.041772560810972,1060,1202,1289,1060.0,1060.0,False,Weighted respondent linearization; clustering unavailable; approximate
WVS,2020,private_ownership,18-34,exclude_crimea_donetsk_luhansk,5.342510597390728,0.13261831554853767,5.082338989638076,5.602682205143379,286,321,1289,278.28712725741616,282.957388,True,Weighted respondent linearization; clustering unavailable; approximate
WVS,2020,private_ownership,18-34,exclude_crimea_donetsk_luhansk,5.3671328671328675,0.13220113239041184,5.107779692433961,5.626486041831774,286,321,1289,286.0,286.0,False,Weighted respondent linearization; clustering unavailable; approximate
WVS,2020,private_ownership,35-54,exclude_crimea_donetsk_luhansk,4.870409364780105,0.11447518731713742,4.64583108229404,5.09498764726617,424,468,1289,410.8939051439058,428.750441,True,Weighted respondent linearization; clustering unavailable; approximate
WVS,2020,private_ownership,35-54,exclude_crimea_donetsk_luhansk,4.90566037735849,0.11389423216848547,4.682221817047539,5.129098937669442,424,468,1289,424.0,424.0,False,Weighted respondent linearization; clustering unavailable; approximate
WVS,2020,private_ownership,55+,exclude_crimea_donetsk_luhansk,4.529897903779428,0.13823327037822555,4.258710835458936,4.801084972099921,350,413,1289,340.55625801712637,357.211264,True,Weighted respondent linearization; clustering unavailable; approximate
WVS,2020,private_ownership,55+,exclude_crimea_donetsk_luhansk,4.502857142857143,0.13477792650723228,4.238448794101411,4.767265491612874,350,413,1289,350.0,350.0,False,Weighted respondent linearization; clustering unavailable; approximate
WVS,2020,competition,All,survey_coverage,6.859523335352248,0.07605610016210677,6.710315906674496,7.008730764029999,1215,1289,1289,1180.2599431317558,1214.3485,True,Weighted respondent linearization; clustering unavailable; approximate
WVS,2020,competition,All,survey_coverage,6.85761316872428,0.07588531856514498,6.708740780666463,7.0064855567820965,1215,1289,1289,1215.0,1215.0,False,Weighted respondent linearization; clustering unavailable; approximate
WVS,2020,competition,18-34,survey_coverage,6.822465062078042,0.14796780205469157,6.532180716382929,7.112749407773154,318,332,1289,309.37457354467676,314.134596,True,Weighted respondent linearization; clustering unavailable; approximate
WVS,2020,competition,18-34,survey_coverage,6.827044025157233,0.14747031437972444,6.537735654520301,7.116352395794165,318,332,1289,318.0,318.0,False,Weighted respondent linearization; clustering unavailable; approximate
WVS,2020,competition,35-54,survey_coverage,6.898459651865013,0.1205558355676585,6.661952307959544,7.134966995770482,479,499,1289,463.9896252047473,481.26062099999996,True,Weighted respondent linearization; clustering unavailable; approximate
WVS,2020,competition,35-54,survey_coverage,6.887265135699374,0.11960907468826536,6.652615154399742,7.121915116999006,479,499,1289,479.0,479.0,False,Weighted respondent linearization; clustering unavailable; approximate
WVS,2020,competition,55+,survey_coverage,6.84258294975576,0.13075947792070083,6.586058023626119,7.099107875885402,418,458,1289,406.9795797914966,418.953283,True,Weighted respondent linearization; clustering unavailable; approximate
WVS,2020,competition,55+,survey_coverage,6.84688995215311,0.13143843580260509,6.589033041350004,7.104746862956216,418,458,1289,418.0,418.0,False,Weighted respondent linearization; clustering unavailable; approximate
WVS,2020,competition,All,exclude_crimea_donetsk_luhansk,6.8392227175237865,0.0780087481618306,6.686184569330695,6.992260865716878,1134,1202,1289,1101.7806666080971,1141.685381,True,Weighted respondent linearization; clustering unavailable; approximate
WVS,2020,competition,All,exclude_crimea_donetsk_luhansk,6.832451499118166,0.07779258948570916,6.679837412639806,6.9850655855965265,1134,1202,1289,1134.0,1134.0,False,Weighted respondent linearization; clustering unavailable; approximate
WVS,2020,competition,18-34,exclude_crimea_donetsk_luhansk,6.825818023711726,0.15093504636056412,6.529712515845607,7.121923531577845,307,321,1289,298.77202779467916,304.43469600000003,True,Weighted respondent linearization; clustering unavailable; approximate
WVS,2020,competition,18-34,exclude_crimea_donetsk_luhansk,6.824104234527687,0.1504080521370805,6.5290325878883,7.119175881167075,307,321,1289,307.0,307.0,False,Weighted respondent linearization; clustering unavailable; approximate
WVS,2020,competition,35-54,exclude_crimea_donetsk_luhansk,6.875898029685496,0.12383443751122525,6.6329586998562835,7.118837359514709,449,468,1289,434.8728512011407,453.31032100000004,True,Weighted respondent linearization; clustering unavailable; approximate
WVS,2020,competition,35-54,exclude_crimea_donetsk_luhansk,6.864142538975501,0.12281940985361213,6.623194498030499,7.105090579920502,449,468,1289,449.0,449.0,False,Weighted respondent linearization; clustering unavailable; approximate
WVS,2020,competition,55+,exclude_crimea_donetsk_luhansk,6.806549821367571,0.13452651544296557,6.542634692726471,7.07046495000867,378,413,1289,368.24821791759524,383.94036399999993,True,Weighted respondent linearization; clustering unavailable; approximate
WVS,2020,competition,55+,exclude_crimea_donetsk_luhansk,6.801587301587301,0.13510575618204823,6.536535814112661,7.066638789061942,378,413,1289,378.0,378.0,False,Weighted respondent linearization; clustering unavailable; approximate
WVS,2020,individual_responsibility,All,survey_coverage,4.441620571181438,0.07723359640708317,4.290103121524222,4.593138020838653,1240,1289,1289,1204.4854211503643,1240.8604959999998,True,Weighted respondent linearization; clustering unavailable; approximate
WVS,2020,individual_responsibility,All,survey_coverage,4.429032258064516,0.07623714250862426,4.279469659151266,4.578594856977766,1240,1289,1289,1240.0,1240.0,False,Weighted respondent linearization; clustering unavailable; approximate
WVS,2020,individual_responsibility,18-34,survey_coverage,4.689047458967794,0.15573689339513191,4.383521651514862,4.994573266420726,320,332,1289,311.2846303003012,316.458189,True,Weighted respondent linearization; clustering unavailable; approximate
WVS,2020,individual_responsibility,18-34,survey_coverage,4.703125,0.15330550436671161,4.402369109809097,5.003880890190903,320,332,1289,320.0,320.0,False,Weighted respondent linearization; clustering unavailable; approximate
WVS,2020,individual_responsibility,35-54,survey_coverage,4.5833756005377095,0.12503316065478445,4.338084606639924,4.828666594435495,486,499,1289,470.7757937013405,489.384547,True,Weighted respondent linearization; clustering unavailable; approximate
WVS,2020,individual_responsibility,35-54,survey_coverage,4.574074074074074,0.12238176962861488,4.333984599010293,4.814163549137856,486,499,1289,486.0,486.0,False,Weighted respondent linearization; clustering unavailable; approximate
WVS,2020,individual_responsibility,55+,survey_coverage,4.10215630276796,0.12465993042255764,3.8575975147436905,4.346715090792229,434,458,1289,422.517832710029,435.01776000000007,True,Weighted respondent linearization; clustering unavailable; approximate
WVS,2020,individual_responsibility,55+,survey_coverage,4.064516129032258,0.12409163030505721,3.8210722364479173,4.307960021616599,434,458,1289,434.0,434.0,False,Weighted respondent linearization; clustering unavailable; approximate
WVS,2020,individual_responsibility,All,exclude_crimea_donetsk_luhansk,4.4472642342197295,0.07881167766937944,4.292650892886634,4.601877575552825,1154,1202,1289,1121.1352112321522,1163.530198,True,Weighted respondent linearization; clustering unavailable; approximate
WVS,2020,individual_responsibility,All,exclude_crimea_donetsk_luhansk,4.4350086655112655,0.07764149937143743,4.282690988754164,4.5873263422683666,1154,1202,1289,1154.0,1154.0,False,Weighted respondent linearization; clustering unavailable; approximate
WVS,2020,individual_responsibility,18-34,exclude_crimea_donetsk_luhansk,4.653181518429971,0.15830311020778046,4.342621287555001,4.9637417493049405,309,321,1289,300.6846938635675,306.758289,True,Weighted respondent linearization; clustering unavailable; approximate
WVS,2020,individual_responsibility,18-34,exclude_crimea_donetsk_luhansk,4.666666666666667,0.15622974036897744,4.360173988317878,4.973159345015456,309,321,1289,309.0,309.0,False,Weighted respondent linearization; clustering unavailable; approximate
WVS,2020,individual_responsibility,35-54,exclude_crimea_donetsk_luhansk,4.5394439264496125,0.12651191377187881,4.291251903577418,4.787635949321807,456,468,1289,441.6691375030098,461.43424699999997,True,Weighted respondent linearization; clustering unavailable; approximate
WVS,2020,individual_responsibility,35-54,exclude_crimea_donetsk_luhansk,4.521929824561403,0.12308522354557586,4.2804603083185535,4.763399340804253,456,468,1289,456.0,456.0,False,Weighted respondent linearization; clustering unavailable; approximate
WVS,2020,individual_responsibility,55+,exclude_crimea_donetsk_luhansk,4.179893551351047,0.12902962404376978,3.9267622655528847,4.43302483714921,389,413,1289,378.89865785513206,395.337662,True,Weighted respondent linearization; clustering unavailable; approximate
WVS,2020,individual_responsibility,55+,exclude_crimea_donetsk_luhansk,4.149100257069409,0.12841351658506647,3.897177655512305,4.401022858626513,389,413,1289,389.0,389.0,False,Weighted respondent linearization; clustering unavailable; approximate
WVS,2020,income_incentives,All,survey_coverage,6.159962650464011,0.07666107174578021,6.009568383988493,6.310356916939528,1236,1289,1289,1200.7256883134485,1236.086039,True,Weighted respondent linearization; clustering unavailable; approximate
WVS,2020,income_incentives,All,survey_coverage,6.161003236245954,0.0766942992073316,6.010543783886741,6.311462688605168,1236,1289,1289,1236.0,1236.0,False,Weighted respondent linearization; clustering unavailable; approximate
WVS,2020,income_incentives,18-34,survey_coverage,6.4898908256279935,0.1386875759600603,6.217812497204037,6.7619691540519495,322,332,1289,313.2935176751968,318.00732500000004,True,Weighted respondent linearization; clustering unavailable; approximate
WVS,2020,income_incentives,18-34,survey_coverage,6.5062111801242235,0.13777114224888504,6.235930718239659,6.776491642008788,322,332,1289,322.0,322.0,False,Weighted respondent linearization; clustering unavailable; approximate
WVS,2020,income_incentives,35-54,survey_coverage,6.415593047504076,0.11663478349989709,6.186778053002471,6.64440804200568,485,499,1289,469.8933194822512,488.03308,True,Weighted respondent linearization; clustering unavailable; approximate
WVS,2020,income_incentives,35-54,survey_coverage,6.4041237113402065,0.1168416159975393,6.174902951290876,6.633344471389537,485,499,1289,485.0,485.0,False,Weighted respondent linearization; clustering unavailable; approximate
WVS,2020,income_incentives,55+,survey_coverage,5.6258898724222375,0.1397342737932312,5.351758124325735,5.90002162051874,429,458,1289,417.6373673419869,430.04563399999995,True,Weighted respondent linearization; clustering unavailable; approximate
WVS,2020,income_incentives,55+,survey_coverage,5.627039627039627,0.14019254388459518,5.352008841235083,5.902070412844171,429,458,1289,429.0,429.0,False,Weighted respondent linearization; clustering unavailable; approximate
WVS,2020,income_incentives,All,exclude_crimea_donetsk_luhansk,6.044881748986047,0.0779426912000108,5.8919731918369145,6.197790306135179,1152,1202,1289,1119.315530287803,1160.510345,True,Weighted respondent linearization; clustering unavailable; approximate
WVS,2020,income_incentives,All,exclude_crimea_donetsk_luhansk,6.033854166666667,0.07769895053947767,5.881423781776497,6.186284551556837,1152,1202,1289,1152.0,1152.0,False,Weighted respondent linearization; clustering unavailable; approximate
WVS,2020,income_incentives,18-34,exclude_crimea_donetsk_luhansk,6.39326669476092,0.1395921092618297,6.119413846110147,6.667119543411692,311,321,1289,302.69020272627534,308.307425,True,Weighted respondent linearization; clustering unavailable; approximate
WVS,2020,income_incentives,18-34,exclude_crimea_donetsk_luhansk,6.398713826366559,0.13845040138437664,6.127100788806978,6.67032686392614,311,321,1289,311.0,311.0,False,Weighted respondent linearization; clustering unavailable; approximate
WVS,2020,income_incentives,35-54,exclude_crimea_donetsk_luhansk,6.31716684573175,0.1190512766180659,6.083611156876755,6.550722534586745,454,468,1289,439.8080202549249,459.20547799999997,True,Weighted respondent linearization; clustering unavailable; approximate
WVS,2020,income_incentives,35-54,exclude_crimea_donetsk_luhansk,6.299559471365638,0.1190145986431255,6.066075737637428,6.533043205093849,454,468,1289,454.0,454.0,False,Weighted respondent linearization; clustering unavailable; approximate
WVS,2020,income_incentives,55+,exclude_crimea_donetsk_luhansk,5.4534161344490375,0.14268897884987997,5.173487823774858,5.733344445123217,387,413,1289,376.9445855286943,392.997442,True,Weighted respondent linearization; clustering unavailable; approximate
WVS,2020,income_incentives,55+,exclude_crimea_donetsk_luhansk,5.428940568475452,0.14207519188167714,5.150216389686635,5.707664747264269,387,413,1289,387.0,387.0,False,Weighted respondent linearization; clustering unavailable; approximate
WVS,2020,pro_market_index,All,survey_coverage,51.68585299986378,0.4377427321006081,50.82708601943889,52.54461998028868,1072,1289,1289,1040.4379172598806,1073.9805030000002,True,Weighted respondent linearization; clustering unavailable; approximate
WVS,2020,pro_market_index,All,survey_coverage,51.66873963515755,0.44108158014006227,50.8034224775654,52.5340567927497,1072,1289,1289,1072.0,1072.0,False,Weighted respondent linearization; clustering unavailable; approximate
WVS,2020,pro_market_index,18-34,survey_coverage,54.62029772030984,0.7918327672876836,53.06687424871501,56.173721191904676,284,332,1289,276.0622729849063,279.86760100000004,True,Weighted respondent linearization; clustering unavailable; approximate
WVS,2020,pro_market_index,18-34,survey_coverage,54.7339593114241,0.7791693642947238,53.20537899895605,56.26253962389215,284,332,1289,284.0,284.0,False,Weighted respondent linearization; clustering unavailable; approximate
WVS,2020,pro_market_index,35-54,survey_coverage,52.52684932985897,0.695219170224118,51.162963138803605,53.89073552091433,434,499,1289,420.3762743370426,436.55952,True,Weighted respondent linearization; clustering unavailable; approximate
WVS,2020,pro_market_index,35-54,survey_coverage,52.515360983102916,0.69791914362781,51.146177963940346,53.884544002265486,434,499,1289,434.0,434.0,False,Weighted respondent linearization; clustering unavailable; approximate
WVS,2020,pro_market_index,55+,survey_coverage,48.36215081118526,0.7598753417565005,46.87142165708114,49.852879965289375,354,458,1289,344.1180106083385,357.553382,True,Weighted respondent linearization; clustering unavailable; approximate
WVS,2020,pro_market_index,55+,survey_coverage,48.17168863779033,0.7764491590937483,46.648444844321396,49.69493243125927,354,458,1289,354.0,354.0,False,Weighted respondent linearization; clustering unavailable; approximate
WVS,2020,pro_market_index,All,exclude_crimea_donetsk_luhansk,51.43168484731452,0.44404412232675355,50.560555752204095,52.30281394242495,1007,1202,1289,977.4297274474843,1014.8424560000001,True,Weighted respondent linearization; clustering unavailable; approximate
WVS,2020,pro_market_index,All,exclude_crimea_donetsk_luhansk,51.390268123138036,0.4471624308014017,50.51302150703541,52.26751473924066,1007,1202,1289,1007.0,1007.0,False,Weighted respondent linearization; clustering unavailable; approximate
WVS,2020,pro_market_index,18-34,exclude_crimea_donetsk_luhansk,54.376161780390355,0.8044059259011808,52.798072191770345,55.954251369010365,275,321,1289,267.34345812678845,271.717601,True,Weighted respondent linearization; clustering unavailable; approximate
WVS,2020,pro_market_index,18-34,exclude_crimea_donetsk_luhansk,54.45454545454545,0.7897244919219343,52.9052580134018,56.00383289568911,275,321,1289,275.0,275.0,False,Weighted respondent linearization; clustering unavailable; approximate
WVS,2020,pro_market_index,35-54,exclude_crimea_donetsk_luhansk,52.17461631607413,0.7085719375771112,50.784534565711546,53.56469806643671,407,468,1289,394.149233396069,411.138774,True,Weighted respondent linearization; clustering unavailable; approximate
WVS,2020,pro_market_index,35-54,exclude_crimea_donetsk_luhansk,52.14987714987715,0.714239498176787,50.74867673655196,53.55107756320234,407,468,1289,407.0,407.0,False,Weighted respondent linearization; clustering unavailable; approximate
WVS,2020,pro_market_index,55+,exclude_crimea_donetsk_luhansk,48.101683365454114,0.7672039084589928,46.59657697413639,49.60678975677184,325,413,1289,316.106592481367,331.98608099999996,True,Weighted respondent linearization; clustering unavailable; approximate
WVS,2020,pro_market_index,55+,exclude_crimea_donetsk_luhansk,47.84615384615385,0.7795629443469979,46.316801405382435,49.37550628692526,325,413,1289,325.0,325.0,False,Weighted respondent linearization; clustering unavailable; approximate
EVS,1999,private_ownership,All,survey_coverage,5.395927560798378,0.09630084308330981,5.206989852773107,5.584865268823648,1023,1195,1195,972.1328048673081,1036.01694,True,Weighted respondent linearization; clustering unavailable; approximate
EVS,1999,private_ownership,All,survey_coverage,5.340175953079179,0.09301935032419067,5.157676378936839,5.522675527221518,1023,1195,1195,1023.0,1023.0,False,Weighted respondent linearization; clustering unavailable; approximate
EVS,1999,private_ownership,18-34,survey_coverage,6.178510217074531,0.16498718103621582,5.854813156483214,6.502207277665848,301,331,1195,283.47033114190435,326.67766,True,Weighted respondent linearization; clustering unavailable; approximate
EVS,1999,private_ownership,18-34,survey_coverage,6.136212624584718,0.15875136450939273,5.824749941642876,6.447675307526559,301,331,1195,301.0,301.0,False,Weighted respondent linearization; clustering unavailable; approximate
EVS,1999,private_ownership,35-54,survey_coverage,5.588437347531288,0.14571236989646574,5.30255655648409,5.874318138578486,443,495,1195,414.6692355860634,417.66765999999996,True,Weighted respondent linearization; clustering unavailable; approximate
EVS,1999,private_ownership,35-54,survey_coverage,5.498871331828442,0.139479721563973,5.225218702583005,5.77252396107388,443,495,1195,443.0,443.0,False,Weighted respondent linearization; clustering unavailable; approximate
EVS,1999,private_ownership,55+,survey_coverage,4.2437503861363,0.17680970820416067,3.896858085351233,4.590642686921367,279,369,1195,277.1621029014889,291.67161999999996,True,Weighted respondent linearization; clustering unavailable; approximate
EVS,1999,private_ownership,55+,survey_coverage,4.229390681003585,0.17585872760644375,3.884364159257998,4.574417202749171,279,369,1195,279.0,279.0,False,Weighted respondent linearization; clustering unavailable; approximate
EVS,1999,private_ownership,All,exclude_crimea_donetsk_luhansk,5.513693509619329,0.10646890235353149,5.304806549312655,5.722580469926003,804,943,1195,764.4116532418808,816.59124,True,Weighted respondent linearization; clustering unavailable; approximate
EVS,1999,private_ownership,All,exclude_crimea_donetsk_luhansk,5.446517412935323,0.10342461563477262,5.243603199458254,5.649431626412393,804,943,1195,804.0,804.0,False,Weighted respondent linearization; clustering unavailable; approximate
EVS,1999,private_ownership,18-34,exclude_crimea_donetsk_luhansk,6.268286721054519,0.1765705279667891,5.921863680604118,6.61470976150492,241,265,1195,226.9516765378349,259.90362000000005,True,Weighted respondent linearization; clustering unavailable; approximate
EVS,1999,private_ownership,18-34,exclude_crimea_donetsk_luhansk,6.219917012448133,0.17122251205804842,5.883986526745213,6.555847498151053,241,265,1195,241.0,241.0,False,Weighted respondent linearization; clustering unavailable; approximate
EVS,1999,private_ownership,35-54,exclude_crimea_donetsk_luhansk,5.654273886014099,0.15817161344655903,5.3439486472890465,5.964599124739152,348,391,1195,325.87175037518784,331.91420999999997,True,Weighted respondent linearization; clustering unavailable; approximate
EVS,1999,private_ownership,35-54,exclude_crimea_donetsk_luhansk,5.554597701149425,0.1526054911941834,5.25519293152185,5.854002470777,348,391,1195,348.0,348.0,False,Weighted respondent linearization; clustering unavailable; approximate
EVS,1999,private_ownership,55+,exclude_crimea_donetsk_luhansk,4.433574060205787,0.20976974003405421,4.022015732925056,4.845132387486518,215,287,1195,213.5163431486842,224.77340999999998,True,Weighted respondent linearization; clustering unavailable; approximate
EVS,1999,private_ownership,55+,exclude_crimea_donetsk_luhansk,4.404651162790698,0.20849855586646607,3.9955868388375846,4.813715486743811,215,287,1195,215.0,215.0,False,Weighted respondent linearization; clustering unavailable; approximate
EVS,1999,competition,All,survey_coverage,6.950504283784256,0.09047819746838547,6.772990331584004,7.128018235984508,1101,1195,1195,1047.5980048240847,1110.1983,True,Weighted respondent linearization; clustering unavailable; approximate
EVS,1999,competition,All,survey_coverage,6.861943687556766,0.08954200043106898,6.686266509748381,7.0376208653651515,1101,1195,1195,1101.0,1101.0,False,Weighted respondent linearization; clustering unavailable; approximate
EVS,1999,competition,18-34,survey_coverage,7.702906044979179,0.14604420373100108,7.416374211613607,7.989437878344751,315,331,1195,296.2955528902124,337.45658000000003,True,Weighted respondent linearization; clustering unavailable; approximate
EVS,1999,competition,18-34,survey_coverage,7.5777777777777775,0.14742773647907784,7.288531518473344,7.867024037082211,315,331,1195,315.0,315.0,False,Weighted respondent linearization; clustering unavailable; approximate
EVS,1999,competition,35-54,survey_coverage,7.1794796988132745,0.13119233021043408,6.922086540177991,7.436872857448558,471,495,1195,441.162201871433,442.9876499999999,True,Weighted respondent linearization; clustering unavailable; approximate
EVS,1999,competition,35-54,survey_coverage,7.048832271762208,0.13233714446844574,6.789193041596312,7.308471501928104,471,495,1195,471.0,471.0,False,Weighted respondent linearization; clustering unavailable; approximate
EVS,1999,competition,55+,survey_coverage,5.872924843656972,0.18065441418104694,5.518489411243499,6.227360276070446,315,369,1195,313.01973335059006,329.75406999999996,True,Weighted respondent linearization; clustering unavailable; approximate
EVS,1999,competition,55+,survey_coverage,5.866666666666666,0.17921940992166166,5.515046644867409,6.218286688465923,315,369,1195,315.0,315.0,False,Weighted respondent linearization; clustering unavailable; approximate
EVS,1999,competition,All,exclude_crimea_donetsk_luhansk,7.0043077185112415,0.09829651505952416,6.811454596278953,7.19716084074353,877,943,1195,835.0710645748006,886.5504999999999,True,Weighted respondent linearization; clustering unavailable; approximate
EVS,1999,competition,All,exclude_crimea_donetsk_luhansk,6.931584948688712,0.0975298975779304,6.740235893765357,7.122934003612066,877,943,1195,877.0,877.0,False,Weighted respondent linearization; clustering unavailable; approximate
EVS,1999,competition,18-34,exclude_crimea_donetsk_luhansk,7.680001043024153,0.15712367438735045,7.371731811262879,7.988270274785427,253,265,1195,238.02124404165812,269.60065999999995,True,Weighted respondent linearization; clustering unavailable; approximate
EVS,1999,competition,18-34,exclude_crimea_donetsk_luhansk,7.592885375494071,0.15802393147596697,7.282849881823651,7.902920869164491,253,265,1195,253.0,253.0,False,Weighted respondent linearization; clustering unavailable; approximate
EVS,1999,competition,35-54,exclude_crimea_donetsk_luhansk,7.260725846294096,0.1386933216097997,6.988616096634917,7.532835595953275,373,391,1195,349.48363641797573,354.0757899999999,True,Weighted respondent linearization; clustering unavailable; approximate
EVS,1999,competition,35-54,exclude_crimea_donetsk_luhansk,7.13941018766756,0.14133229138440787,6.862122903889276,7.416697471445845,373,391,1195,373.0,373.0,False,Weighted respondent linearization; clustering unavailable; approximate
EVS,1999,competition,55+,exclude_crimea_donetsk_luhansk,5.965944223098475,0.20395673614916643,5.565790735023592,6.366097711173358,251,287,1195,249.37364960537846,262.87405,True,Weighted respondent linearization; clustering unavailable; approximate
EVS,1999,competition,55+,exclude_crimea_donetsk_luhansk,5.956175298804781,0.20207769822196195,5.559708394438738,6.352642203170824,251,287,1195,251.0,251.0,False,Weighted respondent linearization; clustering unavailable; approximate
EVS,1999,individual_responsibility,All,survey_coverage,4.933525196210143,0.09094832118763768,4.755088883465996,5.111961508954289,1171,1195,1195,1114.8810037960022,1181.41319,True,Weighted respondent linearization; clustering unavailable; approximate
EVS,1999,individual_responsibility,All,survey_coverage,4.874466268146883,0.08761157106692845,4.702576501620556,5.04635603467321,1171,1195,1195,1171.0,1171.0,False,Weighted respondent linearization; clustering unavailable; approximate
EVS,1999,individual_responsibility,18-34,survey_coverage,5.388050258271018,0.17162754658834978,5.051325113940239,5.7247754026017965,324,331,1195,304.6545767209274,348.85641,True,Weighted respondent linearization; clustering unavailable; approximate
EVS,1999,individual_responsibility,18-34,survey_coverage,5.311728395061729,0.1651136588804706,4.987783190910664,5.635673599212794,324,331,1195,324.0,324.0,False,Weighted respondent linearization; clustering unavailable; approximate
EVS,1999,individual_responsibility,35-54,survey_coverage,5.148317144685133,0.13859981656493903,4.876390847509849,5.420243441860417,491,495,1195,459.7823240704831,459.3651,True,Weighted respondent linearization; clustering unavailable; approximate
EVS,1999,individual_responsibility,35-54,survey_coverage,5.05091649694501,0.1327627789680434,4.790442191983966,5.311390801906055,491,495,1195,491.0,491.0,False,Weighted respondent linearization; clustering unavailable; approximate
EVS,1999,individual_responsibility,55+,survey_coverage,4.244249630645571,0.16010280257495396,3.93013549001686,4.558363771274283,356,369,1195,353.9349563520846,373.1916799999999,True,Weighted respondent linearization; clustering unavailable; approximate
EVS,1999,individual_responsibility,55+,survey_coverage,4.23314606741573,0.15865984654606713,3.921862938397616,4.544429196433844,356,369,1195,356.0,356.0,False,Weighted respondent linearization; clustering unavailable; approximate
EVS,1999,individual_responsibility,All,exclude_crimea_donetsk_luhansk,4.9653232464623285,0.1002554884623515,4.768626710891566,5.162019782033091,924,943,1195,879.948245599317,934.23884,True,Weighted respondent linearization; clustering unavailable; approximate
EVS,1999,individual_responsibility,All,exclude_crimea_donetsk_luhansk,4.9231601731601735,0.09675247460461911,4.733336385410405,5.112983960909942,924,943,1195,924.0,924.0,False,Weighted respondent linearization; clustering unavailable; approximate
EVS,1999,individual_responsibility,18-34,exclude_crimea_donetsk_luhansk,5.269700143911861,0.18586109955989852,4.905049440578715,5.634350847245008,260,265,1195,244.44164326760333,278.27449,True,Weighted respondent linearization; clustering unavailable; approximate
EVS,1999,individual_responsibility,18-34,exclude_crimea_donetsk_luhansk,5.219230769230769,0.1780190370671834,4.86996582230562,5.568495716155919,260,265,1195,260.0,260.0,False,Weighted respondent linearization; clustering unavailable; approximate
EVS,1999,individual_responsibility,35-54,exclude_crimea_donetsk_luhansk,5.226421593211144,0.15381447461954087,4.924644855175878,5.5281983312464105,388,391,1195,363.3581970818914,366.59484999999995,True,Weighted respondent linearization; clustering unavailable; approximate
EVS,1999,individual_responsibility,35-54,exclude_crimea_donetsk_luhansk,5.146907216494846,0.1475021229453135,4.8575150144552435,5.436299418534448,388,391,1195,388.0,388.0,False,Weighted respondent linearization; clustering unavailable; approximate
EVS,1999,individual_responsibility,55+,exclude_crimea_donetsk_luhansk,4.34183792694116,0.18021490700223267,3.9882647868645664,4.695411067017754,276,287,1195,274.3344113031585,289.36949999999996,True,Weighted respondent linearization; clustering unavailable; approximate
EVS,1999,individual_responsibility,55+,exclude_crimea_donetsk_luhansk,4.329710144927536,0.1787900880552105,3.978932432363124,4.680487857491949,276,287,1195,276.0,276.0,False,Weighted respondent linearization; clustering unavailable; approximate
EVS,1999,income_incentives,All,survey_coverage,7.349931712958366,0.09073323716148012,7.171917384920001,7.5279460409967305,1160,1195,1195,1104.0275332543229,1170.46365,True,Weighted respondent linearization; clustering unavailable; approximate
EVS,1999,income_incentives,All,survey_coverage,7.395689655172414,0.0875244334553259,7.223970848526519,7.567408461818309,1160,1195,1195,1160.0,1160.0,False,Weighted respondent linearization; clustering unavailable; approximate
EVS,1999,income_incentives,18-34,survey_coverage,7.47123482699369,0.16748243021661285,7.142642205304448,7.799827448682933,327,331,1195,307.30420646935795,351.67388,True,Weighted respondent linearization; clustering unavailable; approximate
EVS,1999,income_incentives,18-34,survey_coverage,7.541284403669724,0.15746745490265562,7.232340690766376,7.8502281165730725,327,331,1195,327.0,327.0,False,Weighted respondent linearization; clustering unavailable; approximate
EVS,1999,income_incentives,35-54,survey_coverage,7.528902901733993,0.1367011679232739,7.260701663563552,7.797104139904434,482,495,1195,451.2012879800107,450.7673699999999,True,Weighted respondent linearization; clustering unavailable; approximate
EVS,1999,income_incentives,35-54,survey_coverage,7.580912863070539,0.13093040604543876,7.32403358728224,7.8377921388588385,482,495,1195,482.0,482.0,False,Weighted respondent linearization; clustering unavailable; approximate
EVS,1999,income_incentives,55+,survey_coverage,7.01480670741781,0.17110767468895566,6.679101527211886,7.350511887623734,351,369,1195,348.9709214408981,368.02239999999995,True,Weighted respondent linearization; clustering unavailable; approximate
EVS,1999,income_incentives,55+,survey_coverage,7.005698005698005,0.17086889883356404,6.670461292448393,7.340934718947618,351,369,1195,351.0,351.0,False,Weighted respondent linearization; clustering unavailable; approximate
EVS,1999,income_incentives,All,exclude_crimea_donetsk_luhansk,7.232546490513382,0.1037846585761823,7.0289258897819265,7.436167091244838,917,943,1195,872.9696163694216,927.29617,True,Weighted respondent linearization; clustering unavailable; approximate
EVS,1999,income_incentives,All,exclude_crimea_donetsk_luhansk,7.282442748091603,0.10014268846010026,7.085967520800272,7.4789179753829345,917,943,1195,917.0,917.0,False,Weighted respondent linearization; clustering unavailable; approximate
EVS,1999,income_incentives,18-34,exclude_crimea_donetsk_luhansk,7.398637157747237,0.18568691587433953,7.034328194582414,7.762946120912061,263,265,1195,247.0934232793136,281.09196,True,Weighted respondent linearization; clustering unavailable; approximate
EVS,1999,income_incentives,18-34,exclude_crimea_donetsk_luhansk,7.4562737642585555,0.1755250388728611,7.111901924055709,7.800645604461402,263,265,1195,263.0,263.0,False,Weighted respondent linearization; clustering unavailable; approximate
EVS,1999,income_incentives,35-54,exclude_crimea_donetsk_luhansk,7.395976705073706,0.15585869990227505,7.090189293536102,7.701764116611311,383,391,1195,358.64843561008394,362.02217999999993,True,Weighted respondent linearization; clustering unavailable; approximate
EVS,1999,income_incentives,35-54,exclude_crimea_donetsk_luhansk,7.467362924281984,0.148436271920114,7.1761379660524875,7.75858788251148,383,391,1195,383.0,383.0,False,Weighted respondent linearization; clustering unavailable; approximate
EVS,1999,income_incentives,55+,exclude_crimea_donetsk_luhansk,6.860066521447539,0.2024552717955899,6.4628588355542735,7.257274207340805,271,287,1195,269.3710046391732,284.18202999999994,True,Weighted respondent linearization; clustering unavailable; approximate
EVS,1999,income_incentives,55+,exclude_crimea_donetsk_luhansk,6.85239852398524,0.20206465630007323,6.4559572072542695,7.248839840716211,271,287,1195,271.0,271.0,False,Weighted respondent linearization; clustering unavailable; approximate
EVS,1999,pro_market_index,All,survey_coverage,58.27314955514436,0.6551182977580987,56.98783838131846,59.55846072897025,989,1195,1195,939.7680262135482,1000.7200099999999,True,Weighted respondent linearization; clustering unavailable; approximate
EVS,1999,pro_market_index,All,survey_coverage,57.77440736995843,0.6353923050500754,56.52779766261454,59.021017077302325,989,1195,1195,989.0,989.0,False,Weighted respondent linearization; clustering unavailable; approximate
EVS,1999,pro_market_index,18-34,survey_coverage,63.541881530513635,1.10607804934756,61.371808612668026,65.71195444835925,296,331,1195,278.83145125016705,320.08319,True,Weighted respondent linearization; clustering unavailable; approximate
EVS,1999,pro_market_index,18-34,survey_coverage,63.034909909909906,1.0644469389090832,60.946515265451666,65.12330455436815,296,331,1195,296.0,296.0,False,Weighted respondent linearization; clustering unavailable; approximate
EVS,1999,pro_market_index,35-54,survey_coverage,60.366896498767204,0.9345985220985142,58.533258318296255,62.20053467923815,427,495,1195,399.6419446646921,402.9008799999999,True,Weighted respondent linearization; clustering unavailable; approximate
EVS,1999,pro_market_index,35-54,survey_coverage,59.59536820192558,0.9215249118147599,57.787379827661326,61.403356576189836,427,495,1195,427.0,427.0,False,Weighted respondent linearization; clustering unavailable; approximate
EVS,1999,pro_market_index,55+,survey_coverage,49.163759448793144,1.2668750830462483,46.678210341626844,51.64930855595944,266,369,1195,264.1678224077949,277.73593999999997,True,Weighted respondent linearization; clustering unavailable; approximate
EVS,1999,pro_market_index,55+,survey_coverage,48.99749373433583,1.2505784724443663,46.5439178078512,51.451069660820465,266,369,1195,266.0,266.0,False,Weighted respondent linearization; clustering unavailable; approximate
EVS,1999,pro_market_index,All,exclude_crimea_donetsk_luhansk,58.447640856071736,0.7266338240947716,57.02201959562923,59.87326211651424,781,943,1195,742.7495012116731,792.8060399999999,True,Weighted respondent linearization; clustering unavailable; approximate
EVS,1999,pro_market_index,All,exclude_crimea_donetsk_luhansk,58.06302461232038,0.7099497978576128,56.67013662374711,59.455912600893654,781,943,1195,781.0,781.0,False,Weighted respondent linearization; clustering unavailable; approximate
EVS,1999,pro_market_index,18-34,exclude_crimea_donetsk_luhansk,63.2232847647892,1.2053953890812612,60.85835591489096,65.58821361468745,237,265,1195,223.2899903127163,254.67215000000002,True,Weighted respondent linearization; clustering unavailable; approximate
EVS,1999,pro_market_index,18-34,exclude_crimea_donetsk_luhansk,62.869198312236286,1.163429840446725,60.58660388767815,65.15179273679442,237,265,1195,237.0,237.0,False,Weighted respondent linearization; clustering unavailable; approximate
EVS,1999,pro_market_index,35-54,exclude_crimea_donetsk_luhansk,60.60869270013029,1.0046998746129776,58.63751897532256,62.579866424938025,337,391,1195,315.65602345371633,321.94187999999997,True,Weighted respondent linearization; clustering unavailable; approximate
EVS,1999,pro_market_index,35-54,exclude_crimea_donetsk_luhansk,60.00659413122321,1.0051712521268414,58.03449558598574,61.97869267646068,337,391,1195,337.0,337.0,False,Weighted respondent linearization; clustering unavailable; approximate
EVS,1999,pro_market_index,55+,exclude_crimea_donetsk_luhansk,49.60385150732959,1.504230667557527,46.65262194827188,52.555081066387295,207,287,1195,205.5199313702067,216.19200999999998,True,Weighted respondent linearization; clustering unavailable; approximate
EVS,1999,pro_market_index,55+,exclude_crimea_donetsk_luhansk,49.39613526570049,1.4838674007788781,46.484857474767345,52.30741305663363,207,287,1195,207.0,207.0,False,Weighted respondent linearization; clustering unavailable; approximate
EVS,2008,private_ownership,All,survey_coverage,4.3415088051927935,0.07375306137510551,4.196839192506249,4.486178417879338,1341,1507,1507,1282.0932292663986,1349.2439114780175,True,Weighted respondent linearization; clustering unavailable; approximate
EVS,2008,private_ownership,All,survey_coverage,4.263236390753169,0.0718374195938427,4.122324386894982,4.404148394611357,1341,1507,1507,1341.0,1341.0,False,Weighted respondent linearization; clustering unavailable; approximate
EVS,2008,private_ownership,18-34,survey_coverage,4.9448477020490875,0.12998422994272074,4.689878378056802,5.199817026041373,384,413,1507,374.3486847805395,449.85733372962454,True,Weighted respondent linearization; clustering unavailable; approximate
EVS,2008,private_ownership,18-34,survey_coverage,4.927083333333333,0.12836112968231453,4.675297786144971,5.178868880521695,384,413,1507,384.0,384.0,False,Weighted respondent linearization; clustering unavailable; approximate
EVS,2008,private_ownership,35-54,survey_coverage,4.395238135209828,0.12429605118519294,4.151426403897772,4.6390498665218844,478,526,1507,461.6982074573112,484.6624763582148,True,Weighted respondent linearization; clustering unavailable; approximate
EVS,2008,private_ownership,35-54,survey_coverage,4.357740585774058,0.12090607245485685,4.12057843484266,4.594902736705457,478,526,1507,478.0,478.0,False,Weighted respondent linearization; clustering unavailable; approximate
EVS,2008,private_ownership,55+,survey_coverage,3.624268074265467,0.11918419224208338,3.3904834610095236,3.8580526875214103,479,568,1507,464.1691546302177,414.724101390178,True,Weighted respondent linearization; clustering unavailable; approximate
EVS,2008,private_ownership,55+,survey_coverage,3.636743215031315,0.11715011966744811,3.406948517394632,3.866537912667998,479,568,1507,479.0,479.0,False,Weighted respondent linearization; clustering unavailable; approximate
EVS,2008,private_ownership,All,exclude_crimea_donetsk_luhansk,4.396135469081235,0.08293829509537293,4.233448648973454,4.558822289189017,1058,1196,1507,1012.3533387906189,1066.5900764069067,True,Weighted respondent linearization; clustering unavailable; approximate
EVS,2008,private_ownership,All,exclude_crimea_donetsk_luhansk,4.332703213610586,0.08086532324525786,4.174082611624124,4.491323815597047,1058,1196,1507,1058.0,1058.0,False,Weighted respondent linearization; clustering unavailable; approximate
EVS,2008,private_ownership,18-34,exclude_crimea_donetsk_luhansk,4.904610557879676,0.1466453096613798,4.616959852194241,5.19226126356511,315,340,1507,307.11050193904504,368.2199358547675,True,Weighted respondent linearization; clustering unavailable; approximate
EVS,2008,private_ownership,18-34,exclude_crimea_donetsk_luhansk,4.8920634920634924,0.14463470936595604,4.608356660172355,5.17577032395463,315,340,1507,315.0,315.0,False,Weighted respondent linearization; clustering unavailable; approximate
EVS,2008,private_ownership,35-54,exclude_crimea_donetsk_luhansk,4.433698995076486,0.13566807652580454,4.16758057613935,4.699817414013622,384,425,1507,371.01338158173803,387.1145125834404,True,Weighted respondent linearization; clustering unavailable; approximate
EVS,2008,private_ownership,35-54,exclude_crimea_donetsk_luhansk,4.403645833333333,0.1322277177903906,4.144275817194336,4.66301584947233,384,425,1507,384.0,384.0,False,Weighted respondent linearization; clustering unavailable; approximate
EVS,2008,private_ownership,55+,exclude_crimea_donetsk_luhansk,3.7478835741533585,0.14020395519491416,3.472867845761963,4.0228993025447535,359,431,1507,348.07738117669453,311.25562796869883,True,Weighted respondent linearization; clustering unavailable; approximate
EVS,2008,private_ownership,55+,exclude_crimea_donetsk_luhansk,3.766016713091922,0.13787516173783573,3.495569007250113,4.036464418933731,359,431,1507,359.0,359.0,False,Weighted respondent linearization; clustering unavailable; approximate
EVS,2008,competition,All,survey_coverage,6.325603011691181,0.07691577346384146,6.174729611332835,6.476476412049528,1385,1507,1507,1324.371540559793,1393.0376595402238,True,Weighted respondent linearization; clustering unavailable; approximate
EVS,2008,competition,All,survey_coverage,6.278700361010831,0.07534546917457012,6.130907176023796,6.426493545997865,1385,1507,1507,1385.0,1385.0,False,Weighted respondent linearization; clustering unavailable; approximate
EVS,2008,competition,18-34,survey_coverage,6.550747470983027,0.14007810234134221,6.275978608053787,6.825516333912267,396,413,1507,386.0456096945309,463.8358122501404,True,Weighted respondent linearization; clustering unavailable; approximate
EVS,2008,competition,18-34,survey_coverage,6.515151515151516,0.13805748470841747,6.244346175429212,6.785956854873819,396,413,1507,396.0,396.0,False,Weighted respondent linearization; clustering unavailable; approximate
EVS,2008,competition,35-54,survey_coverage,6.449448712488297,0.12461347088708263,6.2050143495935615,6.693883075383033,495,526,1507,478.1316386068036,500.23974041248175,True,Weighted respondent linearization; clustering unavailable; approximate
EVS,2008,competition,35-54,survey_coverage,6.41010101010101,0.12338498178507215,6.168076378263723,6.652125641938297,495,526,1507,495.0,495.0,False,Weighted respondent linearization; clustering unavailable; approximate
EVS,2008,competition,55+,survey_coverage,5.937730512699849,0.13312075903385154,5.676608760044485,6.198852265355213,494,568,1507,478.4502279472663,428.9621068776015,True,Weighted respondent linearization; clustering unavailable; approximate
EVS,2008,competition,55+,survey_coverage,5.9574898785425106,0.12944106397511207,5.703585996562982,6.211393760522039,494,568,1507,494.0,494.0,False,Weighted respondent linearization; clustering unavailable; approximate
EVS,2008,competition,All,exclude_crimea_donetsk_luhansk,6.235201765800292,0.08720676628133202,6.064142166831227,6.406261364769356,1086,1196,1507,1039.121667304015,1094.1388147212413,True,Weighted respondent linearization; clustering unavailable; approximate
EVS,2008,competition,All,exclude_crimea_donetsk_luhansk,6.1878453038674035,0.0851804685094138,6.0207603699276335,6.3549302378071735,1086,1196,1507,1086.0,1086.0,False,Weighted respondent linearization; clustering unavailable; approximate
EVS,2008,competition,18-34,exclude_crimea_donetsk_luhansk,6.398977384582091,0.15789191155879026,6.089266014427923,6.708688754736259,323,340,1507,314.8956776079856,377.76034328831486,True,Weighted respondent linearization; clustering unavailable; approximate
EVS,2008,competition,18-34,exclude_crimea_donetsk_luhansk,6.359133126934984,0.15517006398485897,6.0547607708769196,6.663505482993049,323,340,1507,323.0,323.0,False,Weighted respondent linearization; clustering unavailable; approximate
EVS,2008,competition,35-54,exclude_crimea_donetsk_luhansk,6.359718710242233,0.13991219498338645,6.0852752813054245,6.6341621391790415,396,425,1507,382.66090573992636,397.4970067843004,True,Weighted respondent linearization; clustering unavailable; approximate
EVS,2008,competition,35-54,exclude_crimea_donetsk_luhansk,6.318181818181818,0.13868006244393233,6.046155267052356,6.590208369311281,396,425,1507,396.0,396.0,False,Weighted respondent linearization; clustering unavailable; approximate
EVS,2008,competition,55+,exclude_crimea_donetsk_luhansk,5.8859715375536386,0.1532669800641837,5.58533215757251,6.186610917534767,367,431,1507,355.5613633442862,318.88146464862587,True,Weighted respondent linearization; clustering unavailable; approximate
EVS,2008,competition,55+,exclude_crimea_donetsk_luhansk,5.8964577656675745,0.14879590294105943,5.604588584287482,6.188326947047667,367,431,1507,367.0,367.0,False,Weighted respondent linearization; clustering unavailable; approximate
EVS,2008,individual_responsibility,All,survey_coverage,5.182351854103145,0.07600261119655967,5.033269658463146,5.3314340497431445,1487,1507,1507,1422.7146217571867,1487.9755831129683,True,Weighted respondent linearization; clustering unavailable; approximate
EVS,2008,individual_responsibility,All,survey_coverage,5.147948890383322,0.07415616225965671,5.002488579009098,5.293409201757546,1487,1507,1507,1487.0,1487.0,False,Weighted respondent linearization; clustering unavailable; approximate
EVS,2008,individual_responsibility,18-34,survey_coverage,5.352856806355382,0.138294709584914,5.081586140443731,5.624127472267032,412,413,1507,401.6175182716072,480.9908386171163,True,Weighted respondent linearization; clustering unavailable; approximate
EVS,2008,individual_responsibility,18-34,survey_coverage,5.33252427184466,0.13508539972642084,5.067548797014745,5.597499746674575,412,413,1507,412.0,412.0,False,Weighted respondent linearization; clustering unavailable; approximate
EVS,2008,individual_responsibility,35-54,survey_coverage,5.57126077928127,0.1259789465668868,5.324147980616587,5.818373577945954,522,526,1507,504.3702812254595,525.9392748269106,True,Weighted respondent linearization; clustering unavailable; approximate
EVS,2008,individual_responsibility,35-54,survey_coverage,5.522988505747127,0.12294847456218636,5.281820100481216,5.764156911013037,522,526,1507,522.0,522.0,False,Weighted respondent linearization; clustering unavailable; approximate
EVS,2008,individual_responsibility,55+,survey_coverage,4.58666222365869,0.1256421562793446,4.34021005276385,4.83311439455353,553,568,1507,535.9712471708957,481.0454696689413,True,Weighted respondent linearization; clustering unavailable; approximate
EVS,2008,individual_responsibility,55+,survey_coverage,4.656419529837251,0.1242599285480877,4.412678654538786,4.900160405135716,553,568,1507,553.0,553.0,False,Weighted respondent linearization; clustering unavailable; approximate
EVS,2008,individual_responsibility,All,exclude_crimea_donetsk_luhansk,5.255573221617067,0.08539053939818438,5.088076225133064,5.42307021810107,1179,1196,1507,1128.9719149628856,1181.8089988964982,True,Weighted respondent linearization; clustering unavailable; approximate
EVS,2008,individual_responsibility,All,exclude_crimea_donetsk_luhansk,5.223918575063613,0.08297071124065546,5.0611681693758515,5.386668980751375,1179,1196,1507,1179.0,1179.0,False,Weighted respondent linearization; clustering unavailable; approximate
EVS,2008,individual_responsibility,18-34,exclude_crimea_donetsk_luhansk,5.309327000918461,0.15474520675214792,5.005788019504885,5.612865982332038,339,340,1507,330.4723344621723,394.9153696552907,True,Weighted respondent linearization; clustering unavailable; approximate
EVS,2008,individual_responsibility,18-34,exclude_crimea_donetsk_luhansk,5.28023598820059,0.1509943089880425,4.984054544449078,5.576417431952102,339,340,1507,339.0,339.0,False,Weighted respondent linearization; clustering unavailable; approximate
EVS,2008,individual_responsibility,35-54,exclude_crimea_donetsk_luhansk,5.652166549145223,0.13844130141566685,5.380608337428929,5.923724760861517,422,425,1507,407.9375671722388,422.2887006513514,True,Weighted respondent linearization; clustering unavailable; approximate
EVS,2008,individual_responsibility,35-54,exclude_crimea_donetsk_luhansk,5.578199052132701,0.1350726577666943,5.313248571172115,5.843149533093288,422,425,1507,422.0,422.0,False,Weighted respondent linearization; clustering unavailable; approximate
EVS,2008,individual_responsibility,55+,exclude_crimea_donetsk_luhansk,4.7380128163809845,0.14540202393434998,4.452800865931395,5.023224766830574,418,431,1507,405.23415535790787,364.604928589856,True,Weighted respondent linearization; clustering unavailable; approximate
EVS,2008,individual_responsibility,55+,exclude_crimea_donetsk_luhansk,4.820574162679426,0.14309974665305064,4.539878222228237,5.101270103130616,418,431,1507,418.0,418.0,False,Weighted respondent linearization; clustering unavailable; approximate
EVS,2008,income_incentives,All,survey_coverage,7.685821091854502,0.06891861632808717,7.55063443864742,7.821007745061583,1479,1507,1507,1415.0764022704343,1478.8687574952125,True,Weighted respondent linearization; clustering unavailable; approximate
EVS,2008,income_incentives,All,survey_coverage,7.661257606490873,0.06858036183507676,7.526734453151877,7.795780759829868,1479,1507,1507,1479.0,1479.0,False,Weighted respondent linearization; clustering unavailable; approximate
EVS,2008,income_incentives,18-34,survey_coverage,7.647532987040046,0.12738637709025297,7.397659456482987,7.897406517597105,407,413,1507,396.76235945114917,475.23983902858356,True,Weighted respondent linearization; clustering unavailable; approximate
EVS,2008,income_incentives,18-34,survey_coverage,7.604422604422604,0.12835628704937316,7.352646556254607,7.856198652590601,407,413,1507,407.0,407.0,False,Weighted respondent linearization; clustering unavailable; approximate
EVS,2008,income_incentives,35-54,survey_coverage,7.746199125671469,0.11424401539111473,7.522104869104555,7.970293382238382,515,526,1507,497.5577765652001,518.8009257868289,True,Weighted respondent linearization; clustering unavailable; approximate
EVS,2008,income_incentives,35-54,survey_coverage,7.720388349514563,0.11398608345120986,7.496800036879328,7.943976662149797,515,526,1507,515.0,515.0,False,Weighted respondent linearization; clustering unavailable; approximate
EVS,2008,income_incentives,55+,survey_coverage,7.658743144064947,0.11681230386658702,7.429611085783956,7.8878752023459375,557,568,1507,539.9340358544256,484.8279926798001,True,Weighted respondent linearization; clustering unavailable; approximate
EVS,2008,income_incentives,55+,survey_coverage,7.648114901256733,0.1150940599701568,7.422353247869626,7.873876554643839,557,568,1507,557.0,557.0,False,Weighted respondent linearization; clustering unavailable; approximate
EVS,2008,income_incentives,All,exclude_crimea_donetsk_luhansk,7.614066358180538,0.07832933194982668,7.460420205683305,7.767712510677771,1173,1196,1507,1123.1905486705134,1174.8628715689833,True,Weighted respondent linearization; clustering unavailable; approximate
EVS,2008,income_incentives,All,exclude_crimea_donetsk_luhansk,7.58312020460358,0.07793259911841363,7.430252259600253,7.735988149606908,1173,1196,1507,1173.0,1173.0,False,Weighted respondent linearization; clustering unavailable; approximate
EVS,2008,income_incentives,18-34,exclude_crimea_donetsk_luhansk,7.665201349895815,0.13901528379863504,7.3925172485217265,7.937885451269904,335,340,1507,326.5870800883112,390.1527101932245,True,Weighted respondent linearization; clustering unavailable; approximate
EVS,2008,income_incentives,18-34,exclude_crimea_donetsk_luhansk,7.626865671641791,0.1402611336135376,7.351737785469796,7.901993557813785,335,340,1507,335.0,335.0,False,Weighted respondent linearization; clustering unavailable; approximate
EVS,2008,income_incentives,35-54,exclude_crimea_donetsk_luhansk,7.639932128685101,0.13023463595946935,7.384471623163778,7.895392634206424,416,425,1507,402.02629717247777,416.5127051490696,True,Weighted respondent linearization; clustering unavailable; approximate
EVS,2008,income_incentives,35-54,exclude_crimea_donetsk_luhansk,7.605769230769231,0.12943478359039165,7.351877668018329,7.859660793520133,416,425,1507,416.0,416.0,False,Weighted respondent linearization; clustering unavailable; approximate
EVS,2008,income_incentives,55+,exclude_crimea_donetsk_luhansk,7.530622333439291,0.13791436600812806,7.260097726835763,7.80114694004282,422,431,1507,409.2033043448878,368.19745622668927,True,Weighted respondent linearization; clustering unavailable; approximate
EVS,2008,income_incentives,55+,exclude_crimea_donetsk_luhansk,7.5260663507109005,0.13503716473912133,7.2611854907593445,7.790947210662456,422,431,1507,422.0,422.0,False,Weighted respondent linearization; clustering unavailable; approximate
EVS,2008,pro_market_index,All,survey_coverage,54.425131260440665,0.4903339025930561,53.46332147990235,55.38694104097898,1264,1507,1507,1208.1825339844918,1274.7403419359289,True,Weighted respondent linearization; clustering unavailable; approximate
EVS,2008,pro_market_index,All,survey_coverage,53.92932489451476,0.47475343936259967,52.99807682272454,54.86057296630497,1264,1507,1507,1264.0,1264.0,False,Weighted respondent linearization; clustering unavailable; approximate
EVS,2008,pro_market_index,18-34,survey_coverage,57.06813825584613,0.8428144884217973,55.41492355081226,58.72135296088,369,413,1507,359.7252114612487,432.1393314482665,True,Weighted respondent linearization; clustering unavailable; approximate
EVS,2008,pro_market_index,18-34,survey_coverage,56.76753989762119,0.8357928543907357,55.1280984117156,58.406981383526784,369,413,1507,369.0,369.0,False,Weighted respondent linearization; clustering unavailable; approximate
EVS,2008,pro_market_index,35-54,survey_coverage,56.22669591249466,0.8108093310536665,54.63626061802479,57.81713120696453,452,526,1507,436.4744362869424,459.09192077683605,True,Weighted respondent linearization; clustering unavailable; approximate
EVS,2008,pro_market_index,35-54,survey_coverage,55.81981317600786,0.7852756921357902,54.27946314693382,57.3601632050819,452,526,1507,452.0,452.0,False,Weighted respondent linearization; clustering unavailable; approximate
EVS,2008,pro_market_index,55+,survey_coverage,49.290361041545516,0.8341790428565724,47.654085112231655,50.92663697085938,443,568,1507,428.86159606072005,383.5090897108263,True,Weighted respondent linearization; clustering unavailable; approximate
EVS,2008,pro_market_index,55+,survey_coverage,49.63631803360923,0.8020513757193721,48.06306182272606,51.209574244492394,443,568,1507,443.0,443.0,False,Weighted respondent linearization; clustering unavailable; approximate
EVS,2008,pro_market_index,All,exclude_crimea_donetsk_luhansk,54.33199480226288,0.5617197505382748,53.230158793918086,55.43383081060767,989,1196,1507,946.0807639272061,999.5092283760735,True,Weighted respondent linearization; clustering unavailable; approximate
EVS,2008,pro_market_index,All,exclude_crimea_donetsk_luhansk,53.87316031906526,0.5454992804999064,52.803141418706126,54.9431792194244,989,1196,1507,989.0,989.0,False,Weighted respondent linearization; clustering unavailable; approximate
EVS,2008,pro_market_index,18-34,exclude_crimea_donetsk_luhansk,56.467569066164245,0.9512273006673218,54.60169824536522,58.33343988696327,301,340,1507,293.45705417690687,351.49027369987607,True,Weighted respondent linearization; clustering unavailable; approximate
EVS,2008,pro_market_index,18-34,exclude_crimea_donetsk_luhansk,56.183093392395726,0.941376540009937,54.336545237021035,58.02964154777042,301,340,1507,301.0,301.0,False,Weighted respondent linearization; clustering unavailable; approximate
EVS,2008,pro_market_index,35-54,exclude_crimea_donetsk_luhansk,56.1693060341383,0.9004660456447281,54.403005468006434,57.93560660027017,360,425,1507,347.6708491322555,363.8141510872398,True,Weighted respondent linearization; clustering unavailable; approximate
EVS,2008,pro_market_index,35-54,exclude_crimea_donetsk_luhansk,55.70987654320987,0.8801548053631505,53.98341729633897,57.436335790080776,360,425,1507,360.0,360.0,False,Weighted respondent linearization; clustering unavailable; approximate
EVS,2008,pro_market_index,55+,exclude_crimea_donetsk_luhansk,49.338858195447095,1.0209996344266978,47.33612612017257,51.34159027072162,328,431,1507,317.69129876742863,284.2048035889577,True,Weighted respondent linearization; clustering unavailable; approximate
EVS,2008,pro_market_index,55+,exclude_crimea_donetsk_luhansk,49.737466124661246,0.973394332602709,47.82811377421842,51.64681847510407,328,431,1507,328.0,328.0,False,Weighted respondent linearization; clustering unavailable; approximate
EVS,2020,private_ownership,All,survey_coverage,4.452141149746535,0.16628008582956574,4.125993134201013,4.778289165292057,1435,1612,1612,221.68043020421408,1400.957821228969,True,Weighted respondent linearization; clustering unavailable; approximate
EVS,2020,private_ownership,All,survey_coverage,4.886411149825784,0.06770112873994988,4.75361960910359,5.019202690547977,1435,1612,1612,1435.0,1435.0,False,Weighted respondent linearization; clustering unavailable; approximate
EVS,2020,private_ownership,18-34,survey_coverage,4.670599295140663,0.2951651367288735,4.0916512923051505,5.249547297976176,399,441,1612,61.62708567584358,384.5838790795098,True,Weighted respondent linearization; clustering unavailable; approximate
EVS,2020,private_ownership,18-34,survey_coverage,5.516290726817043,0.12306606238917563,5.274904322492165,5.757677131141921,399,441,1612,399.0,399.0,False,Weighted respondent linearization; clustering unavailable; approximate
EVS,2020,private_ownership,35-54,survey_coverage,4.846625685150653,0.29360748741192233,4.270732914281765,5.422518456019541,561,637,1612,74.13240290298266,474.42704803447515,True,Weighted respondent linearization; clustering unavailable; approximate
EVS,2020,private_ownership,35-54,survey_coverage,4.980392156862745,0.11036102806180495,4.763925884811295,5.1968584289141955,561,637,1612,561.0,561.0,False,Weighted respondent linearization; clustering unavailable; approximate
EVS,2020,private_ownership,55+,survey_coverage,3.951779181546597,0.27257399545014743,3.4171422930589395,4.486416070034254,475,534,1612,85.94291764012081,541.9468941149839,True,Weighted respondent linearization; clustering unavailable; approximate
EVS,2020,private_ownership,55+,survey_coverage,4.246315789473684,0.1121127315687858,4.026413660267267,4.4662179186801,475,534,1612,475.0,475.0,False,Weighted respondent linearization; clustering unavailable; approximate
EVS,2020,private_ownership,All,exclude_crimea_donetsk_luhansk,4.500499134644283,0.17827612592201125,4.150821634788981,4.850176634499585,1335,1488,1612,200.75303063063856,1213.717313593591,True,Weighted respondent linearization; clustering unavailable; approximate
EVS,2020,private_ownership,All,exclude_crimea_donetsk_luhansk,4.896629213483146,0.07018523123893503,4.758965260671353,5.034293166294939,1335,1488,1612,1335.0,1335.0,False,Weighted respondent linearization; clustering unavailable; approximate
EVS,2020,private_ownership,18-34,exclude_crimea_donetsk_luhansk,4.682197397041125,0.31452286989839995,4.065280408158949,5.299114385923301,382,419,1612,60.021478137547355,357.56653620263205,True,Weighted respondent linearization; clustering unavailable; approximate
EVS,2020,private_ownership,18-34,exclude_crimea_donetsk_luhansk,5.515706806282722,0.12660138024090364,5.26738609653028,5.764027516035164,382,419,1612,382.0,382.0,False,Weighted respondent linearization; clustering unavailable; approximate
EVS,2020,private_ownership,35-54,exclude_crimea_donetsk_luhansk,4.799619963465048,0.31914850778106263,4.1736300744304815,5.425609852499615,525,592,1612,69.20996026415958,414.5489051126997,True,Weighted respondent linearization; clustering unavailable; approximate
EVS,2020,private_ownership,35-54,exclude_crimea_donetsk_luhansk,4.942857142857143,0.11419862654339495,4.718863660779388,5.166850624934898,525,592,1612,525.0,525.0,False,Weighted respondent linearization; clustering unavailable; approximate
EVS,2020,private_ownership,55+,exclude_crimea_donetsk_luhansk,4.0725810431098886,0.29673689937123204,3.4905501259003766,4.6546119603194,428,477,1612,71.57068140905342,441.6018722782594,True,Weighted respondent linearization; clustering unavailable; approximate
EVS,2020,private_ownership,55+,exclude_crimea_donetsk_luhansk,4.287383177570093,0.1177353829731777,4.05645256838366,4.518313786756526,428,477,1612,428.0,428.0,False,Weighted respondent linearization; clustering unavailable; approximate
EVS,2020,competition,All,survey_coverage,6.386647354733971,0.19744214757144204,5.9993768990194125,6.77391781044853,1538,1612,1612,238.72714010387207,1587.3431455358445,True,Weighted respondent linearization; clustering unavailable; approximate
EVS,2020,competition,All,survey_coverage,6.809492847854356,0.06763245582060075,6.676836004779544,6.942149690929169,1538,1612,1612,1538.0,1538.0,False,Weighted respondent linearization; clustering unavailable; approximate
EVS,2020,competition,18-34,survey_coverage,6.6902883865899385,0.374140385900076,5.956435359103417,7.42414141407646,420,441,1612,64.36908686513286,423.6746310721434,True,Weighted respondent linearization; clustering unavailable; approximate
EVS,2020,competition,18-34,survey_coverage,6.828571428571428,0.13306935724150595,6.5675641854147235,7.089578671728133,420,441,1612,420.0,420.0,False,Weighted respondent linearization; clustering unavailable; approximate
EVS,2020,competition,35-54,survey_coverage,6.062048038995059,0.35837130600720823,5.359125078018781,6.764970999971336,615,637,1612,85.51211887550295,570.062349336285,True,Weighted respondent linearization; clustering unavailable; approximate
EVS,2020,competition,35-54,survey_coverage,6.816260162601626,0.1085053675174364,6.603433652948977,7.029086672254275,615,637,1612,615.0,615.0,False,Weighted respondent linearization; clustering unavailable; approximate
EVS,2020,competition,55+,survey_coverage,6.481654532364994,0.29019039376869765,5.912464177513699,7.0508448872162885,503,534,1612,88.855075765113,593.6061651274163,True,Weighted respondent linearization; clustering unavailable; approximate
EVS,2020,competition,55+,survey_coverage,6.785288270377734,0.11321230286662465,6.563229400663566,7.007347140091902,503,534,1612,503.0,503.0,False,Weighted respondent linearization; clustering unavailable; approximate
EVS,2020,competition,All,exclude_crimea_donetsk_luhansk,6.510313678829639,0.20297943822615697,6.11218217292062,6.908445184738658,1422,1488,1612,213.442620848174,1343.2719394146422,True,Weighted respondent linearization; clustering unavailable; approximate
EVS,2020,competition,All,exclude_crimea_donetsk_luhansk,6.79606188466948,0.06892712658283419,6.660865625658112,6.931258143680847,1422,1488,1612,1422.0,1422.0,False,Weighted respondent linearization; clustering unavailable; approximate
EVS,2020,competition,18-34,exclude_crimea_donetsk_luhansk,6.721661342622503,0.3932253198258326,5.950374407788333,7.492948277456673,401,419,1612,63.4786684507702,369.552755436196,True,Weighted respondent linearization; clustering unavailable; approximate
EVS,2020,competition,18-34,exclude_crimea_donetsk_luhansk,6.805486284289277,0.13623995026568705,6.538260120702142,7.072712447876412,401,419,1612,401.0,401.0,False,Weighted respondent linearization; clustering unavailable; approximate
EVS,2020,competition,35-54,exclude_crimea_donetsk_luhansk,6.1215277443334655,0.36372377682131707,5.408106245750729,6.834949242916202,571,592,1612,77.34200638881768,486.254288668144,True,Weighted respondent linearization; clustering unavailable; approximate
EVS,2020,competition,35-54,exclude_crimea_donetsk_luhansk,6.7915936952714535,0.11041146558245768,6.575028493169613,7.008158897373294,571,592,1612,571.0,571.0,False,Weighted respondent linearization; clustering unavailable; approximate
EVS,2020,competition,55+,exclude_crimea_donetsk_luhansk,6.737908973547913,0.29146317885564854,6.166222130146869,7.309595816948958,450,477,1612,73.22337871698922,487.46489531030227,True,Weighted respondent linearization; clustering unavailable; approximate
EVS,2020,competition,55+,exclude_crimea_donetsk_luhansk,6.793333333333333,0.11434023997148975,6.569062085350435,7.017604581316231,450,477,1612,450.0,450.0,False,Weighted respondent linearization; clustering unavailable; approximate
EVS,2020,individual_responsibility,All,survey_coverage,4.987533325319497,0.19660983495632456,4.601895398878542,5.373171251760452,1572,1612,1612,242.36934831243087,1607.2619229427694,True,Weighted respondent linearization; clustering unavailable; approximate
EVS,2020,individual_responsibility,All,survey_coverage,5.262722646310433,0.07266009282165817,5.120204406889825,5.405240885731041,1572,1612,1612,1572.0,1572.0,False,Weighted respondent linearization; clustering unavailable; approximate
EVS,2020,individual_responsibility,18-34,survey_coverage,5.204247783846867,0.41655101811216033,4.3872089469172355,6.021286620776499,430,441,1612,65.16108331646906,426.3394938144345,True,Weighted respondent linearization; clustering unavailable; approximate
EVS,2020,individual_responsibility,18-34,survey_coverage,5.669767441860465,0.13967715196238878,5.395799421563212,5.943735462157718,430,441,1612,430.0,430.0,False,Weighted respondent linearization; clustering unavailable; approximate
EVS,2020,individual_responsibility,35-54,survey_coverage,4.9044393686039705,0.31636115881192006,4.283916690693233,5.524962046514708,622,637,1612,85.4849644957109,569.8544600246307,True,Weighted respondent linearization; clustering unavailable; approximate
EVS,2020,individual_responsibility,35-54,survey_coverage,5.294212218649518,0.11571512325885458,5.067244222865802,5.521180214433234,622,637,1612,622.0,622.0,False,Weighted respondent linearization; clustering unavailable; approximate
EVS,2020,individual_responsibility,55+,survey_coverage,4.913822260441625,0.3095806651145019,4.30659909794068,5.521045422942571,520,534,1612,91.73908316141568,611.0679691037042,True,Weighted respondent linearization; clustering unavailable; approximate
EVS,2020,individual_responsibility,55+,survey_coverage,4.888461538461539,0.12334830252046078,4.646521537725722,5.130401539197356,520,534,1612,520.0,520.0,False,Weighted respondent linearization; clustering unavailable; approximate
EVS,2020,individual_responsibility,All,exclude_crimea_donetsk_luhansk,5.0261046779652565,0.2051250978926537,4.623764594469976,5.428444761460537,1452,1488,1612,216.94379712374578,1362.531561141465,True,Weighted respondent linearization; clustering unavailable; approximate
EVS,2020,individual_responsibility,All,exclude_crimea_donetsk_luhansk,5.3106060606060606,0.07540725919092611,5.162699425724625,5.458512695487496,1452,1488,1612,1452.0,1452.0,False,Weighted respondent linearization; clustering unavailable; approximate
EVS,2020,individual_responsibility,18-34,exclude_crimea_donetsk_luhansk,4.905091079923065,0.39475545122273215,4.130802887805842,5.679379272040288,409,419,1612,64.18857944190059,371.67401918610324,True,Weighted respondent linearization; clustering unavailable; approximate
EVS,2020,individual_responsibility,18-34,exclude_crimea_donetsk_luhansk,5.687041564792176,0.1423571813169927,5.407816834100248,5.966266295484105,409,419,1612,409.0,409.0,False,Weighted respondent linearization; clustering unavailable; approximate
EVS,2020,individual_responsibility,35-54,exclude_crimea_donetsk_luhansk,5.030224576032357,0.34082275165630194,4.361722009709395,5.698727142355319,578,592,1612,77.33453585001745,486.1087161464436,True,Weighted respondent linearization; clustering unavailable; approximate
EVS,2020,individual_responsibility,35-54,exclude_crimea_donetsk_luhansk,5.354671280276817,0.1196308726264797,5.120022786379011,5.589319774174622,578,592,1612,578.0,578.0,False,Weighted respondent linearization; clustering unavailable; approximate
EVS,2020,individual_responsibility,55+,exclude_crimea_donetsk_luhansk,5.111245821050803,0.33534612643288736,4.453485313463209,5.769006328638397,465,477,1612,76.05611286452012,504.74882580891835,True,Weighted respondent linearization; clustering unavailable; approximate
EVS,2020,individual_responsibility,55+,exclude_crimea_donetsk_luhansk,4.924731182795699,0.1306113738015751,4.668545120823606,5.180917244767792,465,477,1612,465.0,465.0,False,Weighted respondent linearization; clustering unavailable; approximate
EVS,2020,income_incentives,All,survey_coverage,6.523819372865405,0.21251514386692247,6.106984175194104,6.940654570536705,1570,1612,1612,240.74221638269907,1600.7085094442996,True,Weighted respondent linearization; clustering unavailable; approximate
EVS,2020,income_incentives,All,survey_coverage,6.5802547770700635,0.071893566174157,6.43924003185141,6.721269522288717,1570,1612,1612,1570.0,1570.0,False,Weighted respondent linearization; clustering unavailable; approximate
EVS,2020,income_incentives,18-34,survey_coverage,6.837324890675645,0.40153800821125046,6.049733136131849,7.624916645219441,429,441,1612,65.27215738334039,426.75433363877846,True,Weighted respondent linearization; clustering unavailable; approximate
EVS,2020,income_incentives,18-34,survey_coverage,6.927738927738928,0.1276874765451121,6.67728790783815,7.178189947639706,429,441,1612,429.0,429.0,False,Weighted respondent linearization; clustering unavailable; approximate
EVS,2020,income_incentives,35-54,survey_coverage,6.4823994595114005,0.36265245132974355,5.771079299049443,7.193719619973358,619,637,1612,83.91368590699051,558.7496209221601,True,Weighted respondent linearization; clustering unavailable; approximate
EVS,2020,income_incentives,35-54,survey_coverage,6.5880452342487885,0.11502033146841477,6.362440029219832,6.813650439277745,619,637,1612,619.0,619.0,False,Weighted respondent linearization; clustering unavailable; approximate
EVS,2020,income_incentives,55+,survey_coverage,6.343966222264156,0.34469563715527857,5.667867232631545,7.0200652118967675,522,534,1612,91.58439351188385,615.204554883361,True,Weighted respondent linearization; clustering unavailable; approximate
EVS,2020,income_incentives,55+,survey_coverage,6.28544061302682,0.12955215630000882,6.031332140108422,6.539549085945218,522,534,1612,522.0,522.0,False,Weighted respondent linearization; clustering unavailable; approximate
EVS,2020,income_incentives,All,exclude_crimea_donetsk_luhansk,6.40632963289328,0.2241136409206244,5.966744706783346,6.845914559003215,1450,1488,1612,215.6194827524087,1351.3748655318768,True,Weighted respondent linearization; clustering unavailable; approximate
EVS,2020,income_incentives,All,exclude_crimea_donetsk_luhansk,6.506896551724138,0.07412942462530221,6.361496309629875,6.6522967938184,1450,1488,1612,1450.0,1450.0,False,Weighted respondent linearization; clustering unavailable; approximate
EVS,2020,income_incentives,18-34,exclude_crimea_donetsk_luhansk,6.879814722458094,0.3890572839936464,6.1167031299002295,7.642926315015958,408,419,1612,64.31177513668382,372.0888590104472,True,Weighted respondent linearization; clustering unavailable; approximate
EVS,2020,income_incentives,18-34,exclude_crimea_donetsk_luhansk,6.904411764705882,0.13013346073517187,6.649163099400583,7.159660430011182,408,419,1612,408.0,408.0,False,Weighted respondent linearization; clustering unavailable; approximate
EVS,2020,income_incentives,35-54,exclude_crimea_donetsk_luhansk,6.474614696952478,0.38699231876324447,5.715553404878319,7.233675989026636,575,592,1612,76.68923060635237,480.45069273277545,True,Weighted respondent linearization; clustering unavailable; approximate
EVS,2020,income_incentives,35-54,exclude_crimea_donetsk_luhansk,6.539130434782609,0.11818071663014156,6.307326331408645,6.770934538156573,575,592,1612,575.0,575.0,False,Weighted respondent linearization; clustering unavailable; approximate
EVS,2020,income_incentives,55+,exclude_crimea_donetsk_luhansk,5.987381480490186,0.37639470179720386,5.249106752999164,6.725656207981209,467,477,1612,75.249042480289,498.83531378865416,True,Weighted respondent linearization; clustering unavailable; approximate
EVS,2020,income_incentives,55+,exclude_crimea_donetsk_luhansk,6.119914346895075,0.13512023107528132,5.854884442650104,6.384944251140046,467,477,1612,467.0,467.0,False,Weighted respondent linearization; clustering unavailable; approximate
EVS,2020,pro_market_index,All,survey_coverage,51.01542230941807,1.349543842577367,48.36837624883669,53.66246836999945,1399,1612,1612,214.51161322957364,1352.9422502026582,True,Weighted respondent linearization; clustering unavailable; approximate
EVS,2020,pro_market_index,All,survey_coverage,54.39202605035342,0.4593426726316959,53.491054052493375,55.29299804821347,1399,1612,1612,1399.0,1399.0,False,Weighted respondent linearization; clustering unavailable; approximate
EVS,2020,pro_market_index,18-34,survey_coverage,52.5146846464247,2.491111332911761,47.6285251662997,57.40084412654969,393,441,1612,61.10756505242107,382.91409388917,True,Weighted respondent linearization; clustering unavailable; approximate
EVS,2020,pro_market_index,18-34,survey_coverage,58.17783432287249,0.8720548963216064,56.467353043872116,59.88831560187287,393,441,1612,393.0,393.0,False,Weighted respondent linearization; clustering unavailable; approximate
EVS,2020,pro_market_index,35-54,survey_coverage,52.55411128875303,2.2034219848593675,48.232236518325905,56.87598605918015,549,637,1612,71.84706233062012,463.2055887334369,True,Weighted respondent linearization; clustering unavailable; approximate
EVS,2020,pro_market_index,35-54,survey_coverage,55.02934628617688,0.7304788606446356,53.596557569424604,56.46213500292916,549,637,1612,549.0,549.0,False,Weighted respondent linearization; clustering unavailable; approximate
EVS,2020,pro_market_index,55+,survey_coverage,48.4764311591783,2.313721318741961,43.93821112598366,53.01465119237293,457,534,1612,81.61430983297922,506.82256758005116,True,Weighted respondent linearization; clustering unavailable; approximate
EVS,2020,pro_market_index,55+,survey_coverage,50.370775589593975,0.7624950475059379,48.87518911953256,51.866362059655394,457,534,1612,457.0,457.0,False,Weighted respondent linearization; clustering unavailable; approximate
EVS,2020,pro_market_index,All,exclude_crimea_donetsk_luhansk,51.254796290285576,1.4463623958968173,48.41784667705933,54.09174590351182,1302,1488,1612,194.3090527377503,1176.440897889369,True,Weighted respondent linearization; clustering unavailable; approximate
EVS,2020,pro_market_index,All,exclude_crimea_donetsk_luhansk,54.31600955794504,0.4773101237553833,53.379795525543294,55.25222359034678,1302,1488,1612,1302.0,1302.0,False,Weighted respondent linearization; clustering unavailable; approximate
EVS,2020,pro_market_index,18-34,exclude_crimea_donetsk_luhansk,52.9104865569211,2.6675403023599684,47.67827265913569,58.14270045470651,376,419,1612,59.47806333805524,355.89675101229216,True,Weighted respondent linearization; clustering unavailable; approximate
EVS,2020,pro_market_index,18-34,exclude_crimea_donetsk_luhansk,58.20035460992907,0.9011903011143207,56.43272605193944,59.9679831679187,376,419,1612,376.0,376.0,False,Weighted respondent linearization; clustering unavailable; approximate
EVS,2020,pro_market_index,35-54,exclude_crimea_donetsk_luhansk,52.57084271176296,2.2756338982411157,48.10732877792848,57.034356645597434,514,592,1612,66.94445758553411,403.59885449933944,True,Weighted respondent linearization; clustering unavailable; approximate
EVS,2020,pro_market_index,35-54,exclude_crimea_donetsk_luhansk,54.87462170341548,0.7558061801602333,53.39215502939076,56.3570883774402,514,592,1612,514.0,514.0,False,Weighted respondent linearization; clustering unavailable; approximate
EVS,2020,pro_market_index,55+,exclude_crimea_donetsk_luhansk,48.5676101408388,2.5711546800258462,43.52445062857744,53.610769653100164,412,477,1612,67.9093326389807,416.9452923777374,True,Weighted respondent linearization; clustering unavailable; approximate
EVS,2020,pro_market_index,55+,exclude_crimea_donetsk_luhansk,50.07416396979504,0.7947575404669835,48.515296632374785,51.63303130721529,412,477,1612,412.0,412.0,False,Weighted respondent linearization; clustering unavailable; approximate
