survey,year,item,question,positive_definition,kind,field,valid_codes,positive_codes,source_label,source_value_labels,source_file,weight_variable,denominator,missing_weighted_pct,unweighted_estimate,estimate,se,ci_low,ci_high,n_valid,n_domain,n_psu,kish_n,weight_sum,weighted,variance_method
WVS,1996,E036,Should private ownership of business increase?,Market-oriented half of the 1–10 scale,Policy,E036,"[1, 2, 3, 4, 5, 6, 7, 8, 9, 10]","[1, 2, 3, 4, 5]",Private vs state ownership of business,"{""-5.0"": ""Missing; Unknown"", ""-4.0"": ""Not asked"", ""-2.0"": ""No answer"", ""-1.0"": ""Don't know"", ""1.0"": ""Private ownership of business should be increased"", ""2.0"": ""2"", ""3.0"": ""3"", ""4.0"": ""4"", ""5.0"": ""5"", ""6.0"": ""6"", ""7.0"": ""7"", ""8.0"": ""8"", ""9.0"": ""9"", ""10.0"": ""Government ownership of business should be increased""}",WVS_Time_Series_1981-2022_spss_v5_0.sav,S017,valid substantive responses,7.897545357524017,50.907686365392046,50.907686365392046,0.9826744573939805,48.980849871010314,52.83452285977378,2589,2811,2811,2589.0,2589.0,True,Weighted respondent linearization; approximate
WVS,1996,E039,Is competition beneficial?,Market-oriented half of the 1–10 scale,Policy,E039,"[1, 2, 3, 4, 5, 6, 7, 8, 9, 10]","[1, 2, 3, 4, 5]",Competition good or harmful,"{""-5.0"": ""Missing; Unknown"", ""-4.0"": ""Not asked in survey"", ""-3.0"": ""Not applicable"", ""-2.0"": ""No answer"", ""-1.0"": ""Don't know"", ""1.0"": ""Competition is good"", ""2.0"": ""2"", ""3.0"": ""3"", ""4.0"": ""4"", ""5.0"": ""5"", ""6.0"": ""6"", ""7.0"": ""7"", ""8.0"": ""8"", ""9.0"": ""9"", ""10.0"": ""Competition is harmful""}",WVS_Time_Series_1981-2022_spss_v5_0.sav,S017,valid substantive responses,12.771255780860901,79.48613376835236,79.48613376835236,0.8156173885969455,77.88686420560353,81.08540333110119,2452,2811,2811,2452.0,2452.0,True,Weighted respondent linearization; approximate
WVS,1996,E037,Should individuals take more responsibility for providing for themselves?,Market-oriented half of the 1–10 scale,Policy,E037,"[1, 2, 3, 4, 5, 6, 7, 8, 9, 10]","[1, 2, 3, 4, 5]",Government responsibility,"{""-5.0"": ""Missing; Unknown"", ""-4.0"": ""Not asked in survey"", ""-3.0"": ""Not applicable"", ""-2.0"": ""No answer"", ""-1.0"": ""Don't know"", ""1.0"": ""People should take more responsibility"", ""2.0"": ""2"", ""3.0"": ""3"", ""4.0"": ""4"", ""5.0"": ""5"", ""6.0"": ""6"", ""7.0"": ""7"", ""8.0"": ""8"", ""9.0"": ""9"", ""10.0"": ""The government should take more responsibility""}",WVS_Time_Series_1981-2022_spss_v5_0.sav,S017,valid substantive responses,4.268943436499462,18.43180973615756,18.43180973615756,0.7475922950535118,16.965924359582466,19.897695112732656,2691,2811,2811,2691.0,2691.0,True,Weighted respondent linearization; approximate
WVS,1996,E035,Should income differences provide incentives for effort?,Market-oriented half of the 1–10 scale,Policy,E035,"[1, 2, 3, 4, 5, 6, 7, 8, 9, 10]","[6, 7, 8, 9, 10]",Income equality,"{""-5.0"": ""Missing; Unknown"", ""-4.0"": ""Not asked"", ""-2.0"": ""No answer"", ""-1.0"": ""Don't know"", ""1.0"": ""Incomes should be made more equal"", ""2.0"": ""2"", ""3.0"": ""3"", ""4.0"": ""4"", ""5.0"": ""5"", ""6.0"": ""6"", ""7.0"": ""7"", ""8.0"": ""8"", ""9.0"": ""9"", ""10.0"": ""We need larger income differences as incentives""}",WVS_Time_Series_1981-2022_spss_v5_0.sav,S017,valid substantive responses,9.178228388473853,63.33725029377203,63.33725029377203,0.9538805094213724,61.46687321924546,65.2076273682986,2553,2811,2811,2553.0,2553.0,True,Weighted respondent linearization; approximate
WVS,1996,E040,Does hard work bring a better life?,Market-oriented half of the 1–10 scale,Belief,E040,"[1, 2, 3, 4, 5, 6, 7, 8, 9, 10]","[1, 2, 3, 4, 5]",Hard work brings success,"{""-5.0"": ""Missing; Unknown"", ""-4.0"": ""Not asked in survey"", ""-3.0"": ""Not applicable"", ""-2.0"": ""No answer"", ""-1.0"": ""Don't know"", ""1.0"": ""In the long run, hard work usually brings a better life"", ""2.0"": ""2"", ""3.0"": ""3"", ""4.0"": ""4"", ""5.0"": ""5"", ""6.0"": ""6"", ""7.0"": ""7"", ""8.0"": ""8"", ""9.0"": ""9"", ""10.0"": ""Hard work doesn't generally bring success - it's more a matter of luck and connections""}",WVS_Time_Series_1981-2022_spss_v5_0.sav,S017,valid substantive responses,9.498399146211312,60.10220125786164,60.10220125786164,0.9710427860969231,58.19817224420476,62.00623027151851,2544,2811,2811,2544.0,2544.0,True,Weighted respondent linearization; approximate
WVS,1996,E041,Can wealth grow so there is enough for everyone?,Market-oriented half of the 1–10 scale,Belief,E041,"[1, 2, 3, 4, 5, 6, 7, 8, 9, 10]","[6, 7, 8, 9, 10]",Wealth accumulation,"{""-5.0"": ""Missing; Unknown"", ""-4.0"": ""Not asked in survey"", ""-3.0"": ""Not applicable"", ""-2.0"": ""No answer"", ""-1.0"": ""Don't know"", ""1.0"": ""People can only get rich at the expense of others"", ""2.0"": ""2"", ""3.0"": ""3"", ""4.0"": ""4"", ""5.0"": ""5"", ""6.0"": ""6"", ""7.0"": ""7"", ""8.0"": ""8"", ""9.0"": ""9"", ""10.0"": ""Wealth can grow so there's enough for everyone""}",WVS_Time_Series_1981-2022_spss_v5_0.sav,S017,valid substantive responses,9.676271789398793,68.68846002363135,68.68846002363135,0.9205343864638456,66.8834683126677,70.493451734595,2539,2811,2811,2539.0,2539.0,True,Weighted respondent linearization; approximate
WVS,1996,B002,Would you accept higher taxes to prevent environmental pollution?,Strongly agree / agree,Policy,B002,"[1, 2, 3, 4]","[1, 2]",Increase in taxes if used to prevent environmental pollution,"{""-5.0"": ""Missing; Unknown"", ""-4.0"": ""Not asked"", ""-2.0"": ""No answer"", ""-1.0"": ""Don't know"", ""1.0"": ""Strongly agree"", ""2.0"": ""Agree"", ""3.0"": ""Disagree"", ""4.0"": ""Strongly disagree""}",WVS_Time_Series_1981-2022_spss_v5_0.sav,S017,valid substantive responses,20.419779437922447,55.565489494859186,55.565489494859186,1.0507684956984111,53.50513362682572,57.625845362892655,2237,2811,2811,2237.0,2237.0,True,Weighted respondent linearization; approximate
WVS,1996,B008,Should economic growth and jobs take priority over environmental protection?,Choose economic growth and jobs,Policy,B008,"[1, 2, 3]",[2],Protecting environment vs. Economic growth,"{""-5.0"": ""Missing; Unknown"", ""-4.0"": ""Not asked"", ""-2.0"": ""No answer"", ""-1.0"": ""Don't know"", ""1.0"": ""Protecting environment"", ""2.0"": ""Economy growth and creating jobs"", ""3.0"": ""Other answer""}",WVS_Time_Series_1981-2022_spss_v5_0.sav,S017,valid substantive responses,21.27356812522234,36.69227293267058,36.69227293267058,1.0247129488331885,34.68300700414173,38.70153886119944,2213,2811,2811,2213.0,2213.0,True,Weighted respondent linearization; approximate
WVS,1996,C059,Is higher pay fair for a more efficient and reliable secretary?,Fair,Belief,C059,"[0, 1]",[1],Fairness: One secretary is paid more,"{""-5.0"": ""Missing; Unknown"", ""-4.0"": ""Not asked in survey"", ""-3.0"": ""Not applicable"", ""-2.0"": ""No answer"", ""-1.0"": ""Don't know"", ""0.0"": ""Not fair"", ""1.0"": ""Fair""}",WVS_Time_Series_1981-2022_spss_v5_0.sav,S017,valid substantive responses,9.569548203486299,90.1652242328875,90.1652242328875,0.5907330300147919,89.00690984697398,91.32353861880101,2542,2811,2811,2542.0,2542.0,True,Weighted respondent linearization; approximate
WVS,1996,C060,Should owners run businesses or appoint their managers?,Choose owners / appointed managers,Policy,C060,"[1, 2, 3, 4]",[1],How business and industry should be managed,"{""-5.0"": ""Missing; Unknown"", ""-4.0"": ""Not asked"", ""-2.0"": ""No answer"", ""-1.0"": ""Don't know"", ""1.0"": ""Owners should run their business"", ""2.0"": ""Owners/Employees participate in selection of managers"", ""3.0"": ""The State should be the owner"", ""4.0"": ""Employees should own the business and elect managers""}",WVS_Time_Series_1981-2022_spss_v5_0.sav,S017,valid substantive responses,12.130914265385984,23.31983805668016,23.31983805668016,0.8510068620441654,21.651176511223344,24.98849960213698,2470,2811,2811,2470.0,2470.0,True,Weighted respondent linearization; approximate
WVS,1996,E062,Should foreign goods be freely imported?,Choose freely imported goods,Policy,E062,"[1, 2, 3]",[1],Importation of goods,"{""-4.0"": ""Not asked"", ""-2.0"": ""No answer"", ""-1.0"": ""Don't know"", ""1.0"": ""Import goods"", ""2.0"": ""Limit imports"", ""3.0"": ""Other answers""}",WVS_Time_Series_1981-2022_spss_v5_0.sav,S017,valid substantive responses,12.52223408039843,59.902399349328995,59.902399349328995,0.9885059793134964,57.964128356810306,61.840670341847684,2459,2811,2811,2459.0,2459.0,True,Weighted respondent linearization; approximate
WVS,1996,E127,Is a free-market economy right for the country’s future?,Right,Policy,E127,"[1, 2]",[1],Free market economy right for country future,"{""-4.0"": ""Not asked"", ""-2.0"": ""No answer"", ""1.0"": ""Right"", ""2.0"": ""Wrong""}",WVS_Time_Series_1981-2022_spss_v5_0.sav,S017,valid substantive responses,26.14727854855923,40.65510597302505,40.65510597302505,1.0782334885042935,38.54089651181216,42.769315434237946,2076,2811,2811,2076.0,2076.0,True,Weighted respondent linearization; approximate
WVS,1996,E131,Is poverty due to laziness rather than unfair treatment?,Choose laziness / lack of willpower,Belief,E131,"[1, 2, 3]",[1],Why are people in need,"{""-4.0"": ""Not asked"", ""-2.0"": ""No answer"", ""-1.0"": ""Don't know"", ""1.0"": ""Poor because of laziness and lack of will power"", ""2.0"": ""Poor because of an unfair society"", ""3.0"": ""Other answer""}",WVS_Time_Series_1981-2022_spss_v5_0.sav,S017,valid substantive responses,11.561721807186053,11.987127916331456,11.987127916331456,0.6515644297681124,10.709534800654415,13.264721032008497,2486,2811,2811,2486.0,2486.0,True,Weighted respondent linearization; approximate
WVS,1996,E132,Do poor people have a chance to escape poverty?,Have a chance,Belief,E132,"[1, 2, 3]",[1],Chance to escape from poverty,"{""-4.0"": ""Not asked"", ""-2.0"": ""No answer"", ""-1.0"": ""Don't know"", ""1.0"": ""They have a chance"", ""2.0"": ""There is very little chance"", ""3.0"": ""Other answer""}",WVS_Time_Series_1981-2022_spss_v5_0.sav,S017,valid substantive responses,7.68409818569904,18.959537572254334,18.959537572254334,0.7696147938594747,17.450470291359327,20.46860485314934,2595,2811,2811,2595.0,2595.0,True,Weighted respondent linearization; approximate
WVS,1996,E133,Is the government doing too little to fight poverty?,Too little,Policy,E133,"[1, 2, 3, 4]",[3],How much is the government doing against poverty,"{""-4.0"": ""Not asked"", ""-2.0"": ""No answer"", ""-1.0"": ""Don't know"", ""1.0"": ""Too much"", ""2.0"": ""About the right amount"", ""3.0"": ""Too little"", ""4.0"": ""Other answer""}",WVS_Time_Series_1981-2022_spss_v5_0.sav,S017,valid substantive responses,5.79864816791178,91.31419939577039,91.31419939577039,0.5473843265840365,90.24088351890128,92.38751527263949,2648,2811,2811,2648.0,2648.0,True,Weighted respondent linearization; approximate
WVS,1996,E069_13,Do you have confidence in major companies?,A great deal / quite a lot,Institutional trust,E069_13,"[1, 2, 3, 4]","[1, 2]",Confidence: Major Companies,"{""-5.0"": ""Missing; Unknown"", ""-4.0"": ""Not asked"", ""-2.0"": ""No answer"", ""-1.0"": ""Don't know"", ""1.0"": ""A great deal"", ""2.0"": ""Quite a lot"", ""3.0"": ""Not very much"", ""4.0"": ""None at all""}",WVS_Time_Series_1981-2022_spss_v5_0.sav,S017,valid substantive responses,25.11561721807186,57.957244655581945,57.957244655581945,1.0760951233907268,55.847228119002565,60.067261192161325,2105,2811,2811,2105.0,2105.0,True,Weighted respondent linearization; approximate
WVS,1996,E069_05,Do you have confidence in labour unions?,A great deal / quite a lot,Institutional trust,E069_05,"[1, 2, 3, 4]","[1, 2]",Confidence: Labour Unions,"{""-5.0"": ""Missing; Unknown"", ""-4.0"": ""Not asked"", ""-2.0"": ""No answer"", ""-1.0"": ""Don't know"", ""1.0"": ""A great deal"", ""2.0"": ""Quite a lot"", ""3.0"": ""Not very much"", ""4.0"": ""None at all""}",WVS_Time_Series_1981-2022_spss_v5_0.sav,S017,valid substantive responses,11.881892564923513,38.837303189341945,38.837303189341945,0.9794496275159587,36.91678996901134,40.75781640967255,2477,2811,2811,2477.0,2477.0,True,Weighted respondent linearization; approximate
WVS,1996,F114A,Is claiming benefits to which you are not entitled never justifiable?,Never justifiable (1 of 10),Economic norm,F114A,"[1, 2, 3, 4, 5, 6, 7, 8, 9, 10]",[1],Justifiable: Claiming government benefits to which you are not entitled,"{""-5.0"": ""Missing; Not available"", ""-4.0"": ""Not asked in survey"", ""-2.0"": ""No answer"", ""-1.0"": ""Don't know"", ""1.0"": ""Never justifiable"", ""2.0"": ""2"", ""3.0"": ""3"", ""4.0"": ""4"", ""5.0"": ""5"", ""6.0"": ""6"", ""7.0"": ""7"", ""8.0"": ""8"", ""9.0"": ""9"", ""10.0"": ""Always justifiable""}",WVS_Time_Series_1981-2022_spss_v5_0.sav,S017,valid substantive responses,16.648879402347916,42.93640631668801,42.93640631668801,1.0227830543507923,40.930924541793146,44.94188809158287,2343,2811,2811,2343.0,2343.0,True,Weighted respondent linearization; approximate
WVS,1996,F116,Is cheating on taxes never justifiable?,Never justifiable (1 of 10),Economic norm,F116,"[1, 2, 3, 4, 5, 6, 7, 8, 9, 10]",[1],Justifiable: Cheating on taxes,"{""-5.0"": ""Missing; Not available"", ""-4.0"": ""Not asked in survey"", ""-2.0"": ""No answer"", ""-1.0"": ""Don't know"", ""1.0"": ""Never justifiable"", ""2.0"": ""2"", ""3.0"": ""3"", ""4.0"": ""4"", ""5.0"": ""5"", ""6.0"": ""6"", ""7.0"": ""7"", ""8.0"": ""8"", ""9.0"": ""9"", ""10.0"": ""Always justifiable""}",WVS_Time_Series_1981-2022_spss_v5_0.sav,S017,valid substantive responses,11.134827463536112,41.43314651721377,41.43314651721377,0.985782149610507,39.50021643331106,43.36607660111648,2498,2811,2811,2498.0,2498.0,True,Weighted respondent linearization; approximate
WVS,2006,E036,Should private ownership of business increase?,Market-oriented half of the 1–10 scale,Policy,E036,"[1, 2, 3, 4, 5, 6, 7, 8, 9, 10]","[1, 2, 3, 4, 5]",Private vs state ownership of business,"{""-5.0"": ""Missing; Unknown"", ""-4.0"": ""Not asked"", ""-2.0"": ""No answer"", ""-1.0"": ""Don't know"", ""1.0"": ""Private ownership of business should be increased"", ""2.0"": ""2"", ""3.0"": ""3"", ""4.0"": ""4"", ""5.0"": ""5"", ""6.0"": ""6"", ""7.0"": ""7"", ""8.0"": ""8"", ""9.0"": ""9"", ""10.0"": ""Government ownership of business should be increased""}",WVS_Time_Series_1981-2022_spss_v5_0.sav,S017,valid substantive responses,5.854854176113111,33.68532206969377,33.30727466958503,1.7369617303205198,29.898762649774973,36.71578668939508,947,1000,1000,724.5475165540121,941.451446,True,Weighted respondent linearization; approximate
WVS,2006,E039,Is competition beneficial?,Market-oriented half of the 1–10 scale,Policy,E039,"[1, 2, 3, 4, 5, 6, 7, 8, 9, 10]","[1, 2, 3, 4, 5]",Competition good or harmful,"{""-5.0"": ""Missing; Unknown"", ""-4.0"": ""Not asked in survey"", ""-3.0"": ""Not applicable"", ""-2.0"": ""No answer"", ""-1.0"": ""Don't know"", ""1.0"": ""Competition is good"", ""2.0"": ""2"", ""3.0"": ""3"", ""4.0"": ""4"", ""5.0"": ""5"", ""6.0"": ""6"", ""7.0"": ""7"", ""8.0"": ""8"", ""9.0"": ""9"", ""10.0"": ""Competition is harmful""}",WVS_Time_Series_1981-2022_spss_v5_0.sav,S017,valid substantive responses,6.73049248749642,67.37739872068231,67.28949277176564,1.7605007010191858,63.83478925380118,70.74419628973008,938,1000,1000,714.6452769729699,932.695063,True,Weighted respondent linearization; approximate
WVS,2006,E037,Should individuals take more responsibility for providing for themselves?,Market-oriented half of the 1–10 scale,Policy,E037,"[1, 2, 3, 4, 5, 6, 7, 8, 9, 10]","[1, 2, 3, 4, 5]",Government responsibility,"{""-5.0"": ""Missing; Unknown"", ""-4.0"": ""Not asked in survey"", ""-3.0"": ""Not applicable"", ""-2.0"": ""No answer"", ""-1.0"": ""Don't know"", ""1.0"": ""People should take more responsibility"", ""2.0"": ""2"", ""3.0"": ""3"", ""4.0"": ""4"", ""5.0"": ""5"", ""6.0"": ""6"", ""7.0"": ""7"", ""8.0"": ""8"", ""9.0"": ""9"", ""10.0"": ""The government should take more responsibility""}",WVS_Time_Series_1981-2022_spss_v5_0.sav,S017,valid substantive responses,3.459439944972731,28.0,27.96353153074974,1.6554584532604677,24.714956770732876,31.212106290766606,975,1000,1000,745.7505998197923,965.4055880000001,True,Weighted respondent linearization; approximate
WVS,2006,E035,Should income differences provide incentives for effort?,Market-oriented half of the 1–10 scale,Policy,E035,"[1, 2, 3, 4, 5, 6, 7, 8, 9, 10]","[6, 7, 8, 9, 10]",Income equality,"{""-5.0"": ""Missing; Unknown"", ""-4.0"": ""Not asked"", ""-2.0"": ""No answer"", ""-1.0"": ""Don't know"", ""1.0"": ""Incomes should be made more equal"", ""2.0"": ""2"", ""3.0"": ""3"", ""4.0"": ""4"", ""5.0"": ""5"", ""6.0"": ""6"", ""7.0"": ""7"", ""8.0"": ""8"", ""9.0"": ""9"", ""10.0"": ""We need larger income differences as incentives""}",WVS_Time_Series_1981-2022_spss_v5_0.sav,S017,valid substantive responses,3.662298647609896,72.49224405377456,73.1051227368879,1.6099813296285979,69.94578962210696,76.26445585166886,967,1000,1000,739.6895098648409,963.3770010000001,True,Weighted respondent linearization; approximate
WVS,2006,E040,Does hard work bring a better life?,Market-oriented half of the 1–10 scale,Belief,E040,"[1, 2, 3, 4, 5, 6, 7, 8, 9, 10]","[1, 2, 3, 4, 5]",Hard work brings success,"{""-5.0"": ""Missing; Unknown"", ""-4.0"": ""Not asked in survey"", ""-3.0"": ""Not applicable"", ""-2.0"": ""No answer"", ""-1.0"": ""Don't know"", ""1.0"": ""In the long run, hard work usually brings a better life"", ""2.0"": ""2"", ""3.0"": ""3"", ""4.0"": ""4"", ""5.0"": ""5"", ""6.0"": ""6"", ""7.0"": ""7"", ""8.0"": ""8"", ""9.0"": ""9"", ""10.0"": ""Hard work doesn't generally bring success - it's more a matter of luck and connections""}",WVS_Time_Series_1981-2022_spss_v5_0.sav,S017,valid substantive responses,3.408172544306265,57.453416149068325,59.44246967762578,1.7972776702379294,55.91559718814856,62.969342167103,966,1000,1000,730.2052072670878,965.918262,True,Weighted respondent linearization; approximate
WVS,2006,E041,Can wealth grow so there is enough for everyone?,Market-oriented half of the 1–10 scale,Belief,E041,"[1, 2, 3, 4, 5, 6, 7, 8, 9, 10]","[6, 7, 8, 9, 10]",Wealth accumulation,"{""-5.0"": ""Missing; Unknown"", ""-4.0"": ""Not asked in survey"", ""-3.0"": ""Not applicable"", ""-2.0"": ""No answer"", ""-1.0"": ""Don't know"", ""1.0"": ""People can only get rich at the expense of others"", ""2.0"": ""2"", ""3.0"": ""3"", ""4.0"": ""4"", ""5.0"": ""5"", ""6.0"": ""6"", ""7.0"": ""7"", ""8.0"": ""8"", ""9.0"": ""9"", ""10.0"": ""Wealth can grow so there's enough for everyone""}",WVS_Time_Series_1981-2022_spss_v5_0.sav,S017,valid substantive responses,8.636226212270948,61.58868335146899,62.346831768196935,1.8227813557913,58.76991233914663,65.92375119724724,919,1000,1000,691.217026448006,913.6377259999999,True,Weighted respondent linearization; approximate
WVS,2006,B001,Would you give part of your income to protect the environment?,Strongly agree / agree,Policy,B001,"[1, 2, 3, 4]","[1, 2]",Would give part of my income for the environment,"{""-5.0"": ""Missing; Unknown"", ""-4.0"": ""Not asked in survey"", ""-3.0"": ""Not applicable"", ""-2.0"": ""No answer"", ""-1.0"": ""Don't know"", ""1.0"": ""Strongly agree"", ""2.0"": ""Agree"", ""3.0"": ""Disagree"", ""4.0"": ""Strongly disagree""}",WVS_Time_Series_1981-2022_spss_v5_0.sav,S017,valid substantive responses,10.075535030981964,47.194719471947195,45.53859758460967,1.868569610323599,41.8718259652577,49.20536920396164,909,1000,1000,704.1174272546913,899.244638,True,Weighted respondent linearization; approximate
WVS,2006,B002,Would you accept higher taxes to prevent environmental pollution?,Strongly agree / agree,Policy,B002,"[1, 2, 3, 4]","[1, 2]",Increase in taxes if used to prevent environmental pollution,"{""-5.0"": ""Missing; Unknown"", ""-4.0"": ""Not asked"", ""-2.0"": ""No answer"", ""-1.0"": ""Don't know"", ""1.0"": ""Strongly agree"", ""2.0"": ""Agree"", ""3.0"": ""Disagree"", ""4.0"": ""Strongly disagree""}",WVS_Time_Series_1981-2022_spss_v5_0.sav,S017,valid substantive responses,10.803146740440916,47.17607973421927,47.08569889093653,1.8903735422741326,43.37614051190229,50.79525726997076,903,1000,1000,697.937008618987,891.968521,True,Weighted respondent linearization; approximate
WVS,2006,B003,Should government reduce pollution without costing you money?,Strongly agree / agree,Policy,B003,"[1, 2, 3, 4]","[1, 2]",Government should reduce environmental pollution,"{""-5.0"": ""Missing; Unknown"", ""-4.0"": ""Not asked in survey"", ""-3.0"": ""Not applicable"", ""-2.0"": ""No answer"", ""-1.0"": ""Don't know"", ""1.0"": ""Strongly agree"", ""2.0"": ""Agree"", ""3.0"": ""Disagree"", ""4.0"": ""Strongly disagree""}",WVS_Time_Series_1981-2022_spss_v5_0.sav,S017,valid substantive responses,5.779359575131682,88.90063424947147,89.5460907677646,1.0688499799971967,87.44864213628443,91.64353939924476,946,1000,1000,717.2241954320081,942.206392,True,Weighted respondent linearization; approximate
WVS,2006,B008,Should economic growth and jobs take priority over environmental protection?,Choose economic growth and jobs,Policy,B008,"[1, 2, 3]",[2],Protecting environment vs. Economic growth,"{""-5.0"": ""Missing; Unknown"", ""-4.0"": ""Not asked"", ""-2.0"": ""No answer"", ""-1.0"": ""Don't know"", ""1.0"": ""Protecting environment"", ""2.0"": ""Economy growth and creating jobs"", ""3.0"": ""Other answer""}",WVS_Time_Series_1981-2022_spss_v5_0.sav,S017,valid substantive responses,21.796542183355072,44.121365360303415,43.768545663572255,2.006579148848542,39.830952204740896,47.70613912240361,791,1000,1000,603.7860741686133,782.034568,True,Weighted respondent linearization; approximate
WVS,2006,C059,Is higher pay fair for a more efficient and reliable secretary?,Fair,Belief,C059,"[0, 1]",[1],Fairness: One secretary is paid more,"{""-5.0"": ""Missing; Unknown"", ""-4.0"": ""Not asked in survey"", ""-3.0"": ""Not applicable"", ""-2.0"": ""No answer"", ""-1.0"": ""Don't know"", ""0.0"": ""Not fair"", ""1.0"": ""Fair""}",WVS_Time_Series_1981-2022_spss_v5_0.sav,S017,valid substantive responses,11.48462564930015,86.77777777777777,87.7202739964271,1.1785053530688439,85.4076440799324,90.0329039129218,900,1000,1000,694.5352629330971,885.153732,True,Weighted respondent linearization; approximate
WVS,2006,E224,Is taxing the rich to subsidise the poor essential to democracy?,6–10 on essential-to-democracy scale,Democracy concept,E224,"[0, 1, 2, 3, 4, 5, 6, 7, 8, 9, 10]","[6, 7, 8, 9, 10]",Democracy: Governments tax the rich and subsidize the poor.,"{""-5.0"": ""Missing; Unknown"", ""-4.0"": ""Not asked"", ""-2.0"": ""No answer"", ""-1.0"": ""Don't know"", ""0.0"": ""It is against democracy (spontaneous)"", ""1.0"": ""Not an essential characteristic of democracy"", ""2.0"": ""2"", ""3.0"": ""3"", ""4.0"": ""4"", ""5.0"": ""5"", ""6.0"": ""6"", ""7.0"": ""7"", ""8.0"": ""8"", ""9.0"": ""9"", ""10.0"": ""An essential characteristic of democracy""}",WVS_Time_Series_1981-2022_spss_v5_0.sav,S017,valid substantive responses,12.028040456364542,74.29537767756483,74.12528751889194,1.656460252963541,70.87474688578197,77.3758281520019,887,1000,1000,677.2527730048062,879.7195839999999,True,Weighted respondent linearization; approximate
WVS,2006,E227,Is state aid for unemployment essential to democracy?,6–10 on essential-to-democracy scale,Democracy concept,E227,"[0, 1, 2, 3, 4, 5, 6, 7, 8, 9, 10]","[6, 7, 8, 9, 10]",Democracy: People receive state aid for unemployment.,"{""-5.0"": ""Missing; Unknown"", ""-4.0"": ""Not asked"", ""-2.0"": ""No answer"", ""-1.0"": ""Don't know"", ""0.0"": ""It is against democracy (spontaneous)"", ""1.0"": ""Not an essential characteristic of democracy"", ""2.0"": ""2"", ""3.0"": ""3"", ""4.0"": ""4"", ""5.0"": ""5"", ""6.0"": ""6"", ""7.0"": ""7"", ""8.0"": ""8"", ""9.0"": ""9"", ""10.0"": ""An essential characteristic of democracy""}",WVS_Time_Series_1981-2022_spss_v5_0.sav,S017,valid substantive responses,7.672899399747712,83.745963401507,83.70963498502368,1.3778647069830796,81.0057939426783,86.41347602736907,929,1000,1000,706.0115586433708,923.270994,True,Weighted respondent linearization; approximate
WVS,2006,E069_13,Do you have confidence in major companies?,A great deal / quite a lot,Institutional trust,E069_13,"[1, 2, 3, 4]","[1, 2]",Confidence: Major Companies,"{""-5.0"": ""Missing; Unknown"", ""-4.0"": ""Not asked"", ""-2.0"": ""No answer"", ""-1.0"": ""Don't know"", ""1.0"": ""A great deal"", ""2.0"": ""Quite a lot"", ""3.0"": ""Not very much"", ""4.0"": ""None at all""}",WVS_Time_Series_1981-2022_spss_v5_0.sav,S017,valid substantive responses,18.214241136785137,52.275522755227556,52.51649401480509,2.0197552602804976,48.553044526214286,56.479943503395894,813,1000,1000,615.6506762682195,817.8575780000001,True,Weighted respondent linearization; approximate
WVS,2006,E069_05,Do you have confidence in labour unions?,A great deal / quite a lot,Institutional trust,E069_05,"[1, 2, 3, 4]","[1, 2]",Confidence: Labour Unions,"{""-5.0"": ""Missing; Unknown"", ""-4.0"": ""Not asked"", ""-2.0"": ""No answer"", ""-1.0"": ""Don't know"", ""1.0"": ""A great deal"", ""2.0"": ""Quite a lot"", ""3.0"": ""Not very much"", ""4.0"": ""None at all""}",WVS_Time_Series_1981-2022_spss_v5_0.sav,S017,valid substantive responses,18.26448163743828,37.98076923076923,39.477384698707965,1.9406545289911383,35.66915785473225,43.28561154268368,832,1000,1000,636.8769197953245,817.355173,True,Weighted respondent linearization; approximate
WVS,2006,F114A,Is claiming benefits to which you are not entitled never justifiable?,Never justifiable (1 of 10),Economic norm,F114A,"[1, 2, 3, 4, 5, 6, 7, 8, 9, 10]",[1],Justifiable: Claiming government benefits to which you are not entitled,"{""-5.0"": ""Missing; Not available"", ""-4.0"": ""Not asked in survey"", ""-2.0"": ""No answer"", ""-1.0"": ""Don't know"", ""1.0"": ""Never justifiable"", ""2.0"": ""2"", ""3.0"": ""3"", ""4.0"": ""4"", ""5.0"": ""5"", ""6.0"": ""6"", ""7.0"": ""7"", ""8.0"": ""8"", ""9.0"": ""9"", ""10.0"": ""Always justifiable""}",WVS_Time_Series_1981-2022_spss_v5_0.sav,S017,valid substantive responses,8.051918404674952,39.653304442036834,40.05492092905074,1.854552309161187,36.41565604094296,43.69418581715851,923,1000,1000,697.6614221376691,919.480804,True,Weighted respondent linearization; approximate
WVS,2006,F116,Is cheating on taxes never justifiable?,Never justifiable (1 of 10),Economic norm,F116,"[1, 2, 3, 4, 5, 6, 7, 8, 9, 10]",[1],Justifiable: Cheating on taxes,"{""-5.0"": ""Missing; Not available"", ""-4.0"": ""Not asked in survey"", ""-2.0"": ""No answer"", ""-1.0"": ""Don't know"", ""1.0"": ""Never justifiable"", ""2.0"": ""2"", ""3.0"": ""3"", ""4.0"": ""4"", ""5.0"": ""5"", ""6.0"": ""6"", ""7.0"": ""7"", ""8.0"": ""8"", ""9.0"": ""9"", ""10.0"": ""Always justifiable""}",WVS_Time_Series_1981-2022_spss_v5_0.sav,S017,valid substantive responses,6.941382790237993,37.02127659574468,39.25196276291064,1.852464428390232,35.61679500980561,42.88713051601567,940,1000,1000,717.0543933409392,930.58616,True,Weighted respondent linearization; approximate
WVS,2011,E036,Should private ownership of business increase?,Market-oriented half of the 1–10 scale,Policy,E036,"[1, 2, 3, 4, 5, 6, 7, 8, 9, 10]","[1, 2, 3, 4, 5]",Private vs state ownership of business,"{""-5.0"": ""Missing; Unknown"", ""-4.0"": ""Not asked"", ""-2.0"": ""No answer"", ""-1.0"": ""Don't know"", ""1.0"": ""Private ownership of business should be increased"", ""2.0"": ""2"", ""3.0"": ""3"", ""4.0"": ""4"", ""5.0"": ""5"", ""6.0"": ""6"", ""7.0"": ""7"", ""8.0"": ""8"", ""9.0"": ""9"", ""10.0"": ""Government ownership of business should be increased""}",WVS_Time_Series_1981-2022_spss_v5_0.sav,S017,valid substantive responses,0.0,39.06666666666667,38.74696589902511,1.318014420209648,36.161617598701326,41.3323141993489,1500,1500,1500,1366.4216831899291,1500.0003419999998,True,Weighted respondent linearization; approximate
WVS,2011,E039,Is competition beneficial?,Market-oriented half of the 1–10 scale,Policy,E039,"[1, 2, 3, 4, 5, 6, 7, 8, 9, 10]","[1, 2, 3, 4, 5]",Competition good or harmful,"{""-5.0"": ""Missing; Unknown"", ""-4.0"": ""Not asked in survey"", ""-3.0"": ""Not applicable"", ""-2.0"": ""No answer"", ""-1.0"": ""Don't know"", ""1.0"": ""Competition is good"", ""2.0"": ""2"", ""3.0"": ""3"", ""4.0"": ""4"", ""5.0"": ""5"", ""6.0"": ""6"", ""7.0"": ""7"", ""8.0"": ""8"", ""9.0"": ""9"", ""10.0"": ""Competition is harmful""}",WVS_Time_Series_1981-2022_spss_v5_0.sav,S017,valid substantive responses,0.0,71.46666666666667,71.84473715273326,1.2104555570225073,69.47037070500666,74.21910360045986,1500,1500,1500,1366.4216831899291,1500.0003419999998,True,Weighted respondent linearization; approximate
WVS,2011,E037,Should individuals take more responsibility for providing for themselves?,Market-oriented half of the 1–10 scale,Policy,E037,"[1, 2, 3, 4, 5, 6, 7, 8, 9, 10]","[1, 2, 3, 4, 5]",Government responsibility,"{""-5.0"": ""Missing; Unknown"", ""-4.0"": ""Not asked in survey"", ""-3.0"": ""Not applicable"", ""-2.0"": ""No answer"", ""-1.0"": ""Don't know"", ""1.0"": ""People should take more responsibility"", ""2.0"": ""2"", ""3.0"": ""3"", ""4.0"": ""4"", ""5.0"": ""5"", ""6.0"": ""6"", ""7.0"": ""7"", ""8.0"": ""8"", ""9.0"": ""9"", ""10.0"": ""The government should take more responsibility""}",WVS_Time_Series_1981-2022_spss_v5_0.sav,S017,valid substantive responses,0.0,15.8,15.739837144650465,0.9884751662468091,13.800895846449826,17.678778442851105,1500,1500,1500,1366.4216831899291,1500.0003419999998,True,Weighted respondent linearization; approximate
WVS,2011,E035,Should income differences provide incentives for effort?,Market-oriented half of the 1–10 scale,Policy,E035,"[1, 2, 3, 4, 5, 6, 7, 8, 9, 10]","[6, 7, 8, 9, 10]",Income equality,"{""-5.0"": ""Missing; Unknown"", ""-4.0"": ""Not asked"", ""-2.0"": ""No answer"", ""-1.0"": ""Don't know"", ""1.0"": ""Incomes should be made more equal"", ""2.0"": ""2"", ""3.0"": ""3"", ""4.0"": ""4"", ""5.0"": ""5"", ""6.0"": ""6"", ""7.0"": ""7"", ""8.0"": ""8"", ""9.0"": ""9"", ""10.0"": ""We need larger income differences as incentives""}",WVS_Time_Series_1981-2022_spss_v5_0.sav,S017,valid substantive responses,0.0,18.733333333333334,19.13958803617393,1.0751821274375881,17.03056688808427,21.24860918426359,1500,1500,1500,1366.4216831899291,1500.0003419999998,True,Weighted respondent linearization; approximate
WVS,2011,E040,Does hard work bring a better life?,Market-oriented half of the 1–10 scale,Belief,E040,"[1, 2, 3, 4, 5, 6, 7, 8, 9, 10]","[1, 2, 3, 4, 5]",Hard work brings success,"{""-5.0"": ""Missing; Unknown"", ""-4.0"": ""Not asked in survey"", ""-3.0"": ""Not applicable"", ""-2.0"": ""No answer"", ""-1.0"": ""Don't know"", ""1.0"": ""In the long run, hard work usually brings a better life"", ""2.0"": ""2"", ""3.0"": ""3"", ""4.0"": ""4"", ""5.0"": ""5"", ""6.0"": ""6"", ""7.0"": ""7"", ""8.0"": ""8"", ""9.0"": ""9"", ""10.0"": ""Hard work doesn't generally bring success - it's more a matter of luck and connections""}",WVS_Time_Series_1981-2022_spss_v5_0.sav,S017,valid substantive responses,0.0,65.33333333333333,65.13040015026877,1.291887519261551,62.59630101529793,67.66449928523961,1500,1500,1500,1366.4216831899291,1500.0003419999998,True,Weighted respondent linearization; approximate
WVS,2011,E041,Can wealth grow so there is enough for everyone?,Market-oriented half of the 1–10 scale,Belief,E041,"[1, 2, 3, 4, 5, 6, 7, 8, 9, 10]","[6, 7, 8, 9, 10]",Wealth accumulation,"{""-5.0"": ""Missing; Unknown"", ""-4.0"": ""Not asked in survey"", ""-3.0"": ""Not applicable"", ""-2.0"": ""No answer"", ""-1.0"": ""Don't know"", ""1.0"": ""People can only get rich at the expense of others"", ""2.0"": ""2"", ""3.0"": ""3"", ""4.0"": ""4"", ""5.0"": ""5"", ""6.0"": ""6"", ""7.0"": ""7"", ""8.0"": ""8"", ""9.0"": ""9"", ""10.0"": ""Wealth can grow so there's enough for everyone""}",WVS_Time_Series_1981-2022_spss_v5_0.sav,S017,valid substantive responses,0.0,45.8,45.121086979058845,1.3435044890710512,42.4857386899675,47.75643526815019,1500,1500,1500,1366.4216831899291,1500.0003419999998,True,Weighted respondent linearization; approximate
WVS,2011,B008,Should economic growth and jobs take priority over environmental protection?,Choose economic growth and jobs,Policy,B008,"[1, 2, 3]",[2],Protecting environment vs. Economic growth,"{""-5.0"": ""Missing; Unknown"", ""-4.0"": ""Not asked"", ""-2.0"": ""No answer"", ""-1.0"": ""Don't know"", ""1.0"": ""Protecting environment"", ""2.0"": ""Economy growth and creating jobs"", ""3.0"": ""Other answer""}",WVS_Time_Series_1981-2022_spss_v5_0.sav,S017,valid substantive responses,0.0,44.46666666666667,45.01086320418987,1.3478521830417003,42.36698670550916,47.65473970287057,1500,1500,1500,1366.4216831899291,1500.0003419999998,True,Weighted respondent linearization; approximate
WVS,2011,A209,Do older people receive more than their fair share from government?,Strongly agree / agree,Policy,A209,"[1, 2, 3, 4]","[1, 2]",Older people get more than their fair share from the government,"{""-5.0"": ""Missing; Unknown"", ""-4.0"": ""Not asked"", ""-2.0"": ""No answer"", ""-1.0"": ""Don't know"", ""1.0"": ""Strongly agree"", ""2.0"": ""Agree"", ""3.0"": ""Disagree"", ""4.0"": ""Strongly disagree""}",WVS_Time_Series_1981-2022_spss_v5_0.sav,S017,valid substantive responses,0.0,5.533333333333333,5.5890317257007665,0.6274071571629395,4.358342590202407,6.819720861199126,1500,1500,1500,1366.4216831899291,1500.0003419999998,True,Weighted respondent linearization; approximate
WVS,2011,E224,Is taxing the rich to subsidise the poor essential to democracy?,6–10 on essential-to-democracy scale,Democracy concept,E224,"[0, 1, 2, 3, 4, 5, 6, 7, 8, 9, 10]","[6, 7, 8, 9, 10]",Democracy: Governments tax the rich and subsidize the poor.,"{""-5.0"": ""Missing; Unknown"", ""-4.0"": ""Not asked"", ""-2.0"": ""No answer"", ""-1.0"": ""Don't know"", ""0.0"": ""It is against democracy (spontaneous)"", ""1.0"": ""Not an essential characteristic of democracy"", ""2.0"": ""2"", ""3.0"": ""3"", ""4.0"": ""4"", ""5.0"": ""5"", ""6.0"": ""6"", ""7.0"": ""7"", ""8.0"": ""8"", ""9.0"": ""9"", ""10.0"": ""An essential characteristic of democracy""}",WVS_Time_Series_1981-2022_spss_v5_0.sav,S017,valid substantive responses,0.0,78.46666666666667,78.57158655234495,1.0984888301464462,76.41684819258404,80.72632491210587,1500,1500,1500,1366.4216831899291,1500.0003419999998,True,Weighted respondent linearization; approximate
WVS,2011,E227,Is state aid for unemployment essential to democracy?,6–10 on essential-to-democracy scale,Democracy concept,E227,"[0, 1, 2, 3, 4, 5, 6, 7, 8, 9, 10]","[6, 7, 8, 9, 10]",Democracy: People receive state aid for unemployment.,"{""-5.0"": ""Missing; Unknown"", ""-4.0"": ""Not asked"", ""-2.0"": ""No answer"", ""-1.0"": ""Don't know"", ""0.0"": ""It is against democracy (spontaneous)"", ""1.0"": ""Not an essential characteristic of democracy"", ""2.0"": ""2"", ""3.0"": ""3"", ""4.0"": ""4"", ""5.0"": ""5"", ""6.0"": ""6"", ""7.0"": ""7"", ""8.0"": ""8"", ""9.0"": ""9"", ""10.0"": ""An essential characteristic of democracy""}",WVS_Time_Series_1981-2022_spss_v5_0.sav,S017,valid substantive responses,0.0,88.13333333333334,88.19237855880436,0.8675176271499141,86.49070125659685,89.89405586101188,1500,1500,1500,1366.4216831899291,1500.0003419999998,True,Weighted respondent linearization; approximate
WVS,2011,E233A,Is state equalisation of incomes essential to democracy?,6–10 on essential-to-democracy scale,Democracy concept,E233A,"[0, 1, 2, 3, 4, 5, 6, 7, 8, 9, 10]","[6, 7, 8, 9, 10]",Democracy: The state makes people's incomes equal,"{""-5.0"": ""Missing; Unknown"", ""-4.0"": ""Not asked"", ""-2.0"": ""No answer"", ""-1.0"": ""Don't know"", ""0.0"": ""It is against democracy (spontaneous)"", ""1.0"": ""Not an essential characteristic of democracy"", ""2.0"": ""2"", ""3.0"": ""3"", ""4.0"": ""4"", ""5.0"": ""5"", ""6.0"": ""6"", ""7.0"": ""7"", ""8.0"": ""8"", ""9.0"": ""9"", ""10.0"": ""An essential characteristic of democracy""}",WVS_Time_Series_1981-2022_spss_v5_0.sav,S017,valid substantive responses,0.0,78.66666666666667,78.77733090543524,1.0938903448598913,76.63161269442031,80.92304911645016,1500,1500,1500,1366.4216831899291,1500.0003419999998,True,Weighted respondent linearization; approximate
WVS,2011,E069_13,Do you have confidence in major companies?,A great deal / quite a lot,Institutional trust,E069_13,"[1, 2, 3, 4]","[1, 2]",Confidence: Major Companies,"{""-5.0"": ""Missing; Unknown"", ""-4.0"": ""Not asked"", ""-2.0"": ""No answer"", ""-1.0"": ""Don't know"", ""1.0"": ""A great deal"", ""2.0"": ""Quite a lot"", ""3.0"": ""Not very much"", ""4.0"": ""None at all""}",WVS_Time_Series_1981-2022_spss_v5_0.sav,S017,valid substantive responses,0.0,41.2,41.472330810975244,1.3349543347362665,38.85375405839974,44.09090756355075,1500,1500,1500,1366.4216831899291,1500.0003419999998,True,Weighted respondent linearization; approximate
WVS,2011,E069_41,Do you have confidence in banks?,A great deal / quite a lot,Institutional trust,E069_41,"[1, 2, 3, 4]","[1, 2]",Confidence: Banks,"{""-5.0"": ""Missing; Unknown"", ""-4.0"": ""Not asked"", ""-2.0"": ""No answer"", ""-1.0"": ""Don't know"", ""1.0"": ""A great deal"", ""2.0"": ""Quite a lot"", ""3.0"": ""Not very much"", ""4.0"": ""None at all""}",WVS_Time_Series_1981-2022_spss_v5_0.sav,S017,valid substantive responses,0.0,32.53333333333333,32.55609171054443,1.2649254248134294,30.07488001290795,35.037303408180904,1500,1500,1500,1366.4216831899291,1500.0003419999998,True,Weighted respondent linearization; approximate
WVS,2011,E069_05,Do you have confidence in labour unions?,A great deal / quite a lot,Institutional trust,E069_05,"[1, 2, 3, 4]","[1, 2]",Confidence: Labour Unions,"{""-5.0"": ""Missing; Unknown"", ""-4.0"": ""Not asked"", ""-2.0"": ""No answer"", ""-1.0"": ""Don't know"", ""1.0"": ""A great deal"", ""2.0"": ""Quite a lot"", ""3.0"": ""Not very much"", ""4.0"": ""None at all""}",WVS_Time_Series_1981-2022_spss_v5_0.sav,S017,valid substantive responses,0.0,39.6,39.23980398665803,1.3204146106617964,36.64974759800777,41.82986037530829,1500,1500,1500,1366.4216831899291,1500.0003419999998,True,Weighted respondent linearization; approximate
WVS,2011,F114A,Is claiming benefits to which you are not entitled never justifiable?,Never justifiable (1 of 10),Economic norm,F114A,"[1, 2, 3, 4, 5, 6, 7, 8, 9, 10]",[1],Justifiable: Claiming government benefits to which you are not entitled,"{""-5.0"": ""Missing; Not available"", ""-4.0"": ""Not asked in survey"", ""-2.0"": ""No answer"", ""-1.0"": ""Don't know"", ""1.0"": ""Never justifiable"", ""2.0"": ""2"", ""3.0"": ""3"", ""4.0"": ""4"", ""5.0"": ""5"", ""6.0"": ""6"", ""7.0"": ""7"", ""8.0"": ""8"", ""9.0"": ""9"", ""10.0"": ""Always justifiable""}",WVS_Time_Series_1981-2022_spss_v5_0.sav,S017,valid substantive responses,0.0,46.4,46.3800748920096,1.3489251550053503,43.734093707522746,49.02605607649646,1500,1500,1500,1366.4216831899291,1500.0003419999998,True,Weighted respondent linearization; approximate
WVS,2011,F116,Is cheating on taxes never justifiable?,Never justifiable (1 of 10),Economic norm,F116,"[1, 2, 3, 4, 5, 6, 7, 8, 9, 10]",[1],Justifiable: Cheating on taxes,"{""-5.0"": ""Missing; Not available"", ""-4.0"": ""Not asked in survey"", ""-2.0"": ""No answer"", ""-1.0"": ""Don't know"", ""1.0"": ""Never justifiable"", ""2.0"": ""2"", ""3.0"": ""3"", ""4.0"": ""4"", ""5.0"": ""5"", ""6.0"": ""6"", ""7.0"": ""7"", ""8.0"": ""8"", ""9.0"": ""9"", ""10.0"": ""Always justifiable""}",WVS_Time_Series_1981-2022_spss_v5_0.sav,S017,valid substantive responses,0.0,48.733333333333334,48.17699308231225,1.3509073893202852,45.52712365044481,50.826862514179695,1500,1500,1500,1366.4216831899291,1500.0003419999998,True,Weighted respondent linearization; approximate
WVS,2020,E036,Should private ownership of business increase?,Market-oriented half of the 1–10 scale,Policy,E036,"[1, 2, 3, 4, 5, 6, 7, 8, 9, 10]","[1, 2, 3, 4, 5]",Private vs state ownership of business,"{""-5.0"": ""Missing; Unknown"", ""-4.0"": ""Not asked"", ""-2.0"": ""No answer"", ""-1.0"": ""Don't know"", ""1.0"": ""Private ownership of business should be increased"", ""2.0"": ""2"", ""3.0"": ""3"", ""4.0"": ""4"", ""5.0"": ""5"", ""6.0"": ""6"", ""7.0"": ""7"", ""8.0"": ""8"", ""9.0"": ""9"", ""10.0"": ""Government ownership of business should be increased""}",WVS_Time_Series_1981-2022_spss_v5_0.sav,S017,valid substantive responses,12.191849970564528,44.10983170947741,44.26983995841551,1.5016816869583163,41.32382954339356,47.21585037343746,1129,1289,1289,1096.4967827332212,1131.847017,True,Weighted respondent linearization; approximate
WVS,2020,E039,Is competition beneficial?,Market-oriented half of the 1–10 scale,Policy,E039,"[1, 2, 3, 4, 5, 6, 7, 8, 9, 10]","[1, 2, 3, 4, 5]",Competition good or harmful,"{""-5.0"": ""Missing; Unknown"", ""-4.0"": ""Not asked in survey"", ""-3.0"": ""Not applicable"", ""-2.0"": ""No answer"", ""-1.0"": ""Don't know"", ""1.0"": ""Competition is good"", ""2.0"": ""2"", ""3.0"": ""3"", ""4.0"": ""4"", ""5.0"": ""5"", ""6.0"": ""6"", ""7.0"": ""7"", ""8.0"": ""8"", ""9.0"": ""9"", ""10.0"": ""Competition is harmful""}",WVS_Time_Series_1981-2022_spss_v5_0.sav,S017,valid substantive responses,5.7914243935142,73.08641975308642,73.21816834294273,1.2870413660597693,70.69324092196833,75.74309576391714,1215,1289,1289,1180.2599431317558,1214.3485,True,Weighted respondent linearization; approximate
WVS,2020,E037,Should individuals take more responsibility for providing for themselves?,Market-oriented half of the 1–10 scale,Policy,E037,"[1, 2, 3, 4, 5, 6, 7, 8, 9, 10]","[1, 2, 3, 4, 5]",Government responsibility,"{""-5.0"": ""Missing; Unknown"", ""-4.0"": ""Not asked in survey"", ""-3.0"": ""Not applicable"", ""-2.0"": ""No answer"", ""-1.0"": ""Don't know"", ""1.0"": ""People should take more responsibility"", ""2.0"": ""2"", ""3.0"": ""3"", ""4.0"": ""4"", ""5.0"": ""5"", ""6.0"": ""6"", ""7.0"": ""7"", ""8.0"": ""8"", ""9.0"": ""9"", ""10.0"": ""The government should take more responsibility""}",WVS_Time_Series_1981-2022_spss_v5_0.sav,S017,valid substantive responses,3.734636428902016,32.82258064516129,32.862585465046514,1.3572105658226195,30.199999580823597,35.525171349269435,1240,1289,1289,1204.4854211503643,1240.8604959999998,True,Weighted respondent linearization; approximate
WVS,2020,E035,Should income differences provide incentives for effort?,Market-oriented half of the 1–10 scale,Policy,E035,"[1, 2, 3, 4, 5, 6, 7, 8, 9, 10]","[6, 7, 8, 9, 10]",Income equality,"{""-5.0"": ""Missing; Unknown"", ""-4.0"": ""Not asked"", ""-2.0"": ""No answer"", ""-1.0"": ""Don't know"", ""1.0"": ""Incomes should be made more equal"", ""2.0"": ""2"", ""3.0"": ""3"", ""4.0"": ""4"", ""5.0"": ""5"", ""6.0"": ""6"", ""7.0"": ""7"", ""8.0"": ""8"", ""9.0"": ""9"", ""10.0"": ""We need larger income differences as incentives""}",WVS_Time_Series_1981-2022_spss_v5_0.sav,S017,valid substantive responses,4.105036518550442,57.76699029126213,57.74433975303559,1.4256942031441435,54.94740215462453,60.54127735144665,1236,1289,1289,1200.7256883134485,1236.086039,True,Weighted respondent linearization; approximate
WVS,2020,E040,Does hard work bring a better life?,Market-oriented half of the 1–10 scale,Belief,E040,"[1, 2, 3, 4, 5, 6, 7, 8, 9, 10]","[1, 2, 3, 4, 5]",Hard work brings success,"{""-5.0"": ""Missing; Unknown"", ""-4.0"": ""Not asked in survey"", ""-3.0"": ""Not applicable"", ""-2.0"": ""No answer"", ""-1.0"": ""Don't know"", ""1.0"": ""In the long run, hard work usually brings a better life"", ""2.0"": ""2"", ""3.0"": ""3"", ""4.0"": ""4"", ""5.0"": ""5"", ""6.0"": ""6"", ""7.0"": ""7"", ""8.0"": ""8"", ""9.0"": ""9"", ""10.0"": ""Hard work doesn't generally bring success - it's more a matter of luck and connections""}",WVS_Time_Series_1981-2022_spss_v5_0.sav,S017,valid substantive responses,3.375353562269068,58.714859437751,58.617816010861546,1.417667560993291,55.83662513932305,61.399006882400045,1245,1289,1289,1209.8097409611619,1245.4916520000002,True,Weighted respondent linearization; approximate
WVS,2020,B008,Should economic growth and jobs take priority over environmental protection?,Choose economic growth and jobs,Policy,B008,"[1, 2, 3]",[2],Protecting environment vs. Economic growth,"{""-5.0"": ""Missing; Unknown"", ""-4.0"": ""Not asked"", ""-2.0"": ""No answer"", ""-1.0"": ""Don't know"", ""1.0"": ""Protecting environment"", ""2.0"": ""Economy growth and creating jobs"", ""3.0"": ""Other answer""}",WVS_Time_Series_1981-2022_spss_v5_0.sav,S017,valid substantive responses,11.829675870323019,48.68189806678383,49.83682628206368,1.502686745795816,46.888844135063714,52.78480842906365,1138,1289,1289,1108.1874986915443,1136.515441,True,Weighted respondent linearization; approximate
WVS,2020,E224,Is taxing the rich to subsidise the poor essential to democracy?,6–10 on essential-to-democracy scale,Democracy concept,E224,"[0, 1, 2, 3, 4, 5, 6, 7, 8, 9, 10]","[6, 7, 8, 9, 10]",Democracy: Governments tax the rich and subsidize the poor.,"{""-5.0"": ""Missing; Unknown"", ""-4.0"": ""Not asked"", ""-2.0"": ""No answer"", ""-1.0"": ""Don't know"", ""0.0"": ""It is against democracy (spontaneous)"", ""1.0"": ""Not an essential characteristic of democracy"", ""2.0"": ""2"", ""3.0"": ""3"", ""4.0"": ""4"", ""5.0"": ""5"", ""6.0"": ""6"", ""7.0"": ""7"", ""8.0"": ""8"", ""9.0"": ""9"", ""10.0"": ""An essential characteristic of democracy""}",WVS_Time_Series_1981-2022_spss_v5_0.sav,S017,valid substantive responses,7.4423807700387705,75.87939698492463,75.41760106008672,1.2761095301707142,72.91411979688607,77.92108232328738,1194,1289,1289,1162.4079482811399,1193.067673,True,Weighted respondent linearization; approximate
WVS,2020,E227,Is state aid for unemployment essential to democracy?,6–10 on essential-to-democracy scale,Democracy concept,E227,"[0, 1, 2, 3, 4, 5, 6, 7, 8, 9, 10]","[6, 7, 8, 9, 10]",Democracy: People receive state aid for unemployment.,"{""-5.0"": ""Missing; Unknown"", ""-4.0"": ""Not asked"", ""-2.0"": ""No answer"", ""-1.0"": ""Don't know"", ""0.0"": ""It is against democracy (spontaneous)"", ""1.0"": ""Not an essential characteristic of democracy"", ""2.0"": ""2"", ""3.0"": ""3"", ""4.0"": ""4"", ""5.0"": ""5"", ""6.0"": ""6"", ""7.0"": ""7"", ""8.0"": ""8"", ""9.0"": ""9"", ""10.0"": ""An essential characteristic of democracy""}",WVS_Time_Series_1981-2022_spss_v5_0.sav,S017,valid substantive responses,4.586642818183851,86.09756097560975,85.70155821633625,1.0313341613981228,83.67827911049527,87.72483732217724,1230,1289,1289,1195.7205442993586,1229.878134,True,Weighted respondent linearization; approximate
WVS,2020,E233A,Is state equalisation of incomes essential to democracy?,6–10 on essential-to-democracy scale,Democracy concept,E233A,"[0, 1, 2, 3, 4, 5, 6, 7, 8, 9, 10]","[6, 7, 8, 9, 10]",Democracy: The state makes people's incomes equal,"{""-5.0"": ""Missing; Unknown"", ""-4.0"": ""Not asked"", ""-2.0"": ""No answer"", ""-1.0"": ""Don't know"", ""0.0"": ""It is against democracy (spontaneous)"", ""1.0"": ""Not an essential characteristic of democracy"", ""2.0"": ""2"", ""3.0"": ""3"", ""4.0"": ""4"", ""5.0"": ""5"", ""6.0"": ""6"", ""7.0"": ""7"", ""8.0"": ""8"", ""9.0"": ""9"", ""10.0"": ""An essential characteristic of democracy""}",WVS_Time_Series_1981-2022_spss_v5_0.sav,S017,valid substantive responses,6.9320258271102215,77.52715121136174,77.46548192975985,1.2304882088935312,75.05150091737592,79.87946294214377,1197,1289,1289,1162.5344899006145,1199.646148,True,Weighted respondent linearization; approximate
WVS,2020,E069_13,Do you have confidence in major companies?,A great deal / quite a lot,Institutional trust,E069_13,"[1, 2, 3, 4]","[1, 2]",Confidence: Major Companies,"{""-5.0"": ""Missing; Unknown"", ""-4.0"": ""Not asked"", ""-2.0"": ""No answer"", ""-1.0"": ""Don't know"", ""1.0"": ""A great deal"", ""2.0"": ""Quite a lot"", ""3.0"": ""Not very much"", ""4.0"": ""None at all""}",WVS_Time_Series_1981-2022_spss_v5_0.sav,S017,valid substantive responses,20.824003083481855,43.65234375,43.85046692833399,1.572705400158033,40.76512165918346,46.935812197484516,1024,1289,1289,997.5510742642487,1020.578567,True,Weighted respondent linearization; approximate
WVS,2020,E069_41,Do you have confidence in banks?,A great deal / quite a lot,Institutional trust,E069_41,"[1, 2, 3, 4]","[1, 2]",Confidence: Banks,"{""-5.0"": ""Missing; Unknown"", ""-4.0"": ""Not asked"", ""-2.0"": ""No answer"", ""-1.0"": ""Don't know"", ""1.0"": ""A great deal"", ""2.0"": ""Quite a lot"", ""3.0"": ""Not very much"", ""4.0"": ""None at all""}",WVS_Time_Series_1981-2022_spss_v5_0.sav,S017,valid substantive responses,8.457804076980436,33.869602032176125,33.365083986711774,1.387336934011683,30.64339596704793,36.08677200637562,1181,1289,1289,1147.8033393977416,1179.9788669999998,True,Weighted respondent linearization; approximate
WVS,2020,E069_05,Do you have confidence in labour unions?,A great deal / quite a lot,Institutional trust,E069_05,"[1, 2, 3, 4]","[1, 2]",Confidence: Labour Unions,"{""-5.0"": ""Missing; Unknown"", ""-4.0"": ""Not asked"", ""-2.0"": ""No answer"", ""-1.0"": ""Don't know"", ""1.0"": ""A great deal"", ""2.0"": ""Quite a lot"", ""3.0"": ""Not very much"", ""4.0"": ""None at all""}",WVS_Time_Series_1981-2022_spss_v5_0.sav,S017,valid substantive responses,27.719127357799334,28.326180257510728,28.505155398567187,1.5044045565266801,25.553803237570165,31.45650755956421,932,1289,1289,906.0113403854118,931.7004179999999,True,Weighted respondent linearization; approximate
WVS,2020,F114A,Is claiming benefits to which you are not entitled never justifiable?,Never justifiable (1 of 10),Economic norm,F114A,"[1, 2, 3, 4, 5, 6, 7, 8, 9, 10]",[1],Justifiable: Claiming government benefits to which you are not entitled,"{""-5.0"": ""Missing; Not available"", ""-4.0"": ""Not asked in survey"", ""-2.0"": ""No answer"", ""-1.0"": ""Don't know"", ""1.0"": ""Never justifiable"", ""2.0"": ""2"", ""3.0"": ""3"", ""4.0"": ""4"", ""5.0"": ""5"", ""6.0"": ""6"", ""7.0"": ""7"", ""8.0"": ""8"", ""9.0"": ""9"", ""10.0"": ""Always justifiable""}",WVS_Time_Series_1981-2022_spss_v5_0.sav,S017,valid substantive responses,5.744376758156555,43.03380049464138,43.012888632683314,1.4426610194869336,40.18266540650591,45.843111858860716,1213,1289,1289,1178.4844784789166,1214.954944,True,Weighted respondent linearization; approximate
WVS,2020,F116,Is cheating on taxes never justifiable?,Never justifiable (1 of 10),Economic norm,F116,"[1, 2, 3, 4, 5, 6, 7, 8, 9, 10]",[1],Justifiable: Cheating on taxes,"{""-5.0"": ""Missing; Not available"", ""-4.0"": ""Not asked in survey"", ""-2.0"": ""No answer"", ""-1.0"": ""Don't know"", ""1.0"": ""Never justifiable"", ""2.0"": ""2"", ""3.0"": ""3"", ""4.0"": ""4"", ""5.0"": ""5"", ""6.0"": ""6"", ""7.0"": ""7"", ""8.0"": ""8"", ""9.0"": ""9"", ""10.0"": ""Always justifiable""}",WVS_Time_Series_1981-2022_spss_v5_0.sav,S017,valid substantive responses,6.169970798400892,42.1139554087531,41.81601326930042,1.437229832686072,38.99644498619133,44.63558155240951,1211,1289,1289,1177.019634008639,1209.469037,True,Weighted respondent linearization; approximate
EVS,1999,E036,Should private ownership of business increase?,Market-oriented half of the 1–10 scale,Policy,E036,"[1, 2, 3, 4, 5, 6, 7, 8, 9, 10]","[1, 2, 3, 4, 5]",Private vs state ownership of business,"{""-5.0"": ""Missing: Other"", ""-4.0"": ""Not asked in survey"", ""-3.0"": ""Not applicable"", ""-2.0"": ""No answer"", ""-1.0"": ""DonÂ´t know"", ""1.0"": ""Private ownership of business should be increased"", ""2.0"": ""2"", ""3.0"": ""3"", ""4.0"": ""4"", ""5.0"": ""5"", ""6.0"": ""6"", ""7.0"": ""7"", ""8.0"": ""8"", ""9.0"": ""9"", ""10.0"": ""Government ownership of business should be increased""}",ZA7503_v3-0-0.sav,S017,valid substantive responses,14.142646213304255,54.64320625610948,55.2005578209947,1.5929401817647384,52.075284382800376,58.32583125918903,1023,1195,1195,972.1328048673081,1036.01694,True,Weighted respondent linearization; approximate
EVS,1999,E039,Is competition beneficial?,Market-oriented half of the 1–10 scale,Policy,E039,"[1, 2, 3, 4, 5, 6, 7, 8, 9, 10]","[1, 2, 3, 4, 5]",Competition good or harmful,"{""-5.0"": ""Missing: Other"", ""-4.0"": ""Not asked in survey"", ""-3.0"": ""Not applicable"", ""-2.0"": ""No answer"", ""-1.0"": ""DonÂ´t know"", ""1.0"": ""Competition is good"", ""2.0"": ""2"", ""3.0"": ""3"", ""4.0"": ""4"", ""5.0"": ""5"", ""6.0"": ""6"", ""7.0"": ""7"", ""8.0"": ""8"", ""9.0"": ""9"", ""10.0"": ""Competition is harmful""}",ZA7503_v3-0-0.sav,S017,valid substantive responses,7.995048597865417,74.20526793823797,75.27029090208478,1.3097002042499624,72.70072092877575,77.83986087539381,1101,1195,1195,1047.5980048240847,1110.1983,True,Weighted respondent linearization; approximate
EVS,1999,E037,Should individuals take more responsibility for providing for themselves?,Market-oriented half of the 1–10 scale,Policy,E037,"[1, 2, 3, 4, 5, 6, 7, 8, 9, 10]","[1, 2, 3, 4, 5]",Government responsibility,"{""-5.0"": ""Missing: Other"", ""-4.0"": ""Not asked in survey"", ""-3.0"": ""Not applicable"", ""-2.0"": ""No answer"", ""-1.0"": ""DonÂ´t know"", ""1.0"": ""People should take more responsibility"", ""2.0"": ""2"", ""3.0"": ""3"", ""4.0"": ""4"", ""5.0"": ""5"", ""6.0"": ""6"", ""7.0"": ""7"", ""8.0"": ""8"", ""9.0"": ""9"", ""10.0"": ""The government should take more responsibility""}",ZA7503_v3-0-0.sav,S017,valid substantive responses,2.0932898818249335,45.68744662681469,46.41792174336567,1.4961720820265758,43.4825027486955,49.35334073803583,1171,1195,1195,1114.8810037960022,1181.41319,True,Weighted respondent linearization; approximate
EVS,1999,E035,Should income differences provide incentives for effort?,Market-oriented half of the 1–10 scale,Policy,E035,"[1, 2, 3, 4, 5, 6, 7, 8, 9, 10]","[6, 7, 8, 9, 10]",Income equality,"{""-5.0"": ""Missing: Other"", ""-4.0"": ""Not asked in survey"", ""-3.0"": ""Not applicable"", ""-2.0"": ""No answer"", ""-1.0"": ""DonÂ´t know"", ""1.0"": ""Incomes should be made more equal"", ""2.0"": ""2"", ""3.0"": ""3"", ""4.0"": ""4"", ""5.0"": ""5"", ""6.0"": ""6"", ""7.0"": ""7"", ""8.0"": ""8"", ""9.0"": ""9"", ""10.0"": ""We need larger income differences as incentives""}",ZA7503_v3-0-0.sav,S017,valid substantive responses,3.000706057453839,70.43103448275862,69.81635354502467,1.3878333355659462,67.09349005652898,72.53921703352036,1160,1195,1195,1104.0275332543229,1170.46365,True,Weighted respondent linearization; approximate
EVS,1999,E038,Should unemployed people accept any available job?,Market-oriented half of the 1–10 scale,Policy,E038,"[1, 2, 3, 4, 5, 6, 7, 8, 9, 10]","[1, 2, 3, 4, 5]",Job taking of the unemployed,"{""-5.0"": ""Missing: Other"", ""-4.0"": ""Not asked in survey"", ""-3.0"": ""Not applicable"", ""-2.0"": ""No answer"", ""-1.0"": ""DonÂ´t know"", ""1.0"": ""Unemployed should take any job"", ""2.0"": ""2"", ""3.0"": ""3"", ""4.0"": ""4"", ""5.0"": ""5"", ""6.0"": ""6"", ""7.0"": ""7"", ""8.0"": ""8"", ""9.0"": ""9"", ""10.0"": ""Unemployed have a right to refuse a job""}",ZA7503_v3-0-0.sav,S017,valid substantive responses,3.7479287873624423,41.9635099913119,42.31004765847627,1.4952582532211292,39.376421552782986,45.24367376416956,1151,1195,1195,1095.126837252016,1161.4471199999998,True,Weighted respondent linearization; approximate
EVS,1999,E042,Should the state give firms more freedom?,Market-oriented half of the 1–10 scale,Policy,E042,"[1, 2, 3, 4, 5, 6, 7, 8, 9, 10]","[1, 2, 3, 4, 5]",Firms and freedom,"{""-5.0"": ""Missing: Other"", ""-4.0"": ""Not asked in survey"", ""-3.0"": ""Not applicable"", ""-2.0"": ""No answer"", ""-1.0"": ""DonÂ´t know"", ""1.0"": ""State should give more freedom to firms"", ""2.0"": ""2"", ""3.0"": ""3"", ""4.0"": ""4"", ""5.0"": ""5"", ""6.0"": ""6"", ""7.0"": ""7"", ""8.0"": ""8"", ""9.0"": ""9"", ""10.0"": ""State should control firms more effectively""}",ZA7503_v3-0-0.sav,S017,valid substantive responses,7.281762172488349,55.013550135501355,55.34384788817551,1.5302513068698451,52.34156706315154,58.346128713199484,1107,1195,1195,1053.096001992309,1118.80533,True,Weighted respondent linearization; approximate
EVS,1999,B001,Would you give part of your income to protect the environment?,Strongly agree / agree,Policy,B001,"[1, 2, 3, 4]","[1, 2]",Would give part of my income for the environment (4-point scale),"{""-5.0"": ""Missing: Other"", ""-4.0"": ""Not asked in survey"", ""-3.0"": ""Not applicable"", ""-2.0"": ""No answer"", ""-1.0"": ""DonÂ´t know"", ""1.0"": ""Strongly agree"", ""2.0"": ""Agree"", ""3.0"": ""Disagree"", ""4.0"": ""Strongly disagree""}",ZA7503_v3-0-0.sav,S017,valid substantive responses,8.638677339699342,63.095238095238095,62.3066555018945,1.5089023213666675,59.34626037859948,65.26705062518951,1092,1195,1195,1038.973557434073,1102.43181,True,Weighted respondent linearization; approximate
EVS,1999,B002,Would you accept higher taxes to prevent environmental pollution?,Strongly agree / agree,Policy,B002,"[1, 2, 3, 4]","[1, 2]",Increase in taxes if used to prevent environmental pollution,"{""-5.0"": ""Missing: Other"", ""-4.0"": ""Not asked in survey"", ""-3.0"": ""Not applicable"", ""-2.0"": ""No answer"", ""-1.0"": ""DonÂ´t know"", ""1.0"": ""Strongly agree"", ""2.0"": ""Agree"", ""3.0"": ""Disagree"", ""4.0"": ""Strongly disagree""}",ZA7503_v3-0-0.sav,S017,valid substantive responses,11.698057154438446,50.75757575757576,49.528767832032266,1.5779127782841,46.43297745006359,52.62455821400094,1056,1195,1195,1004.4144485364932,1065.51512,True,Weighted respondent linearization; approximate
EVS,1999,B003,Should government reduce pollution without costing you money?,Strongly agree / agree,Policy,B003,"[1, 2, 3, 4]","[1, 2]",Government should reduce environmental pollution,"{""-5.0"": ""Missing: Other"", ""-4.0"": ""Not asked in survey"", ""-3.0"": ""Not applicable"", ""-2.0"": ""No answer"", ""-1.0"": ""DonÂ´t know"", ""1.0"": ""Strongly agree"", ""2.0"": ""Agree"", ""3.0"": ""Disagree"", ""4.0"": ""Strongly disagree""}",ZA7503_v3-0-0.sav,S017,valid substantive responses,9.337744494914002,80.62730627306273,80.69404179736027,1.230892692673498,78.27908844147329,83.10899515324725,1084,1195,1195,1032.2303612788671,1093.99636,True,Weighted respondent linearization; approximate
EVS,1999,C059,Is higher pay fair for a more efficient and reliable secretary?,Fair,Belief,C059,"[0, 1]",[1],Fairness: One secretary is paid more,"{""-5.0"": ""Missing: Other"", ""-4.0"": ""Not asked in survey"", ""-3.0"": ""Not applicable"", ""-2.0"": ""No answer"", ""-1.0"": ""DonÂ´t know"", ""0.0"": ""Not fair"", ""1.0"": ""Fair""}",ZA7503_v3-0-0.sav,S017,valid substantive responses,4.371209006083632,91.60104986876641,91.78830912553099,0.8212124943892302,90.17712897877578,93.39948927228619,1143,1195,1195,1087.5981550608158,1153.9261699999997,True,Weighted respondent linearization; approximate
EVS,1999,E069_13,Do you have confidence in major companies?,A great deal / quite a lot,Institutional trust,E069_13,"[1, 2, 3, 4]","[1, 2]",Confidence: Major Companies,"{""-5.0"": ""Missing: Other"", ""-4.0"": ""Not asked in survey"", ""-3.0"": ""Not applicable"", ""-2.0"": ""No answer"", ""-1.0"": ""DonÂ´t know"", ""1.0"": ""A great deal"", ""2.0"": ""Quite a lot"", ""3.0"": ""Not very much"", ""4.0"": ""None at all""}",ZA7503_v3-0-0.sav,S017,valid substantive responses,26.596956718175868,21.142857142857142,21.4072252960939,1.4327985919118418,18.596142097336564,24.218308494851232,875,1195,1195,830.568368858553,885.7342199999999,True,Weighted respondent linearization; approximate
EVS,1999,E069_05,Do you have confidence in labour unions?,A great deal / quite a lot,Institutional trust,E069_05,"[1, 2, 3, 4]","[1, 2]",Confidence: Labour Unions,"{""-5.0"": ""Missing: Other"", ""-4.0"": ""Not asked in survey"", ""-3.0"": ""Not applicable"", ""-2.0"": ""No answer"", ""-1.0"": ""DonÂ´t know"", ""1.0"": ""A great deal"", ""2.0"": ""Quite a lot"", ""3.0"": ""Not very much"", ""4.0"": ""None at all""}",ZA7503_v3-0-0.sav,S017,valid substantive responses,10.677666648097684,38.13084112149533,37.64239205203718,1.5134749308065438,34.67302568488174,40.61175841919262,1070,1195,1195,1017.4523237567385,1077.82789,True,Weighted respondent linearization; approximate
EVS,1999,E069_09,Do you have confidence in the social security system?,A great deal / quite a lot,Institutional trust,E069_09,"[1, 2, 3, 4]","[1, 2]",Confidence: Social Security System,"{""-5.0"": ""Missing: Other"", ""-4.0"": ""Not asked in survey"", ""-3.0"": ""Not applicable"", ""-2.0"": ""No answer"", ""-1.0"": ""DonÂ´t know"", ""1.0"": ""A great deal"", ""2.0"": ""Quite a lot"", ""3.0"": ""Not very much"", ""4.0"": ""None at all""}",ZA7503_v3-0-0.sav,S017,valid substantive responses,8.382607825418454,45.07299270072993,44.071334536318886,1.5332540105723573,41.06316254838016,47.07950652425761,1096,1195,1195,1043.5286926858416,1105.52173,True,Weighted respondent linearization; approximate
EVS,1999,F116,Is cheating on taxes never justifiable?,Never justifiable (1 of 10),Economic norm,F116,"[1, 2, 3, 4, 5, 6, 7, 8, 9, 10]",[1],Justifiable: Cheating on taxes,"{""-5.0"": ""Missing: Other"", ""-4.0"": ""Not asked in survey"", ""-3.0"": ""Not applicable"", ""-2.0"": ""No answer"", ""-1.0"": ""DonÂ´t know"", ""1.0"": ""Never justifiable"", ""2.0"": ""2"", ""3.0"": ""3"", ""4.0"": ""4"", ""5.0"": ""5"", ""6.0"": ""6"", ""7.0"": ""7"", ""8.0"": ""8"", ""9.0"": ""9"", ""10.0"": ""Always justifiable""}",ZA7503_v3-0-0.sav,S017,valid substantive responses,7.271262221855512,40.958408679927665,40.63425818635293,1.5112068060346484,37.66934177292787,43.59917459977799,1106,1195,1195,1052.310880824795,1118.93203,True,Weighted respondent linearization; approximate
EVS,1999,F114,Is claiming government benefits never justifiable (earlier item)?,Never justifiable (1 of 10),Economic norm,F114,"[1, 2, 3, 4, 5, 6, 7, 8, 9, 10]",[1],Justifiable: Claiming government benefits,"{""-5.0"": ""Missing: Other"", ""-4.0"": ""Not asked in survey"", ""-3.0"": ""Not applicable"", ""-2.0"": ""No answer"", ""-1.0"": ""DonÂ´t know"", ""1.0"": ""Never justifiable"", ""2.0"": ""2"", ""3.0"": ""3"", ""4.0"": ""4"", ""5.0"": ""5"", ""6.0"": ""6"", ""7.0"": ""7"", ""8.0"": ""8"", ""9.0"": ""9"", ""10.0"": ""Always justifiable""}",ZA7503_v3-0-0.sav,S017,valid substantive responses,6.955505419143016,48.56115107913669,47.715636727926274,1.5340915744484989,44.705821479201695,50.72545197665085,1112,1195,1195,1058.8757885727346,1122.7421799999997,True,Weighted respondent linearization; approximate
EVS,2008,E036,Should private ownership of business increase?,Market-oriented half of the 1–10 scale,Policy,E036,"[1, 2, 3, 4, 5, 6, 7, 8, 9, 10]","[1, 2, 3, 4, 5]",Private vs state ownership of business,"{""-5.0"": ""Missing: Other"", ""-4.0"": ""Not asked in survey"", ""-3.0"": ""Not applicable"", ""-2.0"": ""No answer"", ""-1.0"": ""DonÂ´t know"", ""1.0"": ""Private ownership of business should be increased"", ""2.0"": ""2"", ""3.0"": ""3"", ""4.0"": ""4"", ""5.0"": ""5"", ""6.0"": ""6"", ""7.0"": ""7"", ""8.0"": ""8"", ""9.0"": ""9"", ""10.0"": ""Government ownership of business should be increased""}",ZA7503_v3-0-0.sav,S017,valid substantive responses,10.4682208707354,38.92617449664429,40.5025548018941,1.3800987509818172,37.79543528643062,43.20967431735758,1341,1507,1507,1282.0932292663986,1349.2439114780175,True,Weighted respondent linearization; approximate
EVS,2008,E039,Is competition beneficial?,Market-oriented half of the 1–10 scale,Policy,E039,"[1, 2, 3, 4, 5, 6, 7, 8, 9, 10]","[1, 2, 3, 4, 5]",Competition good or harmful,"{""-5.0"": ""Missing: Other"", ""-4.0"": ""Not asked in survey"", ""-3.0"": ""Not applicable"", ""-2.0"": ""No answer"", ""-1.0"": ""DonÂ´t know"", ""1.0"": ""Competition is good"", ""2.0"": ""2"", ""3.0"": ""3"", ""4.0"": ""4"", ""5.0"": ""5"", ""6.0"": ""6"", ""7.0"": ""7"", ""8.0"": ""8"", ""9.0"": ""9"", ""10.0"": ""Competition is harmful""}",ZA7503_v3-0-0.sav,S017,valid substantive responses,7.56219910151138,67.50902527075812,67.97214784378207,1.2769767897717779,65.46730622579945,70.47698946176469,1385,1507,1507,1324.371540559793,1393.0376595402238,True,Weighted respondent linearization; approximate
EVS,2008,E037,Should individuals take more responsibility for providing for themselves?,Market-oriented half of the 1–10 scale,Policy,E037,"[1, 2, 3, 4, 5, 6, 7, 8, 9, 10]","[1, 2, 3, 4, 5]",Government responsibility,"{""-5.0"": ""Missing: Other"", ""-4.0"": ""Not asked in survey"", ""-3.0"": ""Not applicable"", ""-2.0"": ""No answer"", ""-1.0"": ""DonÂ´t know"", ""1.0"": ""People should take more responsibility"", ""2.0"": ""2"", ""3.0"": ""3"", ""4.0"": ""4"", ""5.0"": ""5"", ""6.0"": ""6"", ""7.0"": ""7"", ""8.0"": ""8"", ""9.0"": ""9"", ""10.0"": ""The government should take more responsibility""}",ZA7503_v3-0-0.sav,S017,valid substantive responses,1.2624032439968014,48.8231338264963,49.129990048660744,1.3260202810612667,46.52894763904507,51.73103245827642,1487,1507,1507,1422.7146217571867,1487.9755831129683,True,Weighted respondent linearization; approximate
EVS,2008,E035,Should income differences provide incentives for effort?,Market-oriented half of the 1–10 scale,Policy,E035,"[1, 2, 3, 4, 5, 6, 7, 8, 9, 10]","[6, 7, 8, 9, 10]",Income equality,"{""-5.0"": ""Missing: Other"", ""-4.0"": ""Not asked in survey"", ""-3.0"": ""Not applicable"", ""-2.0"": ""No answer"", ""-1.0"": ""DonÂ´t know"", ""1.0"": ""Incomes should be made more equal"", ""2.0"": ""2"", ""3.0"": ""3"", ""4.0"": ""4"", ""5.0"": ""5"", ""6.0"": ""6"", ""7.0"": ""7"", ""8.0"": ""8"", ""9.0"": ""9"", ""10.0"": ""We need larger income differences as incentives""}",ZA7503_v3-0-0.sav,S017,valid substantive responses,1.8667048775572348,75.86206896551724,76.23274824901355,1.1247134207509892,74.02657738736134,78.43891911066576,1479,1507,1507,1415.0764022704343,1478.8687574952125,True,Weighted respondent linearization; approximate
EVS,2008,E038,Should unemployed people accept any available job?,Market-oriented half of the 1–10 scale,Policy,E038,"[1, 2, 3, 4, 5, 6, 7, 8, 9, 10]","[1, 2, 3, 4, 5]",Job taking of the unemployed,"{""-5.0"": ""Missing: Other"", ""-4.0"": ""Not asked in survey"", ""-3.0"": ""Not applicable"", ""-2.0"": ""No answer"", ""-1.0"": ""DonÂ´t know"", ""1.0"": ""Unemployed should take any job"", ""2.0"": ""2"", ""3.0"": ""3"", ""4.0"": ""4"", ""5.0"": ""5"", ""6.0"": ""6"", ""7.0"": ""7"", ""8.0"": ""8"", ""9.0"": ""9"", ""10.0"": ""Unemployed have a right to refuse a job""}",ZA7503_v3-0-0.sav,S017,valid substantive responses,2.5571038729322204,43.92905866302865,43.71675625557098,1.324311379655024,41.11906592517685,46.31444658596511,1466,1507,1507,1402.5537966931026,1468.4644446349114,True,Weighted respondent linearization; approximate
EVS,2008,E042,Should the state give firms more freedom?,Market-oriented half of the 1–10 scale,Policy,E042,"[1, 2, 3, 4, 5, 6, 7, 8, 9, 10]","[1, 2, 3, 4, 5]",Firms and freedom,"{""-5.0"": ""Missing: Other"", ""-4.0"": ""Not asked in survey"", ""-3.0"": ""Not applicable"", ""-2.0"": ""No answer"", ""-1.0"": ""DonÂ´t know"", ""1.0"": ""State should give more freedom to firms"", ""2.0"": ""2"", ""3.0"": ""3"", ""4.0"": ""4"", ""5.0"": ""5"", ""6.0"": ""6"", ""7.0"": ""7"", ""8.0"": ""8"", ""9.0"": ""9"", ""10.0"": ""State should control firms more effectively""}",ZA7503_v3-0-0.sav,S017,valid substantive responses,4.577361513870082,34.540389972144844,35.44038915624964,1.2993960893080614,32.89157117552159,37.98920713697768,1436,1507,1507,1373.7370297673708,1438.019161985978,True,Weighted respondent linearization; approximate
EVS,2008,B001,Would you give part of your income to protect the environment?,Strongly agree / agree,Policy,B001,"[1, 2, 3, 4]","[1, 2]",Would give part of my income for the environment (4-point scale),"{""-5.0"": ""Missing: Other"", ""-4.0"": ""Not asked in survey"", ""-3.0"": ""Not applicable"", ""-2.0"": ""No answer"", ""-1.0"": ""DonÂ´t know"", ""1.0"": ""Strongly agree"", ""2.0"": ""Agree"", ""3.0"": ""Disagree"", ""4.0"": ""Strongly disagree""}",ZA7503_v3-0-0.sav,S017,valid substantive responses,9.653999256813284,77.86764705882354,78.38433285121113,1.132364843628672,76.16315341413741,80.60551228828484,1360,1507,1507,1300.9817413384578,1361.5142311998238,True,Weighted respondent linearization; approximate
EVS,2008,E069_13,Do you have confidence in major companies?,A great deal / quite a lot,Institutional trust,E069_13,"[1, 2, 3, 4]","[1, 2]",Confidence: Major Companies,"{""-5.0"": ""Missing: Other"", ""-4.0"": ""Not asked in survey"", ""-3.0"": ""Not applicable"", ""-2.0"": ""No answer"", ""-1.0"": ""DonÂ´t know"", ""1.0"": ""A great deal"", ""2.0"": ""Quite a lot"", ""3.0"": ""Not very much"", ""4.0"": ""None at all""}",ZA7503_v3-0-0.sav,S017,valid substantive responses,20.35034034111163,24.769101595298068,24.899209770613524,1.2834870339591948,22.381598045363113,27.416821495863935,1191,1507,1507,1138.318806204566,1200.3203710594476,True,Weighted respondent linearization; approximate
EVS,2008,E069_05,Do you have confidence in labour unions?,A great deal / quite a lot,Institutional trust,E069_05,"[1, 2, 3, 4]","[1, 2]",Confidence: Labour Unions,"{""-5.0"": ""Missing: Other"", ""-4.0"": ""Not asked in survey"", ""-3.0"": ""Not applicable"", ""-2.0"": ""No answer"", ""-1.0"": ""DonÂ´t know"", ""1.0"": ""A great deal"", ""2.0"": ""Quite a lot"", ""3.0"": ""Not very much"", ""4.0"": ""None at all""}",ZA7503_v3-0-0.sav,S017,valid substantive responses,16.697535088333737,37.92828685258964,37.166241978832964,1.3898462651775867,34.44000232005521,39.89248163761072,1255,1507,1507,1198.895375448755,1255.3681462188106,True,Weighted respondent linearization; approximate
EVS,2008,E069_09,Do you have confidence in the social security system?,A great deal / quite a lot,Institutional trust,E069_09,"[1, 2, 3, 4]","[1, 2]",Confidence: Social Security System,"{""-5.0"": ""Missing: Other"", ""-4.0"": ""Not asked in survey"", ""-3.0"": ""Not applicable"", ""-2.0"": ""No answer"", ""-1.0"": ""DonÂ´t know"", ""1.0"": ""A great deal"", ""2.0"": ""Quite a lot"", ""3.0"": ""Not very much"", ""4.0"": ""None at all""}",ZA7503_v3-0-0.sav,S017,valid substantive responses,8.545105710316314,49.818709209572155,48.96471073039885,1.3765715654938997,46.26450993192009,51.66491152887761,1379,1507,1507,1318.5755003508602,1378.2252569455331,True,Weighted respondent linearization; approximate
EVS,2008,F116,Is cheating on taxes never justifiable?,Never justifiable (1 of 10),Economic norm,F116,"[1, 2, 3, 4, 5, 6, 7, 8, 9, 10]",[1],Justifiable: Cheating on taxes,"{""-5.0"": ""Missing: Other"", ""-4.0"": ""Not asked in survey"", ""-3.0"": ""Not applicable"", ""-2.0"": ""No answer"", ""-1.0"": ""DonÂ´t know"", ""1.0"": ""Never justifiable"", ""2.0"": ""2"", ""3.0"": ""3"", ""4.0"": ""4"", ""5.0"": ""5"", ""6.0"": ""6"", ""7.0"": ""7"", ""8.0"": ""8"", ""9.0"": ""9"", ""10.0"": ""Always justifiable""}",ZA7503_v3-0-0.sav,S017,valid substantive responses,5.9189317297099535,61.908127208480565,60.39142191526214,1.33861710522872,57.765670325587934,63.01717350493635,1415,1507,1507,1353.4298503110506,1417.8016988332708,True,Weighted respondent linearization; approximate
EVS,2008,F114,Is claiming government benefits never justifiable (earlier item)?,Never justifiable (1 of 10),Economic norm,F114,"[1, 2, 3, 4, 5, 6, 7, 8, 9, 10]",[1],Justifiable: Claiming government benefits,"{""-5.0"": ""Missing: Other"", ""-4.0"": ""Not asked in survey"", ""-3.0"": ""Not applicable"", ""-2.0"": ""No answer"", ""-1.0"": ""DonÂ´t know"", ""1.0"": ""Never justifiable"", ""2.0"": ""2"", ""3.0"": ""3"", ""4.0"": ""4"", ""5.0"": ""5"", ""6.0"": ""6"", ""7.0"": ""7"", ""8.0"": ""8"", ""9.0"": ""9"", ""10.0"": ""Always justifiable""}",ZA7503_v3-0-0.sav,S017,valid substantive responses,6.112792946555256,66.05374823196605,65.26240836671874,1.3020479187077716,62.70838871537508,67.81642801806241,1414,1507,1507,1352.3617207008058,1414.8802102954123,True,Weighted respondent linearization; approximate
EVS,2020,E036,Should private ownership of business increase?,Market-oriented half of the 1–10 scale,Policy,E036,"[1, 2, 3, 4, 5, 6, 7, 8, 9, 10]","[1, 2, 3, 4, 5]",Private vs state ownership of business,"{""-5.0"": ""Missing: Other"", ""-4.0"": ""Not asked in survey"", ""-3.0"": ""Not applicable"", ""-2.0"": ""No answer"", ""-1.0"": ""DonÂ´t know"", ""1.0"": ""Private ownership of business should be increased"", ""2.0"": ""2"", ""3.0"": ""3"", ""4.0"": ""4"", ""5.0"": ""5"", ""6.0"": ""6"", ""7.0"": ""7"", ""8.0"": ""8"", ""9.0"": ""9"", ""10.0"": ""Government ownership of business should be increased""}",ZA7503_v3-0-0.sav,S017,valid substantive responses,14.972745099757546,45.08710801393728,40.13741132560869,3.2203977815401914,33.8208019705167,46.45402068070068,1435,1612,1612,221.68043020421408,1400.957821228969,True,Weighted respondent linearization; approximate
EVS,2020,E039,Is competition beneficial?,Market-oriented half of the 1–10 scale,Policy,E039,"[1, 2, 3, 4, 5, 6, 7, 8, 9, 10]","[1, 2, 3, 4, 5]",Competition good or harmful,"{""-5.0"": ""Missing: Other"", ""-4.0"": ""Not asked in survey"", ""-3.0"": ""Not applicable"", ""-2.0"": ""No answer"", ""-1.0"": ""DonÂ´t know"", ""1.0"": ""Competition is good"", ""2.0"": ""2"", ""3.0"": ""3"", ""4.0"": ""4"", ""5.0"": ""5"", ""6.0"": ""6"", ""7.0"": ""7"", ""8.0"": ""8"", ""9.0"": ""9"", ""10.0"": ""Competition is harmful""}",ZA7503_v3-0-0.sav,S017,valid substantive responses,3.660604049284766,72.9518855656697,65.9657324403444,3.1578969786063524,59.771714511310286,72.1597503693785,1538,1612,1612,238.72714010387207,1587.3431455358445,True,Weighted respondent linearization; approximate
EVS,2020,E037,Should individuals take more responsibility for providing for themselves?,Market-oriented half of the 1–10 scale,Policy,E037,"[1, 2, 3, 4, 5, 6, 7, 8, 9, 10]","[1, 2, 3, 4, 5]",Government responsibility,"{""-5.0"": ""Missing: Other"", ""-4.0"": ""Not asked in survey"", ""-3.0"": ""Not applicable"", ""-2.0"": ""No answer"", ""-1.0"": ""DonÂ´t know"", ""1.0"": ""People should take more responsibility"", ""2.0"": ""2"", ""3.0"": ""3"", ""4.0"": ""4"", ""5.0"": ""5"", ""6.0"": ""6"", ""7.0"": ""7"", ""8.0"": ""8"", ""9.0"": ""9"", ""10.0"": ""The government should take more responsibility""}",ZA7503_v3-0-0.sav,S017,valid substantive responses,2.451689021140635,50.0,45.11949591836309,3.171956767021527,38.89790059142399,51.341091245302195,1572,1612,1612,242.36934831243087,1607.2619229427694,True,Weighted respondent linearization; approximate
EVS,2020,E035,Should income differences provide incentives for effort?,Market-oriented half of the 1–10 scale,Policy,E035,"[1, 2, 3, 4, 5, 6, 7, 8, 9, 10]","[6, 7, 8, 9, 10]",Income equality,"{""-5.0"": ""Missing: Other"", ""-4.0"": ""Not asked in survey"", ""-3.0"": ""Not applicable"", ""-2.0"": ""No answer"", ""-1.0"": ""DonÂ´t know"", ""1.0"": ""Incomes should be made more equal"", ""2.0"": ""2"", ""3.0"": ""3"", ""4.0"": ""4"", ""5.0"": ""5"", ""6.0"": ""6"", ""7.0"": ""7"", ""8.0"": ""8"", ""9.0"": ""9"", ""10.0"": ""We need larger income differences as incentives""}",ZA7503_v3-0-0.sav,S017,valid substantive responses,2.8494303032530865,63.82165605095541,63.40615960492593,3.0682216735548775,57.388034192665934,69.42428501718592,1570,1612,1612,240.74221638269907,1600.7085094442996,True,Weighted respondent linearization; approximate
EVS,2020,E038,Should unemployed people accept any available job?,Market-oriented half of the 1–10 scale,Policy,E038,"[1, 2, 3, 4, 5, 6, 7, 8, 9, 10]","[1, 2, 3, 4, 5]",Job taking of the unemployed,"{""-5.0"": ""Missing: Other"", ""-4.0"": ""Not asked in survey"", ""-3.0"": ""Not applicable"", ""-2.0"": ""No answer"", ""-1.0"": ""DonÂ´t know"", ""1.0"": ""Unemployed should take any job"", ""2.0"": ""2"", ""3.0"": ""3"", ""4.0"": ""4"", ""5.0"": ""5"", ""6.0"": ""6"", ""7.0"": ""7"", ""8.0"": ""8"", ""9.0"": ""9"", ""10.0"": ""Unemployed have a right to refuse a job""}",ZA7503_v3-0-0.sav,S017,valid substantive responses,4.810791480980969,50.48418334409296,46.61592979938788,3.215384772917903,40.30915314798927,52.922706450786485,1549,1612,1612,237.6681595557797,1568.391997692667,True,Weighted respondent linearization; approximate
EVS,2020,B008,Should economic growth and jobs take priority over environmental protection?,Choose economic growth and jobs,Policy,B008,"[1, 2, 3]",[2],Protecting environment vs. Economic growth,"{""-5.0"": ""Missing: Other"", ""-4.0"": ""Not asked in survey"", ""-3.0"": ""Not applicable"", ""-2.0"": ""No answer"", ""-1.0"": ""DonÂ´t know"", ""1.0"": ""Protecting environment"", ""2.0"": ""Economy growth and creating jobs"", ""3.0"": ""Other answer""}",ZA7503_v3-0-0.sav,S017,valid substantive responses,17.014297101949616,44.15395787944808,37.394736422445824,3.298049202580727,30.92581864899868,43.86365419589297,1377,1612,1612,207.09037820182738,1367.3200394580265,True,Weighted respondent linearization; approximate
EVS,2020,E224,Is taxing the rich to subsidise the poor essential to democracy?,6–10 on essential-to-democracy scale,Democracy concept,E224,"[0, 1, 2, 3, 4, 5, 6, 7, 8, 9, 10]","[6, 7, 8, 9, 10]",Democracy: Governments tax the rich and subsidize the poor.,"{""-5.0"": ""Missing: Other"", ""-4.0"": ""Not asked in survey"", ""-3.0"": ""Not applicable"", ""-2.0"": ""No answer"", ""-1.0"": ""DonÂ´t know"", ""0.0"": ""It is against democracy (spontaneous)"", ""1.0"": ""Not an essential characteristic of democracy"", ""2.0"": ""2"", ""3.0"": ""3"", ""4.0"": ""4"", ""5.0"": ""5"", ""6.0"": ""6"", ""7.0"": ""7"", ""8.0"": ""8"", ""9.0"": ""9"", ""10.0"": ""An essential characteristic of democracy""}",ZA7503_v3-0-0.sav,S017,valid substantive responses,13.66633137017007,75.1834556370914,78.76807484925789,2.576182474775033,73.71505363123761,83.82109606727816,1499,1612,1612,226.1589846605305,1422.483043163674,True,Weighted respondent linearization; approximate
EVS,2020,E227,Is state aid for unemployment essential to democracy?,6–10 on essential-to-democracy scale,Democracy concept,E227,"[0, 1, 2, 3, 4, 5, 6, 7, 8, 9, 10]","[6, 7, 8, 9, 10]",Democracy: People receive state aid for unemployment.,"{""-5.0"": ""Missing: Other"", ""-4.0"": ""Not asked in survey"", ""-3.0"": ""Not applicable"", ""-2.0"": ""No answer"", ""-1.0"": ""DonÂ´t know"", ""0.0"": ""It is against democracy (spontaneous)"", ""1.0"": ""Not an essential characteristic of democracy"", ""2.0"": ""2"", ""3.0"": ""3"", ""4.0"": ""4"", ""5.0"": ""5"", ""6.0"": ""6"", ""7.0"": ""7"", ""8.0"": ""8"", ""9.0"": ""9"", ""10.0"": ""An essential characteristic of democracy""}",ZA7503_v3-0-0.sav,S017,valid substantive responses,8.060391503258968,83.48329048843188,83.91161062738232,2.2955379658419894,79.40905610659527,88.41416514816936,1556,1612,1612,236.7284199258586,1514.8497238368611,True,Weighted respondent linearization; approximate
EVS,2020,E233A,Is state equalisation of incomes essential to democracy?,6–10 on essential-to-democracy scale,Democracy concept,E233A,"[0, 1, 2, 3, 4, 5, 6, 7, 8, 9, 10]","[6, 7, 8, 9, 10]",Democracy: The state makes people's incomes equal,"{""-5.0"": ""Missing: Other"", ""-4.0"": ""Not asked in survey"", ""-3.0"": ""Not applicable"", ""-2.0"": ""No answer"", ""-1.0"": ""DonÂ´t know"", ""0.0"": ""It is against democracy (spontaneous)"", ""1.0"": ""Not an essential characteristic of democracy"", ""2.0"": ""2"", ""3.0"": ""3"", ""4.0"": ""4"", ""5.0"": ""5"", ""6.0"": ""6"", ""7.0"": ""7"", ""8.0"": ""8"", ""9.0"": ""9"", ""10.0"": ""An essential characteristic of democracy""}",ZA7503_v3-0-0.sav,S017,valid substantive responses,9.173076294304572,72.18543046357615,74.85916947640558,2.7211012649321478,69.52189909175061,80.19643986106055,1510,1612,1612,232.74313500804334,1496.5164910116132,True,Weighted respondent linearization; approximate
EVS,2020,E069_13,Do you have confidence in major companies?,A great deal / quite a lot,Institutional trust,E069_13,"[1, 2, 3, 4]","[1, 2]",Confidence: Major Companies,"{""-5.0"": ""Missing: Other"", ""-4.0"": ""Not asked in survey"", ""-3.0"": ""Not applicable"", ""-2.0"": ""No answer"", ""-1.0"": ""DonÂ´t know"", ""1.0"": ""A great deal"", ""2.0"": ""Quite a lot"", ""3.0"": ""Not very much"", ""4.0"": ""None at all""}",ZA7503_v3-0-0.sav,S017,valid substantive responses,16.753467413042845,31.710808876163206,31.541246387515205,3.1803521250973104,25.303184089425883,37.779308685604526,1397,1612,1612,209.8315072592694,1371.6176190177966,True,Weighted respondent linearization; approximate
EVS,2020,E069_05,Do you have confidence in labour unions?,A great deal / quite a lot,Institutional trust,E069_05,"[1, 2, 3, 4]","[1, 2]",Confidence: Labour Unions,"{""-5.0"": ""Missing: Other"", ""-4.0"": ""Not asked in survey"", ""-3.0"": ""Not applicable"", ""-2.0"": ""No answer"", ""-1.0"": ""DonÂ´t know"", ""1.0"": ""A great deal"", ""2.0"": ""Quite a lot"", ""3.0"": ""Not very much"", ""4.0"": ""None at all""}",ZA7503_v3-0-0.sav,S017,valid substantive responses,14.603222547420192,36.291486291486294,37.509868176993926,3.337788379021025,30.963004487950485,44.05673186603737,1386,1612,1612,208.60244905452956,1407.046286750111,True,Weighted respondent linearization; approximate
EVS,2020,E069_09,Do you have confidence in the social security system?,A great deal / quite a lot,Institutional trust,E069_09,"[1, 2, 3, 4]","[1, 2]",Confidence: Social Security System,"{""-5.0"": ""Missing: Other"", ""-4.0"": ""Not asked in survey"", ""-3.0"": ""Not applicable"", ""-2.0"": ""No answer"", ""-1.0"": ""DonÂ´t know"", ""1.0"": ""A great deal"", ""2.0"": ""Quite a lot"", ""3.0"": ""Not very much"", ""4.0"": ""None at all""}",ZA7503_v3-0-0.sav,S017,valid substantive responses,6.783090842223394,41.82410423452769,43.29033496663624,3.2048556430290476,37.0042105466912,49.57645938658128,1535,1612,1612,238.00793492380677,1535.8952621555823,True,Weighted respondent linearization; approximate
EVS,2020,F114A,Is claiming benefits to which you are not entitled never justifiable?,Never justifiable (1 of 10),Economic norm,F114A,"[1, 2, 3, 4, 5, 6, 7, 8, 9, 10]",[1],Justifiable: Claiming government benefits to which you are not entitled,"{""-5.0"": ""Missing: Other"", ""-4.0"": ""Not asked in survey"", ""-3.0"": ""Not applicable"", ""-2.0"": ""No answer"", ""-1.0"": ""DonÂ´t know"", ""1.0"": ""Never justifiable"", ""2.0"": ""2"", ""3.0"": ""3"", ""4.0"": ""4"", ""5.0"": ""5"", ""6.0"": ""6"", ""7.0"": ""7"", ""8.0"": ""8"", ""9.0"": ""9"", ""10.0"": ""Always justifiable""}",ZA7503_v3-0-0.sav,S017,valid substantive responses,6.325972553458903,47.14926329276105,49.89328248474507,3.2383458084345147,43.54146919452557,56.245095774964575,1561,1612,1612,238.57928281913638,1543.4270052728073,True,Weighted respondent linearization; approximate
EVS,2020,F116,Is cheating on taxes never justifiable?,Never justifiable (1 of 10),Economic norm,F116,"[1, 2, 3, 4, 5, 6, 7, 8, 9, 10]",[1],Justifiable: Cheating on taxes,"{""-5.0"": ""Missing: Other"", ""-4.0"": ""Not asked in survey"", ""-3.0"": ""Not applicable"", ""-2.0"": ""No answer"", ""-1.0"": ""DonÂ´t know"", ""1.0"": ""Never justifiable"", ""2.0"": ""2"", ""3.0"": ""3"", ""4.0"": ""4"", ""5.0"": ""5"", ""6.0"": ""6"", ""7.0"": ""7"", ""8.0"": ""8"", ""9.0"": ""9"", ""10.0"": ""Always justifiable""}",ZA7503_v3-0-0.sav,S017,valid substantive responses,5.823266114566705,46.58944658944659,48.089456187272404,3.242687134920612,41.72912765596909,54.44978471857572,1554,1612,1612,237.14469037751974,1551.7098848997507,True,Weighted respondent linearization; approximate
LiTS,2006,market,Is a market economy preferable to any other economic system?,Market economy preferable,Policy,q310,"[1, 2, 3]",[1],attitude towards market economy vs. planned economy,"{""1"": ""market economy preferable"", ""2"": ""planned economy preferable under some circumstances"", ""3"": ""doesn't matter""}",LITS-2006-data.dta,weight_0,valid substantive responses,0.08065748793857352,41.34134134134134,42.18837081559049,3.645795495740024,34.86187046771402,49.51487116346696,999,1000,50,826.9743701108803,38539343.67089844,True,PSU linearization; no explicit strata; approximate
LiTS,2006,reduce_gap,Should the gap between rich and poor be reduced?,Agree / strongly agree,Policy,q301_10,"[1, 2, 3, 4, 5]","[4, 5]",attitude towards reducing present income inequality,"{""1"": ""strongly disagree"", ""2"": ""disagree"", ""3"": ""neither disagree not agree"", ""4"": ""agree"", ""5"": ""strongly agree"", ""6"": ""not applicable"", ""7"": ""don't know""}",LITS-2006-data.dta,weight_0,valid substantive responses,1.8764296795627966,84.7560975609756,84.66484095938281,2.4769229475442676,79.68727793972069,89.64240397904494,984,1000,50,814.4940151315514,37846706.19042969,True,PSU linearization; no explicit strata; approximate
LiTS,2006,state_1,Should the state reduce inequality?,Moderate or strong state involvement,Policy,q305_1,"[1, 2, 3]","[2, 3]",perception of state involv. in reducing income inequality,"{""1"": ""not involved"", ""2"": ""moderately involved"", ""3"": ""strongly involved""}",LITS-2006-data.dta,weight_0,valid substantive responses,0.13189383580864966,97.09709709709709,97.20606744475464,0.8989751637852939,95.3995092168175,99.01262567269177,999,1000,50,826.872368140321,38519581.57910156,True,PSU linearization; no explicit strata; approximate
LiTS,2006,state_2,Should the state guarantee employment?,Moderate or strong state involvement,Policy,q305_2,"[1, 2, 3]","[2, 3]",perception of state involv. in guaranteeing employment,"{""1"": ""not involved"", ""2"": ""moderately involved"", ""3"": ""strongly involved""}",LITS-2006-data.dta,weight_0,valid substantive responses,0.13189383580864966,99.29929929929929,99.30902484562384,0.2800534423966908,98.74623638271065,99.87181330853703,999,1000,50,826.872368140321,38519581.57910156,True,PSU linearization; no explicit strata; approximate
LiTS,2006,state_3,Should the state keep electricity and gas prices low?,Moderate or strong state involvement,Policy,q305_3,"[1, 2, 3]","[2, 3]",perception of state involv. in guaranteeing low prices for electricity & gas,"{""1"": ""not involved"", ""2"": ""moderately involved"", ""3"": ""strongly involved""}",LITS-2006-data.dta,weight_0,valid substantive responses,0.13189383580864966,98.998998998999,98.96129061281731,0.3936461099936839,98.17022913798175,99.75235208765287,999,1000,50,826.872368140321,38519581.57910156,True,PSU linearization; no explicit strata; approximate
LiTS,2006,state_4,Should the state keep basic food prices low?,Moderate or strong state involvement,Policy,q305_4,"[1, 2, 3]","[2, 3]",perception of state involv. in guaranteeing low prices for basic goods & food,"{""1"": ""not involved"", ""2"": ""moderately involved"", ""3"": ""strongly involved""}",LITS-2006-data.dta,weight_0,valid substantive responses,0.2125513237472232,98.89779559118236,98.90837079826207,0.36216531102151883,98.18057235748601,99.63616923903813,998,1000,50,825.9827743714285,38488471.62011719,True,PSU linearization; no explicit strata; approximate
LiTS,2006,state_5,Should the state own public utilities?,Moderate or strong state involvement,Policy,q305_5,"[1, 2, 3]","[2, 3]",perception of state involv. in ownership of gas & electricity companies,"{""1"": ""not involved"", ""2"": ""moderately involved"", ""3"": ""strongly involved""}",LITS-2006-data.dta,weight_0,valid substantive responses,0.2125513237472232,96.19238476953907,95.75843715482644,0.9017741766163991,93.94625410001551,97.57062020963737,998,1000,50,825.9827743714285,38488471.62011719,True,PSU linearization; no explicit strata; approximate
LiTS,2006,state_6,Should the state own large companies?,Moderate or strong state involvement,Policy,q305_6,"[1, 2, 3]","[2, 3]",perception of state involv. in ownership of large companies in this country,"{""1"": ""not involved"", ""2"": ""moderately involved"", ""3"": ""strongly involved""}",LITS-2006-data.dta,weight_0,valid substantive responses,0.2932088116857967,92.5777331995988,91.81126312812142,1.4760201432255713,88.84508959879136,94.77743665745149,997,1000,50,825.0932998273202,38457361.66113281,True,PSU linearization; no explicit strata; approximate
LiTS,2006,keep_private,Should privatised firms remain with current owners (possibly after additional payment)?,Choose named option(s),Policy,q309,"[1, 2, 3, 4]","[1, 2]",attitude towards privatization vs. nationalisation,"{""1"": ""current owners, no change"", ""2"": ""current owners, if pay waht they are worth"", ""3"": ""renationalise, state hands"", ""4"": ""renationalise and reprivatise""}",LITS-2006-data.dta,weight_0,valid substantive responses,0.6365850365262382,42.311557788944725,44.5269728321473,3.568949724314012,37.35489984360664,51.699045820687964,995,1000,50,824.3838826749655,38324919.89355469,True,PSU linearization; no explicit strata; approximate
LiTS,2006,nationalise,Should privatised firms return permanently to state ownership?,Choose named option(s),Policy,q309,"[1, 2, 3, 4]",[3],attitude towards privatization vs. nationalisation,"{""1"": ""current owners, no change"", ""2"": ""current owners, if pay waht they are worth"", ""3"": ""renationalise, state hands"", ""4"": ""renationalise and reprivatise""}",LITS-2006-data.dta,weight_0,valid substantive responses,0.6365850365262382,44.92462311557789,43.02457889868677,3.659417217164345,35.67070467674891,50.37845312062463,995,1000,50,824.3838826749655,38324919.89355469,True,PSU linearization; no explicit strata; approximate
LiTS,2006,reprivatise,Should privatised firms be nationalised and then re-privatised?,Choose named option(s),Policy,q309,"[1, 2, 3, 4]",[4],attitude towards privatization vs. nationalisation,"{""1"": ""current owners, no change"", ""2"": ""current owners, if pay waht they are worth"", ""3"": ""renationalise, state hands"", ""4"": ""renationalise and reprivatise""}",LITS-2006-data.dta,weight_0,valid substantive responses,0.6365850365262382,12.763819095477388,12.44844826916593,1.6489931186450264,9.134672531740367,15.762224006591492,995,1000,50,824.3838826749655,38324919.89355469,True,PSU linearization; no explicit strata; approximate
LiTS,2006,trust_banks,Do you trust banks and the financial system?,Some / complete trust,Institutional trust,q303_8,"[1, 2, 3, 4, 5]","[4, 5]",trust in banks and the financial system,"{""1"": ""complete distrust"", ""2"": ""some distrust"", ""3"": ""neither trust nor distrust"", ""4"": ""some trust"", ""5"": ""complete trust"", ""6"": ""difficult to say""}",LITS-2006-data.dta,weight_0,valid substantive responses,7.430261056840259,35.16129032258065,35.087638081568194,3.429360340646791,28.19608046181131,41.979195701325075,930,1000,50,766.3490798194213,35704568.234375,True,PSU linearization; no explicit strata; approximate
LiTS,2006,trust_foreign_investors,Do you trust foreign investors?,Some / complete trust,Institutional trust,q303_9,"[1, 2, 3, 4, 5]","[4, 5]",trust in foreign investors,"{""1"": ""complete distrust"", ""2"": ""some distrust"", ""3"": ""neither trust nor distrust"", ""4"": ""some trust"", ""5"": ""complete trust"", ""6"": ""difficult to say""}",LITS-2006-data.dta,weight_0,valid substantive responses,19.70950936400737,26.394052044609666,26.111184110838245,3.030287779504694,20.021592827770263,32.20077539390623,807,1000,50,661.7161745339084,30968406.459960938,True,PSU linearization; no explicit strata; approximate
LiTS,2006,trust_unions,Do you trust trade unions?,Some / complete trust,Institutional trust,q303_11,"[1, 2, 3, 4, 5]","[4, 5]",trust in trade unions,"{""1"": ""complete distrust"", ""2"": ""some distrust"", ""3"": ""neither trust nor distrust"", ""4"": ""some trust"", ""5"": ""complete trust"", ""6"": ""difficult to say""}",LITS-2006-data.dta,weight_0,valid substantive responses,14.71913452083341,26.27314814814815,26.750904538100325,2.737241447212742,21.250211907737796,32.25159716846285,864,1000,50,709.9212169828667,32893216.674804688,True,PSU linearization; no explicit strata; approximate
LiTS,2006,success_effort,What matters most for success: effort and hard work?,Choose effort and hard work,Belief,q306,"[1, 2, 3, 4, 98, 101, 102, 103, 104, 105, 106]",[1],most important factor to succeed in life now,"{""1"": ""effort and hard work"", ""2"": ""intelligence and skills"", ""3"": ""political connections"", ""4"": ""criminal/corrupt ties"", ""98"": ""other (too few to code)"", ""99"": ""don't know"", ""101"": ""all of the above"", ""102"": ""new jobs"", ""103"": ""relationships, friends, acquaintances, family ties"", ""104"": ""luck"", ""105"": ""high income"", ""106"": ""be smart""}",LITS-2006-data.dta,weight_0,valid substantive responses,0.13189383580864966,33.433433433433436,32.67478945440057,3.143756223181487,26.35717479672411,38.992404112077026,999,1000,50,826.872368140321,38519581.57910156,True,PSU linearization; no explicit strata; approximate
LiTS,2006,success_skill,What matters most for success: intelligence and skills?,Choose intelligence and skills,Belief,q306,"[1, 2, 3, 4, 98, 101, 102, 103, 104, 105, 106]",[2],most important factor to succeed in life now,"{""1"": ""effort and hard work"", ""2"": ""intelligence and skills"", ""3"": ""political connections"", ""4"": ""criminal/corrupt ties"", ""98"": ""other (too few to code)"", ""99"": ""don't know"", ""101"": ""all of the above"", ""102"": ""new jobs"", ""103"": ""relationships, friends, acquaintances, family ties"", ""104"": ""luck"", ""105"": ""high income"", ""106"": ""be smart""}",LITS-2006-data.dta,weight_0,valid substantive responses,0.13189383580864966,29.32932932932933,29.602983659137795,1.9238538213810705,25.736854659833938,33.46911265844165,999,1000,50,826.872368140321,38519581.57910156,True,PSU linearization; no explicit strata; approximate
LiTS,2006,poverty_1,Why are some people poor: bad luck?,Choose named explanation,Belief,q308,"[1, 2, 3, 4, 5]",[1],main reason for people in need today,"{""1"": ""unlucky"", ""2"": ""laziness and lack of willpower"", ""3"": ""injustice in society"", ""4"": ""inevitable part of modern life"", ""5"": ""other""}",LITS-2006-data.dta,weight_0,valid substantive responses,0.13189383580864966,5.205205205205205,5.1866651149690695,0.9256262416793378,3.326549540853268,7.046780689084871,999,1000,50,826.872368140321,38519581.57910156,True,PSU linearization; no explicit strata; approximate
LiTS,2006,poverty_2,Why are some people poor: laziness and lack of willpower?,Choose named explanation,Belief,q308,"[1, 2, 3, 4, 5]",[2],main reason for people in need today,"{""1"": ""unlucky"", ""2"": ""laziness and lack of willpower"", ""3"": ""injustice in society"", ""4"": ""inevitable part of modern life"", ""5"": ""other""}",LITS-2006-data.dta,weight_0,valid substantive responses,0.13189383580864966,13.913913913913914,14.11138229494196,1.8470778298385786,10.399540427047938,17.82322416283598,999,1000,50,826.872368140321,38519581.57910156,True,PSU linearization; no explicit strata; approximate
LiTS,2006,poverty_3,Why are some people poor: injustice in society?,Choose named explanation,Belief,q308,"[1, 2, 3, 4, 5]",[3],main reason for people in need today,"{""1"": ""unlucky"", ""2"": ""laziness and lack of willpower"", ""3"": ""injustice in society"", ""4"": ""inevitable part of modern life"", ""5"": ""other""}",LITS-2006-data.dta,weight_0,valid substantive responses,0.13189383580864966,57.35735735735736,56.121153062167494,2.7343500298454684,50.62627095254644,61.616035171788546,999,1000,50,826.872368140321,38519581.57910156,True,PSU linearization; no explicit strata; approximate
LiTS,2006,poverty_4,Why are some people poor: an inevitable part of modern life?,Choose named explanation,Belief,q308,"[1, 2, 3, 4, 5]",[4],main reason for people in need today,"{""1"": ""unlucky"", ""2"": ""laziness and lack of willpower"", ""3"": ""injustice in society"", ""4"": ""inevitable part of modern life"", ""5"": ""other""}",LITS-2006-data.dta,weight_0,valid substantive responses,0.13189383580864966,18.11811811811812,18.738573833032156,2.543345229403802,13.62753024055149,23.84961742551282,999,1000,50,826.872368140321,38519581.57910156,True,PSU linearization; no explicit strata; approximate
LiTS,2006,spend_education,First priority for extra government spending: education?,First priority selected,Spending priority,q304a,"[1, 2, 3, 4, 5, 6, 98, 100, 101, 102, 103, 104, 105, 106, 107, 108, 109, 110, 111, 112, 113, 114, 115, 116, 117, 118, 119, 120, 121, 122, 123, 124, 125, 126, 127, 128]",[1],field with 1st priority for extra (gov.) investment,"{""1"": ""education"", ""2"": ""healthcare"", ""3"": ""housing"", ""4"": ""pensions"", ""5"": ""environment"", ""6"": ""public infrastructures"", ""98"": ""other (too few to code)"", ""99"": ""don't know"", ""100"": ""all of the above"", ""101"": ""agriculture"", ""102"": ""army"", ""103"": ""building factories"", ""104"": ""caring for the elderly"", ""105"": ""child benefits"", ""106"": ""corruption"", ""107"": ""development of entrepreneurship"", ""108"": ""economy"", ""109"": ""energy/power supply"", ""110"": ""unemployment"", ""111"": ""unemployment - rural"", ""112"": ""freedom to move abroad"", ""113"": ""caring for the disabled"", ""114"": ""poverty elimination"", ""115"": ""industrialisation"", ""116"": ""judiciary"", ""117"": ""manufacturing"", ""118"": ""migration"", ""119"": ""orphanages"", ""120"": ""inflation"", ""121"": ""returning property to owners"", ""122"": ""increasing salaries"", ""123"": ""supporting small businesses"", ""124"": ""addressing social issues"", ""125"": ""social security system"", ""126"": ""tax reduction"", ""127"": ""improving living standards"", ""128"": ""social benefits""}",LITS-2006-data.dta,weight_0,valid substantive responses,0.13189383580864966,19.71971971971972,19.968072837578088,1.5160552964993308,16.921445655614406,23.01470001954177,999,1000,50,826.872368140321,38519581.57910156,True,PSU linearization; no explicit strata; approximate
LiTS,2006,spend_health,First priority for extra government spending: health?,First priority selected,Spending priority,q304a,"[1, 2, 3, 4, 5, 6, 98, 100, 101, 102, 103, 104, 105, 106, 107, 108, 109, 110, 111, 112, 113, 114, 115, 116, 117, 118, 119, 120, 121, 122, 123, 124, 125, 126, 127, 128]",[2],field with 1st priority for extra (gov.) investment,"{""1"": ""education"", ""2"": ""healthcare"", ""3"": ""housing"", ""4"": ""pensions"", ""5"": ""environment"", ""6"": ""public infrastructures"", ""98"": ""other (too few to code)"", ""99"": ""don't know"", ""100"": ""all of the above"", ""101"": ""agriculture"", ""102"": ""army"", ""103"": ""building factories"", ""104"": ""caring for the elderly"", ""105"": ""child benefits"", ""106"": ""corruption"", ""107"": ""development of entrepreneurship"", ""108"": ""economy"", ""109"": ""energy/power supply"", ""110"": ""unemployment"", ""111"": ""unemployment - rural"", ""112"": ""freedom to move abroad"", ""113"": ""caring for the disabled"", ""114"": ""poverty elimination"", ""115"": ""industrialisation"", ""116"": ""judiciary"", ""117"": ""manufacturing"", ""118"": ""migration"", ""119"": ""orphanages"", ""120"": ""inflation"", ""121"": ""returning property to owners"", ""122"": ""increasing salaries"", ""123"": ""supporting small businesses"", ""124"": ""addressing social issues"", ""125"": ""social security system"", ""126"": ""tax reduction"", ""127"": ""improving living standards"", ""128"": ""social benefits""}",LITS-2006-data.dta,weight_0,valid substantive responses,0.13189383580864966,46.846846846846844,45.56415588835052,2.12246571788534,41.29890134003241,49.82941043666863,999,1000,50,826.872368140321,38519581.57910156,True,PSU linearization; no explicit strata; approximate
LiTS,2006,spend_housing,First priority for extra government spending: housing?,First priority selected,Spending priority,q304a,"[1, 2, 3, 4, 5, 6, 98, 100, 101, 102, 103, 104, 105, 106, 107, 108, 109, 110, 111, 112, 113, 114, 115, 116, 117, 118, 119, 120, 121, 122, 123, 124, 125, 126, 127, 128]",[3],field with 1st priority for extra (gov.) investment,"{""1"": ""education"", ""2"": ""healthcare"", ""3"": ""housing"", ""4"": ""pensions"", ""5"": ""environment"", ""6"": ""public infrastructures"", ""98"": ""other (too few to code)"", ""99"": ""don't know"", ""100"": ""all of the above"", ""101"": ""agriculture"", ""102"": ""army"", ""103"": ""building factories"", ""104"": ""caring for the elderly"", ""105"": ""child benefits"", ""106"": ""corruption"", ""107"": ""development of entrepreneurship"", ""108"": ""economy"", ""109"": ""energy/power supply"", ""110"": ""unemployment"", ""111"": ""unemployment - rural"", ""112"": ""freedom to move abroad"", ""113"": ""caring for the disabled"", ""114"": ""poverty elimination"", ""115"": ""industrialisation"", ""116"": ""judiciary"", ""117"": ""manufacturing"", ""118"": ""migration"", ""119"": ""orphanages"", ""120"": ""inflation"", ""121"": ""returning property to owners"", ""122"": ""increasing salaries"", ""123"": ""supporting small businesses"", ""124"": ""addressing social issues"", ""125"": ""social security system"", ""126"": ""tax reduction"", ""127"": ""improving living standards"", ""128"": ""social benefits""}",LITS-2006-data.dta,weight_0,valid substantive responses,0.13189383580864966,11.811811811811811,12.359599780025,1.4399777205390834,9.46585621081185,15.25334334923815,999,1000,50,826.872368140321,38519581.57910156,True,PSU linearization; no explicit strata; approximate
LiTS,2006,spend_pensions,First priority for extra government spending: pensions?,First priority selected,Spending priority,q304a,"[1, 2, 3, 4, 5, 6, 98, 100, 101, 102, 103, 104, 105, 106, 107, 108, 109, 110, 111, 112, 113, 114, 115, 116, 117, 118, 119, 120, 121, 122, 123, 124, 125, 126, 127, 128]",[4],field with 1st priority for extra (gov.) investment,"{""1"": ""education"", ""2"": ""healthcare"", ""3"": ""housing"", ""4"": ""pensions"", ""5"": ""environment"", ""6"": ""public infrastructures"", ""98"": ""other (too few to code)"", ""99"": ""don't know"", ""100"": ""all of the above"", ""101"": ""agriculture"", ""102"": ""army"", ""103"": ""building factories"", ""104"": ""caring for the elderly"", ""105"": ""child benefits"", ""106"": ""corruption"", ""107"": ""development of entrepreneurship"", ""108"": ""economy"", ""109"": ""energy/power supply"", ""110"": ""unemployment"", ""111"": ""unemployment - rural"", ""112"": ""freedom to move abroad"", ""113"": ""caring for the disabled"", ""114"": ""poverty elimination"", ""115"": ""industrialisation"", ""116"": ""judiciary"", ""117"": ""manufacturing"", ""118"": ""migration"", ""119"": ""orphanages"", ""120"": ""inflation"", ""121"": ""returning property to owners"", ""122"": ""increasing salaries"", ""123"": ""supporting small businesses"", ""124"": ""addressing social issues"", ""125"": ""social security system"", ""126"": ""tax reduction"", ""127"": ""improving living standards"", ""128"": ""social benefits""}",LITS-2006-data.dta,weight_0,valid substantive responses,0.13189383580864966,10.11011011011011,10.418766741406005,1.2236177035235842,7.959814904692063,12.877718578119946,999,1000,50,826.872368140321,38519581.57910156,True,PSU linearization; no explicit strata; approximate
LiTS,2006,spend_the_environment,First priority for extra government spending: the environment?,First priority selected,Spending priority,q304a,"[1, 2, 3, 4, 5, 6, 98, 100, 101, 102, 103, 104, 105, 106, 107, 108, 109, 110, 111, 112, 113, 114, 115, 116, 117, 118, 119, 120, 121, 122, 123, 124, 125, 126, 127, 128]",[5],field with 1st priority for extra (gov.) investment,"{""1"": ""education"", ""2"": ""healthcare"", ""3"": ""housing"", ""4"": ""pensions"", ""5"": ""environment"", ""6"": ""public infrastructures"", ""98"": ""other (too few to code)"", ""99"": ""don't know"", ""100"": ""all of the above"", ""101"": ""agriculture"", ""102"": ""army"", ""103"": ""building factories"", ""104"": ""caring for the elderly"", ""105"": ""child benefits"", ""106"": ""corruption"", ""107"": ""development of entrepreneurship"", ""108"": ""economy"", ""109"": ""energy/power supply"", ""110"": ""unemployment"", ""111"": ""unemployment - rural"", ""112"": ""freedom to move abroad"", ""113"": ""caring for the disabled"", ""114"": ""poverty elimination"", ""115"": ""industrialisation"", ""116"": ""judiciary"", ""117"": ""manufacturing"", ""118"": ""migration"", ""119"": ""orphanages"", ""120"": ""inflation"", ""121"": ""returning property to owners"", ""122"": ""increasing salaries"", ""123"": ""supporting small businesses"", ""124"": ""addressing social issues"", ""125"": ""social security system"", ""126"": ""tax reduction"", ""127"": ""improving living standards"", ""128"": ""social benefits""}",LITS-2006-data.dta,weight_0,valid substantive responses,0.13189383580864966,2.1021021021021022,2.435181804533905,0.6662275311183786,1.0963474557046615,3.7740161533631484,999,1000,50,826.872368140321,38519581.57910156,True,PSU linearization; no explicit strata; approximate
LiTS,2006,spend_public_infrastructure,First priority for extra government spending: public infrastructure?,First priority selected,Spending priority,q304a,"[1, 2, 3, 4, 5, 6, 98, 100, 101, 102, 103, 104, 105, 106, 107, 108, 109, 110, 111, 112, 113, 114, 115, 116, 117, 118, 119, 120, 121, 122, 123, 124, 125, 126, 127, 128]",[6],field with 1st priority for extra (gov.) investment,"{""1"": ""education"", ""2"": ""healthcare"", ""3"": ""housing"", ""4"": ""pensions"", ""5"": ""environment"", ""6"": ""public infrastructures"", ""98"": ""other (too few to code)"", ""99"": ""don't know"", ""100"": ""all of the above"", ""101"": ""agriculture"", ""102"": ""army"", ""103"": ""building factories"", ""104"": ""caring for the elderly"", ""105"": ""child benefits"", ""106"": ""corruption"", ""107"": ""development of entrepreneurship"", ""108"": ""economy"", ""109"": ""energy/power supply"", ""110"": ""unemployment"", ""111"": ""unemployment - rural"", ""112"": ""freedom to move abroad"", ""113"": ""caring for the disabled"", ""114"": ""poverty elimination"", ""115"": ""industrialisation"", ""116"": ""judiciary"", ""117"": ""manufacturing"", ""118"": ""migration"", ""119"": ""orphanages"", ""120"": ""inflation"", ""121"": ""returning property to owners"", ""122"": ""increasing salaries"", ""123"": ""supporting small businesses"", ""124"": ""addressing social issues"", ""125"": ""social security system"", ""126"": ""tax reduction"", ""127"": ""improving living standards"", ""128"": ""social benefits""}",LITS-2006-data.dta,weight_0,valid substantive responses,0.13189383580864966,3.103103103103103,2.8704841158062093,0.6837131840275061,1.4965110318857464,4.244457199726672,999,1000,50,826.872368140321,38519581.57910156,True,PSU linearization; no explicit strata; approximate
LiTS,2010,market,Is a market economy preferable to any other economic system?,Market economy preferable,Policy,q310,"[1, 2, 3]",[1],q310 - With which one of the following statements do you agree most?,"{""-99"": ""Refused"", ""-98"": ""Not applicable"", ""-97"": ""Don't know"", ""-90"": ""Filtered"", ""-1"": ""Not stated"", ""1"": ""A market economy is preferable to any other form of economic system"", ""2"": ""Under some circumstances, a planned economy may be preferable to a market econom"", ""3"": ""For people like me, it does not matter whether the economic system is organised""}",lits2.dta,weight,valid substantive responses,12.65386922295183,35.07737656595431,35.97090947331806,2.699438260712377,30.592161326293084,41.34965762034303,1357,1558,75,1242.73011174408,33258472.190429688,True,PSU linearization; no explicit strata; approximate
LiTS,2010,reduce_gap,Should the gap between rich and poor be reduced?,Agree / strongly agree,Policy,q301h,"[1, 2, 3, 4, 5]","[4, 5]",Q.3.01 To what extent do you agree with the following statements?: h) The gap be,"{""-99"": ""Refused"", ""-98"": ""Not applicable"", ""-97"": ""Don't know"", ""-90"": ""Filtered"", ""-1"": ""Not stated"", ""1"": ""Strongly disagree"", ""2"": ""Disagree"", ""3"": ""Neither disagree nor agree"", ""4"": ""Agree"", ""5"": ""Strongly agree"", ""6"": ""Not applicable""}",lits2.dta,weight,valid substantive responses,4.016682279634731,70.5803869246164,70.68927829596036,2.77824333033968,65.15350762006223,76.2250489718585,1499,1558,75,1370.2324562582614,36547222.810546875,True,PSU linearization; no explicit strata; approximate
LiTS,2010,income_incentives,Should larger income differences reward individual effort?,Market-oriented half of the 1–10 scale,Policy,q316a,"[1, 2, 3, 4, 5, 6, 7, 8, 9, 10]","[6, 7, 8, 9, 10]",Q.3.16a Place your views on this scale?:,"{""-99"": ""Refused"", ""-98"": ""Not applicable"", ""-97"": ""Don't know"", ""-90"": ""Filtered"", ""-1"": ""Not stated"", ""1"": ""1 -  answering1"", ""2"": ""2"", ""3"": ""3"", ""4"": ""4"", ""5"": ""5"", ""6"": ""6"", ""7"": ""7"", ""8"": ""8"", ""9"": ""9"", ""10"": ""10 -  answering2""}",lits2.dta,weight,valid substantive responses,0.0,33.37612323491656,33.45345033499606,2.988279796404772,27.499172864889136,39.407727805102994,1558,1558,75,1424.614470885218,38076640.48144531,True,PSU linearization; no explicit strata; approximate
LiTS,2010,private_ownership,Should private ownership of business increase?,Market-oriented half of the 1–10 scale,Policy,q316b,"[1, 2, 3, 4, 5, 6, 7, 8, 9, 10]","[1, 2, 3, 4, 5]",Q.3.16b Place your views on this scale?:,"{""-99"": ""Refused"", ""-98"": ""Not applicable"", ""-97"": ""Don't know"", ""-90"": ""Filtered"", ""-1"": ""Not stated"", ""1"": ""1 -  answering1"", ""2"": ""2"", ""3"": ""3"", ""4"": ""4"", ""5"": ""5"", ""6"": ""6"", ""7"": ""7"", ""8"": ""8"", ""9"": ""9"", ""10"": ""10 -  answering2""}",lits2.dta,weight,valid substantive responses,0.0,43.90243902439025,44.783129812280336,3.0818210435168343,38.64246733870915,50.92379228585152,1558,1558,75,1424.614470885218,38076640.48144531,True,PSU linearization; no explicit strata; approximate
LiTS,2010,competition,Is competition beneficial?,Market-oriented half of the 1–10 scale,Policy,q316c,"[1, 2, 3, 4, 5, 6, 7, 8, 9, 10]","[1, 2, 3, 4, 5]",Q.3.16c Place your views on this scale?:,"{""-99"": ""Refused"", ""-98"": ""Not applicable"", ""-97"": ""Don't know"", ""-90"": ""Filtered"", ""-1"": ""Not stated"", ""1"": ""1 -  answering1"", ""2"": ""2"", ""3"": ""3"", ""4"": ""4"", ""5"": ""5"", ""6"": ""6"", ""7"": ""7"", ""8"": ""8"", ""9"": ""9"", ""10"": ""10 -  answering2""}",lits2.dta,weight,valid substantive responses,0.0,75.60975609756098,76.15339947327014,2.043821812336044,72.08099561579105,80.22580333074923,1558,1558,75,1424.614470885218,38076640.48144531,True,PSU linearization; no explicit strata; approximate
LiTS,2010,pay_a,Would you give income or pay more taxes for public education?,Yes,Policy,q306a,"[1, 2]",[1],"q306_1 - Would you be willing to give part of your income or pay more taxes, if","{""-99"": ""Refused"", ""-98"": ""Not applicable"", ""-97"": ""Don't know"", ""-90"": ""Filtered"", ""-1"": ""Not stated"", ""1"": ""Yes"", ""2"": ""No""}",lits2.dta,weight,valid substantive responses,9.226126732890716,44.31009957325747,44.701412511853,3.5237355364933673,37.68021618987525,51.72260883383075,1406,1558,75,1286.6889305389088,34563641.375,True,PSU linearization; no explicit strata; approximate
LiTS,2010,pay_b,Would you give income or pay more taxes for public health?,Yes,Policy,q306b,"[1, 2]",[1],"q306_2 - Would you be willing to give part of your income or pay more taxes, if","{""-99"": ""Refused"", ""-98"": ""Not applicable"", ""-97"": ""Don't know"", ""-90"": ""Filtered"", ""-1"": ""Not stated"", ""1"": ""Yes"", ""2"": ""No""}",lits2.dta,weight,valid substantive responses,7.634950775736482,58.42618384401114,58.928470631810924,3.3894397656459185,52.174864474465565,65.68207678915628,1436,1558,75,1313.0183035979924,35169507.72363281,True,PSU linearization; no explicit strata; approximate
LiTS,2010,pay_c,Would you give income or pay more taxes for combating climate change?,Yes,Policy,q306c,"[1, 2]",[1],"q306_3 - Would you be willing to give part of your income or pay more taxes, if","{""-99"": ""Refused"", ""-98"": ""Not applicable"", ""-97"": ""Don't know"", ""-90"": ""Filtered"", ""-1"": ""Not stated"", ""1"": ""Yes"", ""2"": ""No""}",lits2.dta,weight,valid substantive responses,14.143009795699424,34.828101644245145,34.657853550954115,3.7632091993869468,27.159495539710612,42.15621156219762,1338,1558,75,1222.7445210458488,32691457.48828125,True,PSU linearization; no explicit strata; approximate
LiTS,2010,pay_d,Would you give income or pay more taxes for helping people in need?,Yes,Policy,q306d,"[1, 2]",[1],"q306_4 - Would you be willing to give part of your income or pay more taxes, if","{""-99"": ""Refused"", ""-98"": ""Not applicable"", ""-97"": ""Don't know"", ""-90"": ""Filtered"", ""-1"": ""Not stated"", ""1"": ""Yes"", ""2"": ""No""}",lits2.dta,weight,valid substantive responses,12.462696984802868,50.18368846436444,49.93941825597087,3.302737805881945,43.35856952457266,56.520266987369084,1361,1558,75,1244.2346212622797,33331264.15625,True,PSU linearization; no explicit strata; approximate
LiTS,2010,support_1,Who deserves government support: elderly people?,Selected; all respondents with recorded checkbox,Policy,q307a_01,"[0, 1]",[1],q307a_01 - Which of the following groups of citizens deserve support from the go,"{""0"": ""NOT A. Elderly"", ""1"": ""A. Elderly""}",lits2.dta,weight,valid substantive responses,0.0,80.03851091142491,79.13021738978699,2.0701074110502957,75.00543833357288,83.2549964460011,1558,1558,75,1424.614470885218,38076640.48144531,True,PSU linearization; no explicit strata; approximate
LiTS,2010,support_2,Who deserves government support: people with disabilities?,Selected; all respondents with recorded checkbox,Policy,q307a_02,"[0, 1]",[1],q307a_02 - Which of the following groups of citizens deserve support from the go,"{""0"": ""NOT B. Disabled"", ""1"": ""B. Disabled""}",lits2.dta,weight,valid substantive responses,0.0,88.89602053915276,88.58745739530153,1.4782975561541358,85.64188521584474,91.53302957475832,1558,1558,75,1424.614470885218,38076640.48144531,True,PSU linearization; no explicit strata; approximate
LiTS,2010,support_3,Who deserves government support: war veterans?,Selected; all respondents with recorded checkbox,Policy,q307a_03,"[0, 1]",[1],q307a_03 - Which of the following groups of citizens deserve support from the go,"{""0"": ""NOT C. War veterans"", ""1"": ""C. War veterans""}",lits2.dta,weight,valid substantive responses,0.0,66.81643132220796,65.79687894512048,3.1192853532934026,59.58156720480256,72.01219068543841,1558,1558,75,1424.614470885218,38076640.48144531,True,PSU linearization; no explicit strata; approximate
LiTS,2010,support_4,Who deserves government support: families with children?,Selected; all respondents with recorded checkbox,Policy,q307a_04,"[0, 1]",[1],q307a_04 - Which of the following groups of citizens deserve support from the go,"{""0"": ""NOT D. Families with children"", ""1"": ""D. Families with children""}",lits2.dta,weight,valid substantive responses,0.0,79.65340179717586,80.35830320921083,1.9430103947093829,76.48677048616372,84.22983593225794,1558,1558,75,1424.614470885218,38076640.48144531,True,PSU linearization; no explicit strata; approximate
LiTS,2010,support_5,Who deserves government support: the working poor?,Selected; all respondents with recorded checkbox,Policy,q307a_05,"[0, 1]",[1],q307a_05 - Which of the following groups of citizens deserve support from the go,"{""0"": ""NOT E. Working poor"", ""1"": ""E. Working poor""}",lits2.dta,weight,valid substantive responses,0.0,45.82798459563543,46.26778979385135,2.7501809817279823,40.78793456813895,51.74764501956375,1558,1558,75,1424.614470885218,38076640.48144531,True,PSU linearization; no explicit strata; approximate
LiTS,2010,support_6,Who deserves government support: unemployed people?,Selected; all respondents with recorded checkbox,Policy,q307a_06,"[0, 1]",[1],q307a_06 - Which of the following groups of citizens deserve support from the go,"{""0"": ""NOT F. Unemployed"", ""1"": ""F. Unemployed""}",lits2.dta,weight,valid substantive responses,0.0,47.36842105263158,47.281842338192064,2.9238064431128317,41.45603082879949,53.107653847584636,1558,1558,75,1424.614470885218,38076640.48144531,True,PSU linearization; no explicit strata; approximate
LiTS,2010,support_7,Who deserves government support: nobody?,Selected; all respondents with recorded checkbox,Policy,q307a_10,"[0, 1]",[1],q307a_10 - Which of the following groups of citizens deserve support from the go,"{""0"": ""NOT H. Nobody deserves special support"", ""1"": ""H. Nobody deserves special support""}",lits2.dta,weight,valid substantive responses,0.0,0.8985879332477535,0.9833057927100655,0.39424310318416744,0.19775926194050775,1.7688523234796232,1558,1558,75,1424.614470885218,38076640.48144531,True,PSU linearization; no explicit strata; approximate
LiTS,2010,trust_banks,Do you trust banks and the financial system?,Some / complete trust,Institutional trust,q303j,"[1, 2, 3, 4, 5]","[4, 5]",Q.3.03 To what extent do you trust the following institutions ....?: j) Banks an,"{""-99"": ""Refused"", ""-98"": ""Not applicable"", ""-97"": ""Don't know"", ""-90"": ""Filtered"", ""-1"": ""Not stated"", ""1"": ""Complete distrust"", ""2"": ""Some distrust"", ""3"": ""Neither trust nor distrust"", ""4"": ""Some trust"", ""5"": ""Complete trust"", ""6"": ""Not applicable""}",lits2.dta,weight,valid substantive responses,4.225330145233485,22.28956228956229,23.07246043207476,2.4436898034252796,18.20330221001975,27.94161865412977,1485,1558,75,1358.777366184265,36467776.712890625,True,PSU linearization; no explicit strata; approximate
LiTS,2010,trust_foreign_investors,Do you trust foreign investors?,Some / complete trust,Institutional trust,q303k,"[1, 2, 3, 4, 5]","[4, 5]",Q.3.03 To what extent do you trust the following institutions ....?: k) Foreign,"{""-99"": ""Refused"", ""-98"": ""Not applicable"", ""-97"": ""Don't know"", ""-90"": ""Filtered"", ""-1"": ""Not stated"", ""1"": ""Complete distrust"", ""2"": ""Some distrust"", ""3"": ""Neither trust nor distrust"", ""4"": ""Some trust"", ""5"": ""Complete trust"", ""6"": ""Not applicable""}",lits2.dta,weight,valid substantive responses,18.42383510047334,19.604743083003953,19.597574225986154,2.3169805826346397,14.980889637596977,24.21425881437533,1265,1558,75,1156.4824139427628,31061463.02734375,True,PSU linearization; no explicit strata; approximate
LiTS,2010,trust_unions,Do you trust trade unions?,Some / complete trust,Institutional trust,q303m,"[1, 2, 3, 4, 5]","[4, 5]",Q.3.03 To what extent do you trust the following institutions ....?: m) Trade un,"{""-99"": ""Refused"", ""-98"": ""Not applicable"", ""-97"": ""Don't know"", ""-90"": ""Filtered"", ""-1"": ""Not stated"", ""1"": ""Complete distrust"", ""2"": ""Some distrust"", ""3"": ""Neither trust nor distrust"", ""4"": ""Some trust"", ""5"": ""Complete trust"", ""6"": ""Not applicable""}",lits2.dta,weight,valid substantive responses,14.219328322971181,28.42105263157895,28.44899920747301,2.579507083467023,23.309219147537654,33.58877926740836,1330,1558,75,1216.7955745884315,32662397.95703125,True,PSU linearization; no explicit strata; approximate
LiTS,2010,success_effort,What matters most for success: effort and hard work?,Choose effort and hard work,Belief,q308,"[1, 2, 3, 4, 5]",[1],"q308 - In your opinion, which of the following factors is the most important to","{""-99"": ""Refused"", ""-98"": ""Not applicable"", ""-97"": ""Don't know"", ""-90"": ""Filtered"", ""-1"": ""Not stated"", ""1"": ""Effort and hard work"", ""2"": ""Intelligence and skills"", ""3"": ""By political connections"", ""4"": ""By breaking the law"", ""5"": ""Other (specify)""}",lits2.dta,weight,valid substantive responses,9.353216033116873,39.26553672316384,37.83120320192342,2.3976922138608687,33.05369717774898,42.608709226097865,1416,1558,75,1292.6516900105644,34515250.0390625,True,PSU linearization; no explicit strata; approximate
LiTS,2010,success_skill,What matters most for success: intelligence and skills?,Choose intelligence and skills,Belief,q308,"[1, 2, 3, 4, 5]",[2],"q308 - In your opinion, which of the following factors is the most important to","{""-99"": ""Refused"", ""-98"": ""Not applicable"", ""-97"": ""Don't know"", ""-90"": ""Filtered"", ""-1"": ""Not stated"", ""1"": ""Effort and hard work"", ""2"": ""Intelligence and skills"", ""3"": ""By political connections"", ""4"": ""By breaking the law"", ""5"": ""Other (specify)""}",lits2.dta,weight,valid substantive responses,9.353216033116873,30.437853107344633,31.381049608641007,2.1797256800522633,27.037851383574036,35.72424783370798,1416,1558,75,1292.6516900105644,34515250.0390625,True,PSU linearization; no explicit strata; approximate
LiTS,2010,poverty_1,Why are some people poor: bad luck?,Choose named explanation,Belief,q309,"[1, 2, 3, 4, 5]",[1],"q309 - In your opinion, what is the main reason why there are some people in nee","{""-99"": ""Refused"", ""-98"": ""Not applicable"", ""-97"": ""Don't know"", ""-90"": ""Filtered"", ""-1"": ""Not stated"", ""1"": ""Because they have been unlucky"", ""2"": ""Because of laziness and lack of willpower"", ""3"": ""Because of injustice in our society"", ""4"": ""It is an inevitable part of modern life"", ""5"": ""Other (specify)""}",lits2.dta,weight,valid substantive responses,4.495280572611726,5.641370047011417,5.2537910688579466,0.8350012031621926,3.590014853028868,6.917567284687025,1489,1558,75,1361.664022970013,36364988.65917969,True,PSU linearization; no explicit strata; approximate
LiTS,2010,poverty_2,Why are some people poor: laziness and lack of willpower?,Choose named explanation,Belief,q309,"[1, 2, 3, 4, 5]",[2],"q309 - In your opinion, what is the main reason why there are some people in nee","{""-99"": ""Refused"", ""-98"": ""Not applicable"", ""-97"": ""Don't know"", ""-90"": ""Filtered"", ""-1"": ""Not stated"", ""1"": ""Because they have been unlucky"", ""2"": ""Because of laziness and lack of willpower"", ""3"": ""Because of injustice in our society"", ""4"": ""It is an inevitable part of modern life"", ""5"": ""Other (specify)""}",lits2.dta,weight,valid substantive responses,4.495280572611726,14.573539288112828,14.150214285887188,1.858080710339471,10.44790765297911,17.852520918795264,1489,1558,75,1361.664022970013,36364988.65917969,True,PSU linearization; no explicit strata; approximate
LiTS,2010,poverty_3,Why are some people poor: injustice in society?,Choose named explanation,Belief,q309,"[1, 2, 3, 4, 5]",[3],"q309 - In your opinion, what is the main reason why there are some people in nee","{""-99"": ""Refused"", ""-98"": ""Not applicable"", ""-97"": ""Don't know"", ""-90"": ""Filtered"", ""-1"": ""Not stated"", ""1"": ""Because they have been unlucky"", ""2"": ""Because of laziness and lack of willpower"", ""3"": ""Because of injustice in our society"", ""4"": ""It is an inevitable part of modern life"", ""5"": ""Other (specify)""}",lits2.dta,weight,valid substantive responses,4.495280572611726,65.74882471457354,65.72126658588134,2.535870358439145,60.66843459855128,70.77409857321139,1489,1558,75,1361.664022970013,36364988.65917969,True,PSU linearization; no explicit strata; approximate
LiTS,2010,poverty_4,Why are some people poor: an inevitable part of modern life?,Choose named explanation,Belief,q309,"[1, 2, 3, 4, 5]",[4],"q309 - In your opinion, what is the main reason why there are some people in nee","{""-99"": ""Refused"", ""-98"": ""Not applicable"", ""-97"": ""Don't know"", ""-90"": ""Filtered"", ""-1"": ""Not stated"", ""1"": ""Because they have been unlucky"", ""2"": ""Because of laziness and lack of willpower"", ""3"": ""Because of injustice in our society"", ""4"": ""It is an inevitable part of modern life"", ""5"": ""Other (specify)""}",lits2.dta,weight,valid substantive responses,4.495280572611726,14.036265950302216,14.874728059373522,1.6515954839219096,11.583852221214718,18.165603897532325,1489,1558,75,1361.664022970013,36364988.65917969,True,PSU linearization; no explicit strata; approximate
LiTS,2010,spend_education,First priority for extra government spending: education?,First priority selected,Spending priority,q305_1,"[1, 2, 3, 4, 5, 6, 7, 8]",[1],"q3051 - In your opinion, which of these fields should be the first priority for","{""-99"": ""Refused"", ""-98"": ""Not applicable"", ""-97"": ""Don't know"", ""-90"": ""Filtered"", ""-1"": ""Not stated"", ""1"": ""Education"", ""2"": ""Healthcare"", ""3"": ""Housing"", ""4"": ""Pensions"", ""5"": ""Assisting the Poor"", ""6"": ""Environment (including water quality)"", ""7"": ""Public infrastructures (e.g. public transport, roads, etc.)"", ""8"": ""Other (specify)""}",lits2.dta,weight,valid substantive responses,3.4847358563489417,14.418604651162791,15.170684849612808,1.5150637220872303,12.151854485383286,18.18951521384233,1505,1558,75,1375.6800917483065,36749770.13769531,True,PSU linearization; no explicit strata; approximate
LiTS,2010,spend_health,First priority for extra government spending: health?,First priority selected,Spending priority,q305_1,"[1, 2, 3, 4, 5, 6, 7, 8]",[2],"q3051 - In your opinion, which of these fields should be the first priority for","{""-99"": ""Refused"", ""-98"": ""Not applicable"", ""-97"": ""Don't know"", ""-90"": ""Filtered"", ""-1"": ""Not stated"", ""1"": ""Education"", ""2"": ""Healthcare"", ""3"": ""Housing"", ""4"": ""Pensions"", ""5"": ""Assisting the Poor"", ""6"": ""Environment (including water quality)"", ""7"": ""Public infrastructures (e.g. public transport, roads, etc.)"", ""8"": ""Other (specify)""}",lits2.dta,weight,valid substantive responses,3.4847358563489417,43.25581395348837,43.328125758155636,2.095655115505507,39.152441789612496,47.503809726698776,1505,1558,75,1375.6800917483065,36749770.13769531,True,PSU linearization; no explicit strata; approximate
LiTS,2010,spend_housing,First priority for extra government spending: housing?,First priority selected,Spending priority,q305_1,"[1, 2, 3, 4, 5, 6, 7, 8]",[3],"q3051 - In your opinion, which of these fields should be the first priority for","{""-99"": ""Refused"", ""-98"": ""Not applicable"", ""-97"": ""Don't know"", ""-90"": ""Filtered"", ""-1"": ""Not stated"", ""1"": ""Education"", ""2"": ""Healthcare"", ""3"": ""Housing"", ""4"": ""Pensions"", ""5"": ""Assisting the Poor"", ""6"": ""Environment (including water quality)"", ""7"": ""Public infrastructures (e.g. public transport, roads, etc.)"", ""8"": ""Other (specify)""}",lits2.dta,weight,valid substantive responses,3.4847358563489417,11.362126245847175,11.904124885230956,1.588509880412211,8.738949855984966,15.069299914476947,1505,1558,75,1375.6800917483065,36749770.13769531,True,PSU linearization; no explicit strata; approximate
LiTS,2010,spend_pensions,First priority for extra government spending: pensions?,First priority selected,Spending priority,q305_1,"[1, 2, 3, 4, 5, 6, 7, 8]",[4],"q3051 - In your opinion, which of these fields should be the first priority for","{""-99"": ""Refused"", ""-98"": ""Not applicable"", ""-97"": ""Don't know"", ""-90"": ""Filtered"", ""-1"": ""Not stated"", ""1"": ""Education"", ""2"": ""Healthcare"", ""3"": ""Housing"", ""4"": ""Pensions"", ""5"": ""Assisting the Poor"", ""6"": ""Environment (including water quality)"", ""7"": ""Public infrastructures (e.g. public transport, roads, etc.)"", ""8"": ""Other (specify)""}",lits2.dta,weight,valid substantive responses,3.4847358563489417,14.219269102990033,12.511483244058633,1.3206968008317337,9.879937424455095,15.143029063662171,1505,1558,75,1375.6800917483065,36749770.13769531,True,PSU linearization; no explicit strata; approximate
LiTS,2010,spend_helping_the_poor,First priority for extra government spending: helping the poor?,First priority selected,Spending priority,q305_1,"[1, 2, 3, 4, 5, 6, 7, 8]",[5],"q3051 - In your opinion, which of these fields should be the first priority for","{""-99"": ""Refused"", ""-98"": ""Not applicable"", ""-97"": ""Don't know"", ""-90"": ""Filtered"", ""-1"": ""Not stated"", ""1"": ""Education"", ""2"": ""Healthcare"", ""3"": ""Housing"", ""4"": ""Pensions"", ""5"": ""Assisting the Poor"", ""6"": ""Environment (including water quality)"", ""7"": ""Public infrastructures (e.g. public transport, roads, etc.)"", ""8"": ""Other (specify)""}",lits2.dta,weight,valid substantive responses,3.4847358563489417,10.69767441860465,10.910959997099626,1.13516250164285,8.649099338477852,13.1728206557214,1505,1558,75,1375.6800917483065,36749770.13769531,True,PSU linearization; no explicit strata; approximate
LiTS,2010,spend_the_environment,First priority for extra government spending: the environment?,First priority selected,Spending priority,q305_1,"[1, 2, 3, 4, 5, 6, 7, 8]",[6],"q3051 - In your opinion, which of these fields should be the first priority for","{""-99"": ""Refused"", ""-98"": ""Not applicable"", ""-97"": ""Don't know"", ""-90"": ""Filtered"", ""-1"": ""Not stated"", ""1"": ""Education"", ""2"": ""Healthcare"", ""3"": ""Housing"", ""4"": ""Pensions"", ""5"": ""Assisting the Poor"", ""6"": ""Environment (including water quality)"", ""7"": ""Public infrastructures (e.g. public transport, roads, etc.)"", ""8"": ""Other (specify)""}",lits2.dta,weight,valid substantive responses,3.4847358563489417,2.12624584717608,2.2056417905441914,0.4634909079085316,1.2821159969155425,3.1291675841728406,1505,1558,75,1375.6800917483065,36749770.13769531,True,PSU linearization; no explicit strata; approximate
LiTS,2010,spend_public_infrastructure,First priority for extra government spending: public infrastructure?,First priority selected,Spending priority,q305_1,"[1, 2, 3, 4, 5, 6, 7, 8]",[7],"q3051 - In your opinion, which of these fields should be the first priority for","{""-99"": ""Refused"", ""-98"": ""Not applicable"", ""-97"": ""Don't know"", ""-90"": ""Filtered"", ""-1"": ""Not stated"", ""1"": ""Education"", ""2"": ""Healthcare"", ""3"": ""Housing"", ""4"": ""Pensions"", ""5"": ""Assisting the Poor"", ""6"": ""Environment (including water quality)"", ""7"": ""Public infrastructures (e.g. public transport, roads, etc.)"", ""8"": ""Other (specify)""}",lits2.dta,weight,valid substantive responses,3.4847358563489417,3.920265780730897,3.9689794752981484,0.7968558424380231,2.381209549851344,5.556749400744953,1505,1558,75,1375.6800917483065,36749770.13769531,True,PSU linearization; no explicit strata; approximate
LiTS,2016,market,Is a market economy preferable to any other economic system?,Market economy preferable,Policy,q411,"[1, 2, 3]",[1],Statement about the economic system,"{""-97"": ""Don't know"", ""1"": ""A market economy is preferable to any other form of economic system"", ""2"": ""Under some circumstances, a planned economy may be preferable to a market econom"", ""3"": ""For people like me, it does not matter whether the economic system is organised""}",lits_iii.dta,weight_population,valid substantive responses,8.001720638312882,35.053763440860216,36.641876421943046,3.3638622528449726,29.93923457135212,43.34451827253397,1395,1507,75,757.072147613676,32332755.98,True,PSU linearization; no explicit strata; approximate
LiTS,2016,reduce_gap,Should the gap between rich and poor be reduced?,Agree / strongly agree,Policy,q401h,"[1, 2, 3, 4, 5]","[4, 5]",The gap between the rich and the poor in our country should be reduced,"{""-98"": ""Not applicable"", ""-97"": ""DK"", ""1"": ""Strongly disagree"", ""2"": ""Disagree"", ""3"": ""Neither disagree nor agree"", ""4"": ""Agree"", ""5"": ""Strongly agree""}",lits_iii.dta,weight_population,valid substantive responses,2.008489082448517,64.96598639455782,62.11570196761951,4.378717116266756,53.39091766036478,70.84048627487424,1470,1507,75,750.2031538943178,34439074.65,True,PSU linearization; no explicit strata; approximate
LiTS,2016,income_incentives,Should larger income differences reward individual effort?,Market-oriented half of the 1–10 scale,Policy,q417a,"[1, 2, 3, 4, 5, 6, 7, 8, 9, 10]","[6, 7, 8, 9, 10]",Incomes should be made more equal vs different,"{""-97"": ""DK"", ""1"": ""Incomes should be made more equal"", ""2"": ""2"", ""3"": ""3"", ""4"": ""4"", ""5"": ""5"", ""6"": ""6"", ""7"": ""7"", ""8"": ""8"", ""9"": ""9"", ""10"": ""We need larger income differences as incentives for individual effort""}",lits_iii.dta,weight_population,valid substantive responses,0.465951683182686,18.662207357859533,16.47846758925651,2.6637360600827447,11.170857629859754,21.786077548653267,1495,1507,75,762.8676733253158,34981198.76,True,PSU linearization; no explicit strata; approximate
LiTS,2016,private_ownership,Should private ownership of business increase?,Market-oriented half of the 1–10 scale,Policy,q417b,"[1, 2, 3, 4, 5, 6, 7, 8, 9, 10]","[1, 2, 3, 4, 5]",Private vs government ownership of business and industry,"{""-97"": ""DK"", ""1"": ""Private ownership of business and industry should be increased"", ""2"": ""2"", ""3"": ""3"", ""4"": ""4"", ""5"": ""5"", ""6"": ""6"", ""7"": ""7"", ""8"": ""8"", ""9"": ""9"", ""10"": ""Government ownership of business and industry should be increased""}",lits_iii.dta,weight_population,valid substantive responses,2.005036780628011,58.04243668720055,58.514113742038525,4.94394564087668,48.663087014781574,68.36514046929548,1461,1507,75,749.5361132931494,34440287.96,True,PSU linearization; no explicit strata; approximate
LiTS,2016,competition,Is competition beneficial?,Market-oriented half of the 1–10 scale,Policy,q417c,"[1, 2, 3, 4, 5, 6, 7, 8, 9, 10]","[1, 2, 3, 4, 5]",Competition is good vs harmful,"{""-97"": ""DK"", ""1"": ""Competition is good. It  stimulates people to work hard and develop new ideas"", ""2"": ""2"", ""3"": ""3"", ""4"": ""4"", ""5"": ""5"", ""6"": ""6"", ""7"": ""7"", ""8"": ""8"", ""9"": ""9"", ""10"": ""Competition is harmful. It brings out the worst in people""}",lits_iii.dta,weight_population,valid substantive responses,2.082368643015764,77.70961145194273,73.16217602004092,4.443708964250827,64.30789262884574,82.0164594112361,1467,1507,75,751.5461174048853,34413109.71000001,True,PSU linearization; no explicit strata; approximate
LiTS,2016,pay_a,Would you give income or pay more taxes for public education?,Yes,Policy,q407a,"[1, 2]",[1],Would give more money to - improve public education,"{""-97"": ""Don't know"", ""1"": ""YES"", ""2"": ""NO""}",lits_iii.dta,weight_population,valid substantive responses,2.822531927118055,41.172413793103445,45.06753944236533,4.578126266933943,35.94542372906914,54.18965515566152,1450,1507,75,744.1558579434064,34152979.64,True,PSU linearization; no explicit strata; approximate
LiTS,2016,pay_b,Would you give income or pay more taxes for public health?,Yes,Policy,q407b,"[1, 2]",[1],Would give more money to - improve the public health system,"{""-97"": ""Don't know"", ""1"": ""YES"", ""2"": ""NO""}",lits_iii.dta,weight_population,valid substantive responses,2.0322692507765527,50.13679890560876,52.82219585091233,4.294326922160813,44.26556267598045,61.37882902584421,1462,1507,75,747.0720875257665,34430717.12,True,PSU linearization; no explicit strata; approximate
LiTS,2016,pay_c,Would you give income or pay more taxes for combating climate change?,Yes,Policy,q407c,"[1, 2]",[1],Would give more money to - combat climate change,"{""-97"": ""Don't know"", ""1"": ""YES"", ""2"": ""NO""}",lits_iii.dta,weight_population,valid substantive responses,3.7022493999173456,27.405857740585773,28.388485159293992,4.169681498882528,20.080213411719335,36.69675690686865,1434,1507,75,734.193094669923,33843803.31,True,PSU linearization; no explicit strata; approximate
LiTS,2016,pay_d,Would you give income or pay more taxes for helping people in need?,Yes,Policy,q407d,"[1, 2]",[1],Would give more money to - help the needy,"{""-97"": ""Don't know"", ""1"": ""YES"", ""2"": ""NO""}",lits_iii.dta,weight_population,valid substantive responses,4.307533703737065,41.77840508115737,47.40756647325151,5.108091370634578,37.22947223990373,57.585660706599285,1417,1507,75,726.378130546647,33631076.4,True,PSU linearization; no explicit strata; approximate
LiTS,2016,support_1,Who deserves government support: elderly people?,Selected; all respondents with recorded checkbox,Policy,q408a,"[0, 1]",[1],Deserve support from the government - elderly,"{""0"": ""Not mentioned"", ""1"": ""Mentioned""}",lits_iii.dta,weight_population,valid substantive responses,0.0,93.49701393497014,94.50388121228639,1.2911010647202705,91.93130618415684,97.07645624041594,1507,1507,75,768.4608698446534,35144957.28,True,PSU linearization; no explicit strata; approximate
LiTS,2016,support_2,Who deserves government support: people with disabilities?,Selected; all respondents with recorded checkbox,Policy,q408b,"[0, 1]",[1],Deserve support from the government disabled,"{""0"": ""Not mentioned"", ""1"": ""Mentioned""}",lits_iii.dta,weight_population,valid substantive responses,0.0,94.75779694757797,95.1828227119131,1.2372414949198132,92.7175652192427,97.64808020458351,1507,1507,75,768.4608698446534,35144957.28,True,PSU linearization; no explicit strata; approximate
LiTS,2016,support_3,Who deserves government support: war veterans?,Selected; all respondents with recorded checkbox,Policy,q408c,"[0, 1]",[1],Deserve support from the government - war veterans,"{""0"": ""Not mentioned"", ""1"": ""Mentioned""}",lits_iii.dta,weight_population,valid substantive responses,0.0,93.1652289316523,94.20238965218626,1.1630236546885802,91.88501443429497,96.51976487007754,1507,1507,75,768.4608698446534,35144957.28,True,PSU linearization; no explicit strata; approximate
LiTS,2016,support_4,Who deserves government support: families with children?,Selected; all respondents with recorded checkbox,Policy,q408d,"[0, 1]",[1],Deserve support from the government - families with children,"{""0"": ""Not mentioned"", ""1"": ""Mentioned""}",lits_iii.dta,weight_population,valid substantive responses,0.0,87.52488387524883,87.97273604197706,2.393706920407821,83.20317088834888,92.74230119560524,1507,1507,75,768.4608698446534,35144957.28,True,PSU linearization; no explicit strata; approximate
LiTS,2016,support_5,Who deserves government support: the working poor?,Selected; all respondents with recorded checkbox,Policy,q408e,"[0, 1]",[1],Deserve support from the government - working poor,"{""0"": ""Not mentioned"", ""1"": ""Mentioned""}",lits_iii.dta,weight_population,valid substantive responses,0.0,69.01128069011281,69.76597101727933,4.337382810202209,61.123547112701324,78.40839492185734,1507,1507,75,768.4608698446534,35144957.28,True,PSU linearization; no explicit strata; approximate
LiTS,2016,support_6,Who deserves government support: unemployed people?,Selected; all respondents with recorded checkbox,Policy,q408f,"[0, 1]",[1],Deserve support from the government - unemployed,"{""0"": ""Not mentioned"", ""1"": ""Mentioned""}",lits_iii.dta,weight_population,valid substantive responses,0.0,68.94492368944924,70.96480109877089,4.278814036292869,62.43907802366667,79.49052417387512,1507,1507,75,768.4608698446534,35144957.28,True,PSU linearization; no explicit strata; approximate
LiTS,2016,support_7,Who deserves government support: nobody?,Selected; all respondents with recorded checkbox,Policy,q408g,"[0, 1]",[1],Deserve support from the government - nobody,"{""0"": ""Not mentioned"", ""1"": ""Mentioned""}",lits_iii.dta,weight_population,valid substantive responses,0.0,1.8579960185799602,1.4126143220055152,0.34145681772964476,0.7322467609531305,2.0929818830578997,1507,1507,75,768.4608698446534,35144957.28,True,PSU linearization; no explicit strata; approximate
LiTS,2016,wealth_influence,Are stricter rules needed against wealthy people’s influence on government?,6–10: stricter-rules half of scale,Policy,q417f,"[1, 2, 3, 4, 5, 6, 7, 8, 9, 10]","[6, 7, 8, 9, 10]",There is no problem with the influence of wealthy individuals vs need for strict,"{""-97"": ""DK"", ""1"": ""There is no problem with the influence of wealthy individuals on the way governm"", ""2"": ""2"", ""3"": ""3"", ""4"": ""4"", ""5"": ""5"", ""6"": ""6"", ""7"": ""7"", ""8"": ""8"", ""9"": ""9"", ""10"": ""Wealthy individuals often use their influence on government for their own intere""}",lits_iii.dta,weight_population,valid substantive responses,1.6102845864662818,62.763784887678696,57.23804930066641,5.732883990302375,45.81502859716251,68.66107000417031,1469,1507,75,753.9960724240264,34579023.45,True,PSU linearization; no explicit strata; approximate
LiTS,2016,corporate_donations,Should corporate funding of political parties and candidates be banned?,1–5: ban-funding half of scale,Policy,q417g,"[1, 2, 3, 4, 5, 6, 7, 8, 9, 10]","[1, 2, 3, 4, 5]",Financial support by companies to political parties and candidates should be ban,"{""-97"": ""DK"", ""1"": ""Financial support by companies to political parties and candidates should be ban"", ""2"": ""2"", ""3"": ""3"", ""4"": ""4"", ""5"": ""5"", ""6"": ""6"", ""7"": ""7"", ""8"": ""8"", ""9"": ""9"", ""10"": ""There should be no limits on financial support by companies to political parties""}",lits_iii.dta,weight_population,valid substantive responses,3.6869336607143643,80.98245614035088,81.70493359473699,3.106926443584211,75.51424751956763,87.89561966990634,1425,1507,75,731.3961261108215,33849186.02,True,PSU linearization; no explicit strata; approximate
LiTS,2016,inequality_increased,Has the gap between rich and poor increased?,Became larger,Belief,q421,"[1, 2, 3]",[2],Change in the gap between rich and poor,"{""-99"": ""Refusal"", ""-97"": ""Don't know"", ""1"": ""Stayed the same"", ""2"": ""Became larger"", ""3"": ""Became smaller""}",lits_iii.dta,weight_population,valid substantive responses,2.1070404328572323,78.52760736196319,73.69477169109076,5.136655725182698,63.45976173889409,83.92978164328744,1467,1507,75,747.6011427524617,34404438.82,True,PSU linearization; no explicit strata; approximate
LiTS,2016,connections_a,Are connections important for obtaining a government job?,Very important / essential,Belief,q425a,"[1, 2, 3, 4, 5]","[4, 5]",How important is the influence of connections - to get a good job in the governm,"{""-97"": ""Don't know"", ""1"": ""Not important at all"", ""2"": ""Somewhat important"", ""3"": ""Moderately important"", ""4"": ""Very important"", ""5"": ""Essential""}",lits_iii.dta,weight_population,valid substantive responses,5.623643028653591,45.809248554913296,44.6861257887135,4.621272641656652,35.478039047122934,53.89421253030406,1384,1507,75,706.2393777792901,33168530.34,True,PSU linearization; no explicit strata; approximate
LiTS,2016,connections_b,Are connections important for obtaining a private-sector job?,Very important / essential,Belief,q425b,"[1, 2, 3, 4, 5]","[4, 5]",How important is the influence of connections - to get a good job in the private,"{""-97"": ""Don't know"", ""1"": ""Not important at all"", ""2"": ""Somewhat important"", ""3"": ""Moderately important"", ""4"": ""Very important"", ""5"": ""Essential""}",lits_iii.dta,weight_population,valid substantive responses,5.757356891571675,40.43321299638989,40.8914402705131,4.663642172199274,31.598930396445965,50.18395014458024,1385,1507,75,708.535648977698,33121536.66,True,PSU linearization; no explicit strata; approximate
LiTS,2016,connections_d,Are connections important for obtaining permits or official papers?,Very important / essential,Belief,q425d,"[1, 2, 3, 4, 5]","[4, 5]",How important is the influence of connections - to obtain permits or official pa,"{""-97"": ""Don't know"", ""1"": ""Not important at all"", ""2"": ""Somewhat important"", ""3"": ""Moderately important"", ""4"": ""Very important"", ""5"": ""Essential""}",lits_iii.dta,weight_population,valid substantive responses,4.953669302055841,21.57558552164656,24.396286892691993,3.581452866681698,17.260086279888274,31.532487505495713,1409,1507,75,721.4903124883407,33403992.32,True,PSU linearization; no explicit strata; approximate
LiTS,2016,trust_banks,Do you trust banks and the financial system?,Some / complete trust,Institutional trust,q404j,"[1, 2, 3, 4, 5]","[4, 5]",Trust - banks and the financial system,"{""-98"": ""Not applicable"", ""-97"": ""Don't know"", ""1"": ""Complete distrust"", ""2"": ""Some distrust"", ""3"": ""Neither trust nor distrust"", ""4"": ""Some trust"", ""5"": ""Complete trust""}",lits_iii.dta,weight_population,valid substantive responses,4.101963813796983,12.804453723034099,11.576793752940187,1.7062489107807914,8.17701858460437,14.976568921276003,1437,1507,75,730.8798388542984,33703323.85,True,PSU linearization; no explicit strata; approximate
LiTS,2016,trust_foreign_investors,Do you trust foreign investors?,Some / complete trust,Institutional trust,q404k,"[1, 2, 3, 4, 5]","[4, 5]",Trust - foreign investors,"{""-98"": ""Not applicable"", ""-97"": ""Don't know"", ""1"": ""Complete distrust"", ""2"": ""Some distrust"", ""3"": ""Neither trust nor distrust"", ""4"": ""Some trust"", ""5"": ""Complete trust""}",lits_iii.dta,weight_population,valid substantive responses,11.3980888867935,17.53846153846154,16.762590027795667,2.536790013735683,11.707925587286685,21.81725446830465,1300,1507,75,652.9258543870699,31139103.81,True,PSU linearization; no explicit strata; approximate
LiTS,2016,trust_unions,Do you trust trade unions?,Some / complete trust,Institutional trust,q404m,"[1, 2, 3, 4, 5]","[4, 5]",Trust - trade unions,"{""-98"": ""Not applicable"", ""-97"": ""Don't know"", ""1"": ""Complete distrust"", ""2"": ""Some distrust"", ""3"": ""Neither trust nor distrust"", ""4"": ""Some trust"", ""5"": ""Complete trust""}",lits_iii.dta,weight_population,valid substantive responses,13.36731563669723,18.004676539360872,17.271685950035565,2.825581725703855,11.641591462382237,22.901780437688892,1283,1507,75,634.8178249382829,30447019.909999996,True,PSU linearization; no explicit strata; approximate
LiTS,2016,success_effort,What matters most for success: effort and hard work?,Choose effort and hard work,Belief,q409,"[1, 2, 3, 4, 5]",[1],Most important factor to succeed in the country,"{""-97"": ""Don't know"", ""1"": ""Effort and hard work"", ""2"": ""Intelligence and skills"", ""3"": ""By political connections"", ""4"": ""By breaking the law"", ""5"": ""Other""}",lits_iii.dta,weight_population,valid substantive responses,5.6313269759649565,31.672597864768683,34.307569422365205,3.5304728803603163,27.27294864969057,41.34219019503984,1405,1507,75,715.695069650253,33165829.82,True,PSU linearization; no explicit strata; approximate
LiTS,2016,success_skill,What matters most for success: intelligence and skills?,Choose intelligence and skills,Belief,q409,"[1, 2, 3, 4, 5]",[2],Most important factor to succeed in the country,"{""-97"": ""Don't know"", ""1"": ""Effort and hard work"", ""2"": ""Intelligence and skills"", ""3"": ""By political connections"", ""4"": ""By breaking the law"", ""5"": ""Other""}",lits_iii.dta,weight_population,valid substantive responses,5.6313269759649565,30.462633451957295,28.58426242144904,3.245076741829207,22.118305868154323,35.05021897474376,1405,1507,75,715.695069650253,33165829.82,True,PSU linearization; no explicit strata; approximate
LiTS,2016,poverty_1,Why are some people poor: bad luck?,Choose named explanation,Belief,q410,"[1, 2, 3, 4, 5]",[1],Main reason there are some people in need in the country,"{""-97"": ""Don't know"", ""1"": ""Because they have been unlucky"", ""2"": ""Because of laziness and lack of willpower"", ""3"": ""Because of injustice in our society"", ""4"": ""It is an inevitable part of modern life"", ""5"": ""Other""}",lits_iii.dta,weight_population,valid substantive responses,1.3123080683397514,7.6558265582655824,6.3127788911281,1.1587482396451125,4.003922623670876,8.621635158585324,1476,1507,75,753.8994953678413,34683747.17,True,PSU linearization; no explicit strata; approximate
LiTS,2016,poverty_2,Why are some people poor: laziness and lack of willpower?,Choose named explanation,Belief,q410,"[1, 2, 3, 4, 5]",[2],Main reason there are some people in need in the country,"{""-97"": ""Don't know"", ""1"": ""Because they have been unlucky"", ""2"": ""Because of laziness and lack of willpower"", ""3"": ""Because of injustice in our society"", ""4"": ""It is an inevitable part of modern life"", ""5"": ""Other""}",lits_iii.dta,weight_population,valid substantive responses,1.3123080683397514,16.59891598915989,16.11119180004102,1.9381186485445732,12.249406093994672,19.972977506087368,1476,1507,75,753.8994953678413,34683747.17,True,PSU linearization; no explicit strata; approximate
LiTS,2016,poverty_3,Why are some people poor: injustice in society?,Choose named explanation,Belief,q410,"[1, 2, 3, 4, 5]",[3],Main reason there are some people in need in the country,"{""-97"": ""Don't know"", ""1"": ""Because they have been unlucky"", ""2"": ""Because of laziness and lack of willpower"", ""3"": ""Because of injustice in our society"", ""4"": ""It is an inevitable part of modern life"", ""5"": ""Other""}",lits_iii.dta,weight_population,valid substantive responses,1.3123080683397514,53.2520325203252,55.82254519703904,3.5160950714819363,48.81657283391998,62.828517560158105,1476,1507,75,753.8994953678413,34683747.17,True,PSU linearization; no explicit strata; approximate
LiTS,2016,poverty_4,Why are some people poor: an inevitable part of modern life?,Choose named explanation,Belief,q410,"[1, 2, 3, 4, 5]",[4],Main reason there are some people in need in the country,"{""-97"": ""Don't know"", ""1"": ""Because they have been unlucky"", ""2"": ""Because of laziness and lack of willpower"", ""3"": ""Because of injustice in our society"", ""4"": ""It is an inevitable part of modern life"", ""5"": ""Other""}",lits_iii.dta,weight_population,valid substantive responses,1.3123080683397514,19.10569105691057,19.30237640467727,2.3824760337538806,14.555189281196508,24.04956352815803,1476,1507,75,753.8994953678413,34683747.17,True,PSU linearization; no explicit strata; approximate
LiTS,2016,spend_education,First priority for extra government spending: education?,First priority selected,Spending priority,q406a,"[1, 2, 3, 4, 5, 6, 7, 8]",[1],First priority of government spending,"{""-97"": ""Don't know"", ""1"": ""Education"", ""2"": ""Healthcare"", ""3"": ""Housing"", ""4"": ""Pensions"", ""5"": ""Assisting the Poor"", ""6"": ""Environment (including water quality)"", ""7"": ""Public infrastructures (e.g. public transport, roads, etc.)"", ""8"": ""Other""}",lits_iii.dta,weight_population,valid substantive responses,1.2512341286875062,14.420485175202156,14.730407472709608,1.898070832867951,10.94841878128592,18.512396164133296,1484,1507,75,755.9026014522032,34705211.58,True,PSU linearization; no explicit strata; approximate
LiTS,2016,spend_health,First priority for extra government spending: health?,First priority selected,Spending priority,q406a,"[1, 2, 3, 4, 5, 6, 7, 8]",[2],First priority of government spending,"{""-97"": ""Don't know"", ""1"": ""Education"", ""2"": ""Healthcare"", ""3"": ""Housing"", ""4"": ""Pensions"", ""5"": ""Assisting the Poor"", ""6"": ""Environment (including water quality)"", ""7"": ""Public infrastructures (e.g. public transport, roads, etc.)"", ""8"": ""Other""}",lits_iii.dta,weight_population,valid substantive responses,1.2512341286875062,33.894878706199464,34.865555053907556,2.732438678309795,29.421052139460592,40.31005796835452,1484,1507,75,755.9026014522032,34705211.58,True,PSU linearization; no explicit strata; approximate
LiTS,2016,spend_housing,First priority for extra government spending: housing?,First priority selected,Spending priority,q406a,"[1, 2, 3, 4, 5, 6, 7, 8]",[3],First priority of government spending,"{""-97"": ""Don't know"", ""1"": ""Education"", ""2"": ""Healthcare"", ""3"": ""Housing"", ""4"": ""Pensions"", ""5"": ""Assisting the Poor"", ""6"": ""Environment (including water quality)"", ""7"": ""Public infrastructures (e.g. public transport, roads, etc.)"", ""8"": ""Other""}",lits_iii.dta,weight_population,valid substantive responses,1.2512341286875062,10.107816711590296,11.821460504693457,2.6751966664414337,6.491014788645865,17.151906220741047,1484,1507,75,755.9026014522032,34705211.58,True,PSU linearization; no explicit strata; approximate
LiTS,2016,spend_pensions,First priority for extra government spending: pensions?,First priority selected,Spending priority,q406a,"[1, 2, 3, 4, 5, 6, 7, 8]",[4],First priority of government spending,"{""-97"": ""Don't know"", ""1"": ""Education"", ""2"": ""Healthcare"", ""3"": ""Housing"", ""4"": ""Pensions"", ""5"": ""Assisting the Poor"", ""6"": ""Environment (including water quality)"", ""7"": ""Public infrastructures (e.g. public transport, roads, etc.)"", ""8"": ""Other""}",lits_iii.dta,weight_population,valid substantive responses,1.2512341286875062,19.81132075471698,18.387680119136736,2.0513136177446283,14.300348513523613,22.47501172474986,1484,1507,75,755.9026014522032,34705211.58,True,PSU linearization; no explicit strata; approximate
LiTS,2016,spend_helping_the_poor,First priority for extra government spending: helping the poor?,First priority selected,Spending priority,q406a,"[1, 2, 3, 4, 5, 6, 7, 8]",[5],First priority of government spending,"{""-97"": ""Don't know"", ""1"": ""Education"", ""2"": ""Healthcare"", ""3"": ""Housing"", ""4"": ""Pensions"", ""5"": ""Assisting the Poor"", ""6"": ""Environment (including water quality)"", ""7"": ""Public infrastructures (e.g. public transport, roads, etc.)"", ""8"": ""Other""}",lits_iii.dta,weight_population,valid substantive responses,1.2512341286875062,7.884097035040432,7.662997800401251,1.0207740006007793,5.629061205454351,9.696934395348151,1484,1507,75,755.9026014522032,34705211.58,True,PSU linearization; no explicit strata; approximate
LiTS,2016,spend_the_environment,First priority for extra government spending: the environment?,First priority selected,Spending priority,q406a,"[1, 2, 3, 4, 5, 6, 7, 8]",[6],First priority of government spending,"{""-97"": ""Don't know"", ""1"": ""Education"", ""2"": ""Healthcare"", ""3"": ""Housing"", ""4"": ""Pensions"", ""5"": ""Assisting the Poor"", ""6"": ""Environment (including water quality)"", ""7"": ""Public infrastructures (e.g. public transport, roads, etc.)"", ""8"": ""Other""}",lits_iii.dta,weight_population,valid substantive responses,1.2512341286875062,1.482479784366577,1.5980388095936802,0.6332583700277423,0.3362439636260226,2.8598336555613377,1484,1507,75,755.9026014522032,34705211.58,True,PSU linearization; no explicit strata; approximate
LiTS,2016,spend_public_infrastructure,First priority for extra government spending: public infrastructure?,First priority selected,Spending priority,q406a,"[1, 2, 3, 4, 5, 6, 7, 8]",[7],First priority of government spending,"{""-97"": ""Don't know"", ""1"": ""Education"", ""2"": ""Healthcare"", ""3"": ""Housing"", ""4"": ""Pensions"", ""5"": ""Assisting the Poor"", ""6"": ""Environment (including water quality)"", ""7"": ""Public infrastructures (e.g. public transport, roads, etc.)"", ""8"": ""Other""}",lits_iii.dta,weight_population,valid substantive responses,1.2512341286875062,8.086253369272237,7.952836892055046,1.3710625114985626,5.220935203282154,10.68473858082794,1484,1507,75,755.9026014522032,34705211.58,True,PSU linearization; no explicit strata; approximate
