survey,year,item,question,question_type,source_file,source_sha256,source_field,source_table,age_group,response,estimate,se,ci_low,ci_high,n_valid,n_domain,n_psu,design_df,kish_n,weight_sum,weighted,variance_method,denominator,excluded_non_numeric_pct
ISSP,2009,income_gap,Income differences are too large?,ordinal,ZA5400_v4-0-0.sav,ff5bd2c5c8c7ba6e8e7ba11541b464be2d464ddfa95385d74507f226bbbaaa2d,V32,original microdata,All,Agree,94.44683651513947,0.534628779395412,93.39835231559456,95.49532071468437,2012,2012,2012,2011,1829.3848508727403,2012.0000000000052,True,Approximate weighted respondent linearization; PSU/stratum unavailable in supplied file,all eligible adults,
ISSP,2009,income_gap,Income differences are too large?,ordinal,ZA5400_v4-0-0.sav,ff5bd2c5c8c7ba6e8e7ba11541b464be2d464ddfa95385d74507f226bbbaaa2d,V32,original microdata,All,Disagree,0.7599538390344374,0.21084280701480315,0.34646066346557153,1.1734470146033031,2012,2012,2012,2011,1829.3848508727403,2012.0000000000052,True,Approximate weighted respondent linearization; PSU/stratum unavailable in supplied file,all eligible adults,
ISSP,2009,income_gap,Income differences are too large?,ordinal,ZA5400_v4-0-0.sav,ff5bd2c5c8c7ba6e8e7ba11541b464be2d464ddfa95385d74507f226bbbaaa2d,V32,original microdata,All,Neither agree nor disagree,3.2370993876157015,0.41664216332115744,2.420003971240165,4.054194803991238,2012,2012,2012,2011,1829.3848508727403,2012.0000000000052,True,Approximate weighted respondent linearization; PSU/stratum unavailable in supplied file,all eligible adults,
ISSP,2009,income_gap,Income differences are too large?,ordinal,ZA5400_v4-0-0.sav,ff5bd2c5c8c7ba6e8e7ba11541b464be2d464ddfa95385d74507f226bbbaaa2d,V32,original microdata,All,Don't know,1.5561102582103903,0.27776884094984666,1.011365470638048,2.1008550457827324,2012,2012,2012,2011,1829.3848508727403,2012.0000000000052,True,Approximate weighted respondent linearization; PSU/stratum unavailable in supplied file,all eligible adults,
ISSP,2009,income_gap,Income differences are too large?,ordinal,ZA5400_v4-0-0.sav,ff5bd2c5c8c7ba6e8e7ba11541b464be2d464ddfa95385d74507f226bbbaaa2d,V32,original microdata,All,No answer,0.0,0.0,0.0,0.0,2012,2012,2012,2011,1829.3848508727403,2012.0000000000052,True,Approximate weighted respondent linearization; PSU/stratum unavailable in supplied file,all eligible adults,
ISSP,2009,redistribution,Government should reduce income differences?,ordinal,ZA5400_v4-0-0.sav,ff5bd2c5c8c7ba6e8e7ba11541b464be2d464ddfa95385d74507f226bbbaaa2d,V33,original microdata,All,Agree,86.40081157061108,0.806523460147311,84.81910265946152,87.98252048176064,2012,2012,2012,2011,1829.3848508727403,2012.0000000000052,True,Approximate weighted respondent linearization; PSU/stratum unavailable in supplied file,all eligible adults,
ISSP,2009,redistribution,Government should reduce income differences?,ordinal,ZA5400_v4-0-0.sav,ff5bd2c5c8c7ba6e8e7ba11541b464be2d464ddfa95385d74507f226bbbaaa2d,V33,original microdata,All,Disagree,2.1323792606435807,0.3368779381063843,1.4717130023115108,2.7930455189756507,2012,2012,2012,2011,1829.3848508727403,2012.0000000000052,True,Approximate weighted respondent linearization; PSU/stratum unavailable in supplied file,all eligible adults,
ISSP,2009,redistribution,Government should reduce income differences?,ordinal,ZA5400_v4-0-0.sav,ff5bd2c5c8c7ba6e8e7ba11541b464be2d464ddfa95385d74507f226bbbaaa2d,V33,original microdata,All,Neither agree nor disagree,7.8749417272537805,0.6439144403337091,6.612132573372895,9.137750881134666,2012,2012,2012,2011,1829.3848508727403,2012.0000000000052,True,Approximate weighted respondent linearization; PSU/stratum unavailable in supplied file,all eligible adults,
ISSP,2009,redistribution,Government should reduce income differences?,ordinal,ZA5400_v4-0-0.sav,ff5bd2c5c8c7ba6e8e7ba11541b464be2d464ddfa95385d74507f226bbbaaa2d,V33,original microdata,All,Don't know,3.5918674414915617,0.42471467410818226,2.7589406663544884,4.4247942166286345,2012,2012,2012,2011,1829.3848508727403,2012.0000000000052,True,Approximate weighted respondent linearization; PSU/stratum unavailable in supplied file,all eligible adults,
ISSP,2009,redistribution,Government should reduce income differences?,ordinal,ZA5400_v4-0-0.sav,ff5bd2c5c8c7ba6e8e7ba11541b464be2d464ddfa95385d74507f226bbbaaa2d,V33,original microdata,All,No answer,0.0,0.0,0.0,0.0,2012,2012,2012,2011,1829.3848508727403,2012.0000000000052,True,Approximate weighted respondent linearization; PSU/stratum unavailable in supplied file,all eligible adults,
ISSP,2009,unemployed_living,Government should provide a decent living for unemployed people?,ordinal,ZA5400_v4-0-0.sav,ff5bd2c5c8c7ba6e8e7ba11541b464be2d464ddfa95385d74507f226bbbaaa2d,V34,original microdata,All,Agree,85.96612131020427,0.8139672977010086,84.36981395924035,87.5624286611682,2012,2012,2012,2011,1829.3848508727403,2012.0000000000052,True,Approximate weighted respondent linearization; PSU/stratum unavailable in supplied file,all eligible adults,
ISSP,2009,unemployed_living,Government should provide a decent living for unemployed people?,ordinal,ZA5400_v4-0-0.sav,ff5bd2c5c8c7ba6e8e7ba11541b464be2d464ddfa95385d74507f226bbbaaa2d,V34,original microdata,All,Disagree,3.0872290710087813,0.3972521330775995,2.3081603025104105,3.866297839507152,2012,2012,2012,2011,1829.3848508727403,2012.0000000000052,True,Approximate weighted respondent linearization; PSU/stratum unavailable in supplied file,all eligible adults,
ISSP,2009,unemployed_living,Government should provide a decent living for unemployed people?,ordinal,ZA5400_v4-0-0.sav,ff5bd2c5c8c7ba6e8e7ba11541b464be2d464ddfa95385d74507f226bbbaaa2d,V34,original microdata,All,Neither agree nor disagree,9.027283910548928,0.677883716012007,7.697856104265982,10.356711716831873,2012,2012,2012,2011,1829.3848508727403,2012.0000000000052,True,Approximate weighted respondent linearization; PSU/stratum unavailable in supplied file,all eligible adults,
ISSP,2009,unemployed_living,Government should provide a decent living for unemployed people?,ordinal,ZA5400_v4-0-0.sav,ff5bd2c5c8c7ba6e8e7ba11541b464be2d464ddfa95385d74507f226bbbaaa2d,V34,original microdata,All,Don't know,1.9193657082380278,0.3168419661119282,1.2979928827856237,2.5407385336904316,2012,2012,2012,2011,1829.3848508727403,2012.0000000000052,True,Approximate weighted respondent linearization; PSU/stratum unavailable in supplied file,all eligible adults,
ISSP,2009,unemployed_living,Government should provide a decent living for unemployed people?,ordinal,ZA5400_v4-0-0.sav,ff5bd2c5c8c7ba6e8e7ba11541b464be2d464ddfa95385d74507f226bbbaaa2d,V34,original microdata,All,No answer,0.0,0.0,0.0,0.0,2012,2012,2012,2011,1829.3848508727403,2012.0000000000052,True,Approximate weighted respondent linearization; PSU/stratum unavailable in supplied file,all eligible adults,
ISSP,2009,tax_rich,"Should richer people pay higher, the same or lower taxes?",ordinal,ZA5400_v4-0-0.sav,ff5bd2c5c8c7ba6e8e7ba11541b464be2d464ddfa95385d74507f226bbbaaa2d,V36,original microdata,All,Higher taxes,80.84907479350882,0.9224418602917146,79.04003316913463,82.65811641788301,2012,2012,2012,2011,1829.3848508727403,2012.0000000000052,True,Approximate weighted respondent linearization; PSU/stratum unavailable in supplied file,all eligible adults,
ISSP,2009,tax_rich,"Should richer people pay higher, the same or lower taxes?",ordinal,ZA5400_v4-0-0.sav,ff5bd2c5c8c7ba6e8e7ba11541b464be2d464ddfa95385d74507f226bbbaaa2d,V36,original microdata,All,Lower taxes,1.372631859979618,0.2632402270382574,0.8563797812076059,1.8888839387516299,2012,2012,2012,2011,1829.3848508727403,2012.0000000000052,True,Approximate weighted respondent linearization; PSU/stratum unavailable in supplied file,all eligible adults,
ISSP,2009,tax_rich,"Should richer people pay higher, the same or lower taxes?",ordinal,ZA5400_v4-0-0.sav,ff5bd2c5c8c7ba6e8e7ba11541b464be2d464ddfa95385d74507f226bbbaaa2d,V36,original microdata,All,The same taxes,9.928123190911585,0.7106839239509838,8.534369442795327,11.321876939027842,2012,2012,2012,2011,1829.3848508727403,2012.0000000000052,True,Approximate weighted respondent linearization; PSU/stratum unavailable in supplied file,all eligible adults,
ISSP,2009,tax_rich,"Should richer people pay higher, the same or lower taxes?",ordinal,ZA5400_v4-0-0.sav,ff5bd2c5c8c7ba6e8e7ba11541b464be2d464ddfa95385d74507f226bbbaaa2d,V36,original microdata,All,Don't know,7.850170155599975,0.6233105806026534,6.627768144413654,9.072572166786296,2012,2012,2012,2011,1829.3848508727403,2012.0000000000052,True,Approximate weighted respondent linearization; PSU/stratum unavailable in supplied file,all eligible adults,
ISSP,2009,tax_rich,"Should richer people pay higher, the same or lower taxes?",ordinal,ZA5400_v4-0-0.sav,ff5bd2c5c8c7ba6e8e7ba11541b464be2d464ddfa95385d74507f226bbbaaa2d,V36,original microdata,All,No answer,0.0,0.0,0.0,0.0,2012,2012,2012,2011,1829.3848508727403,2012.0000000000052,True,Approximate weighted respondent linearization; PSU/stratum unavailable in supplied file,all eligible adults,
ISSP,2009,tax_level,Are current taxes on high incomes too high or too low?,ordinal,ZA5400_v4-0-0.sav,ff5bd2c5c8c7ba6e8e7ba11541b464be2d464ddfa95385d74507f226bbbaaa2d,V37,original microdata,All,Too high,10.998646406735014,0.7466348838196138,9.534387637502315,12.462905175967714,2012,2012,2012,2011,1829.3848508727403,2012.0000000000052,True,Approximate weighted respondent linearization; PSU/stratum unavailable in supplied file,all eligible adults,
ISSP,2009,tax_level,Are current taxes on high incomes too high or too low?,ordinal,ZA5400_v4-0-0.sav,ff5bd2c5c8c7ba6e8e7ba11541b464be2d464ddfa95385d74507f226bbbaaa2d,V37,original microdata,All,Too low,53.075252618185246,1.1675204445797671,50.78557651774817,55.36492871862232,2012,2012,2012,2011,1829.3848508727403,2012.0000000000052,True,Approximate weighted respondent linearization; PSU/stratum unavailable in supplied file,all eligible adults,
ISSP,2009,tax_level,Are current taxes on high incomes too high or too low?,ordinal,ZA5400_v4-0-0.sav,ff5bd2c5c8c7ba6e8e7ba11541b464be2d464ddfa95385d74507f226bbbaaa2d,V37,original microdata,All,About right,11.172732157319915,0.741258299678178,9.719017645592757,12.626446669047073,2012,2012,2012,2011,1829.3848508727403,2012.0000000000052,True,Approximate weighted respondent linearization; PSU/stratum unavailable in supplied file,all eligible adults,
ISSP,2009,tax_level,Are current taxes on high incomes too high or too low?,ordinal,ZA5400_v4-0-0.sav,ff5bd2c5c8c7ba6e8e7ba11541b464be2d464ddfa95385d74507f226bbbaaa2d,V37,original microdata,All,Don't know,24.67603576680418,1.002645372267532,22.70970347964571,26.64236805396265,2012,2012,2012,2011,1829.3848508727403,2012.0000000000052,True,Approximate weighted respondent linearization; PSU/stratum unavailable in supplied file,all eligible adults,
ISSP,2009,tax_level,Are current taxes on high incomes too high or too low?,ordinal,ZA5400_v4-0-0.sav,ff5bd2c5c8c7ba6e8e7ba11541b464be2d464ddfa95385d74507f226bbbaaa2d,V37,original microdata,All,No answer,0.0773330509556518,0.07731358913621861,0.0,0.22895615794794819,2012,2012,2012,2011,1829.3848508727403,2012.0000000000052,True,Approximate weighted respondent linearization; PSU/stratum unavailable in supplied file,all eligible adults,
ISSP,2009,buy_health,Is it fair that richer people can buy better healthcare?,ordinal,ZA5400_v4-0-0.sav,ff5bd2c5c8c7ba6e8e7ba11541b464be2d464ddfa95385d74507f226bbbaaa2d,V38,original microdata,All,Fair,13.501517279955396,0.8156577955318336,11.901894618755106,15.101139941155685,2012,2012,2012,2011,1829.3848508727403,2012.0000000000052,True,Approximate weighted respondent linearization; PSU/stratum unavailable in supplied file,all eligible adults,
ISSP,2009,buy_health,Is it fair that richer people can buy better healthcare?,ordinal,ZA5400_v4-0-0.sav,ff5bd2c5c8c7ba6e8e7ba11541b464be2d464ddfa95385d74507f226bbbaaa2d,V38,original microdata,All,Unfair,60.24010689573714,1.147564854426306,57.989566587788,62.49064720368629,2012,2012,2012,2011,1829.3848508727403,2012.0000000000052,True,Approximate weighted respondent linearization; PSU/stratum unavailable in supplied file,all eligible adults,
ISSP,2009,buy_health,Is it fair that richer people can buy better healthcare?,ordinal,ZA5400_v4-0-0.sav,ff5bd2c5c8c7ba6e8e7ba11541b464be2d464ddfa95385d74507f226bbbaaa2d,V38,original microdata,All,Mixed feelings,18.793394417516573,0.9153112713331272,16.99833690725046,20.588451927782685,2012,2012,2012,2011,1829.3848508727403,2012.0000000000052,True,Approximate weighted respondent linearization; PSU/stratum unavailable in supplied file,all eligible adults,
ISSP,2009,buy_health,Is it fair that richer people can buy better healthcare?,ordinal,ZA5400_v4-0-0.sav,ff5bd2c5c8c7ba6e8e7ba11541b464be2d464ddfa95385d74507f226bbbaaa2d,V38,original microdata,All,Don't know,7.333405498297127,0.6032775825829378,6.150291087596772,8.516519908997482,2012,2012,2012,2011,1829.3848508727403,2012.0000000000052,True,Approximate weighted respondent linearization; PSU/stratum unavailable in supplied file,all eligible adults,
ISSP,2009,buy_health,Is it fair that richer people can buy better healthcare?,ordinal,ZA5400_v4-0-0.sav,ff5bd2c5c8c7ba6e8e7ba11541b464be2d464ddfa95385d74507f226bbbaaa2d,V38,original microdata,All,No answer,0.131575908493764,0.0944092237487091,0.0,0.3167260223798142,2012,2012,2012,2011,1829.3848508727403,2012.0000000000052,True,Approximate weighted respondent linearization; PSU/stratum unavailable in supplied file,all eligible adults,
ISSP,2009,buy_education,Is it fair that richer people can buy better education for their children?,ordinal,ZA5400_v4-0-0.sav,ff5bd2c5c8c7ba6e8e7ba11541b464be2d464ddfa95385d74507f226bbbaaa2d,V39,original microdata,All,Fair,12.48956309713193,0.7821710784781791,10.955612721222925,14.023513473040934,2012,2012,2012,2011,1829.3848508727403,2012.0000000000052,True,Approximate weighted respondent linearization; PSU/stratum unavailable in supplied file,all eligible adults,
ISSP,2009,buy_education,Is it fair that richer people can buy better education for their children?,ordinal,ZA5400_v4-0-0.sav,ff5bd2c5c8c7ba6e8e7ba11541b464be2d464ddfa95385d74507f226bbbaaa2d,V39,original microdata,All,Unfair,62.86771771818378,1.1331199654505157,60.64550592235182,65.08992951401575,2012,2012,2012,2011,1829.3848508727403,2012.0000000000052,True,Approximate weighted respondent linearization; PSU/stratum unavailable in supplied file,all eligible adults,
ISSP,2009,buy_education,Is it fair that richer people can buy better education for their children?,ordinal,ZA5400_v4-0-0.sav,ff5bd2c5c8c7ba6e8e7ba11541b464be2d464ddfa95385d74507f226bbbaaa2d,V39,original microdata,All,Mixed feelings,17.63422614324422,0.8983370501079567,15.872457530695694,19.395994755792746,2012,2012,2012,2011,1829.3848508727403,2012.0000000000052,True,Approximate weighted respondent linearization; PSU/stratum unavailable in supplied file,all eligible adults,
ISSP,2009,buy_education,Is it fair that richer people can buy better education for their children?,ordinal,ZA5400_v4-0-0.sav,ff5bd2c5c8c7ba6e8e7ba11541b464be2d464ddfa95385d74507f226bbbaaa2d,V39,original microdata,All,Don't know,6.787336183341149,0.5801379311041727,5.649601968944287,7.925070397738011,2012,2012,2012,2011,1829.3848508727403,2012.0000000000052,True,Approximate weighted respondent linearization; PSU/stratum unavailable in supplied file,all eligible adults,
ISSP,2009,buy_education,Is it fair that richer people can buy better education for their children?,ordinal,ZA5400_v4-0-0.sav,ff5bd2c5c8c7ba6e8e7ba11541b464be2d464ddfa95385d74507f226bbbaaa2d,V39,original microdata,All,No answer,0.2211568580989167,0.11368069574274502,0.0,0.44410111002326813,2012,2012,2012,2011,1829.3848508727403,2012.0000000000052,True,Approximate weighted respondent linearization; PSU/stratum unavailable in supplied file,all eligible adults,
ISSP,2009,society_actual,Which diagram best describes the shape of Ukrainian society?,nominal,ZA5400_v4-0-0.sav,ff5bd2c5c8c7ba6e8e7ba11541b464be2d464ddfa95385d74507f226bbbaaa2d,V54,original microdata,All,A: Elite over a large bottom,62.92786224423079,1.127866437593419,60.715953374770024,65.13977111369155,2012,2012,2012,2011,1829.3848508727403,2012.0000000000052,True,Approximate weighted respondent linearization; PSU/stratum unavailable in supplied file,all eligible adults,
ISSP,2009,society_actual,Which diagram best describes the shape of Ukrainian society?,nominal,ZA5400_v4-0-0.sav,ff5bd2c5c8c7ba6e8e7ba11541b464be2d464ddfa95385d74507f226bbbaaa2d,V54,original microdata,All,B: Pyramid,20.0374758913784,0.9326079041356298,18.208497187757786,21.866454594999013,2012,2012,2012,2011,1829.3848508727403,2012.0000000000052,True,Approximate weighted respondent linearization; PSU/stratum unavailable in supplied file,all eligible adults,
ISSP,2009,society_actual,Which diagram best describes the shape of Ukrainian society?,nominal,ZA5400_v4-0-0.sav,ff5bd2c5c8c7ba6e8e7ba11541b464be2d464ddfa95385d74507f226bbbaaa2d,V54,original microdata,All,C: Pyramid with few at bottom,4.5393614779751905,0.49654611821364486,3.565562873490959,5.5131600824594225,2012,2012,2012,2011,1829.3848508727403,2012.0000000000052,True,Approximate weighted respondent linearization; PSU/stratum unavailable in supplied file,all eligible adults,
ISSP,2009,society_actual,Which diagram best describes the shape of Ukrainian society?,nominal,ZA5400_v4-0-0.sav,ff5bd2c5c8c7ba6e8e7ba11541b464be2d464ddfa95385d74507f226bbbaaa2d,V54,original microdata,All,D: Most people in the middle,2.3057512428364206,0.361614010499851,1.596573976375163,3.014928509297678,2012,2012,2012,2011,1829.3848508727403,2012.0000000000052,True,Approximate weighted respondent linearization; PSU/stratum unavailable in supplied file,all eligible adults,
ISSP,2009,society_actual,Which diagram best describes the shape of Ukrainian society?,nominal,ZA5400_v4-0-0.sav,ff5bd2c5c8c7ba6e8e7ba11541b464be2d464ddfa95385d74507f226bbbaaa2d,V54,original microdata,All,"E: Many near top, few at bottom",1.4687186232249196,0.2818912032080884,0.915889288282242,2.0215479581675972,2012,2012,2012,2011,1829.3848508727403,2012.0000000000052,True,Approximate weighted respondent linearization; PSU/stratum unavailable in supplied file,all eligible adults,
ISSP,2009,society_actual,Which diagram best describes the shape of Ukrainian society?,nominal,ZA5400_v4-0-0.sav,ff5bd2c5c8c7ba6e8e7ba11541b464be2d464ddfa95385d74507f226bbbaaa2d,V54,original microdata,All,Don't know,8.432427876244141,0.6336755469346814,7.189698670101657,9.675157082386626,2012,2012,2012,2011,1829.3848508727403,2012.0000000000052,True,Approximate weighted respondent linearization; PSU/stratum unavailable in supplied file,all eligible adults,
ISSP,2009,society_actual,Which diagram best describes the shape of Ukrainian society?,nominal,ZA5400_v4-0-0.sav,ff5bd2c5c8c7ba6e8e7ba11541b464be2d464ddfa95385d74507f226bbbaaa2d,V54,original microdata,All,No answer,0.28840264411014005,0.13475314269492722,0.024132282319244636,0.5526730059010354,2012,2012,2012,2011,1829.3848508727403,2012.0000000000052,True,Approximate weighted respondent linearization; PSU/stratum unavailable in supplied file,all eligible adults,
ISSP,2009,society_ideal,Which shape of society would you prefer for Ukraine?,nominal,ZA5400_v4-0-0.sav,ff5bd2c5c8c7ba6e8e7ba11541b464be2d464ddfa95385d74507f226bbbaaa2d,V55,original microdata,All,A: Elite over a large bottom,1.0151324686194312,0.24151684894323275,0.5414830696341868,1.4887818676046756,2012,2012,2012,2011,1829.3848508727403,2012.0000000000052,True,Approximate weighted respondent linearization; PSU/stratum unavailable in supplied file,all eligible adults,
ISSP,2009,society_ideal,Which shape of society would you prefer for Ukraine?,nominal,ZA5400_v4-0-0.sav,ff5bd2c5c8c7ba6e8e7ba11541b464be2d464ddfa95385d74507f226bbbaaa2d,V55,original microdata,All,B: Pyramid,3.536415325003066,0.4274785217660954,2.6980682457017684,4.374762404304364,2012,2012,2012,2011,1829.3848508727403,2012.0000000000052,True,Approximate weighted respondent linearization; PSU/stratum unavailable in supplied file,all eligible adults,
ISSP,2009,society_ideal,Which shape of society would you prefer for Ukraine?,nominal,ZA5400_v4-0-0.sav,ff5bd2c5c8c7ba6e8e7ba11541b464be2d464ddfa95385d74507f226bbbaaa2d,V55,original microdata,All,C: Pyramid with few at bottom,7.548142845440082,0.6317863319598948,6.309118662534184,8.78716702834598,2012,2012,2012,2011,1829.3848508727403,2012.0000000000052,True,Approximate weighted respondent linearization; PSU/stratum unavailable in supplied file,all eligible adults,
ISSP,2009,society_ideal,Which shape of society would you prefer for Ukraine?,nominal,ZA5400_v4-0-0.sav,ff5bd2c5c8c7ba6e8e7ba11541b464be2d464ddfa95385d74507f226bbbaaa2d,V55,original microdata,All,D: Most people in the middle,49.435081674046295,1.1692416514087667,47.142030038595195,51.728133309497395,2012,2012,2012,2011,1829.3848508727403,2012.0000000000052,True,Approximate weighted respondent linearization; PSU/stratum unavailable in supplied file,all eligible adults,
ISSP,2009,society_ideal,Which shape of society would you prefer for Ukraine?,nominal,ZA5400_v4-0-0.sav,ff5bd2c5c8c7ba6e8e7ba11541b464be2d464ddfa95385d74507f226bbbaaa2d,V55,original microdata,All,"E: Many near top, few at bottom",28.32756533573277,1.0574322517626724,26.253788070475697,30.401342600989846,2012,2012,2012,2011,1829.3848508727403,2012.0000000000052,True,Approximate weighted respondent linearization; PSU/stratum unavailable in supplied file,all eligible adults,
ISSP,2009,society_ideal,Which shape of society would you prefer for Ukraine?,nominal,ZA5400_v4-0-0.sav,ff5bd2c5c8c7ba6e8e7ba11541b464be2d464ddfa95385d74507f226bbbaaa2d,V55,original microdata,All,Don't know,9.681667688095464,0.664394947847446,8.378693303021644,10.984642073169285,2012,2012,2012,2011,1829.3848508727403,2012.0000000000052,True,Approximate weighted respondent linearization; PSU/stratum unavailable in supplied file,all eligible adults,
ISSP,2009,society_ideal,Which shape of society would you prefer for Ukraine?,nominal,ZA5400_v4-0-0.sav,ff5bd2c5c8c7ba6e8e7ba11541b464be2d464ddfa95385d74507f226bbbaaa2d,V55,original microdata,All,No answer,0.4559946630628846,0.1699339404620287,0.12272967919439792,0.7892596469313713,2012,2012,2012,2011,1829.3848508727403,2012.0000000000052,True,Approximate weighted respondent linearization; PSU/stratum unavailable in supplied file,all eligible adults,
ISSP,2009,ahead_wealth,Importance for getting ahead: coming from a wealthy family?,ordinal,ZA5400_v4-0-0.sav,ff5bd2c5c8c7ba6e8e7ba11541b464be2d464ddfa95385d74507f226bbbaaa2d,V6,original microdata,All,Essential / very important,43.02084737168038,1.158383123143176,40.74909087737312,45.292603865987644,2012,2012,2012,2011,1829.3848508727403,2012.0000000000052,True,Approximate weighted respondent linearization; PSU/stratum unavailable in supplied file,all eligible adults,
ISSP,2009,ahead_wealth,Importance for getting ahead: coming from a wealthy family?,ordinal,ZA5400_v4-0-0.sav,ff5bd2c5c8c7ba6e8e7ba11541b464be2d464ddfa95385d74507f226bbbaaa2d,V6,original microdata,All,Not very / not at all important,25.978982621579483,1.025487419622734,23.967853782757132,27.990111460401835,2012,2012,2012,2011,1829.3848508727403,2012.0000000000052,True,Approximate weighted respondent linearization; PSU/stratum unavailable in supplied file,all eligible adults,
ISSP,2009,ahead_wealth,Importance for getting ahead: coming from a wealthy family?,ordinal,ZA5400_v4-0-0.sav,ff5bd2c5c8c7ba6e8e7ba11541b464be2d464ddfa95385d74507f226bbbaaa2d,V6,original microdata,All,Important,26.88153263803139,1.0363439052118586,24.84911266404857,28.913952612014214,2012,2012,2012,2011,1829.3848508727403,2012.0000000000052,True,Approximate weighted respondent linearization; PSU/stratum unavailable in supplied file,all eligible adults,
ISSP,2009,ahead_wealth,Importance for getting ahead: coming from a wealthy family?,ordinal,ZA5400_v4-0-0.sav,ff5bd2c5c8c7ba6e8e7ba11541b464be2d464ddfa95385d74507f226bbbaaa2d,V6,original microdata,All,Don't know,4.034632323694888,0.45457492654966497,3.143145283779848,4.926119363609928,2012,2012,2012,2011,1829.3848508727403,2012.0000000000052,True,Approximate weighted respondent linearization; PSU/stratum unavailable in supplied file,all eligible adults,
ISSP,2009,ahead_wealth,Importance for getting ahead: coming from a wealthy family?,ordinal,ZA5400_v4-0-0.sav,ff5bd2c5c8c7ba6e8e7ba11541b464be2d464ddfa95385d74507f226bbbaaa2d,V6,original microdata,All,No answer,0.08400504501385393,0.059399413721006426,0.0,0.20049586845799153,2012,2012,2012,2011,1829.3848508727403,2012.0000000000052,True,Approximate weighted respondent linearization; PSU/stratum unavailable in supplied file,all eligible adults,
ISSP,2009,ahead_parents,Importance for getting ahead: having well-educated parents?,ordinal,ZA5400_v4-0-0.sav,ff5bd2c5c8c7ba6e8e7ba11541b464be2d464ddfa95385d74507f226bbbaaa2d,V7,original microdata,All,Essential / very important,38.943369714839555,1.1348768462716923,36.71771242214607,41.16902700753304,2012,2012,2012,2011,1829.3848508727403,2012.0000000000052,True,Approximate weighted respondent linearization; PSU/stratum unavailable in supplied file,all eligible adults,
ISSP,2009,ahead_parents,Importance for getting ahead: having well-educated parents?,ordinal,ZA5400_v4-0-0.sav,ff5bd2c5c8c7ba6e8e7ba11541b464be2d464ddfa95385d74507f226bbbaaa2d,V7,original microdata,All,Not very / not at all important,26.27364484026334,1.0401390869387035,24.23378196715433,28.313507713372353,2012,2012,2012,2011,1829.3848508727403,2012.0000000000052,True,Approximate weighted respondent linearization; PSU/stratum unavailable in supplied file,all eligible adults,
ISSP,2009,ahead_parents,Importance for getting ahead: having well-educated parents?,ordinal,ZA5400_v4-0-0.sav,ff5bd2c5c8c7ba6e8e7ba11541b464be2d464ddfa95385d74507f226bbbaaa2d,V7,original microdata,All,Important,32.02038584018777,1.0937901780242987,29.875305433979992,34.16546624639555,2012,2012,2012,2011,1829.3848508727403,2012.0000000000052,True,Approximate weighted respondent linearization; PSU/stratum unavailable in supplied file,all eligible adults,
ISSP,2009,ahead_parents,Importance for getting ahead: having well-educated parents?,ordinal,ZA5400_v4-0-0.sav,ff5bd2c5c8c7ba6e8e7ba11541b464be2d464ddfa95385d74507f226bbbaaa2d,V7,original microdata,All,Don't know,2.384061811688001,0.34843417926329096,1.7007320965310866,3.067391526844915,2012,2012,2012,2011,1829.3848508727403,2012.0000000000052,True,Approximate weighted respondent linearization; PSU/stratum unavailable in supplied file,all eligible adults,
ISSP,2009,ahead_parents,Importance for getting ahead: having well-educated parents?,ordinal,ZA5400_v4-0-0.sav,ff5bd2c5c8c7ba6e8e7ba11541b464be2d464ddfa95385d74507f226bbbaaa2d,V7,original microdata,All,No answer,0.3785377930213298,0.13875983587522217,0.10640972761650952,0.65066585842615,2012,2012,2012,2011,1829.3848508727403,2012.0000000000052,True,Approximate weighted respondent linearization; PSU/stratum unavailable in supplied file,all eligible adults,
ISSP,2009,ahead_education,Importance for getting ahead: having a good education?,ordinal,ZA5400_v4-0-0.sav,ff5bd2c5c8c7ba6e8e7ba11541b464be2d464ddfa95385d74507f226bbbaaa2d,V8,original microdata,All,Essential / very important,69.22009602829415,1.0834652993085987,67.09526419944106,71.34492785714724,2012,2012,2012,2011,1829.3848508727403,2012.0000000000052,True,Approximate weighted respondent linearization; PSU/stratum unavailable in supplied file,all eligible adults,
ISSP,2009,ahead_education,Importance for getting ahead: having a good education?,ordinal,ZA5400_v4-0-0.sav,ff5bd2c5c8c7ba6e8e7ba11541b464be2d464ddfa95385d74507f226bbbaaa2d,V8,original microdata,All,Not very / not at all important,6.225199240597589,0.5829198686385341,5.082009245177869,7.368389236017308,2012,2012,2012,2011,1829.3848508727403,2012.0000000000052,True,Approximate weighted respondent linearization; PSU/stratum unavailable in supplied file,all eligible adults,
ISSP,2009,ahead_education,Importance for getting ahead: having a good education?,ordinal,ZA5400_v4-0-0.sav,ff5bd2c5c8c7ba6e8e7ba11541b464be2d464ddfa95385d74507f226bbbaaa2d,V8,original microdata,All,Important,22.427452287082296,0.979100065551278,20.507295744696393,24.3476088294682,2012,2012,2012,2011,1829.3848508727403,2012.0000000000052,True,Approximate weighted respondent linearization; PSU/stratum unavailable in supplied file,all eligible adults,
ISSP,2009,ahead_education,Importance for getting ahead: having a good education?,ordinal,ZA5400_v4-0-0.sav,ff5bd2c5c8c7ba6e8e7ba11541b464be2d464ddfa95385d74507f226bbbaaa2d,V8,original microdata,All,Don't know,1.6482735244246167,0.27671242654276723,1.1056005179772017,2.190946530872032,2012,2012,2012,2011,1829.3848508727403,2012.0000000000052,True,Approximate weighted respondent linearization; PSU/stratum unavailable in supplied file,all eligible adults,
ISSP,2009,ahead_education,Importance for getting ahead: having a good education?,ordinal,ZA5400_v4-0-0.sav,ff5bd2c5c8c7ba6e8e7ba11541b464be2d464ddfa95385d74507f226bbbaaa2d,V8,original microdata,All,No answer,0.4789789196013407,0.1571878549546037,0.1707108490596977,0.7872469901429837,2012,2012,2012,2011,1829.3848508727403,2012.0000000000052,True,Approximate weighted respondent linearization; PSU/stratum unavailable in supplied file,all eligible adults,
ISSP,2009,ahead_work,Importance for getting ahead: hard work?,ordinal,ZA5400_v4-0-0.sav,ff5bd2c5c8c7ba6e8e7ba11541b464be2d464ddfa95385d74507f226bbbaaa2d,V10,original microdata,All,Essential / very important,55.86053383082366,1.1621503531000097,53.58138925484549,58.139678406801835,2012,2012,2012,2011,1829.3848508727403,2012.0000000000052,True,Approximate weighted respondent linearization; PSU/stratum unavailable in supplied file,all eligible adults,
ISSP,2009,ahead_work,Importance for getting ahead: hard work?,ordinal,ZA5400_v4-0-0.sav,ff5bd2c5c8c7ba6e8e7ba11541b464be2d464ddfa95385d74507f226bbbaaa2d,V10,original microdata,All,Not very / not at all important,12.411935683849247,0.7826350174664963,10.877075456623684,13.94679591107481,2012,2012,2012,2011,1829.3848508727403,2012.0000000000052,True,Approximate weighted respondent linearization; PSU/stratum unavailable in supplied file,all eligible adults,
ISSP,2009,ahead_work,Importance for getting ahead: hard work?,ordinal,ZA5400_v4-0-0.sav,ff5bd2c5c8c7ba6e8e7ba11541b464be2d464ddfa95385d74507f226bbbaaa2d,V10,original microdata,All,Important,28.299158600050852,1.0545004462465704,26.23113102855932,30.367186171542382,2012,2012,2012,2011,1829.3848508727403,2012.0000000000052,True,Approximate weighted respondent linearization; PSU/stratum unavailable in supplied file,all eligible adults,
ISSP,2009,ahead_work,Importance for getting ahead: hard work?,ordinal,ZA5400_v4-0-0.sav,ff5bd2c5c8c7ba6e8e7ba11541b464be2d464ddfa95385d74507f226bbbaaa2d,V10,original microdata,All,Don't know,2.7947274358311915,0.37497838124365845,2.059340709457229,3.530114162205154,2012,2012,2012,2011,1829.3848508727403,2012.0000000000052,True,Approximate weighted respondent linearization; PSU/stratum unavailable in supplied file,all eligible adults,
ISSP,2009,ahead_work,Importance for getting ahead: hard work?,ordinal,ZA5400_v4-0-0.sav,ff5bd2c5c8c7ba6e8e7ba11541b464be2d464ddfa95385d74507f226bbbaaa2d,V10,original microdata,All,No answer,0.6336444494450479,0.17852619081410068,0.28352882251378175,0.9837600763763141,2012,2012,2012,2011,1829.3848508727403,2012.0000000000052,True,Approximate weighted respondent linearization; PSU/stratum unavailable in supplied file,all eligible adults,
ISSP,2009,ahead_connections,Importance for getting ahead: knowing the right people?,ordinal,ZA5400_v4-0-0.sav,ff5bd2c5c8c7ba6e8e7ba11541b464be2d464ddfa95385d74507f226bbbaaa2d,V11,original microdata,All,Essential / very important,58.591381759481976,1.1498555174448615,56.33634913074129,60.84641438822266,2012,2012,2012,2011,1829.3848508727403,2012.0000000000052,True,Approximate weighted respondent linearization; PSU/stratum unavailable in supplied file,all eligible adults,
ISSP,2009,ahead_connections,Importance for getting ahead: knowing the right people?,ordinal,ZA5400_v4-0-0.sav,ff5bd2c5c8c7ba6e8e7ba11541b464be2d464ddfa95385d74507f226bbbaaa2d,V11,original microdata,All,Not very / not at all important,8.064688082762073,0.6310887618486456,6.827031935524862,9.302344229999285,2012,2012,2012,2011,1829.3848508727403,2012.0000000000052,True,Approximate weighted respondent linearization; PSU/stratum unavailable in supplied file,all eligible adults,
ISSP,2009,ahead_connections,Importance for getting ahead: knowing the right people?,ordinal,ZA5400_v4-0-0.sav,ff5bd2c5c8c7ba6e8e7ba11541b464be2d464ddfa95385d74507f226bbbaaa2d,V11,original microdata,All,Important,28.834371506421643,1.0568140481296209,26.76180662771452,30.906936385128766,2012,2012,2012,2011,1829.3848508727403,2012.0000000000052,True,Approximate weighted respondent linearization; PSU/stratum unavailable in supplied file,all eligible adults,
ISSP,2009,ahead_connections,Importance for getting ahead: knowing the right people?,ordinal,ZA5400_v4-0-0.sav,ff5bd2c5c8c7ba6e8e7ba11541b464be2d464ddfa95385d74507f226bbbaaa2d,V11,original microdata,All,Don't know,4.209085442074263,0.46016636884479795,3.3066327768037316,5.111538107344796,2012,2012,2012,2011,1829.3848508727403,2012.0000000000052,True,Approximate weighted respondent linearization; PSU/stratum unavailable in supplied file,all eligible adults,
ISSP,2009,ahead_connections,Importance for getting ahead: knowing the right people?,ordinal,ZA5400_v4-0-0.sav,ff5bd2c5c8c7ba6e8e7ba11541b464be2d464ddfa95385d74507f226bbbaaa2d,V11,original microdata,All,No answer,0.3004732092600392,0.1406859607296318,0.024567735017477332,0.576378683502601,2012,2012,2012,2011,1829.3848508727403,2012.0000000000052,True,Approximate weighted respondent linearization; PSU/stratum unavailable in supplied file,all eligible adults,
ISSP,2009,ahead_political,Importance for getting ahead: political connections?,ordinal,ZA5400_v4-0-0.sav,ff5bd2c5c8c7ba6e8e7ba11541b464be2d464ddfa95385d74507f226bbbaaa2d,V12,original microdata,All,Essential / very important,32.92876450377656,1.1074620272644395,30.756871627946296,35.10065737960683,2012,2012,2012,2011,1829.3848508727403,2012.0000000000052,True,Approximate weighted respondent linearization; PSU/stratum unavailable in supplied file,all eligible adults,
ISSP,2009,ahead_political,Importance for getting ahead: political connections?,ordinal,ZA5400_v4-0-0.sav,ff5bd2c5c8c7ba6e8e7ba11541b464be2d464ddfa95385d74507f226bbbaaa2d,V12,original microdata,All,Not very / not at all important,27.665204519392038,1.0396982670812596,25.62620615764715,29.704202881136926,2012,2012,2012,2011,1829.3848508727403,2012.0000000000052,True,Approximate weighted respondent linearization; PSU/stratum unavailable in supplied file,all eligible adults,
ISSP,2009,ahead_political,Importance for getting ahead: political connections?,ordinal,ZA5400_v4-0-0.sav,ff5bd2c5c8c7ba6e8e7ba11541b464be2d464ddfa95385d74507f226bbbaaa2d,V12,original microdata,All,Important,24.976805257377336,1.0099348739744447,22.996177205275394,26.957433309479278,2012,2012,2012,2011,1829.3848508727403,2012.0000000000052,True,Approximate weighted respondent linearization; PSU/stratum unavailable in supplied file,all eligible adults,
ISSP,2009,ahead_political,Importance for getting ahead: political connections?,ordinal,ZA5400_v4-0-0.sav,ff5bd2c5c8c7ba6e8e7ba11541b464be2d464ddfa95385d74507f226bbbaaa2d,V12,original microdata,All,Don't know,14.08809400856636,0.806163316034378,12.507091392001982,15.669096625130738,2012,2012,2012,2011,1829.3848508727403,2012.0000000000052,True,Approximate weighted respondent linearization; PSU/stratum unavailable in supplied file,all eligible adults,
ISSP,2009,ahead_political,Importance for getting ahead: political connections?,ordinal,ZA5400_v4-0-0.sav,ff5bd2c5c8c7ba6e8e7ba11541b464be2d464ddfa95385d74507f226bbbaaa2d,V12,original microdata,All,No answer,0.341131710887699,0.14386285070815585,0.05899589687565865,0.6232675248997394,2012,2012,2012,2011,1829.3848508727403,2012.0000000000052,True,Approximate weighted respondent linearization; PSU/stratum unavailable in supplied file,all eligible adults,
ISSP,2009,ahead_bribes,Importance for getting ahead: giving bribes?,ordinal,ZA5400_v4-0-0.sav,ff5bd2c5c8c7ba6e8e7ba11541b464be2d464ddfa95385d74507f226bbbaaa2d,V13,original microdata,All,Essential / very important,23.30336511606896,0.995729550749002,21.35059575307116,25.25613447906676,2012,2012,2012,2011,1829.3848508727403,2012.0000000000052,True,Approximate weighted respondent linearization; PSU/stratum unavailable in supplied file,all eligible adults,
ISSP,2009,ahead_bribes,Importance for getting ahead: giving bribes?,ordinal,ZA5400_v4-0-0.sav,ff5bd2c5c8c7ba6e8e7ba11541b464be2d464ddfa95385d74507f226bbbaaa2d,V13,original microdata,All,Not very / not at all important,33.31056751499972,1.0977823740544297,31.157657836181865,35.463477193817575,2012,2012,2012,2011,1829.3848508727403,2012.0000000000052,True,Approximate weighted respondent linearization; PSU/stratum unavailable in supplied file,all eligible adults,
ISSP,2009,ahead_bribes,Importance for getting ahead: giving bribes?,ordinal,ZA5400_v4-0-0.sav,ff5bd2c5c8c7ba6e8e7ba11541b464be2d464ddfa95385d74507f226bbbaaa2d,V13,original microdata,All,Important,24.61680682475627,1.0129457396294623,22.630274030545593,26.60333961896695,2012,2012,2012,2011,1829.3848508727403,2012.0000000000052,True,Approximate weighted respondent linearization; PSU/stratum unavailable in supplied file,all eligible adults,
ISSP,2009,ahead_bribes,Importance for getting ahead: giving bribes?,ordinal,ZA5400_v4-0-0.sav,ff5bd2c5c8c7ba6e8e7ba11541b464be2d464ddfa95385d74507f226bbbaaa2d,V13,original microdata,All,Don't know,17.847076574376857,0.8881628432734353,16.1052610498775,19.58889209887621,2012,2012,2012,2011,1829.3848508727403,2012.0000000000052,True,Approximate weighted respondent linearization; PSU/stratum unavailable in supplied file,all eligible adults,
ISSP,2009,ahead_bribes,Importance for getting ahead: giving bribes?,ordinal,ZA5400_v4-0-0.sav,ff5bd2c5c8c7ba6e8e7ba11541b464be2d464ddfa95385d74507f226bbbaaa2d,V13,original microdata,All,No answer,0.9221839697981927,0.22657021600323338,0.47784707526081704,1.3665208643355684,2012,2012,2012,2011,1829.3848508727403,2012.0000000000052,True,Approximate weighted respondent linearization; PSU/stratum unavailable in supplied file,all eligible adults,
ISSP,2009,ahead_race,Importance for getting ahead: ethnic background (nationality)?,ordinal,ZA5400_v4-0-0.sav,ff5bd2c5c8c7ba6e8e7ba11541b464be2d464ddfa95385d74507f226bbbaaa2d,V14,original microdata,All,Essential / very important,7.724486880326804,0.6293748664481935,6.490191929336976,8.958781831316633,2012,2012,2012,2011,1829.3848508727403,2012.0000000000052,True,Approximate weighted respondent linearization; PSU/stratum unavailable in supplied file,all eligible adults,
ISSP,2009,ahead_race,Importance for getting ahead: ethnic background (nationality)?,ordinal,ZA5400_v4-0-0.sav,ff5bd2c5c8c7ba6e8e7ba11541b464be2d464ddfa95385d74507f226bbbaaa2d,V14,original microdata,All,Not very / not at all important,71.66255192218631,1.0531282054628777,69.59721551292758,73.72788833144504,2012,2012,2012,2011,1829.3848508727403,2012.0000000000052,True,Approximate weighted respondent linearization; PSU/stratum unavailable in supplied file,all eligible adults,
ISSP,2009,ahead_race,Importance for getting ahead: ethnic background (nationality)?,ordinal,ZA5400_v4-0-0.sav,ff5bd2c5c8c7ba6e8e7ba11541b464be2d464ddfa95385d74507f226bbbaaa2d,V14,original microdata,All,Important,14.312832830395006,0.8208827514073027,12.702963276603294,15.922702384186719,2012,2012,2012,2011,1829.3848508727403,2012.0000000000052,True,Approximate weighted respondent linearization; PSU/stratum unavailable in supplied file,all eligible adults,
ISSP,2009,ahead_race,Importance for getting ahead: ethnic background (nationality)?,ordinal,ZA5400_v4-0-0.sav,ff5bd2c5c8c7ba6e8e7ba11541b464be2d464ddfa95385d74507f226bbbaaa2d,V14,original microdata,All,Don't know,5.611486767362649,0.5255354004398353,4.580835996400062,6.642137538325237,2012,2012,2012,2011,1829.3848508727403,2012.0000000000052,True,Approximate weighted respondent linearization; PSU/stratum unavailable in supplied file,all eligible adults,
ISSP,2009,ahead_race,Importance for getting ahead: ethnic background (nationality)?,ordinal,ZA5400_v4-0-0.sav,ff5bd2c5c8c7ba6e8e7ba11541b464be2d464ddfa95385d74507f226bbbaaa2d,V14,original microdata,All,No answer,0.6886415997292333,0.19300019416373926,0.31014036319158267,1.067142836266884,2012,2012,2012,2011,1829.3848508727403,2012.0000000000052,True,Approximate weighted respondent linearization; PSU/stratum unavailable in supplied file,all eligible adults,
ISSP,2009,ahead_religion,Importance for getting ahead: a person’s religion?,ordinal,ZA5400_v4-0-0.sav,ff5bd2c5c8c7ba6e8e7ba11541b464be2d464ddfa95385d74507f226bbbaaa2d,V15,original microdata,All,Essential / very important,7.746296046404056,0.6300523946628666,6.510672364797379,8.981919728010732,2012,2012,2012,2011,1829.3848508727403,2012.0000000000052,True,Approximate weighted respondent linearization; PSU/stratum unavailable in supplied file,all eligible adults,
ISSP,2009,ahead_religion,Importance for getting ahead: a person’s religion?,ordinal,ZA5400_v4-0-0.sav,ff5bd2c5c8c7ba6e8e7ba11541b464be2d464ddfa95385d74507f226bbbaaa2d,V15,original microdata,All,Not very / not at all important,75.24764581295929,1.0088043100457713,73.26923495989615,77.22605666602243,2012,2012,2012,2011,1829.3848508727403,2012.0000000000052,True,Approximate weighted respondent linearization; PSU/stratum unavailable in supplied file,all eligible adults,
ISSP,2009,ahead_religion,Importance for getting ahead: a person’s religion?,ordinal,ZA5400_v4-0-0.sav,ff5bd2c5c8c7ba6e8e7ba11541b464be2d464ddfa95385d74507f226bbbaaa2d,V15,original microdata,All,Important,10.949427176450362,0.7234350590903182,9.530666611950272,12.368187740950452,2012,2012,2012,2011,1829.3848508727403,2012.0000000000052,True,Approximate weighted respondent linearization; PSU/stratum unavailable in supplied file,all eligible adults,
ISSP,2009,ahead_religion,Importance for getting ahead: a person’s religion?,ordinal,ZA5400_v4-0-0.sav,ff5bd2c5c8c7ba6e8e7ba11541b464be2d464ddfa95385d74507f226bbbaaa2d,V15,original microdata,All,Don't know,5.845243489320997,0.550609563409476,4.765418665812618,6.925068312829376,2012,2012,2012,2011,1829.3848508727403,2012.0000000000052,True,Approximate weighted respondent linearization; PSU/stratum unavailable in supplied file,all eligible adults,
ISSP,2009,ahead_religion,Importance for getting ahead: a person’s religion?,ordinal,ZA5400_v4-0-0.sav,ff5bd2c5c8c7ba6e8e7ba11541b464be2d464ddfa95385d74507f226bbbaaa2d,V15,original microdata,All,No answer,0.21138747486529788,0.11223312159190957,0.0,0.4314928249509998,2012,2012,2012,2011,1829.3848508727403,2012.0000000000052,True,Approximate weighted respondent linearization; PSU/stratum unavailable in supplied file,all eligible adults,
ISSP,2009,ahead_gender,Importance for getting ahead: being born a man or woman?,ordinal,ZA5400_v4-0-0.sav,ff5bd2c5c8c7ba6e8e7ba11541b464be2d464ddfa95385d74507f226bbbaaa2d,V16,original microdata,All,Essential / very important,10.310075366648165,0.7191955762834401,8.899629039818334,11.720521693477997,2012,2012,2012,2011,1829.3848508727403,2012.0000000000052,True,Approximate weighted respondent linearization; PSU/stratum unavailable in supplied file,all eligible adults,
ISSP,2009,ahead_gender,Importance for getting ahead: being born a man or woman?,ordinal,ZA5400_v4-0-0.sav,ff5bd2c5c8c7ba6e8e7ba11541b464be2d464ddfa95385d74507f226bbbaaa2d,V16,original microdata,All,Not very / not at all important,62.99033113459973,1.1276679960645088,60.77881143761829,65.20185083158117,2012,2012,2012,2011,1829.3848508727403,2012.0000000000052,True,Approximate weighted respondent linearization; PSU/stratum unavailable in supplied file,all eligible adults,
ISSP,2009,ahead_gender,Importance for getting ahead: being born a man or woman?,ordinal,ZA5400_v4-0-0.sav,ff5bd2c5c8c7ba6e8e7ba11541b464be2d464ddfa95385d74507f226bbbaaa2d,V16,original microdata,All,Important,19.65451417985314,0.922365486039873,17.845622336409935,21.463406023296347,2012,2012,2012,2011,1829.3848508727403,2012.0000000000052,True,Approximate weighted respondent linearization; PSU/stratum unavailable in supplied file,all eligible adults,
ISSP,2009,ahead_gender,Importance for getting ahead: being born a man or woman?,ordinal,ZA5400_v4-0-0.sav,ff5bd2c5c8c7ba6e8e7ba11541b464be2d464ddfa95385d74507f226bbbaaa2d,V16,original microdata,All,Don't know,6.800061821057861,0.5843030911686105,5.654159126615692,7.94596451550003,2012,2012,2012,2011,1829.3848508727403,2012.0000000000052,True,Approximate weighted respondent linearization; PSU/stratum unavailable in supplied file,all eligible adults,
ISSP,2009,ahead_gender,Importance for getting ahead: being born a man or woman?,ordinal,ZA5400_v4-0-0.sav,ff5bd2c5c8c7ba6e8e7ba11541b464be2d464ddfa95385d74507f226bbbaaa2d,V16,original microdata,All,No answer,0.24501749784111249,0.11521395851308619,0.01906629632779369,0.4709686993544313,2012,2012,2012,2011,1829.3848508727403,2012.0000000000052,True,Approximate weighted respondent linearization; PSU/stratum unavailable in supplied file,all eligible adults,
ISSP,2009,pay_responsibility,What should determine pay: job responsibility?,ordinal,ZA5400_v4-0-0.sav,ff5bd2c5c8c7ba6e8e7ba11541b464be2d464ddfa95385d74507f226bbbaaa2d,V47,original microdata,All,Essential / very important,76.12723471899606,0.9940006356810224,74.17785600798146,78.07661343001067,2012,2012,2012,2011,1829.3848508727403,2012.0000000000052,True,Approximate weighted respondent linearization; PSU/stratum unavailable in supplied file,all eligible adults,
ISSP,2009,pay_responsibility,What should determine pay: job responsibility?,ordinal,ZA5400_v4-0-0.sav,ff5bd2c5c8c7ba6e8e7ba11541b464be2d464ddfa95385d74507f226bbbaaa2d,V47,original microdata,All,Not very / not at all important,0.7959990712628994,0.21302424559571256,0.3782277797891104,1.2137703627366885,2012,2012,2012,2011,1829.3848508727403,2012.0000000000052,True,Approximate weighted respondent linearization; PSU/stratum unavailable in supplied file,all eligible adults,
ISSP,2009,pay_responsibility,What should determine pay: job responsibility?,ordinal,ZA5400_v4-0-0.sav,ff5bd2c5c8c7ba6e8e7ba11541b464be2d464ddfa95385d74507f226bbbaaa2d,V47,original microdata,All,Important,21.367939353602022,0.954233278248868,19.49655017014787,23.239328537056174,2012,2012,2012,2011,1829.3848508727403,2012.0000000000052,True,Approximate weighted respondent linearization; PSU/stratum unavailable in supplied file,all eligible adults,
ISSP,2009,pay_responsibility,What should determine pay: job responsibility?,ordinal,ZA5400_v4-0-0.sav,ff5bd2c5c8c7ba6e8e7ba11541b464be2d464ddfa95385d74507f226bbbaaa2d,V47,original microdata,All,Don't know,1.7088268561390005,0.3048067062480226,1.111056912332796,2.306596799945205,2012,2012,2012,2011,1829.3848508727403,2012.0000000000052,True,Approximate weighted respondent linearization; PSU/stratum unavailable in supplied file,all eligible adults,
ISSP,2009,pay_responsibility,What should determine pay: job responsibility?,ordinal,ZA5400_v4-0-0.sav,ff5bd2c5c8c7ba6e8e7ba11541b464be2d464ddfa95385d74507f226bbbaaa2d,V47,original microdata,All,No answer,0.0,0.0,0.0,0.0,2012,2012,2012,2011,1829.3848508727403,2012.0000000000052,True,Approximate weighted respondent linearization; PSU/stratum unavailable in supplied file,all eligible adults,
ISSP,2009,pay_education,What should determine pay: education and training?,ordinal,ZA5400_v4-0-0.sav,ff5bd2c5c8c7ba6e8e7ba11541b464be2d464ddfa95385d74507f226bbbaaa2d,V48,original microdata,All,Essential / very important,60.213165382724156,1.148128346080223,57.961519986312744,62.46481077913557,2012,2012,2012,2011,1829.3848508727403,2012.0000000000052,True,Approximate weighted respondent linearization; PSU/stratum unavailable in supplied file,all eligible adults,
ISSP,2009,pay_education,What should determine pay: education and training?,ordinal,ZA5400_v4-0-0.sav,ff5bd2c5c8c7ba6e8e7ba11541b464be2d464ddfa95385d74507f226bbbaaa2d,V48,original microdata,All,Not very / not at all important,5.734363936264563,0.5602257401544862,4.635680402253214,6.833047470275912,2012,2012,2012,2011,1829.3848508727403,2012.0000000000052,True,Approximate weighted respondent linearization; PSU/stratum unavailable in supplied file,all eligible adults,
ISSP,2009,pay_education,What should determine pay: education and training?,ordinal,ZA5400_v4-0-0.sav,ff5bd2c5c8c7ba6e8e7ba11541b464be2d464ddfa95385d74507f226bbbaaa2d,V48,original microdata,All,Important,32.47393586208937,1.0990817334708312,30.31847795191897,34.62939377225977,2012,2012,2012,2011,1829.3848508727403,2012.0000000000052,True,Approximate weighted respondent linearization; PSU/stratum unavailable in supplied file,all eligible adults,
ISSP,2009,pay_education,What should determine pay: education and training?,ordinal,ZA5400_v4-0-0.sav,ff5bd2c5c8c7ba6e8e7ba11541b464be2d464ddfa95385d74507f226bbbaaa2d,V48,original microdata,All,Don't know,1.5147740234790619,0.2736505684122305,0.9781057627446372,2.0514422842134863,2012,2012,2012,2011,1829.3848508727403,2012.0000000000052,True,Approximate weighted respondent linearization; PSU/stratum unavailable in supplied file,all eligible adults,
ISSP,2009,pay_education,What should determine pay: education and training?,ordinal,ZA5400_v4-0-0.sav,ff5bd2c5c8c7ba6e8e7ba11541b464be2d464ddfa95385d74507f226bbbaaa2d,V48,original microdata,All,No answer,0.06376079544285437,0.06375340892205925,0.0,0.18879043188983977,2012,2012,2012,2011,1829.3848508727403,2012.0000000000052,True,Approximate weighted respondent linearization; PSU/stratum unavailable in supplied file,all eligible adults,
ISSP,2009,pay_children,What should determine pay: children to support?,ordinal,ZA5400_v4-0-0.sav,ff5bd2c5c8c7ba6e8e7ba11541b464be2d464ddfa95385d74507f226bbbaaa2d,V50,original microdata,All,Essential / very important,47.424958381010306,1.1673173912778847,45.13568049740497,49.71423626461564,2012,2012,2012,2011,1829.3848508727403,2012.0000000000052,True,Approximate weighted respondent linearization; PSU/stratum unavailable in supplied file,all eligible adults,
ISSP,2009,pay_children,What should determine pay: children to support?,ordinal,ZA5400_v4-0-0.sav,ff5bd2c5c8c7ba6e8e7ba11541b464be2d464ddfa95385d74507f226bbbaaa2d,V50,original microdata,All,Not very / not at all important,16.292603524422464,0.8639897593798952,14.598194906347622,17.987012142497306,2012,2012,2012,2011,1829.3848508727403,2012.0000000000052,True,Approximate weighted respondent linearization; PSU/stratum unavailable in supplied file,all eligible adults,
ISSP,2009,pay_children,What should determine pay: children to support?,ordinal,ZA5400_v4-0-0.sav,ff5bd2c5c8c7ba6e8e7ba11541b464be2d464ddfa95385d74507f226bbbaaa2d,V50,original microdata,All,Important,31.847176416146578,1.0911238814469615,29.707325002354434,33.987027829938725,2012,2012,2012,2011,1829.3848508727403,2012.0000000000052,True,Approximate weighted respondent linearization; PSU/stratum unavailable in supplied file,all eligible adults,
ISSP,2009,pay_children,What should determine pay: children to support?,ordinal,ZA5400_v4-0-0.sav,ff5bd2c5c8c7ba6e8e7ba11541b464be2d464ddfa95385d74507f226bbbaaa2d,V50,original microdata,All,Don't know,4.3389289743196615,0.48685271903022326,3.384140524685665,5.293717423953658,2012,2012,2012,2011,1829.3848508727403,2012.0000000000052,True,Approximate weighted respondent linearization; PSU/stratum unavailable in supplied file,all eligible adults,
ISSP,2009,pay_children,What should determine pay: children to support?,ordinal,ZA5400_v4-0-0.sav,ff5bd2c5c8c7ba6e8e7ba11541b464be2d464ddfa95385d74507f226bbbaaa2d,V50,original microdata,All,No answer,0.09633270410099853,0.05653166382520419,0.0,0.20719945609616658,2012,2012,2012,2011,1829.3848508727403,2012.0000000000052,True,Approximate weighted respondent linearization; PSU/stratum unavailable in supplied file,all eligible adults,
ISSP,2009,pay_performance,What should determine pay: how well the job is done?,ordinal,ZA5400_v4-0-0.sav,ff5bd2c5c8c7ba6e8e7ba11541b464be2d464ddfa95385d74507f226bbbaaa2d,V51,original microdata,All,Essential / very important,82.14429428195596,0.895710037845209,80.38767761961225,83.90091094429968,2012,2012,2012,2011,1829.3848508727403,2012.0000000000052,True,Approximate weighted respondent linearization; PSU/stratum unavailable in supplied file,all eligible adults,
ISSP,2009,pay_performance,What should determine pay: how well the job is done?,ordinal,ZA5400_v4-0-0.sav,ff5bd2c5c8c7ba6e8e7ba11541b464be2d464ddfa95385d74507f226bbbaaa2d,V51,original microdata,All,Not very / not at all important,1.1291910475314768,0.23911166241762366,0.6602585664643272,1.5981235285986264,2012,2012,2012,2011,1829.3848508727403,2012.0000000000052,True,Approximate weighted respondent linearization; PSU/stratum unavailable in supplied file,all eligible adults,
ISSP,2009,pay_performance,What should determine pay: how well the job is done?,ordinal,ZA5400_v4-0-0.sav,ff5bd2c5c8c7ba6e8e7ba11541b464be2d464ddfa95385d74507f226bbbaaa2d,V51,original microdata,All,Important,15.519895853337225,0.847542045417444,13.857743576246806,17.182048130427646,2012,2012,2012,2011,1829.3848508727403,2012.0000000000052,True,Approximate weighted respondent linearization; PSU/stratum unavailable in supplied file,all eligible adults,
ISSP,2009,pay_performance,What should determine pay: how well the job is done?,ordinal,ZA5400_v4-0-0.sav,ff5bd2c5c8c7ba6e8e7ba11541b464be2d464ddfa95385d74507f226bbbaaa2d,V51,original microdata,All,Don't know,1.1428580217324653,0.2519942369877331,0.6486609525870359,1.6370550908778947,2012,2012,2012,2011,1829.3848508727403,2012.0000000000052,True,Approximate weighted respondent linearization; PSU/stratum unavailable in supplied file,all eligible adults,
ISSP,2009,pay_performance,What should determine pay: how well the job is done?,ordinal,ZA5400_v4-0-0.sav,ff5bd2c5c8c7ba6e8e7ba11541b464be2d464ddfa95385d74507f226bbbaaa2d,V51,original microdata,All,No answer,0.06376079544285437,0.06375340892205925,0.0,0.18879043188983977,2012,2012,2012,2011,1829.3848508727403,2012.0000000000052,True,Approximate weighted respondent linearization; PSU/stratum unavailable in supplied file,all eligible adults,
ISSP,2009,conflict_rich_poor,How much conflict is there between rich and poor?,ordinal,ZA5400_v4-0-0.sav,ff5bd2c5c8c7ba6e8e7ba11541b464be2d464ddfa95385d74507f226bbbaaa2d,V40,original microdata,All,Strong conflicts,43.09040677549262,1.156445251021245,40.82245072811019,45.358362822875044,2012,2012,2012,2011,1829.3848508727403,2012.0000000000052,True,Approximate weighted respondent linearization; PSU/stratum unavailable in supplied file,all eligible adults,
ISSP,2009,conflict_rich_poor,How much conflict is there between rich and poor?,ordinal,ZA5400_v4-0-0.sav,ff5bd2c5c8c7ba6e8e7ba11541b464be2d464ddfa95385d74507f226bbbaaa2d,V40,original microdata,All,Weak / no conflicts,45.12691789118189,1.1656190728303526,42.840970655171034,47.412865127192745,2012,2012,2012,2011,1829.3848508727403,2012.0000000000052,True,Approximate weighted respondent linearization; PSU/stratum unavailable in supplied file,all eligible adults,
ISSP,2009,conflict_rich_poor,How much conflict is there between rich and poor?,ordinal,ZA5400_v4-0-0.sav,ff5bd2c5c8c7ba6e8e7ba11541b464be2d464ddfa95385d74507f226bbbaaa2d,V40,original microdata,All,Don't know,10.975638215305823,0.7200142837799306,9.563586284911047,12.3876901457006,2012,2012,2012,2011,1829.3848508727403,2012.0000000000052,True,Approximate weighted respondent linearization; PSU/stratum unavailable in supplied file,all eligible adults,
ISSP,2009,conflict_rich_poor,How much conflict is there between rich and poor?,ordinal,ZA5400_v4-0-0.sav,ff5bd2c5c8c7ba6e8e7ba11541b464be2d464ddfa95385d74507f226bbbaaa2d,V40,original microdata,All,No answer,0.8070371180196675,0.21553271851030614,0.38434634911162596,1.229727886927709,2012,2012,2012,2011,1829.3848508727403,2012.0000000000052,True,Approximate weighted respondent linearization; PSU/stratum unavailable in supplied file,all eligible adults,
ISSP,2009,conflict_class,How much conflict is there between working and middle classes?,ordinal,ZA5400_v4-0-0.sav,ff5bd2c5c8c7ba6e8e7ba11541b464be2d464ddfa95385d74507f226bbbaaa2d,V41,original microdata,All,Strong conflicts,12.662623547017564,0.7796424747731036,11.133632127928431,14.191614966106696,2012,2012,2012,2011,1829.3848508727403,2012.0000000000052,True,Approximate weighted respondent linearization; PSU/stratum unavailable in supplied file,all eligible adults,
ISSP,2009,conflict_class,How much conflict is there between working and middle classes?,ordinal,ZA5400_v4-0-0.sav,ff5bd2c5c8c7ba6e8e7ba11541b464be2d464ddfa95385d74507f226bbbaaa2d,V41,original microdata,All,Weak / no conflicts,75.60520983901155,0.9982995224054679,73.64740039067055,77.56301928735255,2012,2012,2012,2011,1829.3848508727403,2012.0000000000052,True,Approximate weighted respondent linearization; PSU/stratum unavailable in supplied file,all eligible adults,
ISSP,2009,conflict_class,How much conflict is there between working and middle classes?,ordinal,ZA5400_v4-0-0.sav,ff5bd2c5c8c7ba6e8e7ba11541b464be2d464ddfa95385d74507f226bbbaaa2d,V41,original microdata,All,Don't know,10.7793124924792,0.7089312087564487,9.388996071829396,12.169628913129003,2012,2012,2012,2011,1829.3848508727403,2012.0000000000052,True,Approximate weighted respondent linearization; PSU/stratum unavailable in supplied file,all eligible adults,
ISSP,2009,conflict_class,How much conflict is there between working and middle classes?,ordinal,ZA5400_v4-0-0.sav,ff5bd2c5c8c7ba6e8e7ba11541b464be2d464ddfa95385d74507f226bbbaaa2d,V41,original microdata,All,No answer,0.9528541214916968,0.23184689560611813,0.4981688966681327,1.4075393463152608,2012,2012,2012,2011,1829.3848508727403,2012.0000000000052,True,Approximate weighted respondent linearization; PSU/stratum unavailable in supplied file,all eligible adults,
ISSP,2009,conflict_management,How much conflict is there between management and workers?,ordinal,ZA5400_v4-0-0.sav,ff5bd2c5c8c7ba6e8e7ba11541b464be2d464ddfa95385d74507f226bbbaaa2d,V42,original microdata,All,Strong conflicts,30.462174065071714,1.0810427506252442,28.34209320383394,32.58225492630949,2012,2012,2012,2011,1829.3848508727403,2012.0000000000052,True,Approximate weighted respondent linearization; PSU/stratum unavailable in supplied file,all eligible adults,
ISSP,2009,conflict_management,How much conflict is there between management and workers?,ordinal,ZA5400_v4-0-0.sav,ff5bd2c5c8c7ba6e8e7ba11541b464be2d464ddfa95385d74507f226bbbaaa2d,V42,original microdata,All,Weak / no conflicts,55.50076533905823,1.161988136651327,53.22193889294868,57.77959178516779,2012,2012,2012,2011,1829.3848508727403,2012.0000000000052,True,Approximate weighted respondent linearization; PSU/stratum unavailable in supplied file,all eligible adults,
ISSP,2009,conflict_management,How much conflict is there between management and workers?,ordinal,ZA5400_v4-0-0.sav,ff5bd2c5c8c7ba6e8e7ba11541b464be2d464ddfa95385d74507f226bbbaaa2d,V42,original microdata,All,Don't know,13.020445678935493,0.7712184002662369,11.507975085803817,14.532916272067169,2012,2012,2012,2011,1829.3848508727403,2012.0000000000052,True,Approximate weighted respondent linearization; PSU/stratum unavailable in supplied file,all eligible adults,
ISSP,2009,conflict_management,How much conflict is there between management and workers?,ordinal,ZA5400_v4-0-0.sav,ff5bd2c5c8c7ba6e8e7ba11541b464be2d464ddfa95385d74507f226bbbaaa2d,V42,original microdata,All,No answer,1.016614916934551,0.24028563704237563,0.5453801021881128,1.4878497316809893,2012,2012,2012,2011,1829.3848508727403,2012.0000000000052,True,Approximate weighted respondent linearization; PSU/stratum unavailable in supplied file,all eligible adults,
ISSP,2009,earn_actual_doctor,How much does a doctor earn per month after taxes?,numeric,ZA5400_v4-0-0.sav,ff5bd2c5c8c7ba6e8e7ba11541b464be2d464ddfa95385d74507f226bbbaaa2d,V22,original microdata,All,Mean,1450.8472979075677,17.08303661527515,1417.3449975046265,1484.349598310509,1329,2012,2012,2011,1208.0770290997627,1336.4310181701992,True,Approximate weighted respondent linearization; PSU/stratum unavailable in supplied file,valid monetary answers,33.576987168479334
ISSP,2009,earn_ideal_doctor,How much should a doctor earn per month after taxes?,numeric,ZA5400_v4-0-0.sav,ff5bd2c5c8c7ba6e8e7ba11541b464be2d464ddfa95385d74507f226bbbaaa2d,V27,original microdata,All,Mean,4277.338356824427,104.74367249144312,4071.920897379433,4482.755816269421,1574,2012,2012,2011,1430.3879397836383,1580.8014076612455,True,Approximate weighted respondent linearization; PSU/stratum unavailable in supplied file,valid monetary answers,21.43134156753274
ISSP,2009,earn_actual_chairman,How much does a corporate chairman earn per month after taxes?,numeric,ZA5400_v4-0-0.sav,ff5bd2c5c8c7ba6e8e7ba11541b464be2d464ddfa95385d74507f226bbbaaa2d,V23,original microdata,All,Mean,29279.879600136665,3028.1482788059516,23341.24377174458,35218.51542852875,977,2012,2012,2011,891.3512124465678,1003.4668185014916,True,Approximate weighted respondent linearization; PSU/stratum unavailable in supplied file,valid monetary answers,50.125903653007505
ISSP,2009,earn_ideal_chairman,How much should a corporate chairman earn per month after taxes?,numeric,ZA5400_v4-0-0.sav,ff5bd2c5c8c7ba6e8e7ba11541b464be2d464ddfa95385d74507f226bbbaaa2d,V28,original microdata,All,Mean,14841.26118441184,1346.8232801727725,12199.946344538663,17482.576024285016,1169,2012,2012,2011,1063.1318016854016,1187.1932365087837,True,Approximate weighted respondent linearization; PSU/stratum unavailable in supplied file,valid monetary answers,40.99437194290356
ISSP,2009,earn_actual_shop,How much does a shop assistant earn per month after taxes?,numeric,ZA5400_v4-0-0.sav,ff5bd2c5c8c7ba6e8e7ba11541b464be2d464ddfa95385d74507f226bbbaaa2d,V24,original microdata,All,Mean,1274.4113012207806,28.18700668283063,1219.1325128756503,1329.690089565911,1473,2012,2012,2011,1337.845553975951,1475.4655033773333,True,Approximate weighted respondent linearization; PSU/stratum unavailable in supplied file,valid monetary answers,26.666724484228155
ISSP,2009,earn_ideal_shop,How much should a shop assistant earn per month after taxes?,numeric,ZA5400_v4-0-0.sav,ff5bd2c5c8c7ba6e8e7ba11541b464be2d464ddfa95385d74507f226bbbaaa2d,V29,original microdata,All,Mean,2558.6500716845067,54.87062902672122,2451.0408486668716,2666.2592947021417,1614,2012,2012,2011,1467.191533010623,1614.3414379939347,True,Approximate weighted respondent linearization; PSU/stratum unavailable in supplied file,valid monetary answers,19.764342048015386
ISSP,2009,earn_actual_worker,How much does an unskilled factory worker earn per month after taxes?,numeric,ZA5400_v4-0-0.sav,ff5bd2c5c8c7ba6e8e7ba11541b464be2d464ddfa95385d74507f226bbbaaa2d,V25,original microdata,All,Mean,1227.0878329382813,27.321295917468564,1173.50682835235,1280.6688375242124,1429,2012,2012,2011,1299.1008698404783,1442.4738738664864,True,Approximate weighted respondent linearization; PSU/stratum unavailable in supplied file,valid monetary answers,28.306467501665868
ISSP,2009,earn_ideal_worker,How much should an unskilled factory worker earn per month after taxes?,numeric,ZA5400_v4-0-0.sav,ff5bd2c5c8c7ba6e8e7ba11541b464be2d464ddfa95385d74507f226bbbaaa2d,V30,original microdata,All,Mean,2935.8599762160325,86.26139070028937,2766.6889389174016,3105.0310135146633,1613,2012,2012,2011,1466.4052360204998,1614.9738511660594,True,Approximate weighted respondent linearization; PSU/stratum unavailable in supplied file,valid monetary answers,19.732909981806397
ISSP,2009,earn_actual_minister,How much does a cabinet minister earn per month after taxes?,numeric,ZA5400_v4-0-0.sav,ff5bd2c5c8c7ba6e8e7ba11541b464be2d464ddfa95385d74507f226bbbaaa2d,V26,original microdata,All,Mean,39544.723953091656,7109.626808942975,25601.71964593987,53487.72826024344,1231,2012,2012,2011,1117.5287837026754,1247.0950719200446,True,Approximate weighted respondent linearization; PSU/stratum unavailable in supplied file,valid monetary answers,38.01714354274149
ISSP,2009,earn_ideal_minister,How much should a cabinet minister earn per month after taxes?,numeric,ZA5400_v4-0-0.sav,ff5bd2c5c8c7ba6e8e7ba11541b464be2d464ddfa95385d74507f226bbbaaa2d,V31,original microdata,All,Mean,9105.803947516495,336.07791873315705,8446.706642642388,9764.901252390602,1484,2012,2012,2011,1347.4986074624485,1491.576867551465,True,Approximate weighted respondent linearization; PSU/stratum unavailable in supplied file,valid monetary answers,25.86596085728325
ISSP,2019,income_gap,Income differences are too large?,ordinal,ZA7810_v1-0-0.sav,694abfea6f4a06ec211c0e24428d0bce0acc0f3eff4453f98f44c99641d2bb43,v21,original microdata,All,Agree,92.68411113202139,0.6532134717060449,91.4030609923658,93.96516127167698,2001,2001,2001,2000,1624.113195252279,2000.9999999999995,True,Approximate weighted respondent linearization; PSU/stratum unavailable in supplied file,all eligible adults,
ISSP,2019,income_gap,Income differences are too large?,ordinal,ZA7810_v1-0-0.sav,694abfea6f4a06ec211c0e24428d0bce0acc0f3eff4453f98f44c99641d2bb43,v21,original microdata,All,Disagree,2.886619488251934,0.4017212464665553,2.0987835338823535,3.6744554426215146,2001,2001,2001,2000,1624.113195252279,2000.9999999999995,True,Approximate weighted respondent linearization; PSU/stratum unavailable in supplied file,all eligible adults,
ISSP,2019,income_gap,Income differences are too large?,ordinal,ZA7810_v1-0-0.sav,694abfea6f4a06ec211c0e24428d0bce0acc0f3eff4453f98f44c99641d2bb43,v21,original microdata,All,Neither agree nor disagree,2.9464408908545656,0.45497937400624106,2.054157715664021,3.8387240660451103,2001,2001,2001,2000,1624.113195252279,2000.9999999999995,True,Approximate weighted respondent linearization; PSU/stratum unavailable in supplied file,all eligible adults,
ISSP,2019,income_gap,Income differences are too large?,ordinal,ZA7810_v1-0-0.sav,694abfea6f4a06ec211c0e24428d0bce0acc0f3eff4453f98f44c99641d2bb43,v21,original microdata,All,Don't know,1.4828284888721326,0.2829167207178947,0.9279861283188896,2.0376708494253757,2001,2001,2001,2000,1624.113195252279,2000.9999999999995,True,Approximate weighted respondent linearization; PSU/stratum unavailable in supplied file,all eligible adults,
ISSP,2019,income_gap,Income differences are too large?,ordinal,ZA7810_v1-0-0.sav,694abfea6f4a06ec211c0e24428d0bce0acc0f3eff4453f98f44c99641d2bb43,v21,original microdata,All,No answer,0.0,0.0,0.0,0.0,2001,2001,2001,2000,1624.113195252279,2000.9999999999995,True,Approximate weighted respondent linearization; PSU/stratum unavailable in supplied file,all eligible adults,
ISSP,2019,redistribution,Government should reduce income differences?,ordinal,ZA7810_v1-0-0.sav,694abfea6f4a06ec211c0e24428d0bce0acc0f3eff4453f98f44c99641d2bb43,v22,original microdata,All,Agree,85.64373515578296,0.8840690962729681,83.90994231729825,87.37752799426768,2001,2001,2001,2000,1624.113195252279,2000.9999999999995,True,Approximate weighted respondent linearization; PSU/stratum unavailable in supplied file,all eligible adults,
ISSP,2019,redistribution,Government should reduce income differences?,ordinal,ZA7810_v1-0-0.sav,694abfea6f4a06ec211c0e24428d0bce0acc0f3eff4453f98f44c99641d2bb43,v22,original microdata,All,Disagree,6.736497401515256,0.6213177222527172,5.517999637249119,7.954995165781392,2001,2001,2001,2000,1624.113195252279,2000.9999999999995,True,Approximate weighted respondent linearization; PSU/stratum unavailable in supplied file,all eligible adults,
ISSP,2019,redistribution,Government should reduce income differences?,ordinal,ZA7810_v1-0-0.sav,694abfea6f4a06ec211c0e24428d0bce0acc0f3eff4453f98f44c99641d2bb43,v22,original microdata,All,Neither agree nor disagree,4.870533460760133,0.5728378779636558,3.7471119831706607,5.993954938349606,2001,2001,2001,2000,1624.113195252279,2000.9999999999995,True,Approximate weighted respondent linearization; PSU/stratum unavailable in supplied file,all eligible adults,
ISSP,2019,redistribution,Government should reduce income differences?,ordinal,ZA7810_v1-0-0.sav,694abfea6f4a06ec211c0e24428d0bce0acc0f3eff4453f98f44c99641d2bb43,v22,original microdata,All,Don't know,2.749233981941657,0.3912659109790449,1.9819025174005542,3.51656544648276,2001,2001,2001,2000,1624.113195252279,2000.9999999999995,True,Approximate weighted respondent linearization; PSU/stratum unavailable in supplied file,all eligible adults,
ISSP,2019,redistribution,Government should reduce income differences?,ordinal,ZA7810_v1-0-0.sav,694abfea6f4a06ec211c0e24428d0bce0acc0f3eff4453f98f44c99641d2bb43,v22,original microdata,All,No answer,0.0,0.0,0.0,0.0,2001,2001,2001,2000,1624.113195252279,2000.9999999999995,True,Approximate weighted respondent linearization; PSU/stratum unavailable in supplied file,all eligible adults,
ISSP,2019,unemployed_living,Government should provide a decent living for unemployed people?,ordinal,ZA7810_v1-0-0.sav,694abfea6f4a06ec211c0e24428d0bce0acc0f3eff4453f98f44c99641d2bb43,v23,original microdata,All,Agree,84.45148734903535,0.8941508100229958,82.69792274930127,86.20505194876942,2001,2001,2001,2000,1624.113195252279,2000.9999999999995,True,Approximate weighted respondent linearization; PSU/stratum unavailable in supplied file,all eligible adults,
ISSP,2019,unemployed_living,Government should provide a decent living for unemployed people?,ordinal,ZA7810_v1-0-0.sav,694abfea6f4a06ec211c0e24428d0bce0acc0f3eff4453f98f44c99641d2bb43,v23,original microdata,All,Disagree,5.806705378750534,0.5501625780177759,4.7277535843819765,6.885657173119092,2001,2001,2001,2000,1624.113195252279,2000.9999999999995,True,Approximate weighted respondent linearization; PSU/stratum unavailable in supplied file,all eligible adults,
ISSP,2019,unemployed_living,Government should provide a decent living for unemployed people?,ordinal,ZA7810_v1-0-0.sav,694abfea6f4a06ec211c0e24428d0bce0acc0f3eff4453f98f44c99641d2bb43,v23,original microdata,All,Neither agree nor disagree,7.185170206447088,0.6285564156556542,5.9524762726339,8.417864140260276,2001,2001,2001,2000,1624.113195252279,2000.9999999999995,True,Approximate weighted respondent linearization; PSU/stratum unavailable in supplied file,all eligible adults,
ISSP,2019,unemployed_living,Government should provide a decent living for unemployed people?,ordinal,ZA7810_v1-0-0.sav,694abfea6f4a06ec211c0e24428d0bce0acc0f3eff4453f98f44c99641d2bb43,v23,original microdata,All,Don't know,2.556637065767047,0.4413027543713045,1.6911758044718064,3.422098327062288,2001,2001,2001,2000,1624.113195252279,2000.9999999999995,True,Approximate weighted respondent linearization; PSU/stratum unavailable in supplied file,all eligible adults,
ISSP,2019,unemployed_living,Government should provide a decent living for unemployed people?,ordinal,ZA7810_v1-0-0.sav,694abfea6f4a06ec211c0e24428d0bce0acc0f3eff4453f98f44c99641d2bb43,v23,original microdata,All,No answer,0.0,0.0,0.0,0.0,2001,2001,2001,2000,1624.113195252279,2000.9999999999995,True,Approximate weighted respondent linearization; PSU/stratum unavailable in supplied file,all eligible adults,
ISSP,2019,tax_rich,"Should richer people pay higher, the same or lower taxes?",ordinal,ZA7810_v1-0-0.sav,694abfea6f4a06ec211c0e24428d0bce0acc0f3eff4453f98f44c99641d2bb43,v28,original microdata,All,Higher taxes,78.4862995314572,1.0587701051741505,76.40989166504554,80.56270739786888,2001,2001,2001,2000,1624.113195252279,2000.9999999999995,True,Approximate weighted respondent linearization; PSU/stratum unavailable in supplied file,all eligible adults,
ISSP,2019,tax_rich,"Should richer people pay higher, the same or lower taxes?",ordinal,ZA7810_v1-0-0.sav,694abfea6f4a06ec211c0e24428d0bce0acc0f3eff4453f98f44c99641d2bb43,v28,original microdata,All,Lower taxes,2.3296303849314484,0.4127275771125201,1.5202093561232104,3.1390514137396863,2001,2001,2001,2000,1624.113195252279,2000.9999999999995,True,Approximate weighted respondent linearization; PSU/stratum unavailable in supplied file,all eligible adults,
ISSP,2019,tax_rich,"Should richer people pay higher, the same or lower taxes?",ordinal,ZA7810_v1-0-0.sav,694abfea6f4a06ec211c0e24428d0bce0acc0f3eff4453f98f44c99641d2bb43,v28,original microdata,All,The same taxes,15.247180220430659,0.9229879798887318,13.43706158119202,17.057298859669295,2001,2001,2001,2000,1624.113195252279,2000.9999999999995,True,Approximate weighted respondent linearization; PSU/stratum unavailable in supplied file,all eligible adults,
ISSP,2019,tax_rich,"Should richer people pay higher, the same or lower taxes?",ordinal,ZA7810_v1-0-0.sav,694abfea6f4a06ec211c0e24428d0bce0acc0f3eff4453f98f44c99641d2bb43,v28,original microdata,All,Don't know,3.936889863180714,0.510358740182969,2.935999398263816,4.937780328097611,2001,2001,2001,2000,1624.113195252279,2000.9999999999995,True,Approximate weighted respondent linearization; PSU/stratum unavailable in supplied file,all eligible adults,
ISSP,2019,tax_rich,"Should richer people pay higher, the same or lower taxes?",ordinal,ZA7810_v1-0-0.sav,694abfea6f4a06ec211c0e24428d0bce0acc0f3eff4453f98f44c99641d2bb43,v28,original microdata,All,No answer,0.0,0.0,0.0,0.0,2001,2001,2001,2000,1624.113195252279,2000.9999999999995,True,Approximate weighted respondent linearization; PSU/stratum unavailable in supplied file,all eligible adults,
ISSP,2019,tax_level,Are current taxes on high incomes too high or too low?,ordinal,ZA7810_v1-0-0.sav,694abfea6f4a06ec211c0e24428d0bce0acc0f3eff4453f98f44c99641d2bb43,v29,original microdata,All,Too high,11.90965388826856,0.8900327099817927,10.164165503832246,13.655142272704873,2001,2001,2001,2000,1624.113195252279,2000.9999999999995,True,Approximate weighted respondent linearization; PSU/stratum unavailable in supplied file,all eligible adults,
ISSP,2019,tax_level,Are current taxes on high incomes too high or too low?,ordinal,ZA7810_v1-0-0.sav,694abfea6f4a06ec211c0e24428d0bce0acc0f3eff4453f98f44c99641d2bb43,v29,original microdata,All,Too low,50.88865957865115,1.2426971754564187,48.45154298641336,53.32577617088894,2001,2001,2001,2000,1624.113195252279,2000.9999999999995,True,Approximate weighted respondent linearization; PSU/stratum unavailable in supplied file,all eligible adults,
ISSP,2019,tax_level,Are current taxes on high incomes too high or too low?,ordinal,ZA7810_v1-0-0.sav,694abfea6f4a06ec211c0e24428d0bce0acc0f3eff4453f98f44c99641d2bb43,v29,original microdata,All,About right,17.719823480027742,0.98507410677841,15.787944581750098,19.651702378305387,2001,2001,2001,2000,1624.113195252279,2000.9999999999995,True,Approximate weighted respondent linearization; PSU/stratum unavailable in supplied file,all eligible adults,
ISSP,2019,tax_level,Are current taxes on high incomes too high or too low?,ordinal,ZA7810_v1-0-0.sav,694abfea6f4a06ec211c0e24428d0bce0acc0f3eff4453f98f44c99641d2bb43,v29,original microdata,All,Don't know,19.481863053052557,0.9710798377595613,17.577429027021886,21.386297079083228,2001,2001,2001,2000,1624.113195252279,2000.9999999999995,True,Approximate weighted respondent linearization; PSU/stratum unavailable in supplied file,all eligible adults,
ISSP,2019,tax_level,Are current taxes on high incomes too high or too low?,ordinal,ZA7810_v1-0-0.sav,694abfea6f4a06ec211c0e24428d0bce0acc0f3eff4453f98f44c99641d2bb43,v29,original microdata,All,No answer,0.0,0.0,0.0,0.0,2001,2001,2001,2000,1624.113195252279,2000.9999999999995,True,Approximate weighted respondent linearization; PSU/stratum unavailable in supplied file,all eligible adults,
ISSP,2019,buy_health,Is it fair that richer people can buy better healthcare?,ordinal,ZA7810_v1-0-0.sav,694abfea6f4a06ec211c0e24428d0bce0acc0f3eff4453f98f44c99641d2bb43,v30,original microdata,All,Fair,26.801171669108793,1.1838851208588181,24.47939438632969,29.122948951887896,2001,2001,2001,2000,1624.113195252279,2000.9999999999995,True,Approximate weighted respondent linearization; PSU/stratum unavailable in supplied file,all eligible adults,
ISSP,2019,buy_health,Is it fair that richer people can buy better healthcare?,ordinal,ZA7810_v1-0-0.sav,694abfea6f4a06ec211c0e24428d0bce0acc0f3eff4453f98f44c99641d2bb43,v30,original microdata,All,Unfair,58.034645875602905,1.2489993940704727,55.585169682123905,60.484122069081906,2001,2001,2001,2000,1624.113195252279,2000.9999999999995,True,Approximate weighted respondent linearization; PSU/stratum unavailable in supplied file,all eligible adults,
ISSP,2019,buy_health,Is it fair that richer people can buy better healthcare?,ordinal,ZA7810_v1-0-0.sav,694abfea6f4a06ec211c0e24428d0bce0acc0f3eff4453f98f44c99641d2bb43,v30,original microdata,All,Mixed feelings,11.923977472566012,0.7922089655873891,10.370336205260923,13.477618739871101,2001,2001,2001,2000,1624.113195252279,2000.9999999999995,True,Approximate weighted respondent linearization; PSU/stratum unavailable in supplied file,all eligible adults,
ISSP,2019,buy_health,Is it fair that richer people can buy better healthcare?,ordinal,ZA7810_v1-0-0.sav,694abfea6f4a06ec211c0e24428d0bce0acc0f3eff4453f98f44c99641d2bb43,v30,original microdata,All,Don't know,3.2402049827223056,0.41860249501693336,2.4192623538125613,4.06114761163205,2001,2001,2001,2000,1624.113195252279,2000.9999999999995,True,Approximate weighted respondent linearization; PSU/stratum unavailable in supplied file,all eligible adults,
ISSP,2019,buy_health,Is it fair that richer people can buy better healthcare?,ordinal,ZA7810_v1-0-0.sav,694abfea6f4a06ec211c0e24428d0bce0acc0f3eff4453f98f44c99641d2bb43,v30,original microdata,All,No answer,0.0,0.0,0.0,0.0,2001,2001,2001,2000,1624.113195252279,2000.9999999999995,True,Approximate weighted respondent linearization; PSU/stratum unavailable in supplied file,all eligible adults,
ISSP,2019,buy_education,Is it fair that richer people can buy better education for their children?,ordinal,ZA7810_v1-0-0.sav,694abfea6f4a06ec211c0e24428d0bce0acc0f3eff4453f98f44c99641d2bb43,v31,original microdata,All,Fair,26.30777160804368,1.1633053775317,24.02635430589147,28.58918891019589,2001,2001,2001,2000,1624.113195252279,2000.9999999999995,True,Approximate weighted respondent linearization; PSU/stratum unavailable in supplied file,all eligible adults,
ISSP,2019,buy_education,Is it fair that richer people can buy better education for their children?,ordinal,ZA7810_v1-0-0.sav,694abfea6f4a06ec211c0e24428d0bce0acc0f3eff4453f98f44c99641d2bb43,v31,original microdata,All,Unfair,58.18826935079493,1.239077546047059,55.75825139776348,60.618287303826385,2001,2001,2001,2000,1624.113195252279,2000.9999999999995,True,Approximate weighted respondent linearization; PSU/stratum unavailable in supplied file,all eligible adults,
ISSP,2019,buy_education,Is it fair that richer people can buy better education for their children?,ordinal,ZA7810_v1-0-0.sav,694abfea6f4a06ec211c0e24428d0bce0acc0f3eff4453f98f44c99641d2bb43,v31,original microdata,All,Mixed feelings,12.453397360944377,0.780610603860909,10.922502230320575,13.98429249156818,2001,2001,2001,2000,1624.113195252279,2000.9999999999995,True,Approximate weighted respondent linearization; PSU/stratum unavailable in supplied file,all eligible adults,
ISSP,2019,buy_education,Is it fair that richer people can buy better education for their children?,ordinal,ZA7810_v1-0-0.sav,694abfea6f4a06ec211c0e24428d0bce0acc0f3eff4453f98f44c99641d2bb43,v31,original microdata,All,Don't know,3.0505616802170197,0.3930948647148746,2.279643361545997,3.8214799988880426,2001,2001,2001,2000,1624.113195252279,2000.9999999999995,True,Approximate weighted respondent linearization; PSU/stratum unavailable in supplied file,all eligible adults,
ISSP,2019,buy_education,Is it fair that richer people can buy better education for their children?,ordinal,ZA7810_v1-0-0.sav,694abfea6f4a06ec211c0e24428d0bce0acc0f3eff4453f98f44c99641d2bb43,v31,original microdata,All,No answer,0.0,0.0,0.0,0.0,2001,2001,2001,2000,1624.113195252279,2000.9999999999995,True,Approximate weighted respondent linearization; PSU/stratum unavailable in supplied file,all eligible adults,
ISSP,2019,society_actual,Which diagram best describes the shape of Ukrainian society?,nominal,ZA7810_v1-0-0.sav,694abfea6f4a06ec211c0e24428d0bce0acc0f3eff4453f98f44c99641d2bb43,v48,original microdata,All,A: Elite over a large bottom,43.17805883299203,1.2340847516424602,40.7578325028317,45.59828516315236,2001,2001,2001,2000,1624.113195252279,2000.9999999999995,True,Approximate weighted respondent linearization; PSU/stratum unavailable in supplied file,all eligible adults,
ISSP,2019,society_actual,Which diagram best describes the shape of Ukrainian society?,nominal,ZA7810_v1-0-0.sav,694abfea6f4a06ec211c0e24428d0bce0acc0f3eff4453f98f44c99641d2bb43,v48,original microdata,All,B: Pyramid,17.53065694591601,0.928957598051433,15.708830985086093,19.352482906745927,2001,2001,2001,2000,1624.113195252279,2000.9999999999995,True,Approximate weighted respondent linearization; PSU/stratum unavailable in supplied file,all eligible adults,
ISSP,2019,society_actual,Which diagram best describes the shape of Ukrainian society?,nominal,ZA7810_v1-0-0.sav,694abfea6f4a06ec211c0e24428d0bce0acc0f3eff4453f98f44c99641d2bb43,v48,original microdata,All,C: Pyramid with few at bottom,11.331013836679713,0.7695021324662508,9.821904093908246,12.840123579451179,2001,2001,2001,2000,1624.113195252279,2000.9999999999995,True,Approximate weighted respondent linearization; PSU/stratum unavailable in supplied file,all eligible adults,
ISSP,2019,society_actual,Which diagram best describes the shape of Ukrainian society?,nominal,ZA7810_v1-0-0.sav,694abfea6f4a06ec211c0e24428d0bce0acc0f3eff4453f98f44c99641d2bb43,v48,original microdata,All,D: Most people in the middle,7.164198060135726,0.6943415901892996,5.802489476940783,8.525906643330668,2001,2001,2001,2000,1624.113195252279,2000.9999999999995,True,Approximate weighted respondent linearization; PSU/stratum unavailable in supplied file,all eligible adults,
ISSP,2019,society_actual,Which diagram best describes the shape of Ukrainian society?,nominal,ZA7810_v1-0-0.sav,694abfea6f4a06ec211c0e24428d0bce0acc0f3eff4453f98f44c99641d2bb43,v48,original microdata,All,"E: Many near top, few at bottom",2.5071273913960437,0.36496157201641366,1.7913827029415046,3.2228720798505828,2001,2001,2001,2000,1624.113195252279,2000.9999999999995,True,Approximate weighted respondent linearization; PSU/stratum unavailable in supplied file,all eligible adults,
ISSP,2019,society_actual,Which diagram best describes the shape of Ukrainian society?,nominal,ZA7810_v1-0-0.sav,694abfea6f4a06ec211c0e24428d0bce0acc0f3eff4453f98f44c99641d2bb43,v48,original microdata,All,Don't know,18.288944932880487,0.934795749427176,16.45566947665714,20.122220389103834,2001,2001,2001,2000,1624.113195252279,2000.9999999999995,True,Approximate weighted respondent linearization; PSU/stratum unavailable in supplied file,all eligible adults,
ISSP,2019,society_actual,Which diagram best describes the shape of Ukrainian society?,nominal,ZA7810_v1-0-0.sav,694abfea6f4a06ec211c0e24428d0bce0acc0f3eff4453f98f44c99641d2bb43,v48,original microdata,All,No answer,0.0,0.0,0.0,0.0,2001,2001,2001,2000,1624.113195252279,2000.9999999999995,True,Approximate weighted respondent linearization; PSU/stratum unavailable in supplied file,all eligible adults,
ISSP,2019,society_ideal,Which shape of society would you prefer for Ukraine?,nominal,ZA7810_v1-0-0.sav,694abfea6f4a06ec211c0e24428d0bce0acc0f3eff4453f98f44c99641d2bb43,v49,original microdata,All,A: Elite over a large bottom,6.602253051309095,0.6731129409418363,5.28217705112279,7.9223290514953995,2001,2001,2001,2000,1624.113195252279,2000.9999999999995,True,Approximate weighted respondent linearization; PSU/stratum unavailable in supplied file,all eligible adults,
ISSP,2019,society_ideal,Which shape of society would you prefer for Ukraine?,nominal,ZA7810_v1-0-0.sav,694abfea6f4a06ec211c0e24428d0bce0acc0f3eff4453f98f44c99641d2bb43,v49,original microdata,All,B: Pyramid,6.63265811343228,0.5959605363876262,5.463889615173023,7.801426611691537,2001,2001,2001,2000,1624.113195252279,2000.9999999999995,True,Approximate weighted respondent linearization; PSU/stratum unavailable in supplied file,all eligible adults,
ISSP,2019,society_ideal,Which shape of society would you prefer for Ukraine?,nominal,ZA7810_v1-0-0.sav,694abfea6f4a06ec211c0e24428d0bce0acc0f3eff4453f98f44c99641d2bb43,v49,original microdata,All,C: Pyramid with few at bottom,13.136579148837198,0.8341619218896951,11.500661806622528,14.772496491051868,2001,2001,2001,2000,1624.113195252279,2000.9999999999995,True,Approximate weighted respondent linearization; PSU/stratum unavailable in supplied file,all eligible adults,
ISSP,2019,society_ideal,Which shape of society would you prefer for Ukraine?,nominal,ZA7810_v1-0-0.sav,694abfea6f4a06ec211c0e24428d0bce0acc0f3eff4453f98f44c99641d2bb43,v49,original microdata,All,D: Most people in the middle,36.64470852506513,1.198795565302849,34.2936896118471,38.995727438283154,2001,2001,2001,2000,1624.113195252279,2000.9999999999995,True,Approximate weighted respondent linearization; PSU/stratum unavailable in supplied file,all eligible adults,
ISSP,2019,society_ideal,Which shape of society would you prefer for Ukraine?,nominal,ZA7810_v1-0-0.sav,694abfea6f4a06ec211c0e24428d0bce0acc0f3eff4453f98f44c99641d2bb43,v49,original microdata,All,"E: Many near top, few at bottom",18.256293775571354,0.9688309262520338,16.356270204201493,20.156317346941215,2001,2001,2001,2000,1624.113195252279,2000.9999999999995,True,Approximate weighted respondent linearization; PSU/stratum unavailable in supplied file,all eligible adults,
ISSP,2019,society_ideal,Which shape of society would you prefer for Ukraine?,nominal,ZA7810_v1-0-0.sav,694abfea6f4a06ec211c0e24428d0bce0acc0f3eff4453f98f44c99641d2bb43,v49,original microdata,All,Don't know,18.727507385784964,0.9352283927838744,16.89338345068522,20.561631320884707,2001,2001,2001,2000,1624.113195252279,2000.9999999999995,True,Approximate weighted respondent linearization; PSU/stratum unavailable in supplied file,all eligible adults,
ISSP,2019,society_ideal,Which shape of society would you prefer for Ukraine?,nominal,ZA7810_v1-0-0.sav,694abfea6f4a06ec211c0e24428d0bce0acc0f3eff4453f98f44c99641d2bb43,v49,original microdata,All,No answer,0.0,0.0,0.0,0.0,2001,2001,2001,2000,1624.113195252279,2000.9999999999995,True,Approximate weighted respondent linearization; PSU/stratum unavailable in supplied file,all eligible adults,
ISSP,2019,ahead_wealth,Importance for getting ahead: coming from a wealthy family?,ordinal,ZA7810_v1-0-0.sav,694abfea6f4a06ec211c0e24428d0bce0acc0f3eff4453f98f44c99641d2bb43,v1,original microdata,All,Essential / very important,26.841400933276294,1.1321457518610338,24.62109235674906,29.061709509803528,2001,2001,2001,2000,1624.113195252279,2000.9999999999995,True,Approximate weighted respondent linearization; PSU/stratum unavailable in supplied file,all eligible adults,
ISSP,2019,ahead_wealth,Importance for getting ahead: coming from a wealthy family?,ordinal,ZA7810_v1-0-0.sav,694abfea6f4a06ec211c0e24428d0bce0acc0f3eff4453f98f44c99641d2bb43,v1,original microdata,All,Not very / not at all important,47.50776887407161,1.2370348370210227,45.08175698153405,49.93378076660917,2001,2001,2001,2000,1624.113195252279,2000.9999999999995,True,Approximate weighted respondent linearization; PSU/stratum unavailable in supplied file,all eligible adults,
ISSP,2019,ahead_wealth,Importance for getting ahead: coming from a wealthy family?,ordinal,ZA7810_v1-0-0.sav,694abfea6f4a06ec211c0e24428d0bce0acc0f3eff4453f98f44c99641d2bb43,v1,original microdata,All,Important,22.289118568868275,1.0299962658448167,20.269140541227376,24.309096596509175,2001,2001,2001,2000,1624.113195252279,2000.9999999999995,True,Approximate weighted respondent linearization; PSU/stratum unavailable in supplied file,all eligible adults,
ISSP,2019,ahead_wealth,Importance for getting ahead: coming from a wealthy family?,ordinal,ZA7810_v1-0-0.sav,694abfea6f4a06ec211c0e24428d0bce0acc0f3eff4453f98f44c99641d2bb43,v1,original microdata,All,Don't know,3.3617116237838323,0.42119013281194767,2.5356942468747494,4.187729000692915,2001,2001,2001,2000,1624.113195252279,2000.9999999999995,True,Approximate weighted respondent linearization; PSU/stratum unavailable in supplied file,all eligible adults,
ISSP,2019,ahead_wealth,Importance for getting ahead: coming from a wealthy family?,ordinal,ZA7810_v1-0-0.sav,694abfea6f4a06ec211c0e24428d0bce0acc0f3eff4453f98f44c99641d2bb43,v1,original microdata,All,No answer,0.0,0.0,0.0,0.0,2001,2001,2001,2000,1624.113195252279,2000.9999999999995,True,Approximate weighted respondent linearization; PSU/stratum unavailable in supplied file,all eligible adults,
ISSP,2019,ahead_parents,Importance for getting ahead: having well-educated parents?,ordinal,ZA7810_v1-0-0.sav,694abfea6f4a06ec211c0e24428d0bce0acc0f3eff4453f98f44c99641d2bb43,v2,original microdata,All,Essential / very important,32.80466001745741,1.1871922778971304,30.476396900920577,35.13292313399424,2001,2001,2001,2000,1624.113195252279,2000.9999999999995,True,Approximate weighted respondent linearization; PSU/stratum unavailable in supplied file,all eligible adults,
ISSP,2019,ahead_parents,Importance for getting ahead: having well-educated parents?,ordinal,ZA7810_v1-0-0.sav,694abfea6f4a06ec211c0e24428d0bce0acc0f3eff4453f98f44c99641d2bb43,v2,original microdata,All,Not very / not at all important,31.48432197697085,1.1381867922787046,29.252166009038,33.7164779449037,2001,2001,2001,2000,1624.113195252279,2000.9999999999995,True,Approximate weighted respondent linearization; PSU/stratum unavailable in supplied file,all eligible adults,
ISSP,2019,ahead_parents,Importance for getting ahead: having well-educated parents?,ordinal,ZA7810_v1-0-0.sav,694abfea6f4a06ec211c0e24428d0bce0acc0f3eff4453f98f44c99641d2bb43,v2,original microdata,All,Important,33.632702509964794,1.167248521010225,31.343552108722246,35.921852911207345,2001,2001,2001,2000,1624.113195252279,2000.9999999999995,True,Approximate weighted respondent linearization; PSU/stratum unavailable in supplied file,all eligible adults,
ISSP,2019,ahead_parents,Importance for getting ahead: having well-educated parents?,ordinal,ZA7810_v1-0-0.sav,694abfea6f4a06ec211c0e24428d0bce0acc0f3eff4453f98f44c99641d2bb43,v2,original microdata,All,Don't know,2.07831549560697,0.3242321542501482,1.4424473384512917,2.7141836527626486,2001,2001,2001,2000,1624.113195252279,2000.9999999999995,True,Approximate weighted respondent linearization; PSU/stratum unavailable in supplied file,all eligible adults,
ISSP,2019,ahead_parents,Importance for getting ahead: having well-educated parents?,ordinal,ZA7810_v1-0-0.sav,694abfea6f4a06ec211c0e24428d0bce0acc0f3eff4453f98f44c99641d2bb43,v2,original microdata,All,No answer,0.0,0.0,0.0,0.0,2001,2001,2001,2000,1624.113195252279,2000.9999999999995,True,Approximate weighted respondent linearization; PSU/stratum unavailable in supplied file,all eligible adults,
ISSP,2019,ahead_education,Importance for getting ahead: having a good education?,ordinal,ZA7810_v1-0-0.sav,694abfea6f4a06ec211c0e24428d0bce0acc0f3eff4453f98f44c99641d2bb43,v3,original microdata,All,Essential / very important,56.11796085473498,1.2226231666228635,53.72021242150424,58.51570928796572,2001,2001,2001,2000,1624.113195252279,2000.9999999999995,True,Approximate weighted respondent linearization; PSU/stratum unavailable in supplied file,all eligible adults,
ISSP,2019,ahead_education,Importance for getting ahead: having a good education?,ordinal,ZA7810_v1-0-0.sav,694abfea6f4a06ec211c0e24428d0bce0acc0f3eff4453f98f44c99641d2bb43,v3,original microdata,All,Not very / not at all important,13.761149252608416,0.8555437472179446,12.083298925987735,15.438999579229096,2001,2001,2001,2000,1624.113195252279,2000.9999999999995,True,Approximate weighted respondent linearization; PSU/stratum unavailable in supplied file,all eligible adults,
ISSP,2019,ahead_education,Importance for getting ahead: having a good education?,ordinal,ZA7810_v1-0-0.sav,694abfea6f4a06ec211c0e24428d0bce0acc0f3eff4453f98f44c99641d2bb43,v3,original microdata,All,Important,28.860062591077988,1.092694695588474,26.71712348615018,31.003001696005796,2001,2001,2001,2000,1624.113195252279,2000.9999999999995,True,Approximate weighted respondent linearization; PSU/stratum unavailable in supplied file,all eligible adults,
ISSP,2019,ahead_education,Importance for getting ahead: having a good education?,ordinal,ZA7810_v1-0-0.sav,694abfea6f4a06ec211c0e24428d0bce0acc0f3eff4453f98f44c99641d2bb43,v3,original microdata,All,Don't know,1.2608273015786287,0.248592428195203,0.7733000556615413,1.748354547495716,2001,2001,2001,2000,1624.113195252279,2000.9999999999995,True,Approximate weighted respondent linearization; PSU/stratum unavailable in supplied file,all eligible adults,
ISSP,2019,ahead_education,Importance for getting ahead: having a good education?,ordinal,ZA7810_v1-0-0.sav,694abfea6f4a06ec211c0e24428d0bce0acc0f3eff4453f98f44c99641d2bb43,v3,original microdata,All,No answer,0.0,0.0,0.0,0.0,2001,2001,2001,2000,1624.113195252279,2000.9999999999995,True,Approximate weighted respondent linearization; PSU/stratum unavailable in supplied file,all eligible adults,
ISSP,2019,ahead_work,Importance for getting ahead: hard work?,ordinal,ZA7810_v1-0-0.sav,694abfea6f4a06ec211c0e24428d0bce0acc0f3eff4453f98f44c99641d2bb43,v4,original microdata,All,Essential / very important,48.85228692568098,1.2416310820566039,46.41726110339493,51.28731274796703,2001,2001,2001,2000,1624.113195252279,2000.9999999999995,True,Approximate weighted respondent linearization; PSU/stratum unavailable in supplied file,all eligible adults,
ISSP,2019,ahead_work,Importance for getting ahead: hard work?,ordinal,ZA7810_v1-0-0.sav,694abfea6f4a06ec211c0e24428d0bce0acc0f3eff4453f98f44c99641d2bb43,v4,original microdata,All,Not very / not at all important,15.575048603586206,0.9283874837268683,13.754340722934879,17.39575648423753,2001,2001,2001,2000,1624.113195252279,2000.9999999999995,True,Approximate weighted respondent linearization; PSU/stratum unavailable in supplied file,all eligible adults,
ISSP,2019,ahead_work,Importance for getting ahead: hard work?,ordinal,ZA7810_v1-0-0.sav,694abfea6f4a06ec211c0e24428d0bce0acc0f3eff4453f98f44c99641d2bb43,v4,original microdata,All,Important,32.68860720965378,1.139931499556802,30.453029607601188,34.924184811706375,2001,2001,2001,2000,1624.113195252279,2000.9999999999995,True,Approximate weighted respondent linearization; PSU/stratum unavailable in supplied file,all eligible adults,
ISSP,2019,ahead_work,Importance for getting ahead: hard work?,ordinal,ZA7810_v1-0-0.sav,694abfea6f4a06ec211c0e24428d0bce0acc0f3eff4453f98f44c99641d2bb43,v4,original microdata,All,Don't know,2.8840572610790454,0.3949224836184874,2.109554706085407,3.6585598160726835,2001,2001,2001,2000,1624.113195252279,2000.9999999999995,True,Approximate weighted respondent linearization; PSU/stratum unavailable in supplied file,all eligible adults,
ISSP,2019,ahead_work,Importance for getting ahead: hard work?,ordinal,ZA7810_v1-0-0.sav,694abfea6f4a06ec211c0e24428d0bce0acc0f3eff4453f98f44c99641d2bb43,v4,original microdata,All,No answer,0.0,0.0,0.0,0.0,2001,2001,2001,2000,1624.113195252279,2000.9999999999995,True,Approximate weighted respondent linearization; PSU/stratum unavailable in supplied file,all eligible adults,
ISSP,2019,ahead_connections,Importance for getting ahead: knowing the right people?,ordinal,ZA7810_v1-0-0.sav,694abfea6f4a06ec211c0e24428d0bce0acc0f3eff4453f98f44c99641d2bb43,v5,original microdata,All,Essential / very important,44.4878360915236,1.2489717100152906,42.03841419065228,46.93725799239491,2001,2001,2001,2000,1624.113195252279,2000.9999999999995,True,Approximate weighted respondent linearization; PSU/stratum unavailable in supplied file,all eligible adults,
ISSP,2019,ahead_connections,Importance for getting ahead: knowing the right people?,ordinal,ZA7810_v1-0-0.sav,694abfea6f4a06ec211c0e24428d0bce0acc0f3eff4453f98f44c99641d2bb43,v5,original microdata,All,Not very / not at all important,17.989588594168506,0.911854407498219,16.20130456962096,19.777872618716053,2001,2001,2001,2000,1624.113195252279,2000.9999999999995,True,Approximate weighted respondent linearization; PSU/stratum unavailable in supplied file,all eligible adults,
ISSP,2019,ahead_connections,Importance for getting ahead: knowing the right people?,ordinal,ZA7810_v1-0-0.sav,694abfea6f4a06ec211c0e24428d0bce0acc0f3eff4453f98f44c99641d2bb43,v5,original microdata,All,Important,35.1649681214392,1.158434918116255,32.89310252479307,37.43683371808533,2001,2001,2001,2000,1624.113195252279,2000.9999999999995,True,Approximate weighted respondent linearization; PSU/stratum unavailable in supplied file,all eligible adults,
ISSP,2019,ahead_connections,Importance for getting ahead: knowing the right people?,ordinal,ZA7810_v1-0-0.sav,694abfea6f4a06ec211c0e24428d0bce0acc0f3eff4453f98f44c99641d2bb43,v5,original microdata,All,Don't know,2.3576071928687035,0.3526183038597967,1.6660695149562808,3.0491448707811264,2001,2001,2001,2000,1624.113195252279,2000.9999999999995,True,Approximate weighted respondent linearization; PSU/stratum unavailable in supplied file,all eligible adults,
ISSP,2019,ahead_connections,Importance for getting ahead: knowing the right people?,ordinal,ZA7810_v1-0-0.sav,694abfea6f4a06ec211c0e24428d0bce0acc0f3eff4453f98f44c99641d2bb43,v5,original microdata,All,No answer,0.0,0.0,0.0,0.0,2001,2001,2001,2000,1624.113195252279,2000.9999999999995,True,Approximate weighted respondent linearization; PSU/stratum unavailable in supplied file,all eligible adults,
ISSP,2019,ahead_political,Importance for getting ahead: political connections?,ordinal,ZA7810_v1-0-0.sav,694abfea6f4a06ec211c0e24428d0bce0acc0f3eff4453f98f44c99641d2bb43,v6,original microdata,All,Essential / very important,19.64736788495362,1.053748013238621,17.580809098290057,21.713926671617184,2001,2001,2001,2000,1624.113195252279,2000.9999999999995,True,Approximate weighted respondent linearization; PSU/stratum unavailable in supplied file,all eligible adults,
ISSP,2019,ahead_political,Importance for getting ahead: political connections?,ordinal,ZA7810_v1-0-0.sav,694abfea6f4a06ec211c0e24428d0bce0acc0f3eff4453f98f44c99641d2bb43,v6,original microdata,All,Not very / not at all important,49.52337548566057,1.2401450109415035,47.091264072969544,51.9554868983516,2001,2001,2001,2000,1624.113195252279,2000.9999999999995,True,Approximate weighted respondent linearization; PSU/stratum unavailable in supplied file,all eligible adults,
ISSP,2019,ahead_political,Importance for getting ahead: political connections?,ordinal,ZA7810_v1-0-0.sav,694abfea6f4a06ec211c0e24428d0bce0acc0f3eff4453f98f44c99641d2bb43,v6,original microdata,All,Important,19.687101331737992,0.9833075484433467,17.75868692079851,21.615515742677474,2001,2001,2001,2000,1624.113195252279,2000.9999999999995,True,Approximate weighted respondent linearization; PSU/stratum unavailable in supplied file,all eligible adults,
ISSP,2019,ahead_political,Importance for getting ahead: political connections?,ordinal,ZA7810_v1-0-0.sav,694abfea6f4a06ec211c0e24428d0bce0acc0f3eff4453f98f44c99641d2bb43,v6,original microdata,All,Don't know,11.142155297647832,0.7767301693847316,9.61887028430261,12.665440310993056,2001,2001,2001,2000,1624.113195252279,2000.9999999999995,True,Approximate weighted respondent linearization; PSU/stratum unavailable in supplied file,all eligible adults,
ISSP,2019,ahead_political,Importance for getting ahead: political connections?,ordinal,ZA7810_v1-0-0.sav,694abfea6f4a06ec211c0e24428d0bce0acc0f3eff4453f98f44c99641d2bb43,v6,original microdata,All,No answer,0.0,0.0,0.0,0.0,2001,2001,2001,2000,1624.113195252279,2000.9999999999995,True,Approximate weighted respondent linearization; PSU/stratum unavailable in supplied file,all eligible adults,
ISSP,2019,ahead_bribes,Importance for getting ahead: giving bribes?,ordinal,ZA7810_v1-0-0.sav,694abfea6f4a06ec211c0e24428d0bce0acc0f3eff4453f98f44c99641d2bb43,v7,original microdata,All,Essential / very important,7.091837966137225,0.676999207505612,5.764140411068929,8.419535521205521,2001,2001,2001,2000,1624.113195252279,2000.9999999999995,True,Approximate weighted respondent linearization; PSU/stratum unavailable in supplied file,all eligible adults,
ISSP,2019,ahead_bribes,Importance for getting ahead: giving bribes?,ordinal,ZA7810_v1-0-0.sav,694abfea6f4a06ec211c0e24428d0bce0acc0f3eff4453f98f44c99641d2bb43,v7,original microdata,All,Not very / not at all important,65.54090319091848,1.2105190441533897,63.166892767467964,67.91491361436901,2001,2001,2001,2000,1624.113195252279,2000.9999999999995,True,Approximate weighted respondent linearization; PSU/stratum unavailable in supplied file,all eligible adults,
ISSP,2019,ahead_bribes,Importance for getting ahead: giving bribes?,ordinal,ZA7810_v1-0-0.sav,694abfea6f4a06ec211c0e24428d0bce0acc0f3eff4453f98f44c99641d2bb43,v7,original microdata,All,Important,14.945946104423314,0.9173297683809598,13.14692407135739,16.744968137489238,2001,2001,2001,2000,1624.113195252279,2000.9999999999995,True,Approximate weighted respondent linearization; PSU/stratum unavailable in supplied file,all eligible adults,
ISSP,2019,ahead_bribes,Importance for getting ahead: giving bribes?,ordinal,ZA7810_v1-0-0.sav,694abfea6f4a06ec211c0e24428d0bce0acc0f3eff4453f98f44c99641d2bb43,v7,original microdata,All,Don't know,12.42131273852099,0.8606544417915816,10.73343956901528,14.109185908026701,2001,2001,2001,2000,1624.113195252279,2000.9999999999995,True,Approximate weighted respondent linearization; PSU/stratum unavailable in supplied file,all eligible adults,
ISSP,2019,ahead_bribes,Importance for getting ahead: giving bribes?,ordinal,ZA7810_v1-0-0.sav,694abfea6f4a06ec211c0e24428d0bce0acc0f3eff4453f98f44c99641d2bb43,v7,original microdata,All,No answer,0.0,0.0,0.0,0.0,2001,2001,2001,2000,1624.113195252279,2000.9999999999995,True,Approximate weighted respondent linearization; PSU/stratum unavailable in supplied file,all eligible adults,
ISSP,2019,ahead_race,Importance for getting ahead: ethnic background (nationality)?,ordinal,ZA7810_v1-0-0.sav,694abfea6f4a06ec211c0e24428d0bce0acc0f3eff4453f98f44c99641d2bb43,v8,original microdata,All,Essential / very important,11.465902671762057,0.8033163120945448,9.890478222678688,13.041327120845427,2001,2001,2001,2000,1624.113195252279,2000.9999999999995,True,Approximate weighted respondent linearization; PSU/stratum unavailable in supplied file,all eligible adults,
ISSP,2019,ahead_race,Importance for getting ahead: ethnic background (nationality)?,ordinal,ZA7810_v1-0-0.sav,694abfea6f4a06ec211c0e24428d0bce0acc0f3eff4453f98f44c99641d2bb43,v8,original microdata,All,Not very / not at all important,72.6080113515723,1.0939761841051103,70.46255905438146,74.75346364876314,2001,2001,2001,2000,1624.113195252279,2000.9999999999995,True,Approximate weighted respondent linearization; PSU/stratum unavailable in supplied file,all eligible adults,
ISSP,2019,ahead_race,Importance for getting ahead: ethnic background (nationality)?,ordinal,ZA7810_v1-0-0.sav,694abfea6f4a06ec211c0e24428d0bce0acc0f3eff4453f98f44c99641d2bb43,v8,original microdata,All,Important,12.031246019116862,0.7538447272216616,10.552842809575395,13.50964922865833,2001,2001,2001,2000,1624.113195252279,2000.9999999999995,True,Approximate weighted respondent linearization; PSU/stratum unavailable in supplied file,all eligible adults,
ISSP,2019,ahead_race,Importance for getting ahead: ethnic background (nationality)?,ordinal,ZA7810_v1-0-0.sav,694abfea6f4a06ec211c0e24428d0bce0acc0f3eff4453f98f44c99641d2bb43,v8,original microdata,All,Don't know,3.894839957548792,0.5003751499846518,2.9135288187967623,4.876151096300822,2001,2001,2001,2000,1624.113195252279,2000.9999999999995,True,Approximate weighted respondent linearization; PSU/stratum unavailable in supplied file,all eligible adults,
ISSP,2019,ahead_race,Importance for getting ahead: ethnic background (nationality)?,ordinal,ZA7810_v1-0-0.sav,694abfea6f4a06ec211c0e24428d0bce0acc0f3eff4453f98f44c99641d2bb43,v8,original microdata,All,No answer,0.0,0.0,0.0,0.0,2001,2001,2001,2000,1624.113195252279,2000.9999999999995,True,Approximate weighted respondent linearization; PSU/stratum unavailable in supplied file,all eligible adults,
ISSP,2019,ahead_religion,Importance for getting ahead: a person’s religion?,ordinal,ZA7810_v1-0-0.sav,694abfea6f4a06ec211c0e24428d0bce0acc0f3eff4453f98f44c99641d2bb43,v9,original microdata,All,Essential / very important,11.761575266522314,0.7980794883084338,10.196421018733213,13.326729514311415,2001,2001,2001,2000,1624.113195252279,2000.9999999999995,True,Approximate weighted respondent linearization; PSU/stratum unavailable in supplied file,all eligible adults,
ISSP,2019,ahead_religion,Importance for getting ahead: a person’s religion?,ordinal,ZA7810_v1-0-0.sav,694abfea6f4a06ec211c0e24428d0bce0acc0f3eff4453f98f44c99641d2bb43,v9,original microdata,All,Not very / not at all important,70.98685584489378,1.122645518812007,68.78517865825879,73.18853303152878,2001,2001,2001,2000,1624.113195252279,2000.9999999999995,True,Approximate weighted respondent linearization; PSU/stratum unavailable in supplied file,all eligible adults,
ISSP,2019,ahead_religion,Importance for getting ahead: a person’s religion?,ordinal,ZA7810_v1-0-0.sav,694abfea6f4a06ec211c0e24428d0bce0acc0f3eff4453f98f44c99641d2bb43,v9,original microdata,All,Important,13.32947173546259,0.8267870546109659,11.708017620303973,14.950925850621207,2001,2001,2001,2000,1624.113195252279,2000.9999999999995,True,Approximate weighted respondent linearization; PSU/stratum unavailable in supplied file,all eligible adults,
ISSP,2019,ahead_religion,Importance for getting ahead: a person’s religion?,ordinal,ZA7810_v1-0-0.sav,694abfea6f4a06ec211c0e24428d0bce0acc0f3eff4453f98f44c99641d2bb43,v9,original microdata,All,Don't know,3.9220971531213307,0.5018713203939649,2.937851798535091,4.906342507707571,2001,2001,2001,2000,1624.113195252279,2000.9999999999995,True,Approximate weighted respondent linearization; PSU/stratum unavailable in supplied file,all eligible adults,
ISSP,2019,ahead_religion,Importance for getting ahead: a person’s religion?,ordinal,ZA7810_v1-0-0.sav,694abfea6f4a06ec211c0e24428d0bce0acc0f3eff4453f98f44c99641d2bb43,v9,original microdata,All,No answer,0.0,0.0,0.0,0.0,2001,2001,2001,2000,1624.113195252279,2000.9999999999995,True,Approximate weighted respondent linearization; PSU/stratum unavailable in supplied file,all eligible adults,
ISSP,2019,ahead_gender,Importance for getting ahead: being born a man or woman?,ordinal,ZA7810_v1-0-0.sav,694abfea6f4a06ec211c0e24428d0bce0acc0f3eff4453f98f44c99641d2bb43,v10,original microdata,All,Essential / very important,9.84155075095641,0.7663826207208161,8.338558841221529,11.34454266069129,2001,2001,2001,2000,1624.113195252279,2000.9999999999995,True,Approximate weighted respondent linearization; PSU/stratum unavailable in supplied file,all eligible adults,
ISSP,2019,ahead_gender,Importance for getting ahead: being born a man or woman?,ordinal,ZA7810_v1-0-0.sav,694abfea6f4a06ec211c0e24428d0bce0acc0f3eff4453f98f44c99641d2bb43,v10,original microdata,All,Not very / not at all important,67.62324550093503,1.1688064865677692,65.33103969425227,69.91545130761779,2001,2001,2001,2000,1624.113195252279,2000.9999999999995,True,Approximate weighted respondent linearization; PSU/stratum unavailable in supplied file,all eligible adults,
ISSP,2019,ahead_gender,Importance for getting ahead: being born a man or woman?,ordinal,ZA7810_v1-0-0.sav,694abfea6f4a06ec211c0e24428d0bce0acc0f3eff4453f98f44c99641d2bb43,v10,original microdata,All,Important,18.21433566125174,0.948591835757602,16.35400399892454,20.074667323578943,2001,2001,2001,2000,1624.113195252279,2000.9999999999995,True,Approximate weighted respondent linearization; PSU/stratum unavailable in supplied file,all eligible adults,
ISSP,2019,ahead_gender,Importance for getting ahead: being born a man or woman?,ordinal,ZA7810_v1-0-0.sav,694abfea6f4a06ec211c0e24428d0bce0acc0f3eff4453f98f44c99641d2bb43,v10,original microdata,All,Don't know,4.320868086856836,0.5282010435467996,3.284986173958445,5.356749999755228,2001,2001,2001,2000,1624.113195252279,2000.9999999999995,True,Approximate weighted respondent linearization; PSU/stratum unavailable in supplied file,all eligible adults,
ISSP,2019,ahead_gender,Importance for getting ahead: being born a man or woman?,ordinal,ZA7810_v1-0-0.sav,694abfea6f4a06ec211c0e24428d0bce0acc0f3eff4453f98f44c99641d2bb43,v10,original microdata,All,No answer,0.0,0.0,0.0,0.0,2001,2001,2001,2000,1624.113195252279,2000.9999999999995,True,Approximate weighted respondent linearization; PSU/stratum unavailable in supplied file,all eligible adults,
ISSP,2019,pay_responsibility,What should determine pay: job responsibility?,ordinal,ZA7810_v1-0-0.sav,694abfea6f4a06ec211c0e24428d0bce0acc0f3eff4453f98f44c99641d2bb43,v44,original microdata,All,Essential / very important,74.9694406034581,1.0538940116511448,72.9025954918872,77.036285715029,2001,2001,2001,2000,1624.113195252279,2000.9999999999995,True,Approximate weighted respondent linearization; PSU/stratum unavailable in supplied file,all eligible adults,
ISSP,2019,pay_responsibility,What should determine pay: job responsibility?,ordinal,ZA7810_v1-0-0.sav,694abfea6f4a06ec211c0e24428d0bce0acc0f3eff4453f98f44c99641d2bb43,v44,original microdata,All,Not very / not at all important,2.5638161835762743,0.40338687207642565,1.772713686165924,3.3549186809866245,2001,2001,2001,2000,1624.113195252279,2000.9999999999995,True,Approximate weighted respondent linearization; PSU/stratum unavailable in supplied file,all eligible adults,
ISSP,2019,pay_responsibility,What should determine pay: job responsibility?,ordinal,ZA7810_v1-0-0.sav,694abfea6f4a06ec211c0e24428d0bce0acc0f3eff4453f98f44c99641d2bb43,v44,original microdata,All,Important,20.936815959212204,0.9812310905779311,19.01247379533084,22.861158123093567,2001,2001,2001,2000,1624.113195252279,2000.9999999999995,True,Approximate weighted respondent linearization; PSU/stratum unavailable in supplied file,all eligible adults,
ISSP,2019,pay_responsibility,What should determine pay: job responsibility?,ordinal,ZA7810_v1-0-0.sav,694abfea6f4a06ec211c0e24428d0bce0acc0f3eff4453f98f44c99641d2bb43,v44,original microdata,All,Don't know,1.529927253753441,0.3012744580407245,0.9390826014842137,2.120771906022668,2001,2001,2001,2000,1624.113195252279,2000.9999999999995,True,Approximate weighted respondent linearization; PSU/stratum unavailable in supplied file,all eligible adults,
ISSP,2019,pay_responsibility,What should determine pay: job responsibility?,ordinal,ZA7810_v1-0-0.sav,694abfea6f4a06ec211c0e24428d0bce0acc0f3eff4453f98f44c99641d2bb43,v44,original microdata,All,No answer,0.0,0.0,0.0,0.0,2001,2001,2001,2000,1624.113195252279,2000.9999999999995,True,Approximate weighted respondent linearization; PSU/stratum unavailable in supplied file,all eligible adults,
ISSP,2019,pay_education,What should determine pay: education and training?,ordinal,ZA7810_v1-0-0.sav,694abfea6f4a06ec211c0e24428d0bce0acc0f3eff4453f98f44c99641d2bb43,v45,original microdata,All,Essential / very important,56.90353763902931,1.2217224560026385,54.5075556351755,59.29951964288312,2001,2001,2001,2000,1624.113195252279,2000.9999999999995,True,Approximate weighted respondent linearization; PSU/stratum unavailable in supplied file,all eligible adults,
ISSP,2019,pay_education,What should determine pay: education and training?,ordinal,ZA7810_v1-0-0.sav,694abfea6f4a06ec211c0e24428d0bce0acc0f3eff4453f98f44c99641d2bb43,v45,original microdata,All,Not very / not at all important,14.245331096180998,0.8849608214115735,12.509789450204053,15.980872742157942,2001,2001,2001,2000,1624.113195252279,2000.9999999999995,True,Approximate weighted respondent linearization; PSU/stratum unavailable in supplied file,all eligible adults,
ISSP,2019,pay_education,What should determine pay: education and training?,ordinal,ZA7810_v1-0-0.sav,694abfea6f4a06ec211c0e24428d0bce0acc0f3eff4453f98f44c99641d2bb43,v45,original microdata,All,Important,26.516718344329938,1.0568134606796913,24.444147752884955,28.58928893577492,2001,2001,2001,2000,1624.113195252279,2000.9999999999995,True,Approximate weighted respondent linearization; PSU/stratum unavailable in supplied file,all eligible adults,
ISSP,2019,pay_education,What should determine pay: education and training?,ordinal,ZA7810_v1-0-0.sav,694abfea6f4a06ec211c0e24428d0bce0acc0f3eff4453f98f44c99641d2bb43,v45,original microdata,All,Don't know,2.334412920459765,0.379613227782811,1.589934125195231,3.0788917157242985,2001,2001,2001,2000,1624.113195252279,2000.9999999999995,True,Approximate weighted respondent linearization; PSU/stratum unavailable in supplied file,all eligible adults,
ISSP,2019,pay_education,What should determine pay: education and training?,ordinal,ZA7810_v1-0-0.sav,694abfea6f4a06ec211c0e24428d0bce0acc0f3eff4453f98f44c99641d2bb43,v45,original microdata,All,No answer,0.0,0.0,0.0,0.0,2001,2001,2001,2000,1624.113195252279,2000.9999999999995,True,Approximate weighted respondent linearization; PSU/stratum unavailable in supplied file,all eligible adults,
ISSP,2019,pay_children,What should determine pay: children to support?,ordinal,ZA7810_v1-0-0.sav,694abfea6f4a06ec211c0e24428d0bce0acc0f3eff4453f98f44c99641d2bb43,v46,original microdata,All,Essential / very important,41.18825647394333,1.2242819368565085,38.78725494209857,43.589258005788096,2001,2001,2001,2000,1624.113195252279,2000.9999999999995,True,Approximate weighted respondent linearization; PSU/stratum unavailable in supplied file,all eligible adults,
ISSP,2019,pay_children,What should determine pay: children to support?,ordinal,ZA7810_v1-0-0.sav,694abfea6f4a06ec211c0e24428d0bce0acc0f3eff4453f98f44c99641d2bb43,v46,original microdata,All,Not very / not at all important,27.857212807654907,1.1225709188846196,25.65568192272913,30.058743692580684,2001,2001,2001,2000,1624.113195252279,2000.9999999999995,True,Approximate weighted respondent linearization; PSU/stratum unavailable in supplied file,all eligible adults,
ISSP,2019,pay_children,What should determine pay: children to support?,ordinal,ZA7810_v1-0-0.sav,694abfea6f4a06ec211c0e24428d0bce0acc0f3eff4453f98f44c99641d2bb43,v46,original microdata,All,Important,27.01269001750938,1.084504548136298,24.885813027023282,29.13956700799548,2001,2001,2001,2000,1624.113195252279,2000.9999999999995,True,Approximate weighted respondent linearization; PSU/stratum unavailable in supplied file,all eligible adults,
ISSP,2019,pay_children,What should determine pay: children to support?,ordinal,ZA7810_v1-0-0.sav,694abfea6f4a06ec211c0e24428d0bce0acc0f3eff4453f98f44c99641d2bb43,v46,original microdata,All,Don't know,3.941840700892386,0.47907757465020195,3.0022973196014275,4.881384082183344,2001,2001,2001,2000,1624.113195252279,2000.9999999999995,True,Approximate weighted respondent linearization; PSU/stratum unavailable in supplied file,all eligible adults,
ISSP,2019,pay_children,What should determine pay: children to support?,ordinal,ZA7810_v1-0-0.sav,694abfea6f4a06ec211c0e24428d0bce0acc0f3eff4453f98f44c99641d2bb43,v46,original microdata,All,No answer,0.0,0.0,0.0,0.0,2001,2001,2001,2000,1624.113195252279,2000.9999999999995,True,Approximate weighted respondent linearization; PSU/stratum unavailable in supplied file,all eligible adults,
ISSP,2019,pay_performance,What should determine pay: how well the job is done?,ordinal,ZA7810_v1-0-0.sav,694abfea6f4a06ec211c0e24428d0bce0acc0f3eff4453f98f44c99641d2bb43,v47,original microdata,All,Essential / very important,77.41432142788007,1.0040831589555628,75.44516291122183,79.38347994453831,2001,2001,2001,2000,1624.113195252279,2000.9999999999995,True,Approximate weighted respondent linearization; PSU/stratum unavailable in supplied file,all eligible adults,
ISSP,2019,pay_performance,What should determine pay: how well the job is done?,ordinal,ZA7810_v1-0-0.sav,694abfea6f4a06ec211c0e24428d0bce0acc0f3eff4453f98f44c99641d2bb43,v47,original microdata,All,Not very / not at all important,2.383327660174908,0.3944415150469635,1.609768357092642,3.156886963257174,2001,2001,2001,2000,1624.113195252279,2000.9999999999995,True,Approximate weighted respondent linearization; PSU/stratum unavailable in supplied file,all eligible adults,
ISSP,2019,pay_performance,What should determine pay: how well the job is done?,ordinal,ZA7810_v1-0-0.sav,694abfea6f4a06ec211c0e24428d0bce0acc0f3eff4453f98f44c99641d2bb43,v47,original microdata,All,Important,18.941840723876588,0.9278979294837233,17.122092932933626,20.76158851481955,2001,2001,2001,2000,1624.113195252279,2000.9999999999995,True,Approximate weighted respondent linearization; PSU/stratum unavailable in supplied file,all eligible adults,
ISSP,2019,pay_performance,What should determine pay: how well the job is done?,ordinal,ZA7810_v1-0-0.sav,694abfea6f4a06ec211c0e24428d0bce0acc0f3eff4453f98f44c99641d2bb43,v47,original microdata,All,Don't know,1.260510188068445,0.2734065548193177,0.724318697223539,1.796701678913351,2001,2001,2001,2000,1624.113195252279,2000.9999999999995,True,Approximate weighted respondent linearization; PSU/stratum unavailable in supplied file,all eligible adults,
ISSP,2019,pay_performance,What should determine pay: how well the job is done?,ordinal,ZA7810_v1-0-0.sav,694abfea6f4a06ec211c0e24428d0bce0acc0f3eff4453f98f44c99641d2bb43,v47,original microdata,All,No answer,0.0,0.0,0.0,0.0,2001,2001,2001,2000,1624.113195252279,2000.9999999999995,True,Approximate weighted respondent linearization; PSU/stratum unavailable in supplied file,all eligible adults,
ISSP,2019,conflict_rich_poor,How much conflict is there between rich and poor?,ordinal,ZA7810_v1-0-0.sav,694abfea6f4a06ec211c0e24428d0bce0acc0f3eff4453f98f44c99641d2bb43,v36,original microdata,All,Strong conflicts,48.083465171720064,1.241445004506494,45.64880427557513,50.518126067865,2001,2001,2001,2000,1624.113195252279,2000.9999999999995,True,Approximate weighted respondent linearization; PSU/stratum unavailable in supplied file,all eligible adults,
ISSP,2019,conflict_rich_poor,How much conflict is there between rich and poor?,ordinal,ZA7810_v1-0-0.sav,694abfea6f4a06ec211c0e24428d0bce0acc0f3eff4453f98f44c99641d2bb43,v36,original microdata,All,Weak / no conflicts,46.49631596633536,1.236382097601114,44.07158419425038,48.92104773842034,2001,2001,2001,2000,1624.113195252279,2000.9999999999995,True,Approximate weighted respondent linearization; PSU/stratum unavailable in supplied file,all eligible adults,
ISSP,2019,conflict_rich_poor,How much conflict is there between rich and poor?,ordinal,ZA7810_v1-0-0.sav,694abfea6f4a06ec211c0e24428d0bce0acc0f3eff4453f98f44c99641d2bb43,v36,original microdata,All,Don't know,5.420218861944594,0.5352248934727976,4.370562119961434,6.469875603927754,2001,2001,2001,2000,1624.113195252279,2000.9999999999995,True,Approximate weighted respondent linearization; PSU/stratum unavailable in supplied file,all eligible adults,
ISSP,2019,conflict_rich_poor,How much conflict is there between rich and poor?,ordinal,ZA7810_v1-0-0.sav,694abfea6f4a06ec211c0e24428d0bce0acc0f3eff4453f98f44c99641d2bb43,v36,original microdata,All,No answer,0.0,0.0,0.0,0.0,2001,2001,2001,2000,1624.113195252279,2000.9999999999995,True,Approximate weighted respondent linearization; PSU/stratum unavailable in supplied file,all eligible adults,
ISSP,2019,conflict_class,How much conflict is there between working and middle classes?,ordinal,ZA7810_v1-0-0.sav,694abfea6f4a06ec211c0e24428d0bce0acc0f3eff4453f98f44c99641d2bb43,v37,original microdata,All,Strong conflicts,18.087074321251265,0.9653427419460461,16.19389160541468,19.98025703708785,2001,2001,2001,2000,1624.113195252279,2000.9999999999995,True,Approximate weighted respondent linearization; PSU/stratum unavailable in supplied file,all eligible adults,
ISSP,2019,conflict_class,How much conflict is there between working and middle classes?,ordinal,ZA7810_v1-0-0.sav,694abfea6f4a06ec211c0e24428d0bce0acc0f3eff4453f98f44c99641d2bb43,v37,original microdata,All,Weak / no conflicts,73.19987425451507,1.0977224982080658,71.04707487032638,75.35267363870375,2001,2001,2001,2000,1624.113195252279,2000.9999999999995,True,Approximate weighted respondent linearization; PSU/stratum unavailable in supplied file,all eligible adults,
ISSP,2019,conflict_class,How much conflict is there between working and middle classes?,ordinal,ZA7810_v1-0-0.sav,694abfea6f4a06ec211c0e24428d0bce0acc0f3eff4453f98f44c99641d2bb43,v37,original microdata,All,Don't know,8.713051424233685,0.6774192866302702,7.384530030643039,10.041572817824331,2001,2001,2001,2000,1624.113195252279,2000.9999999999995,True,Approximate weighted respondent linearization; PSU/stratum unavailable in supplied file,all eligible adults,
ISSP,2019,conflict_class,How much conflict is there between working and middle classes?,ordinal,ZA7810_v1-0-0.sav,694abfea6f4a06ec211c0e24428d0bce0acc0f3eff4453f98f44c99641d2bb43,v37,original microdata,All,No answer,0.0,0.0,0.0,0.0,2001,2001,2001,2000,1624.113195252279,2000.9999999999995,True,Approximate weighted respondent linearization; PSU/stratum unavailable in supplied file,all eligible adults,
ISSP,2019,conflict_management,How much conflict is there between management and workers?,ordinal,ZA7810_v1-0-0.sav,694abfea6f4a06ec211c0e24428d0bce0acc0f3eff4453f98f44c99641d2bb43,v38,original microdata,All,Strong conflicts,36.224232783528585,1.1996926217751904,33.871454607268774,38.577010959788396,2001,2001,2001,2000,1624.113195252279,2000.9999999999995,True,Approximate weighted respondent linearization; PSU/stratum unavailable in supplied file,all eligible adults,
ISSP,2019,conflict_management,How much conflict is there between management and workers?,ordinal,ZA7810_v1-0-0.sav,694abfea6f4a06ec211c0e24428d0bce0acc0f3eff4453f98f44c99641d2bb43,v38,original microdata,All,Weak / no conflicts,54.93708857896908,1.2346328232175652,52.515787397786475,57.35838976015169,2001,2001,2001,2000,1624.113195252279,2000.9999999999995,True,Approximate weighted respondent linearization; PSU/stratum unavailable in supplied file,all eligible adults,
ISSP,2019,conflict_management,How much conflict is there between management and workers?,ordinal,ZA7810_v1-0-0.sav,694abfea6f4a06ec211c0e24428d0bce0acc0f3eff4453f98f44c99641d2bb43,v38,original microdata,All,Don't know,8.838678637502351,0.6649212633624002,7.534667752568098,10.142689522436605,2001,2001,2001,2000,1624.113195252279,2000.9999999999995,True,Approximate weighted respondent linearization; PSU/stratum unavailable in supplied file,all eligible adults,
ISSP,2019,conflict_management,How much conflict is there between management and workers?,ordinal,ZA7810_v1-0-0.sav,694abfea6f4a06ec211c0e24428d0bce0acc0f3eff4453f98f44c99641d2bb43,v38,original microdata,All,No answer,0.0,0.0,0.0,0.0,2001,2001,2001,2000,1624.113195252279,2000.9999999999995,True,Approximate weighted respondent linearization; PSU/stratum unavailable in supplied file,all eligible adults,
ISSP,2019,earn_actual_doctor,How much does a doctor earn per month after taxes?,numeric,ZA7810_v1-0-0.sav,694abfea6f4a06ec211c0e24428d0bce0acc0f3eff4453f98f44c99641d2bb43,v11,original microdata,All,Mean,8166.870608965688,115.77882088045992,7939.8108787511555,8393.93033918022,1451,2001,2001,2000,1194.4173407706699,1458.5221777583333,True,Approximate weighted respondent linearization; PSU/stratum unavailable in supplied file,valid monetary answers,27.110335944111263
ISSP,2019,earn_ideal_doctor,How much should a doctor earn per month after taxes?,numeric,ZA7810_v1-0-0.sav,694abfea6f4a06ec211c0e24428d0bce0acc0f3eff4453f98f44c99641d2bb43,v16,original microdata,All,Mean,19091.748359513982,287.6421664059824,18527.638687245857,19655.858031782107,1713,2001,2001,2000,1407.783209154563,1708.4252739383367,True,Approximate weighted respondent linearization; PSU/stratum unavailable in supplied file,valid monetary answers,14.621425590288014
ISSP,2019,earn_actual_chairman,How much does a corporate chairman earn per month after taxes?,numeric,ZA7810_v1-0-0.sav,694abfea6f4a06ec211c0e24428d0bce0acc0f3eff4453f98f44c99641d2bb43,v12,original microdata,All,Mean,179784.53260473892,11076.761979093302,158061.33169893327,201507.73351054458,1186,2001,2001,2000,966.667674480801,1209.5615187956748,True,Approximate weighted respondent linearization; PSU/stratum unavailable in supplied file,valid monetary answers,39.55214798622316
ISSP,2019,earn_ideal_chairman,How much should a corporate chairman earn per month after taxes?,numeric,ZA7810_v1-0-0.sav,694abfea6f4a06ec211c0e24428d0bce0acc0f3eff4453f98f44c99641d2bb43,v17,original microdata,All,Mean,86771.16832838139,5822.187734575209,75352.9800430132,98189.35661374958,1241,2001,2001,2000,1008.9985732823515,1247.872499523236,True,Approximate weighted respondent linearization; PSU/stratum unavailable in supplied file,valid monetary answers,37.637556245715345
ISSP,2019,earn_actual_shop,How much does a shop assistant earn per month after taxes?,numeric,ZA7810_v1-0-0.sav,694abfea6f4a06ec211c0e24428d0bce0acc0f3eff4453f98f44c99641d2bb43,v13,original microdata,All,Mean,5838.4714131997125,68.91438828334714,5703.319903687689,5973.6229227117365,1616,2001,2001,2000,1325.4898611075935,1623.64216045708,True,Approximate weighted respondent linearization; PSU/stratum unavailable in supplied file,valid monetary answers,18.858462745773103
ISSP,2019,earn_ideal_shop,How much should a shop assistant earn per month after taxes?,numeric,ZA7810_v1-0-0.sav,694abfea6f4a06ec211c0e24428d0bce0acc0f3eff4453f98f44c99641d2bb43,v18,original microdata,All,Mean,11119.29820413728,121.6155231908031,10880.79182036512,11357.804587909439,1712,2001,2001,2000,1406.2380726977824,1708.8914006839607,True,Approximate weighted respondent linearization; PSU/stratum unavailable in supplied file,valid monetary answers,14.598130900351784
ISSP,2019,earn_actual_worker,How much does an unskilled factory worker earn per month after taxes?,numeric,ZA7810_v1-0-0.sav,694abfea6f4a06ec211c0e24428d0bce0acc0f3eff4453f98f44c99641d2bb43,v14,original microdata,All,Mean,6089.748766886022,72.25129891929706,5948.053072323685,6231.444461448359,1552,2001,2001,2000,1267.170407041832,1573.332849306406,True,Approximate weighted respondent linearization; PSU/stratum unavailable in supplied file,valid monetary answers,21.37267119908016
ISSP,2019,earn_ideal_worker,How much should an unskilled factory worker earn per month after taxes?,numeric,ZA7810_v1-0-0.sav,694abfea6f4a06ec211c0e24428d0bce0acc0f3eff4453f98f44c99641d2bb43,v19,original microdata,All,Mean,11226.843923057231,138.50109087478853,10955.222394272467,11498.465451841996,1689,2001,2001,2000,1385.3792797027193,1691.6105810811332,True,Approximate weighted respondent linearization; PSU/stratum unavailable in supplied file,valid monetary answers,15.461740075905386
ISSP,2019,earn_actual_minister,How much does a cabinet minister earn per month after taxes?,numeric,ZA7810_v1-0-0.sav,694abfea6f4a06ec211c0e24428d0bce0acc0f3eff4453f98f44c99641d2bb43,v15,original microdata,All,Mean,129365.57278207179,6836.216949100435,115958.7202649485,142772.42529919508,1182,2001,2001,2000,948.6106733466221,1194.2612240779015,True,Approximate weighted respondent linearization; PSU/stratum unavailable in supplied file,valid monetary answers,40.31678040590197
ISSP,2019,earn_ideal_minister,How much should a cabinet minister earn per month after taxes?,numeric,ZA7810_v1-0-0.sav,694abfea6f4a06ec211c0e24428d0bce0acc0f3eff4453f98f44c99641d2bb43,v20,original microdata,All,Mean,46446.60875159286,1690.553868047295,43131.17763670631,49762.03986647941,1354,2001,2001,2000,1101.002326107529,1352.4382838876977,True,Approximate weighted respondent linearization; PSU/stratum unavailable in supplied file,valid monetary answers,32.411879865682266
