survey,year,item,question,question_type,source_file,source_sha256,source_field,source_table,response,territory,estimate,se,ci_low,ci_high,n_valid,n_domain,n_psu,design_df,kish_n,weight_sum,weighted,variance_method
ISSP,2008,business_confidence,Confidence in business and industry?,ordinal,ZA4950_v2-3-0.sav,ac5927d0ff1cc1ce56f46fc7ad242684e9bb3a95654df459df7ba64e1d3feb16,V15,original microdata,High confidence,survey_coverage,7.956777996070727,0.5999047768534239,6.780286500086612,9.133269492054842,2036,2036,2036,2035,2036.0,2036.0,False,Approximate weighted respondent linearization; PSU/stratum unavailable in supplied file
ISSP,2008,business_confidence,Confidence in business and industry?,ordinal,ZA4950_v2-3-0.sav,ac5927d0ff1cc1ce56f46fc7ad242684e9bb3a95654df459df7ba64e1d3feb16,V15,original microdata,High confidence,exclude_Crimea_Donetsk_Luhansk,9.00521763065627,0.7691805973860706,7.496754176760823,10.513681084551717,1617,1617,2036,2035,1490.686184787601,1626.6824080000001,True,Approximate weighted respondent linearization; PSU/stratum unavailable in supplied file
ISSP,2008,business_confidence,Confidence in business and industry?,ordinal,ZA4950_v2-3-0.sav,ac5927d0ff1cc1ce56f46fc7ad242684e9bb3a95654df459df7ba64e1d3feb16,V15,original microdata,Little / no confidence,survey_coverage,59.479371316306484,1.0882760343778919,57.34512009989762,61.61362253271535,2036,2036,2036,2035,2036.0,2036.0,False,Approximate weighted respondent linearization; PSU/stratum unavailable in supplied file
ISSP,2008,business_confidence,Confidence in business and industry?,ordinal,ZA4950_v2-3-0.sav,ac5927d0ff1cc1ce56f46fc7ad242684e9bb3a95654df459df7ba64e1d3feb16,V15,original microdata,Little / no confidence,exclude_Crimea_Donetsk_Luhansk,57.15070154001444,1.2847696189032394,54.63110078126314,59.67030229876573,1617,1617,2036,2035,1490.686184787601,1626.6824080000001,True,Approximate weighted respondent linearization; PSU/stratum unavailable in supplied file
ISSP,2008,business_confidence,Confidence in business and industry?,ordinal,ZA4950_v2-3-0.sav,ac5927d0ff1cc1ce56f46fc7ad242684e9bb3a95654df459df7ba64e1d3feb16,V15,original microdata,Some confidence,survey_coverage,16.01178781925344,0.812918252281651,14.41754912064526,17.606026517861615,2036,2036,2036,2035,2036.0,2036.0,False,Approximate weighted respondent linearization; PSU/stratum unavailable in supplied file
ISSP,2008,business_confidence,Confidence in business and industry?,ordinal,ZA4950_v2-3-0.sav,ac5927d0ff1cc1ce56f46fc7ad242684e9bb3a95654df459df7ba64e1d3feb16,V15,original microdata,Some confidence,exclude_Crimea_Donetsk_Luhansk,17.932251161346546,1.0124338063018594,15.946736444146694,19.917765878546398,1617,1617,2036,2035,1490.686184787601,1626.6824080000001,True,Approximate weighted respondent linearization; PSU/stratum unavailable in supplied file
ISSP,2008,business_confidence,Confidence in business and industry?,ordinal,ZA4950_v2-3-0.sav,ac5927d0ff1cc1ce56f46fc7ad242684e9bb3a95654df459df7ba64e1d3feb16,V15,original microdata,Don't know,survey_coverage,15.81532416502947,0.8088600095295893,14.229044209659648,17.40160412039929,2036,2036,2036,2035,2036.0,2036.0,False,Approximate weighted respondent linearization; PSU/stratum unavailable in supplied file
ISSP,2008,business_confidence,Confidence in business and industry?,ordinal,ZA4950_v2-3-0.sav,ac5927d0ff1cc1ce56f46fc7ad242684e9bb3a95654df459df7ba64e1d3feb16,V15,original microdata,Don't know,exclude_Crimea_Donetsk_Luhansk,15.326828628246895,0.9119366813125132,13.538401878142373,17.115255378351417,1617,1617,2036,2035,1490.686184787601,1626.6824080000001,True,Approximate weighted respondent linearization; PSU/stratum unavailable in supplied file
ISSP,2008,business_confidence,Confidence in business and industry?,ordinal,ZA4950_v2-3-0.sav,ac5927d0ff1cc1ce56f46fc7ad242684e9bb3a95654df459df7ba64e1d3feb16,V15,original microdata,No answer,survey_coverage,0.7367387033398821,0.1895696489471886,0.36496790155886194,1.1085095051209022,2036,2036,2036,2035,2036.0,2036.0,False,Approximate weighted respondent linearization; PSU/stratum unavailable in supplied file
ISSP,2008,business_confidence,Confidence in business and industry?,ordinal,ZA4950_v2-3-0.sav,ac5927d0ff1cc1ce56f46fc7ad242684e9bb3a95654df459df7ba64e1d3feb16,V15,original microdata,No answer,exclude_Crimea_Donetsk_Luhansk,0.58500103973584,0.19014482507089905,0.21210224257230625,0.9578998368993736,1617,1617,2036,2035,1490.686184787601,1626.6824080000001,True,Approximate weighted respondent linearization; PSU/stratum unavailable in supplied file
ISSP,2009,income_gap,Income differences are too large?,ordinal,ZA5400_v4-0-0.sav,ff5bd2c5c8c7ba6e8e7ba11541b464be2d464ddfa95385d74507f226bbbaaa2d,V32,original microdata,Agree,survey_coverage,94.53280318091451,0.5069528713296175,93.5385954315597,95.52701093026933,2012,2012,2012,2011,2012.0,2012.0,False,Approximate weighted respondent linearization; PSU/stratum unavailable in supplied file
ISSP,2009,income_gap,Income differences are too large?,ordinal,ZA5400_v4-0-0.sav,ff5bd2c5c8c7ba6e8e7ba11541b464be2d464ddfa95385d74507f226bbbaaa2d,V32,original microdata,Agree,exclude_Crimea_Donetsk_Luhansk,94.677726634514,0.5887268259077425,93.52314835776929,95.83230491125872,1596,1596,2012,2011,1451.458840883383,1609.4453521174846,True,Approximate weighted respondent linearization; PSU/stratum unavailable in supplied file
ISSP,2009,income_gap,Income differences are too large?,ordinal,ZA5400_v4-0-0.sav,ff5bd2c5c8c7ba6e8e7ba11541b464be2d464ddfa95385d74507f226bbbaaa2d,V32,original microdata,Disagree,survey_coverage,0.6958250497017893,0.18536500537184042,0.3322975203744036,1.059352579029175,2012,2012,2012,2011,2012.0,2012.0,False,Approximate weighted respondent linearization; PSU/stratum unavailable in supplied file
ISSP,2009,income_gap,Income differences are too large?,ordinal,ZA5400_v4-0-0.sav,ff5bd2c5c8c7ba6e8e7ba11541b464be2d464ddfa95385d74507f226bbbaaa2d,V32,original microdata,Disagree,exclude_Crimea_Donetsk_Luhansk,0.6663891552406053,0.21914095444139467,0.2366221148938007,1.09615619558741,1596,1596,2012,2011,1451.458840883383,1609.4453521174846,True,Approximate weighted respondent linearization; PSU/stratum unavailable in supplied file
ISSP,2009,income_gap,Income differences are too large?,ordinal,ZA5400_v4-0-0.sav,ff5bd2c5c8c7ba6e8e7ba11541b464be2d464ddfa95385d74507f226bbbaaa2d,V32,original microdata,Neither agree nor disagree,survey_coverage,3.131212723658052,0.3883668768725252,2.369569224989831,3.8928562223262726,2012,2012,2012,2011,2012.0,2012.0,False,Approximate weighted respondent linearization; PSU/stratum unavailable in supplied file
ISSP,2009,income_gap,Income differences are too large?,ordinal,ZA5400_v4-0-0.sav,ff5bd2c5c8c7ba6e8e7ba11541b464be2d464ddfa95385d74507f226bbbaaa2d,V32,original microdata,Neither agree nor disagree,exclude_Crimea_Donetsk_Luhansk,3.225648159853568,0.4689110736385552,2.306045866356311,4.145250453350824,1596,1596,2012,2011,1451.458840883383,1609.4453521174846,True,Approximate weighted respondent linearization; PSU/stratum unavailable in supplied file
ISSP,2009,income_gap,Income differences are too large?,ordinal,ZA5400_v4-0-0.sav,ff5bd2c5c8c7ba6e8e7ba11541b464be2d464ddfa95385d74507f226bbbaaa2d,V32,original microdata,Don't know,survey_coverage,1.640159045725646,0.28323430625776463,1.0846956918520412,2.1956223995992508,2012,2012,2012,2011,2012.0,2012.0,False,Approximate weighted respondent linearization; PSU/stratum unavailable in supplied file
ISSP,2009,income_gap,Income differences are too large?,ordinal,ZA5400_v4-0-0.sav,ff5bd2c5c8c7ba6e8e7ba11541b464be2d464ddfa95385d74507f226bbbaaa2d,V32,original microdata,Don't know,exclude_Crimea_Donetsk_Luhansk,1.4302360503918174,0.2985435390226062,0.8447490814796742,2.0157230193039606,1596,1596,2012,2011,1451.458840883383,1609.4453521174846,True,Approximate weighted respondent linearization; PSU/stratum unavailable in supplied file
ISSP,2009,income_gap,Income differences are too large?,ordinal,ZA5400_v4-0-0.sav,ff5bd2c5c8c7ba6e8e7ba11541b464be2d464ddfa95385d74507f226bbbaaa2d,V32,original microdata,No answer,survey_coverage,0.0,0.0,0.0,0.0,2012,2012,2012,2011,2012.0,2012.0,False,Approximate weighted respondent linearization; PSU/stratum unavailable in supplied file
ISSP,2009,income_gap,Income differences are too large?,ordinal,ZA5400_v4-0-0.sav,ff5bd2c5c8c7ba6e8e7ba11541b464be2d464ddfa95385d74507f226bbbaaa2d,V32,original microdata,No answer,exclude_Crimea_Donetsk_Luhansk,0.0,0.0,0.0,0.0,1596,1596,2012,2011,1451.458840883383,1609.4453521174846,True,Approximate weighted respondent linearization; PSU/stratum unavailable in supplied file
ISSP,2009,redistribution,Government should reduce income differences?,ordinal,ZA5400_v4-0-0.sav,ff5bd2c5c8c7ba6e8e7ba11541b464be2d464ddfa95385d74507f226bbbaaa2d,V33,original microdata,Agree,survey_coverage,86.77932405566601,0.7553164205028297,85.29803953998844,88.26060857134358,2012,2012,2012,2011,2012.0,2012.0,False,Approximate weighted respondent linearization; PSU/stratum unavailable in supplied file
ISSP,2009,redistribution,Government should reduce income differences?,ordinal,ZA5400_v4-0-0.sav,ff5bd2c5c8c7ba6e8e7ba11541b464be2d464ddfa95385d74507f226bbbaaa2d,V33,original microdata,Agree,exclude_Crimea_Donetsk_Luhansk,86.69498679481507,0.8925022388855485,84.94466108921394,88.4453125004162,1596,1596,2012,2011,1451.458840883383,1609.4453521174846,True,Approximate weighted respondent linearization; PSU/stratum unavailable in supplied file
ISSP,2009,redistribution,Government should reduce income differences?,ordinal,ZA5400_v4-0-0.sav,ff5bd2c5c8c7ba6e8e7ba11541b464be2d464ddfa95385d74507f226bbbaaa2d,V33,original microdata,Disagree,survey_coverage,2.0874751491053676,0.31880398883649924,1.462254513910684,2.712695784300051,2012,2012,2012,2011,2012.0,2012.0,False,Approximate weighted respondent linearization; PSU/stratum unavailable in supplied file
ISSP,2009,redistribution,Government should reduce income differences?,ordinal,ZA5400_v4-0-0.sav,ff5bd2c5c8c7ba6e8e7ba11541b464be2d464ddfa95385d74507f226bbbaaa2d,V33,original microdata,Disagree,exclude_Crimea_Donetsk_Luhansk,1.7155780670926486,0.333790287627942,1.06096713699043,2.370188997194867,1596,1596,2012,2011,1451.458840883383,1609.4453521174846,True,Approximate weighted respondent linearization; PSU/stratum unavailable in supplied file
ISSP,2009,redistribution,Government should reduce income differences?,ordinal,ZA5400_v4-0-0.sav,ff5bd2c5c8c7ba6e8e7ba11541b464be2d464ddfa95385d74507f226bbbaaa2d,V33,original microdata,Neither agree nor disagree,survey_coverage,7.455268389662028,0.5857353783647355,6.3065567733057675,8.60398000601829,2012,2012,2012,2011,2012.0,2012.0,False,Approximate weighted respondent linearization; PSU/stratum unavailable in supplied file
ISSP,2009,redistribution,Government should reduce income differences?,ordinal,ZA5400_v4-0-0.sav,ff5bd2c5c8c7ba6e8e7ba11541b464be2d464ddfa95385d74507f226bbbaaa2d,V33,original microdata,Neither agree nor disagree,exclude_Crimea_Donetsk_Luhansk,8.171870287416379,0.7302223126917655,6.739798938997268,9.60394163583549,1596,1596,2012,2011,1451.458840883383,1609.4453521174846,True,Approximate weighted respondent linearization; PSU/stratum unavailable in supplied file
ISSP,2009,redistribution,Government should reduce income differences?,ordinal,ZA5400_v4-0-0.sav,ff5bd2c5c8c7ba6e8e7ba11541b464be2d464ddfa95385d74507f226bbbaaa2d,V33,original microdata,Don't know,survey_coverage,3.6779324055666005,0.4197191015491702,2.854802669230408,4.501062141902793,2012,2012,2012,2011,2012.0,2012.0,False,Approximate weighted respondent linearization; PSU/stratum unavailable in supplied file
ISSP,2009,redistribution,Government should reduce income differences?,ordinal,ZA5400_v4-0-0.sav,ff5bd2c5c8c7ba6e8e7ba11541b464be2d464ddfa95385d74507f226bbbaaa2d,V33,original microdata,Don't know,exclude_Crimea_Donetsk_Luhansk,3.41756485067591,0.46501772937152047,2.5055979672139883,4.329531734137832,1596,1596,2012,2011,1451.458840883383,1609.4453521174846,True,Approximate weighted respondent linearization; PSU/stratum unavailable in supplied file
ISSP,2009,redistribution,Government should reduce income differences?,ordinal,ZA5400_v4-0-0.sav,ff5bd2c5c8c7ba6e8e7ba11541b464be2d464ddfa95385d74507f226bbbaaa2d,V33,original microdata,No answer,survey_coverage,0.0,0.0,0.0,0.0,2012,2012,2012,2011,2012.0,2012.0,False,Approximate weighted respondent linearization; PSU/stratum unavailable in supplied file
ISSP,2009,redistribution,Government should reduce income differences?,ordinal,ZA5400_v4-0-0.sav,ff5bd2c5c8c7ba6e8e7ba11541b464be2d464ddfa95385d74507f226bbbaaa2d,V33,original microdata,No answer,exclude_Crimea_Donetsk_Luhansk,0.0,0.0,0.0,0.0,1596,1596,2012,2011,1451.458840883383,1609.4453521174846,True,Approximate weighted respondent linearization; PSU/stratum unavailable in supplied file
ISSP,2009,unemployed_living,Government should provide a decent living for unemployed people?,ordinal,ZA5400_v4-0-0.sav,ff5bd2c5c8c7ba6e8e7ba11541b464be2d464ddfa95385d74507f226bbbaaa2d,V34,original microdata,Agree,survey_coverage,85.98409542743539,0.774129458060156,84.4659158298159,87.50227502505489,2012,2012,2012,2011,2012.0,2012.0,False,Approximate weighted respondent linearization; PSU/stratum unavailable in supplied file
ISSP,2009,unemployed_living,Government should provide a decent living for unemployed people?,ordinal,ZA5400_v4-0-0.sav,ff5bd2c5c8c7ba6e8e7ba11541b464be2d464ddfa95385d74507f226bbbaaa2d,V34,original microdata,Agree,exclude_Crimea_Donetsk_Luhansk,86.15545664563973,0.9106391743960299,84.36956179179258,87.94135149948688,1596,1596,2012,2011,1451.458840883383,1609.4453521174846,True,Approximate weighted respondent linearization; PSU/stratum unavailable in supplied file
ISSP,2009,unemployed_living,Government should provide a decent living for unemployed people?,ordinal,ZA5400_v4-0-0.sav,ff5bd2c5c8c7ba6e8e7ba11541b464be2d464ddfa95385d74507f226bbbaaa2d,V34,original microdata,Disagree,survey_coverage,3.2306163021868786,0.394280812099728,2.4573747229778644,4.003857881395893,2012,2012,2012,2011,2012.0,2012.0,False,Approximate weighted respondent linearization; PSU/stratum unavailable in supplied file
ISSP,2009,unemployed_living,Government should provide a decent living for unemployed people?,ordinal,ZA5400_v4-0-0.sav,ff5bd2c5c8c7ba6e8e7ba11541b464be2d464ddfa95385d74507f226bbbaaa2d,V34,original microdata,Disagree,exclude_Crimea_Donetsk_Luhansk,2.6845543129701066,0.42735626351020695,1.8464469997541815,3.5226616261860317,1596,1596,2012,2011,1451.458840883383,1609.4453521174846,True,Approximate weighted respondent linearization; PSU/stratum unavailable in supplied file
ISSP,2009,unemployed_living,Government should provide a decent living for unemployed people?,ordinal,ZA5400_v4-0-0.sav,ff5bd2c5c8c7ba6e8e7ba11541b464be2d464ddfa95385d74507f226bbbaaa2d,V34,original microdata,Neither agree nor disagree,survey_coverage,8.846918489065606,0.6332506658859878,7.605022535982834,10.088814442148378,2012,2012,2012,2011,2012.0,2012.0,False,Approximate weighted respondent linearization; PSU/stratum unavailable in supplied file
ISSP,2009,unemployed_living,Government should provide a decent living for unemployed people?,ordinal,ZA5400_v4-0-0.sav,ff5bd2c5c8c7ba6e8e7ba11541b464be2d464ddfa95385d74507f226bbbaaa2d,V34,original microdata,Neither agree nor disagree,exclude_Crimea_Donetsk_Luhansk,8.982522410936474,0.7559844219987408,7.499927847912534,10.465116973960413,1596,1596,2012,2011,1451.458840883383,1609.4453521174846,True,Approximate weighted respondent linearization; PSU/stratum unavailable in supplied file
ISSP,2009,unemployed_living,Government should provide a decent living for unemployed people?,ordinal,ZA5400_v4-0-0.sav,ff5bd2c5c8c7ba6e8e7ba11541b464be2d464ddfa95385d74507f226bbbaaa2d,V34,original microdata,Don't know,survey_coverage,1.9383697813121272,0.30744103566989656,1.3354335372959816,2.541306025328273,2012,2012,2012,2011,2012.0,2012.0,False,Approximate weighted respondent linearization; PSU/stratum unavailable in supplied file
ISSP,2009,unemployed_living,Government should provide a decent living for unemployed people?,ordinal,ZA5400_v4-0-0.sav,ff5bd2c5c8c7ba6e8e7ba11541b464be2d464ddfa95385d74507f226bbbaaa2d,V34,original microdata,Don't know,exclude_Crimea_Donetsk_Luhansk,2.177466630453693,0.3798937449586788,1.4324401663984876,2.9224930945088987,1596,1596,2012,2011,1451.458840883383,1609.4453521174846,True,Approximate weighted respondent linearization; PSU/stratum unavailable in supplied file
ISSP,2009,unemployed_living,Government should provide a decent living for unemployed people?,ordinal,ZA5400_v4-0-0.sav,ff5bd2c5c8c7ba6e8e7ba11541b464be2d464ddfa95385d74507f226bbbaaa2d,V34,original microdata,No answer,survey_coverage,0.0,0.0,0.0,0.0,2012,2012,2012,2011,2012.0,2012.0,False,Approximate weighted respondent linearization; PSU/stratum unavailable in supplied file
ISSP,2009,unemployed_living,Government should provide a decent living for unemployed people?,ordinal,ZA5400_v4-0-0.sav,ff5bd2c5c8c7ba6e8e7ba11541b464be2d464ddfa95385d74507f226bbbaaa2d,V34,original microdata,No answer,exclude_Crimea_Donetsk_Luhansk,0.0,0.0,0.0,0.0,1596,1596,2012,2011,1451.458840883383,1609.4453521174846,True,Approximate weighted respondent linearization; PSU/stratum unavailable in supplied file
ISSP,2009,cut_poor_benefits,Government should spend less on benefits for poor people?,ordinal,ZA5400_v4-0-0.sav,ff5bd2c5c8c7ba6e8e7ba11541b464be2d464ddfa95385d74507f226bbbaaa2d,V35,original microdata,Agree,survey_coverage,10.785288270377734,0.6917164145741092,9.428732545736498,12.14184399501897,2012,2012,2012,2011,2012.0,2012.0,False,Approximate weighted respondent linearization; PSU/stratum unavailable in supplied file
ISSP,2009,cut_poor_benefits,Government should spend less on benefits for poor people?,ordinal,ZA5400_v4-0-0.sav,ff5bd2c5c8c7ba6e8e7ba11541b464be2d464ddfa95385d74507f226bbbaaa2d,V35,original microdata,Agree,exclude_Crimea_Donetsk_Luhansk,11.073517869017342,0.8313332832141309,9.44315331402369,12.703882424010995,1596,1596,2012,2011,1451.458840883383,1609.4453521174846,True,Approximate weighted respondent linearization; PSU/stratum unavailable in supplied file
ISSP,2009,cut_poor_benefits,Government should spend less on benefits for poor people?,ordinal,ZA5400_v4-0-0.sav,ff5bd2c5c8c7ba6e8e7ba11541b464be2d464ddfa95385d74507f226bbbaaa2d,V35,original microdata,Disagree,survey_coverage,78.33001988071571,0.9187288186656435,76.5282600668748,80.13177969455663,2012,2012,2012,2011,2012.0,2012.0,False,Approximate weighted respondent linearization; PSU/stratum unavailable in supplied file
ISSP,2009,cut_poor_benefits,Government should spend less on benefits for poor people?,ordinal,ZA5400_v4-0-0.sav,ff5bd2c5c8c7ba6e8e7ba11541b464be2d464ddfa95385d74507f226bbbaaa2d,V35,original microdata,Disagree,exclude_Crimea_Donetsk_Luhansk,76.77787901502788,1.1175149208268897,74.58627096398416,78.9694870660716,1596,1596,2012,2011,1451.458840883383,1609.4453521174846,True,Approximate weighted respondent linearization; PSU/stratum unavailable in supplied file
ISSP,2009,cut_poor_benefits,Government should spend less on benefits for poor people?,ordinal,ZA5400_v4-0-0.sav,ff5bd2c5c8c7ba6e8e7ba11541b464be2d464ddfa95385d74507f226bbbaaa2d,V35,original microdata,Neither agree nor disagree,survey_coverage,7.952286282306163,0.6033182613453949,6.76909209468145,9.135480469930876,2012,2012,2012,2011,2012.0,2012.0,False,Approximate weighted respondent linearization; PSU/stratum unavailable in supplied file
ISSP,2009,cut_poor_benefits,Government should spend less on benefits for poor people?,ordinal,ZA5400_v4-0-0.sav,ff5bd2c5c8c7ba6e8e7ba11541b464be2d464ddfa95385d74507f226bbbaaa2d,V35,original microdata,Neither agree nor disagree,exclude_Crimea_Donetsk_Luhansk,9.066620405488871,0.7629637574305985,7.570338358353242,10.5629024526245,1596,1596,2012,2011,1451.458840883383,1609.4453521174846,True,Approximate weighted respondent linearization; PSU/stratum unavailable in supplied file
ISSP,2009,cut_poor_benefits,Government should spend less on benefits for poor people?,ordinal,ZA5400_v4-0-0.sav,ff5bd2c5c8c7ba6e8e7ba11541b464be2d464ddfa95385d74507f226bbbaaa2d,V35,original microdata,Don't know,survey_coverage,2.8330019880715707,0.3699787638500616,2.1074202330029017,3.5585837431402396,2012,2012,2012,2011,2012.0,2012.0,False,Approximate weighted respondent linearization; PSU/stratum unavailable in supplied file
ISSP,2009,cut_poor_benefits,Government should spend less on benefits for poor people?,ordinal,ZA5400_v4-0-0.sav,ff5bd2c5c8c7ba6e8e7ba11541b464be2d464ddfa95385d74507f226bbbaaa2d,V35,original microdata,Don't know,exclude_Crimea_Donetsk_Luhansk,3.0819827104658897,0.45822527015991144,2.1833368198758425,3.980628601055937,1596,1596,2012,2011,1451.458840883383,1609.4453521174846,True,Approximate weighted respondent linearization; PSU/stratum unavailable in supplied file
ISSP,2009,cut_poor_benefits,Government should spend less on benefits for poor people?,ordinal,ZA5400_v4-0-0.sav,ff5bd2c5c8c7ba6e8e7ba11541b464be2d464ddfa95385d74507f226bbbaaa2d,V35,original microdata,No answer,survey_coverage,0.09940357852882704,0.07027146616137026,0.0,0.23721606597548217,2012,2012,2012,2011,2012.0,2012.0,False,Approximate weighted respondent linearization; PSU/stratum unavailable in supplied file
ISSP,2009,cut_poor_benefits,Government should spend less on benefits for poor people?,ordinal,ZA5400_v4-0-0.sav,ff5bd2c5c8c7ba6e8e7ba11541b464be2d464ddfa95385d74507f226bbbaaa2d,V35,original microdata,No answer,exclude_Crimea_Donetsk_Luhansk,0.0,0.0,0.0,0.0,1596,1596,2012,2011,1451.458840883383,1609.4453521174846,True,Approximate weighted respondent linearization; PSU/stratum unavailable in supplied file
ISSP,2009,corrupt_to_top,Getting to the top requires being corrupt?,ordinal,ZA5400_v4-0-0.sav,ff5bd2c5c8c7ba6e8e7ba11541b464be2d464ddfa95385d74507f226bbbaaa2d,V17,original microdata,Agree,survey_coverage,56.461232604373755,1.1056233626357825,54.29294561525536,58.62951959349215,2012,2012,2012,2011,2012.0,2012.0,False,Approximate weighted respondent linearization; PSU/stratum unavailable in supplied file
ISSP,2009,corrupt_to_top,Getting to the top requires being corrupt?,ordinal,ZA5400_v4-0-0.sav,ff5bd2c5c8c7ba6e8e7ba11541b464be2d464ddfa95385d74507f226bbbaaa2d,V17,original microdata,Agree,exclude_Crimea_Donetsk_Luhansk,57.268691300648385,1.297268709580458,54.72456012593448,59.81282247536229,1596,1596,2012,2011,1451.458840883383,1609.4453521174846,True,Approximate weighted respondent linearization; PSU/stratum unavailable in supplied file
ISSP,2009,corrupt_to_top,Getting to the top requires being corrupt?,ordinal,ZA5400_v4-0-0.sav,ff5bd2c5c8c7ba6e8e7ba11541b464be2d464ddfa95385d74507f226bbbaaa2d,V17,original microdata,Disagree,survey_coverage,14.115308151093439,0.7764205603784127,12.592635371152276,15.637980931034601,2012,2012,2012,2011,2012.0,2012.0,False,Approximate weighted respondent linearization; PSU/stratum unavailable in supplied file
ISSP,2009,corrupt_to_top,Getting to the top requires being corrupt?,ordinal,ZA5400_v4-0-0.sav,ff5bd2c5c8c7ba6e8e7ba11541b464be2d464ddfa95385d74507f226bbbaaa2d,V17,original microdata,Disagree,exclude_Crimea_Donetsk_Luhansk,13.779359805124226,0.9036691262212895,12.007134221737127,15.551585388511326,1596,1596,2012,2011,1451.458840883383,1609.4453521174846,True,Approximate weighted respondent linearization; PSU/stratum unavailable in supplied file
ISSP,2009,corrupt_to_top,Getting to the top requires being corrupt?,ordinal,ZA5400_v4-0-0.sav,ff5bd2c5c8c7ba6e8e7ba11541b464be2d464ddfa95385d74507f226bbbaaa2d,V17,original microdata,Neither agree nor disagree,survey_coverage,20.07952286282306,0.8933048524245945,18.327623116230384,21.83142260941574,2012,2012,2012,2011,2012.0,2012.0,False,Approximate weighted respondent linearization; PSU/stratum unavailable in supplied file
ISSP,2009,corrupt_to_top,Getting to the top requires being corrupt?,ordinal,ZA5400_v4-0-0.sav,ff5bd2c5c8c7ba6e8e7ba11541b464be2d464ddfa95385d74507f226bbbaaa2d,V17,original microdata,Neither agree nor disagree,exclude_Crimea_Donetsk_Luhansk,20.31129414914533,1.0669355505812899,18.218879543290647,22.40370875500001,1596,1596,2012,2011,1451.458840883383,1609.4453521174846,True,Approximate weighted respondent linearization; PSU/stratum unavailable in supplied file
ISSP,2009,corrupt_to_top,Getting to the top requires being corrupt?,ordinal,ZA5400_v4-0-0.sav,ff5bd2c5c8c7ba6e8e7ba11541b464be2d464ddfa95385d74507f226bbbaaa2d,V17,original microdata,Don't know,survey_coverage,9.244532803180915,0.6459112473224974,7.977807622595195,10.511257983766635,2012,2012,2012,2011,2012.0,2012.0,False,Approximate weighted respondent linearization; PSU/stratum unavailable in supplied file
ISSP,2009,corrupt_to_top,Getting to the top requires being corrupt?,ordinal,ZA5400_v4-0-0.sav,ff5bd2c5c8c7ba6e8e7ba11541b464be2d464ddfa95385d74507f226bbbaaa2d,V17,original microdata,Don't know,exclude_Crimea_Donetsk_Luhansk,8.5862199485361,0.7002187929974492,7.212989832655573,9.959450064416625,1596,1596,2012,2011,1451.458840883383,1609.4453521174846,True,Approximate weighted respondent linearization; PSU/stratum unavailable in supplied file
ISSP,2009,corrupt_to_top,Getting to the top requires being corrupt?,ordinal,ZA5400_v4-0-0.sav,ff5bd2c5c8c7ba6e8e7ba11541b464be2d464ddfa95385d74507f226bbbaaa2d,V17,original microdata,No answer,survey_coverage,0.09940357852882704,0.07027146616137026,0.0,0.23721606597548217,2012,2012,2012,2011,2012.0,2012.0,False,Approximate weighted respondent linearization; PSU/stratum unavailable in supplied file
ISSP,2009,corrupt_to_top,Getting to the top requires being corrupt?,ordinal,ZA5400_v4-0-0.sav,ff5bd2c5c8c7ba6e8e7ba11541b464be2d464ddfa95385d74507f226bbbaaa2d,V17,original microdata,No answer,exclude_Crimea_Donetsk_Luhansk,0.05443479654595944,0.05443744561476323,0.0,0.16119448437123818,1596,1596,2012,2011,1451.458840883383,1609.4453521174846,True,Approximate weighted respondent linearization; PSU/stratum unavailable in supplied file
ISSP,2009,elite_school_access,Students from the best secondary schools have the best chances of university education?,ordinal,ZA5400_v4-0-0.sav,ff5bd2c5c8c7ba6e8e7ba11541b464be2d464ddfa95385d74507f226bbbaaa2d,V18,original microdata,Agree,survey_coverage,48.9065606361829,1.1147053739843031,46.72046251200033,51.092658760365474,2012,2012,2012,2011,2012.0,2012.0,False,Approximate weighted respondent linearization; PSU/stratum unavailable in supplied file
ISSP,2009,elite_school_access,Students from the best secondary schools have the best chances of university education?,ordinal,ZA5400_v4-0-0.sav,ff5bd2c5c8c7ba6e8e7ba11541b464be2d464ddfa95385d74507f226bbbaaa2d,V18,original microdata,Agree,exclude_Crimea_Donetsk_Luhansk,49.74367801780701,1.312700768522839,47.169282348192866,52.31807368742115,1596,1596,2012,2011,1451.458840883383,1609.4453521174846,True,Approximate weighted respondent linearization; PSU/stratum unavailable in supplied file
ISSP,2009,elite_school_access,Students from the best secondary schools have the best chances of university education?,ordinal,ZA5400_v4-0-0.sav,ff5bd2c5c8c7ba6e8e7ba11541b464be2d464ddfa95385d74507f226bbbaaa2d,V18,original microdata,Disagree,survey_coverage,19.681908548707753,0.8866133360902083,17.943131831435597,21.42068526597991,2012,2012,2012,2011,2012.0,2012.0,False,Approximate weighted respondent linearization; PSU/stratum unavailable in supplied file
ISSP,2009,elite_school_access,Students from the best secondary schools have the best chances of university education?,ordinal,ZA5400_v4-0-0.sav,ff5bd2c5c8c7ba6e8e7ba11541b464be2d464ddfa95385d74507f226bbbaaa2d,V18,original microdata,Disagree,exclude_Crimea_Donetsk_Luhansk,18.98658909385514,1.046659702326083,16.93393835284888,21.0392398348614,1596,1596,2012,2011,1451.458840883383,1609.4453521174846,True,Approximate weighted respondent linearization; PSU/stratum unavailable in supplied file
ISSP,2009,elite_school_access,Students from the best secondary schools have the best chances of university education?,ordinal,ZA5400_v4-0-0.sav,ff5bd2c5c8c7ba6e8e7ba11541b464be2d464ddfa95385d74507f226bbbaaa2d,V18,original microdata,Neither agree nor disagree,survey_coverage,26.68986083499006,0.9863910915220432,24.75540553835927,28.62431613162085,2012,2012,2012,2011,2012.0,2012.0,False,Approximate weighted respondent linearization; PSU/stratum unavailable in supplied file
ISSP,2009,elite_school_access,Students from the best secondary schools have the best chances of university education?,ordinal,ZA5400_v4-0-0.sav,ff5bd2c5c8c7ba6e8e7ba11541b464be2d464ddfa95385d74507f226bbbaaa2d,V18,original microdata,Neither agree nor disagree,exclude_Crimea_Donetsk_Luhansk,26.56956088220942,1.1577033528720726,24.29913751551526,28.83998424890358,1596,1596,2012,2011,1451.458840883383,1609.4453521174846,True,Approximate weighted respondent linearization; PSU/stratum unavailable in supplied file
ISSP,2009,elite_school_access,Students from the best secondary schools have the best chances of university education?,ordinal,ZA5400_v4-0-0.sav,ff5bd2c5c8c7ba6e8e7ba11541b464be2d464ddfa95385d74507f226bbbaaa2d,V18,original microdata,Don't know,survey_coverage,4.721669980119285,0.47297572044310765,3.7940963275864683,5.649243632652102,2012,2012,2012,2011,2012.0,2012.0,False,Approximate weighted respondent linearization; PSU/stratum unavailable in supplied file
ISSP,2009,elite_school_access,Students from the best secondary schools have the best chances of university education?,ordinal,ZA5400_v4-0-0.sav,ff5bd2c5c8c7ba6e8e7ba11541b464be2d464ddfa95385d74507f226bbbaaa2d,V18,original microdata,Don't know,exclude_Crimea_Donetsk_Luhansk,4.700172006128426,0.5214831200953106,3.677468341788428,5.722875670468424,1596,1596,2012,2011,1451.458840883383,1609.4453521174846,True,Approximate weighted respondent linearization; PSU/stratum unavailable in supplied file
ISSP,2009,elite_school_access,Students from the best secondary schools have the best chances of university education?,ordinal,ZA5400_v4-0-0.sav,ff5bd2c5c8c7ba6e8e7ba11541b464be2d464ddfa95385d74507f226bbbaaa2d,V18,original microdata,No answer,survey_coverage,0.0,0.0,0.0,0.0,2012,2012,2012,2011,2012.0,2012.0,False,Approximate weighted respondent linearization; PSU/stratum unavailable in supplied file
ISSP,2009,elite_school_access,Students from the best secondary schools have the best chances of university education?,ordinal,ZA5400_v4-0-0.sav,ff5bd2c5c8c7ba6e8e7ba11541b464be2d464ddfa95385d74507f226bbbaaa2d,V18,original microdata,No answer,exclude_Crimea_Donetsk_Luhansk,0.0,0.0,0.0,0.0,1596,1596,2012,2011,1451.458840883383,1609.4453521174846,True,Approximate weighted respondent linearization; PSU/stratum unavailable in supplied file
ISSP,2009,rich_university,Only the rich can afford university?,ordinal,ZA5400_v4-0-0.sav,ff5bd2c5c8c7ba6e8e7ba11541b464be2d464ddfa95385d74507f226bbbaaa2d,V19,original microdata,Agree,survey_coverage,64.26441351888668,1.0686357426892756,62.16866459091895,66.36016244685442,2012,2012,2012,2011,2012.0,2012.0,False,Approximate weighted respondent linearization; PSU/stratum unavailable in supplied file
ISSP,2009,rich_university,Only the rich can afford university?,ordinal,ZA5400_v4-0-0.sav,ff5bd2c5c8c7ba6e8e7ba11541b464be2d464ddfa95385d74507f226bbbaaa2d,V19,original microdata,Agree,exclude_Crimea_Donetsk_Luhansk,62.235522316899335,1.2705000919483473,59.743888264885534,64.72715636891314,1596,1596,2012,2011,1451.458840883383,1609.4453521174846,True,Approximate weighted respondent linearization; PSU/stratum unavailable in supplied file
ISSP,2009,rich_university,Only the rich can afford university?,ordinal,ZA5400_v4-0-0.sav,ff5bd2c5c8c7ba6e8e7ba11541b464be2d464ddfa95385d74507f226bbbaaa2d,V19,original microdata,Disagree,survey_coverage,9.1948310139165,0.6443489515519297,7.931169720823535,10.458492307009466,2012,2012,2012,2011,2012.0,2012.0,False,Approximate weighted respondent linearization; PSU/stratum unavailable in supplied file
ISSP,2009,rich_university,Only the rich can afford university?,ordinal,ZA5400_v4-0-0.sav,ff5bd2c5c8c7ba6e8e7ba11541b464be2d464ddfa95385d74507f226bbbaaa2d,V19,original microdata,Disagree,exclude_Crimea_Donetsk_Luhansk,8.999481733634692,0.752710870009703,7.523307078534108,10.475656388735276,1596,1596,2012,2011,1451.458840883383,1609.4453521174846,True,Approximate weighted respondent linearization; PSU/stratum unavailable in supplied file
ISSP,2009,rich_university,Only the rich can afford university?,ordinal,ZA5400_v4-0-0.sav,ff5bd2c5c8c7ba6e8e7ba11541b464be2d464ddfa95385d74507f226bbbaaa2d,V19,original microdata,Neither agree nor disagree,survey_coverage,24.254473161033797,0.9558029857041097,22.380005554703516,26.128940767364078,2012,2012,2012,2011,2012.0,2012.0,False,Approximate weighted respondent linearization; PSU/stratum unavailable in supplied file
ISSP,2009,rich_university,Only the rich can afford university?,ordinal,ZA5400_v4-0-0.sav,ff5bd2c5c8c7ba6e8e7ba11541b464be2d464ddfa95385d74507f226bbbaaa2d,V19,original microdata,Neither agree nor disagree,exclude_Crimea_Donetsk_Luhansk,26.352942101265615,1.1547874821875759,24.088237177832344,28.617647024698886,1596,1596,2012,2011,1451.458840883383,1609.4453521174846,True,Approximate weighted respondent linearization; PSU/stratum unavailable in supplied file
ISSP,2009,rich_university,Only the rich can afford university?,ordinal,ZA5400_v4-0-0.sav,ff5bd2c5c8c7ba6e8e7ba11541b464be2d464ddfa95385d74507f226bbbaaa2d,V19,original microdata,Don't know,survey_coverage,2.1868787276341948,0.32614060583704324,1.5472699276050594,2.82648752766333,2012,2012,2012,2011,2012.0,2012.0,False,Approximate weighted respondent linearization; PSU/stratum unavailable in supplied file
ISSP,2009,rich_university,Only the rich can afford university?,ordinal,ZA5400_v4-0-0.sav,ff5bd2c5c8c7ba6e8e7ba11541b464be2d464ddfa95385d74507f226bbbaaa2d,V19,original microdata,Don't know,exclude_Crimea_Donetsk_Luhansk,2.3130038218506654,0.36898347182700375,1.5893739780900438,3.036633665611287,1596,1596,2012,2011,1451.458840883383,1609.4453521174846,True,Approximate weighted respondent linearization; PSU/stratum unavailable in supplied file
ISSP,2009,rich_university,Only the rich can afford university?,ordinal,ZA5400_v4-0-0.sav,ff5bd2c5c8c7ba6e8e7ba11541b464be2d464ddfa95385d74507f226bbbaaa2d,V19,original microdata,No answer,survey_coverage,0.09940357852882704,0.07027146616137026,0.0,0.23721606597548217,2012,2012,2012,2011,2012.0,2012.0,False,Approximate weighted respondent linearization; PSU/stratum unavailable in supplied file
ISSP,2009,rich_university,Only the rich can afford university?,ordinal,ZA5400_v4-0-0.sav,ff5bd2c5c8c7ba6e8e7ba11541b464be2d464ddfa95385d74507f226bbbaaa2d,V19,original microdata,No answer,exclude_Crimea_Donetsk_Luhansk,0.09905002634968287,0.09901062552718413,0.0,0.2932241532451799,1596,1596,2012,2011,1451.458840883383,1609.4453521174846,True,Approximate weighted respondent linearization; PSU/stratum unavailable in supplied file
ISSP,2009,equal_university,People have equal chances of entering university regardless of background?,ordinal,ZA5400_v4-0-0.sav,ff5bd2c5c8c7ba6e8e7ba11541b464be2d464ddfa95385d74507f226bbbaaa2d,V20,original microdata,Agree,survey_coverage,29.12524850894632,1.0131518903659702,27.138311423387545,31.112185594505096,2012,2012,2012,2011,2012.0,2012.0,False,Approximate weighted respondent linearization; PSU/stratum unavailable in supplied file
ISSP,2009,equal_university,People have equal chances of entering university regardless of background?,ordinal,ZA5400_v4-0-0.sav,ff5bd2c5c8c7ba6e8e7ba11541b464be2d464ddfa95385d74507f226bbbaaa2d,V20,original microdata,Agree,exclude_Crimea_Donetsk_Luhansk,28.542430731123982,1.1825215119101655,26.22333537254293,30.861526089705034,1596,1596,2012,2011,1451.458840883383,1609.4453521174846,True,Approximate weighted respondent linearization; PSU/stratum unavailable in supplied file
ISSP,2009,equal_university,People have equal chances of entering university regardless of background?,ordinal,ZA5400_v4-0-0.sav,ff5bd2c5c8c7ba6e8e7ba11541b464be2d464ddfa95385d74507f226bbbaaa2d,V20,original microdata,Disagree,survey_coverage,39.910536779324055,1.0920358889952375,37.768896787099386,42.05217677154872,2012,2012,2012,2011,2012.0,2012.0,False,Approximate weighted respondent linearization; PSU/stratum unavailable in supplied file
ISSP,2009,equal_university,People have equal chances of entering university regardless of background?,ordinal,ZA5400_v4-0-0.sav,ff5bd2c5c8c7ba6e8e7ba11541b464be2d464ddfa95385d74507f226bbbaaa2d,V20,original microdata,Disagree,exclude_Crimea_Donetsk_Luhansk,39.690337239211765,1.2845260997360484,37.17119616154788,42.209478316875646,1596,1596,2012,2011,1451.458840883383,1609.4453521174846,True,Approximate weighted respondent linearization; PSU/stratum unavailable in supplied file
ISSP,2009,equal_university,People have equal chances of entering university regardless of background?,ordinal,ZA5400_v4-0-0.sav,ff5bd2c5c8c7ba6e8e7ba11541b464be2d464ddfa95385d74507f226bbbaaa2d,V20,original microdata,Neither agree nor disagree,survey_coverage,27.28628230616302,0.9932860212958693,25.33830505709824,29.2342595552278,2012,2012,2012,2011,2012.0,2012.0,False,Approximate weighted respondent linearization; PSU/stratum unavailable in supplied file
ISSP,2009,equal_university,People have equal chances of entering university regardless of background?,ordinal,ZA5400_v4-0-0.sav,ff5bd2c5c8c7ba6e8e7ba11541b464be2d464ddfa95385d74507f226bbbaaa2d,V20,original microdata,Neither agree nor disagree,exclude_Crimea_Donetsk_Luhansk,27.446217606766243,1.178291853884962,25.135417218040573,29.757017995491914,1596,1596,2012,2011,1451.458840883383,1609.4453521174846,True,Approximate weighted respondent linearization; PSU/stratum unavailable in supplied file
ISSP,2009,equal_university,People have equal chances of entering university regardless of background?,ordinal,ZA5400_v4-0-0.sav,ff5bd2c5c8c7ba6e8e7ba11541b464be2d464ddfa95385d74507f226bbbaaa2d,V20,original microdata,Don't know,survey_coverage,3.628230616302187,0.41698105414423725,2.810470586110365,4.445990646494009,2012,2012,2012,2011,2012.0,2012.0,False,Approximate weighted respondent linearization; PSU/stratum unavailable in supplied file
ISSP,2009,equal_university,People have equal chances of entering university regardless of background?,ordinal,ZA5400_v4-0-0.sav,ff5bd2c5c8c7ba6e8e7ba11541b464be2d464ddfa95385d74507f226bbbaaa2d,V20,original microdata,Don't know,exclude_Crimea_Donetsk_Luhansk,4.268885252950423,0.5163088077067554,3.2563291620146195,5.281441343886227,1596,1596,2012,2011,1451.458840883383,1609.4453521174846,True,Approximate weighted respondent linearization; PSU/stratum unavailable in supplied file
ISSP,2009,equal_university,People have equal chances of entering university regardless of background?,ordinal,ZA5400_v4-0-0.sav,ff5bd2c5c8c7ba6e8e7ba11541b464be2d464ddfa95385d74507f226bbbaaa2d,V20,original microdata,No answer,survey_coverage,0.04970178926441352,0.04970178926441351,0.0,0.14717417148779194,2012,2012,2012,2011,2012.0,2012.0,False,Approximate weighted respondent linearization; PSU/stratum unavailable in supplied file
ISSP,2009,equal_university,People have equal chances of entering university regardless of background?,ordinal,ZA5400_v4-0-0.sav,ff5bd2c5c8c7ba6e8e7ba11541b464be2d464ddfa95385d74507f226bbbaaa2d,V20,original microdata,No answer,exclude_Crimea_Donetsk_Luhansk,0.052129169947587824,0.05213290924238599,0.0,0.1543693293321296,1596,1596,2012,2011,1451.458840883383,1609.4453521174846,True,Approximate weighted respondent linearization; PSU/stratum unavailable in supplied file
ISSP,2009,tax_rich,"Should richer people pay higher, the same or lower taxes?",ordinal,ZA5400_v4-0-0.sav,ff5bd2c5c8c7ba6e8e7ba11541b464be2d464ddfa95385d74507f226bbbaaa2d,V36,original microdata,Higher taxes,survey_coverage,81.16302186878728,0.8719241078947972,79.45305284810755,82.87299088946702,2012,2012,2012,2011,2012.0,2012.0,False,Approximate weighted respondent linearization; PSU/stratum unavailable in supplied file
ISSP,2009,tax_rich,"Should richer people pay higher, the same or lower taxes?",ordinal,ZA5400_v4-0-0.sav,ff5bd2c5c8c7ba6e8e7ba11541b464be2d464ddfa95385d74507f226bbbaaa2d,V36,original microdata,Higher taxes,exclude_Crimea_Donetsk_Luhansk,82.18436930485807,1.001416654302727,80.22044671096985,84.14829189874628,1596,1596,2012,2011,1451.458840883383,1609.4453521174846,True,Approximate weighted respondent linearization; PSU/stratum unavailable in supplied file
ISSP,2009,tax_rich,"Should richer people pay higher, the same or lower taxes?",ordinal,ZA5400_v4-0-0.sav,ff5bd2c5c8c7ba6e8e7ba11541b464be2d464ddfa95385d74507f226bbbaaa2d,V36,original microdata,Lower taxes,survey_coverage,1.3916500994035785,0.26122566167177513,0.8793488740781312,1.9039513247290258,2012,2012,2012,2011,2012.0,2012.0,False,Approximate weighted respondent linearization; PSU/stratum unavailable in supplied file
ISSP,2009,tax_rich,"Should richer people pay higher, the same or lower taxes?",ordinal,ZA5400_v4-0-0.sav,ff5bd2c5c8c7ba6e8e7ba11541b464be2d464ddfa95385d74507f226bbbaaa2d,V36,original microdata,Lower taxes,exclude_Crimea_Donetsk_Luhansk,1.549532948166251,0.314612148820588,0.9325331162524404,2.1665327800800616,1596,1596,2012,2011,1451.458840883383,1609.4453521174846,True,Approximate weighted respondent linearization; PSU/stratum unavailable in supplied file
ISSP,2009,tax_rich,"Should richer people pay higher, the same or lower taxes?",ordinal,ZA5400_v4-0-0.sav,ff5bd2c5c8c7ba6e8e7ba11541b464be2d464ddfa95385d74507f226bbbaaa2d,V36,original microdata,The same taxes,survey_coverage,9.493041749502982,0.6536385303364344,8.211162251645591,10.774921247360373,2012,2012,2012,2011,2012.0,2012.0,False,Approximate weighted respondent linearization; PSU/stratum unavailable in supplied file
ISSP,2009,tax_rich,"Should richer people pay higher, the same or lower taxes?",ordinal,ZA5400_v4-0-0.sav,ff5bd2c5c8c7ba6e8e7ba11541b464be2d464ddfa95385d74507f226bbbaaa2d,V36,original microdata,The same taxes,exclude_Crimea_Donetsk_Luhansk,8.443734533005353,0.7388349801789521,6.994772500574691,9.892696565436015,1596,1596,2012,2011,1451.458840883383,1609.4453521174846,True,Approximate weighted respondent linearization; PSU/stratum unavailable in supplied file
ISSP,2009,tax_rich,"Should richer people pay higher, the same or lower taxes?",ordinal,ZA5400_v4-0-0.sav,ff5bd2c5c8c7ba6e8e7ba11541b464be2d464ddfa95385d74507f226bbbaaa2d,V36,original microdata,Don't know,survey_coverage,7.952286282306163,0.6033182613453949,6.76909209468145,9.135480469930876,2012,2012,2012,2011,2012.0,2012.0,False,Approximate weighted respondent linearization; PSU/stratum unavailable in supplied file
ISSP,2009,tax_rich,"Should richer people pay higher, the same or lower taxes?",ordinal,ZA5400_v4-0-0.sav,ff5bd2c5c8c7ba6e8e7ba11541b464be2d464ddfa95385d74507f226bbbaaa2d,V36,original microdata,Don't know,exclude_Crimea_Donetsk_Luhansk,7.822363213970313,0.693393587534303,6.462518311087202,9.182208116853422,1596,1596,2012,2011,1451.458840883383,1609.4453521174846,True,Approximate weighted respondent linearization; PSU/stratum unavailable in supplied file
ISSP,2009,tax_rich,"Should richer people pay higher, the same or lower taxes?",ordinal,ZA5400_v4-0-0.sav,ff5bd2c5c8c7ba6e8e7ba11541b464be2d464ddfa95385d74507f226bbbaaa2d,V36,original microdata,No answer,survey_coverage,0.0,0.0,0.0,0.0,2012,2012,2012,2011,2012.0,2012.0,False,Approximate weighted respondent linearization; PSU/stratum unavailable in supplied file
ISSP,2009,tax_rich,"Should richer people pay higher, the same or lower taxes?",ordinal,ZA5400_v4-0-0.sav,ff5bd2c5c8c7ba6e8e7ba11541b464be2d464ddfa95385d74507f226bbbaaa2d,V36,original microdata,No answer,exclude_Crimea_Donetsk_Luhansk,0.0,0.0,0.0,0.0,1596,1596,2012,2011,1451.458840883383,1609.4453521174846,True,Approximate weighted respondent linearization; PSU/stratum unavailable in supplied file
ISSP,2009,tax_level,Are current taxes on high incomes too high or too low?,ordinal,ZA5400_v4-0-0.sav,ff5bd2c5c8c7ba6e8e7ba11541b464be2d464ddfa95385d74507f226bbbaaa2d,V37,original microdata,Too high,survey_coverage,10.387673956262425,0.6803572150217401,9.053395261420455,11.721952651104395,2012,2012,2012,2011,2012.0,2012.0,False,Approximate weighted respondent linearization; PSU/stratum unavailable in supplied file
ISSP,2009,tax_level,Are current taxes on high incomes too high or too low?,ordinal,ZA5400_v4-0-0.sav,ff5bd2c5c8c7ba6e8e7ba11541b464be2d464ddfa95385d74507f226bbbaaa2d,V37,original microdata,Too high,exclude_Crimea_Donetsk_Luhansk,11.598654898198049,0.8538265433315938,9.924177813654296,13.273131982741802,1596,1596,2012,2011,1451.458840883383,1609.4453521174846,True,Approximate weighted respondent linearization; PSU/stratum unavailable in supplied file
ISSP,2009,tax_level,Are current taxes on high incomes too high or too low?,ordinal,ZA5400_v4-0-0.sav,ff5bd2c5c8c7ba6e8e7ba11541b464be2d464ddfa95385d74507f226bbbaaa2d,V37,original microdata,Too low,survey_coverage,53.52882703777336,1.1121916889312011,51.347658612780926,55.7099954627658,2012,2012,2012,2011,2012.0,2012.0,False,Approximate weighted respondent linearization; PSU/stratum unavailable in supplied file
ISSP,2009,tax_level,Are current taxes on high incomes too high or too low?,ordinal,ZA5400_v4-0-0.sav,ff5bd2c5c8c7ba6e8e7ba11541b464be2d464ddfa95385d74507f226bbbaaa2d,V37,original microdata,Too low,exclude_Crimea_Donetsk_Luhansk,52.484806180386926,1.310817963770547,49.91410296263787,55.05550939813598,1596,1596,2012,2011,1451.458840883383,1609.4453521174846,True,Approximate weighted respondent linearization; PSU/stratum unavailable in supplied file
ISSP,2009,tax_level,Are current taxes on high incomes too high or too low?,ordinal,ZA5400_v4-0-0.sav,ff5bd2c5c8c7ba6e8e7ba11541b464be2d464ddfa95385d74507f226bbbaaa2d,V37,original microdata,About right,survey_coverage,10.884691848906561,0.69450949970036,9.522658481205838,12.246725216607285,2012,2012,2012,2011,2012.0,2012.0,False,Approximate weighted respondent linearization; PSU/stratum unavailable in supplied file
ISSP,2009,tax_level,Are current taxes on high incomes too high or too low?,ordinal,ZA5400_v4-0-0.sav,ff5bd2c5c8c7ba6e8e7ba11541b464be2d464ddfa95385d74507f226bbbaaa2d,V37,original microdata,About right,exclude_Crimea_Donetsk_Luhansk,9.509038859433618,0.7731016742423977,7.992874894221127,11.025202824646108,1596,1596,2012,2011,1451.458840883383,1609.4453521174846,True,Approximate weighted respondent linearization; PSU/stratum unavailable in supplied file
ISSP,2009,tax_level,Are current taxes on high incomes too high or too low?,ordinal,ZA5400_v4-0-0.sav,ff5bd2c5c8c7ba6e8e7ba11541b464be2d464ddfa95385d74507f226bbbaaa2d,V37,original microdata,Don't know,survey_coverage,25.14910536779324,0.9675061463380314,23.25168617433875,27.04652456124773,2012,2012,2012,2011,2012.0,2012.0,False,Approximate weighted respondent linearization; PSU/stratum unavailable in supplied file
ISSP,2009,tax_level,Are current taxes on high incomes too high or too low?,ordinal,ZA5400_v4-0-0.sav,ff5bd2c5c8c7ba6e8e7ba11541b464be2d464ddfa95385d74507f226bbbaaa2d,V37,original microdata,Don't know,exclude_Crimea_Donetsk_Luhansk,26.310824459844262,1.1452137261808506,24.064895053723586,28.55675386596494,1596,1596,2012,2011,1451.458840883383,1609.4453521174846,True,Approximate weighted respondent linearization; PSU/stratum unavailable in supplied file
ISSP,2009,tax_level,Are current taxes on high incomes too high or too low?,ordinal,ZA5400_v4-0-0.sav,ff5bd2c5c8c7ba6e8e7ba11541b464be2d464ddfa95385d74507f226bbbaaa2d,V37,original microdata,No answer,survey_coverage,0.04970178926441352,0.049701789264413494,0.0,0.1471741714877919,2012,2012,2012,2011,2012.0,2012.0,False,Approximate weighted respondent linearization; PSU/stratum unavailable in supplied file
ISSP,2009,tax_level,Are current taxes on high incomes too high or too low?,ordinal,ZA5400_v4-0-0.sav,ff5bd2c5c8c7ba6e8e7ba11541b464be2d464ddfa95385d74507f226bbbaaa2d,V37,original microdata,No answer,exclude_Crimea_Donetsk_Luhansk,0.09667560213713546,0.09663944334694599,0.0,0.28619949854366855,1596,1596,2012,2011,1451.458840883383,1609.4453521174846,True,Approximate weighted respondent linearization; PSU/stratum unavailable in supplied file
ISSP,2009,buy_health,Is it fair that richer people can buy better healthcare?,ordinal,ZA5400_v4-0-0.sav,ff5bd2c5c8c7ba6e8e7ba11541b464be2d464ddfa95385d74507f226bbbaaa2d,V38,original microdata,Fair,survey_coverage,12.823061630218687,0.7455737959158577,11.360883807512424,14.28523945292495,2012,2012,2012,2011,2012.0,2012.0,False,Approximate weighted respondent linearization; PSU/stratum unavailable in supplied file
ISSP,2009,buy_health,Is it fair that richer people can buy better healthcare?,ordinal,ZA5400_v4-0-0.sav,ff5bd2c5c8c7ba6e8e7ba11541b464be2d464ddfa95385d74507f226bbbaaa2d,V38,original microdata,Fair,exclude_Crimea_Donetsk_Luhansk,14.156406154812636,0.9404785697836499,12.31199193988045,16.000820369744822,1596,1596,2012,2011,1451.458840883383,1609.4453521174846,True,Approximate weighted respondent linearization; PSU/stratum unavailable in supplied file
ISSP,2009,buy_health,Is it fair that richer people can buy better healthcare?,ordinal,ZA5400_v4-0-0.sav,ff5bd2c5c8c7ba6e8e7ba11541b464be2d464ddfa95385d74507f226bbbaaa2d,V38,original microdata,Unfair,survey_coverage,60.984095427435385,1.0877349875330056,58.850890123728696,63.11730073114207,2012,2012,2012,2011,2012.0,2012.0,False,Approximate weighted respondent linearization; PSU/stratum unavailable in supplied file
ISSP,2009,buy_health,Is it fair that richer people can buy better healthcare?,ordinal,ZA5400_v4-0-0.sav,ff5bd2c5c8c7ba6e8e7ba11541b464be2d464ddfa95385d74507f226bbbaaa2d,V38,original microdata,Unfair,exclude_Crimea_Donetsk_Luhansk,59.04498322559259,1.293653376256589,56.50794224132906,61.582024209856115,1596,1596,2012,2011,1451.458840883383,1609.4453521174846,True,Approximate weighted respondent linearization; PSU/stratum unavailable in supplied file
ISSP,2009,buy_health,Is it fair that richer people can buy better healthcare?,ordinal,ZA5400_v4-0-0.sav,ff5bd2c5c8c7ba6e8e7ba11541b464be2d464ddfa95385d74507f226bbbaaa2d,V38,original microdata,Mixed feelings,survey_coverage,18.588469184890656,0.867478536543251,16.8872185712621,20.28971979851921,2012,2012,2012,2011,2012.0,2012.0,False,Approximate weighted respondent linearization; PSU/stratum unavailable in supplied file
ISSP,2009,buy_health,Is it fair that richer people can buy better healthcare?,ordinal,ZA5400_v4-0-0.sav,ff5bd2c5c8c7ba6e8e7ba11541b464be2d464ddfa95385d74507f226bbbaaa2d,V38,original microdata,Mixed feelings,exclude_Crimea_Donetsk_Luhansk,18.501478373198484,1.0154289223396515,16.510075699294532,20.492881047102436,1596,1596,2012,2011,1451.458840883383,1609.4453521174846,True,Approximate weighted respondent linearization; PSU/stratum unavailable in supplied file
ISSP,2009,buy_health,Is it fair that richer people can buy better healthcare?,ordinal,ZA5400_v4-0-0.sav,ff5bd2c5c8c7ba6e8e7ba11541b464be2d464ddfa95385d74507f226bbbaaa2d,V38,original microdata,Don't know,survey_coverage,7.504970178926441,0.5875267551092493,6.352745414224184,8.657194943628697,2012,2012,2012,2011,2012.0,2012.0,False,Approximate weighted respondent linearization; PSU/stratum unavailable in supplied file
ISSP,2009,buy_health,Is it fair that richer people can buy better healthcare?,ordinal,ZA5400_v4-0-0.sav,ff5bd2c5c8c7ba6e8e7ba11541b464be2d464ddfa95385d74507f226bbbaaa2d,V38,original microdata,Don't know,exclude_Crimea_Donetsk_Luhansk,8.132646557248064,0.707087392686882,6.74594612602927,9.519346988466857,1596,1596,2012,2011,1451.458840883383,1609.4453521174846,True,Approximate weighted respondent linearization; PSU/stratum unavailable in supplied file
ISSP,2009,buy_health,Is it fair that richer people can buy better healthcare?,ordinal,ZA5400_v4-0-0.sav,ff5bd2c5c8c7ba6e8e7ba11541b464be2d464ddfa95385d74507f226bbbaaa2d,V38,original microdata,No answer,survey_coverage,0.09940357852882704,0.07027146616137026,0.0,0.23721606597548217,2012,2012,2012,2011,2012.0,2012.0,False,Approximate weighted respondent linearization; PSU/stratum unavailable in supplied file
ISSP,2009,buy_health,Is it fair that richer people can buy better healthcare?,ordinal,ZA5400_v4-0-0.sav,ff5bd2c5c8c7ba6e8e7ba11541b464be2d464ddfa95385d74507f226bbbaaa2d,V38,original microdata,No answer,exclude_Crimea_Donetsk_Luhansk,0.16448568914822606,0.11800028678540056,0.0,0.3959012825552446,1596,1596,2012,2011,1451.458840883383,1609.4453521174846,True,Approximate weighted respondent linearization; PSU/stratum unavailable in supplied file
ISSP,2009,buy_education,Is it fair that richer people can buy better education for their children?,ordinal,ZA5400_v4-0-0.sav,ff5bd2c5c8c7ba6e8e7ba11541b464be2d464ddfa95385d74507f226bbbaaa2d,V39,original microdata,Fair,survey_coverage,12.176938369781313,0.72923466516309,10.746803940713434,13.607072798849192,2012,2012,2012,2011,2012.0,2012.0,False,Approximate weighted respondent linearization; PSU/stratum unavailable in supplied file
ISSP,2009,buy_education,Is it fair that richer people can buy better education for their children?,ordinal,ZA5400_v4-0-0.sav,ff5bd2c5c8c7ba6e8e7ba11541b464be2d464ddfa95385d74507f226bbbaaa2d,V39,original microdata,Fair,exclude_Crimea_Donetsk_Luhansk,13.098378852748038,0.9000005584335864,11.33334786027824,14.863409845217836,1596,1596,2012,2011,1451.458840883383,1609.4453521174846,True,Approximate weighted respondent linearization; PSU/stratum unavailable in supplied file
ISSP,2009,buy_education,Is it fair that richer people can buy better education for their children?,ordinal,ZA5400_v4-0-0.sav,ff5bd2c5c8c7ba6e8e7ba11541b464be2d464ddfa95385d74507f226bbbaaa2d,V39,original microdata,Unfair,survey_coverage,63.51888667992048,1.0734441293445138,61.413707811725764,65.62406554811518,2012,2012,2012,2011,2012.0,2012.0,False,Approximate weighted respondent linearization; PSU/stratum unavailable in supplied file
ISSP,2009,buy_education,Is it fair that richer people can buy better education for their children?,ordinal,ZA5400_v4-0-0.sav,ff5bd2c5c8c7ba6e8e7ba11541b464be2d464ddfa95385d74507f226bbbaaa2d,V39,original microdata,Unfair,exclude_Crimea_Donetsk_Luhansk,62.64986940446164,1.2736834696367576,60.1519922893429,65.14774651958038,1596,1596,2012,2011,1451.458840883383,1609.4453521174846,True,Approximate weighted respondent linearization; PSU/stratum unavailable in supplied file
ISSP,2009,buy_education,Is it fair that richer people can buy better education for their children?,ordinal,ZA5400_v4-0-0.sav,ff5bd2c5c8c7ba6e8e7ba11541b464be2d464ddfa95385d74507f226bbbaaa2d,V39,original microdata,Mixed feelings,survey_coverage,17.147117296222664,0.8405108726998877,15.498754163642882,18.795480428802446,2012,2012,2012,2011,2012.0,2012.0,False,Approximate weighted respondent linearization; PSU/stratum unavailable in supplied file
ISSP,2009,buy_education,Is it fair that richer people can buy better education for their children?,ordinal,ZA5400_v4-0-0.sav,ff5bd2c5c8c7ba6e8e7ba11541b464be2d464ddfa95385d74507f226bbbaaa2d,V39,original microdata,Mixed feelings,exclude_Crimea_Donetsk_Luhansk,16.461488898121516,0.9792384944583432,14.541060876669368,18.381916919573666,1596,1596,2012,2011,1451.458840883383,1609.4453521174846,True,Approximate weighted respondent linearization; PSU/stratum unavailable in supplied file
ISSP,2009,buy_education,Is it fair that richer people can buy better education for their children?,ordinal,ZA5400_v4-0-0.sav,ff5bd2c5c8c7ba6e8e7ba11541b464be2d464ddfa95385d74507f226bbbaaa2d,V39,original microdata,Don't know,survey_coverage,6.958250497017892,0.567391634493633,5.84551360995155,8.070987384084233,2012,2012,2012,2011,2012.0,2012.0,False,Approximate weighted respondent linearization; PSU/stratum unavailable in supplied file
ISSP,2009,buy_education,Is it fair that richer people can buy better education for their children?,ordinal,ZA5400_v4-0-0.sav,ff5bd2c5c8c7ba6e8e7ba11541b464be2d464ddfa95385d74507f226bbbaaa2d,V39,original microdata,Don't know,exclude_Crimea_Donetsk_Luhansk,7.566677435114134,0.6844749926110599,6.224323184099291,8.909031686128976,1596,1596,2012,2011,1451.458840883383,1609.4453521174846,True,Approximate weighted respondent linearization; PSU/stratum unavailable in supplied file
ISSP,2009,buy_education,Is it fair that richer people can buy better education for their children?,ordinal,ZA5400_v4-0-0.sav,ff5bd2c5c8c7ba6e8e7ba11541b464be2d464ddfa95385d74507f226bbbaaa2d,V39,original microdata,No answer,survey_coverage,0.1988071570576541,0.0993294059689187,0.004007855706227803,0.3936064584090804,2012,2012,2012,2011,2012.0,2012.0,False,Approximate weighted respondent linearization; PSU/stratum unavailable in supplied file
ISSP,2009,buy_education,Is it fair that richer people can buy better education for their children?,ordinal,ZA5400_v4-0-0.sav,ff5bd2c5c8c7ba6e8e7ba11541b464be2d464ddfa95385d74507f226bbbaaa2d,V39,original microdata,No answer,exclude_Crimea_Donetsk_Luhansk,0.2235854095546618,0.13191767802708762,0.0,0.4822950158883601,1596,1596,2012,2011,1451.458840883383,1609.4453521174846,True,Approximate weighted respondent linearization; PSU/stratum unavailable in supplied file
ISSP,2009,society_actual,Which diagram best describes the shape of Ukrainian society?,nominal,ZA5400_v4-0-0.sav,ff5bd2c5c8c7ba6e8e7ba11541b464be2d464ddfa95385d74507f226bbbaaa2d,V54,original microdata,A: Elite over a large bottom,survey_coverage,62.82306163021869,1.0776812434436356,60.709573169731506,64.93655009070588,2012,2012,2012,2011,2012.0,2012.0,False,Approximate weighted respondent linearization; PSU/stratum unavailable in supplied file
ISSP,2009,society_actual,Which diagram best describes the shape of Ukrainian society?,nominal,ZA5400_v4-0-0.sav,ff5bd2c5c8c7ba6e8e7ba11541b464be2d464ddfa95385d74507f226bbbaaa2d,V54,original microdata,A: Elite over a large bottom,exclude_Crimea_Donetsk_Luhansk,62.32537647957446,1.2705377583377302,59.83366855833467,64.81708440081424,1596,1596,2012,2011,1451.458840883383,1609.4453521174846,True,Approximate weighted respondent linearization; PSU/stratum unavailable in supplied file
ISSP,2009,society_actual,Which diagram best describes the shape of Ukrainian society?,nominal,ZA5400_v4-0-0.sav,ff5bd2c5c8c7ba6e8e7ba11541b464be2d464ddfa95385d74507f226bbbaaa2d,V54,original microdata,B: Pyramid,survey_coverage,20.07952286282306,0.8933048524245945,18.327623116230384,21.83142260941574,2012,2012,2012,2011,2012.0,2012.0,False,Approximate weighted respondent linearization; PSU/stratum unavailable in supplied file
ISSP,2009,society_actual,Which diagram best describes the shape of Ukrainian society?,nominal,ZA5400_v4-0-0.sav,ff5bd2c5c8c7ba6e8e7ba11541b464be2d464ddfa95385d74507f226bbbaaa2d,V54,original microdata,B: Pyramid,exclude_Crimea_Donetsk_Luhansk,18.984212371335293,1.0260241138987287,16.97203099757645,20.996393745094135,1596,1596,2012,2011,1451.458840883383,1609.4453521174846,True,Approximate weighted respondent linearization; PSU/stratum unavailable in supplied file
ISSP,2009,society_actual,Which diagram best describes the shape of Ukrainian society?,nominal,ZA5400_v4-0-0.sav,ff5bd2c5c8c7ba6e8e7ba11541b464be2d464ddfa95385d74507f226bbbaaa2d,V54,original microdata,C: Pyramid with few at bottom,survey_coverage,4.3737574552683895,0.4560472678536941,3.4793829415526356,5.268131968984143,2012,2012,2012,2011,2012.0,2012.0,False,Approximate weighted respondent linearization; PSU/stratum unavailable in supplied file
ISSP,2009,society_actual,Which diagram best describes the shape of Ukrainian society?,nominal,ZA5400_v4-0-0.sav,ff5bd2c5c8c7ba6e8e7ba11541b464be2d464ddfa95385d74507f226bbbaaa2d,V54,original microdata,C: Pyramid with few at bottom,exclude_Crimea_Donetsk_Luhansk,4.794627106645356,0.5770493296648044,3.6629500854499737,5.926304127840738,1596,1596,2012,2011,1451.458840883383,1609.4453521174846,True,Approximate weighted respondent linearization; PSU/stratum unavailable in supplied file
ISSP,2009,society_actual,Which diagram best describes the shape of Ukrainian society?,nominal,ZA5400_v4-0-0.sav,ff5bd2c5c8c7ba6e8e7ba11541b464be2d464ddfa95385d74507f226bbbaaa2d,V54,original microdata,D: Most people in the middle,survey_coverage,2.137176938369781,0.32249506572156733,1.5047175686691179,2.7696363080704445,2012,2012,2012,2011,2012.0,2012.0,False,Approximate weighted respondent linearization; PSU/stratum unavailable in supplied file
ISSP,2009,society_actual,Which diagram best describes the shape of Ukrainian society?,nominal,ZA5400_v4-0-0.sav,ff5bd2c5c8c7ba6e8e7ba11541b464be2d464ddfa95385d74507f226bbbaaa2d,V54,original microdata,D: Most people in the middle,exclude_Crimea_Donetsk_Luhansk,2.3722599973989396,0.4118486198472956,1.5645654116293788,3.1799545831685005,1596,1596,2012,2011,1451.458840883383,1609.4453521174846,True,Approximate weighted respondent linearization; PSU/stratum unavailable in supplied file
ISSP,2009,society_actual,Which diagram best describes the shape of Ukrainian society?,nominal,ZA5400_v4-0-0.sav,ff5bd2c5c8c7ba6e8e7ba11541b464be2d464ddfa95385d74507f226bbbaaa2d,V54,original microdata,"E: Many near top, few at bottom",survey_coverage,1.4910536779324055,0.2702579267165723,0.9610388772242769,2.021068478640534,2012,2012,2012,2011,2012.0,2012.0,False,Approximate weighted respondent linearization; PSU/stratum unavailable in supplied file
ISSP,2009,society_actual,Which diagram best describes the shape of Ukrainian society?,nominal,ZA5400_v4-0-0.sav,ff5bd2c5c8c7ba6e8e7ba11541b464be2d464ddfa95385d74507f226bbbaaa2d,V54,original microdata,"E: Many near top, few at bottom",exclude_Crimea_Donetsk_Luhansk,1.6188252190892563,0.32788382930939425,0.975797706230814,2.2618527319476986,1596,1596,2012,2011,1451.458840883383,1609.4453521174846,True,Approximate weighted respondent linearization; PSU/stratum unavailable in supplied file
ISSP,2009,society_actual,Which diagram best describes the shape of Ukrainian society?,nominal,ZA5400_v4-0-0.sav,ff5bd2c5c8c7ba6e8e7ba11541b464be2d464ddfa95385d74507f226bbbaaa2d,V54,original microdata,Don't know,survey_coverage,8.846918489065606,0.6332506658859878,7.605022535982834,10.088814442148378,2012,2012,2012,2011,2012.0,2012.0,False,Approximate weighted respondent linearization; PSU/stratum unavailable in supplied file
ISSP,2009,society_actual,Which diagram best describes the shape of Ukrainian society?,nominal,ZA5400_v4-0-0.sav,ff5bd2c5c8c7ba6e8e7ba11541b464be2d464ddfa95385d74507f226bbbaaa2d,V54,original microdata,Don't know,exclude_Crimea_Donetsk_Luhansk,9.643210907239666,0.7568625952203105,8.158894119781195,11.127527694698138,1596,1596,2012,2011,1451.458840883383,1609.4453521174846,True,Approximate weighted respondent linearization; PSU/stratum unavailable in supplied file
ISSP,2009,society_actual,Which diagram best describes the shape of Ukrainian society?,nominal,ZA5400_v4-0-0.sav,ff5bd2c5c8c7ba6e8e7ba11541b464be2d464ddfa95385d74507f226bbbaaa2d,V54,original microdata,No answer,survey_coverage,0.2485089463220676,0.11102599571011962,0.030770944315437948,0.4662469483286973,2012,2012,2012,2011,2012.0,2012.0,False,Approximate weighted respondent linearization; PSU/stratum unavailable in supplied file
ISSP,2009,society_actual,Which diagram best describes the shape of Ukrainian society?,nominal,ZA5400_v4-0-0.sav,ff5bd2c5c8c7ba6e8e7ba11541b464be2d464ddfa95385d74507f226bbbaaa2d,V54,original microdata,No answer,exclude_Crimea_Donetsk_Luhansk,0.2614879187170258,0.1363997154801389,0.0,0.5289874473901219,1596,1596,2012,2011,1451.458840883383,1609.4453521174846,True,Approximate weighted respondent linearization; PSU/stratum unavailable in supplied file
ISSP,2009,society_ideal,Which shape of society would you prefer for Ukraine?,nominal,ZA5400_v4-0-0.sav,ff5bd2c5c8c7ba6e8e7ba11541b464be2d464ddfa95385d74507f226bbbaaa2d,V55,original microdata,A: Elite over a large bottom,survey_coverage,0.9443339960238568,0.21567332714302995,0.521367473292953,1.3673005187547607,2012,2012,2012,2011,2012.0,2012.0,False,Approximate weighted respondent linearization; PSU/stratum unavailable in supplied file
ISSP,2009,society_ideal,Which shape of society would you prefer for Ukraine?,nominal,ZA5400_v4-0-0.sav,ff5bd2c5c8c7ba6e8e7ba11541b464be2d464ddfa95385d74507f226bbbaaa2d,V55,original microdata,A: Elite over a large bottom,exclude_Crimea_Donetsk_Luhansk,1.2690375129389346,0.30152966195436937,0.6776943259694826,1.8603806999083865,1596,1596,2012,2011,1451.458840883383,1609.4453521174846,True,Approximate weighted respondent linearization; PSU/stratum unavailable in supplied file
ISSP,2009,society_ideal,Which shape of society would you prefer for Ukraine?,nominal,ZA5400_v4-0-0.sav,ff5bd2c5c8c7ba6e8e7ba11541b464be2d464ddfa95385d74507f226bbbaaa2d,V55,original microdata,B: Pyramid,survey_coverage,3.5288270377733597,0.41144134438353797,2.7219311779704314,4.335722897576288,2012,2012,2012,2011,2012.0,2012.0,False,Approximate weighted respondent linearization; PSU/stratum unavailable in supplied file
ISSP,2009,society_ideal,Which shape of society would you prefer for Ukraine?,nominal,ZA5400_v4-0-0.sav,ff5bd2c5c8c7ba6e8e7ba11541b464be2d464ddfa95385d74507f226bbbaaa2d,V55,original microdata,B: Pyramid,exclude_Crimea_Donetsk_Luhansk,3.5819532522708064,0.48500944397418677,2.6307797310622028,4.5331267734794105,1596,1596,2012,2011,1451.458840883383,1609.4453521174846,True,Approximate weighted respondent linearization; PSU/stratum unavailable in supplied file
ISSP,2009,society_ideal,Which shape of society would you prefer for Ukraine?,nominal,ZA5400_v4-0-0.sav,ff5bd2c5c8c7ba6e8e7ba11541b464be2d464ddfa95385d74507f226bbbaaa2d,V55,original microdata,C: Pyramid with few at bottom,survey_coverage,7.355864811133201,0.5821297571836825,6.214224338313496,8.497505283952906,2012,2012,2012,2011,2012.0,2012.0,False,Approximate weighted respondent linearization; PSU/stratum unavailable in supplied file
ISSP,2009,society_ideal,Which shape of society would you prefer for Ukraine?,nominal,ZA5400_v4-0-0.sav,ff5bd2c5c8c7ba6e8e7ba11541b464be2d464ddfa95385d74507f226bbbaaa2d,V55,original microdata,C: Pyramid with few at bottom,exclude_Crimea_Donetsk_Luhansk,7.908284251477228,0.7215471796158565,6.493226091104832,9.323342411849623,1596,1596,2012,2011,1451.458840883383,1609.4453521174846,True,Approximate weighted respondent linearization; PSU/stratum unavailable in supplied file
ISSP,2009,society_ideal,Which shape of society would you prefer for Ukraine?,nominal,ZA5400_v4-0-0.sav,ff5bd2c5c8c7ba6e8e7ba11541b464be2d464ddfa95385d74507f226bbbaaa2d,V55,original microdata,D: Most people in the middle,survey_coverage,49.40357852882704,1.1148926940555492,47.21711304294878,51.5900440147053,2012,2012,2012,2011,2012.0,2012.0,False,Approximate weighted respondent linearization; PSU/stratum unavailable in supplied file
ISSP,2009,society_ideal,Which shape of society would you prefer for Ukraine?,nominal,ZA5400_v4-0-0.sav,ff5bd2c5c8c7ba6e8e7ba11541b464be2d464ddfa95385d74507f226bbbaaa2d,V55,original microdata,D: Most people in the middle,exclude_Crimea_Donetsk_Luhansk,48.57450431032661,1.312572395309575,46.00036039911183,51.14864822154139,1596,1596,2012,2011,1451.458840883383,1609.4453521174846,True,Approximate weighted respondent linearization; PSU/stratum unavailable in supplied file
ISSP,2009,society_ideal,Which shape of society would you prefer for Ukraine?,nominal,ZA5400_v4-0-0.sav,ff5bd2c5c8c7ba6e8e7ba11541b464be2d464ddfa95385d74507f226bbbaaa2d,V55,original microdata,"E: Many near top, few at bottom",survey_coverage,27.882703777335983,0.9999565400299895,25.921644678275392,29.843762876396575,2012,2012,2012,2011,2012.0,2012.0,False,Approximate weighted respondent linearization; PSU/stratum unavailable in supplied file
ISSP,2009,society_ideal,Which shape of society would you prefer for Ukraine?,nominal,ZA5400_v4-0-0.sav,ff5bd2c5c8c7ba6e8e7ba11541b464be2d464ddfa95385d74507f226bbbaaa2d,V55,original microdata,"E: Many near top, few at bottom",exclude_Crimea_Donetsk_Luhansk,28.084708527318863,1.180739185976736,25.769108567136964,30.400308487500762,1596,1596,2012,2011,1451.458840883383,1609.4453521174846,True,Approximate weighted respondent linearization; PSU/stratum unavailable in supplied file
ISSP,2009,society_ideal,Which shape of society would you prefer for Ukraine?,nominal,ZA5400_v4-0-0.sav,ff5bd2c5c8c7ba6e8e7ba11541b464be2d464ddfa95385d74507f226bbbaaa2d,V55,original microdata,Don't know,survey_coverage,10.487077534791252,0.6832255082373002,9.14717370297185,11.826981366610655,2012,2012,2012,2011,2012.0,2012.0,False,Approximate weighted respondent linearization; PSU/stratum unavailable in supplied file
ISSP,2009,society_ideal,Which shape of society would you prefer for Ukraine?,nominal,ZA5400_v4-0-0.sav,ff5bd2c5c8c7ba6e8e7ba11541b464be2d464ddfa95385d74507f226bbbaaa2d,V55,original microdata,Don't know,exclude_Crimea_Donetsk_Luhansk,10.11051407384761,0.7575910797039407,8.62476862317433,11.596259524520889,1596,1596,2012,2011,1451.458840883383,1609.4453521174846,True,Approximate weighted respondent linearization; PSU/stratum unavailable in supplied file
ISSP,2009,society_ideal,Which shape of society would you prefer for Ukraine?,nominal,ZA5400_v4-0-0.sav,ff5bd2c5c8c7ba6e8e7ba11541b464be2d464ddfa95385d74507f226bbbaaa2d,V55,original microdata,No answer,survey_coverage,0.3976143141153082,0.14033300997655812,0.12240102724102403,0.6728276009895924,2012,2012,2012,2011,2012.0,2012.0,False,Approximate weighted respondent linearization; PSU/stratum unavailable in supplied file
ISSP,2009,society_ideal,Which shape of society would you prefer for Ukraine?,nominal,ZA5400_v4-0-0.sav,ff5bd2c5c8c7ba6e8e7ba11541b464be2d464ddfa95385d74507f226bbbaaa2d,V55,original microdata,No answer,exclude_Crimea_Donetsk_Luhansk,0.4709980718199494,0.188064072077888,0.10217728312480423,0.8398188605150946,1596,1596,2012,2011,1451.458840883383,1609.4453521174846,True,Approximate weighted respondent linearization; PSU/stratum unavailable in supplied file
ISSP,2009,ahead_wealth,Importance for getting ahead: coming from a wealthy family?,ordinal,ZA5400_v4-0-0.sav,ff5bd2c5c8c7ba6e8e7ba11541b464be2d464ddfa95385d74507f226bbbaaa2d,V6,original microdata,Essential / very important,survey_coverage,42.89264413518887,1.1036500835939238,40.72822703107558,45.05706123930215,2012,2012,2012,2011,2012.0,2012.0,False,Approximate weighted respondent linearization; PSU/stratum unavailable in supplied file
ISSP,2009,ahead_wealth,Importance for getting ahead: coming from a wealthy family?,ordinal,ZA5400_v4-0-0.sav,ff5bd2c5c8c7ba6e8e7ba11541b464be2d464ddfa95385d74507f226bbbaaa2d,V6,original microdata,Essential / very important,exclude_Crimea_Donetsk_Luhansk,43.33138770295013,1.3013889734940316,40.77917609602264,45.883599309877624,1596,1596,2012,2011,1451.458840883383,1609.4453521174846,True,Approximate weighted respondent linearization; PSU/stratum unavailable in supplied file
ISSP,2009,ahead_wealth,Importance for getting ahead: coming from a wealthy family?,ordinal,ZA5400_v4-0-0.sav,ff5bd2c5c8c7ba6e8e7ba11541b464be2d464ddfa95385d74507f226bbbaaa2d,V6,original microdata,Not very / not at all important,survey_coverage,25.894632206759443,0.9768405324993764,23.97890693480748,27.810357478711406,2012,2012,2012,2011,2012.0,2012.0,False,Approximate weighted respondent linearization; PSU/stratum unavailable in supplied file
ISSP,2009,ahead_wealth,Importance for getting ahead: coming from a wealthy family?,ordinal,ZA5400_v4-0-0.sav,ff5bd2c5c8c7ba6e8e7ba11541b464be2d464ddfa95385d74507f226bbbaaa2d,V6,original microdata,Not very / not at all important,exclude_Crimea_Donetsk_Luhansk,25.23694844937081,1.1422908927508306,22.996751141459928,27.477145757281694,1596,1596,2012,2011,1451.458840883383,1609.4453521174846,True,Approximate weighted respondent linearization; PSU/stratum unavailable in supplied file
ISSP,2009,ahead_wealth,Importance for getting ahead: coming from a wealthy family?,ordinal,ZA5400_v4-0-0.sav,ff5bd2c5c8c7ba6e8e7ba11541b464be2d464ddfa95385d74507f226bbbaaa2d,V6,original microdata,Important,survey_coverage,26.98807157057654,0.9898668973000907,25.04679971715079,28.92934342400229,2012,2012,2012,2011,2012.0,2012.0,False,Approximate weighted respondent linearization; PSU/stratum unavailable in supplied file
ISSP,2009,ahead_wealth,Importance for getting ahead: coming from a wealthy family?,ordinal,ZA5400_v4-0-0.sav,ff5bd2c5c8c7ba6e8e7ba11541b464be2d464ddfa95385d74507f226bbbaaa2d,V6,original microdata,Important,exclude_Crimea_Donetsk_Luhansk,27.136970976542095,1.16644533636846,24.849403318478117,29.424538634606073,1596,1596,2012,2011,1451.458840883383,1609.4453521174846,True,Approximate weighted respondent linearization; PSU/stratum unavailable in supplied file
ISSP,2009,ahead_wealth,Importance for getting ahead: coming from a wealthy family?,ordinal,ZA5400_v4-0-0.sav,ff5bd2c5c8c7ba6e8e7ba11541b464be2d464ddfa95385d74507f226bbbaaa2d,V6,original microdata,Don't know,survey_coverage,4.1252485089463224,0.4434770483449914,3.255526009951119,4.994971007941525,2012,2012,2012,2011,2012.0,2012.0,False,Approximate weighted respondent linearization; PSU/stratum unavailable in supplied file
ISSP,2009,ahead_wealth,Importance for getting ahead: coming from a wealthy family?,ordinal,ZA5400_v4-0-0.sav,ff5bd2c5c8c7ba6e8e7ba11541b464be2d464ddfa95385d74507f226bbbaaa2d,V6,original microdata,Don't know,exclude_Crimea_Donetsk_Luhansk,4.1896764750564754,0.517894796178265,3.174010031821795,5.205342918291156,1596,1596,2012,2011,1451.458840883383,1609.4453521174846,True,Approximate weighted respondent linearization; PSU/stratum unavailable in supplied file
ISSP,2009,ahead_wealth,Importance for getting ahead: coming from a wealthy family?,ordinal,ZA5400_v4-0-0.sav,ff5bd2c5c8c7ba6e8e7ba11541b464be2d464ddfa95385d74507f226bbbaaa2d,V6,original microdata,No answer,survey_coverage,0.09940357852882704,0.07027146616137027,0.0,0.23721606597548217,2012,2012,2012,2011,2012.0,2012.0,False,Approximate weighted respondent linearization; PSU/stratum unavailable in supplied file
ISSP,2009,ahead_wealth,Importance for getting ahead: coming from a wealthy family?,ordinal,ZA5400_v4-0-0.sav,ff5bd2c5c8c7ba6e8e7ba11541b464be2d464ddfa95385d74507f226bbbaaa2d,V6,original microdata,No answer,exclude_Crimea_Donetsk_Luhansk,0.10501639608049068,0.07425136456734398,0.0,0.25063403872132795,1596,1596,2012,2011,1451.458840883383,1609.4453521174846,True,Approximate weighted respondent linearization; PSU/stratum unavailable in supplied file
ISSP,2009,ahead_parents,Importance for getting ahead: having well-educated parents?,ordinal,ZA5400_v4-0-0.sav,ff5bd2c5c8c7ba6e8e7ba11541b464be2d464ddfa95385d74507f226bbbaaa2d,V7,original microdata,Essential / very important,survey_coverage,39.811133200795226,1.0915768532394439,37.670393443940455,41.95187295765,2012,2012,2012,2011,2012.0,2012.0,False,Approximate weighted respondent linearization; PSU/stratum unavailable in supplied file
ISSP,2009,ahead_parents,Importance for getting ahead: having well-educated parents?,ordinal,ZA5400_v4-0-0.sav,ff5bd2c5c8c7ba6e8e7ba11541b464be2d464ddfa95385d74507f226bbbaaa2d,V7,original microdata,Essential / very important,exclude_Crimea_Donetsk_Luhansk,39.13024238302873,1.2762221874416533,36.6273864758806,41.63309829017686,1596,1596,2012,2011,1451.458840883383,1609.4453521174846,True,Approximate weighted respondent linearization; PSU/stratum unavailable in supplied file
ISSP,2009,ahead_parents,Importance for getting ahead: having well-educated parents?,ordinal,ZA5400_v4-0-0.sav,ff5bd2c5c8c7ba6e8e7ba11541b464be2d464ddfa95385d74507f226bbbaaa2d,V7,original microdata,Not very / not at all important,survey_coverage,25.447316103379723,0.9712848133778681,23.542486398483838,27.35214580827561,2012,2012,2012,2011,2012.0,2012.0,False,Approximate weighted respondent linearization; PSU/stratum unavailable in supplied file
ISSP,2009,ahead_parents,Importance for getting ahead: having well-educated parents?,ordinal,ZA5400_v4-0-0.sav,ff5bd2c5c8c7ba6e8e7ba11541b464be2d464ddfa95385d74507f226bbbaaa2d,V7,original microdata,Not very / not at all important,exclude_Crimea_Donetsk_Luhansk,26.11363221926973,1.1644383195256516,23.83000061090791,28.397263827631548,1596,1596,2012,2011,1451.458840883383,1609.4453521174846,True,Approximate weighted respondent linearization; PSU/stratum unavailable in supplied file
ISSP,2009,ahead_parents,Importance for getting ahead: having well-educated parents?,ordinal,ZA5400_v4-0-0.sav,ff5bd2c5c8c7ba6e8e7ba11541b464be2d464ddfa95385d74507f226bbbaaa2d,V7,original microdata,Important,survey_coverage,31.858846918489064,1.0389956528398867,29.821226484680057,33.89646735229807,2012,2012,2012,2011,2012.0,2012.0,False,Approximate weighted respondent linearization; PSU/stratum unavailable in supplied file
ISSP,2009,ahead_parents,Importance for getting ahead: having well-educated parents?,ordinal,ZA5400_v4-0-0.sav,ff5bd2c5c8c7ba6e8e7ba11541b464be2d464ddfa95385d74507f226bbbaaa2d,V7,original microdata,Important,exclude_Crimea_Donetsk_Luhansk,31.642431845917354,1.2236901236143467,29.24259889790491,34.0422647939298,1596,1596,2012,2011,1451.458840883383,1609.4453521174846,True,Approximate weighted respondent linearization; PSU/stratum unavailable in supplied file
ISSP,2009,ahead_parents,Importance for getting ahead: having well-educated parents?,ordinal,ZA5400_v4-0-0.sav,ff5bd2c5c8c7ba6e8e7ba11541b464be2d464ddfa95385d74507f226bbbaaa2d,V7,original microdata,Don't know,survey_coverage,2.485089463220676,0.3471366691550064,1.8043043526561755,3.1658745737851763,2012,2012,2012,2011,2012.0,2012.0,False,Approximate weighted respondent linearization; PSU/stratum unavailable in supplied file
ISSP,2009,ahead_parents,Importance for getting ahead: having well-educated parents?,ordinal,ZA5400_v4-0-0.sav,ff5bd2c5c8c7ba6e8e7ba11541b464be2d464ddfa95385d74507f226bbbaaa2d,V7,original microdata,Don't know,exclude_Crimea_Donetsk_Luhansk,2.7900386727509736,0.4241473210163527,1.9582245589132397,3.6218527865887076,1596,1596,2012,2011,1451.458840883383,1609.4453521174846,True,Approximate weighted respondent linearization; PSU/stratum unavailable in supplied file
ISSP,2009,ahead_parents,Importance for getting ahead: having well-educated parents?,ordinal,ZA5400_v4-0-0.sav,ff5bd2c5c8c7ba6e8e7ba11541b464be2d464ddfa95385d74507f226bbbaaa2d,V7,original microdata,No answer,survey_coverage,0.3976143141153082,0.14033300997655815,0.12240102724102397,0.6728276009895924,2012,2012,2012,2011,2012.0,2012.0,False,Approximate weighted respondent linearization; PSU/stratum unavailable in supplied file
ISSP,2009,ahead_parents,Importance for getting ahead: having well-educated parents?,ordinal,ZA5400_v4-0-0.sav,ff5bd2c5c8c7ba6e8e7ba11541b464be2d464ddfa95385d74507f226bbbaaa2d,V7,original microdata,No answer,exclude_Crimea_Donetsk_Luhansk,0.3236548790332176,0.1341747690604773,0.060518791416338535,0.5867909666500967,1596,1596,2012,2011,1451.458840883383,1609.4453521174846,True,Approximate weighted respondent linearization; PSU/stratum unavailable in supplied file
ISSP,2009,ahead_education,Importance for getting ahead: having a good education?,ordinal,ZA5400_v4-0-0.sav,ff5bd2c5c8c7ba6e8e7ba11541b464be2d464ddfa95385d74507f226bbbaaa2d,V8,original microdata,Essential / very important,survey_coverage,69.4831013916501,1.026842320780914,67.46931539610321,71.49688738719698,2012,2012,2012,2011,2012.0,2012.0,False,Approximate weighted respondent linearization; PSU/stratum unavailable in supplied file
ISSP,2009,ahead_education,Importance for getting ahead: having a good education?,ordinal,ZA5400_v4-0-0.sav,ff5bd2c5c8c7ba6e8e7ba11541b464be2d464ddfa95385d74507f226bbbaaa2d,V8,original microdata,Essential / very important,exclude_Crimea_Donetsk_Luhansk,67.76675193969935,1.2290762448631911,65.35635603053724,70.17714784886145,1596,1596,2012,2011,1451.458840883383,1609.4453521174846,True,Approximate weighted respondent linearization; PSU/stratum unavailable in supplied file
ISSP,2009,ahead_education,Importance for getting ahead: having a good education?,ordinal,ZA5400_v4-0-0.sav,ff5bd2c5c8c7ba6e8e7ba11541b464be2d464ddfa95385d74507f226bbbaaa2d,V8,original microdata,Not very / not at all important,survey_coverage,5.864811133200795,0.5239586075470629,4.837252680679979,6.89236958572161,2012,2012,2012,2011,2012.0,2012.0,False,Approximate weighted respondent linearization; PSU/stratum unavailable in supplied file
ISSP,2009,ahead_education,Importance for getting ahead: having a good education?,ordinal,ZA5400_v4-0-0.sav,ff5bd2c5c8c7ba6e8e7ba11541b464be2d464ddfa95385d74507f226bbbaaa2d,V8,original microdata,Not very / not at all important,exclude_Crimea_Donetsk_Luhansk,6.7886232889700615,0.6748385800101474,5.465167433892261,8.112079144047861,1596,1596,2012,2011,1451.458840883383,1609.4453521174846,True,Approximate weighted respondent linearization; PSU/stratum unavailable in supplied file
ISSP,2009,ahead_education,Importance for getting ahead: having a good education?,ordinal,ZA5400_v4-0-0.sav,ff5bd2c5c8c7ba6e8e7ba11541b464be2d464ddfa95385d74507f226bbbaaa2d,V8,original microdata,Important,survey_coverage,22.31610337972167,0.9284716506847059,20.495236466105162,24.13697029333818,2012,2012,2012,2011,2012.0,2012.0,False,Approximate weighted respondent linearization; PSU/stratum unavailable in supplied file
ISSP,2009,ahead_education,Importance for getting ahead: having a good education?,ordinal,ZA5400_v4-0-0.sav,ff5bd2c5c8c7ba6e8e7ba11541b464be2d464ddfa95385d74507f226bbbaaa2d,V8,original microdata,Important,exclude_Crimea_Donetsk_Luhansk,23.221325978168917,1.1109302572053867,21.042631402853665,25.40002055348417,1596,1596,2012,2011,1451.458840883383,1609.4453521174846,True,Approximate weighted respondent linearization; PSU/stratum unavailable in supplied file
ISSP,2009,ahead_education,Importance for getting ahead: having a good education?,ordinal,ZA5400_v4-0-0.sav,ff5bd2c5c8c7ba6e8e7ba11541b464be2d464ddfa95385d74507f226bbbaaa2d,V8,original microdata,Don't know,survey_coverage,1.8389662027833003,0.29960592680901765,1.2513957380872198,2.4265366674793807,2012,2012,2012,2011,2012.0,2012.0,False,Approximate weighted respondent linearization; PSU/stratum unavailable in supplied file
ISSP,2009,ahead_education,Importance for getting ahead: having a good education?,ordinal,ZA5400_v4-0-0.sav,ff5bd2c5c8c7ba6e8e7ba11541b464be2d464ddfa95385d74507f226bbbaaa2d,V8,original microdata,Don't know,exclude_Crimea_Donetsk_Luhansk,1.8172788345866155,0.32309374212434344,1.1836453740529431,2.450912295120288,1596,1596,2012,2011,1451.458840883383,1609.4453521174846,True,Approximate weighted respondent linearization; PSU/stratum unavailable in supplied file
ISSP,2009,ahead_education,Importance for getting ahead: having a good education?,ordinal,ZA5400_v4-0-0.sav,ff5bd2c5c8c7ba6e8e7ba11541b464be2d464ddfa95385d74507f226bbbaaa2d,V8,original microdata,No answer,survey_coverage,0.4970178926441352,0.15681876340015438,0.18947366391187476,0.8045621213763956,2012,2012,2012,2011,2012.0,2012.0,False,Approximate weighted respondent linearization; PSU/stratum unavailable in supplied file
ISSP,2009,ahead_education,Importance for getting ahead: having a good education?,ordinal,ZA5400_v4-0-0.sav,ff5bd2c5c8c7ba6e8e7ba11541b464be2d464ddfa95385d74507f226bbbaaa2d,V8,original microdata,No answer,exclude_Crimea_Donetsk_Luhansk,0.40601995857504924,0.1706776320271845,0.07129648821003975,0.7407434289400587,1596,1596,2012,2011,1451.458840883383,1609.4453521174846,True,Approximate weighted respondent linearization; PSU/stratum unavailable in supplied file
ISSP,2009,ahead_ambition,Importance for getting ahead: having ambition?,ordinal,ZA5400_v4-0-0.sav,ff5bd2c5c8c7ba6e8e7ba11541b464be2d464ddfa95385d74507f226bbbaaa2d,V9,original microdata,Essential / very important,survey_coverage,44.83101391650099,1.1089979579984137,42.656108858820005,47.00591897418198,2012,2012,2012,2011,2012.0,2012.0,False,Approximate weighted respondent linearization; PSU/stratum unavailable in supplied file
ISSP,2009,ahead_ambition,Importance for getting ahead: having ambition?,ordinal,ZA5400_v4-0-0.sav,ff5bd2c5c8c7ba6e8e7ba11541b464be2d464ddfa95385d74507f226bbbaaa2d,V9,original microdata,Essential / very important,exclude_Crimea_Donetsk_Luhansk,43.246590937232675,1.299502198999909,40.69807956740695,45.7951023070584,1596,1596,2012,2011,1451.458840883383,1609.4453521174846,True,Approximate weighted respondent linearization; PSU/stratum unavailable in supplied file
ISSP,2009,ahead_ambition,Importance for getting ahead: having ambition?,ordinal,ZA5400_v4-0-0.sav,ff5bd2c5c8c7ba6e8e7ba11541b464be2d464ddfa95385d74507f226bbbaaa2d,V9,original microdata,Not very / not at all important,survey_coverage,11.72962226640159,0.7175356287197141,10.322431336325012,13.136813196478167,2012,2012,2012,2011,2012.0,2012.0,False,Approximate weighted respondent linearization; PSU/stratum unavailable in supplied file
ISSP,2009,ahead_ambition,Importance for getting ahead: having ambition?,ordinal,ZA5400_v4-0-0.sav,ff5bd2c5c8c7ba6e8e7ba11541b464be2d464ddfa95385d74507f226bbbaaa2d,V9,original microdata,Not very / not at all important,exclude_Crimea_Donetsk_Luhansk,11.051224314860102,0.8283602157092066,9.426690374347432,12.675758255372772,1596,1596,2012,2011,1451.458840883383,1609.4453521174846,True,Approximate weighted respondent linearization; PSU/stratum unavailable in supplied file
ISSP,2009,ahead_ambition,Importance for getting ahead: having ambition?,ordinal,ZA5400_v4-0-0.sav,ff5bd2c5c8c7ba6e8e7ba11541b464be2d464ddfa95385d74507f226bbbaaa2d,V9,original microdata,Important,survey_coverage,35.586481113320076,1.0676404022398827,33.49268419163142,37.68027803500873,2012,2012,2012,2011,2012.0,2012.0,False,Approximate weighted respondent linearization; PSU/stratum unavailable in supplied file
ISSP,2009,ahead_ambition,Importance for getting ahead: having ambition?,ordinal,ZA5400_v4-0-0.sav,ff5bd2c5c8c7ba6e8e7ba11541b464be2d464ddfa95385d74507f226bbbaaa2d,V9,original microdata,Important,exclude_Crimea_Donetsk_Luhansk,37.70726686995424,1.2756043795592245,35.20562257323197,40.20891116667651,1596,1596,2012,2011,1451.458840883383,1609.4453521174846,True,Approximate weighted respondent linearization; PSU/stratum unavailable in supplied file
ISSP,2009,ahead_ambition,Importance for getting ahead: having ambition?,ordinal,ZA5400_v4-0-0.sav,ff5bd2c5c8c7ba6e8e7ba11541b464be2d464ddfa95385d74507f226bbbaaa2d,V9,original microdata,Don't know,survey_coverage,7.504970178926441,0.5875267551092493,6.352745414224184,8.657194943628697,2012,2012,2012,2011,2012.0,2012.0,False,Approximate weighted respondent linearization; PSU/stratum unavailable in supplied file
ISSP,2009,ahead_ambition,Importance for getting ahead: having ambition?,ordinal,ZA5400_v4-0-0.sav,ff5bd2c5c8c7ba6e8e7ba11541b464be2d464ddfa95385d74507f226bbbaaa2d,V9,original microdata,Don't know,exclude_Crimea_Donetsk_Luhansk,7.653351678688267,0.6834137642985383,6.313078649561716,8.993624707814817,1596,1596,2012,2011,1451.458840883383,1609.4453521174846,True,Approximate weighted respondent linearization; PSU/stratum unavailable in supplied file
ISSP,2009,ahead_ambition,Importance for getting ahead: having ambition?,ordinal,ZA5400_v4-0-0.sav,ff5bd2c5c8c7ba6e8e7ba11541b464be2d464ddfa95385d74507f226bbbaaa2d,V9,original microdata,No answer,survey_coverage,0.34791252485089463,0.1313022586359227,0.09040984476695718,0.605415204934832,2012,2012,2012,2011,2012.0,2012.0,False,Approximate weighted respondent linearization; PSU/stratum unavailable in supplied file
ISSP,2009,ahead_ambition,Importance for getting ahead: having ambition?,ordinal,ZA5400_v4-0-0.sav,ff5bd2c5c8c7ba6e8e7ba11541b464be2d464ddfa95385d74507f226bbbaaa2d,V9,original microdata,No answer,exclude_Crimea_Donetsk_Luhansk,0.34156619926470494,0.16257083712742038,0.022741323754551457,0.6603910747748585,1596,1596,2012,2011,1451.458840883383,1609.4453521174846,True,Approximate weighted respondent linearization; PSU/stratum unavailable in supplied file
ISSP,2009,ahead_work,Importance for getting ahead: hard work?,ordinal,ZA5400_v4-0-0.sav,ff5bd2c5c8c7ba6e8e7ba11541b464be2d464ddfa95385d74507f226bbbaaa2d,V10,original microdata,Essential / very important,survey_coverage,56.21272365805169,1.1063314158807191,54.043048074326414,58.38239924177696,2012,2012,2012,2011,2012.0,2012.0,False,Approximate weighted respondent linearization; PSU/stratum unavailable in supplied file
ISSP,2009,ahead_work,Importance for getting ahead: hard work?,ordinal,ZA5400_v4-0-0.sav,ff5bd2c5c8c7ba6e8e7ba11541b464be2d464ddfa95385d74507f226bbbaaa2d,V10,original microdata,Essential / very important,exclude_Crimea_Donetsk_Luhansk,54.766273442699394,1.3080356081820164,52.20102682583776,57.33152005956103,1596,1596,2012,2011,1451.458840883383,1609.4453521174846,True,Approximate weighted respondent linearization; PSU/stratum unavailable in supplied file
ISSP,2009,ahead_work,Importance for getting ahead: hard work?,ordinal,ZA5400_v4-0-0.sav,ff5bd2c5c8c7ba6e8e7ba11541b464be2d464ddfa95385d74507f226bbbaaa2d,V10,original microdata,Not very / not at all important,survey_coverage,12.027833001988071,0.7253711933985102,10.605275398666704,13.450390605309439,2012,2012,2012,2011,2012.0,2012.0,False,Approximate weighted respondent linearization; PSU/stratum unavailable in supplied file
ISSP,2009,ahead_work,Importance for getting ahead: hard work?,ordinal,ZA5400_v4-0-0.sav,ff5bd2c5c8c7ba6e8e7ba11541b464be2d464ddfa95385d74507f226bbbaaa2d,V10,original microdata,Not very / not at all important,exclude_Crimea_Donetsk_Luhansk,13.083956839569742,0.8961279039130545,11.326520681556229,14.841392997583256,1596,1596,2012,2011,1451.458840883383,1609.4453521174846,True,Approximate weighted respondent linearization; PSU/stratum unavailable in supplied file
ISSP,2009,ahead_work,Importance for getting ahead: hard work?,ordinal,ZA5400_v4-0-0.sav,ff5bd2c5c8c7ba6e8e7ba11541b464be2d464ddfa95385d74507f226bbbaaa2d,V10,original microdata,Important,survey_coverage,28.180914512922467,1.0032090500311721,26.2134767723137,30.148352253531232,2012,2012,2012,2011,2012.0,2012.0,False,Approximate weighted respondent linearization; PSU/stratum unavailable in supplied file
ISSP,2009,ahead_work,Importance for getting ahead: hard work?,ordinal,ZA5400_v4-0-0.sav,ff5bd2c5c8c7ba6e8e7ba11541b464be2d464ddfa95385d74507f226bbbaaa2d,V10,original microdata,Important,exclude_Crimea_Donetsk_Luhansk,28.687038270283832,1.1918834314685256,26.349582836239854,31.02449370432781,1596,1596,2012,2011,1451.458840883383,1609.4453521174846,True,Approximate weighted respondent linearization; PSU/stratum unavailable in supplied file
ISSP,2009,ahead_work,Importance for getting ahead: hard work?,ordinal,ZA5400_v4-0-0.sav,ff5bd2c5c8c7ba6e8e7ba11541b464be2d464ddfa95385d74507f226bbbaaa2d,V10,original microdata,Don't know,survey_coverage,2.9324055666003974,0.37622107132205984,2.1945817456248156,3.6702293875759793,2012,2012,2012,2011,2012.0,2012.0,False,Approximate weighted respondent linearization; PSU/stratum unavailable in supplied file
ISSP,2009,ahead_work,Importance for getting ahead: hard work?,ordinal,ZA5400_v4-0-0.sav,ff5bd2c5c8c7ba6e8e7ba11541b464be2d464ddfa95385d74507f226bbbaaa2d,V10,original microdata,Don't know,exclude_Crimea_Donetsk_Luhansk,2.9399712103753664,0.4329262223553053,2.0909404039501807,3.789002016800552,1596,1596,2012,2011,1451.458840883383,1609.4453521174846,True,Approximate weighted respondent linearization; PSU/stratum unavailable in supplied file
ISSP,2009,ahead_work,Importance for getting ahead: hard work?,ordinal,ZA5400_v4-0-0.sav,ff5bd2c5c8c7ba6e8e7ba11541b464be2d464ddfa95385d74507f226bbbaaa2d,V10,original microdata,No answer,survey_coverage,0.6461232604373758,0.17866688328986674,0.29573171525494024,0.9965148056198113,2012,2012,2012,2011,2012.0,2012.0,False,Approximate weighted respondent linearization; PSU/stratum unavailable in supplied file
ISSP,2009,ahead_work,Importance for getting ahead: hard work?,ordinal,ZA5400_v4-0-0.sav,ff5bd2c5c8c7ba6e8e7ba11541b464be2d464ddfa95385d74507f226bbbaaa2d,V10,original microdata,No answer,exclude_Crimea_Donetsk_Luhansk,0.5227602370716602,0.1746603722109747,0.1802260383760157,0.8652944357673047,1596,1596,2012,2011,1451.458840883383,1609.4453521174846,True,Approximate weighted respondent linearization; PSU/stratum unavailable in supplied file
ISSP,2009,ahead_connections,Importance for getting ahead: knowing the right people?,ordinal,ZA5400_v4-0-0.sav,ff5bd2c5c8c7ba6e8e7ba11541b464be2d464ddfa95385d74507f226bbbaaa2d,V11,original microdata,Essential / very important,survey_coverage,58.1013916500994,1.100238989754355,55.94366419332983,60.25911910686897,2012,2012,2012,2011,2012.0,2012.0,False,Approximate weighted respondent linearization; PSU/stratum unavailable in supplied file
ISSP,2009,ahead_connections,Importance for getting ahead: knowing the right people?,ordinal,ZA5400_v4-0-0.sav,ff5bd2c5c8c7ba6e8e7ba11541b464be2d464ddfa95385d74507f226bbbaaa2d,V11,original microdata,Essential / very important,exclude_Crimea_Donetsk_Luhansk,58.38817956142289,1.290925202880357,55.856488918908326,60.91987020393745,1596,1596,2012,2011,1451.458840883383,1609.4453521174846,True,Approximate weighted respondent linearization; PSU/stratum unavailable in supplied file
ISSP,2009,ahead_connections,Importance for getting ahead: knowing the right people?,ordinal,ZA5400_v4-0-0.sav,ff5bd2c5c8c7ba6e8e7ba11541b464be2d464ddfa95385d74507f226bbbaaa2d,V11,original microdata,Not very / not at all important,survey_coverage,8.20079522862823,0.6118449898760839,7.000878895689256,9.400711561567205,2012,2012,2012,2011,2012.0,2012.0,False,Approximate weighted respondent linearization; PSU/stratum unavailable in supplied file
ISSP,2009,ahead_connections,Importance for getting ahead: knowing the right people?,ordinal,ZA5400_v4-0-0.sav,ff5bd2c5c8c7ba6e8e7ba11541b464be2d464ddfa95385d74507f226bbbaaa2d,V11,original microdata,Not very / not at all important,exclude_Crimea_Donetsk_Luhansk,7.933304202656257,0.6965453338694584,6.5672782703173045,9.299330134995209,1596,1596,2012,2011,1451.458840883383,1609.4453521174846,True,Approximate weighted respondent linearization; PSU/stratum unavailable in supplied file
ISSP,2009,ahead_connections,Importance for getting ahead: knowing the right people?,ordinal,ZA5400_v4-0-0.sav,ff5bd2c5c8c7ba6e8e7ba11541b464be2d464ddfa95385d74507f226bbbaaa2d,V11,original microdata,Important,survey_coverage,29.07554671968191,1.0126419343382935,27.089609731495532,31.061483707868287,2012,2012,2012,2011,2012.0,2012.0,False,Approximate weighted respondent linearization; PSU/stratum unavailable in supplied file
ISSP,2009,ahead_connections,Importance for getting ahead: knowing the right people?,ordinal,ZA5400_v4-0-0.sav,ff5bd2c5c8c7ba6e8e7ba11541b464be2d464ddfa95385d74507f226bbbaaa2d,V11,original microdata,Important,exclude_Crimea_Donetsk_Luhansk,28.710088606895656,1.1848729868005115,26.38638166666548,31.033795547125834,1596,1596,2012,2011,1451.458840883383,1609.4453521174846,True,Approximate weighted respondent linearization; PSU/stratum unavailable in supplied file
ISSP,2009,ahead_connections,Importance for getting ahead: knowing the right people?,ordinal,ZA5400_v4-0-0.sav,ff5bd2c5c8c7ba6e8e7ba11541b464be2d464ddfa95385d74507f226bbbaaa2d,V11,original microdata,Don't know,survey_coverage,4.3737574552683895,0.4560472678536941,3.4793829415526356,5.268131968984143,2012,2012,2012,2011,2012.0,2012.0,False,Approximate weighted respondent linearization; PSU/stratum unavailable in supplied file
ISSP,2009,ahead_connections,Importance for getting ahead: knowing the right people?,ordinal,ZA5400_v4-0-0.sav,ff5bd2c5c8c7ba6e8e7ba11541b464be2d464ddfa95385d74507f226bbbaaa2d,V11,original microdata,Don't know,exclude_Crimea_Donetsk_Luhansk,4.592800027730244,0.5357673448922285,3.542082936916549,5.64351711854394,1596,1596,2012,2011,1451.458840883383,1609.4453521174846,True,Approximate weighted respondent linearization; PSU/stratum unavailable in supplied file
ISSP,2009,ahead_connections,Importance for getting ahead: knowing the right people?,ordinal,ZA5400_v4-0-0.sav,ff5bd2c5c8c7ba6e8e7ba11541b464be2d464ddfa95385d74507f226bbbaaa2d,V11,original microdata,No answer,survey_coverage,0.2485089463220676,0.11102599571011962,0.030770944315437948,0.4662469483286973,2012,2012,2012,2011,2012.0,2012.0,False,Approximate weighted respondent linearization; PSU/stratum unavailable in supplied file
ISSP,2009,ahead_connections,Importance for getting ahead: knowing the right people?,ordinal,ZA5400_v4-0-0.sav,ff5bd2c5c8c7ba6e8e7ba11541b464be2d464ddfa95385d74507f226bbbaaa2d,V11,original microdata,No answer,exclude_Crimea_Donetsk_Luhansk,0.3756276012949522,0.1757988086935861,0.0308607643459885,0.7203944382439159,1596,1596,2012,2011,1451.458840883383,1609.4453521174846,True,Approximate weighted respondent linearization; PSU/stratum unavailable in supplied file
ISSP,2009,ahead_political,Importance for getting ahead: political connections?,ordinal,ZA5400_v4-0-0.sav,ff5bd2c5c8c7ba6e8e7ba11541b464be2d464ddfa95385d74507f226bbbaaa2d,V12,original microdata,Essential / very important,survey_coverage,31.958250497017893,1.0398559923227781,29.91894281330985,33.99755818072593,2012,2012,2012,2011,2012.0,2012.0,False,Approximate weighted respondent linearization; PSU/stratum unavailable in supplied file
ISSP,2009,ahead_political,Importance for getting ahead: political connections?,ordinal,ZA5400_v4-0-0.sav,ff5bd2c5c8c7ba6e8e7ba11541b464be2d464ddfa95385d74507f226bbbaaa2d,V12,original microdata,Essential / very important,exclude_Crimea_Donetsk_Luhansk,34.28072316887528,1.2544058222287409,31.820652302672954,36.7407940350776,1596,1596,2012,2011,1451.458840883383,1609.4453521174846,True,Approximate weighted respondent linearization; PSU/stratum unavailable in supplied file
ISSP,2009,ahead_political,Importance for getting ahead: political connections?,ordinal,ZA5400_v4-0-0.sav,ff5bd2c5c8c7ba6e8e7ba11541b464be2d464ddfa95385d74507f226bbbaaa2d,V12,original microdata,Not very / not at all important,survey_coverage,28.180914512922467,1.0032090500311721,26.2134767723137,30.148352253531232,2012,2012,2012,2011,2012.0,2012.0,False,Approximate weighted respondent linearization; PSU/stratum unavailable in supplied file
ISSP,2009,ahead_political,Importance for getting ahead: political connections?,ordinal,ZA5400_v4-0-0.sav,ff5bd2c5c8c7ba6e8e7ba11541b464be2d464ddfa95385d74507f226bbbaaa2d,V12,original microdata,Not very / not at all important,exclude_Crimea_Donetsk_Luhansk,24.29568330414748,1.1182978185240966,22.10253987772365,26.48882673057131,1596,1596,2012,2011,1451.458840883383,1609.4453521174846,True,Approximate weighted respondent linearization; PSU/stratum unavailable in supplied file
ISSP,2009,ahead_political,Importance for getting ahead: political connections?,ordinal,ZA5400_v4-0-0.sav,ff5bd2c5c8c7ba6e8e7ba11541b464be2d464ddfa95385d74507f226bbbaaa2d,V12,original microdata,Important,survey_coverage,25.099403578528825,0.9668704861428705,23.203231006462094,26.995576150595557,2012,2012,2012,2011,2012.0,2012.0,False,Approximate weighted respondent linearization; PSU/stratum unavailable in supplied file
ISSP,2009,ahead_political,Importance for getting ahead: political connections?,ordinal,ZA5400_v4-0-0.sav,ff5bd2c5c8c7ba6e8e7ba11541b464be2d464ddfa95385d74507f226bbbaaa2d,V12,original microdata,Important,exclude_Crimea_Donetsk_Luhansk,26.57760707776771,1.158259726786293,24.30609258152613,28.84912157400929,1596,1596,2012,2011,1451.458840883383,1609.4453521174846,True,Approximate weighted respondent linearization; PSU/stratum unavailable in supplied file
ISSP,2009,ahead_political,Importance for getting ahead: political connections?,ordinal,ZA5400_v4-0-0.sav,ff5bd2c5c8c7ba6e8e7ba11541b464be2d464ddfa95385d74507f226bbbaaa2d,V12,original microdata,Don't know,survey_coverage,14.463220675944333,0.7843373887366004,12.92502185295428,16.001419498934386,2012,2012,2012,2011,2012.0,2012.0,False,Approximate weighted respondent linearization; PSU/stratum unavailable in supplied file
ISSP,2009,ahead_political,Importance for getting ahead: political connections?,ordinal,ZA5400_v4-0-0.sav,ff5bd2c5c8c7ba6e8e7ba11541b464be2d464ddfa95385d74507f226bbbaaa2d,V12,original microdata,Don't know,exclude_Crimea_Donetsk_Luhansk,14.558339210397504,0.915492814976057,12.762925666845353,16.353752753949653,1596,1596,2012,2011,1451.458840883383,1609.4453521174846,True,Approximate weighted respondent linearization; PSU/stratum unavailable in supplied file
ISSP,2009,ahead_political,Importance for getting ahead: political connections?,ordinal,ZA5400_v4-0-0.sav,ff5bd2c5c8c7ba6e8e7ba11541b464be2d464ddfa95385d74507f226bbbaaa2d,V12,original microdata,No answer,survey_coverage,0.2982107355864811,0.12159258119231203,0.05975013437045629,0.5366713368025059,2012,2012,2012,2011,2012.0,2012.0,False,Approximate weighted respondent linearization; PSU/stratum unavailable in supplied file
ISSP,2009,ahead_political,Importance for getting ahead: political connections?,ordinal,ZA5400_v4-0-0.sav,ff5bd2c5c8c7ba6e8e7ba11541b464be2d464ddfa95385d74507f226bbbaaa2d,V12,original microdata,No answer,exclude_Crimea_Donetsk_Luhansk,0.2876472388120289,0.15014112803377402,0.0,0.5820956608054721,1596,1596,2012,2011,1451.458840883383,1609.4453521174846,True,Approximate weighted respondent linearization; PSU/stratum unavailable in supplied file
ISSP,2009,ahead_bribes,Importance for getting ahead: giving bribes?,ordinal,ZA5400_v4-0-0.sav,ff5bd2c5c8c7ba6e8e7ba11541b464be2d464ddfa95385d74507f226bbbaaa2d,V13,original microdata,Essential / very important,survey_coverage,22.86282306163022,0.9364633012444367,21.02628336782848,24.69936275543196,2012,2012,2012,2011,2012.0,2012.0,False,Approximate weighted respondent linearization; PSU/stratum unavailable in supplied file
ISSP,2009,ahead_bribes,Importance for getting ahead: giving bribes?,ordinal,ZA5400_v4-0-0.sav,ff5bd2c5c8c7ba6e8e7ba11541b464be2d464ddfa95385d74507f226bbbaaa2d,V13,original microdata,Essential / very important,exclude_Crimea_Donetsk_Luhansk,22.761686062149266,1.1076431381402296,20.58943800175178,24.933934122546752,1596,1596,2012,2011,1451.458840883383,1609.4453521174846,True,Approximate weighted respondent linearization; PSU/stratum unavailable in supplied file
ISSP,2009,ahead_bribes,Importance for getting ahead: giving bribes?,ordinal,ZA5400_v4-0-0.sav,ff5bd2c5c8c7ba6e8e7ba11541b464be2d464ddfa95385d74507f226bbbaaa2d,V13,original microdata,Not very / not at all important,survey_coverage,33.64811133200795,1.0536611214338694,31.58172979761416,35.71449286640174,2012,2012,2012,2011,2012.0,2012.0,False,Approximate weighted respondent linearization; PSU/stratum unavailable in supplied file
ISSP,2009,ahead_bribes,Importance for getting ahead: giving bribes?,ordinal,ZA5400_v4-0-0.sav,ff5bd2c5c8c7ba6e8e7ba11541b464be2d464ddfa95385d74507f226bbbaaa2d,V13,original microdata,Not very / not at all important,exclude_Crimea_Donetsk_Luhansk,32.989981811769525,1.2279234176910567,30.581846763079902,35.39811686045915,1596,1596,2012,2011,1451.458840883383,1609.4453521174846,True,Approximate weighted respondent linearization; PSU/stratum unavailable in supplied file
ISSP,2009,ahead_bribes,Importance for getting ahead: giving bribes?,ordinal,ZA5400_v4-0-0.sav,ff5bd2c5c8c7ba6e8e7ba11541b464be2d464ddfa95385d74507f226bbbaaa2d,V13,original microdata,Important,survey_coverage,24.254473161033797,0.9558029857041097,22.380005554703516,26.128940767364078,2012,2012,2012,2011,2012.0,2012.0,False,Approximate weighted respondent linearization; PSU/stratum unavailable in supplied file
ISSP,2009,ahead_bribes,Importance for getting ahead: giving bribes?,ordinal,ZA5400_v4-0-0.sav,ff5bd2c5c8c7ba6e8e7ba11541b464be2d464ddfa95385d74507f226bbbaaa2d,V13,original microdata,Important,exclude_Crimea_Donetsk_Luhansk,24.93137452230001,1.1458817574106945,22.68413501052044,27.178614034079583,1596,1596,2012,2011,1451.458840883383,1609.4453521174846,True,Approximate weighted respondent linearization; PSU/stratum unavailable in supplied file
ISSP,2009,ahead_bribes,Importance for getting ahead: giving bribes?,ordinal,ZA5400_v4-0-0.sav,ff5bd2c5c8c7ba6e8e7ba11541b464be2d464ddfa95385d74507f226bbbaaa2d,V13,original microdata,Don't know,survey_coverage,18.339960238568587,0.8629744804487611,16.647542729013246,20.032377748123928,2012,2012,2012,2011,2012.0,2012.0,False,Approximate weighted respondent linearization; PSU/stratum unavailable in supplied file
ISSP,2009,ahead_bribes,Importance for getting ahead: giving bribes?,ordinal,ZA5400_v4-0-0.sav,ff5bd2c5c8c7ba6e8e7ba11541b464be2d464ddfa95385d74507f226bbbaaa2d,V13,original microdata,Don't know,exclude_Crimea_Donetsk_Luhansk,18.766973263020915,1.0171971290272412,16.772102880596737,20.761843645445094,1596,1596,2012,2011,1451.458840883383,1609.4453521174846,True,Approximate weighted respondent linearization; PSU/stratum unavailable in supplied file
ISSP,2009,ahead_bribes,Importance for getting ahead: giving bribes?,ordinal,ZA5400_v4-0-0.sav,ff5bd2c5c8c7ba6e8e7ba11541b464be2d464ddfa95385d74507f226bbbaaa2d,V13,original microdata,No answer,survey_coverage,0.8946322067594433,0.20997365974677754,0.48284355442749155,1.306420859091395,2012,2012,2012,2011,2012.0,2012.0,False,Approximate weighted respondent linearization; PSU/stratum unavailable in supplied file
ISSP,2009,ahead_bribes,Importance for getting ahead: giving bribes?,ordinal,ZA5400_v4-0-0.sav,ff5bd2c5c8c7ba6e8e7ba11541b464be2d464ddfa95385d74507f226bbbaaa2d,V13,original microdata,No answer,exclude_Crimea_Donetsk_Luhansk,0.5499843407602802,0.19306140237847141,0.17136306607933777,0.9286056154412228,1596,1596,2012,2011,1451.458840883383,1609.4453521174846,True,Approximate weighted respondent linearization; PSU/stratum unavailable in supplied file
ISSP,2009,ahead_race,Importance for getting ahead: ethnic background (nationality)?,ordinal,ZA5400_v4-0-0.sav,ff5bd2c5c8c7ba6e8e7ba11541b464be2d464ddfa95385d74507f226bbbaaa2d,V14,original microdata,Essential / very important,survey_coverage,7.5546719681908545,0.5893106020721398,6.398948822131141,8.710395114250568,2012,2012,2012,2011,2012.0,2012.0,False,Approximate weighted respondent linearization; PSU/stratum unavailable in supplied file
ISSP,2009,ahead_race,Importance for getting ahead: ethnic background (nationality)?,ordinal,ZA5400_v4-0-0.sav,ff5bd2c5c8c7ba6e8e7ba11541b464be2d464ddfa95385d74507f226bbbaaa2d,V14,original microdata,Essential / very important,exclude_Crimea_Donetsk_Luhansk,8.118569180811324,0.7173385740222923,6.71176470343736,9.525373658185288,1596,1596,2012,2011,1451.458840883383,1609.4453521174846,True,Approximate weighted respondent linearization; PSU/stratum unavailable in supplied file
ISSP,2009,ahead_race,Importance for getting ahead: ethnic background (nationality)?,ordinal,ZA5400_v4-0-0.sav,ff5bd2c5c8c7ba6e8e7ba11541b464be2d464ddfa95385d74507f226bbbaaa2d,V14,original microdata,Not very / not at all important,survey_coverage,71.81908548707753,1.0032090500311721,69.85164774646876,73.7865232276863,2012,2012,2012,2011,2012.0,2012.0,False,Approximate weighted respondent linearization; PSU/stratum unavailable in supplied file
ISSP,2009,ahead_race,Importance for getting ahead: ethnic background (nationality)?,ordinal,ZA5400_v4-0-0.sav,ff5bd2c5c8c7ba6e8e7ba11541b464be2d464ddfa95385d74507f226bbbaaa2d,V14,original microdata,Not very / not at all important,exclude_Crimea_Donetsk_Luhansk,70.79935995399278,1.1914613730610084,68.46273223740177,73.13598767058379,1596,1596,2012,2011,1451.458840883383,1609.4453521174846,True,Approximate weighted respondent linearization; PSU/stratum unavailable in supplied file
ISSP,2009,ahead_race,Importance for getting ahead: ethnic background (nationality)?,ordinal,ZA5400_v4-0-0.sav,ff5bd2c5c8c7ba6e8e7ba11541b464be2d464ddfa95385d74507f226bbbaaa2d,V14,original microdata,Important,survey_coverage,14.115308151093439,0.7764205603784127,12.592635371152276,15.637980931034601,2012,2012,2012,2011,2012.0,2012.0,False,Approximate weighted respondent linearization; PSU/stratum unavailable in supplied file
ISSP,2009,ahead_race,Importance for getting ahead: ethnic background (nationality)?,ordinal,ZA5400_v4-0-0.sav,ff5bd2c5c8c7ba6e8e7ba11541b464be2d464ddfa95385d74507f226bbbaaa2d,V14,original microdata,Important,exclude_Crimea_Donetsk_Luhansk,14.262310498410525,0.9216160609742952,12.454888385685686,16.06973261113536,1596,1596,2012,2011,1451.458840883383,1609.4453521174846,True,Approximate weighted respondent linearization; PSU/stratum unavailable in supplied file
ISSP,2009,ahead_race,Importance for getting ahead: ethnic background (nationality)?,ordinal,ZA5400_v4-0-0.sav,ff5bd2c5c8c7ba6e8e7ba11541b464be2d464ddfa95385d74507f226bbbaaa2d,V14,original microdata,Don't know,survey_coverage,5.815109343936382,0.5218714353013029,4.79164413743177,6.8385745504409945,2012,2012,2012,2011,2012.0,2012.0,False,Approximate weighted respondent linearization; PSU/stratum unavailable in supplied file
ISSP,2009,ahead_race,Importance for getting ahead: ethnic background (nationality)?,ordinal,ZA5400_v4-0-0.sav,ff5bd2c5c8c7ba6e8e7ba11541b464be2d464ddfa95385d74507f226bbbaaa2d,V14,original microdata,Don't know,exclude_Crimea_Donetsk_Luhansk,6.240102337448076,0.622075621164192,5.020122259962687,7.460082414933465,1596,1596,2012,2011,1451.458840883383,1609.4453521174846,True,Approximate weighted respondent linearization; PSU/stratum unavailable in supplied file
ISSP,2009,ahead_race,Importance for getting ahead: ethnic background (nationality)?,ordinal,ZA5400_v4-0-0.sav,ff5bd2c5c8c7ba6e8e7ba11541b464be2d464ddfa95385d74507f226bbbaaa2d,V14,original microdata,No answer,survey_coverage,0.6958250497017893,0.18536500537184045,0.3322975203744035,1.059352579029175,2012,2012,2012,2011,2012.0,2012.0,False,Approximate weighted respondent linearization; PSU/stratum unavailable in supplied file
ISSP,2009,ahead_race,Importance for getting ahead: ethnic background (nationality)?,ordinal,ZA5400_v4-0-0.sav,ff5bd2c5c8c7ba6e8e7ba11541b464be2d464ddfa95385d74507f226bbbaaa2d,V14,original microdata,No answer,exclude_Crimea_Donetsk_Luhansk,0.5796580293372962,0.188958964152151,0.20908222812444893,0.9502338305501434,1596,1596,2012,2011,1451.458840883383,1609.4453521174846,True,Approximate weighted respondent linearization; PSU/stratum unavailable in supplied file
ISSP,2009,ahead_religion,Importance for getting ahead: a person’s religion?,ordinal,ZA5400_v4-0-0.sav,ff5bd2c5c8c7ba6e8e7ba11541b464be2d464ddfa95385d74507f226bbbaaa2d,V15,original microdata,Essential / very important,survey_coverage,7.604373757455268,0.5910869874260067,6.445166863330329,8.763580651580206,2012,2012,2012,2011,2012.0,2012.0,False,Approximate weighted respondent linearization; PSU/stratum unavailable in supplied file
ISSP,2009,ahead_religion,Importance for getting ahead: a person’s religion?,ordinal,ZA5400_v4-0-0.sav,ff5bd2c5c8c7ba6e8e7ba11541b464be2d464ddfa95385d74507f226bbbaaa2d,V15,original microdata,Essential / very important,exclude_Crimea_Donetsk_Luhansk,8.92015289015393,0.7514213355772111,7.4465071981944,10.393798582113462,1596,1596,2012,2011,1451.458840883383,1609.4453521174846,True,Approximate weighted respondent linearization; PSU/stratum unavailable in supplied file
ISSP,2009,ahead_religion,Importance for getting ahead: a person’s religion?,ordinal,ZA5400_v4-0-0.sav,ff5bd2c5c8c7ba6e8e7ba11541b464be2d464ddfa95385d74507f226bbbaaa2d,V15,original microdata,Not very / not at all important,survey_coverage,75.3479125248509,0.9610731121606738,73.46310943990018,77.23271560980162,2012,2012,2012,2011,2012.0,2012.0,False,Approximate weighted respondent linearization; PSU/stratum unavailable in supplied file
ISSP,2009,ahead_religion,Importance for getting ahead: a person’s religion?,ordinal,ZA5400_v4-0-0.sav,ff5bd2c5c8c7ba6e8e7ba11541b464be2d464ddfa95385d74507f226bbbaaa2d,V15,original microdata,Not very / not at all important,exclude_Crimea_Donetsk_Luhansk,72.48065141849106,1.1694762725970802,70.18713965702672,74.77416317995541,1596,1596,2012,2011,1451.458840883383,1609.4453521174846,True,Approximate weighted respondent linearization; PSU/stratum unavailable in supplied file
ISSP,2009,ahead_religion,Importance for getting ahead: a person’s religion?,ordinal,ZA5400_v4-0-0.sav,ff5bd2c5c8c7ba6e8e7ba11541b464be2d464ddfa95385d74507f226bbbaaa2d,V15,original microdata,Important,survey_coverage,11.033797216699801,0.6986650055502073,9.663614302261978,12.403980131137624,2012,2012,2012,2011,2012.0,2012.0,False,Approximate weighted respondent linearization; PSU/stratum unavailable in supplied file
ISSP,2009,ahead_religion,Importance for getting ahead: a person’s religion?,ordinal,ZA5400_v4-0-0.sav,ff5bd2c5c8c7ba6e8e7ba11541b464be2d464ddfa95385d74507f226bbbaaa2d,V15,original microdata,Important,exclude_Crimea_Donetsk_Luhansk,12.230419538158335,0.8489853330187581,10.565436765771556,13.895402310545114,1596,1596,2012,2011,1451.458840883383,1609.4453521174846,True,Approximate weighted respondent linearization; PSU/stratum unavailable in supplied file
ISSP,2009,ahead_religion,Importance for getting ahead: a person’s religion?,ordinal,ZA5400_v4-0-0.sav,ff5bd2c5c8c7ba6e8e7ba11541b464be2d464ddfa95385d74507f226bbbaaa2d,V15,original microdata,Don't know,survey_coverage,5.815109343936382,0.5218714353013029,4.79164413743177,6.8385745504409945,2012,2012,2012,2011,2012.0,2012.0,False,Approximate weighted respondent linearization; PSU/stratum unavailable in supplied file
ISSP,2009,ahead_religion,Importance for getting ahead: a person’s religion?,ordinal,ZA5400_v4-0-0.sav,ff5bd2c5c8c7ba6e8e7ba11541b464be2d464ddfa95385d74507f226bbbaaa2d,V15,original microdata,Don't know,exclude_Crimea_Donetsk_Luhansk,6.236180274475945,0.6373915364090189,4.986163476644282,7.486197072307609,1596,1596,2012,2011,1451.458840883383,1609.4453521174846,True,Approximate weighted respondent linearization; PSU/stratum unavailable in supplied file
ISSP,2009,ahead_religion,Importance for getting ahead: a person’s religion?,ordinal,ZA5400_v4-0-0.sav,ff5bd2c5c8c7ba6e8e7ba11541b464be2d464ddfa95385d74507f226bbbaaa2d,V15,original microdata,No answer,survey_coverage,0.1988071570576541,0.09932940596891869,0.004007855706227831,0.3936064584090804,2012,2012,2012,2011,2012.0,2012.0,False,Approximate weighted respondent linearization; PSU/stratum unavailable in supplied file
ISSP,2009,ahead_religion,Importance for getting ahead: a person’s religion?,ordinal,ZA5400_v4-0-0.sav,ff5bd2c5c8c7ba6e8e7ba11541b464be2d464ddfa95385d74507f226bbbaaa2d,V15,original microdata,No answer,exclude_Crimea_Donetsk_Luhansk,0.13259587872072853,0.09561861133868531,0.0,0.32011777622203735,1596,1596,2012,2011,1451.458840883383,1609.4453521174846,True,Approximate weighted respondent linearization; PSU/stratum unavailable in supplied file
ISSP,2009,ahead_gender,Importance for getting ahead: being born a man or woman?,ordinal,ZA5400_v4-0-0.sav,ff5bd2c5c8c7ba6e8e7ba11541b464be2d464ddfa95385d74507f226bbbaaa2d,V16,original microdata,Essential / very important,survey_coverage,9.990059642147118,0.6686875574647939,8.678666830059896,11.30145245423434,2012,2012,2012,2011,2012.0,2012.0,False,Approximate weighted respondent linearization; PSU/stratum unavailable in supplied file
ISSP,2009,ahead_gender,Importance for getting ahead: being born a man or woman?,ordinal,ZA5400_v4-0-0.sav,ff5bd2c5c8c7ba6e8e7ba11541b464be2d464ddfa95385d74507f226bbbaaa2d,V16,original microdata,Essential / very important,exclude_Crimea_Donetsk_Luhansk,10.139150935667251,0.804949499798889,8.560528787931169,11.717773083403333,1596,1596,2012,2011,1451.458840883383,1609.4453521174846,True,Approximate weighted respondent linearization; PSU/stratum unavailable in supplied file
ISSP,2009,ahead_gender,Importance for getting ahead: being born a man or woman?,ordinal,ZA5400_v4-0-0.sav,ff5bd2c5c8c7ba6e8e7ba11541b464be2d464ddfa95385d74507f226bbbaaa2d,V16,original microdata,Not very / not at all important,survey_coverage,62.72365805168986,1.0782669590133442,60.609020918433956,64.83829518494576,2012,2012,2012,2011,2012.0,2012.0,False,Approximate weighted respondent linearization; PSU/stratum unavailable in supplied file
ISSP,2009,ahead_gender,Importance for getting ahead: being born a man or woman?,ordinal,ZA5400_v4-0-0.sav,ff5bd2c5c8c7ba6e8e7ba11541b464be2d464ddfa95385d74507f226bbbaaa2d,V16,original microdata,Not very / not at all important,exclude_Crimea_Donetsk_Luhansk,62.386055923706955,1.2709332885811568,59.8935723105728,64.87853953684112,1596,1596,2012,2011,1451.458840883383,1609.4453521174846,True,Approximate weighted respondent linearization; PSU/stratum unavailable in supplied file
ISSP,2009,ahead_gender,Importance for getting ahead: being born a man or woman?,ordinal,ZA5400_v4-0-0.sav,ff5bd2c5c8c7ba6e8e7ba11541b464be2d464ddfa95385d74507f226bbbaaa2d,V16,original microdata,Important,survey_coverage,20.129224652087476,0.8941315887042118,18.375703556327345,21.882745747847608,2012,2012,2012,2011,2012.0,2012.0,False,Approximate weighted respondent linearization; PSU/stratum unavailable in supplied file
ISSP,2009,ahead_gender,Importance for getting ahead: being born a man or woman?,ordinal,ZA5400_v4-0-0.sav,ff5bd2c5c8c7ba6e8e7ba11541b464be2d464ddfa95385d74507f226bbbaaa2d,V16,original microdata,Important,exclude_Crimea_Donetsk_Luhansk,20.156743357775824,1.0452934664206173,18.106772002569464,22.206714712982183,1596,1596,2012,2011,1451.458840883383,1609.4453521174846,True,Approximate weighted respondent linearization; PSU/stratum unavailable in supplied file
ISSP,2009,ahead_gender,Importance for getting ahead: being born a man or woman?,ordinal,ZA5400_v4-0-0.sav,ff5bd2c5c8c7ba6e8e7ba11541b464be2d464ddfa95385d74507f226bbbaaa2d,V16,original microdata,Don't know,survey_coverage,6.9085487077534795,0.5655125887896179,5.799496900516006,8.017600514990953,2012,2012,2012,2011,2012.0,2012.0,False,Approximate weighted respondent linearization; PSU/stratum unavailable in supplied file
ISSP,2009,ahead_gender,Importance for getting ahead: being born a man or woman?,ordinal,ZA5400_v4-0-0.sav,ff5bd2c5c8c7ba6e8e7ba11541b464be2d464ddfa95385d74507f226bbbaaa2d,V16,original microdata,Don't know,exclude_Crimea_Donetsk_Luhansk,7.196299562253434,0.6752989427079149,5.871940869481009,8.52065825502586,1596,1596,2012,2011,1451.458840883383,1609.4453521174846,True,Approximate weighted respondent linearization; PSU/stratum unavailable in supplied file
ISSP,2009,ahead_gender,Importance for getting ahead: being born a man or woman?,ordinal,ZA5400_v4-0-0.sav,ff5bd2c5c8c7ba6e8e7ba11541b464be2d464ddfa95385d74507f226bbbaaa2d,V16,original microdata,No answer,survey_coverage,0.2485089463220676,0.11102599571011962,0.030770944315437948,0.4662469483286973,2012,2012,2012,2011,2012.0,2012.0,False,Approximate weighted respondent linearization; PSU/stratum unavailable in supplied file
ISSP,2009,ahead_gender,Importance for getting ahead: being born a man or woman?,ordinal,ZA5400_v4-0-0.sav,ff5bd2c5c8c7ba6e8e7ba11541b464be2d464ddfa95385d74507f226bbbaaa2d,V16,original microdata,No answer,exclude_Crimea_Donetsk_Luhansk,0.12175022059652924,0.08610282749789645,0.0,0.29061029256978754,1596,1596,2012,2011,1451.458840883383,1609.4453521174846,True,Approximate weighted respondent linearization; PSU/stratum unavailable in supplied file
ISSP,2009,pay_responsibility,What should determine pay: job responsibility?,ordinal,ZA5400_v4-0-0.sav,ff5bd2c5c8c7ba6e8e7ba11541b464be2d464ddfa95385d74507f226bbbaaa2d,V47,original microdata,Essential / very important,survey_coverage,75.99403578528828,0.9524524349133286,74.12613909264483,77.86193247793172,2012,2012,2012,2011,2012.0,2012.0,False,Approximate weighted respondent linearization; PSU/stratum unavailable in supplied file
ISSP,2009,pay_responsibility,What should determine pay: job responsibility?,ordinal,ZA5400_v4-0-0.sav,ff5bd2c5c8c7ba6e8e7ba11541b464be2d464ddfa95385d74507f226bbbaaa2d,V47,original microdata,Essential / very important,exclude_Crimea_Donetsk_Luhansk,75.1302518145015,1.134900780927694,72.90454758249311,77.3559560465099,1596,1596,2012,2011,1451.458840883383,1609.4453521174846,True,Approximate weighted respondent linearization; PSU/stratum unavailable in supplied file
ISSP,2009,pay_responsibility,What should determine pay: job responsibility?,ordinal,ZA5400_v4-0-0.sav,ff5bd2c5c8c7ba6e8e7ba11541b464be2d464ddfa95385d74507f226bbbaaa2d,V47,original microdata,Not very / not at all important,survey_coverage,0.7455268389662028,0.1918229873940825,0.36933427481049574,1.1217194031219098,2012,2012,2012,2011,2012.0,2012.0,False,Approximate weighted respondent linearization; PSU/stratum unavailable in supplied file
ISSP,2009,pay_responsibility,What should determine pay: job responsibility?,ordinal,ZA5400_v4-0-0.sav,ff5bd2c5c8c7ba6e8e7ba11541b464be2d464ddfa95385d74507f226bbbaaa2d,V47,original microdata,Not very / not at all important,exclude_Crimea_Donetsk_Luhansk,0.9406596496704721,0.2605214875024845,0.4297394115246971,1.4515798878162471,1596,1596,2012,2011,1451.458840883383,1609.4453521174846,True,Approximate weighted respondent linearization; PSU/stratum unavailable in supplied file
ISSP,2009,pay_responsibility,What should determine pay: job responsibility?,ordinal,ZA5400_v4-0-0.sav,ff5bd2c5c8c7ba6e8e7ba11541b464be2d464ddfa95385d74507f226bbbaaa2d,V47,original microdata,Important,survey_coverage,21.570576540755468,0.9172006472073986,19.77181369170566,23.369339389805276,2012,2012,2012,2011,2012.0,2012.0,False,Approximate weighted respondent linearization; PSU/stratum unavailable in supplied file
ISSP,2009,pay_responsibility,What should determine pay: job responsibility?,ordinal,ZA5400_v4-0-0.sav,ff5bd2c5c8c7ba6e8e7ba11541b464be2d464ddfa95385d74507f226bbbaaa2d,V47,original microdata,Important,exclude_Crimea_Donetsk_Luhansk,21.827837971518314,1.0831444342202328,19.70363540541407,23.95204053762256,1596,1596,2012,2011,1451.458840883383,1609.4453521174846,True,Approximate weighted respondent linearization; PSU/stratum unavailable in supplied file
ISSP,2009,pay_responsibility,What should determine pay: job responsibility?,ordinal,ZA5400_v4-0-0.sav,ff5bd2c5c8c7ba6e8e7ba11541b464be2d464ddfa95385d74507f226bbbaaa2d,V47,original microdata,Don't know,survey_coverage,1.6898608349900597,0.28742106248378896,1.126186647881295,2.2535350220988244,2012,2012,2012,2011,2012.0,2012.0,False,Approximate weighted respondent linearization; PSU/stratum unavailable in supplied file
ISSP,2009,pay_responsibility,What should determine pay: job responsibility?,ordinal,ZA5400_v4-0-0.sav,ff5bd2c5c8c7ba6e8e7ba11541b464be2d464ddfa95385d74507f226bbbaaa2d,V47,original microdata,Don't know,exclude_Crimea_Donetsk_Luhansk,2.101250564309695,0.37869515245460383,1.3585747131482369,2.8439264154711528,1596,1596,2012,2011,1451.458840883383,1609.4453521174846,True,Approximate weighted respondent linearization; PSU/stratum unavailable in supplied file
ISSP,2009,pay_responsibility,What should determine pay: job responsibility?,ordinal,ZA5400_v4-0-0.sav,ff5bd2c5c8c7ba6e8e7ba11541b464be2d464ddfa95385d74507f226bbbaaa2d,V47,original microdata,No answer,survey_coverage,0.0,0.0,0.0,0.0,2012,2012,2012,2011,2012.0,2012.0,False,Approximate weighted respondent linearization; PSU/stratum unavailable in supplied file
ISSP,2009,pay_responsibility,What should determine pay: job responsibility?,ordinal,ZA5400_v4-0-0.sav,ff5bd2c5c8c7ba6e8e7ba11541b464be2d464ddfa95385d74507f226bbbaaa2d,V47,original microdata,No answer,exclude_Crimea_Donetsk_Luhansk,0.0,0.0,0.0,0.0,1596,1596,2012,2011,1451.458840883383,1609.4453521174846,True,Approximate weighted respondent linearization; PSU/stratum unavailable in supplied file
ISSP,2009,pay_education,What should determine pay: education and training?,ordinal,ZA5400_v4-0-0.sav,ff5bd2c5c8c7ba6e8e7ba11541b464be2d464ddfa95385d74507f226bbbaaa2d,V48,original microdata,Essential / very important,survey_coverage,60.934393638170974,1.0879839694293383,58.80070004502994,63.068087231312006,2012,2012,2012,2011,2012.0,2012.0,False,Approximate weighted respondent linearization; PSU/stratum unavailable in supplied file
ISSP,2009,pay_education,What should determine pay: education and training?,ordinal,ZA5400_v4-0-0.sav,ff5bd2c5c8c7ba6e8e7ba11541b464be2d464ddfa95385d74507f226bbbaaa2d,V48,original microdata,Essential / very important,exclude_Crimea_Donetsk_Luhansk,60.41145743019711,1.287622253009159,57.886244349095826,62.936670511298395,1596,1596,2012,2011,1451.458840883383,1609.4453521174846,True,Approximate weighted respondent linearization; PSU/stratum unavailable in supplied file
ISSP,2009,pay_education,What should determine pay: education and training?,ordinal,ZA5400_v4-0-0.sav,ff5bd2c5c8c7ba6e8e7ba11541b464be2d464ddfa95385d74507f226bbbaaa2d,V48,original microdata,Not very / not at all important,survey_coverage,5.36779324055666,0.5025871009327816,4.382147397063145,6.353439084050175,2012,2012,2012,2011,2012.0,2012.0,False,Approximate weighted respondent linearization; PSU/stratum unavailable in supplied file
ISSP,2009,pay_education,What should determine pay: education and training?,ordinal,ZA5400_v4-0-0.sav,ff5bd2c5c8c7ba6e8e7ba11541b464be2d464ddfa95385d74507f226bbbaaa2d,V48,original microdata,Not very / not at all important,exclude_Crimea_Donetsk_Luhansk,5.515018972308947,0.6151968101116835,4.308529236118626,6.721508708499267,1596,1596,2012,2011,1451.458840883383,1609.4453521174846,True,Approximate weighted respondent linearization; PSU/stratum unavailable in supplied file
ISSP,2009,pay_education,What should determine pay: education and training?,ordinal,ZA5400_v4-0-0.sav,ff5bd2c5c8c7ba6e8e7ba11541b464be2d464ddfa95385d74507f226bbbaaa2d,V48,original microdata,Important,survey_coverage,32.05765407554672,1.0407108992876926,30.016669795891474,34.09863835520197,2012,2012,2012,2011,2012.0,2012.0,False,Approximate weighted respondent linearization; PSU/stratum unavailable in supplied file
ISSP,2009,pay_education,What should determine pay: education and training?,ordinal,ZA5400_v4-0-0.sav,ff5bd2c5c8c7ba6e8e7ba11541b464be2d464ddfa95385d74507f226bbbaaa2d,V48,original microdata,Important,exclude_Crimea_Donetsk_Luhansk,32.21486238161916,1.2318378655636388,29.799050535677836,34.63067422756049,1596,1596,2012,2011,1451.458840883383,1609.4453521174846,True,Approximate weighted respondent linearization; PSU/stratum unavailable in supplied file
ISSP,2009,pay_education,What should determine pay: education and training?,ordinal,ZA5400_v4-0-0.sav,ff5bd2c5c8c7ba6e8e7ba11541b464be2d464ddfa95385d74507f226bbbaaa2d,V48,original microdata,Don't know,survey_coverage,1.5904572564612327,0.2789803229040079,1.0433365779231845,2.137577934999281,2012,2012,2012,2011,2012.0,2012.0,False,Approximate weighted respondent linearization; PSU/stratum unavailable in supplied file
ISSP,2009,pay_education,What should determine pay: education and training?,ordinal,ZA5400_v4-0-0.sav,ff5bd2c5c8c7ba6e8e7ba11541b464be2d464ddfa95385d74507f226bbbaaa2d,V48,original microdata,Don't know,exclude_Crimea_Donetsk_Luhansk,1.8586612158747704,0.33978592135873875,1.1922919826746383,2.5250304490749027,1596,1596,2012,2011,1451.458840883383,1609.4453521174846,True,Approximate weighted respondent linearization; PSU/stratum unavailable in supplied file
ISSP,2009,pay_education,What should determine pay: education and training?,ordinal,ZA5400_v4-0-0.sav,ff5bd2c5c8c7ba6e8e7ba11541b464be2d464ddfa95385d74507f226bbbaaa2d,V48,original microdata,No answer,survey_coverage,0.04970178926441352,0.049701789264413515,0.0,0.14717417148779197,2012,2012,2012,2011,2012.0,2012.0,False,Approximate weighted respondent linearization; PSU/stratum unavailable in supplied file
ISSP,2009,pay_education,What should determine pay: education and training?,ordinal,ZA5400_v4-0-0.sav,ff5bd2c5c8c7ba6e8e7ba11541b464be2d464ddfa95385d74507f226bbbaaa2d,V48,original microdata,No answer,exclude_Crimea_Donetsk_Luhansk,0.0,0.0,0.0,0.0,1596,1596,2012,2011,1451.458840883383,1609.4453521174846,True,Approximate weighted respondent linearization; PSU/stratum unavailable in supplied file
ISSP,2009,pay_family,What should determine pay: what is needed to support a family?,ordinal,ZA5400_v4-0-0.sav,ff5bd2c5c8c7ba6e8e7ba11541b464be2d464ddfa95385d74507f226bbbaaa2d,V49,original microdata,Essential / very important,survey_coverage,52.286282306163024,1.1138057991133379,50.10194837813835,54.470616234187695,2012,2012,2012,2011,2012.0,2012.0,False,Approximate weighted respondent linearization; PSU/stratum unavailable in supplied file
ISSP,2009,pay_family,What should determine pay: what is needed to support a family?,ordinal,ZA5400_v4-0-0.sav,ff5bd2c5c8c7ba6e8e7ba11541b464be2d464ddfa95385d74507f226bbbaaa2d,V49,original microdata,Essential / very important,exclude_Crimea_Donetsk_Luhansk,52.3420388236266,1.3127757976435017,49.76749601107786,54.916581636175344,1596,1596,2012,2011,1451.458840883383,1609.4453521174846,True,Approximate weighted respondent linearization; PSU/stratum unavailable in supplied file
ISSP,2009,pay_family,What should determine pay: what is needed to support a family?,ordinal,ZA5400_v4-0-0.sav,ff5bd2c5c8c7ba6e8e7ba11541b464be2d464ddfa95385d74507f226bbbaaa2d,V49,original microdata,Not very / not at all important,survey_coverage,10.536779324055667,0.6846524574625854,9.194077038853422,11.879481609257912,2012,2012,2012,2011,2012.0,2012.0,False,Approximate weighted respondent linearization; PSU/stratum unavailable in supplied file
ISSP,2009,pay_family,What should determine pay: what is needed to support a family?,ordinal,ZA5400_v4-0-0.sav,ff5bd2c5c8c7ba6e8e7ba11541b464be2d464ddfa95385d74507f226bbbaaa2d,V49,original microdata,Not very / not at all important,exclude_Crimea_Donetsk_Luhansk,9.37844589867875,0.7624115676189374,7.8832467754615285,10.873645021895971,1596,1596,2012,2011,1451.458840883383,1609.4453521174846,True,Approximate weighted respondent linearization; PSU/stratum unavailable in supplied file
ISSP,2009,pay_family,What should determine pay: what is needed to support a family?,ordinal,ZA5400_v4-0-0.sav,ff5bd2c5c8c7ba6e8e7ba11541b464be2d464ddfa95385d74507f226bbbaaa2d,V49,original microdata,Important,survey_coverage,33.54870775347913,1.0528913999361253,31.483835754036573,35.61357975292168,2012,2012,2012,2011,2012.0,2012.0,False,Approximate weighted respondent linearization; PSU/stratum unavailable in supplied file
ISSP,2009,pay_family,What should determine pay: what is needed to support a family?,ordinal,ZA5400_v4-0-0.sav,ff5bd2c5c8c7ba6e8e7ba11541b464be2d464ddfa95385d74507f226bbbaaa2d,V49,original microdata,Important,exclude_Crimea_Donetsk_Luhansk,33.97884413272585,1.252954111027726,31.521620281714675,36.43606798373702,1596,1596,2012,2011,1451.458840883383,1609.4453521174846,True,Approximate weighted respondent linearization; PSU/stratum unavailable in supplied file
ISSP,2009,pay_family,What should determine pay: what is needed to support a family?,ordinal,ZA5400_v4-0-0.sav,ff5bd2c5c8c7ba6e8e7ba11541b464be2d464ddfa95385d74507f226bbbaaa2d,V49,original microdata,Don't know,survey_coverage,3.429423459244533,0.4058139144955825,2.633563801660723,4.225283116828344,2012,2012,2012,2011,2012.0,2012.0,False,Approximate weighted respondent linearization; PSU/stratum unavailable in supplied file
ISSP,2009,pay_family,What should determine pay: what is needed to support a family?,ordinal,ZA5400_v4-0-0.sav,ff5bd2c5c8c7ba6e8e7ba11541b464be2d464ddfa95385d74507f226bbbaaa2d,V49,original microdata,Don't know,exclude_Crimea_Donetsk_Luhansk,4.116704152485797,0.5356978926480275,3.066123267547045,5.1672850374245485,1596,1596,2012,2011,1451.458840883383,1609.4453521174846,True,Approximate weighted respondent linearization; PSU/stratum unavailable in supplied file
ISSP,2009,pay_family,What should determine pay: what is needed to support a family?,ordinal,ZA5400_v4-0-0.sav,ff5bd2c5c8c7ba6e8e7ba11541b464be2d464ddfa95385d74507f226bbbaaa2d,V49,original microdata,No answer,survey_coverage,0.1988071570576541,0.09932940596891872,0.004007855706227775,0.3936064584090804,2012,2012,2012,2011,2012.0,2012.0,False,Approximate weighted respondent linearization; PSU/stratum unavailable in supplied file
ISSP,2009,pay_family,What should determine pay: what is needed to support a family?,ordinal,ZA5400_v4-0-0.sav,ff5bd2c5c8c7ba6e8e7ba11541b464be2d464ddfa95385d74507f226bbbaaa2d,V49,original microdata,No answer,exclude_Crimea_Donetsk_Luhansk,0.1839669924830013,0.10850882774025981,0.0,0.3967684647970411,1596,1596,2012,2011,1451.458840883383,1609.4453521174846,True,Approximate weighted respondent linearization; PSU/stratum unavailable in supplied file
ISSP,2009,pay_children,What should determine pay: children to support?,ordinal,ZA5400_v4-0-0.sav,ff5bd2c5c8c7ba6e8e7ba11541b464be2d464ddfa95385d74507f226bbbaaa2d,V50,original microdata,Essential / very important,survey_coverage,47.664015904572565,1.1137545146927412,45.47978255269858,49.84824925644655,2012,2012,2012,2011,2012.0,2012.0,False,Approximate weighted respondent linearization; PSU/stratum unavailable in supplied file
ISSP,2009,pay_children,What should determine pay: children to support?,ordinal,ZA5400_v4-0-0.sav,ff5bd2c5c8c7ba6e8e7ba11541b464be2d464ddfa95385d74507f226bbbaaa2d,V50,original microdata,Essential / very important,exclude_Crimea_Donetsk_Luhansk,48.38544631117056,1.3113287943113003,45.81374128100274,50.95715134133838,1596,1596,2012,2011,1451.458840883383,1609.4453521174846,True,Approximate weighted respondent linearization; PSU/stratum unavailable in supplied file
ISSP,2009,pay_children,What should determine pay: children to support?,ordinal,ZA5400_v4-0-0.sav,ff5bd2c5c8c7ba6e8e7ba11541b464be2d464ddfa95385d74507f226bbbaaa2d,V50,original microdata,Not very / not at all important,survey_coverage,16.202783300198806,0.821681621974074,14.5913470459244,17.814219554473215,2012,2012,2012,2011,2012.0,2012.0,False,Approximate weighted respondent linearization; PSU/stratum unavailable in supplied file
ISSP,2009,pay_children,What should determine pay: children to support?,ordinal,ZA5400_v4-0-0.sav,ff5bd2c5c8c7ba6e8e7ba11541b464be2d464ddfa95385d74507f226bbbaaa2d,V50,original microdata,Not very / not at all important,exclude_Crimea_Donetsk_Luhansk,15.087691328343958,0.9411560452867986,13.24194848616983,16.933434170518083,1596,1596,2012,2011,1451.458840883383,1609.4453521174846,True,Approximate weighted respondent linearization; PSU/stratum unavailable in supplied file
ISSP,2009,pay_children,What should determine pay: children to support?,ordinal,ZA5400_v4-0-0.sav,ff5bd2c5c8c7ba6e8e7ba11541b464be2d464ddfa95385d74507f226bbbaaa2d,V50,original microdata,Important,survey_coverage,31.809145129224653,1.038563441688532,29.772372323864634,33.84591793458467,2012,2012,2012,2011,2012.0,2012.0,False,Approximate weighted respondent linearization; PSU/stratum unavailable in supplied file
ISSP,2009,pay_children,What should determine pay: children to support?,ordinal,ZA5400_v4-0-0.sav,ff5bd2c5c8c7ba6e8e7ba11541b464be2d464ddfa95385d74507f226bbbaaa2d,V50,original microdata,Important,exclude_Crimea_Donetsk_Luhansk,31.66055305087757,1.2281304984249146,29.25201188698082,34.069094214774324,1596,1596,2012,2011,1451.458840883383,1609.4453521174846,True,Approximate weighted respondent linearization; PSU/stratum unavailable in supplied file
ISSP,2009,pay_children,What should determine pay: children to support?,ordinal,ZA5400_v4-0-0.sav,ff5bd2c5c8c7ba6e8e7ba11541b464be2d464ddfa95385d74507f226bbbaaa2d,V50,original microdata,Don't know,survey_coverage,4.174950298210735,0.44602494273503585,3.3002310105782056,5.049669585843264,2012,2012,2012,2011,2012.0,2012.0,False,Approximate weighted respondent linearization; PSU/stratum unavailable in supplied file
ISSP,2009,pay_children,What should determine pay: children to support?,ordinal,ZA5400_v4-0-0.sav,ff5bd2c5c8c7ba6e8e7ba11541b464be2d464ddfa95385d74507f226bbbaaa2d,V50,original microdata,Don't know,exclude_Crimea_Donetsk_Luhansk,4.745881858998164,0.567627876003281,3.632681668234586,5.859082049761742,1596,1596,2012,2011,1451.458840883383,1609.4453521174846,True,Approximate weighted respondent linearization; PSU/stratum unavailable in supplied file
ISSP,2009,pay_children,What should determine pay: children to support?,ordinal,ZA5400_v4-0-0.sav,ff5bd2c5c8c7ba6e8e7ba11541b464be2d464ddfa95385d74507f226bbbaaa2d,V50,original microdata,No answer,survey_coverage,0.14910536779324055,0.08604320601391664,0.0,0.31784851343122567,2012,2012,2012,2011,2012.0,2012.0,False,Approximate weighted respondent linearization; PSU/stratum unavailable in supplied file
ISSP,2009,pay_children,What should determine pay: children to support?,ordinal,ZA5400_v4-0-0.sav,ff5bd2c5c8c7ba6e8e7ba11541b464be2d464ddfa95385d74507f226bbbaaa2d,V50,original microdata,No answer,exclude_Crimea_Donetsk_Luhansk,0.12042745060974347,0.07066894722313437,0.0,0.25901945578709257,1596,1596,2012,2011,1451.458840883383,1609.4453521174846,True,Approximate weighted respondent linearization; PSU/stratum unavailable in supplied file
ISSP,2009,pay_performance,What should determine pay: how well the job is done?,ordinal,ZA5400_v4-0-0.sav,ff5bd2c5c8c7ba6e8e7ba11541b464be2d464ddfa95385d74507f226bbbaaa2d,V51,original microdata,Essential / very important,survey_coverage,82.15705765407554,0.8537871996659978,80.4826577281385,83.83145758001258,2012,2012,2012,2011,2012.0,2012.0,False,Approximate weighted respondent linearization; PSU/stratum unavailable in supplied file
ISSP,2009,pay_performance,What should determine pay: how well the job is done?,ordinal,ZA5400_v4-0-0.sav,ff5bd2c5c8c7ba6e8e7ba11541b464be2d464ddfa95385d74507f226bbbaaa2d,V51,original microdata,Essential / very important,exclude_Crimea_Donetsk_Luhansk,81.34614478871794,1.0241279780057106,79.33768201111523,83.35460756632064,1596,1596,2012,2011,1451.458840883383,1609.4453521174846,True,Approximate weighted respondent linearization; PSU/stratum unavailable in supplied file
ISSP,2009,pay_performance,What should determine pay: how well the job is done?,ordinal,ZA5400_v4-0-0.sav,ff5bd2c5c8c7ba6e8e7ba11541b464be2d464ddfa95385d74507f226bbbaaa2d,V51,original microdata,Not very / not at all important,survey_coverage,1.1928429423459244,0.2420916437485877,0.7180662877870525,1.6676195969047962,2012,2012,2012,2011,2012.0,2012.0,False,Approximate weighted respondent linearization; PSU/stratum unavailable in supplied file
ISSP,2009,pay_performance,What should determine pay: how well the job is done?,ordinal,ZA5400_v4-0-0.sav,ff5bd2c5c8c7ba6e8e7ba11541b464be2d464ddfa95385d74507f226bbbaaa2d,V51,original microdata,Not very / not at all important,exclude_Crimea_Donetsk_Luhansk,1.3319157835225675,0.2879787185374968,0.767147952405797,1.896683614639338,1596,1596,2012,2011,1451.458840883383,1609.4453521174846,True,Approximate weighted respondent linearization; PSU/stratum unavailable in supplied file
ISSP,2009,pay_performance,What should determine pay: how well the job is done?,ordinal,ZA5400_v4-0-0.sav,ff5bd2c5c8c7ba6e8e7ba11541b464be2d464ddfa95385d74507f226bbbaaa2d,V51,original microdata,Important,survey_coverage,15.506958250497018,0.8071750811130678,13.923971416584937,17.0899450844091,2012,2012,2012,2011,2012.0,2012.0,False,Approximate weighted respondent linearization; PSU/stratum unavailable in supplied file
ISSP,2009,pay_performance,What should determine pay: how well the job is done?,ordinal,ZA5400_v4-0-0.sav,ff5bd2c5c8c7ba6e8e7ba11541b464be2d464ddfa95385d74507f226bbbaaa2d,V51,original microdata,Important,exclude_Crimea_Donetsk_Luhansk,15.893229632362926,0.9636304077811151,14.003411321605192,17.78304794312066,1596,1596,2012,2011,1451.458840883383,1609.4453521174846,True,Approximate weighted respondent linearization; PSU/stratum unavailable in supplied file
ISSP,2009,pay_performance,What should determine pay: how well the job is done?,ordinal,ZA5400_v4-0-0.sav,ff5bd2c5c8c7ba6e8e7ba11541b464be2d464ddfa95385d74507f226bbbaaa2d,V51,original microdata,Don't know,survey_coverage,1.0934393638170974,0.23190166508072516,0.6386467281489323,1.5482319994852625,2012,2012,2012,2011,2012.0,2012.0,False,Approximate weighted respondent linearization; PSU/stratum unavailable in supplied file
ISSP,2009,pay_performance,What should determine pay: how well the job is done?,ordinal,ZA5400_v4-0-0.sav,ff5bd2c5c8c7ba6e8e7ba11541b464be2d464ddfa95385d74507f226bbbaaa2d,V51,original microdata,Don't know,exclude_Crimea_Donetsk_Luhansk,1.4287097953965662,0.3145728927909644,0.8117869502226834,2.045632640570449,1596,1596,2012,2011,1451.458840883383,1609.4453521174846,True,Approximate weighted respondent linearization; PSU/stratum unavailable in supplied file
ISSP,2009,pay_performance,What should determine pay: how well the job is done?,ordinal,ZA5400_v4-0-0.sav,ff5bd2c5c8c7ba6e8e7ba11541b464be2d464ddfa95385d74507f226bbbaaa2d,V51,original microdata,No answer,survey_coverage,0.04970178926441352,0.049701789264413515,0.0,0.14717417148779197,2012,2012,2012,2011,2012.0,2012.0,False,Approximate weighted respondent linearization; PSU/stratum unavailable in supplied file
ISSP,2009,pay_performance,What should determine pay: how well the job is done?,ordinal,ZA5400_v4-0-0.sav,ff5bd2c5c8c7ba6e8e7ba11541b464be2d464ddfa95385d74507f226bbbaaa2d,V51,original microdata,No answer,exclude_Crimea_Donetsk_Luhansk,0.0,0.0,0.0,0.0,1596,1596,2012,2011,1451.458840883383,1609.4453521174846,True,Approximate weighted respondent linearization; PSU/stratum unavailable in supplied file
ISSP,2009,pay_effort,What should determine pay: how hard the person works?,ordinal,ZA5400_v4-0-0.sav,ff5bd2c5c8c7ba6e8e7ba11541b464be2d464ddfa95385d74507f226bbbaaa2d,V52,original microdata,Essential / very important,survey_coverage,75.49701789264414,0.9591098139926205,73.61606511876445,77.37797066652382,2012,2012,2012,2011,2012.0,2012.0,False,Approximate weighted respondent linearization; PSU/stratum unavailable in supplied file
ISSP,2009,pay_effort,What should determine pay: how hard the person works?,ordinal,ZA5400_v4-0-0.sav,ff5bd2c5c8c7ba6e8e7ba11541b464be2d464ddfa95385d74507f226bbbaaa2d,V52,original microdata,Essential / very important,exclude_Crimea_Donetsk_Luhansk,74.42698366730176,1.1520880953996022,72.1675726309631,76.68639470364042,1596,1596,2012,2011,1451.458840883383,1609.4453521174846,True,Approximate weighted respondent linearization; PSU/stratum unavailable in supplied file
ISSP,2009,pay_effort,What should determine pay: how hard the person works?,ordinal,ZA5400_v4-0-0.sav,ff5bd2c5c8c7ba6e8e7ba11541b464be2d464ddfa95385d74507f226bbbaaa2d,V52,original microdata,Not very / not at all important,survey_coverage,1.540755467196819,0.27465598871721725,1.0021154321316668,2.0793955022619715,2012,2012,2012,2011,2012.0,2012.0,False,Approximate weighted respondent linearization; PSU/stratum unavailable in supplied file
ISSP,2009,pay_effort,What should determine pay: how hard the person works?,ordinal,ZA5400_v4-0-0.sav,ff5bd2c5c8c7ba6e8e7ba11541b464be2d464ddfa95385d74507f226bbbaaa2d,V52,original microdata,Not very / not at all important,exclude_Crimea_Donetsk_Luhansk,1.6602672569542543,0.3313922546628564,1.0103592156054684,2.31017529830304,1596,1596,2012,2011,1451.458840883383,1609.4453521174846,True,Approximate weighted respondent linearization; PSU/stratum unavailable in supplied file
ISSP,2009,pay_effort,What should determine pay: how hard the person works?,ordinal,ZA5400_v4-0-0.sav,ff5bd2c5c8c7ba6e8e7ba11541b464be2d464ddfa95385d74507f226bbbaaa2d,V52,original microdata,Important,survey_coverage,21.272365805168985,0.91256847418349,19.482687315982144,23.062044294355825,2012,2012,2012,2011,2012.0,2012.0,False,Approximate weighted respondent linearization; PSU/stratum unavailable in supplied file
ISSP,2009,pay_effort,What should determine pay: how hard the person works?,ordinal,ZA5400_v4-0-0.sav,ff5bd2c5c8c7ba6e8e7ba11541b464be2d464ddfa95385d74507f226bbbaaa2d,V52,original microdata,Important,exclude_Crimea_Donetsk_Luhansk,21.748081303009876,1.0892993505516644,19.611808057638562,23.88435454838119,1596,1596,2012,2011,1451.458840883383,1609.4453521174846,True,Approximate weighted respondent linearization; PSU/stratum unavailable in supplied file
ISSP,2009,pay_effort,What should determine pay: how hard the person works?,ordinal,ZA5400_v4-0-0.sav,ff5bd2c5c8c7ba6e8e7ba11541b464be2d464ddfa95385d74507f226bbbaaa2d,V52,original microdata,Don't know,survey_coverage,1.5904572564612327,0.2789803229040079,1.0433365779231845,2.137577934999281,2012,2012,2012,2011,2012.0,2012.0,False,Approximate weighted respondent linearization; PSU/stratum unavailable in supplied file
ISSP,2009,pay_effort,What should determine pay: how hard the person works?,ordinal,ZA5400_v4-0-0.sav,ff5bd2c5c8c7ba6e8e7ba11541b464be2d464ddfa95385d74507f226bbbaaa2d,V52,original microdata,Don't know,exclude_Crimea_Donetsk_Luhansk,2.129679520343232,0.3933177007935377,1.3583267414118336,2.9010322992746302,1596,1596,2012,2011,1451.458840883383,1609.4453521174846,True,Approximate weighted respondent linearization; PSU/stratum unavailable in supplied file
ISSP,2009,pay_effort,What should determine pay: how hard the person works?,ordinal,ZA5400_v4-0-0.sav,ff5bd2c5c8c7ba6e8e7ba11541b464be2d464ddfa95385d74507f226bbbaaa2d,V52,original microdata,No answer,survey_coverage,0.09940357852882704,0.07027146616137026,0.0,0.23721606597548217,2012,2012,2012,2011,2012.0,2012.0,False,Approximate weighted respondent linearization; PSU/stratum unavailable in supplied file
ISSP,2009,pay_effort,What should determine pay: how hard the person works?,ordinal,ZA5400_v4-0-0.sav,ff5bd2c5c8c7ba6e8e7ba11541b464be2d464ddfa95385d74507f226bbbaaa2d,V52,original microdata,No answer,exclude_Crimea_Donetsk_Luhansk,0.03498825239086953,0.03499676148988019,0.0,0.10362195276681244,1596,1596,2012,2011,1451.458840883383,1609.4453521174846,True,Approximate weighted respondent linearization; PSU/stratum unavailable in supplied file
ISSP,2009,conflict_rich_poor,How much conflict is there between rich and poor?,ordinal,ZA5400_v4-0-0.sav,ff5bd2c5c8c7ba6e8e7ba11541b464be2d464ddfa95385d74507f226bbbaaa2d,V40,original microdata,Strong conflicts,survey_coverage,43.63817097415507,1.1059099705566395,41.469321905537655,45.80702004277248,2012,2012,2012,2011,2012.0,2012.0,False,Approximate weighted respondent linearization; PSU/stratum unavailable in supplied file
ISSP,2009,conflict_rich_poor,How much conflict is there between rich and poor?,ordinal,ZA5400_v4-0-0.sav,ff5bd2c5c8c7ba6e8e7ba11541b464be2d464ddfa95385d74507f226bbbaaa2d,V40,original microdata,Strong conflicts,exclude_Crimea_Donetsk_Luhansk,40.510914532314445,1.2864115282181003,37.98807585727274,43.03375320735615,1596,1596,2012,2011,1451.458840883383,1609.4453521174846,True,Approximate weighted respondent linearization; PSU/stratum unavailable in supplied file
ISSP,2009,conflict_rich_poor,How much conflict is there between rich and poor?,ordinal,ZA5400_v4-0-0.sav,ff5bd2c5c8c7ba6e8e7ba11541b464be2d464ddfa95385d74507f226bbbaaa2d,V40,original microdata,Weak / no conflicts,survey_coverage,44.38369781312127,1.1079158130940543,42.21091499778407,46.55648062845847,2012,2012,2012,2011,2012.0,2012.0,False,Approximate weighted respondent linearization; PSU/stratum unavailable in supplied file
ISSP,2009,conflict_rich_poor,How much conflict is there between rich and poor?,ordinal,ZA5400_v4-0-0.sav,ff5bd2c5c8c7ba6e8e7ba11541b464be2d464ddfa95385d74507f226bbbaaa2d,V40,original microdata,Weak / no conflicts,exclude_Crimea_Donetsk_Luhansk,46.722959055253746,1.3114301358709706,44.15105527966075,49.29486283084674,1596,1596,2012,2011,1451.458840883383,1609.4453521174846,True,Approximate weighted respondent linearization; PSU/stratum unavailable in supplied file
ISSP,2009,conflict_rich_poor,How much conflict is there between rich and poor?,ordinal,ZA5400_v4-0-0.sav,ff5bd2c5c8c7ba6e8e7ba11541b464be2d464ddfa95385d74507f226bbbaaa2d,V40,original microdata,Don't know,survey_coverage,11.232604373757455,0.7041431117388314,9.851678102426842,12.613530645088069,2012,2012,2012,2011,2012.0,2012.0,False,Approximate weighted respondent linearization; PSU/stratum unavailable in supplied file
ISSP,2009,conflict_rich_poor,How much conflict is there between rich and poor?,ordinal,ZA5400_v4-0-0.sav,ff5bd2c5c8c7ba6e8e7ba11541b464be2d464ddfa95385d74507f226bbbaaa2d,V40,original microdata,Don't know,exclude_Crimea_Donetsk_Luhansk,11.90435962995907,0.8369544610909283,10.262971133842534,13.545748126075605,1596,1596,2012,2011,1451.458840883383,1609.4453521174846,True,Approximate weighted respondent linearization; PSU/stratum unavailable in supplied file
ISSP,2009,conflict_rich_poor,How much conflict is there between rich and poor?,ordinal,ZA5400_v4-0-0.sav,ff5bd2c5c8c7ba6e8e7ba11541b464be2d464ddfa95385d74507f226bbbaaa2d,V40,original microdata,No answer,survey_coverage,0.7455268389662028,0.1918229873940825,0.36933427481049574,1.1217194031219098,2012,2012,2012,2011,2012.0,2012.0,False,Approximate weighted respondent linearization; PSU/stratum unavailable in supplied file
ISSP,2009,conflict_rich_poor,How much conflict is there between rich and poor?,ordinal,ZA5400_v4-0-0.sav,ff5bd2c5c8c7ba6e8e7ba11541b464be2d464ddfa95385d74507f226bbbaaa2d,V40,original microdata,No answer,exclude_Crimea_Donetsk_Luhansk,0.8617667824727399,0.24653930622150266,0.3782676198718698,1.34526594507361,1596,1596,2012,2011,1451.458840883383,1609.4453521174846,True,Approximate weighted respondent linearization; PSU/stratum unavailable in supplied file
ISSP,2009,conflict_class,How much conflict is there between working and middle classes?,ordinal,ZA5400_v4-0-0.sav,ff5bd2c5c8c7ba6e8e7ba11541b464be2d464ddfa95385d74507f226bbbaaa2d,V41,original microdata,Strong conflicts,survey_coverage,12.524850894632207,0.7381125550845021,11.077305642079617,13.972396147184797,2012,2012,2012,2011,2012.0,2012.0,False,Approximate weighted respondent linearization; PSU/stratum unavailable in supplied file
ISSP,2009,conflict_class,How much conflict is there between working and middle classes?,ordinal,ZA5400_v4-0-0.sav,ff5bd2c5c8c7ba6e8e7ba11541b464be2d464ddfa95385d74507f226bbbaaa2d,V41,original microdata,Strong conflicts,exclude_Crimea_Donetsk_Luhansk,12.502733978593305,0.8702573344729353,10.796033741159803,14.209434216026807,1596,1596,2012,2011,1451.458840883383,1609.4453521174846,True,Approximate weighted respondent linearization; PSU/stratum unavailable in supplied file
ISSP,2009,conflict_class,How much conflict is there between working and middle classes?,ordinal,ZA5400_v4-0-0.sav,ff5bd2c5c8c7ba6e8e7ba11541b464be2d464ddfa95385d74507f226bbbaaa2d,V41,original microdata,Weak / no conflicts,survey_coverage,75.3479125248509,0.9610731121606738,73.46310943990018,77.23271560980162,2012,2012,2012,2011,2012.0,2012.0,False,Approximate weighted respondent linearization; PSU/stratum unavailable in supplied file
ISSP,2009,conflict_class,How much conflict is there between working and middle classes?,ordinal,ZA5400_v4-0-0.sav,ff5bd2c5c8c7ba6e8e7ba11541b464be2d464ddfa95385d74507f226bbbaaa2d,V41,original microdata,Weak / no conflicts,exclude_Crimea_Donetsk_Luhansk,74.7157937980404,1.1346979846794116,72.49048727874452,76.94110031733626,1596,1596,2012,2011,1451.458840883383,1609.4453521174846,True,Approximate weighted respondent linearization; PSU/stratum unavailable in supplied file
ISSP,2009,conflict_class,How much conflict is there between working and middle classes?,ordinal,ZA5400_v4-0-0.sav,ff5bd2c5c8c7ba6e8e7ba11541b464be2d464ddfa95385d74507f226bbbaaa2d,V41,original microdata,Don't know,survey_coverage,11.232604373757455,0.7041431117388313,9.851678102426842,12.613530645088069,2012,2012,2012,2011,2012.0,2012.0,False,Approximate weighted respondent linearization; PSU/stratum unavailable in supplied file
ISSP,2009,conflict_class,How much conflict is there between working and middle classes?,ordinal,ZA5400_v4-0-0.sav,ff5bd2c5c8c7ba6e8e7ba11541b464be2d464ddfa95385d74507f226bbbaaa2d,V41,original microdata,Don't know,exclude_Crimea_Donetsk_Luhansk,11.789545842477724,0.8303293642977295,10.161150117375087,13.41794156758036,1596,1596,2012,2011,1451.458840883383,1609.4453521174846,True,Approximate weighted respondent linearization; PSU/stratum unavailable in supplied file
ISSP,2009,conflict_class,How much conflict is there between working and middle classes?,ordinal,ZA5400_v4-0-0.sav,ff5bd2c5c8c7ba6e8e7ba11541b464be2d464ddfa95385d74507f226bbbaaa2d,V41,original microdata,No answer,survey_coverage,0.8946322067594433,0.20997365974677754,0.48284355442749155,1.306420859091395,2012,2012,2012,2011,2012.0,2012.0,False,Approximate weighted respondent linearization; PSU/stratum unavailable in supplied file
ISSP,2009,conflict_class,How much conflict is there between working and middle classes?,ordinal,ZA5400_v4-0-0.sav,ff5bd2c5c8c7ba6e8e7ba11541b464be2d464ddfa95385d74507f226bbbaaa2d,V41,original microdata,No answer,exclude_Crimea_Donetsk_Luhansk,0.9919263808885699,0.26365671430139326,0.4748575104818026,1.508995251295337,1596,1596,2012,2011,1451.458840883383,1609.4453521174846,True,Approximate weighted respondent linearization; PSU/stratum unavailable in supplied file
ISSP,2009,conflict_management,How much conflict is there between management and workers?,ordinal,ZA5400_v4-0-0.sav,ff5bd2c5c8c7ba6e8e7ba11541b464be2d464ddfa95385d74507f226bbbaaa2d,V42,original microdata,Strong conflicts,survey_coverage,30.218687872763418,1.0240032425428938,28.210469719406408,32.22690602612043,2012,2012,2012,2011,2012.0,2012.0,False,Approximate weighted respondent linearization; PSU/stratum unavailable in supplied file
ISSP,2009,conflict_management,How much conflict is there between management and workers?,ordinal,ZA5400_v4-0-0.sav,ff5bd2c5c8c7ba6e8e7ba11541b464be2d464ddfa95385d74507f226bbbaaa2d,V42,original microdata,Strong conflicts,exclude_Crimea_Donetsk_Luhansk,29.223131964775384,1.1998810811220508,26.869991985457393,31.576271944093374,1596,1596,2012,2011,1451.458840883383,1609.4453521174846,True,Approximate weighted respondent linearization; PSU/stratum unavailable in supplied file
ISSP,2009,conflict_management,How much conflict is there between management and workers?,ordinal,ZA5400_v4-0-0.sav,ff5bd2c5c8c7ba6e8e7ba11541b464be2d464ddfa95385d74507f226bbbaaa2d,V42,original microdata,Weak / no conflicts,survey_coverage,55.31809145129225,1.10864733241265,53.14387402099085,57.492308881593644,2012,2012,2012,2011,2012.0,2012.0,False,Approximate weighted respondent linearization; PSU/stratum unavailable in supplied file
ISSP,2009,conflict_management,How much conflict is there between management and workers?,ordinal,ZA5400_v4-0-0.sav,ff5bd2c5c8c7ba6e8e7ba11541b464be2d464ddfa95385d74507f226bbbaaa2d,V42,original microdata,Weak / no conflicts,exclude_Crimea_Donetsk_Luhansk,54.720161765684885,1.3062038739432804,52.158507444040225,57.281816087329545,1596,1596,2012,2011,1451.458840883383,1609.4453521174846,True,Approximate weighted respondent linearization; PSU/stratum unavailable in supplied file
ISSP,2009,conflict_management,How much conflict is there between management and workers?,ordinal,ZA5400_v4-0-0.sav,ff5bd2c5c8c7ba6e8e7ba11541b464be2d464ddfa95385d74507f226bbbaaa2d,V42,original microdata,Don't know,survey_coverage,13.518886679920477,0.7624740446634484,12.023565030201638,15.014208329639317,2012,2012,2012,2011,2012.0,2012.0,False,Approximate weighted respondent linearization; PSU/stratum unavailable in supplied file
ISSP,2009,conflict_management,How much conflict is there between management and workers?,ordinal,ZA5400_v4-0-0.sav,ff5bd2c5c8c7ba6e8e7ba11541b464be2d464ddfa95385d74507f226bbbaaa2d,V42,original microdata,Don't know,exclude_Crimea_Donetsk_Luhansk,15.06477988865116,0.9188511352465468,13.26278019434109,16.86677958296123,1596,1596,2012,2011,1451.458840883383,1609.4453521174846,True,Approximate weighted respondent linearization; PSU/stratum unavailable in supplied file
ISSP,2009,conflict_management,How much conflict is there between management and workers?,ordinal,ZA5400_v4-0-0.sav,ff5bd2c5c8c7ba6e8e7ba11541b464be2d464ddfa95385d74507f226bbbaaa2d,V42,original microdata,No answer,survey_coverage,0.9443339960238568,0.21567332714302995,0.521367473292953,1.3673005187547607,2012,2012,2012,2011,2012.0,2012.0,False,Approximate weighted respondent linearization; PSU/stratum unavailable in supplied file
ISSP,2009,conflict_management,How much conflict is there between management and workers?,ordinal,ZA5400_v4-0-0.sav,ff5bd2c5c8c7ba6e8e7ba11541b464be2d464ddfa95385d74507f226bbbaaa2d,V42,original microdata,No answer,exclude_Crimea_Donetsk_Luhansk,0.9919263808885699,0.26365671430139326,0.4748575104818026,1.508995251295337,1596,1596,2012,2011,1451.458840883383,1609.4453521174846,True,Approximate weighted respondent linearization; PSU/stratum unavailable in supplied file
ISSP,2009,conflict_top_bottom,How much conflict is there between top and bottom of society?,ordinal,ZA5400_v4-0-0.sav,ff5bd2c5c8c7ba6e8e7ba11541b464be2d464ddfa95385d74507f226bbbaaa2d,V43,original microdata,Strong conflicts,survey_coverage,48.70775347912525,1.1145995793298642,46.52186283352941,50.89364412472109,2012,2012,2012,2011,2012.0,2012.0,False,Approximate weighted respondent linearization; PSU/stratum unavailable in supplied file
ISSP,2009,conflict_top_bottom,How much conflict is there between top and bottom of society?,ordinal,ZA5400_v4-0-0.sav,ff5bd2c5c8c7ba6e8e7ba11541b464be2d464ddfa95385d74507f226bbbaaa2d,V43,original microdata,Strong conflicts,exclude_Crimea_Donetsk_Luhansk,47.9370341724948,1.3117283274579035,45.36454560016174,50.509522744827855,1596,1596,2012,2011,1451.458840883383,1609.4453521174846,True,Approximate weighted respondent linearization; PSU/stratum unavailable in supplied file
ISSP,2009,conflict_top_bottom,How much conflict is there between top and bottom of society?,ordinal,ZA5400_v4-0-0.sav,ff5bd2c5c8c7ba6e8e7ba11541b464be2d464ddfa95385d74507f226bbbaaa2d,V43,original microdata,Weak / no conflicts,survey_coverage,37.1272365805169,1.0773865560335523,35.014326044573224,39.24014711646058,2012,2012,2012,2011,2012.0,2012.0,False,Approximate weighted respondent linearization; PSU/stratum unavailable in supplied file
ISSP,2009,conflict_top_bottom,How much conflict is there between top and bottom of society?,ordinal,ZA5400_v4-0-0.sav,ff5bd2c5c8c7ba6e8e7ba11541b464be2d464ddfa95385d74507f226bbbaaa2d,V43,original microdata,Weak / no conflicts,exclude_Crimea_Donetsk_Luhansk,37.154212616313664,1.27124895814769,34.661109929598844,39.647315303028485,1596,1596,2012,2011,1451.458840883383,1609.4453521174846,True,Approximate weighted respondent linearization; PSU/stratum unavailable in supplied file
ISSP,2009,conflict_top_bottom,How much conflict is there between top and bottom of society?,ordinal,ZA5400_v4-0-0.sav,ff5bd2c5c8c7ba6e8e7ba11541b464be2d464ddfa95385d74507f226bbbaaa2d,V43,original microdata,Don't know,survey_coverage,13.071570576540756,0.7516899906391898,11.59739801322961,14.545743139851902,2012,2012,2012,2011,2012.0,2012.0,False,Approximate weighted respondent linearization; PSU/stratum unavailable in supplied file
ISSP,2009,conflict_top_bottom,How much conflict is there between top and bottom of society?,ordinal,ZA5400_v4-0-0.sav,ff5bd2c5c8c7ba6e8e7ba11541b464be2d464ddfa95385d74507f226bbbaaa2d,V43,original microdata,Don't know,exclude_Crimea_Donetsk_Luhansk,13.635426179497523,0.8860866351478939,11.897682398792169,15.373169960202878,1596,1596,2012,2011,1451.458840883383,1609.4453521174846,True,Approximate weighted respondent linearization; PSU/stratum unavailable in supplied file
ISSP,2009,conflict_top_bottom,How much conflict is there between top and bottom of society?,ordinal,ZA5400_v4-0-0.sav,ff5bd2c5c8c7ba6e8e7ba11541b464be2d464ddfa95385d74507f226bbbaaa2d,V43,original microdata,No answer,survey_coverage,1.0934393638170974,0.2319016650807252,0.6386467281489322,1.5482319994852625,2012,2012,2012,2011,2012.0,2012.0,False,Approximate weighted respondent linearization; PSU/stratum unavailable in supplied file
ISSP,2009,conflict_top_bottom,How much conflict is there between top and bottom of society?,ordinal,ZA5400_v4-0-0.sav,ff5bd2c5c8c7ba6e8e7ba11541b464be2d464ddfa95385d74507f226bbbaaa2d,V43,original microdata,No answer,exclude_Crimea_Donetsk_Luhansk,1.2733270316940217,0.30040502810430963,0.6841894140233166,1.862464649364727,1596,1596,2012,2011,1451.458840883383,1609.4453521174846,True,Approximate weighted respondent linearization; PSU/stratum unavailable in supplied file
ISSP,2009,earn_actual_doctor,How much does a doctor earn per month after taxes?,numeric,ZA5400_v4-0-0.sav,ff5bd2c5c8c7ba6e8e7ba11541b464be2d464ddfa95385d74507f226bbbaaa2d,V22,original microdata,Mean,survey_coverage,1446.9902182091798,16.68929213032613,1414.2601075704968,1479.720328847863,1329,2012,2012,2011,1329.0,1329.0,False,Approximate weighted respondent linearization; PSU/stratum unavailable in supplied file
ISSP,2009,earn_actual_doctor,How much does a doctor earn per month after taxes?,numeric,ZA5400_v4-0-0.sav,ff5bd2c5c8c7ba6e8e7ba11541b464be2d464ddfa95385d74507f226bbbaaa2d,V22,original microdata,Mean,exclude_Crimea_Donetsk_Luhansk,1466.714314036885,19.851311243710374,1427.7830275415795,1505.6456005321907,1024,1596,2012,2011,931.6230187075317,1040.9168356273176,True,Approximate weighted respondent linearization; PSU/stratum unavailable in supplied file
ISSP,2009,earn_ideal_doctor,How much should a doctor earn per month after taxes?,numeric,ZA5400_v4-0-0.sav,ff5bd2c5c8c7ba6e8e7ba11541b464be2d464ddfa95385d74507f226bbbaaa2d,V27,original microdata,Mean,survey_coverage,4266.9218551461245,102.80556861707572,4065.305297125945,4468.538413166304,1574,2012,2012,2011,1574.0,1574.0,False,Approximate weighted respondent linearization; PSU/stratum unavailable in supplied file
ISSP,2009,earn_ideal_doctor,How much should a doctor earn per month after taxes?,numeric,ZA5400_v4-0-0.sav,ff5bd2c5c8c7ba6e8e7ba11541b464be2d464ddfa95385d74507f226bbbaaa2d,V27,original microdata,Mean,exclude_Crimea_Donetsk_Luhansk,4433.046571439307,124.56276268567387,4188.761015627511,4677.332127251102,1233,1596,2012,2011,1120.740574365484,1254.9940585065838,True,Approximate weighted respondent linearization; PSU/stratum unavailable in supplied file
ISSP,2009,earn_actual_chairman,How much does a corporate chairman earn per month after taxes?,numeric,ZA5400_v4-0-0.sav,ff5bd2c5c8c7ba6e8e7ba11541b464be2d464ddfa95385d74507f226bbbaaa2d,V23,original microdata,Mean,survey_coverage,31320.839303991812,4433.158544322157,22626.775559321024,40014.9030486626,977,2012,2012,2011,977.0,977.0,False,Approximate weighted respondent linearization; PSU/stratum unavailable in supplied file
ISSP,2009,earn_actual_chairman,How much does a corporate chairman earn per month after taxes?,numeric,ZA5400_v4-0-0.sav,ff5bd2c5c8c7ba6e8e7ba11541b464be2d464ddfa95385d74507f226bbbaaa2d,V23,original microdata,Mean,exclude_Crimea_Donetsk_Luhansk,30230.043440572914,3730.611573146687,22913.77570521649,37546.31117592934,750,1596,2012,2011,685.9541285478002,778.7968698466357,True,Approximate weighted respondent linearization; PSU/stratum unavailable in supplied file
ISSP,2009,earn_ideal_chairman,How much should a corporate chairman earn per month after taxes?,numeric,ZA5400_v4-0-0.sav,ff5bd2c5c8c7ba6e8e7ba11541b464be2d464ddfa95385d74507f226bbbaaa2d,V28,original microdata,Mean,survey_coverage,14213.349016253207,1123.8041122770555,12009.406953054604,16417.29107945181,1169,2012,2012,2011,1169.0,1169.0,False,Approximate weighted respondent linearization; PSU/stratum unavailable in supplied file
ISSP,2009,earn_ideal_chairman,How much should a corporate chairman earn per month after taxes?,numeric,ZA5400_v4-0-0.sav,ff5bd2c5c8c7ba6e8e7ba11541b464be2d464ddfa95385d74507f226bbbaaa2d,V28,original microdata,Mean,exclude_Crimea_Donetsk_Luhansk,15519.77322607864,1704.4215872240454,12177.156493794688,18862.38995836259,904,1596,2012,2011,822.5369331954372,930.3923442559728,True,Approximate weighted respondent linearization; PSU/stratum unavailable in supplied file
ISSP,2009,earn_actual_shop,How much does a shop assistant earn per month after taxes?,numeric,ZA5400_v4-0-0.sav,ff5bd2c5c8c7ba6e8e7ba11541b464be2d464ddfa95385d74507f226bbbaaa2d,V24,original microdata,Mean,survey_coverage,1264.338085539715,28.243349802743964,1208.9488002044131,1319.7273708750167,1473,2012,2012,2011,1473.0,1473.0,False,Approximate weighted respondent linearization; PSU/stratum unavailable in supplied file
ISSP,2009,earn_actual_shop,How much does a shop assistant earn per month after taxes?,numeric,ZA5400_v4-0-0.sav,ff5bd2c5c8c7ba6e8e7ba11541b464be2d464ddfa95385d74507f226bbbaaa2d,V24,original microdata,Mean,exclude_Crimea_Donetsk_Luhansk,1300.775190290655,34.63939392228451,1232.8423392937477,1368.7080412875623,1142,1596,2012,2011,1037.3423103799864,1156.8395890968,True,Approximate weighted respondent linearization; PSU/stratum unavailable in supplied file
ISSP,2009,earn_ideal_shop,How much should a shop assistant earn per month after taxes?,numeric,ZA5400_v4-0-0.sav,ff5bd2c5c8c7ba6e8e7ba11541b464be2d464ddfa95385d74507f226bbbaaa2d,V29,original microdata,Mean,survey_coverage,2526.713135068154,48.1787263044158,2432.227699133517,2621.1985710027907,1614,2012,2012,2011,1614.0,1614.0,False,Approximate weighted respondent linearization; PSU/stratum unavailable in supplied file
ISSP,2009,earn_ideal_shop,How much should a shop assistant earn per month after taxes?,numeric,ZA5400_v4-0-0.sav,ff5bd2c5c8c7ba6e8e7ba11541b464be2d464ddfa95385d74507f226bbbaaa2d,V29,original microdata,Mean,exclude_Crimea_Donetsk_Luhansk,2612.6059614087185,66.30880453917716,2482.564825335461,2742.647097481976,1261,1596,2012,2011,1146.468346597893,1276.1498251076637,True,Approximate weighted respondent linearization; PSU/stratum unavailable in supplied file
ISSP,2009,earn_actual_worker,How much does an unskilled factory worker earn per month after taxes?,numeric,ZA5400_v4-0-0.sav,ff5bd2c5c8c7ba6e8e7ba11541b464be2d464ddfa95385d74507f226bbbaaa2d,V25,original microdata,Mean,survey_coverage,1225.5388383484953,27.170654362191183,1172.2532635946093,1278.8244131023814,1429,2012,2012,2011,1429.0,1429.0,False,Approximate weighted respondent linearization; PSU/stratum unavailable in supplied file
ISSP,2009,earn_actual_worker,How much does an unskilled factory worker earn per month after taxes?,numeric,ZA5400_v4-0-0.sav,ff5bd2c5c8c7ba6e8e7ba11541b464be2d464ddfa95385d74507f226bbbaaa2d,V25,original microdata,Mean,exclude_Crimea_Donetsk_Luhansk,1247.3925329965239,32.86336060186947,1182.9427396764336,1311.8423263166142,1113,1596,2012,2011,1012.5958564197025,1137.3679002113781,True,Approximate weighted respondent linearization; PSU/stratum unavailable in supplied file
ISSP,2009,earn_ideal_worker,How much should an unskilled factory worker earn per month after taxes?,numeric,ZA5400_v4-0-0.sav,ff5bd2c5c8c7ba6e8e7ba11541b464be2d464ddfa95385d74507f226bbbaaa2d,V30,original microdata,Mean,survey_coverage,2888.462492250465,76.97585272686452,2737.501735102521,3039.423249398409,1613,2012,2012,2011,1613.0,1613.0,False,Approximate weighted respondent linearization; PSU/stratum unavailable in supplied file
ISSP,2009,earn_ideal_worker,How much should an unskilled factory worker earn per month after taxes?,numeric,ZA5400_v4-0-0.sav,ff5bd2c5c8c7ba6e8e7ba11541b464be2d464ddfa95385d74507f226bbbaaa2d,V30,original microdata,Mean,exclude_Crimea_Donetsk_Luhansk,3006.446434025403,103.75690323052659,2802.9641715218036,3209.9286965290025,1259,1596,2012,2011,1145.0192478973909,1275.0683919940304,True,Approximate weighted respondent linearization; PSU/stratum unavailable in supplied file
ISSP,2009,earn_actual_minister,How much does a cabinet minister earn per month after taxes?,numeric,ZA5400_v4-0-0.sav,ff5bd2c5c8c7ba6e8e7ba11541b464be2d464ddfa95385d74507f226bbbaaa2d,V26,original microdata,Mean,survey_coverage,41306.011372867586,8419.308748129075,24794.53175613965,57817.49098959552,1231,2012,2012,2011,1231.0,1231.0,False,Approximate weighted respondent linearization; PSU/stratum unavailable in supplied file
ISSP,2009,earn_actual_minister,How much does a cabinet minister earn per month after taxes?,numeric,ZA5400_v4-0-0.sav,ff5bd2c5c8c7ba6e8e7ba11541b464be2d464ddfa95385d74507f226bbbaaa2d,V26,original microdata,Mean,exclude_Crimea_Donetsk_Luhansk,42162.98694147115,8885.720766003793,24736.806040288397,59589.1678426539,972,1596,2012,2011,883.9805073797122,996.8992974794257,True,Approximate weighted respondent linearization; PSU/stratum unavailable in supplied file
ISSP,2009,earn_ideal_minister,How much should a cabinet minister earn per month after taxes?,numeric,ZA5400_v4-0-0.sav,ff5bd2c5c8c7ba6e8e7ba11541b464be2d464ddfa95385d74507f226bbbaaa2d,V31,original microdata,Mean,survey_coverage,8891.938005390835,276.74998934463474,8349.191332867507,9434.684677914163,1484,2012,2012,2011,1484.0,1484.0,False,Approximate weighted respondent linearization; PSU/stratum unavailable in supplied file
ISSP,2009,earn_ideal_minister,How much should a cabinet minister earn per month after taxes?,numeric,ZA5400_v4-0-0.sav,ff5bd2c5c8c7ba6e8e7ba11541b464be2d464ddfa95385d74507f226bbbaaa2d,V31,original microdata,Mean,exclude_Crimea_Donetsk_Luhansk,9052.372436466963,383.1718606576176,8300.917114394604,9803.827758539323,1168,1596,2012,2011,1061.326389139977,1186.9861113980878,True,Approximate weighted respondent linearization; PSU/stratum unavailable in supplied file
ISSP,2019,income_gap,Income differences are too large?,ordinal,ZA7810_v1-0-0.sav,694abfea6f4a06ec211c0e24428d0bce0acc0f3eff4453f98f44c99641d2bb43,v21,original microdata,Agree,survey_coverage,93.15342328835582,0.5647043733211163,92.04595284011515,94.2608937365965,2001,2001,2001,2000,2001.0,2001.0,False,Approximate weighted respondent linearization; PSU/stratum unavailable in supplied file
ISSP,2019,income_gap,Income differences are too large?,ordinal,ZA7810_v1-0-0.sav,694abfea6f4a06ec211c0e24428d0bce0acc0f3eff4453f98f44c99641d2bb43,v21,original microdata,Agree,exclude_Crimea_Donetsk_Luhansk,93.85007910318683,0.598158361472699,92.67700033844636,95.0231578679273,1874,1874,2001,2000,1585.2963237024187,1788.966688737204,True,Approximate weighted respondent linearization; PSU/stratum unavailable in supplied file
ISSP,2019,income_gap,Income differences are too large?,ordinal,ZA7810_v1-0-0.sav,694abfea6f4a06ec211c0e24428d0bce0acc0f3eff4453f98f44c99641d2bb43,v21,original microdata,Disagree,survey_coverage,2.848575712143928,0.371983324644114,2.1190603077229087,3.5780911165649476,2001,2001,2001,2000,2001.0,2001.0,False,Approximate weighted respondent linearization; PSU/stratum unavailable in supplied file
ISSP,2019,income_gap,Income differences are too large?,ordinal,ZA7810_v1-0-0.sav,694abfea6f4a06ec211c0e24428d0bce0acc0f3eff4453f98f44c99641d2bb43,v21,original microdata,Disagree,exclude_Crimea_Donetsk_Luhansk,2.8220395560723404,0.4076264669916796,2.0226225735916126,3.621456538553068,1874,1874,2001,2000,1585.2963237024187,1788.966688737204,True,Approximate weighted respondent linearization; PSU/stratum unavailable in supplied file
ISSP,2019,income_gap,Income differences are too large?,ordinal,ZA7810_v1-0-0.sav,694abfea6f4a06ec211c0e24428d0bce0acc0f3eff4453f98f44c99641d2bb43,v21,original microdata,Neither agree nor disagree,survey_coverage,2.448775612193903,0.345601692140327,1.7709985681515374,3.1265526562362687,2001,2001,2001,2000,2001.0,2001.0,False,Approximate weighted respondent linearization; PSU/stratum unavailable in supplied file
ISSP,2019,income_gap,Income differences are too large?,ordinal,ZA7810_v1-0-0.sav,694abfea6f4a06ec211c0e24428d0bce0acc0f3eff4453f98f44c99641d2bb43,v21,original microdata,Neither agree nor disagree,exclude_Crimea_Donetsk_Luhansk,2.2054363264061254,0.3858683059309104,1.44869037946413,2.962182273348121,1874,1874,2001,2000,1585.2963237024187,1788.966688737204,True,Approximate weighted respondent linearization; PSU/stratum unavailable in supplied file
ISSP,2019,income_gap,Income differences are too large?,ordinal,ZA7810_v1-0-0.sav,694abfea6f4a06ec211c0e24428d0bce0acc0f3eff4453f98f44c99641d2bb43,v21,original microdata,Don't know,survey_coverage,1.5492253873063468,0.276154340387726,1.0076450745240129,2.090805700088681,2001,2001,2001,2000,2001.0,2001.0,False,Approximate weighted respondent linearization; PSU/stratum unavailable in supplied file
ISSP,2019,income_gap,Income differences are too large?,ordinal,ZA7810_v1-0-0.sav,694abfea6f4a06ec211c0e24428d0bce0acc0f3eff4453f98f44c99641d2bb43,v21,original microdata,Don't know,exclude_Crimea_Donetsk_Luhansk,1.1224450143347107,0.23861426897879998,0.6544864436078237,1.5904035850615976,1874,1874,2001,2000,1585.2963237024187,1788.966688737204,True,Approximate weighted respondent linearization; PSU/stratum unavailable in supplied file
ISSP,2019,income_gap,Income differences are too large?,ordinal,ZA7810_v1-0-0.sav,694abfea6f4a06ec211c0e24428d0bce0acc0f3eff4453f98f44c99641d2bb43,v21,original microdata,No answer,survey_coverage,0.0,0.0,0.0,0.0,2001,2001,2001,2000,2001.0,2001.0,False,Approximate weighted respondent linearization; PSU/stratum unavailable in supplied file
ISSP,2019,income_gap,Income differences are too large?,ordinal,ZA7810_v1-0-0.sav,694abfea6f4a06ec211c0e24428d0bce0acc0f3eff4453f98f44c99641d2bb43,v21,original microdata,No answer,exclude_Crimea_Donetsk_Luhansk,0.0,0.0,0.0,0.0,1874,1874,2001,2000,1585.2963237024187,1788.966688737204,True,Approximate weighted respondent linearization; PSU/stratum unavailable in supplied file
ISSP,2019,redistribution,Government should reduce income differences?,ordinal,ZA7810_v1-0-0.sav,694abfea6f4a06ec211c0e24428d0bce0acc0f3eff4453f98f44c99641d2bb43,v22,original microdata,Agree,survey_coverage,86.25687156421789,0.7698828691352367,84.74701513941352,87.76672798902226,2001,2001,2001,2000,2001.0,2001.0,False,Approximate weighted respondent linearization; PSU/stratum unavailable in supplied file
ISSP,2019,redistribution,Government should reduce income differences?,ordinal,ZA7810_v1-0-0.sav,694abfea6f4a06ec211c0e24428d0bce0acc0f3eff4453f98f44c99641d2bb43,v22,original microdata,Agree,exclude_Crimea_Donetsk_Luhansk,86.10234153866747,0.8926993114920166,84.3516235464765,87.85305953085845,1874,1874,2001,2000,1585.2963237024187,1788.966688737204,True,Approximate weighted respondent linearization; PSU/stratum unavailable in supplied file
ISSP,2019,redistribution,Government should reduce income differences?,ordinal,ZA7810_v1-0-0.sav,694abfea6f4a06ec211c0e24428d0bce0acc0f3eff4453f98f44c99641d2bb43,v22,original microdata,Disagree,survey_coverage,6.746626686656672,0.5608679421292322,5.646680058617237,7.846573314696107,2001,2001,2001,2000,2001.0,2001.0,False,Approximate weighted respondent linearization; PSU/stratum unavailable in supplied file
ISSP,2019,redistribution,Government should reduce income differences?,ordinal,ZA7810_v1-0-0.sav,694abfea6f4a06ec211c0e24428d0bce0acc0f3eff4453f98f44c99641d2bb43,v22,original microdata,Disagree,exclude_Crimea_Donetsk_Luhansk,7.215192737244376,0.6674573459306071,5.906208211886428,8.524177262602324,1874,1874,2001,2000,1585.2963237024187,1788.966688737204,True,Approximate weighted respondent linearization; PSU/stratum unavailable in supplied file
ISSP,2019,redistribution,Government should reduce income differences?,ordinal,ZA7810_v1-0-0.sav,694abfea6f4a06ec211c0e24428d0bce0acc0f3eff4453f98f44c99641d2bb43,v22,original microdata,Neither agree nor disagree,survey_coverage,4.297851074462769,0.4534939820923847,3.4084809768511652,5.187221172074373,2001,2001,2001,2000,2001.0,2001.0,False,Approximate weighted respondent linearization; PSU/stratum unavailable in supplied file
ISSP,2019,redistribution,Government should reduce income differences?,ordinal,ZA7810_v1-0-0.sav,694abfea6f4a06ec211c0e24428d0bce0acc0f3eff4453f98f44c99641d2bb43,v22,original microdata,Neither agree nor disagree,exclude_Crimea_Donetsk_Luhansk,4.042123910557357,0.5297509632285482,3.0032023713947167,5.081045449719997,1874,1874,2001,2000,1585.2963237024187,1788.966688737204,True,Approximate weighted respondent linearization; PSU/stratum unavailable in supplied file
ISSP,2019,redistribution,Government should reduce income differences?,ordinal,ZA7810_v1-0-0.sav,694abfea6f4a06ec211c0e24428d0bce0acc0f3eff4453f98f44c99641d2bb43,v22,original microdata,Don't know,survey_coverage,2.6986506746626686,0.3623412424789715,1.9880448476451371,3.4092565016802,2001,2001,2001,2000,2001.0,2001.0,False,Approximate weighted respondent linearization; PSU/stratum unavailable in supplied file
ISSP,2019,redistribution,Government should reduce income differences?,ordinal,ZA7810_v1-0-0.sav,694abfea6f4a06ec211c0e24428d0bce0acc0f3eff4453f98f44c99641d2bb43,v22,original microdata,Don't know,exclude_Crimea_Donetsk_Luhansk,2.6403418135307897,0.39314140725090396,1.869332217926784,3.411351409134795,1874,1874,2001,2000,1585.2963237024187,1788.966688737204,True,Approximate weighted respondent linearization; PSU/stratum unavailable in supplied file
ISSP,2019,redistribution,Government should reduce income differences?,ordinal,ZA7810_v1-0-0.sav,694abfea6f4a06ec211c0e24428d0bce0acc0f3eff4453f98f44c99641d2bb43,v22,original microdata,No answer,survey_coverage,0.0,0.0,0.0,0.0,2001,2001,2001,2000,2001.0,2001.0,False,Approximate weighted respondent linearization; PSU/stratum unavailable in supplied file
ISSP,2019,redistribution,Government should reduce income differences?,ordinal,ZA7810_v1-0-0.sav,694abfea6f4a06ec211c0e24428d0bce0acc0f3eff4453f98f44c99641d2bb43,v22,original microdata,No answer,exclude_Crimea_Donetsk_Luhansk,0.0,0.0,0.0,0.0,1874,1874,2001,2000,1585.2963237024187,1788.966688737204,True,Approximate weighted respondent linearization; PSU/stratum unavailable in supplied file
ISSP,2019,unemployed_living,Government should provide a decent living for unemployed people?,ordinal,ZA7810_v1-0-0.sav,694abfea6f4a06ec211c0e24428d0bce0acc0f3eff4453f98f44c99641d2bb43,v23,original microdata,Agree,survey_coverage,84.50774612693654,0.8090783204483039,82.9210215104102,86.09447074346288,2001,2001,2001,2000,2001.0,2001.0,False,Approximate weighted respondent linearization; PSU/stratum unavailable in supplied file
ISSP,2019,unemployed_living,Government should provide a decent living for unemployed people?,ordinal,ZA7810_v1-0-0.sav,694abfea6f4a06ec211c0e24428d0bce0acc0f3eff4453f98f44c99641d2bb43,v23,original microdata,Agree,exclude_Crimea_Donetsk_Luhansk,85.22106169475691,0.87916454349008,83.496887424014,86.94523596549982,1874,1874,2001,2000,1585.2963237024187,1788.966688737204,True,Approximate weighted respondent linearization; PSU/stratum unavailable in supplied file
ISSP,2019,unemployed_living,Government should provide a decent living for unemployed people?,ordinal,ZA7810_v1-0-0.sav,694abfea6f4a06ec211c0e24428d0bce0acc0f3eff4453f98f44c99641d2bb43,v23,original microdata,Disagree,survey_coverage,6.046976511744128,0.532978295168212,5.001725687881919,7.092227335606337,2001,2001,2001,2000,2001.0,2001.0,False,Approximate weighted respondent linearization; PSU/stratum unavailable in supplied file
ISSP,2019,unemployed_living,Government should provide a decent living for unemployed people?,ordinal,ZA7810_v1-0-0.sav,694abfea6f4a06ec211c0e24428d0bce0acc0f3eff4453f98f44c99641d2bb43,v23,original microdata,Disagree,exclude_Crimea_Donetsk_Luhansk,5.984169403246072,0.5790986302497386,4.848469646138744,7.1198691603533995,1874,1874,2001,2000,1585.2963237024187,1788.966688737204,True,Approximate weighted respondent linearization; PSU/stratum unavailable in supplied file
ISSP,2019,unemployed_living,Government should provide a decent living for unemployed people?,ordinal,ZA7810_v1-0-0.sav,694abfea6f4a06ec211c0e24428d0bce0acc0f3eff4453f98f44c99641d2bb43,v23,original microdata,Neither agree nor disagree,survey_coverage,7.096451774112944,0.5741452558495035,5.970466331302617,8.22243721692327,2001,2001,2001,2000,2001.0,2001.0,False,Approximate weighted respondent linearization; PSU/stratum unavailable in supplied file
ISSP,2019,unemployed_living,Government should provide a decent living for unemployed people?,ordinal,ZA7810_v1-0-0.sav,694abfea6f4a06ec211c0e24428d0bce0acc0f3eff4453f98f44c99641d2bb43,v23,original microdata,Neither agree nor disagree,exclude_Crimea_Donetsk_Luhansk,6.867243942514609,0.640229041523691,5.611658228837571,8.122829656191646,1874,1874,2001,2000,1585.2963237024187,1788.966688737204,True,Approximate weighted respondent linearization; PSU/stratum unavailable in supplied file
ISSP,2019,unemployed_living,Government should provide a decent living for unemployed people?,ordinal,ZA7810_v1-0-0.sav,694abfea6f4a06ec211c0e24428d0bce0acc0f3eff4453f98f44c99641d2bb43,v23,original microdata,Don't know,survey_coverage,2.348825587206397,0.33864847340680887,1.6846848538273203,3.0129663205854738,2001,2001,2001,2000,2001.0,2001.0,False,Approximate weighted respondent linearization; PSU/stratum unavailable in supplied file
ISSP,2019,unemployed_living,Government should provide a decent living for unemployed people?,ordinal,ZA7810_v1-0-0.sav,694abfea6f4a06ec211c0e24428d0bce0acc0f3eff4453f98f44c99641d2bb43,v23,original microdata,Don't know,exclude_Crimea_Donetsk_Luhansk,1.9275249594824049,0.32235742935898243,1.2953334205957454,2.559716498369064,1874,1874,2001,2000,1585.2963237024187,1788.966688737204,True,Approximate weighted respondent linearization; PSU/stratum unavailable in supplied file
ISSP,2019,unemployed_living,Government should provide a decent living for unemployed people?,ordinal,ZA7810_v1-0-0.sav,694abfea6f4a06ec211c0e24428d0bce0acc0f3eff4453f98f44c99641d2bb43,v23,original microdata,No answer,survey_coverage,0.0,0.0,0.0,0.0,2001,2001,2001,2000,2001.0,2001.0,False,Approximate weighted respondent linearization; PSU/stratum unavailable in supplied file
ISSP,2019,unemployed_living,Government should provide a decent living for unemployed people?,ordinal,ZA7810_v1-0-0.sav,694abfea6f4a06ec211c0e24428d0bce0acc0f3eff4453f98f44c99641d2bb43,v23,original microdata,No answer,exclude_Crimea_Donetsk_Luhansk,0.0,0.0,0.0,0.0,1874,1874,2001,2000,1585.2963237024187,1788.966688737204,True,Approximate weighted respondent linearization; PSU/stratum unavailable in supplied file
ISSP,2019,company_pay_gap,Companies should reduce differences in employee pay?,ordinal,ZA7810_v1-0-0.sav,694abfea6f4a06ec211c0e24428d0bce0acc0f3eff4453f98f44c99641d2bb43,v24,original microdata,Agree,survey_coverage,74.76261869065468,0.9712910777880234,72.85777039106767,76.66746699024168,2001,2001,2001,2000,2001.0,2001.0,False,Approximate weighted respondent linearization; PSU/stratum unavailable in supplied file
ISSP,2019,company_pay_gap,Companies should reduce differences in employee pay?,ordinal,ZA7810_v1-0-0.sav,694abfea6f4a06ec211c0e24428d0bce0acc0f3eff4453f98f44c99641d2bb43,v24,original microdata,Agree,exclude_Crimea_Donetsk_Luhansk,75.62661771708561,1.0700250405482319,73.52813722486736,77.72509820930385,1874,1874,2001,2000,1585.2963237024187,1788.966688737204,True,Approximate weighted respondent linearization; PSU/stratum unavailable in supplied file
ISSP,2019,company_pay_gap,Companies should reduce differences in employee pay?,ordinal,ZA7810_v1-0-0.sav,694abfea6f4a06ec211c0e24428d0bce0acc0f3eff4453f98f44c99641d2bb43,v24,original microdata,Disagree,survey_coverage,8.245877061469265,0.6150582157950829,7.0396551334634925,9.452098989475038,2001,2001,2001,2000,2001.0,2001.0,False,Approximate weighted respondent linearization; PSU/stratum unavailable in supplied file
ISSP,2019,company_pay_gap,Companies should reduce differences in employee pay?,ordinal,ZA7810_v1-0-0.sav,694abfea6f4a06ec211c0e24428d0bce0acc0f3eff4453f98f44c99641d2bb43,v24,original microdata,Disagree,exclude_Crimea_Donetsk_Luhansk,8.882881877325184,0.7522601314741177,7.4075862990430466,10.358177455607322,1874,1874,2001,2000,1585.2963237024187,1788.966688737204,True,Approximate weighted respondent linearization; PSU/stratum unavailable in supplied file
ISSP,2019,company_pay_gap,Companies should reduce differences in employee pay?,ordinal,ZA7810_v1-0-0.sav,694abfea6f4a06ec211c0e24428d0bce0acc0f3eff4453f98f44c99641d2bb43,v24,original microdata,Neither agree nor disagree,survey_coverage,8.945527236381809,0.6381732782330094,7.693973184580556,10.19708128818306,2001,2001,2001,2000,2001.0,2001.0,False,Approximate weighted respondent linearization; PSU/stratum unavailable in supplied file
ISSP,2019,company_pay_gap,Companies should reduce differences in employee pay?,ordinal,ZA7810_v1-0-0.sav,694abfea6f4a06ec211c0e24428d0bce0acc0f3eff4453f98f44c99641d2bb43,v24,original microdata,Neither agree nor disagree,exclude_Crimea_Donetsk_Luhansk,8.616824503677623,0.6858795310153394,7.271711294822196,9.96193771253305,1874,1874,2001,2000,1585.2963237024187,1788.966688737204,True,Approximate weighted respondent linearization; PSU/stratum unavailable in supplied file
ISSP,2019,company_pay_gap,Companies should reduce differences in employee pay?,ordinal,ZA7810_v1-0-0.sav,694abfea6f4a06ec211c0e24428d0bce0acc0f3eff4453f98f44c99641d2bb43,v24,original microdata,Don't know,survey_coverage,8.045977011494253,0.6082186921987562,6.853168420839543,9.238785602148964,2001,2001,2001,2000,2001.0,2001.0,False,Approximate weighted respondent linearization; PSU/stratum unavailable in supplied file
ISSP,2019,company_pay_gap,Companies should reduce differences in employee pay?,ordinal,ZA7810_v1-0-0.sav,694abfea6f4a06ec211c0e24428d0bce0acc0f3eff4453f98f44c99641d2bb43,v24,original microdata,Don't know,exclude_Crimea_Donetsk_Luhansk,6.873675901911578,0.5856263563758335,5.725174289319508,8.022177514503648,1874,1874,2001,2000,1585.2963237024187,1788.966688737204,True,Approximate weighted respondent linearization; PSU/stratum unavailable in supplied file
ISSP,2019,company_pay_gap,Companies should reduce differences in employee pay?,ordinal,ZA7810_v1-0-0.sav,694abfea6f4a06ec211c0e24428d0bce0acc0f3eff4453f98f44c99641d2bb43,v24,original microdata,No answer,survey_coverage,0.0,0.0,0.0,0.0,2001,2001,2001,2000,2001.0,2001.0,False,Approximate weighted respondent linearization; PSU/stratum unavailable in supplied file
ISSP,2019,company_pay_gap,Companies should reduce differences in employee pay?,ordinal,ZA7810_v1-0-0.sav,694abfea6f4a06ec211c0e24428d0bce0acc0f3eff4453f98f44c99641d2bb43,v24,original microdata,No answer,exclude_Crimea_Donetsk_Luhansk,0.0,0.0,0.0,0.0,1874,1874,2001,2000,1585.2963237024187,1788.966688737204,True,Approximate weighted respondent linearization; PSU/stratum unavailable in supplied file
ISSP,2019,politicians_indifferent,Politicians do not care about reducing income differences?,ordinal,ZA7810_v1-0-0.sav,694abfea6f4a06ec211c0e24428d0bce0acc0f3eff4453f98f44c99641d2bb43,v26,original microdata,Agree,survey_coverage,86.30684657671165,0.7687043943074352,84.79930131878936,87.81439183463394,2001,2001,2001,2000,2001.0,2001.0,False,Approximate weighted respondent linearization; PSU/stratum unavailable in supplied file
ISSP,2019,politicians_indifferent,Politicians do not care about reducing income differences?,ordinal,ZA7810_v1-0-0.sav,694abfea6f4a06ec211c0e24428d0bce0acc0f3eff4453f98f44c99641d2bb43,v26,original microdata,Agree,exclude_Crimea_Donetsk_Luhansk,87.46189186322565,0.8023877304927545,85.88828850271773,89.03549522373356,1874,1874,2001,2000,1585.2963237024187,1788.966688737204,True,Approximate weighted respondent linearization; PSU/stratum unavailable in supplied file
ISSP,2019,politicians_indifferent,Politicians do not care about reducing income differences?,ordinal,ZA7810_v1-0-0.sav,694abfea6f4a06ec211c0e24428d0bce0acc0f3eff4453f98f44c99641d2bb43,v26,original microdata,Disagree,survey_coverage,5.447276361819091,0.5074715836477329,4.452048046326349,6.442504677311832,2001,2001,2001,2000,2001.0,2001.0,False,Approximate weighted respondent linearization; PSU/stratum unavailable in supplied file
ISSP,2019,politicians_indifferent,Politicians do not care about reducing income differences?,ordinal,ZA7810_v1-0-0.sav,694abfea6f4a06ec211c0e24428d0bce0acc0f3eff4453f98f44c99641d2bb43,v26,original microdata,Disagree,exclude_Crimea_Donetsk_Luhansk,5.350873233613033,0.5529022423511011,4.26654854427394,6.435197922952126,1874,1874,2001,2000,1585.2963237024187,1788.966688737204,True,Approximate weighted respondent linearization; PSU/stratum unavailable in supplied file
ISSP,2019,politicians_indifferent,Politicians do not care about reducing income differences?,ordinal,ZA7810_v1-0-0.sav,694abfea6f4a06ec211c0e24428d0bce0acc0f3eff4453f98f44c99641d2bb43,v26,original microdata,Neither agree nor disagree,survey_coverage,4.097951024487756,0.4432842766496886,3.2286036991393274,4.9672983498361845,2001,2001,2001,2000,2001.0,2001.0,False,Approximate weighted respondent linearization; PSU/stratum unavailable in supplied file
ISSP,2019,politicians_indifferent,Politicians do not care about reducing income differences?,ordinal,ZA7810_v1-0-0.sav,694abfea6f4a06ec211c0e24428d0bce0acc0f3eff4453f98f44c99641d2bb43,v26,original microdata,Neither agree nor disagree,exclude_Crimea_Donetsk_Luhansk,3.6010177987843033,0.46058176219715313,2.6977474953650216,4.504288102203585,1874,1874,2001,2000,1585.2963237024187,1788.966688737204,True,Approximate weighted respondent linearization; PSU/stratum unavailable in supplied file
ISSP,2019,politicians_indifferent,Politicians do not care about reducing income differences?,ordinal,ZA7810_v1-0-0.sav,694abfea6f4a06ec211c0e24428d0bce0acc0f3eff4453f98f44c99641d2bb43,v26,original microdata,Don't know,survey_coverage,4.147926036981509,0.44586282267637073,3.273521793962718,5.0223302800003005,2001,2001,2001,2000,2001.0,2001.0,False,Approximate weighted respondent linearization; PSU/stratum unavailable in supplied file
ISSP,2019,politicians_indifferent,Politicians do not care about reducing income differences?,ordinal,ZA7810_v1-0-0.sav,694abfea6f4a06ec211c0e24428d0bce0acc0f3eff4453f98f44c99641d2bb43,v26,original microdata,Don't know,exclude_Crimea_Donetsk_Luhansk,3.586217104377011,0.42409216406729605,2.754508406474135,4.417925802279887,1874,1874,2001,2000,1585.2963237024187,1788.966688737204,True,Approximate weighted respondent linearization; PSU/stratum unavailable in supplied file
ISSP,2019,politicians_indifferent,Politicians do not care about reducing income differences?,ordinal,ZA7810_v1-0-0.sav,694abfea6f4a06ec211c0e24428d0bce0acc0f3eff4453f98f44c99641d2bb43,v26,original microdata,No answer,survey_coverage,0.0,0.0,0.0,0.0,2001,2001,2001,2000,2001.0,2001.0,False,Approximate weighted respondent linearization; PSU/stratum unavailable in supplied file
ISSP,2019,politicians_indifferent,Politicians do not care about reducing income differences?,ordinal,ZA7810_v1-0-0.sav,694abfea6f4a06ec211c0e24428d0bce0acc0f3eff4453f98f44c99641d2bb43,v26,original microdata,No answer,exclude_Crimea_Donetsk_Luhansk,0.0,0.0,0.0,0.0,1874,1874,2001,2000,1585.2963237024187,1788.966688737204,True,Approximate weighted respondent linearization; PSU/stratum unavailable in supplied file
ISSP,2019,global_gap,Economic differences between rich and poor countries are too large?,ordinal,ZA7810_v1-0-0.sav,694abfea6f4a06ec211c0e24428d0bce0acc0f3eff4453f98f44c99641d2bb43,v33,original microdata,Agree,survey_coverage,90.65467266366817,0.6508446783257861,89.37826808510712,91.93107724222921,2001,2001,2001,2000,2001.0,2001.0,False,Approximate weighted respondent linearization; PSU/stratum unavailable in supplied file
ISSP,2019,global_gap,Economic differences between rich and poor countries are too large?,ordinal,ZA7810_v1-0-0.sav,694abfea6f4a06ec211c0e24428d0bce0acc0f3eff4453f98f44c99641d2bb43,v33,original microdata,Agree,exclude_Crimea_Donetsk_Luhansk,91.29343484796213,0.6913823333099426,89.93752981384078,92.64933988208348,1874,1874,2001,2000,1585.2963237024187,1788.966688737204,True,Approximate weighted respondent linearization; PSU/stratum unavailable in supplied file
ISSP,2019,global_gap,Economic differences between rich and poor countries are too large?,ordinal,ZA7810_v1-0-0.sav,694abfea6f4a06ec211c0e24428d0bce0acc0f3eff4453f98f44c99641d2bb43,v33,original microdata,Disagree,survey_coverage,1.7991004497751124,0.2972148066206748,1.2162173862419916,2.381983513308233,2001,2001,2001,2000,2001.0,2001.0,False,Approximate weighted respondent linearization; PSU/stratum unavailable in supplied file
ISSP,2019,global_gap,Economic differences between rich and poor countries are too large?,ordinal,ZA7810_v1-0-0.sav,694abfea6f4a06ec211c0e24428d0bce0acc0f3eff4453f98f44c99641d2bb43,v33,original microdata,Disagree,exclude_Crimea_Donetsk_Luhansk,1.8695844377064899,0.33475442384167003,1.2130805228489574,2.526088352564022,1874,1874,2001,2000,1585.2963237024187,1788.966688737204,True,Approximate weighted respondent linearization; PSU/stratum unavailable in supplied file
ISSP,2019,global_gap,Economic differences between rich and poor countries are too large?,ordinal,ZA7810_v1-0-0.sav,694abfea6f4a06ec211c0e24428d0bce0acc0f3eff4453f98f44c99641d2bb43,v33,original microdata,Neither agree nor disagree,survey_coverage,5.047476261869066,0.4895255915540958,4.087442743595934,6.007509780142197,2001,2001,2001,2000,2001.0,2001.0,False,Approximate weighted respondent linearization; PSU/stratum unavailable in supplied file
ISSP,2019,global_gap,Economic differences between rich and poor countries are too large?,ordinal,ZA7810_v1-0-0.sav,694abfea6f4a06ec211c0e24428d0bce0acc0f3eff4453f98f44c99641d2bb43,v33,original microdata,Neither agree nor disagree,exclude_Crimea_Donetsk_Luhansk,4.475809790190153,0.5039288943236097,3.48752922279203,5.464090357588276,1874,1874,2001,2000,1585.2963237024187,1788.966688737204,True,Approximate weighted respondent linearization; PSU/stratum unavailable in supplied file
ISSP,2019,global_gap,Economic differences between rich and poor countries are too large?,ordinal,ZA7810_v1-0-0.sav,694abfea6f4a06ec211c0e24428d0bce0acc0f3eff4453f98f44c99641d2bb43,v33,original microdata,Don't know,survey_coverage,2.498750624687656,0.34902099348347854,1.8142678149914857,3.183233434383826,2001,2001,2001,2000,2001.0,2001.0,False,Approximate weighted respondent linearization; PSU/stratum unavailable in supplied file
ISSP,2019,global_gap,Economic differences between rich and poor countries are too large?,ordinal,ZA7810_v1-0-0.sav,694abfea6f4a06ec211c0e24428d0bce0acc0f3eff4453f98f44c99641d2bb43,v33,original microdata,Don't know,exclude_Crimea_Donetsk_Luhansk,2.3611709241412178,0.3722186812604144,1.6311939498977128,3.0911478983847225,1874,1874,2001,2000,1585.2963237024187,1788.966688737204,True,Approximate weighted respondent linearization; PSU/stratum unavailable in supplied file
ISSP,2019,global_gap,Economic differences between rich and poor countries are too large?,ordinal,ZA7810_v1-0-0.sav,694abfea6f4a06ec211c0e24428d0bce0acc0f3eff4453f98f44c99641d2bb43,v33,original microdata,No answer,survey_coverage,0.0,0.0,0.0,0.0,2001,2001,2001,2000,2001.0,2001.0,False,Approximate weighted respondent linearization; PSU/stratum unavailable in supplied file
ISSP,2019,global_gap,Economic differences between rich and poor countries are too large?,ordinal,ZA7810_v1-0-0.sav,694abfea6f4a06ec211c0e24428d0bce0acc0f3eff4453f98f44c99641d2bb43,v33,original microdata,No answer,exclude_Crimea_Donetsk_Luhansk,0.0,0.0,0.0,0.0,1874,1874,2001,2000,1585.2963237024187,1788.966688737204,True,Approximate weighted respondent linearization; PSU/stratum unavailable in supplied file
ISSP,2019,aid_tax,People in wealthy countries should pay additional tax to help poorer countries?,ordinal,ZA7810_v1-0-0.sav,694abfea6f4a06ec211c0e24428d0bce0acc0f3eff4453f98f44c99641d2bb43,v34,original microdata,Agree,survey_coverage,47.92603698150925,1.1170717697171326,45.73529075751613,50.116783205502365,2001,2001,2001,2000,2001.0,2001.0,False,Approximate weighted respondent linearization; PSU/stratum unavailable in supplied file
ISSP,2019,aid_tax,People in wealthy countries should pay additional tax to help poorer countries?,ordinal,ZA7810_v1-0-0.sav,694abfea6f4a06ec211c0e24428d0bce0acc0f3eff4453f98f44c99641d2bb43,v34,original microdata,Agree,exclude_Crimea_Donetsk_Luhansk,49.22461793810569,1.256040038947071,46.76133397811067,51.687901898100705,1874,1874,2001,2000,1585.2963237024187,1788.966688737204,True,Approximate weighted respondent linearization; PSU/stratum unavailable in supplied file
ISSP,2019,aid_tax,People in wealthy countries should pay additional tax to help poorer countries?,ordinal,ZA7810_v1-0-0.sav,694abfea6f4a06ec211c0e24428d0bce0acc0f3eff4453f98f44c99641d2bb43,v34,original microdata,Disagree,survey_coverage,32.48375812093953,1.047182235915566,30.43007581389706,34.53744042798199,2001,2001,2001,2000,2001.0,2001.0,False,Approximate weighted respondent linearization; PSU/stratum unavailable in supplied file
ISSP,2019,aid_tax,People in wealthy countries should pay additional tax to help poorer countries?,ordinal,ZA7810_v1-0-0.sav,694abfea6f4a06ec211c0e24428d0bce0acc0f3eff4453f98f44c99641d2bb43,v34,original microdata,Disagree,exclude_Crimea_Donetsk_Luhansk,32.41805605791959,1.1719873954263034,30.11961200920117,34.716500106638016,1874,1874,2001,2000,1585.2963237024187,1788.966688737204,True,Approximate weighted respondent linearization; PSU/stratum unavailable in supplied file
ISSP,2019,aid_tax,People in wealthy countries should pay additional tax to help poorer countries?,ordinal,ZA7810_v1-0-0.sav,694abfea6f4a06ec211c0e24428d0bce0acc0f3eff4453f98f44c99641d2bb43,v34,original microdata,Neither agree nor disagree,survey_coverage,11.1944027986007,0.7050268171646914,9.811738873695909,12.577066723505492,2001,2001,2001,2000,2001.0,2001.0,False,Approximate weighted respondent linearization; PSU/stratum unavailable in supplied file
ISSP,2019,aid_tax,People in wealthy countries should pay additional tax to help poorer countries?,ordinal,ZA7810_v1-0-0.sav,694abfea6f4a06ec211c0e24428d0bce0acc0f3eff4453f98f44c99641d2bb43,v34,original microdata,Neither agree nor disagree,exclude_Crimea_Donetsk_Luhansk,10.614846322319524,0.7935276898122242,9.058618837911503,12.171073806727545,1874,1874,2001,2000,1585.2963237024187,1788.966688737204,True,Approximate weighted respondent linearization; PSU/stratum unavailable in supplied file
ISSP,2019,aid_tax,People in wealthy countries should pay additional tax to help poorer countries?,ordinal,ZA7810_v1-0-0.sav,694abfea6f4a06ec211c0e24428d0bce0acc0f3eff4453f98f44c99641d2bb43,v34,original microdata,Don't know,survey_coverage,8.395802098950524,0.6201172135210852,7.179658713375167,9.611945484525881,2001,2001,2001,2000,2001.0,2001.0,False,Approximate weighted respondent linearization; PSU/stratum unavailable in supplied file
ISSP,2019,aid_tax,People in wealthy countries should pay additional tax to help poorer countries?,ordinal,ZA7810_v1-0-0.sav,694abfea6f4a06ec211c0e24428d0bce0acc0f3eff4453f98f44c99641d2bb43,v34,original microdata,Don't know,exclude_Crimea_Donetsk_Luhansk,7.742479681655196,0.6533010364430193,6.46125781434335,9.023701548967042,1874,1874,2001,2000,1585.2963237024187,1788.966688737204,True,Approximate weighted respondent linearization; PSU/stratum unavailable in supplied file
ISSP,2019,aid_tax,People in wealthy countries should pay additional tax to help poorer countries?,ordinal,ZA7810_v1-0-0.sav,694abfea6f4a06ec211c0e24428d0bce0acc0f3eff4453f98f44c99641d2bb43,v34,original microdata,No answer,survey_coverage,0.0,0.0,0.0,0.0,2001,2001,2001,2000,2001.0,2001.0,False,Approximate weighted respondent linearization; PSU/stratum unavailable in supplied file
ISSP,2019,aid_tax,People in wealthy countries should pay additional tax to help poorer countries?,ordinal,ZA7810_v1-0-0.sav,694abfea6f4a06ec211c0e24428d0bce0acc0f3eff4453f98f44c99641d2bb43,v34,original microdata,No answer,exclude_Crimea_Donetsk_Luhansk,0.0,0.0,0.0,0.0,1874,1874,2001,2000,1585.2963237024187,1788.966688737204,True,Approximate weighted respondent linearization; PSU/stratum unavailable in supplied file
ISSP,2019,labour_migration,People from poor countries should be allowed to work in wealthy countries?,ordinal,ZA7810_v1-0-0.sav,694abfea6f4a06ec211c0e24428d0bce0acc0f3eff4453f98f44c99641d2bb43,v35,original microdata,Agree,survey_coverage,80.20989505247377,0.8908878270911893,78.46272965441194,81.9570604505356,2001,2001,2001,2000,2001.0,2001.0,False,Approximate weighted respondent linearization; PSU/stratum unavailable in supplied file
ISSP,2019,labour_migration,People from poor countries should be allowed to work in wealthy countries?,ordinal,ZA7810_v1-0-0.sav,694abfea6f4a06ec211c0e24428d0bce0acc0f3eff4453f98f44c99641d2bb43,v35,original microdata,Agree,exclude_Crimea_Donetsk_Luhansk,82.64360337256784,0.9528818503139704,80.77485834464943,84.51234840048625,1874,1874,2001,2000,1585.2963237024187,1788.966688737204,True,Approximate weighted respondent linearization; PSU/stratum unavailable in supplied file
ISSP,2019,labour_migration,People from poor countries should be allowed to work in wealthy countries?,ordinal,ZA7810_v1-0-0.sav,694abfea6f4a06ec211c0e24428d0bce0acc0f3eff4453f98f44c99641d2bb43,v35,original microdata,Disagree,survey_coverage,7.446276861569215,0.587018162861159,6.295045706538679,8.59750801659975,2001,2001,2001,2000,2001.0,2001.0,False,Approximate weighted respondent linearization; PSU/stratum unavailable in supplied file
ISSP,2019,labour_migration,People from poor countries should be allowed to work in wealthy countries?,ordinal,ZA7810_v1-0-0.sav,694abfea6f4a06ec211c0e24428d0bce0acc0f3eff4453f98f44c99641d2bb43,v35,original microdata,Disagree,exclude_Crimea_Donetsk_Luhansk,6.518129605234585,0.630915924060466,5.2808083195641125,7.755450890905058,1874,1874,2001,2000,1585.2963237024187,1788.966688737204,True,Approximate weighted respondent linearization; PSU/stratum unavailable in supplied file
ISSP,2019,labour_migration,People from poor countries should be allowed to work in wealthy countries?,ordinal,ZA7810_v1-0-0.sav,694abfea6f4a06ec211c0e24428d0bce0acc0f3eff4453f98f44c99641d2bb43,v35,original microdata,Neither agree nor disagree,survey_coverage,8.295852073963019,0.6167511839320721,7.086309980096829,9.505394167829207,2001,2001,2001,2000,2001.0,2001.0,False,Approximate weighted respondent linearization; PSU/stratum unavailable in supplied file
ISSP,2019,labour_migration,People from poor countries should be allowed to work in wealthy countries?,ordinal,ZA7810_v1-0-0.sav,694abfea6f4a06ec211c0e24428d0bce0acc0f3eff4453f98f44c99641d2bb43,v35,original microdata,Neither agree nor disagree,exclude_Crimea_Donetsk_Luhansk,7.782248759788669,0.6763015331441721,6.45591944937066,9.10857807020668,1874,1874,2001,2000,1585.2963237024187,1788.966688737204,True,Approximate weighted respondent linearization; PSU/stratum unavailable in supplied file
ISSP,2019,labour_migration,People from poor countries should be allowed to work in wealthy countries?,ordinal,ZA7810_v1-0-0.sav,694abfea6f4a06ec211c0e24428d0bce0acc0f3eff4453f98f44c99641d2bb43,v35,original microdata,Don't know,survey_coverage,4.047976011994003,0.4406878097960739,3.1837207497604814,4.912231274227525,2001,2001,2001,2000,2001.0,2001.0,False,Approximate weighted respondent linearization; PSU/stratum unavailable in supplied file
ISSP,2019,labour_migration,People from poor countries should be allowed to work in wealthy countries?,ordinal,ZA7810_v1-0-0.sav,694abfea6f4a06ec211c0e24428d0bce0acc0f3eff4453f98f44c99641d2bb43,v35,original microdata,Don't know,exclude_Crimea_Donetsk_Luhansk,3.056018262408897,0.4139463242122031,2.2442070867193094,3.867829438098485,1874,1874,2001,2000,1585.2963237024187,1788.966688737204,True,Approximate weighted respondent linearization; PSU/stratum unavailable in supplied file
ISSP,2019,labour_migration,People from poor countries should be allowed to work in wealthy countries?,ordinal,ZA7810_v1-0-0.sav,694abfea6f4a06ec211c0e24428d0bce0acc0f3eff4453f98f44c99641d2bb43,v35,original microdata,No answer,survey_coverage,0.0,0.0,0.0,0.0,2001,2001,2001,2000,2001.0,2001.0,False,Approximate weighted respondent linearization; PSU/stratum unavailable in supplied file
ISSP,2019,labour_migration,People from poor countries should be allowed to work in wealthy countries?,ordinal,ZA7810_v1-0-0.sav,694abfea6f4a06ec211c0e24428d0bce0acc0f3eff4453f98f44c99641d2bb43,v35,original microdata,No answer,exclude_Crimea_Donetsk_Luhansk,0.0,0.0,0.0,0.0,1874,1874,2001,2000,1585.2963237024187,1788.966688737204,True,Approximate weighted respondent linearization; PSU/stratum unavailable in supplied file
ISSP,2019,skill_premium,Workers need extra pay to acquire skills and qualifications?,ordinal,ZA7810_v1-0-0.sav,694abfea6f4a06ec211c0e24428d0bce0acc0f3eff4453f98f44c99641d2bb43,v62,original microdata,Agree,survey_coverage,72.01399300349826,1.0038386603538265,70.04531398547479,73.98267202152172,2001,2001,2001,2000,2001.0,2001.0,False,Approximate weighted respondent linearization; PSU/stratum unavailable in supplied file
ISSP,2019,skill_premium,Workers need extra pay to acquire skills and qualifications?,ordinal,ZA7810_v1-0-0.sav,694abfea6f4a06ec211c0e24428d0bce0acc0f3eff4453f98f44c99641d2bb43,v62,original microdata,Agree,exclude_Crimea_Donetsk_Luhansk,73.60540344173127,1.072647913818791,71.50177909943172,75.70902778403082,1874,1874,2001,2000,1585.2963237024187,1788.966688737204,True,Approximate weighted respondent linearization; PSU/stratum unavailable in supplied file
ISSP,2019,skill_premium,Workers need extra pay to acquire skills and qualifications?,ordinal,ZA7810_v1-0-0.sav,694abfea6f4a06ec211c0e24428d0bce0acc0f3eff4453f98f44c99641d2bb43,v62,original microdata,Disagree,survey_coverage,12.293853073463268,0.7342501222180439,10.853877839711739,13.733828307214797,2001,2001,2001,2000,2001.0,2001.0,False,Approximate weighted respondent linearization; PSU/stratum unavailable in supplied file
ISSP,2019,skill_premium,Workers need extra pay to acquire skills and qualifications?,ordinal,ZA7810_v1-0-0.sav,694abfea6f4a06ec211c0e24428d0bce0acc0f3eff4453f98f44c99641d2bb43,v62,original microdata,Disagree,exclude_Crimea_Donetsk_Luhansk,12.017658670693859,0.7891889721569751,10.46994006599964,13.565377275388077,1874,1874,2001,2000,1585.2963237024187,1788.966688737204,True,Approximate weighted respondent linearization; PSU/stratum unavailable in supplied file
ISSP,2019,skill_premium,Workers need extra pay to acquire skills and qualifications?,ordinal,ZA7810_v1-0-0.sav,694abfea6f4a06ec211c0e24428d0bce0acc0f3eff4453f98f44c99641d2bb43,v62,original microdata,Neither agree nor disagree,survey_coverage,9.5952023988006,0.6585788983888382,8.303629848173673,10.886774949427528,2001,2001,2001,2000,2001.0,2001.0,False,Approximate weighted respondent linearization; PSU/stratum unavailable in supplied file
ISSP,2019,skill_premium,Workers need extra pay to acquire skills and qualifications?,ordinal,ZA7810_v1-0-0.sav,694abfea6f4a06ec211c0e24428d0bce0acc0f3eff4453f98f44c99641d2bb43,v62,original microdata,Neither agree nor disagree,exclude_Crimea_Donetsk_Luhansk,9.439588582709394,0.7064488956623116,8.054135747384215,10.825041418034573,1874,1874,2001,2000,1585.2963237024187,1788.966688737204,True,Approximate weighted respondent linearization; PSU/stratum unavailable in supplied file
ISSP,2019,skill_premium,Workers need extra pay to acquire skills and qualifications?,ordinal,ZA7810_v1-0-0.sav,694abfea6f4a06ec211c0e24428d0bce0acc0f3eff4453f98f44c99641d2bb43,v62,original microdata,Don't know,survey_coverage,3.648175912043978,0.4192304877505808,2.826001694665856,4.4703501294220995,2001,2001,2001,2000,2001.0,2001.0,False,Approximate weighted respondent linearization; PSU/stratum unavailable in supplied file
ISSP,2019,skill_premium,Workers need extra pay to acquire skills and qualifications?,ordinal,ZA7810_v1-0-0.sav,694abfea6f4a06ec211c0e24428d0bce0acc0f3eff4453f98f44c99641d2bb43,v62,original microdata,Don't know,exclude_Crimea_Donetsk_Luhansk,3.2528271483941995,0.3959290077796602,2.4763506477103885,4.0293036490780105,1874,1874,2001,2000,1585.2963237024187,1788.966688737204,True,Approximate weighted respondent linearization; PSU/stratum unavailable in supplied file
ISSP,2019,skill_premium,Workers need extra pay to acquire skills and qualifications?,ordinal,ZA7810_v1-0-0.sav,694abfea6f4a06ec211c0e24428d0bce0acc0f3eff4453f98f44c99641d2bb43,v62,original microdata,No answer,survey_coverage,2.448775612193903,0.345601692140327,1.7709985681515374,3.1265526562362687,2001,2001,2001,2000,2001.0,2001.0,False,Approximate weighted respondent linearization; PSU/stratum unavailable in supplied file
ISSP,2019,skill_premium,Workers need extra pay to acquire skills and qualifications?,ordinal,ZA7810_v1-0-0.sav,694abfea6f4a06ec211c0e24428d0bce0acc0f3eff4453f98f44c99641d2bb43,v62,original microdata,No answer,exclude_Crimea_Donetsk_Luhansk,1.6845221564712731,0.312909592067547,1.0708592514935655,2.2981850614489807,1874,1874,2001,2000,1585.2963237024187,1788.966688737204,True,Approximate weighted respondent linearization; PSU/stratum unavailable in supplied file
ISSP,2019,inequality_prosperity,Large income differences are necessary for prosperity?,ordinal,ZA7810_v1-0-0.sav,694abfea6f4a06ec211c0e24428d0bce0acc0f3eff4453f98f44c99641d2bb43,v63,original microdata,Agree,survey_coverage,25.037481259370313,0.9687292341319406,23.137657121585782,26.937305397154844,2001,2001,2001,2000,2001.0,2001.0,False,Approximate weighted respondent linearization; PSU/stratum unavailable in supplied file
ISSP,2019,inequality_prosperity,Large income differences are necessary for prosperity?,ordinal,ZA7810_v1-0-0.sav,694abfea6f4a06ec211c0e24428d0bce0acc0f3eff4453f98f44c99641d2bb43,v63,original microdata,Agree,exclude_Crimea_Donetsk_Luhansk,26.963354748449735,1.1467978774027974,24.714311143812157,29.212398353087313,1874,1874,2001,2000,1585.2963237024187,1788.966688737204,True,Approximate weighted respondent linearization; PSU/stratum unavailable in supplied file
ISSP,2019,inequality_prosperity,Large income differences are necessary for prosperity?,ordinal,ZA7810_v1-0-0.sav,694abfea6f4a06ec211c0e24428d0bce0acc0f3eff4453f98f44c99641d2bb43,v63,original microdata,Disagree,survey_coverage,61.36931534232883,1.0887466805108261,59.23411889043201,63.50451179422566,2001,2001,2001,2000,2001.0,2001.0,False,Approximate weighted respondent linearization; PSU/stratum unavailable in supplied file
ISSP,2019,inequality_prosperity,Large income differences are necessary for prosperity?,ordinal,ZA7810_v1-0-0.sav,694abfea6f4a06ec211c0e24428d0bce0acc0f3eff4453f98f44c99641d2bb43,v63,original microdata,Disagree,exclude_Crimea_Donetsk_Luhansk,59.85656387293522,1.2453670580555114,57.414211238232625,62.29891650763781,1874,1874,2001,2000,1585.2963237024187,1788.966688737204,True,Approximate weighted respondent linearization; PSU/stratum unavailable in supplied file
ISSP,2019,inequality_prosperity,Large income differences are necessary for prosperity?,ordinal,ZA7810_v1-0-0.sav,694abfea6f4a06ec211c0e24428d0bce0acc0f3eff4453f98f44c99641d2bb43,v63,original microdata,Neither agree nor disagree,survey_coverage,7.946026986506746,0.6047575356208391,6.760006245934077,9.132047727079415,2001,2001,2001,2000,2001.0,2001.0,False,Approximate weighted respondent linearization; PSU/stratum unavailable in supplied file
ISSP,2019,inequality_prosperity,Large income differences are necessary for prosperity?,ordinal,ZA7810_v1-0-0.sav,694abfea6f4a06ec211c0e24428d0bce0acc0f3eff4453f98f44c99641d2bb43,v63,original microdata,Neither agree nor disagree,exclude_Crimea_Donetsk_Luhansk,8.162172180093663,0.7168225883637115,6.756374968757433,9.567969391429893,1874,1874,2001,2000,1585.2963237024187,1788.966688737204,True,Approximate weighted respondent linearization; PSU/stratum unavailable in supplied file
ISSP,2019,inequality_prosperity,Large income differences are necessary for prosperity?,ordinal,ZA7810_v1-0-0.sav,694abfea6f4a06ec211c0e24428d0bce0acc0f3eff4453f98f44c99641d2bb43,v63,original microdata,Don't know,survey_coverage,2.948525737131434,0.37825835727093776,2.2067040472905184,3.69034742697235,2001,2001,2001,2000,2001.0,2001.0,False,Approximate weighted respondent linearization; PSU/stratum unavailable in supplied file
ISSP,2019,inequality_prosperity,Large income differences are necessary for prosperity?,ordinal,ZA7810_v1-0-0.sav,694abfea6f4a06ec211c0e24428d0bce0acc0f3eff4453f98f44c99641d2bb43,v63,original microdata,Don't know,exclude_Crimea_Donetsk_Luhansk,2.8040823512070436,0.37883285980561127,2.0611339752456566,3.5470307271684307,1874,1874,2001,2000,1585.2963237024187,1788.966688737204,True,Approximate weighted respondent linearization; PSU/stratum unavailable in supplied file
ISSP,2019,inequality_prosperity,Large income differences are necessary for prosperity?,ordinal,ZA7810_v1-0-0.sav,694abfea6f4a06ec211c0e24428d0bce0acc0f3eff4453f98f44c99641d2bb43,v63,original microdata,No answer,survey_coverage,2.6986506746626686,0.3623412424789715,1.9880448476451371,3.4092565016802,2001,2001,2001,2000,2001.0,2001.0,False,Approximate weighted respondent linearization; PSU/stratum unavailable in supplied file
ISSP,2019,inequality_prosperity,Large income differences are necessary for prosperity?,ordinal,ZA7810_v1-0-0.sav,694abfea6f4a06ec211c0e24428d0bce0acc0f3eff4453f98f44c99641d2bb43,v63,original microdata,No answer,exclude_Crimea_Donetsk_Luhansk,2.213826847314341,0.3689160098486583,1.4903269098383367,2.9373267847903453,1874,1874,2001,2000,1585.2963237024187,1788.966688737204,True,Approximate weighted respondent linearization; PSU/stratum unavailable in supplied file
ISSP,2019,inequality_power,Inequality persists because it benefits the rich and powerful?,ordinal,ZA7810_v1-0-0.sav,694abfea6f4a06ec211c0e24428d0bce0acc0f3eff4453f98f44c99641d2bb43,v64,original microdata,Agree,survey_coverage,66.56671664167916,1.054880064205005,64.49793773232769,68.63549555103064,2001,2001,2001,2000,2001.0,2001.0,False,Approximate weighted respondent linearization; PSU/stratum unavailable in supplied file
ISSP,2019,inequality_power,Inequality persists because it benefits the rich and powerful?,ordinal,ZA7810_v1-0-0.sav,694abfea6f4a06ec211c0e24428d0bce0acc0f3eff4453f98f44c99641d2bb43,v64,original microdata,Agree,exclude_Crimea_Donetsk_Luhansk,68.07668514775314,1.1432345621729805,65.83462974172217,70.31874055378411,1874,1874,2001,2000,1585.2963237024187,1788.966688737204,True,Approximate weighted respondent linearization; PSU/stratum unavailable in supplied file
ISSP,2019,inequality_power,Inequality persists because it benefits the rich and powerful?,ordinal,ZA7810_v1-0-0.sav,694abfea6f4a06ec211c0e24428d0bce0acc0f3eff4453f98f44c99641d2bb43,v64,original microdata,Disagree,survey_coverage,15.142428785607196,0.8015452978570624,13.570477562558699,16.714380008655695,2001,2001,2001,2000,2001.0,2001.0,False,Approximate weighted respondent linearization; PSU/stratum unavailable in supplied file
ISSP,2019,inequality_power,Inequality persists because it benefits the rich and powerful?,ordinal,ZA7810_v1-0-0.sav,694abfea6f4a06ec211c0e24428d0bce0acc0f3eff4453f98f44c99641d2bb43,v64,original microdata,Disagree,exclude_Crimea_Donetsk_Luhansk,14.694011303350864,0.8568117182886548,13.01367429421739,16.374348312484337,1874,1874,2001,2000,1585.2963237024187,1788.966688737204,True,Approximate weighted respondent linearization; PSU/stratum unavailable in supplied file
ISSP,2019,inequality_power,Inequality persists because it benefits the rich and powerful?,ordinal,ZA7810_v1-0-0.sav,694abfea6f4a06ec211c0e24428d0bce0acc0f3eff4453f98f44c99641d2bb43,v64,original microdata,Neither agree nor disagree,survey_coverage,9.695152423788105,0.6616340611918065,8.397588238106268,10.992716609469943,2001,2001,2001,2000,2001.0,2001.0,False,Approximate weighted respondent linearization; PSU/stratum unavailable in supplied file
ISSP,2019,inequality_power,Inequality persists because it benefits the rich and powerful?,ordinal,ZA7810_v1-0-0.sav,694abfea6f4a06ec211c0e24428d0bce0acc0f3eff4453f98f44c99641d2bb43,v64,original microdata,Neither agree nor disagree,exclude_Crimea_Donetsk_Luhansk,8.917170876890413,0.6758533926708284,7.591720437531911,10.242621316248917,1874,1874,2001,2000,1585.2963237024187,1788.966688737204,True,Approximate weighted respondent linearization; PSU/stratum unavailable in supplied file
ISSP,2019,inequality_power,Inequality persists because it benefits the rich and powerful?,ordinal,ZA7810_v1-0-0.sav,694abfea6f4a06ec211c0e24428d0bce0acc0f3eff4453f98f44c99641d2bb43,v64,original microdata,Don't know,survey_coverage,5.297351324337831,0.5008359019580763,4.315136581472493,6.279566067203169,2001,2001,2001,2000,2001.0,2001.0,False,Approximate weighted respondent linearization; PSU/stratum unavailable in supplied file
ISSP,2019,inequality_power,Inequality persists because it benefits the rich and powerful?,ordinal,ZA7810_v1-0-0.sav,694abfea6f4a06ec211c0e24428d0bce0acc0f3eff4453f98f44c99641d2bb43,v64,original microdata,Don't know,exclude_Crimea_Donetsk_Luhansk,5.176752067106241,0.5164443179034982,4.163926866415435,6.189577267797047,1874,1874,2001,2000,1585.2963237024187,1788.966688737204,True,Approximate weighted respondent linearization; PSU/stratum unavailable in supplied file
ISSP,2019,inequality_power,Inequality persists because it benefits the rich and powerful?,ordinal,ZA7810_v1-0-0.sav,694abfea6f4a06ec211c0e24428d0bce0acc0f3eff4453f98f44c99641d2bb43,v64,original microdata,No answer,survey_coverage,3.2983508245877062,0.3993469445837243,2.515171234317049,4.0815304148583635,2001,2001,2001,2000,2001.0,2001.0,False,Approximate weighted respondent linearization; PSU/stratum unavailable in supplied file
ISSP,2019,inequality_power,Inequality persists because it benefits the rich and powerful?,ordinal,ZA7810_v1-0-0.sav,694abfea6f4a06ec211c0e24428d0bce0acc0f3eff4453f98f44c99641d2bb43,v64,original microdata,No answer,exclude_Crimea_Donetsk_Luhansk,3.1353806048993347,0.45672980041293765,2.2396645795152708,4.031096630283399,1874,1874,2001,2000,1585.2963237024187,1788.966688737204,True,Approximate weighted respondent linearization; PSU/stratum unavailable in supplied file
ISSP,2019,inequality_collective,Inequality persists because ordinary people do not unite against it?,ordinal,ZA7810_v1-0-0.sav,694abfea6f4a06ec211c0e24428d0bce0acc0f3eff4453f98f44c99641d2bb43,v65,original microdata,Agree,survey_coverage,60.96951524237881,1.0907955205599305,58.83030070612714,63.10872977863048,2001,2001,2001,2000,2001.0,2001.0,False,Approximate weighted respondent linearization; PSU/stratum unavailable in supplied file
ISSP,2019,inequality_collective,Inequality persists because ordinary people do not unite against it?,ordinal,ZA7810_v1-0-0.sav,694abfea6f4a06ec211c0e24428d0bce0acc0f3eff4453f98f44c99641d2bb43,v65,original microdata,Agree,exclude_Crimea_Donetsk_Luhansk,60.8001048141569,1.2305296164457464,58.386850640324504,63.2133589879893,1874,1874,2001,2000,1585.2963237024187,1788.966688737204,True,Approximate weighted respondent linearization; PSU/stratum unavailable in supplied file
ISSP,2019,inequality_collective,Inequality persists because ordinary people do not unite against it?,ordinal,ZA7810_v1-0-0.sav,694abfea6f4a06ec211c0e24428d0bce0acc0f3eff4453f98f44c99641d2bb43,v65,original microdata,Disagree,survey_coverage,14.442778610694653,0.78602926379109,12.901256670672424,15.984300550716881,2001,2001,2001,2000,2001.0,2001.0,False,Approximate weighted respondent linearization; PSU/stratum unavailable in supplied file
ISSP,2019,inequality_collective,Inequality persists because ordinary people do not unite against it?,ordinal,ZA7810_v1-0-0.sav,694abfea6f4a06ec211c0e24428d0bce0acc0f3eff4453f98f44c99641d2bb43,v65,original microdata,Disagree,exclude_Crimea_Donetsk_Luhansk,15.060328105209745,0.912913102821608,13.269967819454148,16.85068839096534,1874,1874,2001,2000,1585.2963237024187,1788.966688737204,True,Approximate weighted respondent linearization; PSU/stratum unavailable in supplied file
ISSP,2019,inequality_collective,Inequality persists because ordinary people do not unite against it?,ordinal,ZA7810_v1-0-0.sav,694abfea6f4a06ec211c0e24428d0bce0acc0f3eff4453f98f44c99641d2bb43,v65,original microdata,Neither agree nor disagree,survey_coverage,13.993003498250875,0.7757242431827904,12.471691257907585,15.514315738594165,2001,2001,2001,2000,2001.0,2001.0,False,Approximate weighted respondent linearization; PSU/stratum unavailable in supplied file
ISSP,2019,inequality_collective,Inequality persists because ordinary people do not unite against it?,ordinal,ZA7810_v1-0-0.sav,694abfea6f4a06ec211c0e24428d0bce0acc0f3eff4453f98f44c99641d2bb43,v65,original microdata,Neither agree nor disagree,exclude_Crimea_Donetsk_Luhansk,14.270463883291779,0.9113737363713598,12.483122527321756,16.057805239261803,1874,1874,2001,2000,1585.2963237024187,1788.966688737204,True,Approximate weighted respondent linearization; PSU/stratum unavailable in supplied file
ISSP,2019,inequality_collective,Inequality persists because ordinary people do not unite against it?,ordinal,ZA7810_v1-0-0.sav,694abfea6f4a06ec211c0e24428d0bce0acc0f3eff4453f98f44c99641d2bb43,v65,original microdata,Don't know,survey_coverage,6.146926536731634,0.5370791132715867,5.093633390058308,7.20021968340496,2001,2001,2001,2000,2001.0,2001.0,False,Approximate weighted respondent linearization; PSU/stratum unavailable in supplied file
ISSP,2019,inequality_collective,Inequality persists because ordinary people do not unite against it?,ordinal,ZA7810_v1-0-0.sav,694abfea6f4a06ec211c0e24428d0bce0acc0f3eff4453f98f44c99641d2bb43,v65,original microdata,Don't know,exclude_Crimea_Donetsk_Luhansk,5.909367532340376,0.5504825662163876,4.829788192851769,6.988946871828983,1874,1874,2001,2000,1585.2963237024187,1788.966688737204,True,Approximate weighted respondent linearization; PSU/stratum unavailable in supplied file
ISSP,2019,inequality_collective,Inequality persists because ordinary people do not unite against it?,ordinal,ZA7810_v1-0-0.sav,694abfea6f4a06ec211c0e24428d0bce0acc0f3eff4453f98f44c99641d2bb43,v65,original microdata,No answer,survey_coverage,4.4477761119440276,0.4609744563706447,3.5437356760219987,5.351816547866057,2001,2001,2001,2000,2001.0,2001.0,False,Approximate weighted respondent linearization; PSU/stratum unavailable in supplied file
ISSP,2019,inequality_collective,Inequality persists because ordinary people do not unite against it?,ordinal,ZA7810_v1-0-0.sav,694abfea6f4a06ec211c0e24428d0bce0acc0f3eff4453f98f44c99641d2bb43,v65,original microdata,No answer,exclude_Crimea_Donetsk_Luhansk,3.959735665001193,0.47227487961231684,3.0335333947034853,4.885937935298901,1874,1874,2001,2000,1585.2963237024187,1788.966688737204,True,Approximate weighted respondent linearization; PSU/stratum unavailable in supplied file
ISSP,2019,tax_rich,"Should richer people pay higher, the same or lower taxes?",ordinal,ZA7810_v1-0-0.sav,694abfea6f4a06ec211c0e24428d0bce0acc0f3eff4453f98f44c99641d2bb43,v28,original microdata,Higher taxes,survey_coverage,80.60969515242378,0.8840380542362652,78.875963192055,82.34342711279257,2001,2001,2001,2000,2001.0,2001.0,False,Approximate weighted respondent linearization; PSU/stratum unavailable in supplied file
ISSP,2019,tax_rich,"Should richer people pay higher, the same or lower taxes?",ordinal,ZA7810_v1-0-0.sav,694abfea6f4a06ec211c0e24428d0bce0acc0f3eff4453f98f44c99641d2bb43,v28,original microdata,Higher taxes,exclude_Crimea_Donetsk_Luhansk,79.96593345633343,1.024247745618416,77.95722914388338,81.97463776878348,1874,1874,2001,2000,1585.2963237024187,1788.966688737204,True,Approximate weighted respondent linearization; PSU/stratum unavailable in supplied file
ISSP,2019,tax_rich,"Should richer people pay higher, the same or lower taxes?",ordinal,ZA7810_v1-0-0.sav,694abfea6f4a06ec211c0e24428d0bce0acc0f3eff4453f98f44c99641d2bb43,v28,original microdata,Lower taxes,survey_coverage,2.098950524737631,0.3205381874039869,1.4703267937138857,2.7275742557613762,2001,2001,2001,2000,2001.0,2001.0,False,Approximate weighted respondent linearization; PSU/stratum unavailable in supplied file
ISSP,2019,tax_rich,"Should richer people pay higher, the same or lower taxes?",ordinal,ZA7810_v1-0-0.sav,694abfea6f4a06ec211c0e24428d0bce0acc0f3eff4453f98f44c99641d2bb43,v28,original microdata,Lower taxes,exclude_Crimea_Donetsk_Luhansk,2.1977455404666655,0.3601531873903329,1.4914308194937687,2.9040602614395623,1874,1874,2001,2000,1585.2963237024187,1788.966688737204,True,Approximate weighted respondent linearization; PSU/stratum unavailable in supplied file
ISSP,2019,tax_rich,"Should richer people pay higher, the same or lower taxes?",ordinal,ZA7810_v1-0-0.sav,694abfea6f4a06ec211c0e24428d0bce0acc0f3eff4453f98f44c99641d2bb43,v28,original microdata,The same taxes,survey_coverage,13.493253373313344,0.7639559708304211,11.995020490015666,14.991486256611022,2001,2001,2001,2000,2001.0,2001.0,False,Approximate weighted respondent linearization; PSU/stratum unavailable in supplied file
ISSP,2019,tax_rich,"Should richer people pay higher, the same or lower taxes?",ordinal,ZA7810_v1-0-0.sav,694abfea6f4a06ec211c0e24428d0bce0acc0f3eff4453f98f44c99641d2bb43,v28,original microdata,The same taxes,exclude_Crimea_Donetsk_Luhansk,14.00103421440559,0.8953545715028817,12.245108856850807,15.756959571960374,1874,1874,2001,2000,1585.2963237024187,1788.966688737204,True,Approximate weighted respondent linearization; PSU/stratum unavailable in supplied file
ISSP,2019,tax_rich,"Should richer people pay higher, the same or lower taxes?",ordinal,ZA7810_v1-0-0.sav,694abfea6f4a06ec211c0e24428d0bce0acc0f3eff4453f98f44c99641d2bb43,v28,original microdata,Don't know,survey_coverage,3.7981009495252374,0.42742515375778906,2.95985575613747,4.636346142913005,2001,2001,2001,2000,2001.0,2001.0,False,Approximate weighted respondent linearization; PSU/stratum unavailable in supplied file
ISSP,2019,tax_rich,"Should richer people pay higher, the same or lower taxes?",ordinal,ZA7810_v1-0-0.sav,694abfea6f4a06ec211c0e24428d0bce0acc0f3eff4453f98f44c99641d2bb43,v28,original microdata,Don't know,exclude_Crimea_Donetsk_Luhansk,3.8352867887942987,0.49348380068050257,2.867490625423041,4.803082952165557,1874,1874,2001,2000,1585.2963237024187,1788.966688737204,True,Approximate weighted respondent linearization; PSU/stratum unavailable in supplied file
ISSP,2019,tax_rich,"Should richer people pay higher, the same or lower taxes?",ordinal,ZA7810_v1-0-0.sav,694abfea6f4a06ec211c0e24428d0bce0acc0f3eff4453f98f44c99641d2bb43,v28,original microdata,No answer,survey_coverage,0.0,0.0,0.0,0.0,2001,2001,2001,2000,2001.0,2001.0,False,Approximate weighted respondent linearization; PSU/stratum unavailable in supplied file
ISSP,2019,tax_rich,"Should richer people pay higher, the same or lower taxes?",ordinal,ZA7810_v1-0-0.sav,694abfea6f4a06ec211c0e24428d0bce0acc0f3eff4453f98f44c99641d2bb43,v28,original microdata,No answer,exclude_Crimea_Donetsk_Luhansk,0.0,0.0,0.0,0.0,1874,1874,2001,2000,1585.2963237024187,1788.966688737204,True,Approximate weighted respondent linearization; PSU/stratum unavailable in supplied file
ISSP,2019,tax_level,Are current taxes on high incomes too high or too low?,ordinal,ZA7810_v1-0-0.sav,694abfea6f4a06ec211c0e24428d0bce0acc0f3eff4453f98f44c99641d2bb43,v29,original microdata,Too high,survey_coverage,10.194902548725636,0.6765922763727616,8.868003046984697,11.521802050466576,2001,2001,2001,2000,2001.0,2001.0,False,Approximate weighted respondent linearization; PSU/stratum unavailable in supplied file
ISSP,2019,tax_level,Are current taxes on high incomes too high or too low?,ordinal,ZA7810_v1-0-0.sav,694abfea6f4a06ec211c0e24428d0bce0acc0f3eff4453f98f44c99641d2bb43,v29,original microdata,Too high,exclude_Crimea_Donetsk_Luhansk,11.400870003967105,0.8998297837398741,9.636168080236773,13.165571927697437,1874,1874,2001,2000,1585.2963237024187,1788.966688737204,True,Approximate weighted respondent linearization; PSU/stratum unavailable in supplied file
ISSP,2019,tax_level,Are current taxes on high incomes too high or too low?,ordinal,ZA7810_v1-0-0.sav,694abfea6f4a06ec211c0e24428d0bce0acc0f3eff4453f98f44c99641d2bb43,v29,original microdata,Too low,survey_coverage,53.32333833083458,1.1155616124488161,51.13555375301576,55.5111229086534,2001,2001,2001,2000,2001.0,2001.0,False,Approximate weighted respondent linearization; PSU/stratum unavailable in supplied file
ISSP,2019,tax_level,Are current taxes on high incomes too high or too low?,ordinal,ZA7810_v1-0-0.sav,694abfea6f4a06ec211c0e24428d0bce0acc0f3eff4453f98f44c99641d2bb43,v29,original microdata,Too low,exclude_Crimea_Donetsk_Luhansk,53.20025870178419,1.2585026263814638,50.732145236407874,55.66837216716051,1874,1874,2001,2000,1585.2963237024187,1788.966688737204,True,Approximate weighted respondent linearization; PSU/stratum unavailable in supplied file
ISSP,2019,tax_level,Are current taxes on high incomes too high or too low?,ordinal,ZA7810_v1-0-0.sav,694abfea6f4a06ec211c0e24428d0bce0acc0f3eff4453f98f44c99641d2bb43,v29,original microdata,About right,survey_coverage,16.741629185407298,0.8348295546873769,15.104402514579924,18.378855856234672,2001,2001,2001,2000,2001.0,2001.0,False,Approximate weighted respondent linearization; PSU/stratum unavailable in supplied file
ISSP,2019,tax_level,Are current taxes on high incomes too high or too low?,ordinal,ZA7810_v1-0-0.sav,694abfea6f4a06ec211c0e24428d0bce0acc0f3eff4453f98f44c99641d2bb43,v29,original microdata,About right,exclude_Crimea_Donetsk_Luhansk,17.637424701697984,0.9748178059202005,15.725659956321142,19.549189447074827,1874,1874,2001,2000,1585.2963237024187,1788.966688737204,True,Approximate weighted respondent linearization; PSU/stratum unavailable in supplied file
ISSP,2019,tax_level,Are current taxes on high incomes too high or too low?,ordinal,ZA7810_v1-0-0.sav,694abfea6f4a06ec211c0e24428d0bce0acc0f3eff4453f98f44c99641d2bb43,v29,original microdata,Don't know,survey_coverage,19.740129935032485,0.8900393990299763,17.9946284323638,21.48563143770117,2001,2001,2001,2000,2001.0,2001.0,False,Approximate weighted respondent linearization; PSU/stratum unavailable in supplied file
ISSP,2019,tax_level,Are current taxes on high incomes too high or too low?,ordinal,ZA7810_v1-0-0.sav,694abfea6f4a06ec211c0e24428d0bce0acc0f3eff4453f98f44c99641d2bb43,v29,original microdata,Don't know,exclude_Crimea_Donetsk_Luhansk,17.76144659255071,0.9331221110917314,15.931453393531509,19.591439791569908,1874,1874,2001,2000,1585.2963237024187,1788.966688737204,True,Approximate weighted respondent linearization; PSU/stratum unavailable in supplied file
ISSP,2019,tax_level,Are current taxes on high incomes too high or too low?,ordinal,ZA7810_v1-0-0.sav,694abfea6f4a06ec211c0e24428d0bce0acc0f3eff4453f98f44c99641d2bb43,v29,original microdata,No answer,survey_coverage,0.0,0.0,0.0,0.0,2001,2001,2001,2000,2001.0,2001.0,False,Approximate weighted respondent linearization; PSU/stratum unavailable in supplied file
ISSP,2019,tax_level,Are current taxes on high incomes too high or too low?,ordinal,ZA7810_v1-0-0.sav,694abfea6f4a06ec211c0e24428d0bce0acc0f3eff4453f98f44c99641d2bb43,v29,original microdata,No answer,exclude_Crimea_Donetsk_Luhansk,0.0,0.0,0.0,0.0,1874,1874,2001,2000,1585.2963237024187,1788.966688737204,True,Approximate weighted respondent linearization; PSU/stratum unavailable in supplied file
ISSP,2019,buy_health,Is it fair that richer people can buy better healthcare?,ordinal,ZA7810_v1-0-0.sav,694abfea6f4a06ec211c0e24428d0bce0acc0f3eff4453f98f44c99641d2bb43,v30,original microdata,Fair,survey_coverage,22.3888055972014,0.932100301376108,20.560816321150114,24.216794873252688,2001,2001,2001,2000,2001.0,2001.0,False,Approximate weighted respondent linearization; PSU/stratum unavailable in supplied file
ISSP,2019,buy_health,Is it fair that richer people can buy better healthcare?,ordinal,ZA7810_v1-0-0.sav,694abfea6f4a06ec211c0e24428d0bce0acc0f3eff4453f98f44c99641d2bb43,v30,original microdata,Fair,exclude_Crimea_Donetsk_Luhansk,26.18391768756729,1.1949013149342746,23.840535986676635,28.527299388457948,1874,1874,2001,2000,1585.2963237024187,1788.966688737204,True,Approximate weighted respondent linearization; PSU/stratum unavailable in supplied file
ISSP,2019,buy_health,Is it fair that richer people can buy better healthcare?,ordinal,ZA7810_v1-0-0.sav,694abfea6f4a06ec211c0e24428d0bce0acc0f3eff4453f98f44c99641d2bb43,v30,original microdata,Unfair,survey_coverage,62.16891554222889,1.0844163163946998,60.042211587495714,64.29561949696206,2001,2001,2001,2000,2001.0,2001.0,False,Approximate weighted respondent linearization; PSU/stratum unavailable in supplied file
ISSP,2019,buy_health,Is it fair that richer people can buy better healthcare?,ordinal,ZA7810_v1-0-0.sav,694abfea6f4a06ec211c0e24428d0bce0acc0f3eff4453f98f44c99641d2bb43,v30,original microdata,Unfair,exclude_Crimea_Donetsk_Luhansk,58.10590149936532,1.2681697731695007,55.618829301079614,60.59297369765102,1874,1874,2001,2000,1585.2963237024187,1788.966688737204,True,Approximate weighted respondent linearization; PSU/stratum unavailable in supplied file
ISSP,2019,buy_health,Is it fair that richer people can buy better healthcare?,ordinal,ZA7810_v1-0-0.sav,694abfea6f4a06ec211c0e24428d0bce0acc0f3eff4453f98f44c99641d2bb43,v30,original microdata,Mixed feelings,survey_coverage,12.043978010994502,0.7277844443137442,10.616682946806282,13.471273075182722,2001,2001,2001,2000,2001.0,2001.0,False,Approximate weighted respondent linearization; PSU/stratum unavailable in supplied file
ISSP,2019,buy_health,Is it fair that richer people can buy better healthcare?,ordinal,ZA7810_v1-0-0.sav,694abfea6f4a06ec211c0e24428d0bce0acc0f3eff4453f98f44c99641d2bb43,v30,original microdata,Mixed feelings,exclude_Crimea_Donetsk_Luhansk,12.248805292969703,0.8356098951857943,10.610048256729218,13.887562329210187,1874,1874,2001,2000,1585.2963237024187,1788.966688737204,True,Approximate weighted respondent linearization; PSU/stratum unavailable in supplied file
ISSP,2019,buy_health,Is it fair that richer people can buy better healthcare?,ordinal,ZA7810_v1-0-0.sav,694abfea6f4a06ec211c0e24428d0bce0acc0f3eff4453f98f44c99641d2bb43,v30,original microdata,Don't know,survey_coverage,3.3983008495752123,0.4051429601346281,2.6037543986188147,4.19284730053161,2001,2001,2001,2000,2001.0,2001.0,False,Approximate weighted respondent linearization; PSU/stratum unavailable in supplied file
ISSP,2019,buy_health,Is it fair that richer people can buy better healthcare?,ordinal,ZA7810_v1-0-0.sav,694abfea6f4a06ec211c0e24428d0bce0acc0f3eff4453f98f44c99641d2bb43,v30,original microdata,Don't know,exclude_Crimea_Donetsk_Luhansk,3.4613755200976937,0.439312996797816,2.5998164735114373,4.32293456668395,1874,1874,2001,2000,1585.2963237024187,1788.966688737204,True,Approximate weighted respondent linearization; PSU/stratum unavailable in supplied file
ISSP,2019,buy_health,Is it fair that richer people can buy better healthcare?,ordinal,ZA7810_v1-0-0.sav,694abfea6f4a06ec211c0e24428d0bce0acc0f3eff4453f98f44c99641d2bb43,v30,original microdata,No answer,survey_coverage,0.0,0.0,0.0,0.0,2001,2001,2001,2000,2001.0,2001.0,False,Approximate weighted respondent linearization; PSU/stratum unavailable in supplied file
ISSP,2019,buy_health,Is it fair that richer people can buy better healthcare?,ordinal,ZA7810_v1-0-0.sav,694abfea6f4a06ec211c0e24428d0bce0acc0f3eff4453f98f44c99641d2bb43,v30,original microdata,No answer,exclude_Crimea_Donetsk_Luhansk,0.0,0.0,0.0,0.0,1874,1874,2001,2000,1585.2963237024187,1788.966688737204,True,Approximate weighted respondent linearization; PSU/stratum unavailable in supplied file
ISSP,2019,buy_education,Is it fair that richer people can buy better education for their children?,ordinal,ZA7810_v1-0-0.sav,694abfea6f4a06ec211c0e24428d0bce0acc0f3eff4453f98f44c99641d2bb43,v31,original microdata,Fair,survey_coverage,22.188905547226387,0.9291240566627538,20.366753135953367,24.011057958499407,2001,2001,2001,2000,2001.0,2001.0,False,Approximate weighted respondent linearization; PSU/stratum unavailable in supplied file
ISSP,2019,buy_education,Is it fair that richer people can buy better education for their children?,ordinal,ZA7810_v1-0-0.sav,694abfea6f4a06ec211c0e24428d0bce0acc0f3eff4453f98f44c99641d2bb43,v31,original microdata,Fair,exclude_Crimea_Donetsk_Luhansk,25.806985907223385,1.180248138509299,23.49234129538355,28.12163051906322,1874,1874,2001,2000,1585.2963237024187,1788.966688737204,True,Approximate weighted respondent linearization; PSU/stratum unavailable in supplied file
ISSP,2019,buy_education,Is it fair that richer people can buy better education for their children?,ordinal,ZA7810_v1-0-0.sav,694abfea6f4a06ec211c0e24428d0bce0acc0f3eff4453f98f44c99641d2bb43,v31,original microdata,Unfair,survey_coverage,61.71914042978511,1.0868904608071084,59.58758430469365,63.85069655487656,2001,2001,2001,2000,2001.0,2001.0,False,Approximate weighted respondent linearization; PSU/stratum unavailable in supplied file
ISSP,2019,buy_education,Is it fair that richer people can buy better education for their children?,ordinal,ZA7810_v1-0-0.sav,694abfea6f4a06ec211c0e24428d0bce0acc0f3eff4453f98f44c99641d2bb43,v31,original microdata,Unfair,exclude_Crimea_Donetsk_Luhansk,57.92108830993326,1.2602878522515266,55.449473747367094,60.39270287249943,1874,1874,2001,2000,1585.2963237024187,1788.966688737204,True,Approximate weighted respondent linearization; PSU/stratum unavailable in supplied file
ISSP,2019,buy_education,Is it fair that richer people can buy better education for their children?,ordinal,ZA7810_v1-0-0.sav,694abfea6f4a06ec211c0e24428d0bce0acc0f3eff4453f98f44c99641d2bb43,v31,original microdata,Mixed feelings,survey_coverage,12.793603198400799,0.7468882235789865,11.328842741724928,14.25836365507667,2001,2001,2001,2000,2001.0,2001.0,False,Approximate weighted respondent linearization; PSU/stratum unavailable in supplied file
ISSP,2019,buy_education,Is it fair that richer people can buy better education for their children?,ordinal,ZA7810_v1-0-0.sav,694abfea6f4a06ec211c0e24428d0bce0acc0f3eff4453f98f44c99641d2bb43,v31,original microdata,Mixed feelings,exclude_Crimea_Donetsk_Luhansk,12.935826868562527,0.8222012111048095,11.323366284184372,14.548287452940682,1874,1874,2001,2000,1585.2963237024187,1788.966688737204,True,Approximate weighted respondent linearization; PSU/stratum unavailable in supplied file
ISSP,2019,buy_education,Is it fair that richer people can buy better education for their children?,ordinal,ZA7810_v1-0-0.sav,694abfea6f4a06ec211c0e24428d0bce0acc0f3eff4453f98f44c99641d2bb43,v31,original microdata,Don't know,survey_coverage,3.2983508245877062,0.3993469445837243,2.515171234317049,4.0815304148583635,2001,2001,2001,2000,2001.0,2001.0,False,Approximate weighted respondent linearization; PSU/stratum unavailable in supplied file
ISSP,2019,buy_education,Is it fair that richer people can buy better education for their children?,ordinal,ZA7810_v1-0-0.sav,694abfea6f4a06ec211c0e24428d0bce0acc0f3eff4453f98f44c99641d2bb43,v31,original microdata,Don't know,exclude_Crimea_Donetsk_Luhansk,3.3360989142808264,0.43202593056258637,2.488830903661632,4.183366924900021,1874,1874,2001,2000,1585.2963237024187,1788.966688737204,True,Approximate weighted respondent linearization; PSU/stratum unavailable in supplied file
ISSP,2019,buy_education,Is it fair that richer people can buy better education for their children?,ordinal,ZA7810_v1-0-0.sav,694abfea6f4a06ec211c0e24428d0bce0acc0f3eff4453f98f44c99641d2bb43,v31,original microdata,No answer,survey_coverage,0.0,0.0,0.0,0.0,2001,2001,2001,2000,2001.0,2001.0,False,Approximate weighted respondent linearization; PSU/stratum unavailable in supplied file
ISSP,2019,buy_education,Is it fair that richer people can buy better education for their children?,ordinal,ZA7810_v1-0-0.sav,694abfea6f4a06ec211c0e24428d0bce0acc0f3eff4453f98f44c99641d2bb43,v31,original microdata,No answer,exclude_Crimea_Donetsk_Luhansk,0.0,0.0,0.0,0.0,1874,1874,2001,2000,1585.2963237024187,1788.966688737204,True,Approximate weighted respondent linearization; PSU/stratum unavailable in supplied file
ISSP,2019,gov_success,Is government successful in reducing income differences?,ordinal,ZA7810_v1-0-0.sav,694abfea6f4a06ec211c0e24428d0bce0acc0f3eff4453f98f44c99641d2bb43,v27,original microdata,Successful,survey_coverage,7.346326836581709,0.5833798786675326,6.202230905603088,8.49042276756033,2001,2001,2001,2000,2001.0,2001.0,False,Approximate weighted respondent linearization; PSU/stratum unavailable in supplied file
ISSP,2019,gov_success,Is government successful in reducing income differences?,ordinal,ZA7810_v1-0-0.sav,694abfea6f4a06ec211c0e24428d0bce0acc0f3eff4453f98f44c99641d2bb43,v27,original microdata,Successful,exclude_Crimea_Donetsk_Luhansk,8.162952450721733,0.7291780977305913,6.732924221983767,9.592980679459698,1874,1874,2001,2000,1585.2963237024187,1788.966688737204,True,Approximate weighted respondent linearization; PSU/stratum unavailable in supplied file
ISSP,2019,gov_success,Is government successful in reducing income differences?,ordinal,ZA7810_v1-0-0.sav,694abfea6f4a06ec211c0e24428d0bce0acc0f3eff4453f98f44c99641d2bb43,v27,original microdata,Unsuccessful,survey_coverage,60.11994002998501,1.0948942446166905,57.97268727766347,62.26719278230655,2001,2001,2001,2000,2001.0,2001.0,False,Approximate weighted respondent linearization; PSU/stratum unavailable in supplied file
ISSP,2019,gov_success,Is government successful in reducing income differences?,ordinal,ZA7810_v1-0-0.sav,694abfea6f4a06ec211c0e24428d0bce0acc0f3eff4453f98f44c99641d2bb43,v27,original microdata,Unsuccessful,exclude_Crimea_Donetsk_Luhansk,60.88546292340845,1.220910091882726,58.4910740881195,63.2798517586974,1874,1874,2001,2000,1585.2963237024187,1788.966688737204,True,Approximate weighted respondent linearization; PSU/stratum unavailable in supplied file
ISSP,2019,gov_success,Is government successful in reducing income differences?,ordinal,ZA7810_v1-0-0.sav,694abfea6f4a06ec211c0e24428d0bce0acc0f3eff4453f98f44c99641d2bb43,v27,original microdata,Neither,survey_coverage,12.243878060969514,0.7329649569130373,10.806423230217572,13.681332891721457,2001,2001,2001,2000,2001.0,2001.0,False,Approximate weighted respondent linearization; PSU/stratum unavailable in supplied file
ISSP,2019,gov_success,Is government successful in reducing income differences?,ordinal,ZA7810_v1-0-0.sav,694abfea6f4a06ec211c0e24428d0bce0acc0f3eff4453f98f44c99641d2bb43,v27,original microdata,Neither,exclude_Crimea_Donetsk_Luhansk,11.924411205871426,0.7782704770600419,10.398105416856321,13.45071699488653,1874,1874,2001,2000,1585.2963237024187,1788.966688737204,True,Approximate weighted respondent linearization; PSU/stratum unavailable in supplied file
ISSP,2019,gov_success,Is government successful in reducing income differences?,ordinal,ZA7810_v1-0-0.sav,694abfea6f4a06ec211c0e24428d0bce0acc0f3eff4453f98f44c99641d2bb43,v27,original microdata,Don't know,survey_coverage,20.28985507246377,0.8992517134775984,18.526286831705843,22.053423313221696,2001,2001,2001,2000,2001.0,2001.0,False,Approximate weighted respondent linearization; PSU/stratum unavailable in supplied file
ISSP,2019,gov_success,Is government successful in reducing income differences?,ordinal,ZA7810_v1-0-0.sav,694abfea6f4a06ec211c0e24428d0bce0acc0f3eff4453f98f44c99641d2bb43,v27,original microdata,Don't know,exclude_Crimea_Donetsk_Luhansk,19.027173419998395,0.9696523235267773,17.125538964684615,20.928807875312174,1874,1874,2001,2000,1585.2963237024187,1788.966688737204,True,Approximate weighted respondent linearization; PSU/stratum unavailable in supplied file
ISSP,2019,gov_success,Is government successful in reducing income differences?,ordinal,ZA7810_v1-0-0.sav,694abfea6f4a06ec211c0e24428d0bce0acc0f3eff4453f98f44c99641d2bb43,v27,original microdata,No answer,survey_coverage,0.0,0.0,0.0,0.0,2001,2001,2001,2000,2001.0,2001.0,False,Approximate weighted respondent linearization; PSU/stratum unavailable in supplied file
ISSP,2019,gov_success,Is government successful in reducing income differences?,ordinal,ZA7810_v1-0-0.sav,694abfea6f4a06ec211c0e24428d0bce0acc0f3eff4453f98f44c99641d2bb43,v27,original microdata,No answer,exclude_Crimea_Donetsk_Luhansk,0.0,0.0,0.0,0.0,1874,1874,2001,2000,1585.2963237024187,1788.966688737204,True,Approximate weighted respondent linearization; PSU/stratum unavailable in supplied file
ISSP,2019,income_fair,Is the income distribution in Ukraine fair?,ordinal,ZA7810_v1-0-0.sav,694abfea6f4a06ec211c0e24428d0bce0acc0f3eff4453f98f44c99641d2bb43,v50,original microdata,Fair,survey_coverage,4.847576211894053,0.48023880833356436,3.905755476205673,5.789396947582432,2001,2001,2001,2000,2001.0,2001.0,False,Approximate weighted respondent linearization; PSU/stratum unavailable in supplied file
ISSP,2019,income_fair,Is the income distribution in Ukraine fair?,ordinal,ZA7810_v1-0-0.sav,694abfea6f4a06ec211c0e24428d0bce0acc0f3eff4453f98f44c99641d2bb43,v50,original microdata,Fair,exclude_Crimea_Donetsk_Luhansk,5.9671151046689985,0.6494767257342586,4.693393287462899,7.240836921875098,1874,1874,2001,2000,1585.2963237024187,1788.966688737204,True,Approximate weighted respondent linearization; PSU/stratum unavailable in supplied file
ISSP,2019,income_fair,Is the income distribution in Ukraine fair?,ordinal,ZA7810_v1-0-0.sav,694abfea6f4a06ec211c0e24428d0bce0acc0f3eff4453f98f44c99641d2bb43,v50,original microdata,Unfair,survey_coverage,89.60519740129935,0.6824325383523674,88.26684426495247,90.94355053764623,2001,2001,2001,2000,2001.0,2001.0,False,Approximate weighted respondent linearization; PSU/stratum unavailable in supplied file
ISSP,2019,income_fair,Is the income distribution in Ukraine fair?,ordinal,ZA7810_v1-0-0.sav,694abfea6f4a06ec211c0e24428d0bce0acc0f3eff4453f98f44c99641d2bb43,v50,original microdata,Unfair,exclude_Crimea_Donetsk_Luhansk,89.04577501174006,0.8165806368128301,87.44433722127778,90.64721280220235,1874,1874,2001,2000,1585.2963237024187,1788.966688737204,True,Approximate weighted respondent linearization; PSU/stratum unavailable in supplied file
ISSP,2019,income_fair,Is the income distribution in Ukraine fair?,ordinal,ZA7810_v1-0-0.sav,694abfea6f4a06ec211c0e24428d0bce0acc0f3eff4453f98f44c99641d2bb43,v50,original microdata,Don't know,survey_coverage,5.547226386806597,0.5118353827619659,4.543440003076046,6.551012770537148,2001,2001,2001,2000,2001.0,2001.0,False,Approximate weighted respondent linearization; PSU/stratum unavailable in supplied file
ISSP,2019,income_fair,Is the income distribution in Ukraine fair?,ordinal,ZA7810_v1-0-0.sav,694abfea6f4a06ec211c0e24428d0bce0acc0f3eff4453f98f44c99641d2bb43,v50,original microdata,Don't know,exclude_Crimea_Donetsk_Luhansk,4.987109883590946,0.5374605181777721,3.933068744370777,6.041151022811116,1874,1874,2001,2000,1585.2963237024187,1788.966688737204,True,Approximate weighted respondent linearization; PSU/stratum unavailable in supplied file
ISSP,2019,income_fair,Is the income distribution in Ukraine fair?,ordinal,ZA7810_v1-0-0.sav,694abfea6f4a06ec211c0e24428d0bce0acc0f3eff4453f98f44c99641d2bb43,v50,original microdata,No answer,survey_coverage,0.0,0.0,0.0,0.0,2001,2001,2001,2000,2001.0,2001.0,False,Approximate weighted respondent linearization; PSU/stratum unavailable in supplied file
ISSP,2019,income_fair,Is the income distribution in Ukraine fair?,ordinal,ZA7810_v1-0-0.sav,694abfea6f4a06ec211c0e24428d0bce0acc0f3eff4453f98f44c99641d2bb43,v50,original microdata,No answer,exclude_Crimea_Donetsk_Luhansk,0.0,0.0,0.0,0.0,1874,1874,2001,2000,1585.2963237024187,1788.966688737204,True,Approximate weighted respondent linearization; PSU/stratum unavailable in supplied file
ISSP,2019,anger,How angry do differences in wealth between rich and poor make you?,numeric,ZA7810_v1-0-0.sav,694abfea6f4a06ec211c0e24428d0bce0acc0f3eff4453f98f44c99641d2bb43,v32,original microdata,Mean,survey_coverage,4.691244239631336,0.07770817335705416,4.5388467912574715,4.843641688005201,1953,2001,2001,2000,1953.0,1953.0,False,Approximate weighted respondent linearization; PSU/stratum unavailable in supplied file
ISSP,2019,anger,How angry do differences in wealth between rich and poor make you?,numeric,ZA7810_v1-0-0.sav,694abfea6f4a06ec211c0e24428d0bce0acc0f3eff4453f98f44c99641d2bb43,v32,original microdata,Mean,exclude_Crimea_Donetsk_Luhansk,4.597600889088985,0.08453065511407315,4.431823524981294,4.7633782531966755,1831,1874,2001,2000,1547.8867967443246,1750.3729850715574,True,Approximate weighted respondent linearization; PSU/stratum unavailable in supplied file
ISSP,2019,responsibility,Who should have the greatest responsibility for reducing income differences?,nominal,ZA7810_v1-0-0.sav,694abfea6f4a06ec211c0e24428d0bce0acc0f3eff4453f98f44c99641d2bb43,v25,original microdata,Private companies,survey_coverage,5.097451274362818,0.49181354085759926,4.1329307424230475,6.061971806302589,2001,2001,2001,2000,2001.0,2001.0,False,Approximate weighted respondent linearization; PSU/stratum unavailable in supplied file
ISSP,2019,responsibility,Who should have the greatest responsibility for reducing income differences?,nominal,ZA7810_v1-0-0.sav,694abfea6f4a06ec211c0e24428d0bce0acc0f3eff4453f98f44c99641d2bb43,v25,original microdata,Private companies,exclude_Crimea_Donetsk_Luhansk,6.39865352008374,0.6965627441827563,5.032588918899636,7.764718121267844,1874,1874,2001,2000,1585.2963237024187,1788.966688737204,True,Approximate weighted respondent linearization; PSU/stratum unavailable in supplied file
ISSP,2019,responsibility,Who should have the greatest responsibility for reducing income differences?,nominal,ZA7810_v1-0-0.sav,694abfea6f4a06ec211c0e24428d0bce0acc0f3eff4453f98f44c99641d2bb43,v25,original microdata,Government,survey_coverage,80.60969515242378,0.8840380542362652,78.875963192055,82.34342711279257,2001,2001,2001,2000,2001.0,2001.0,False,Approximate weighted respondent linearization; PSU/stratum unavailable in supplied file
ISSP,2019,responsibility,Who should have the greatest responsibility for reducing income differences?,nominal,ZA7810_v1-0-0.sav,694abfea6f4a06ec211c0e24428d0bce0acc0f3eff4453f98f44c99641d2bb43,v25,original microdata,Government,exclude_Crimea_Donetsk_Luhansk,80.14723428286047,1.041229245145145,78.10522668858518,82.18924187713576,1874,1874,2001,2000,1585.2963237024187,1788.966688737204,True,Approximate weighted respondent linearization; PSU/stratum unavailable in supplied file
ISSP,2019,responsibility,Who should have the greatest responsibility for reducing income differences?,nominal,ZA7810_v1-0-0.sav,694abfea6f4a06ec211c0e24428d0bce0acc0f3eff4453f98f44c99641d2bb43,v25,original microdata,Trade unions,survey_coverage,2.448775612193903,0.345601692140327,1.7709985681515374,3.1265526562362687,2001,2001,2001,2000,2001.0,2001.0,False,Approximate weighted respondent linearization; PSU/stratum unavailable in supplied file
ISSP,2019,responsibility,Who should have the greatest responsibility for reducing income differences?,nominal,ZA7810_v1-0-0.sav,694abfea6f4a06ec211c0e24428d0bce0acc0f3eff4453f98f44c99641d2bb43,v25,original microdata,Trade unions,exclude_Crimea_Donetsk_Luhansk,2.315458355510278,0.36524228911711626,1.5991631384817961,3.03175357253876,1874,1874,2001,2000,1585.2963237024187,1788.966688737204,True,Approximate weighted respondent linearization; PSU/stratum unavailable in supplied file
ISSP,2019,responsibility,Who should have the greatest responsibility for reducing income differences?,nominal,ZA7810_v1-0-0.sav,694abfea6f4a06ec211c0e24428d0bce0acc0f3eff4453f98f44c99641d2bb43,v25,original microdata,High-income people,survey_coverage,1.999000499750125,0.31297287979712496,1.3852134779892733,2.6127875215109766,2001,2001,2001,2000,2001.0,2001.0,False,Approximate weighted respondent linearization; PSU/stratum unavailable in supplied file
ISSP,2019,responsibility,Who should have the greatest responsibility for reducing income differences?,nominal,ZA7810_v1-0-0.sav,694abfea6f4a06ec211c0e24428d0bce0acc0f3eff4453f98f44c99641d2bb43,v25,original microdata,High-income people,exclude_Crimea_Donetsk_Luhansk,2.1082654112301094,0.3675565957690258,1.3874314897993876,2.829099332660831,1874,1874,2001,2000,1585.2963237024187,1788.966688737204,True,Approximate weighted respondent linearization; PSU/stratum unavailable in supplied file
ISSP,2019,responsibility,Who should have the greatest responsibility for reducing income differences?,nominal,ZA7810_v1-0-0.sav,694abfea6f4a06ec211c0e24428d0bce0acc0f3eff4453f98f44c99641d2bb43,v25,original microdata,Low-income people,survey_coverage,1.3493253373313343,0.2579843550170912,0.8433791063688353,1.8552715682938334,2001,2001,2001,2000,2001.0,2001.0,False,Approximate weighted respondent linearization; PSU/stratum unavailable in supplied file
ISSP,2019,responsibility,Who should have the greatest responsibility for reducing income differences?,nominal,ZA7810_v1-0-0.sav,694abfea6f4a06ec211c0e24428d0bce0acc0f3eff4453f98f44c99641d2bb43,v25,original microdata,Low-income people,exclude_Crimea_Donetsk_Luhansk,1.3032105037928177,0.2651200915687129,0.7832700171972778,1.8231509903883576,1874,1874,2001,2000,1585.2963237024187,1788.966688737204,True,Approximate weighted respondent linearization; PSU/stratum unavailable in supplied file
ISSP,2019,responsibility,Who should have the greatest responsibility for reducing income differences?,nominal,ZA7810_v1-0-0.sav,694abfea6f4a06ec211c0e24428d0bce0acc0f3eff4453f98f44c99641d2bb43,v25,original microdata,No reduction needed,survey_coverage,1.1494252873563218,0.23834990061296235,0.6819851828684919,1.6168653918441516,2001,2001,2001,2000,2001.0,2001.0,False,Approximate weighted respondent linearization; PSU/stratum unavailable in supplied file
ISSP,2019,responsibility,Who should have the greatest responsibility for reducing income differences?,nominal,ZA7810_v1-0-0.sav,694abfea6f4a06ec211c0e24428d0bce0acc0f3eff4453f98f44c99641d2bb43,v25,original microdata,No reduction needed,exclude_Crimea_Donetsk_Luhansk,0.4519418934073481,0.17825984151184068,0.10234745796604694,0.8015363288486492,1874,1874,2001,2000,1585.2963237024187,1788.966688737204,True,Approximate weighted respondent linearization; PSU/stratum unavailable in supplied file
ISSP,2019,responsibility,Who should have the greatest responsibility for reducing income differences?,nominal,ZA7810_v1-0-0.sav,694abfea6f4a06ec211c0e24428d0bce0acc0f3eff4453f98f44c99641d2bb43,v25,original microdata,Don't know,survey_coverage,7.346326836581709,0.5833798786675326,6.202230905603088,8.49042276756033,2001,2001,2001,2000,2001.0,2001.0,False,Approximate weighted respondent linearization; PSU/stratum unavailable in supplied file
ISSP,2019,responsibility,Who should have the greatest responsibility for reducing income differences?,nominal,ZA7810_v1-0-0.sav,694abfea6f4a06ec211c0e24428d0bce0acc0f3eff4453f98f44c99641d2bb43,v25,original microdata,Don't know,exclude_Crimea_Donetsk_Luhansk,7.27523603311525,0.6668598940731321,5.967423200961143,8.583048865269356,1874,1874,2001,2000,1585.2963237024187,1788.966688737204,True,Approximate weighted respondent linearization; PSU/stratum unavailable in supplied file
ISSP,2019,responsibility,Who should have the greatest responsibility for reducing income differences?,nominal,ZA7810_v1-0-0.sav,694abfea6f4a06ec211c0e24428d0bce0acc0f3eff4453f98f44c99641d2bb43,v25,original microdata,No answer,survey_coverage,0.0,0.0,0.0,0.0,2001,2001,2001,2000,2001.0,2001.0,False,Approximate weighted respondent linearization; PSU/stratum unavailable in supplied file
ISSP,2019,responsibility,Who should have the greatest responsibility for reducing income differences?,nominal,ZA7810_v1-0-0.sav,694abfea6f4a06ec211c0e24428d0bce0acc0f3eff4453f98f44c99641d2bb43,v25,original microdata,No answer,exclude_Crimea_Donetsk_Luhansk,0.0,0.0,0.0,0.0,1874,1874,2001,2000,1585.2963237024187,1788.966688737204,True,Approximate weighted respondent linearization; PSU/stratum unavailable in supplied file
ISSP,2019,society_actual,Which diagram best describes the shape of Ukrainian society?,nominal,ZA7810_v1-0-0.sav,694abfea6f4a06ec211c0e24428d0bce0acc0f3eff4453f98f44c99641d2bb43,v48,original microdata,A: Elite over a large bottom,survey_coverage,42.4287856071964,1.1051417810892419,40.26143589025623,44.596135324136576,2001,2001,2001,2000,2001.0,2001.0,False,Approximate weighted respondent linearization; PSU/stratum unavailable in supplied file
ISSP,2019,society_actual,Which diagram best describes the shape of Ukrainian society?,nominal,ZA7810_v1-0-0.sav,694abfea6f4a06ec211c0e24428d0bce0acc0f3eff4453f98f44c99641d2bb43,v48,original microdata,A: Elite over a large bottom,exclude_Crimea_Donetsk_Luhansk,42.771952156035496,1.2480642533192787,40.32430991461322,45.219594397457776,1874,1874,2001,2000,1585.2963237024187,1788.966688737204,True,Approximate weighted respondent linearization; PSU/stratum unavailable in supplied file
ISSP,2019,society_actual,Which diagram best describes the shape of Ukrainian society?,nominal,ZA7810_v1-0-0.sav,694abfea6f4a06ec211c0e24428d0bce0acc0f3eff4453f98f44c99641d2bb43,v48,original microdata,B: Pyramid,survey_coverage,17.5912043978011,0.8513724119370127,15.921534688812557,19.260874106789643,2001,2001,2001,2000,2001.0,2001.0,False,Approximate weighted respondent linearization; PSU/stratum unavailable in supplied file
ISSP,2019,society_actual,Which diagram best describes the shape of Ukrainian society?,nominal,ZA7810_v1-0-0.sav,694abfea6f4a06ec211c0e24428d0bce0acc0f3eff4453f98f44c99641d2bb43,v48,original microdata,B: Pyramid,exclude_Crimea_Donetsk_Luhansk,17.178458429035814,0.9212949535675006,15.371660069765667,18.98525678830596,1874,1874,2001,2000,1585.2963237024187,1788.966688737204,True,Approximate weighted respondent linearization; PSU/stratum unavailable in supplied file
ISSP,2019,society_actual,Which diagram best describes the shape of Ukrainian society?,nominal,ZA7810_v1-0-0.sav,694abfea6f4a06ec211c0e24428d0bce0acc0f3eff4453f98f44c99641d2bb43,v48,original microdata,C: Pyramid with few at bottom,survey_coverage,11.494252873563218,0.7131996348270607,10.095560820548311,12.892944926578124,2001,2001,2001,2000,2001.0,2001.0,False,Approximate weighted respondent linearization; PSU/stratum unavailable in supplied file
ISSP,2019,society_actual,Which diagram best describes the shape of Ukrainian society?,nominal,ZA7810_v1-0-0.sav,694abfea6f4a06ec211c0e24428d0bce0acc0f3eff4453f98f44c99641d2bb43,v48,original microdata,C: Pyramid with few at bottom,exclude_Crimea_Donetsk_Luhansk,11.802647765131013,0.8073262844366293,10.219359155476328,13.385936374785699,1874,1874,2001,2000,1585.2963237024187,1788.966688737204,True,Approximate weighted respondent linearization; PSU/stratum unavailable in supplied file
ISSP,2019,society_actual,Which diagram best describes the shape of Ukrainian society?,nominal,ZA7810_v1-0-0.sav,694abfea6f4a06ec211c0e24428d0bce0acc0f3eff4453f98f44c99641d2bb43,v48,original microdata,D: Most people in the middle,survey_coverage,6.546726636681659,0.5530881638639219,5.462037327214108,7.63141594614921,2001,2001,2001,2000,2001.0,2001.0,False,Approximate weighted respondent linearization; PSU/stratum unavailable in supplied file
ISSP,2019,society_actual,Which diagram best describes the shape of Ukrainian society?,nominal,ZA7810_v1-0-0.sav,694abfea6f4a06ec211c0e24428d0bce0acc0f3eff4453f98f44c99641d2bb43,v48,original microdata,D: Most people in the middle,exclude_Crimea_Donetsk_Luhansk,6.277167691070082,0.6378173627775324,5.02631164315836,7.528023738981805,1874,1874,2001,2000,1585.2963237024187,1788.966688737204,True,Approximate weighted respondent linearization; PSU/stratum unavailable in supplied file
ISSP,2019,society_actual,Which diagram best describes the shape of Ukrainian society?,nominal,ZA7810_v1-0-0.sav,694abfea6f4a06ec211c0e24428d0bce0acc0f3eff4453f98f44c99641d2bb43,v48,original microdata,"E: Many near top, few at bottom",survey_coverage,2.6986506746626686,0.3623412424789715,1.9880448476451371,3.4092565016802,2001,2001,2001,2000,2001.0,2001.0,False,Approximate weighted respondent linearization; PSU/stratum unavailable in supplied file
ISSP,2019,society_actual,Which diagram best describes the shape of Ukrainian society?,nominal,ZA7810_v1-0-0.sav,694abfea6f4a06ec211c0e24428d0bce0acc0f3eff4453f98f44c99641d2bb43,v48,original microdata,"E: Many near top, few at bottom",exclude_Crimea_Donetsk_Luhansk,2.8042791080278384,0.40712171426514326,2.0058520217737335,3.6027061942819434,1874,1874,2001,2000,1585.2963237024187,1788.966688737204,True,Approximate weighted respondent linearization; PSU/stratum unavailable in supplied file
ISSP,2019,society_actual,Which diagram best describes the shape of Ukrainian society?,nominal,ZA7810_v1-0-0.sav,694abfea6f4a06ec211c0e24428d0bce0acc0f3eff4453f98f44c99641d2bb43,v48,original microdata,Don't know,survey_coverage,19.240379810094954,0.8814322905852683,17.511758145262935,20.969001474926973,2001,2001,2001,2000,2001.0,2001.0,False,Approximate weighted respondent linearization; PSU/stratum unavailable in supplied file
ISSP,2019,society_actual,Which diagram best describes the shape of Ukrainian society?,nominal,ZA7810_v1-0-0.sav,694abfea6f4a06ec211c0e24428d0bce0acc0f3eff4453f98f44c99641d2bb43,v48,original microdata,Don't know,exclude_Crimea_Donetsk_Luhansk,19.165494850699744,0.9758522862119277,17.2517013334442,21.07928836795529,1874,1874,2001,2000,1585.2963237024187,1788.966688737204,True,Approximate weighted respondent linearization; PSU/stratum unavailable in supplied file
ISSP,2019,society_actual,Which diagram best describes the shape of Ukrainian society?,nominal,ZA7810_v1-0-0.sav,694abfea6f4a06ec211c0e24428d0bce0acc0f3eff4453f98f44c99641d2bb43,v48,original microdata,No answer,survey_coverage,0.0,0.0,0.0,0.0,2001,2001,2001,2000,2001.0,2001.0,False,Approximate weighted respondent linearization; PSU/stratum unavailable in supplied file
ISSP,2019,society_actual,Which diagram best describes the shape of Ukrainian society?,nominal,ZA7810_v1-0-0.sav,694abfea6f4a06ec211c0e24428d0bce0acc0f3eff4453f98f44c99641d2bb43,v48,original microdata,No answer,exclude_Crimea_Donetsk_Luhansk,0.0,0.0,0.0,0.0,1874,1874,2001,2000,1585.2963237024187,1788.966688737204,True,Approximate weighted respondent linearization; PSU/stratum unavailable in supplied file
ISSP,2019,society_ideal,Which shape of society would you prefer for Ukraine?,nominal,ZA7810_v1-0-0.sav,694abfea6f4a06ec211c0e24428d0bce0acc0f3eff4453f98f44c99641d2bb43,v49,original microdata,A: Elite over a large bottom,survey_coverage,5.697151424287856,0.5182941288870251,4.680698465258579,6.713604383317134,2001,2001,2001,2000,2001.0,2001.0,False,Approximate weighted respondent linearization; PSU/stratum unavailable in supplied file
ISSP,2019,society_ideal,Which shape of society would you prefer for Ukraine?,nominal,ZA7810_v1-0-0.sav,694abfea6f4a06ec211c0e24428d0bce0acc0f3eff4453f98f44c99641d2bb43,v49,original microdata,A: Elite over a large bottom,exclude_Crimea_Donetsk_Luhansk,6.143409815255236,0.674823629642379,4.819978896510664,7.466840733999808,1874,1874,2001,2000,1585.2963237024187,1788.966688737204,True,Approximate weighted respondent linearization; PSU/stratum unavailable in supplied file
ISSP,2019,society_ideal,Which shape of society would you prefer for Ukraine?,nominal,ZA7810_v1-0-0.sav,694abfea6f4a06ec211c0e24428d0bce0acc0f3eff4453f98f44c99641d2bb43,v49,original microdata,B: Pyramid,survey_coverage,6.946526736631684,0.5685061301166547,5.831600469910812,8.061453003352556,2001,2001,2001,2000,2001.0,2001.0,False,Approximate weighted respondent linearization; PSU/stratum unavailable in supplied file
ISSP,2019,society_ideal,Which shape of society would you prefer for Ukraine?,nominal,ZA7810_v1-0-0.sav,694abfea6f4a06ec211c0e24428d0bce0acc0f3eff4453f98f44c99641d2bb43,v49,original microdata,B: Pyramid,exclude_Crimea_Donetsk_Luhansk,6.404327312805252,0.5904515968275343,5.246362675915202,7.562291949695303,1874,1874,2001,2000,1585.2963237024187,1788.966688737204,True,Approximate weighted respondent linearization; PSU/stratum unavailable in supplied file
ISSP,2019,society_ideal,Which shape of society would you prefer for Ukraine?,nominal,ZA7810_v1-0-0.sav,694abfea6f4a06ec211c0e24428d0bce0acc0f3eff4453f98f44c99641d2bb43,v49,original microdata,C: Pyramid with few at bottom,survey_coverage,13.29335332333833,0.7591515295890283,11.804542673950156,14.782163972726504,2001,2001,2001,2000,2001.0,2001.0,False,Approximate weighted respondent linearization; PSU/stratum unavailable in supplied file
ISSP,2019,society_ideal,Which shape of society would you prefer for Ukraine?,nominal,ZA7810_v1-0-0.sav,694abfea6f4a06ec211c0e24428d0bce0acc0f3eff4453f98f44c99641d2bb43,v49,original microdata,C: Pyramid with few at bottom,exclude_Crimea_Donetsk_Luhansk,13.332358317767683,0.8421765846869137,11.68072301298734,14.983993622548027,1874,1874,2001,2000,1585.2963237024187,1788.966688737204,True,Approximate weighted respondent linearization; PSU/stratum unavailable in supplied file
ISSP,2019,society_ideal,Which shape of society would you prefer for Ukraine?,nominal,ZA7810_v1-0-0.sav,694abfea6f4a06ec211c0e24428d0bce0acc0f3eff4453f98f44c99641d2bb43,v49,original microdata,D: Most people in the middle,survey_coverage,36.18190904547726,1.0744906612838794,34.07467079746425,38.289147293490274,2001,2001,2001,2000,2001.0,2001.0,False,Approximate weighted respondent linearization; PSU/stratum unavailable in supplied file
ISSP,2019,society_ideal,Which shape of society would you prefer for Ukraine?,nominal,ZA7810_v1-0-0.sav,694abfea6f4a06ec211c0e24428d0bce0acc0f3eff4453f98f44c99641d2bb43,v49,original microdata,D: Most people in the middle,exclude_Crimea_Donetsk_Luhansk,36.67782641739594,1.2138514430349485,34.29728065712596,39.05837217766592,1874,1874,2001,2000,1585.2963237024187,1788.966688737204,True,Approximate weighted respondent linearization; PSU/stratum unavailable in supplied file
ISSP,2019,society_ideal,Which shape of society would you prefer for Ukraine?,nominal,ZA7810_v1-0-0.sav,694abfea6f4a06ec211c0e24428d0bce0acc0f3eff4453f98f44c99641d2bb43,v49,original microdata,"E: Many near top, few at bottom",survey_coverage,18.09095452273863,0.8607592046356708,16.40287589749469,19.77903314798257,2001,2001,2001,2000,2001.0,2001.0,False,Approximate weighted respondent linearization; PSU/stratum unavailable in supplied file
ISSP,2019,society_ideal,Which shape of society would you prefer for Ukraine?,nominal,ZA7810_v1-0-0.sav,694abfea6f4a06ec211c0e24428d0bce0acc0f3eff4453f98f44c99641d2bb43,v49,original microdata,"E: Many near top, few at bottom",exclude_Crimea_Donetsk_Luhansk,17.57703735018127,0.9399002952574635,15.733751109685992,19.420323590676553,1874,1874,2001,2000,1585.2963237024187,1788.966688737204,True,Approximate weighted respondent linearization; PSU/stratum unavailable in supplied file
ISSP,2019,society_ideal,Which shape of society would you prefer for Ukraine?,nominal,ZA7810_v1-0-0.sav,694abfea6f4a06ec211c0e24428d0bce0acc0f3eff4453f98f44c99641d2bb43,v49,original microdata,Don't know,survey_coverage,19.79010494752624,0.8908878270911893,18.04293954946442,21.537270345588055,2001,2001,2001,2000,2001.0,2001.0,False,Approximate weighted respondent linearization; PSU/stratum unavailable in supplied file
ISSP,2019,society_ideal,Which shape of society would you prefer for Ukraine?,nominal,ZA7810_v1-0-0.sav,694abfea6f4a06ec211c0e24428d0bce0acc0f3eff4453f98f44c99641d2bb43,v49,original microdata,Don't know,exclude_Crimea_Donetsk_Luhansk,19.86504078659462,0.9950445146002987,17.91360841478053,21.81647315840871,1874,1874,2001,2000,1585.2963237024187,1788.966688737204,True,Approximate weighted respondent linearization; PSU/stratum unavailable in supplied file
ISSP,2019,society_ideal,Which shape of society would you prefer for Ukraine?,nominal,ZA7810_v1-0-0.sav,694abfea6f4a06ec211c0e24428d0bce0acc0f3eff4453f98f44c99641d2bb43,v49,original microdata,No answer,survey_coverage,0.0,0.0,0.0,0.0,2001,2001,2001,2000,2001.0,2001.0,False,Approximate weighted respondent linearization; PSU/stratum unavailable in supplied file
ISSP,2019,society_ideal,Which shape of society would you prefer for Ukraine?,nominal,ZA7810_v1-0-0.sav,694abfea6f4a06ec211c0e24428d0bce0acc0f3eff4453f98f44c99641d2bb43,v49,original microdata,No answer,exclude_Crimea_Donetsk_Luhansk,0.0,0.0,0.0,0.0,1874,1874,2001,2000,1585.2963237024187,1788.966688737204,True,Approximate weighted respondent linearization; PSU/stratum unavailable in supplied file
ISSP,2019,ahead_wealth,Importance for getting ahead: coming from a wealthy family?,ordinal,ZA7810_v1-0-0.sav,694abfea6f4a06ec211c0e24428d0bce0acc0f3eff4453f98f44c99641d2bb43,v1,original microdata,Essential / very important,survey_coverage,25.73713143428286,0.9775769046378744,23.81995568017656,27.654307188389158,2001,2001,2001,2000,2001.0,2001.0,False,Approximate weighted respondent linearization; PSU/stratum unavailable in supplied file
ISSP,2019,ahead_wealth,Importance for getting ahead: coming from a wealthy family?,ordinal,ZA7810_v1-0-0.sav,694abfea6f4a06ec211c0e24428d0bce0acc0f3eff4453f98f44c99641d2bb43,v1,original microdata,Essential / very important,exclude_Crimea_Donetsk_Luhansk,25.994950230847575,1.12602641990589,23.786642587239346,28.203257874455804,1874,1874,2001,2000,1585.2963237024187,1788.966688737204,True,Approximate weighted respondent linearization; PSU/stratum unavailable in supplied file
ISSP,2019,ahead_wealth,Importance for getting ahead: coming from a wealthy family?,ordinal,ZA7810_v1-0-0.sav,694abfea6f4a06ec211c0e24428d0bce0acc0f3eff4453f98f44c99641d2bb43,v1,original microdata,Not very / not at all important,survey_coverage,47.92603698150925,1.1170717697171326,45.73529075751613,50.116783205502365,2001,2001,2001,2000,2001.0,2001.0,False,Approximate weighted respondent linearization; PSU/stratum unavailable in supplied file
ISSP,2019,ahead_wealth,Importance for getting ahead: coming from a wealthy family?,ordinal,ZA7810_v1-0-0.sav,694abfea6f4a06ec211c0e24428d0bce0acc0f3eff4453f98f44c99641d2bb43,v1,original microdata,Not very / not at all important,exclude_Crimea_Donetsk_Luhansk,48.08495584799352,1.253161516382379,45.62731710490419,50.542594591082846,1874,1874,2001,2000,1585.2963237024187,1788.966688737204,True,Approximate weighted respondent linearization; PSU/stratum unavailable in supplied file
ISSP,2019,ahead_wealth,Importance for getting ahead: coming from a wealthy family?,ordinal,ZA7810_v1-0-0.sav,694abfea6f4a06ec211c0e24428d0bce0acc0f3eff4453f98f44c99641d2bb43,v1,original microdata,Important,survey_coverage,22.73863068465767,0.9372346939407737,20.90057209038667,24.576689278928672,2001,2001,2001,2000,2001.0,2001.0,False,Approximate weighted respondent linearization; PSU/stratum unavailable in supplied file
ISSP,2019,ahead_wealth,Importance for getting ahead: coming from a wealthy family?,ordinal,ZA7810_v1-0-0.sav,694abfea6f4a06ec211c0e24428d0bce0acc0f3eff4453f98f44c99641d2bb43,v1,original microdata,Important,exclude_Crimea_Donetsk_Luhansk,22.713373477404932,1.0631508331464827,20.628374342711403,24.79837261209846,1874,1874,2001,2000,1585.2963237024187,1788.966688737204,True,Approximate weighted respondent linearization; PSU/stratum unavailable in supplied file
ISSP,2019,ahead_wealth,Importance for getting ahead: coming from a wealthy family?,ordinal,ZA7810_v1-0-0.sav,694abfea6f4a06ec211c0e24428d0bce0acc0f3eff4453f98f44c99641d2bb43,v1,original microdata,Don't know,survey_coverage,3.598200899550225,0.4164571047788106,2.7814657044782805,4.414936094622169,2001,2001,2001,2000,2001.0,2001.0,False,Approximate weighted respondent linearization; PSU/stratum unavailable in supplied file
ISSP,2019,ahead_wealth,Importance for getting ahead: coming from a wealthy family?,ordinal,ZA7810_v1-0-0.sav,694abfea6f4a06ec211c0e24428d0bce0acc0f3eff4453f98f44c99641d2bb43,v1,original microdata,Don't know,exclude_Crimea_Donetsk_Luhansk,3.2067204437539756,0.41950591128287046,2.384006079287977,4.029434808219975,1874,1874,2001,2000,1585.2963237024187,1788.966688737204,True,Approximate weighted respondent linearization; PSU/stratum unavailable in supplied file
ISSP,2019,ahead_wealth,Importance for getting ahead: coming from a wealthy family?,ordinal,ZA7810_v1-0-0.sav,694abfea6f4a06ec211c0e24428d0bce0acc0f3eff4453f98f44c99641d2bb43,v1,original microdata,No answer,survey_coverage,0.0,0.0,0.0,0.0,2001,2001,2001,2000,2001.0,2001.0,False,Approximate weighted respondent linearization; PSU/stratum unavailable in supplied file
ISSP,2019,ahead_wealth,Importance for getting ahead: coming from a wealthy family?,ordinal,ZA7810_v1-0-0.sav,694abfea6f4a06ec211c0e24428d0bce0acc0f3eff4453f98f44c99641d2bb43,v1,original microdata,No answer,exclude_Crimea_Donetsk_Luhansk,0.0,0.0,0.0,0.0,1874,1874,2001,2000,1585.2963237024187,1788.966688737204,True,Approximate weighted respondent linearization; PSU/stratum unavailable in supplied file
ISSP,2019,ahead_parents,Importance for getting ahead: having well-educated parents?,ordinal,ZA7810_v1-0-0.sav,694abfea6f4a06ec211c0e24428d0bce0acc0f3eff4453f98f44c99641d2bb43,v2,original microdata,Essential / very important,survey_coverage,31.63418290854573,1.0398790224259853,29.594823304671532,33.67354251241993,2001,2001,2001,2000,2001.0,2001.0,False,Approximate weighted respondent linearization; PSU/stratum unavailable in supplied file
ISSP,2019,ahead_parents,Importance for getting ahead: having well-educated parents?,ordinal,ZA7810_v1-0-0.sav,694abfea6f4a06ec211c0e24428d0bce0acc0f3eff4453f98f44c99641d2bb43,v2,original microdata,Essential / very important,exclude_Crimea_Donetsk_Luhansk,31.397551621201988,1.1812789553796588,29.080885422005288,33.71421782039869,1874,1874,2001,2000,1585.2963237024187,1788.966688737204,True,Approximate weighted respondent linearization; PSU/stratum unavailable in supplied file
ISSP,2019,ahead_parents,Importance for getting ahead: having well-educated parents?,ordinal,ZA7810_v1-0-0.sav,694abfea6f4a06ec211c0e24428d0bce0acc0f3eff4453f98f44c99641d2bb43,v2,original microdata,Not very / not at all important,survey_coverage,31.784107946026985,1.0411967337343129,29.742164111531903,33.82605178052207,2001,2001,2001,2000,2001.0,2001.0,False,Approximate weighted respondent linearization; PSU/stratum unavailable in supplied file
ISSP,2019,ahead_parents,Importance for getting ahead: having well-educated parents?,ordinal,ZA7810_v1-0-0.sav,694abfea6f4a06ec211c0e24428d0bce0acc0f3eff4453f98f44c99641d2bb43,v2,original microdata,Not very / not at all important,exclude_Crimea_Donetsk_Luhansk,32.74565844251106,1.1744308574758697,30.442422396175587,35.04889448884653,1874,1874,2001,2000,1585.2963237024187,1788.966688737204,True,Approximate weighted respondent linearization; PSU/stratum unavailable in supplied file
ISSP,2019,ahead_parents,Importance for getting ahead: having well-educated parents?,ordinal,ZA7810_v1-0-0.sav,694abfea6f4a06ec211c0e24428d0bce0acc0f3eff4453f98f44c99641d2bb43,v2,original microdata,Important,survey_coverage,34.3328335832084,1.0617296964078373,32.25062151200386,36.415045654412936,2001,2001,2001,2000,2001.0,2001.0,False,Approximate weighted respondent linearization; PSU/stratum unavailable in supplied file
ISSP,2019,ahead_parents,Importance for getting ahead: having well-educated parents?,ordinal,ZA7810_v1-0-0.sav,694abfea6f4a06ec211c0e24428d0bce0acc0f3eff4453f98f44c99641d2bb43,v2,original microdata,Important,exclude_Crimea_Donetsk_Luhansk,33.732739561051126,1.181488495447571,31.415662422177142,36.04981669992511,1874,1874,2001,2000,1585.2963237024187,1788.966688737204,True,Approximate weighted respondent linearization; PSU/stratum unavailable in supplied file
ISSP,2019,ahead_parents,Importance for getting ahead: having well-educated parents?,ordinal,ZA7810_v1-0-0.sav,694abfea6f4a06ec211c0e24428d0bce0acc0f3eff4453f98f44c99641d2bb43,v2,original microdata,Don't know,survey_coverage,2.2488755622188905,0.3315343986131331,1.5986866024983644,2.8990645219394167,2001,2001,2001,2000,2001.0,2001.0,False,Approximate weighted respondent linearization; PSU/stratum unavailable in supplied file
ISSP,2019,ahead_parents,Importance for getting ahead: having well-educated parents?,ordinal,ZA7810_v1-0-0.sav,694abfea6f4a06ec211c0e24428d0bce0acc0f3eff4453f98f44c99641d2bb43,v2,original microdata,Don't know,exclude_Crimea_Donetsk_Luhansk,2.1240503752358197,0.33408003539933817,1.4688690378290783,2.779231712642561,1874,1874,2001,2000,1585.2963237024187,1788.966688737204,True,Approximate weighted respondent linearization; PSU/stratum unavailable in supplied file
ISSP,2019,ahead_parents,Importance for getting ahead: having well-educated parents?,ordinal,ZA7810_v1-0-0.sav,694abfea6f4a06ec211c0e24428d0bce0acc0f3eff4453f98f44c99641d2bb43,v2,original microdata,No answer,survey_coverage,0.0,0.0,0.0,0.0,2001,2001,2001,2000,2001.0,2001.0,False,Approximate weighted respondent linearization; PSU/stratum unavailable in supplied file
ISSP,2019,ahead_parents,Importance for getting ahead: having well-educated parents?,ordinal,ZA7810_v1-0-0.sav,694abfea6f4a06ec211c0e24428d0bce0acc0f3eff4453f98f44c99641d2bb43,v2,original microdata,No answer,exclude_Crimea_Donetsk_Luhansk,0.0,0.0,0.0,0.0,1874,1874,2001,2000,1585.2963237024187,1788.966688737204,True,Approximate weighted respondent linearization; PSU/stratum unavailable in supplied file
ISSP,2019,ahead_education,Importance for getting ahead: having a good education?,ordinal,ZA7810_v1-0-0.sav,694abfea6f4a06ec211c0e24428d0bce0acc0f3eff4453f98f44c99641d2bb43,v3,original microdata,Essential / very important,survey_coverage,54.87256371814093,1.1127124792174878,52.690366720312404,57.05476071596946,2001,2001,2001,2000,2001.0,2001.0,False,Approximate weighted respondent linearization; PSU/stratum unavailable in supplied file
ISSP,2019,ahead_education,Importance for getting ahead: having a good education?,ordinal,ZA7810_v1-0-0.sav,694abfea6f4a06ec211c0e24428d0bce0acc0f3eff4453f98f44c99641d2bb43,v3,original microdata,Essential / very important,exclude_Crimea_Donetsk_Luhansk,54.08458685305621,1.248465946930759,51.63615682987594,56.53301687623648,1874,1874,2001,2000,1585.2963237024187,1788.966688737204,True,Approximate weighted respondent linearization; PSU/stratum unavailable in supplied file
ISSP,2019,ahead_education,Importance for getting ahead: having a good education?,ordinal,ZA7810_v1-0-0.sav,694abfea6f4a06ec211c0e24428d0bce0acc0f3eff4453f98f44c99641d2bb43,v3,original microdata,Not very / not at all important,survey_coverage,13.44327836081959,0.7627601533232706,11.947390656013924,14.939166065625257,2001,2001,2001,2000,2001.0,2001.0,False,Approximate weighted respondent linearization; PSU/stratum unavailable in supplied file
ISSP,2019,ahead_education,Importance for getting ahead: having a good education?,ordinal,ZA7810_v1-0-0.sav,694abfea6f4a06ec211c0e24428d0bce0acc0f3eff4453f98f44c99641d2bb43,v3,original microdata,Not very / not at all important,exclude_Crimea_Donetsk_Luhansk,14.168006967639975,0.8840192780425132,12.434311830219073,15.901702105060878,1874,1874,2001,2000,1585.2963237024187,1788.966688737204,True,Approximate weighted respondent linearization; PSU/stratum unavailable in supplied file
ISSP,2019,ahead_education,Importance for getting ahead: having a good education?,ordinal,ZA7810_v1-0-0.sav,694abfea6f4a06ec211c0e24428d0bce0acc0f3eff4453f98f44c99641d2bb43,v3,original microdata,Important,survey_coverage,30.284857571214392,1.0274514973984654,28.26987021831429,32.299844924114495,2001,2001,2001,2000,2001.0,2001.0,False,Approximate weighted respondent linearization; PSU/stratum unavailable in supplied file
ISSP,2019,ahead_education,Importance for getting ahead: having a good education?,ordinal,ZA7810_v1-0-0.sav,694abfea6f4a06ec211c0e24428d0bce0acc0f3eff4453f98f44c99641d2bb43,v3,original microdata,Important,exclude_Crimea_Donetsk_Luhansk,30.337142116623188,1.1353702175966345,28.11050987645485,32.56377435679153,1874,1874,2001,2000,1585.2963237024187,1788.966688737204,True,Approximate weighted respondent linearization; PSU/stratum unavailable in supplied file
ISSP,2019,ahead_education,Importance for getting ahead: having a good education?,ordinal,ZA7810_v1-0-0.sav,694abfea6f4a06ec211c0e24428d0bce0acc0f3eff4453f98f44c99641d2bb43,v3,original microdata,Don't know,survey_coverage,1.3993003498250876,0.2626518546607735,0.8842004480805622,1.9144002515696128,2001,2001,2001,2000,2001.0,2001.0,False,Approximate weighted respondent linearization; PSU/stratum unavailable in supplied file
ISSP,2019,ahead_education,Importance for getting ahead: having a good education?,ordinal,ZA7810_v1-0-0.sav,694abfea6f4a06ec211c0e24428d0bce0acc0f3eff4453f98f44c99641d2bb43,v3,original microdata,Don't know,exclude_Crimea_Donetsk_Luhansk,1.4102640626806255,0.27769048638640836,0.8656711359039662,1.954856989457285,1874,1874,2001,2000,1585.2963237024187,1788.966688737204,True,Approximate weighted respondent linearization; PSU/stratum unavailable in supplied file
ISSP,2019,ahead_education,Importance for getting ahead: having a good education?,ordinal,ZA7810_v1-0-0.sav,694abfea6f4a06ec211c0e24428d0bce0acc0f3eff4453f98f44c99641d2bb43,v3,original microdata,No answer,survey_coverage,0.0,0.0,0.0,0.0,2001,2001,2001,2000,2001.0,2001.0,False,Approximate weighted respondent linearization; PSU/stratum unavailable in supplied file
ISSP,2019,ahead_education,Importance for getting ahead: having a good education?,ordinal,ZA7810_v1-0-0.sav,694abfea6f4a06ec211c0e24428d0bce0acc0f3eff4453f98f44c99641d2bb43,v3,original microdata,No answer,exclude_Crimea_Donetsk_Luhansk,0.0,0.0,0.0,0.0,1874,1874,2001,2000,1585.2963237024187,1788.966688737204,True,Approximate weighted respondent linearization; PSU/stratum unavailable in supplied file
ISSP,2019,ahead_work,Importance for getting ahead: hard work?,ordinal,ZA7810_v1-0-0.sav,694abfea6f4a06ec211c0e24428d0bce0acc0f3eff4453f98f44c99641d2bb43,v4,original microdata,Essential / very important,survey_coverage,47.37631184407796,1.1164936767533604,45.18669934757831,49.56592434057761,2001,2001,2001,2000,2001.0,2001.0,False,Approximate weighted respondent linearization; PSU/stratum unavailable in supplied file
ISSP,2019,ahead_work,Importance for getting ahead: hard work?,ordinal,ZA7810_v1-0-0.sav,694abfea6f4a06ec211c0e24428d0bce0acc0f3eff4453f98f44c99641d2bb43,v4,original microdata,Essential / very important,exclude_Crimea_Donetsk_Luhansk,47.37837960639507,1.2559050075526679,44.915360463330735,49.84139874945941,1874,1874,2001,2000,1585.2963237024187,1788.966688737204,True,Approximate weighted respondent linearization; PSU/stratum unavailable in supplied file
ISSP,2019,ahead_work,Importance for getting ahead: hard work?,ordinal,ZA7810_v1-0-0.sav,694abfea6f4a06ec211c0e24428d0bce0acc0f3eff4453f98f44c99641d2bb43,v4,original microdata,Not very / not at all important,survey_coverage,15.442278860569715,0.8080111105824516,13.857647203553416,17.026910517586014,2001,2001,2001,2000,2001.0,2001.0,False,Approximate weighted respondent linearization; PSU/stratum unavailable in supplied file
ISSP,2019,ahead_work,Importance for getting ahead: hard work?,ordinal,ZA7810_v1-0-0.sav,694abfea6f4a06ec211c0e24428d0bce0acc0f3eff4453f98f44c99641d2bb43,v4,original microdata,Not very / not at all important,exclude_Crimea_Donetsk_Luhansk,16.636943847650667,0.9880201539066819,14.699287306613684,18.57460038868765,1874,1874,2001,2000,1585.2963237024187,1788.966688737204,True,Approximate weighted respondent linearization; PSU/stratum unavailable in supplied file
ISSP,2019,ahead_work,Importance for getting ahead: hard work?,ordinal,ZA7810_v1-0-0.sav,694abfea6f4a06ec211c0e24428d0bce0acc0f3eff4453f98f44c99641d2bb43,v4,original microdata,Important,survey_coverage,34.18290854572714,1.0606176544653516,32.10287735649676,36.26293973495751,2001,2001,2001,2000,2001.0,2001.0,False,Approximate weighted respondent linearization; PSU/stratum unavailable in supplied file
ISSP,2019,ahead_work,Importance for getting ahead: hard work?,ordinal,ZA7810_v1-0-0.sav,694abfea6f4a06ec211c0e24428d0bce0acc0f3eff4453f98f44c99641d2bb43,v4,original microdata,Important,exclude_Crimea_Donetsk_Luhansk,33.07274361995117,1.1504975575363243,30.81644438456342,35.32904285533892,1874,1874,2001,2000,1585.2963237024187,1788.966688737204,True,Approximate weighted respondent linearization; PSU/stratum unavailable in supplied file
ISSP,2019,ahead_work,Importance for getting ahead: hard work?,ordinal,ZA7810_v1-0-0.sav,694abfea6f4a06ec211c0e24428d0bce0acc0f3eff4453f98f44c99641d2bb43,v4,original microdata,Don't know,survey_coverage,2.998500749625187,0.38135224413723845,2.2506114810005675,3.746390018249807,2001,2001,2001,2000,2001.0,2001.0,False,Approximate weighted respondent linearization; PSU/stratum unavailable in supplied file
ISSP,2019,ahead_work,Importance for getting ahead: hard work?,ordinal,ZA7810_v1-0-0.sav,694abfea6f4a06ec211c0e24428d0bce0acc0f3eff4453f98f44c99641d2bb43,v4,original microdata,Don't know,exclude_Crimea_Donetsk_Luhansk,2.911932926003087,0.4131751484693823,2.1016341422586002,3.7222317097475734,1874,1874,2001,2000,1585.2963237024187,1788.966688737204,True,Approximate weighted respondent linearization; PSU/stratum unavailable in supplied file
ISSP,2019,ahead_work,Importance for getting ahead: hard work?,ordinal,ZA7810_v1-0-0.sav,694abfea6f4a06ec211c0e24428d0bce0acc0f3eff4453f98f44c99641d2bb43,v4,original microdata,No answer,survey_coverage,0.0,0.0,0.0,0.0,2001,2001,2001,2000,2001.0,2001.0,False,Approximate weighted respondent linearization; PSU/stratum unavailable in supplied file
ISSP,2019,ahead_work,Importance for getting ahead: hard work?,ordinal,ZA7810_v1-0-0.sav,694abfea6f4a06ec211c0e24428d0bce0acc0f3eff4453f98f44c99641d2bb43,v4,original microdata,No answer,exclude_Crimea_Donetsk_Luhansk,0.0,0.0,0.0,0.0,1874,1874,2001,2000,1585.2963237024187,1788.966688737204,True,Approximate weighted respondent linearization; PSU/stratum unavailable in supplied file
ISSP,2019,ahead_connections,Importance for getting ahead: knowing the right people?,ordinal,ZA7810_v1-0-0.sav,694abfea6f4a06ec211c0e24428d0bce0acc0f3eff4453f98f44c99641d2bb43,v5,original microdata,Essential / very important,survey_coverage,40.779610194902546,1.098859502357343,38.62458097408722,42.93463941571787,2001,2001,2001,2000,2001.0,2001.0,False,Approximate weighted respondent linearization; PSU/stratum unavailable in supplied file
ISSP,2019,ahead_connections,Importance for getting ahead: knowing the right people?,ordinal,ZA7810_v1-0-0.sav,694abfea6f4a06ec211c0e24428d0bce0acc0f3eff4453f98f44c99641d2bb43,v5,original microdata,Essential / very important,exclude_Crimea_Donetsk_Luhansk,43.97588005734635,1.267780685910536,41.48957091785999,46.46218919683271,1874,1874,2001,2000,1585.2963237024187,1788.966688737204,True,Approximate weighted respondent linearization; PSU/stratum unavailable in supplied file
ISSP,2019,ahead_connections,Importance for getting ahead: knowing the right people?,ordinal,ZA7810_v1-0-0.sav,694abfea6f4a06ec211c0e24428d0bce0acc0f3eff4453f98f44c99641d2bb43,v5,original microdata,Not very / not at all important,survey_coverage,19.240379810094954,0.8814322905852683,17.511758145262935,20.969001474926973,2001,2001,2001,2000,2001.0,2001.0,False,Approximate weighted respondent linearization; PSU/stratum unavailable in supplied file
ISSP,2019,ahead_connections,Importance for getting ahead: knowing the right people?,ordinal,ZA7810_v1-0-0.sav,694abfea6f4a06ec211c0e24428d0bce0acc0f3eff4453f98f44c99641d2bb43,v5,original microdata,Not very / not at all important,exclude_Crimea_Donetsk_Luhansk,17.98939650761059,0.9154892240405097,16.19398405959841,19.78480895562277,1874,1874,2001,2000,1585.2963237024187,1788.966688737204,True,Approximate weighted respondent linearization; PSU/stratum unavailable in supplied file
ISSP,2019,ahead_connections,Importance for getting ahead: knowing the right people?,ordinal,ZA7810_v1-0-0.sav,694abfea6f4a06ec211c0e24428d0bce0acc0f3eff4453f98f44c99641d2bb43,v5,original microdata,Important,survey_coverage,37.181409295352324,1.0806673244682472,35.06205767923275,39.3007609114719,2001,2001,2001,2000,2001.0,2001.0,False,Approximate weighted respondent linearization; PSU/stratum unavailable in supplied file
ISSP,2019,ahead_connections,Importance for getting ahead: knowing the right people?,ordinal,ZA7810_v1-0-0.sav,694abfea6f4a06ec211c0e24428d0bce0acc0f3eff4453f98f44c99641d2bb43,v5,original microdata,Important,exclude_Crimea_Donetsk_Luhansk,35.78805150660081,1.1734846158043226,33.48667118290118,38.089431830300434,1874,1874,2001,2000,1585.2963237024187,1788.966688737204,True,Approximate weighted respondent linearization; PSU/stratum unavailable in supplied file
ISSP,2019,ahead_connections,Importance for getting ahead: knowing the right people?,ordinal,ZA7810_v1-0-0.sav,694abfea6f4a06ec211c0e24428d0bce0acc0f3eff4453f98f44c99641d2bb43,v5,original microdata,Don't know,survey_coverage,2.798600699650175,0.3688006942028004,2.075326913548307,3.5218744857520434,2001,2001,2001,2000,2001.0,2001.0,False,Approximate weighted respondent linearization; PSU/stratum unavailable in supplied file
ISSP,2019,ahead_connections,Importance for getting ahead: knowing the right people?,ordinal,ZA7810_v1-0-0.sav,694abfea6f4a06ec211c0e24428d0bce0acc0f3eff4453f98f44c99641d2bb43,v5,original microdata,Don't know,exclude_Crimea_Donetsk_Luhansk,2.246671928442237,0.32879340356027653,1.601858473433955,2.8914853834505188,1874,1874,2001,2000,1585.2963237024187,1788.966688737204,True,Approximate weighted respondent linearization; PSU/stratum unavailable in supplied file
ISSP,2019,ahead_connections,Importance for getting ahead: knowing the right people?,ordinal,ZA7810_v1-0-0.sav,694abfea6f4a06ec211c0e24428d0bce0acc0f3eff4453f98f44c99641d2bb43,v5,original microdata,No answer,survey_coverage,0.0,0.0,0.0,0.0,2001,2001,2001,2000,2001.0,2001.0,False,Approximate weighted respondent linearization; PSU/stratum unavailable in supplied file
ISSP,2019,ahead_connections,Importance for getting ahead: knowing the right people?,ordinal,ZA7810_v1-0-0.sav,694abfea6f4a06ec211c0e24428d0bce0acc0f3eff4453f98f44c99641d2bb43,v5,original microdata,No answer,exclude_Crimea_Donetsk_Luhansk,0.0,0.0,0.0,0.0,1874,1874,2001,2000,1585.2963237024187,1788.966688737204,True,Approximate weighted respondent linearization; PSU/stratum unavailable in supplied file
ISSP,2019,ahead_political,Importance for getting ahead: political connections?,ordinal,ZA7810_v1-0-0.sav,694abfea6f4a06ec211c0e24428d0bce0acc0f3eff4453f98f44c99641d2bb43,v6,original microdata,Essential / very important,survey_coverage,17.391304347826086,0.8475473343312142,15.729136192944049,19.05347250270812,2001,2001,2001,2000,2001.0,2001.0,False,Approximate weighted respondent linearization; PSU/stratum unavailable in supplied file
ISSP,2019,ahead_political,Importance for getting ahead: political connections?,ordinal,ZA7810_v1-0-0.sav,694abfea6f4a06ec211c0e24428d0bce0acc0f3eff4453f98f44c99641d2bb43,v6,original microdata,Essential / very important,exclude_Crimea_Donetsk_Luhansk,20.61082052544071,1.0928555396358282,18.46756598107656,22.754075069804863,1874,1874,2001,2000,1585.2963237024187,1788.966688737204,True,Approximate weighted respondent linearization; PSU/stratum unavailable in supplied file
ISSP,2019,ahead_political,Importance for getting ahead: political connections?,ordinal,ZA7810_v1-0-0.sav,694abfea6f4a06ec211c0e24428d0bce0acc0f3eff4453f98f44c99641d2bb43,v6,original microdata,Not very / not at all important,survey_coverage,51.174412793603196,1.1177255375516435,48.98238443228135,53.36644115492504,2001,2001,2001,2000,2001.0,2001.0,False,Approximate weighted respondent linearization; PSU/stratum unavailable in supplied file
ISSP,2019,ahead_political,Importance for getting ahead: political connections?,ordinal,ZA7810_v1-0-0.sav,694abfea6f4a06ec211c0e24428d0bce0acc0f3eff4453f98f44c99641d2bb43,v6,original microdata,Not very / not at all important,exclude_Crimea_Donetsk_Luhansk,49.51013346259249,1.2551545789729468,47.048586023157206,51.97168090202778,1874,1874,2001,2000,1585.2963237024187,1788.966688737204,True,Approximate weighted respondent linearization; PSU/stratum unavailable in supplied file
ISSP,2019,ahead_political,Importance for getting ahead: political connections?,ordinal,ZA7810_v1-0-0.sav,694abfea6f4a06ec211c0e24428d0bce0acc0f3eff4453f98f44c99641d2bb43,v6,original microdata,Important,survey_coverage,19.99000499750125,0.894259526074506,18.236227189192938,21.74378280580956,2001,2001,2001,2000,2001.0,2001.0,False,Approximate weighted respondent linearization; PSU/stratum unavailable in supplied file
ISSP,2019,ahead_political,Importance for getting ahead: political connections?,ordinal,ZA7810_v1-0-0.sav,694abfea6f4a06ec211c0e24428d0bce0acc0f3eff4453f98f44c99641d2bb43,v6,original microdata,Important,exclude_Crimea_Donetsk_Luhansk,19.751978603502867,0.9926584561655872,17.805225652159134,21.6987315548466,1874,1874,2001,2000,1585.2963237024187,1788.966688737204,True,Approximate weighted respondent linearization; PSU/stratum unavailable in supplied file
ISSP,2019,ahead_political,Importance for getting ahead: political connections?,ordinal,ZA7810_v1-0-0.sav,694abfea6f4a06ec211c0e24428d0bce0acc0f3eff4453f98f44c99641d2bb43,v6,original microdata,Don't know,survey_coverage,11.444277861069466,0.7118484004145762,10.048235782538857,12.840319939600075,2001,2001,2001,2000,2001.0,2001.0,False,Approximate weighted respondent linearization; PSU/stratum unavailable in supplied file
ISSP,2019,ahead_political,Importance for getting ahead: political connections?,ordinal,ZA7810_v1-0-0.sav,694abfea6f4a06ec211c0e24428d0bce0acc0f3eff4453f98f44c99641d2bb43,v6,original microdata,Don't know,exclude_Crimea_Donetsk_Luhansk,10.127067408463931,0.7451299584012784,8.665755174993825,11.588379641934038,1874,1874,2001,2000,1585.2963237024187,1788.966688737204,True,Approximate weighted respondent linearization; PSU/stratum unavailable in supplied file
ISSP,2019,ahead_political,Importance for getting ahead: political connections?,ordinal,ZA7810_v1-0-0.sav,694abfea6f4a06ec211c0e24428d0bce0acc0f3eff4453f98f44c99641d2bb43,v6,original microdata,No answer,survey_coverage,0.0,0.0,0.0,0.0,2001,2001,2001,2000,2001.0,2001.0,False,Approximate weighted respondent linearization; PSU/stratum unavailable in supplied file
ISSP,2019,ahead_political,Importance for getting ahead: political connections?,ordinal,ZA7810_v1-0-0.sav,694abfea6f4a06ec211c0e24428d0bce0acc0f3eff4453f98f44c99641d2bb43,v6,original microdata,No answer,exclude_Crimea_Donetsk_Luhansk,0.0,0.0,0.0,0.0,1874,1874,2001,2000,1585.2963237024187,1788.966688737204,True,Approximate weighted respondent linearization; PSU/stratum unavailable in supplied file
ISSP,2019,ahead_bribes,Importance for getting ahead: giving bribes?,ordinal,ZA7810_v1-0-0.sav,694abfea6f4a06ec211c0e24428d0bce0acc0f3eff4453f98f44c99641d2bb43,v7,original microdata,Essential / very important,survey_coverage,6.646676661669165,0.5569961200592599,5.554323260680766,7.739030062657564,2001,2001,2001,2000,2001.0,2001.0,False,Approximate weighted respondent linearization; PSU/stratum unavailable in supplied file
ISSP,2019,ahead_bribes,Importance for getting ahead: giving bribes?,ordinal,ZA7810_v1-0-0.sav,694abfea6f4a06ec211c0e24428d0bce0acc0f3eff4453f98f44c99641d2bb43,v7,original microdata,Essential / very important,exclude_Crimea_Donetsk_Luhansk,6.936870036608104,0.6988175189793684,5.566383481968956,8.307356591247252,1874,1874,2001,2000,1585.2963237024187,1788.966688737204,True,Approximate weighted respondent linearization; PSU/stratum unavailable in supplied file
ISSP,2019,ahead_bribes,Importance for getting ahead: giving bribes?,ordinal,ZA7810_v1-0-0.sav,694abfea6f4a06ec211c0e24428d0bce0acc0f3eff4453f98f44c99641d2bb43,v7,original microdata,Not very / not at all important,survey_coverage,67.01649175412294,1.0512942043932958,64.95474525670348,69.0782382515424,2001,2001,2001,2000,2001.0,2001.0,False,Approximate weighted respondent linearization; PSU/stratum unavailable in supplied file
ISSP,2019,ahead_bribes,Importance for getting ahead: giving bribes?,ordinal,ZA7810_v1-0-0.sav,694abfea6f4a06ec211c0e24428d0bce0acc0f3eff4453f98f44c99641d2bb43,v7,original microdata,Not very / not at all important,exclude_Crimea_Donetsk_Luhansk,66.96554677939437,1.207513614797781,64.59743045620739,69.33366310258135,1874,1874,2001,2000,1585.2963237024187,1788.966688737204,True,Approximate weighted respondent linearization; PSU/stratum unavailable in supplied file
ISSP,2019,ahead_bribes,Importance for getting ahead: giving bribes?,ordinal,ZA7810_v1-0-0.sav,694abfea6f4a06ec211c0e24428d0bce0acc0f3eff4453f98f44c99641d2bb43,v7,original microdata,Important,survey_coverage,14.592703648175911,0.7894059047961653,13.044559605857138,16.140847690494684,2001,2001,2001,2000,2001.0,2001.0,False,Approximate weighted respondent linearization; PSU/stratum unavailable in supplied file
ISSP,2019,ahead_bribes,Importance for getting ahead: giving bribes?,ordinal,ZA7810_v1-0-0.sav,694abfea6f4a06ec211c0e24428d0bce0acc0f3eff4453f98f44c99641d2bb43,v7,original microdata,Important,exclude_Crimea_Donetsk_Luhansk,14.21136508334944,0.8806075927717569,12.484360775315672,15.938369391383208,1874,1874,2001,2000,1585.2963237024187,1788.966688737204,True,Approximate weighted respondent linearization; PSU/stratum unavailable in supplied file
ISSP,2019,ahead_bribes,Importance for getting ahead: giving bribes?,ordinal,ZA7810_v1-0-0.sav,694abfea6f4a06ec211c0e24428d0bce0acc0f3eff4453f98f44c99641d2bb43,v7,original microdata,Don't know,survey_coverage,11.744127936031983,0.7198917462456809,10.3323116431801,13.155944228883866,2001,2001,2001,2000,2001.0,2001.0,False,Approximate weighted respondent linearization; PSU/stratum unavailable in supplied file
ISSP,2019,ahead_bribes,Importance for getting ahead: giving bribes?,ordinal,ZA7810_v1-0-0.sav,694abfea6f4a06ec211c0e24428d0bce0acc0f3eff4453f98f44c99641d2bb43,v7,original microdata,Don't know,exclude_Crimea_Donetsk_Luhansk,11.88621810064808,0.8497886895816571,10.219654310065055,13.552781891231104,1874,1874,2001,2000,1585.2963237024187,1788.966688737204,True,Approximate weighted respondent linearization; PSU/stratum unavailable in supplied file
ISSP,2019,ahead_bribes,Importance for getting ahead: giving bribes?,ordinal,ZA7810_v1-0-0.sav,694abfea6f4a06ec211c0e24428d0bce0acc0f3eff4453f98f44c99641d2bb43,v7,original microdata,No answer,survey_coverage,0.0,0.0,0.0,0.0,2001,2001,2001,2000,2001.0,2001.0,False,Approximate weighted respondent linearization; PSU/stratum unavailable in supplied file
ISSP,2019,ahead_bribes,Importance for getting ahead: giving bribes?,ordinal,ZA7810_v1-0-0.sav,694abfea6f4a06ec211c0e24428d0bce0acc0f3eff4453f98f44c99641d2bb43,v7,original microdata,No answer,exclude_Crimea_Donetsk_Luhansk,0.0,0.0,0.0,0.0,1874,1874,2001,2000,1585.2963237024187,1788.966688737204,True,Approximate weighted respondent linearization; PSU/stratum unavailable in supplied file
ISSP,2019,ahead_race,Importance for getting ahead: ethnic background (nationality)?,ordinal,ZA7810_v1-0-0.sav,694abfea6f4a06ec211c0e24428d0bce0acc0f3eff4453f98f44c99641d2bb43,v8,original microdata,Essential / very important,survey_coverage,10.994502748625687,0.6994895224994548,9.62269829372798,12.366307203523393,2001,2001,2001,2000,2001.0,2001.0,False,Approximate weighted respondent linearization; PSU/stratum unavailable in supplied file
ISSP,2019,ahead_race,Importance for getting ahead: ethnic background (nationality)?,ordinal,ZA7810_v1-0-0.sav,694abfea6f4a06ec211c0e24428d0bce0acc0f3eff4453f98f44c99641d2bb43,v8,original microdata,Essential / very important,exclude_Crimea_Donetsk_Luhansk,11.877421338312358,0.8486581493000729,10.2130747077365,13.541767968888216,1874,1874,2001,2000,1585.2963237024187,1788.966688737204,True,Approximate weighted respondent linearization; PSU/stratum unavailable in supplied file
ISSP,2019,ahead_race,Importance for getting ahead: ethnic background (nationality)?,ordinal,ZA7810_v1-0-0.sav,694abfea6f4a06ec211c0e24428d0bce0acc0f3eff4453f98f44c99641d2bb43,v8,original microdata,Not very / not at all important,survey_coverage,72.36381809095452,0.9999649094830015,70.40273608265149,74.32490009925756,2001,2001,2001,2000,2001.0,2001.0,False,Approximate weighted respondent linearization; PSU/stratum unavailable in supplied file
ISSP,2019,ahead_race,Importance for getting ahead: ethnic background (nationality)?,ordinal,ZA7810_v1-0-0.sav,694abfea6f4a06ec211c0e24428d0bce0acc0f3eff4453f98f44c99641d2bb43,v8,original microdata,Not very / not at all important,exclude_Crimea_Donetsk_Luhansk,71.7860794459223,1.132427824703694,69.56521768200666,74.00694120983793,1874,1874,2001,2000,1585.2963237024187,1788.966688737204,True,Approximate weighted respondent linearization; PSU/stratum unavailable in supplied file
ISSP,2019,ahead_race,Importance for getting ahead: ethnic background (nationality)?,ordinal,ZA7810_v1-0-0.sav,694abfea6f4a06ec211c0e24428d0bce0acc0f3eff4453f98f44c99641d2bb43,v8,original microdata,Important,survey_coverage,13.043478260869565,0.7530655685082074,11.566603099082652,14.520353422656477,2001,2001,2001,2000,2001.0,2001.0,False,Approximate weighted respondent linearization; PSU/stratum unavailable in supplied file
ISSP,2019,ahead_race,Importance for getting ahead: ethnic background (nationality)?,ordinal,ZA7810_v1-0-0.sav,694abfea6f4a06ec211c0e24428d0bce0acc0f3eff4453f98f44c99641d2bb43,v8,original microdata,Important,exclude_Crimea_Donetsk_Luhansk,12.744193846999359,0.7978599774079213,11.179470093194135,14.308917600804582,1874,1874,2001,2000,1585.2963237024187,1788.966688737204,True,Approximate weighted respondent linearization; PSU/stratum unavailable in supplied file
ISSP,2019,ahead_race,Importance for getting ahead: ethnic background (nationality)?,ordinal,ZA7810_v1-0-0.sav,694abfea6f4a06ec211c0e24428d0bce0acc0f3eff4453f98f44c99641d2bb43,v8,original microdata,Don't know,survey_coverage,3.598200899550225,0.41645710477881054,2.7814657044782805,4.414936094622169,2001,2001,2001,2000,2001.0,2001.0,False,Approximate weighted respondent linearization; PSU/stratum unavailable in supplied file
ISSP,2019,ahead_race,Importance for getting ahead: ethnic background (nationality)?,ordinal,ZA7810_v1-0-0.sav,694abfea6f4a06ec211c0e24428d0bce0acc0f3eff4453f98f44c99641d2bb43,v8,original microdata,Don't know,exclude_Crimea_Donetsk_Luhansk,3.5923053687659783,0.4858503357246261,2.639479581498939,4.545131156033018,1874,1874,2001,2000,1585.2963237024187,1788.966688737204,True,Approximate weighted respondent linearization; PSU/stratum unavailable in supplied file
ISSP,2019,ahead_race,Importance for getting ahead: ethnic background (nationality)?,ordinal,ZA7810_v1-0-0.sav,694abfea6f4a06ec211c0e24428d0bce0acc0f3eff4453f98f44c99641d2bb43,v8,original microdata,No answer,survey_coverage,0.0,0.0,0.0,0.0,2001,2001,2001,2000,2001.0,2001.0,False,Approximate weighted respondent linearization; PSU/stratum unavailable in supplied file
ISSP,2019,ahead_race,Importance for getting ahead: ethnic background (nationality)?,ordinal,ZA7810_v1-0-0.sav,694abfea6f4a06ec211c0e24428d0bce0acc0f3eff4453f98f44c99641d2bb43,v8,original microdata,No answer,exclude_Crimea_Donetsk_Luhansk,0.0,0.0,0.0,0.0,1874,1874,2001,2000,1585.2963237024187,1788.966688737204,True,Approximate weighted respondent linearization; PSU/stratum unavailable in supplied file
ISSP,2019,ahead_religion,Importance for getting ahead: a person’s religion?,ordinal,ZA7810_v1-0-0.sav,694abfea6f4a06ec211c0e24428d0bce0acc0f3eff4453f98f44c99641d2bb43,v9,original microdata,Essential / very important,survey_coverage,11.794102948525737,0.7212175228362628,10.37968660781801,13.208519289233463,2001,2001,2001,2000,2001.0,2001.0,False,Approximate weighted respondent linearization; PSU/stratum unavailable in supplied file
ISSP,2019,ahead_religion,Importance for getting ahead: a person’s religion?,ordinal,ZA7810_v1-0-0.sav,694abfea6f4a06ec211c0e24428d0bce0acc0f3eff4453f98f44c99641d2bb43,v9,original microdata,Essential / very important,exclude_Crimea_Donetsk_Luhansk,12.218238432142037,0.8293798460242218,10.59169946196141,13.844777402322665,1874,1874,2001,2000,1585.2963237024187,1788.966688737204,True,Approximate weighted respondent linearization; PSU/stratum unavailable in supplied file
ISSP,2019,ahead_religion,Importance for getting ahead: a person’s religion?,ordinal,ZA7810_v1-0-0.sav,694abfea6f4a06ec211c0e24428d0bce0acc0f3eff4453f98f44c99641d2bb43,v9,original microdata,Not very / not at all important,survey_coverage,70.41479260369815,1.0205969436922666,68.4132480644615,72.4163371429348,2001,2001,2001,2000,2001.0,2001.0,False,Approximate weighted respondent linearization; PSU/stratum unavailable in supplied file
ISSP,2019,ahead_religion,Importance for getting ahead: a person’s religion?,ordinal,ZA7810_v1-0-0.sav,694abfea6f4a06ec211c0e24428d0bce0acc0f3eff4453f98f44c99641d2bb43,v9,original microdata,Not very / not at all important,exclude_Crimea_Donetsk_Luhansk,70.26899955331027,1.150716325479926,68.0122712809892,72.52572782563134,1874,1874,2001,2000,1585.2963237024187,1788.966688737204,True,Approximate weighted respondent linearization; PSU/stratum unavailable in supplied file
ISSP,2019,ahead_religion,Importance for getting ahead: a person’s religion?,ordinal,ZA7810_v1-0-0.sav,694abfea6f4a06ec211c0e24428d0bce0acc0f3eff4453f98f44c99641d2bb43,v9,original microdata,Important,survey_coverage,14.192903548225887,0.7803370565638112,12.662544885109766,15.723262211342009,2001,2001,2001,2000,2001.0,2001.0,False,Approximate weighted respondent linearization; PSU/stratum unavailable in supplied file
ISSP,2019,ahead_religion,Importance for getting ahead: a person’s religion?,ordinal,ZA7810_v1-0-0.sav,694abfea6f4a06ec211c0e24428d0bce0acc0f3eff4453f98f44c99641d2bb43,v9,original microdata,Important,exclude_Crimea_Donetsk_Luhansk,14.105740631570905,0.8668985273116574,12.405621868589263,15.805859394552547,1874,1874,2001,2000,1585.2963237024187,1788.966688737204,True,Approximate weighted respondent linearization; PSU/stratum unavailable in supplied file
ISSP,2019,ahead_religion,Importance for getting ahead: a person’s religion?,ordinal,ZA7810_v1-0-0.sav,694abfea6f4a06ec211c0e24428d0bce0acc0f3eff4453f98f44c99641d2bb43,v9,original microdata,Don't know,survey_coverage,3.598200899550225,0.41645710477881054,2.7814657044782805,4.414936094622169,2001,2001,2001,2000,2001.0,2001.0,False,Approximate weighted respondent linearization; PSU/stratum unavailable in supplied file
ISSP,2019,ahead_religion,Importance for getting ahead: a person’s religion?,ordinal,ZA7810_v1-0-0.sav,694abfea6f4a06ec211c0e24428d0bce0acc0f3eff4453f98f44c99641d2bb43,v9,original microdata,Don't know,exclude_Crimea_Donetsk_Luhansk,3.4070213829767835,0.47350062463808607,2.478415241809201,4.335627524144366,1874,1874,2001,2000,1585.2963237024187,1788.966688737204,True,Approximate weighted respondent linearization; PSU/stratum unavailable in supplied file
ISSP,2019,ahead_religion,Importance for getting ahead: a person’s religion?,ordinal,ZA7810_v1-0-0.sav,694abfea6f4a06ec211c0e24428d0bce0acc0f3eff4453f98f44c99641d2bb43,v9,original microdata,No answer,survey_coverage,0.0,0.0,0.0,0.0,2001,2001,2001,2000,2001.0,2001.0,False,Approximate weighted respondent linearization; PSU/stratum unavailable in supplied file
ISSP,2019,ahead_religion,Importance for getting ahead: a person’s religion?,ordinal,ZA7810_v1-0-0.sav,694abfea6f4a06ec211c0e24428d0bce0acc0f3eff4453f98f44c99641d2bb43,v9,original microdata,No answer,exclude_Crimea_Donetsk_Luhansk,0.0,0.0,0.0,0.0,1874,1874,2001,2000,1585.2963237024187,1788.966688737204,True,Approximate weighted respondent linearization; PSU/stratum unavailable in supplied file
ISSP,2019,ahead_gender,Importance for getting ahead: being born a man or woman?,ordinal,ZA7810_v1-0-0.sav,694abfea6f4a06ec211c0e24428d0bce0acc0f3eff4453f98f44c99641d2bb43,v10,original microdata,Essential / very important,survey_coverage,8.945527236381809,0.6381732782330094,7.693973184580556,10.19708128818306,2001,2001,2001,2000,2001.0,2001.0,False,Approximate weighted respondent linearization; PSU/stratum unavailable in supplied file
ISSP,2019,ahead_gender,Importance for getting ahead: being born a man or woman?,ordinal,ZA7810_v1-0-0.sav,694abfea6f4a06ec211c0e24428d0bce0acc0f3eff4453f98f44c99641d2bb43,v10,original microdata,Essential / very important,exclude_Crimea_Donetsk_Luhansk,9.760745570554763,0.7941546072650467,8.203288606466241,11.318202534643284,1874,1874,2001,2000,1585.2963237024187,1788.966688737204,True,Approximate weighted respondent linearization; PSU/stratum unavailable in supplied file
ISSP,2019,ahead_gender,Importance for getting ahead: being born a man or woman?,ordinal,ZA7810_v1-0-0.sav,694abfea6f4a06ec211c0e24428d0bce0acc0f3eff4453f98f44c99641d2bb43,v10,original microdata,Not very / not at all important,survey_coverage,68.26586706646677,1.0407588818526037,66.22478192555121,70.30695220738232,2001,2001,2001,2000,2001.0,2001.0,False,Approximate weighted respondent linearization; PSU/stratum unavailable in supplied file
ISSP,2019,ahead_gender,Importance for getting ahead: being born a man or woman?,ordinal,ZA7810_v1-0-0.sav,694abfea6f4a06ec211c0e24428d0bce0acc0f3eff4453f98f44c99641d2bb43,v10,original microdata,Not very / not at all important,exclude_Crimea_Donetsk_Luhansk,68.66812770666135,1.170394674174391,66.37280722454186,70.96344818878084,1874,1874,2001,2000,1585.2963237024187,1788.966688737204,True,Approximate weighted respondent linearization; PSU/stratum unavailable in supplied file
ISSP,2019,ahead_gender,Importance for getting ahead: being born a man or woman?,ordinal,ZA7810_v1-0-0.sav,694abfea6f4a06ec211c0e24428d0bce0acc0f3eff4453f98f44c99641d2bb43,v10,original microdata,Important,survey_coverage,18.790604697651176,0.8734911690628954,17.077556769852915,20.503652625449437,2001,2001,2001,2000,2001.0,2001.0,False,Approximate weighted respondent linearization; PSU/stratum unavailable in supplied file
ISSP,2019,ahead_gender,Importance for getting ahead: being born a man or woman?,ordinal,ZA7810_v1-0-0.sav,694abfea6f4a06ec211c0e24428d0bce0acc0f3eff4453f98f44c99641d2bb43,v10,original microdata,Important,exclude_Crimea_Donetsk_Luhansk,18.177334548180852,0.9496259613057352,16.31497480968064,20.039694286681065,1874,1874,2001,2000,1585.2963237024187,1788.966688737204,True,Approximate weighted respondent linearization; PSU/stratum unavailable in supplied file
ISSP,2019,ahead_gender,Importance for getting ahead: being born a man or woman?,ordinal,ZA7810_v1-0-0.sav,694abfea6f4a06ec211c0e24428d0bce0acc0f3eff4453f98f44c99641d2bb43,v10,original microdata,Don't know,survey_coverage,3.99800099950025,0.4380731034644902,3.1388735707489204,4.857128428251579,2001,2001,2001,2000,2001.0,2001.0,False,Approximate weighted respondent linearization; PSU/stratum unavailable in supplied file
ISSP,2019,ahead_gender,Importance for getting ahead: being born a man or woman?,ordinal,ZA7810_v1-0-0.sav,694abfea6f4a06ec211c0e24428d0bce0acc0f3eff4453f98f44c99641d2bb43,v10,original microdata,Don't know,exclude_Crimea_Donetsk_Luhansk,3.393792174603032,0.45189973567518815,2.5075486346695195,4.280035714536544,1874,1874,2001,2000,1585.2963237024187,1788.966688737204,True,Approximate weighted respondent linearization; PSU/stratum unavailable in supplied file
ISSP,2019,ahead_gender,Importance for getting ahead: being born a man or woman?,ordinal,ZA7810_v1-0-0.sav,694abfea6f4a06ec211c0e24428d0bce0acc0f3eff4453f98f44c99641d2bb43,v10,original microdata,No answer,survey_coverage,0.0,0.0,0.0,0.0,2001,2001,2001,2000,2001.0,2001.0,False,Approximate weighted respondent linearization; PSU/stratum unavailable in supplied file
ISSP,2019,ahead_gender,Importance for getting ahead: being born a man or woman?,ordinal,ZA7810_v1-0-0.sav,694abfea6f4a06ec211c0e24428d0bce0acc0f3eff4453f98f44c99641d2bb43,v10,original microdata,No answer,exclude_Crimea_Donetsk_Luhansk,0.0,0.0,0.0,0.0,1874,1874,2001,2000,1585.2963237024187,1788.966688737204,True,Approximate weighted respondent linearization; PSU/stratum unavailable in supplied file
ISSP,2019,pay_responsibility,What should determine pay: job responsibility?,ordinal,ZA7810_v1-0-0.sav,694abfea6f4a06ec211c0e24428d0bce0acc0f3eff4453f98f44c99641d2bb43,v44,original microdata,Essential / very important,survey_coverage,74.01299350324838,0.9806569591383499,72.08977729771405,75.93620970878271,2001,2001,2001,2000,2001.0,2001.0,False,Approximate weighted respondent linearization; PSU/stratum unavailable in supplied file
ISSP,2019,pay_responsibility,What should determine pay: job responsibility?,ordinal,ZA7810_v1-0-0.sav,694abfea6f4a06ec211c0e24428d0bce0acc0f3eff4453f98f44c99641d2bb43,v44,original microdata,Essential / very important,exclude_Crimea_Donetsk_Luhansk,74.48197089306002,1.065215090640619,72.39292343807658,76.57101834804347,1874,1874,2001,2000,1585.2963237024187,1788.966688737204,True,Approximate weighted respondent linearization; PSU/stratum unavailable in supplied file
ISSP,2019,pay_responsibility,What should determine pay: job responsibility?,ordinal,ZA7810_v1-0-0.sav,694abfea6f4a06ec211c0e24428d0bce0acc0f3eff4453f98f44c99641d2bb43,v44,original microdata,Not very / not at all important,survey_coverage,2.448775612193903,0.345601692140327,1.7709985681515374,3.1265526562362687,2001,2001,2001,2000,2001.0,2001.0,False,Approximate weighted respondent linearization; PSU/stratum unavailable in supplied file
ISSP,2019,pay_responsibility,What should determine pay: job responsibility?,ordinal,ZA7810_v1-0-0.sav,694abfea6f4a06ec211c0e24428d0bce0acc0f3eff4453f98f44c99641d2bb43,v44,original microdata,Not very / not at all important,exclude_Crimea_Donetsk_Luhansk,2.4704077807194005,0.3938427045085559,1.6980228354192093,3.2427927260195917,1874,1874,2001,2000,1585.2963237024187,1788.966688737204,True,Approximate weighted respondent linearization; PSU/stratum unavailable in supplied file
ISSP,2019,pay_responsibility,What should determine pay: job responsibility?,ordinal,ZA7810_v1-0-0.sav,694abfea6f4a06ec211c0e24428d0bce0acc0f3eff4453f98f44c99641d2bb43,v44,original microdata,Important,survey_coverage,21.88905547226387,0.924601210727777,20.075773044032548,23.70233790049519,2001,2001,2001,2000,2001.0,2001.0,False,Approximate weighted respondent linearization; PSU/stratum unavailable in supplied file
ISSP,2019,pay_responsibility,What should determine pay: job responsibility?,ordinal,ZA7810_v1-0-0.sav,694abfea6f4a06ec211c0e24428d0bce0acc0f3eff4453f98f44c99641d2bb43,v44,original microdata,Important,exclude_Crimea_Donetsk_Luhansk,21.49333825052949,0.9923895518749909,19.5471126610574,23.43956384000158,1874,1874,2001,2000,1585.2963237024187,1788.966688737204,True,Approximate weighted respondent linearization; PSU/stratum unavailable in supplied file
ISSP,2019,pay_responsibility,What should determine pay: job responsibility?,ordinal,ZA7810_v1-0-0.sav,694abfea6f4a06ec211c0e24428d0bce0acc0f3eff4453f98f44c99641d2bb43,v44,original microdata,Don't know,survey_coverage,1.6491754122938531,0.2847786523678265,1.0906815229472056,2.2076693016405007,2001,2001,2001,2000,2001.0,2001.0,False,Approximate weighted respondent linearization; PSU/stratum unavailable in supplied file
ISSP,2019,pay_responsibility,What should determine pay: job responsibility?,ordinal,ZA7810_v1-0-0.sav,694abfea6f4a06ec211c0e24428d0bce0acc0f3eff4453f98f44c99641d2bb43,v44,original microdata,Don't know,exclude_Crimea_Donetsk_Luhansk,1.5542830756910755,0.31822353686047444,0.9301987234928712,2.1783674278892797,1874,1874,2001,2000,1585.2963237024187,1788.966688737204,True,Approximate weighted respondent linearization; PSU/stratum unavailable in supplied file
ISSP,2019,pay_responsibility,What should determine pay: job responsibility?,ordinal,ZA7810_v1-0-0.sav,694abfea6f4a06ec211c0e24428d0bce0acc0f3eff4453f98f44c99641d2bb43,v44,original microdata,No answer,survey_coverage,0.0,0.0,0.0,0.0,2001,2001,2001,2000,2001.0,2001.0,False,Approximate weighted respondent linearization; PSU/stratum unavailable in supplied file
ISSP,2019,pay_responsibility,What should determine pay: job responsibility?,ordinal,ZA7810_v1-0-0.sav,694abfea6f4a06ec211c0e24428d0bce0acc0f3eff4453f98f44c99641d2bb43,v44,original microdata,No answer,exclude_Crimea_Donetsk_Luhansk,0.0,0.0,0.0,0.0,1874,1874,2001,2000,1585.2963237024187,1788.966688737204,True,Approximate weighted respondent linearization; PSU/stratum unavailable in supplied file
ISSP,2019,pay_education,What should determine pay: education and training?,ordinal,ZA7810_v1-0-0.sav,694abfea6f4a06ec211c0e24428d0bce0acc0f3eff4453f98f44c99641d2bb43,v45,original microdata,Essential / very important,survey_coverage,55.77211394302849,1.1105590260379445,53.59414019168199,57.950087694374986,2001,2001,2001,2000,2001.0,2001.0,False,Approximate weighted respondent linearization; PSU/stratum unavailable in supplied file
ISSP,2019,pay_education,What should determine pay: education and training?,ordinal,ZA7810_v1-0-0.sav,694abfea6f4a06ec211c0e24428d0bce0acc0f3eff4453f98f44c99641d2bb43,v45,original microdata,Essential / very important,exclude_Crimea_Donetsk_Luhansk,54.72062442304924,1.2477733864719054,52.273552615384965,57.16769623071351,1874,1874,2001,2000,1585.2963237024187,1788.966688737204,True,Approximate weighted respondent linearization; PSU/stratum unavailable in supplied file
ISSP,2019,pay_education,What should determine pay: education and training?,ordinal,ZA7810_v1-0-0.sav,694abfea6f4a06ec211c0e24428d0bce0acc0f3eff4453f98f44c99641d2bb43,v45,original microdata,Not very / not at all important,survey_coverage,13.543228385807096,0.7651482874157722,12.042657189853085,15.043799581761107,2001,2001,2001,2000,2001.0,2001.0,False,Approximate weighted respondent linearization; PSU/stratum unavailable in supplied file
ISSP,2019,pay_education,What should determine pay: education and training?,ordinal,ZA7810_v1-0-0.sav,694abfea6f4a06ec211c0e24428d0bce0acc0f3eff4453f98f44c99641d2bb43,v45,original microdata,Not very / not at all important,exclude_Crimea_Donetsk_Luhansk,14.746183113766456,0.9178010879511065,12.946236751936182,16.546129475596732,1874,1874,2001,2000,1585.2963237024187,1788.966688737204,True,Approximate weighted respondent linearization; PSU/stratum unavailable in supplied file
ISSP,2019,pay_education,What should determine pay: education and training?,ordinal,ZA7810_v1-0-0.sav,694abfea6f4a06ec211c0e24428d0bce0acc0f3eff4453f98f44c99641d2bb43,v45,original microdata,Important,survey_coverage,28.285857071464267,1.0070988027197534,26.310784422546668,30.260929720381867,2001,2001,2001,2000,2001.0,2001.0,False,Approximate weighted respondent linearization; PSU/stratum unavailable in supplied file
ISSP,2019,pay_education,What should determine pay: education and training?,ordinal,ZA7810_v1-0-0.sav,694abfea6f4a06ec211c0e24428d0bce0acc0f3eff4453f98f44c99641d2bb43,v45,original microdata,Important,exclude_Crimea_Donetsk_Luhansk,27.998122252957106,1.0962649051227622,25.84818142865178,30.14806307726243,1874,1874,2001,2000,1585.2963237024187,1788.966688737204,True,Approximate weighted respondent linearization; PSU/stratum unavailable in supplied file
ISSP,2019,pay_education,What should determine pay: education and training?,ordinal,ZA7810_v1-0-0.sav,694abfea6f4a06ec211c0e24428d0bce0acc0f3eff4453f98f44c99641d2bb43,v45,original microdata,Don't know,survey_coverage,2.39880059970015,0.34214457152853756,1.7278034906015205,3.0697977087987796,2001,2001,2001,2000,2001.0,2001.0,False,Approximate weighted respondent linearization; PSU/stratum unavailable in supplied file
ISSP,2019,pay_education,What should determine pay: education and training?,ordinal,ZA7810_v1-0-0.sav,694abfea6f4a06ec211c0e24428d0bce0acc0f3eff4453f98f44c99641d2bb43,v45,original microdata,Don't know,exclude_Crimea_Donetsk_Luhansk,2.5350702102272016,0.41703189855306144,1.7172077578700482,3.352932662584355,1874,1874,2001,2000,1585.2963237024187,1788.966688737204,True,Approximate weighted respondent linearization; PSU/stratum unavailable in supplied file
ISSP,2019,pay_education,What should determine pay: education and training?,ordinal,ZA7810_v1-0-0.sav,694abfea6f4a06ec211c0e24428d0bce0acc0f3eff4453f98f44c99641d2bb43,v45,original microdata,No answer,survey_coverage,0.0,0.0,0.0,0.0,2001,2001,2001,2000,2001.0,2001.0,False,Approximate weighted respondent linearization; PSU/stratum unavailable in supplied file
ISSP,2019,pay_education,What should determine pay: education and training?,ordinal,ZA7810_v1-0-0.sav,694abfea6f4a06ec211c0e24428d0bce0acc0f3eff4453f98f44c99641d2bb43,v45,original microdata,No answer,exclude_Crimea_Donetsk_Luhansk,0.0,0.0,0.0,0.0,1874,1874,2001,2000,1585.2963237024187,1788.966688737204,True,Approximate weighted respondent linearization; PSU/stratum unavailable in supplied file
ISSP,2019,pay_children,What should determine pay: children to support?,ordinal,ZA7810_v1-0-0.sav,694abfea6f4a06ec211c0e24428d0bce0acc0f3eff4453f98f44c99641d2bb43,v46,original microdata,Essential / very important,survey_coverage,40.229885057471265,1.096481840709133,38.079518789761515,42.380251325181014,2001,2001,2001,2000,2001.0,2001.0,False,Approximate weighted respondent linearization; PSU/stratum unavailable in supplied file
ISSP,2019,pay_children,What should determine pay: children to support?,ordinal,ZA7810_v1-0-0.sav,694abfea6f4a06ec211c0e24428d0bce0acc0f3eff4453f98f44c99641d2bb43,v46,original microdata,Essential / very important,exclude_Crimea_Donetsk_Luhansk,40.866538277042416,1.2418685943704462,38.43104665728587,43.30202989679896,1874,1874,2001,2000,1585.2963237024187,1788.966688737204,True,Approximate weighted respondent linearization; PSU/stratum unavailable in supplied file
ISSP,2019,pay_children,What should determine pay: children to support?,ordinal,ZA7810_v1-0-0.sav,694abfea6f4a06ec211c0e24428d0bce0acc0f3eff4453f98f44c99641d2bb43,v46,original microdata,Not very / not at all important,survey_coverage,27.736131934032983,1.0010794620661274,25.772864120010816,29.69939974805515,2001,2001,2001,2000,2001.0,2001.0,False,Approximate weighted respondent linearization; PSU/stratum unavailable in supplied file
ISSP,2019,pay_children,What should determine pay: children to support?,ordinal,ZA7810_v1-0-0.sav,694abfea6f4a06ec211c0e24428d0bce0acc0f3eff4453f98f44c99641d2bb43,v46,original microdata,Not very / not at all important,exclude_Crimea_Donetsk_Luhansk,28.16706507299486,1.1374638546206723,25.936326894847276,30.39780325114244,1874,1874,2001,2000,1585.2963237024187,1788.966688737204,True,Approximate weighted respondent linearization; PSU/stratum unavailable in supplied file
ISSP,2019,pay_children,What should determine pay: children to support?,ordinal,ZA7810_v1-0-0.sav,694abfea6f4a06ec211c0e24428d0bce0acc0f3eff4453f98f44c99641d2bb43,v46,original microdata,Important,survey_coverage,28.135932033983007,1.0054756416685062,26.164042648701955,30.10782141926406,2001,2001,2001,2000,2001.0,2001.0,False,Approximate weighted respondent linearization; PSU/stratum unavailable in supplied file
ISSP,2019,pay_children,What should determine pay: children to support?,ordinal,ZA7810_v1-0-0.sav,694abfea6f4a06ec211c0e24428d0bce0acc0f3eff4453f98f44c99641d2bb43,v46,original microdata,Important,exclude_Crimea_Donetsk_Luhansk,27.209870158107307,1.0888820711319693,25.07440818478198,29.345332131432635,1874,1874,2001,2000,1585.2963237024187,1788.966688737204,True,Approximate weighted respondent linearization; PSU/stratum unavailable in supplied file
ISSP,2019,pay_children,What should determine pay: children to support?,ordinal,ZA7810_v1-0-0.sav,694abfea6f4a06ec211c0e24428d0bce0acc0f3eff4453f98f44c99641d2bb43,v46,original microdata,Don't know,survey_coverage,3.898050974512744,0.4327876477277133,3.0492891216459066,4.746812827379581,2001,2001,2001,2000,2001.0,2001.0,False,Approximate weighted respondent linearization; PSU/stratum unavailable in supplied file
ISSP,2019,pay_children,What should determine pay: children to support?,ordinal,ZA7810_v1-0-0.sav,694abfea6f4a06ec211c0e24428d0bce0acc0f3eff4453f98f44c99641d2bb43,v46,original microdata,Don't know,exclude_Crimea_Donetsk_Luhansk,3.756526491855416,0.48614569238131355,2.80312146563712,4.709931518073712,1874,1874,2001,2000,1585.2963237024187,1788.966688737204,True,Approximate weighted respondent linearization; PSU/stratum unavailable in supplied file
ISSP,2019,pay_children,What should determine pay: children to support?,ordinal,ZA7810_v1-0-0.sav,694abfea6f4a06ec211c0e24428d0bce0acc0f3eff4453f98f44c99641d2bb43,v46,original microdata,No answer,survey_coverage,0.0,0.0,0.0,0.0,2001,2001,2001,2000,2001.0,2001.0,False,Approximate weighted respondent linearization; PSU/stratum unavailable in supplied file
ISSP,2019,pay_children,What should determine pay: children to support?,ordinal,ZA7810_v1-0-0.sav,694abfea6f4a06ec211c0e24428d0bce0acc0f3eff4453f98f44c99641d2bb43,v46,original microdata,No answer,exclude_Crimea_Donetsk_Luhansk,0.0,0.0,0.0,0.0,1874,1874,2001,2000,1585.2963237024187,1788.966688737204,True,Approximate weighted respondent linearization; PSU/stratum unavailable in supplied file
ISSP,2019,pay_performance,What should determine pay: how well the job is done?,ordinal,ZA7810_v1-0-0.sav,694abfea6f4a06ec211c0e24428d0bce0acc0f3eff4453f98f44c99641d2bb43,v47,original microdata,Essential / very important,survey_coverage,76.16191904047976,0.9527733182975323,74.29338686021505,78.03045122074447,2001,2001,2001,2000,2001.0,2001.0,False,Approximate weighted respondent linearization; PSU/stratum unavailable in supplied file
ISSP,2019,pay_performance,What should determine pay: how well the job is done?,ordinal,ZA7810_v1-0-0.sav,694abfea6f4a06ec211c0e24428d0bce0acc0f3eff4453f98f44c99641d2bb43,v47,original microdata,Essential / very important,exclude_Crimea_Donetsk_Luhansk,77.17866838115393,1.016999435700428,75.18417909768738,79.17315766462048,1874,1874,2001,2000,1585.2963237024187,1788.966688737204,True,Approximate weighted respondent linearization; PSU/stratum unavailable in supplied file
ISSP,2019,pay_performance,What should determine pay: how well the job is done?,ordinal,ZA7810_v1-0-0.sav,694abfea6f4a06ec211c0e24428d0bce0acc0f3eff4453f98f44c99641d2bb43,v47,original microdata,Not very / not at all important,survey_coverage,2.2488755622188905,0.3315343986131331,1.5986866024983644,2.8990645219394167,2001,2001,2001,2000,2001.0,2001.0,False,Approximate weighted respondent linearization; PSU/stratum unavailable in supplied file
ISSP,2019,pay_performance,What should determine pay: how well the job is done?,ordinal,ZA7810_v1-0-0.sav,694abfea6f4a06ec211c0e24428d0bce0acc0f3eff4453f98f44c99641d2bb43,v47,original microdata,Not very / not at all important,exclude_Crimea_Donetsk_Luhansk,2.3192555294444244,0.38800829492119754,1.5583127413262836,3.080198317562565,1874,1874,2001,2000,1585.2963237024187,1788.966688737204,True,Approximate weighted respondent linearization; PSU/stratum unavailable in supplied file
ISSP,2019,pay_performance,What should determine pay: how well the job is done?,ordinal,ZA7810_v1-0-0.sav,694abfea6f4a06ec211c0e24428d0bce0acc0f3eff4453f98f44c99641d2bb43,v47,original microdata,Important,survey_coverage,20.389805097451273,0.9008985397460352,18.62300718199656,22.156603012905986,2001,2001,2001,2000,2001.0,2001.0,False,Approximate weighted respondent linearization; PSU/stratum unavailable in supplied file
ISSP,2019,pay_performance,What should determine pay: how well the job is done?,ordinal,ZA7810_v1-0-0.sav,694abfea6f4a06ec211c0e24428d0bce0acc0f3eff4453f98f44c99641d2bb43,v47,original microdata,Important,exclude_Crimea_Donetsk_Luhansk,19.28521967994741,0.9437678285336016,17.434348623372664,21.136090736522156,1874,1874,2001,2000,1585.2963237024187,1788.966688737204,True,Approximate weighted respondent linearization; PSU/stratum unavailable in supplied file
ISSP,2019,pay_performance,What should determine pay: how well the job is done?,ordinal,ZA7810_v1-0-0.sav,694abfea6f4a06ec211c0e24428d0bce0acc0f3eff4453f98f44c99641d2bb43,v47,original microdata,Don't know,survey_coverage,1.199400299850075,0.2434147375424577,0.7220272862339063,1.6767733134662437,2001,2001,2001,2000,2001.0,2001.0,False,Approximate weighted respondent linearization; PSU/stratum unavailable in supplied file
ISSP,2019,pay_performance,What should determine pay: how well the job is done?,ordinal,ZA7810_v1-0-0.sav,694abfea6f4a06ec211c0e24428d0bce0acc0f3eff4453f98f44c99641d2bb43,v47,original microdata,Don't know,exclude_Crimea_Donetsk_Luhansk,1.2168564094542393,0.2738522340266649,0.6797908744636689,1.7539219444448098,1874,1874,2001,2000,1585.2963237024187,1788.966688737204,True,Approximate weighted respondent linearization; PSU/stratum unavailable in supplied file
ISSP,2019,pay_performance,What should determine pay: how well the job is done?,ordinal,ZA7810_v1-0-0.sav,694abfea6f4a06ec211c0e24428d0bce0acc0f3eff4453f98f44c99641d2bb43,v47,original microdata,No answer,survey_coverage,0.0,0.0,0.0,0.0,2001,2001,2001,2000,2001.0,2001.0,False,Approximate weighted respondent linearization; PSU/stratum unavailable in supplied file
ISSP,2019,pay_performance,What should determine pay: how well the job is done?,ordinal,ZA7810_v1-0-0.sav,694abfea6f4a06ec211c0e24428d0bce0acc0f3eff4453f98f44c99641d2bb43,v47,original microdata,No answer,exclude_Crimea_Donetsk_Luhansk,0.0,0.0,0.0,0.0,1874,1874,2001,2000,1585.2963237024187,1788.966688737204,True,Approximate weighted respondent linearization; PSU/stratum unavailable in supplied file
ISSP,2019,conflict_rich_poor,How much conflict is there between rich and poor?,ordinal,ZA7810_v1-0-0.sav,694abfea6f4a06ec211c0e24428d0bce0acc0f3eff4453f98f44c99641d2bb43,v36,original microdata,Strong conflicts,survey_coverage,47.276361819090454,1.1163739953661342,45.08698403584223,49.46573960233868,2001,2001,2001,2000,2001.0,2001.0,False,Approximate weighted respondent linearization; PSU/stratum unavailable in supplied file
ISSP,2019,conflict_rich_poor,How much conflict is there between rich and poor?,ordinal,ZA7810_v1-0-0.sav,694abfea6f4a06ec211c0e24428d0bce0acc0f3eff4453f98f44c99641d2bb43,v36,original microdata,Strong conflicts,exclude_Crimea_Donetsk_Luhansk,49.32659633701874,1.2566317837697136,46.86215187617596,51.79104079786153,1874,1874,2001,2000,1585.2963237024187,1788.966688737204,True,Approximate weighted respondent linearization; PSU/stratum unavailable in supplied file
ISSP,2019,conflict_rich_poor,How much conflict is there between rich and poor?,ordinal,ZA7810_v1-0-0.sav,694abfea6f4a06ec211c0e24428d0bce0acc0f3eff4453f98f44c99641d2bb43,v36,original microdata,Weak / no conflicts,survey_coverage,46.87656171914043,1.1158503782554496,44.68821082802139,49.064912610259476,2001,2001,2001,2000,2001.0,2001.0,False,Approximate weighted respondent linearization; PSU/stratum unavailable in supplied file
ISSP,2019,conflict_rich_poor,How much conflict is there between rich and poor?,ordinal,ZA7810_v1-0-0.sav,694abfea6f4a06ec211c0e24428d0bce0acc0f3eff4453f98f44c99641d2bb43,v36,original microdata,Weak / no conflicts,exclude_Crimea_Donetsk_Luhansk,45.58993209066274,1.2486992002430828,43.141044622556315,48.03881955876917,1874,1874,2001,2000,1585.2963237024187,1788.966688737204,True,Approximate weighted respondent linearization; PSU/stratum unavailable in supplied file
ISSP,2019,conflict_rich_poor,How much conflict is there between rich and poor?,ordinal,ZA7810_v1-0-0.sav,694abfea6f4a06ec211c0e24428d0bce0acc0f3eff4453f98f44c99641d2bb43,v36,original microdata,Don't know,survey_coverage,5.847076461769116,0.5246519527396887,4.818154851238992,6.8759980722992395,2001,2001,2001,2000,2001.0,2001.0,False,Approximate weighted respondent linearization; PSU/stratum unavailable in supplied file
ISSP,2019,conflict_rich_poor,How much conflict is there between rich and poor?,ordinal,ZA7810_v1-0-0.sav,694abfea6f4a06ec211c0e24428d0bce0acc0f3eff4453f98f44c99641d2bb43,v36,original microdata,Don't know,exclude_Crimea_Donetsk_Luhansk,5.083471572318509,0.5095010416021988,4.084263183681833,6.082679960955185,1874,1874,2001,2000,1585.2963237024187,1788.966688737204,True,Approximate weighted respondent linearization; PSU/stratum unavailable in supplied file
ISSP,2019,conflict_rich_poor,How much conflict is there between rich and poor?,ordinal,ZA7810_v1-0-0.sav,694abfea6f4a06ec211c0e24428d0bce0acc0f3eff4453f98f44c99641d2bb43,v36,original microdata,No answer,survey_coverage,0.0,0.0,0.0,0.0,2001,2001,2001,2000,2001.0,2001.0,False,Approximate weighted respondent linearization; PSU/stratum unavailable in supplied file
ISSP,2019,conflict_rich_poor,How much conflict is there between rich and poor?,ordinal,ZA7810_v1-0-0.sav,694abfea6f4a06ec211c0e24428d0bce0acc0f3eff4453f98f44c99641d2bb43,v36,original microdata,No answer,exclude_Crimea_Donetsk_Luhansk,0.0,0.0,0.0,0.0,1874,1874,2001,2000,1585.2963237024187,1788.966688737204,True,Approximate weighted respondent linearization; PSU/stratum unavailable in supplied file
ISSP,2019,conflict_class,How much conflict is there between working and middle classes?,ordinal,ZA7810_v1-0-0.sav,694abfea6f4a06ec211c0e24428d0bce0acc0f3eff4453f98f44c99641d2bb43,v37,original microdata,Strong conflicts,survey_coverage,17.491254372813593,0.8494649662425428,15.825325452524499,19.157183293102687,2001,2001,2001,2000,2001.0,2001.0,False,Approximate weighted respondent linearization; PSU/stratum unavailable in supplied file
ISSP,2019,conflict_class,How much conflict is there between working and middle classes?,ordinal,ZA7810_v1-0-0.sav,694abfea6f4a06ec211c0e24428d0bce0acc0f3eff4453f98f44c99641d2bb43,v37,original microdata,Strong conflicts,exclude_Crimea_Donetsk_Luhansk,19.6473335133372,1.0395345689430495,17.608649434695614,21.686017591978782,1874,1874,2001,2000,1585.2963237024187,1788.966688737204,True,Approximate weighted respondent linearization; PSU/stratum unavailable in supplied file
ISSP,2019,conflict_class,How much conflict is there between working and middle classes?,ordinal,ZA7810_v1-0-0.sav,694abfea6f4a06ec211c0e24428d0bce0acc0f3eff4453f98f44c99641d2bb43,v37,original microdata,Weak / no conflicts,survey_coverage,73.16341829085458,0.990821894460075,71.22026711401679,75.10656946769237,2001,2001,2001,2000,2001.0,2001.0,False,Approximate weighted respondent linearization; PSU/stratum unavailable in supplied file
ISSP,2019,conflict_class,How much conflict is there between working and middle classes?,ordinal,ZA7810_v1-0-0.sav,694abfea6f4a06ec211c0e24428d0bce0acc0f3eff4453f98f44c99641d2bb43,v37,original microdata,Weak / no conflicts,exclude_Crimea_Donetsk_Luhansk,71.74593641411089,1.1441208713075275,69.50214282218852,73.98973000603326,1874,1874,2001,2000,1585.2963237024187,1788.966688737204,True,Approximate weighted respondent linearization; PSU/stratum unavailable in supplied file
ISSP,2019,conflict_class,How much conflict is there between working and middle classes?,ordinal,ZA7810_v1-0-0.sav,694abfea6f4a06ec211c0e24428d0bce0acc0f3eff4453f98f44c99641d2bb43,v37,original microdata,Don't know,survey_coverage,9.345327336331835,0.6508446783257861,8.068922757770796,10.621731914892873,2001,2001,2001,2000,2001.0,2001.0,False,Approximate weighted respondent linearization; PSU/stratum unavailable in supplied file
ISSP,2019,conflict_class,How much conflict is there between working and middle classes?,ordinal,ZA7810_v1-0-0.sav,694abfea6f4a06ec211c0e24428d0bce0acc0f3eff4453f98f44c99641d2bb43,v37,original microdata,Don't know,exclude_Crimea_Donetsk_Luhansk,8.606730072551908,0.6617971197047388,7.308846104532732,9.904614040571085,1874,1874,2001,2000,1585.2963237024187,1788.966688737204,True,Approximate weighted respondent linearization; PSU/stratum unavailable in supplied file
ISSP,2019,conflict_class,How much conflict is there between working and middle classes?,ordinal,ZA7810_v1-0-0.sav,694abfea6f4a06ec211c0e24428d0bce0acc0f3eff4453f98f44c99641d2bb43,v37,original microdata,No answer,survey_coverage,0.0,0.0,0.0,0.0,2001,2001,2001,2000,2001.0,2001.0,False,Approximate weighted respondent linearization; PSU/stratum unavailable in supplied file
ISSP,2019,conflict_class,How much conflict is there between working and middle classes?,ordinal,ZA7810_v1-0-0.sav,694abfea6f4a06ec211c0e24428d0bce0acc0f3eff4453f98f44c99641d2bb43,v37,original microdata,No answer,exclude_Crimea_Donetsk_Luhansk,0.0,0.0,0.0,0.0,1874,1874,2001,2000,1585.2963237024187,1788.966688737204,True,Approximate weighted respondent linearization; PSU/stratum unavailable in supplied file
ISSP,2019,conflict_management,How much conflict is there between management and workers?,ordinal,ZA7810_v1-0-0.sav,694abfea6f4a06ec211c0e24428d0bce0acc0f3eff4453f98f44c99641d2bb43,v38,original microdata,Strong conflicts,survey_coverage,35.48225887056472,1.069868027491873,33.38408630463166,37.58043143649778,2001,2001,2001,2000,2001.0,2001.0,False,Approximate weighted respondent linearization; PSU/stratum unavailable in supplied file
ISSP,2019,conflict_management,How much conflict is there between management and workers?,ordinal,ZA7810_v1-0-0.sav,694abfea6f4a06ec211c0e24428d0bce0acc0f3eff4453f98f44c99641d2bb43,v38,original microdata,Strong conflicts,exclude_Crimea_Donetsk_Luhansk,37.07526698288758,1.231796958525489,34.65952736008854,39.491006605686614,1874,1874,2001,2000,1585.2963237024187,1788.966688737204,True,Approximate weighted respondent linearization; PSU/stratum unavailable in supplied file
ISSP,2019,conflict_management,How much conflict is there between management and workers?,ordinal,ZA7810_v1-0-0.sav,694abfea6f4a06ec211c0e24428d0bce0acc0f3eff4453f98f44c99641d2bb43,v38,original microdata,Weak / no conflicts,survey_coverage,54.772613693153424,1.1129290540137595,52.58999195948427,56.955235426822576,2001,2001,2001,2000,2001.0,2001.0,False,Approximate weighted respondent linearization; PSU/stratum unavailable in supplied file
ISSP,2019,conflict_management,How much conflict is there between management and workers?,ordinal,ZA7810_v1-0-0.sav,694abfea6f4a06ec211c0e24428d0bce0acc0f3eff4453f98f44c99641d2bb43,v38,original microdata,Weak / no conflicts,exclude_Crimea_Donetsk_Luhansk,54.085129534154234,1.2551071029117364,51.623675202435614,56.546583865872854,1874,1874,2001,2000,1585.2963237024187,1788.966688737204,True,Approximate weighted respondent linearization; PSU/stratum unavailable in supplied file
ISSP,2019,conflict_management,How much conflict is there between management and workers?,ordinal,ZA7810_v1-0-0.sav,694abfea6f4a06ec211c0e24428d0bce0acc0f3eff4453f98f44c99641d2bb43,v38,original microdata,Don't know,survey_coverage,9.745127436281859,0.6631535398679601,8.444583323739042,11.045671548824675,2001,2001,2001,2000,2001.0,2001.0,False,Approximate weighted respondent linearization; PSU/stratum unavailable in supplied file
ISSP,2019,conflict_management,How much conflict is there between management and workers?,ordinal,ZA7810_v1-0-0.sav,694abfea6f4a06ec211c0e24428d0bce0acc0f3eff4453f98f44c99641d2bb43,v38,original microdata,Don't know,exclude_Crimea_Donetsk_Luhansk,8.839603482958182,0.668142710865933,7.52927485359114,10.149932112325224,1874,1874,2001,2000,1585.2963237024187,1788.966688737204,True,Approximate weighted respondent linearization; PSU/stratum unavailable in supplied file
ISSP,2019,conflict_management,How much conflict is there between management and workers?,ordinal,ZA7810_v1-0-0.sav,694abfea6f4a06ec211c0e24428d0bce0acc0f3eff4453f98f44c99641d2bb43,v38,original microdata,No answer,survey_coverage,0.0,0.0,0.0,0.0,2001,2001,2001,2000,2001.0,2001.0,False,Approximate weighted respondent linearization; PSU/stratum unavailable in supplied file
ISSP,2019,conflict_management,How much conflict is there between management and workers?,ordinal,ZA7810_v1-0-0.sav,694abfea6f4a06ec211c0e24428d0bce0acc0f3eff4453f98f44c99641d2bb43,v38,original microdata,No answer,exclude_Crimea_Donetsk_Luhansk,0.0,0.0,0.0,0.0,1874,1874,2001,2000,1585.2963237024187,1788.966688737204,True,Approximate weighted respondent linearization; PSU/stratum unavailable in supplied file
ISSP,2019,earn_actual_doctor,How much does a doctor earn per month after taxes?,numeric,ZA7810_v1-0-0.sav,694abfea6f4a06ec211c0e24428d0bce0acc0f3eff4453f98f44c99641d2bb43,v11,original microdata,Mean,survey_coverage,8307.177808407994,113.31989346392885,8084.94040572771,8529.415211088279,1451,2001,2001,2000,1451.0,1451.0,False,Approximate weighted respondent linearization; PSU/stratum unavailable in supplied file
ISSP,2019,earn_actual_doctor,How much does a doctor earn per month after taxes?,numeric,ZA7810_v1-0-0.sav,694abfea6f4a06ec211c0e24428d0bce0acc0f3eff4453f98f44c99641d2bb43,v11,original microdata,Mean,exclude_Crimea_Donetsk_Luhansk,8199.005735978095,117.56770226362111,7968.437739561182,8429.573732395009,1365,1874,2001,2000,1166.4284616242853,1314.204658525385,True,Approximate weighted respondent linearization; PSU/stratum unavailable in supplied file
ISSP,2019,earn_ideal_doctor,How much should a doctor earn per month after taxes?,numeric,ZA7810_v1-0-0.sav,694abfea6f4a06ec211c0e24428d0bce0acc0f3eff4453f98f44c99641d2bb43,v16,original microdata,Mean,survey_coverage,19046.58960887332,265.72447837269874,18525.46382859786,19567.71538914878,1713,2001,2001,2000,1713.0,1713.0,False,Approximate weighted respondent linearization; PSU/stratum unavailable in supplied file
ISSP,2019,earn_ideal_doctor,How much should a doctor earn per month after taxes?,numeric,ZA7810_v1-0-0.sav,694abfea6f4a06ec211c0e24428d0bce0acc0f3eff4453f98f44c99641d2bb43,v16,original microdata,Mean,exclude_Crimea_Donetsk_Luhansk,19542.744236360428,306.8032939157184,18941.056703047587,20144.43176967327,1609,1874,2001,2000,1379.6662820216568,1533.7471721732088,True,Approximate weighted respondent linearization; PSU/stratum unavailable in supplied file
ISSP,2019,earn_actual_chairman,How much does a corporate chairman earn per month after taxes?,numeric,ZA7810_v1-0-0.sav,694abfea6f4a06ec211c0e24428d0bce0acc0f3eff4453f98f44c99641d2bb43,v12,original microdata,Mean,survey_coverage,195434.06408094434,12396.929228426912,171121.81608351864,219746.31207837004,1186,2001,2001,2000,1186.0,1186.0,False,Approximate weighted respondent linearization; PSU/stratum unavailable in supplied file
ISSP,2019,earn_actual_chairman,How much does a corporate chairman earn per month after taxes?,numeric,ZA7810_v1-0-0.sav,694abfea6f4a06ec211c0e24428d0bce0acc0f3eff4453f98f44c99641d2bb43,v12,original microdata,Mean,exclude_Crimea_Donetsk_Luhansk,187279.2713681562,11991.022029100477,163763.06861000924,210795.47412630313,1123,1874,2001,2000,953.011594208373,1098.6759028534066,True,Approximate weighted respondent linearization; PSU/stratum unavailable in supplied file
ISSP,2019,earn_ideal_chairman,How much should a corporate chairman earn per month after taxes?,numeric,ZA7810_v1-0-0.sav,694abfea6f4a06ec211c0e24428d0bce0acc0f3eff4453f98f44c99641d2bb43,v17,original microdata,Mean,survey_coverage,85038.75584206285,5528.089559014726,74197.33843664944,95880.17324747625,1241,2001,2001,2000,1241.0,1241.0,False,Approximate weighted respondent linearization; PSU/stratum unavailable in supplied file
ISSP,2019,earn_ideal_chairman,How much should a corporate chairman earn per month after taxes?,numeric,ZA7810_v1-0-0.sav,694abfea6f4a06ec211c0e24428d0bce0acc0f3eff4453f98f44c99641d2bb43,v17,original microdata,Mean,exclude_Crimea_Donetsk_Luhansk,86008.38293075256,5929.576783827073,74379.58852273005,97637.17733877507,1183,1874,2001,2000,1001.2165474365149,1144.8643534579048,True,Approximate weighted respondent linearization; PSU/stratum unavailable in supplied file
ISSP,2019,earn_actual_shop,How much does a shop assistant earn per month after taxes?,numeric,ZA7810_v1-0-0.sav,694abfea6f4a06ec211c0e24428d0bce0acc0f3eff4453f98f44c99641d2bb43,v13,original microdata,Mean,survey_coverage,5755.307549504951,61.04391335345088,5635.591228403488,5875.023870606414,1616,2001,2001,2000,1616.0,1616.0,False,Approximate weighted respondent linearization; PSU/stratum unavailable in supplied file
ISSP,2019,earn_actual_shop,How much does a shop assistant earn per month after taxes?,numeric,ZA7810_v1-0-0.sav,694abfea6f4a06ec211c0e24428d0bce0acc0f3eff4453f98f44c99641d2bb43,v13,original microdata,Mean,exclude_Crimea_Donetsk_Luhansk,5814.220709815151,65.67398070290056,5685.424128306419,5943.017291323883,1527,1874,2001,2000,1300.783071390464,1470.0650599928274,True,Approximate weighted respondent linearization; PSU/stratum unavailable in supplied file
ISSP,2019,earn_ideal_shop,How much should a shop assistant earn per month after taxes?,numeric,ZA7810_v1-0-0.sav,694abfea6f4a06ec211c0e24428d0bce0acc0f3eff4453f98f44c99641d2bb43,v18,original microdata,Mean,survey_coverage,10871.977219626167,108.20840117196957,10659.76422427686,11084.190214975475,1712,2001,2001,2000,1712.0,1712.0,False,Approximate weighted respondent linearization; PSU/stratum unavailable in supplied file
ISSP,2019,earn_ideal_shop,How much should a shop assistant earn per month after taxes?,numeric,ZA7810_v1-0-0.sav,694abfea6f4a06ec211c0e24428d0bce0acc0f3eff4453f98f44c99641d2bb43,v18,original microdata,Mean,exclude_Crimea_Donetsk_Luhansk,11273.317257108261,129.70660775011268,11018.943036168572,11527.691478047951,1604,1874,2001,2000,1375.5108813909424,1527.2447292566985,True,Approximate weighted respondent linearization; PSU/stratum unavailable in supplied file
ISSP,2019,earn_actual_worker,How much does an unskilled factory worker earn per month after taxes?,numeric,ZA7810_v1-0-0.sav,694abfea6f4a06ec211c0e24428d0bce0acc0f3eff4453f98f44c99641d2bb43,v14,original microdata,Mean,survey_coverage,6042.9349226804125,64.09020791503647,5917.244358482954,6168.625486877871,1552,2001,2001,2000,1552.0,1552.0,False,Approximate weighted respondent linearization; PSU/stratum unavailable in supplied file
ISSP,2019,earn_actual_worker,How much does an unskilled factory worker earn per month after taxes?,numeric,ZA7810_v1-0-0.sav,694abfea6f4a06ec211c0e24428d0bce0acc0f3eff4453f98f44c99641d2bb43,v14,original microdata,Mean,exclude_Crimea_Donetsk_Luhansk,6165.307190937805,71.26663863377306,6025.542563707851,6305.071818167759,1460,1874,2001,2000,1248.1082123587967,1411.2006161917504,True,Approximate weighted respondent linearization; PSU/stratum unavailable in supplied file
ISSP,2019,earn_ideal_worker,How much should an unskilled factory worker earn per month after taxes?,numeric,ZA7810_v1-0-0.sav,694abfea6f4a06ec211c0e24428d0bce0acc0f3eff4453f98f44c99641d2bb43,v19,original microdata,Mean,survey_coverage,11226.588513913559,122.68210325838974,10985.990405760751,11467.186622066367,1689,2001,2001,2000,1689.0,1689.0,False,Approximate weighted respondent linearization; PSU/stratum unavailable in supplied file
ISSP,2019,earn_ideal_worker,How much should an unskilled factory worker earn per month after taxes?,numeric,ZA7810_v1-0-0.sav,694abfea6f4a06ec211c0e24428d0bce0acc0f3eff4453f98f44c99641d2bb43,v19,original microdata,Mean,exclude_Crimea_Donetsk_Luhansk,11504.599288675343,138.8154692601477,11232.361216460424,11776.837360890262,1581,1874,2001,2000,1353.4271055956358,1510.0333878644706,True,Approximate weighted respondent linearization; PSU/stratum unavailable in supplied file
ISSP,2019,earn_actual_minister,How much does a cabinet minister earn per month after taxes?,numeric,ZA7810_v1-0-0.sav,694abfea6f4a06ec211c0e24428d0bce0acc0f3eff4453f98f44c99641d2bb43,v15,original microdata,Mean,survey_coverage,130686.38578680203,6138.8631942546335,118647.14916207812,142725.62241152592,1182,2001,2001,2000,1182.0,1182.0,False,Approximate weighted respondent linearization; PSU/stratum unavailable in supplied file
ISSP,2019,earn_actual_minister,How much does a cabinet minister earn per month after taxes?,numeric,ZA7810_v1-0-0.sav,694abfea6f4a06ec211c0e24428d0bce0acc0f3eff4453f98f44c99641d2bb43,v15,original microdata,Mean,exclude_Crimea_Donetsk_Luhansk,126898.79831064396,6965.547635505153,113238.30881103805,140559.28781024987,1121,1874,2001,2000,939.9550709624791,1087.7687035600934,True,Approximate weighted respondent linearization; PSU/stratum unavailable in supplied file
ISSP,2019,earn_ideal_minister,How much should a cabinet minister earn per month after taxes?,numeric,ZA7810_v1-0-0.sav,694abfea6f4a06ec211c0e24428d0bce0acc0f3eff4453f98f44c99641d2bb43,v20,original microdata,Mean,survey_coverage,45498.06794682422,1536.5309121576975,42484.69907911883,48511.43681452962,1354,2001,2001,2000,1354.0,1354.0,False,Approximate weighted respondent linearization; PSU/stratum unavailable in supplied file
ISSP,2019,earn_ideal_minister,How much should a cabinet minister earn per month after taxes?,numeric,ZA7810_v1-0-0.sav,694abfea6f4a06ec211c0e24428d0bce0acc0f3eff4453f98f44c99641d2bb43,v20,original microdata,Mean,exclude_Crimea_Donetsk_Luhansk,45358.102138111564,1551.6284457589086,42315.124729912095,48401.07954631103,1289,1874,2001,2000,1099.268236478563,1236.1060539898458,True,Approximate weighted respondent linearization; PSU/stratum unavailable in supplied file
