survey,year,item,question,positive_definition,kind,field,valid_codes,positive_codes,source_label,source_value_labels,source_file,weight_variable,denominator,missing_weighted_pct,unweighted_estimate,estimate,se,ci_low,ci_high,n_valid,n_domain,n_psu,kish_n,weight_sum,weighted,variance_method,source_table,source_url,source_sha256,pdf_page,estimate_origin,age_group,unit,period,uncertainty,season,strongly_approve,approve,disapprove,strongly_disapprove,missing_pct,printed_page,verification,round,fieldwork_period,question_type,source_field,study_status,design_df,latest_scope
WVS,2006,C059,Is higher pay fair for a more efficient and reliable secretary?,Fair,Belief,C059,"[0, 1]",[1],Fairness: One secretary is paid more,"{""-5.0"": ""Missing; Unknown"", ""-4.0"": ""Not asked in survey"", ""-3.0"": ""Not applicable"", ""-2.0"": ""No answer"", ""-1.0"": ""Don't know"", ""0.0"": ""Not fair"", ""1.0"": ""Fair""}",WVS_Time_Series_1981-2022_spss_v5_0.sav,S017,valid substantive responses,11.48462564930015,86.77777777777777,87.7202739964271,1.178505353068844,85.4076440799324,90.0329039129218,900.0,1000.0,1000.0,694.5352629330971,885.153732,True,Weighted respondent linearization; approximate,extended_microdata_shares.csv,,,,,,,,,,,,,,,,,,,,,,,Latest verified Ukrainian observation for this question in audited sources
WVS,2020,E040,Does hard work bring a better life?,Market-oriented half of the 1–10 scale,Belief,E040,"[1, 2, 3, 4, 5, 6, 7, 8, 9, 10]","[1, 2, 3, 4, 5]",Hard work brings success,"{""-5.0"": ""Missing; Unknown"", ""-4.0"": ""Not asked in survey"", ""-3.0"": ""Not applicable"", ""-2.0"": ""No answer"", ""-1.0"": ""Don't know"", ""1.0"": ""In the long run, hard work usually brings a better life"", ""2.0"": ""2"", ""3.0"": ""3"", ""4.0"": ""4"", ""5.0"": ""5"", ""6.0"": ""6"", ""7.0"": ""7"", ""8.0"": ""8"", ""9.0"": ""9"", ""10.0"": ""Hard work doesn't generally bring success - it's more a matter of luck and connections""}",WVS_Time_Series_1981-2022_spss_v5_0.sav,S017,valid substantive responses,3.375353562269068,58.714859437751,58.617816010861546,1.417667560993291,55.83662513932305,61.399006882400045,1245.0,1289.0,1289.0,1209.809740961162,1245.4916520000002,True,Weighted respondent linearization; approximate,extended_microdata_shares.csv,,,,,,,,,,,,,,,,,,,,,,,Latest verified Ukrainian observation for this question in audited sources
WVS,2011,E041,Can wealth grow so there is enough for everyone?,Market-oriented half of the 1–10 scale,Belief,E041,"[1, 2, 3, 4, 5, 6, 7, 8, 9, 10]","[6, 7, 8, 9, 10]",Wealth accumulation,"{""-5.0"": ""Missing; Unknown"", ""-4.0"": ""Not asked in survey"", ""-3.0"": ""Not applicable"", ""-2.0"": ""No answer"", ""-1.0"": ""Don't know"", ""1.0"": ""People can only get rich at the expense of others"", ""2.0"": ""2"", ""3.0"": ""3"", ""4.0"": ""4"", ""5.0"": ""5"", ""6.0"": ""6"", ""7.0"": ""7"", ""8.0"": ""8"", ""9.0"": ""9"", ""10.0"": ""Wealth can grow so there's enough for everyone""}",WVS_Time_Series_1981-2022_spss_v5_0.sav,S017,valid substantive responses,0.0,45.8,45.121086979058845,1.3435044890710512,42.4857386899675,47.75643526815019,1500.0,1500.0,1500.0,1366.4216831899291,1500.0003419999998,True,Weighted respondent linearization; approximate,extended_microdata_shares.csv,,,,,,,,,,,,,,,,,,,,,,,Latest verified Ukrainian observation for this question in audited sources
WVS,1996,E131,Is poverty due to laziness rather than unfair treatment?,Choose laziness / lack of willpower,Belief,E131,"[1, 2, 3]",[1],Why are people in need,"{""-4.0"": ""Not asked"", ""-2.0"": ""No answer"", ""-1.0"": ""Don't know"", ""1.0"": ""Poor because of laziness and lack of will power"", ""2.0"": ""Poor because of an unfair society"", ""3.0"": ""Other answer""}",WVS_Time_Series_1981-2022_spss_v5_0.sav,S017,valid substantive responses,11.561721807186052,11.987127916331456,11.987127916331456,0.6515644297681124,10.709534800654415,13.264721032008495,2486.0,2811.0,2811.0,2486.0,2486.0,True,Weighted respondent linearization; approximate,extended_microdata_shares.csv,,,,,,,,,,,,,,,,,,,,,,,Latest verified Ukrainian observation for this question in audited sources
WVS,1996,E132,Do poor people have a chance to escape poverty?,Have a chance,Belief,E132,"[1, 2, 3]",[1],Chance to escape from poverty,"{""-4.0"": ""Not asked"", ""-2.0"": ""No answer"", ""-1.0"": ""Don't know"", ""1.0"": ""They have a chance"", ""2.0"": ""There is very little chance"", ""3.0"": ""Other answer""}",WVS_Time_Series_1981-2022_spss_v5_0.sav,S017,valid substantive responses,7.68409818569904,18.95953757225433,18.95953757225433,0.7696147938594747,17.450470291359327,20.46860485314934,2595.0,2811.0,2811.0,2595.0,2595.0,True,Weighted respondent linearization; approximate,extended_microdata_shares.csv,,,,,,,,,,,,,,,,,,,,,,,Latest verified Ukrainian observation for this question in audited sources
WVS,2020,E224,Is taxing the rich to subsidise the poor essential to democracy?,6–10 on essential-to-democracy scale,Democracy concept,E224,"[0, 1, 2, 3, 4, 5, 6, 7, 8, 9, 10]","[6, 7, 8, 9, 10]",Democracy: Governments tax the rich and subsidize the poor.,"{""-5.0"": ""Missing; Unknown"", ""-4.0"": ""Not asked"", ""-2.0"": ""No answer"", ""-1.0"": ""Don't know"", ""0.0"": ""It is against democracy (spontaneous)"", ""1.0"": ""Not an essential characteristic of democracy"", ""2.0"": ""2"", ""3.0"": ""3"", ""4.0"": ""4"", ""5.0"": ""5"", ""6.0"": ""6"", ""7.0"": ""7"", ""8.0"": ""8"", ""9.0"": ""9"", ""10.0"": ""An essential characteristic of democracy""}",WVS_Time_Series_1981-2022_spss_v5_0.sav,S017,valid substantive responses,7.44238077003877,75.87939698492463,75.41760106008672,1.2761095301707142,72.91411979688607,77.92108232328738,1194.0,1289.0,1289.0,1162.40794828114,1193.067673,True,Weighted respondent linearization; approximate,extended_microdata_shares.csv,,,,,,,,,,,,,,,,,,,,,,,Latest verified Ukrainian observation for this question in audited sources
WVS,2020,E227,Is state aid for unemployment essential to democracy?,6–10 on essential-to-democracy scale,Democracy concept,E227,"[0, 1, 2, 3, 4, 5, 6, 7, 8, 9, 10]","[6, 7, 8, 9, 10]",Democracy: People receive state aid for unemployment.,"{""-5.0"": ""Missing; Unknown"", ""-4.0"": ""Not asked"", ""-2.0"": ""No answer"", ""-1.0"": ""Don't know"", ""0.0"": ""It is against democracy (spontaneous)"", ""1.0"": ""Not an essential characteristic of democracy"", ""2.0"": ""2"", ""3.0"": ""3"", ""4.0"": ""4"", ""5.0"": ""5"", ""6.0"": ""6"", ""7.0"": ""7"", ""8.0"": ""8"", ""9.0"": ""9"", ""10.0"": ""An essential characteristic of democracy""}",WVS_Time_Series_1981-2022_spss_v5_0.sav,S017,valid substantive responses,4.586642818183851,86.09756097560975,85.70155821633625,1.0313341613981228,83.67827911049527,87.72483732217724,1230.0,1289.0,1289.0,1195.7205442993586,1229.878134,True,Weighted respondent linearization; approximate,extended_microdata_shares.csv,,,,,,,,,,,,,,,,,,,,,,,Latest verified Ukrainian observation for this question in audited sources
WVS,2020,E233A,Is state equalisation of incomes essential to democracy?,6–10 on essential-to-democracy scale,Democracy concept,E233A,"[0, 1, 2, 3, 4, 5, 6, 7, 8, 9, 10]","[6, 7, 8, 9, 10]",Democracy: The state makes people's incomes equal,"{""-5.0"": ""Missing; Unknown"", ""-4.0"": ""Not asked"", ""-2.0"": ""No answer"", ""-1.0"": ""Don't know"", ""0.0"": ""It is against democracy (spontaneous)"", ""1.0"": ""Not an essential characteristic of democracy"", ""2.0"": ""2"", ""3.0"": ""3"", ""4.0"": ""4"", ""5.0"": ""5"", ""6.0"": ""6"", ""7.0"": ""7"", ""8.0"": ""8"", ""9.0"": ""9"", ""10.0"": ""An essential characteristic of democracy""}",WVS_Time_Series_1981-2022_spss_v5_0.sav,S017,valid substantive responses,6.9320258271102215,77.52715121136174,77.46548192975985,1.2304882088935312,75.05150091737592,79.87946294214377,1197.0,1289.0,1289.0,1162.5344899006143,1199.646148,True,Weighted respondent linearization; approximate,extended_microdata_shares.csv,,,,,,,,,,,,,,,,,,,,,,,Latest verified Ukrainian observation for this question in audited sources
WVS,2020,F114A,Is claiming benefits to which you are not entitled never justifiable?,Never justifiable (1 of 10),Economic norm,F114A,"[1, 2, 3, 4, 5, 6, 7, 8, 9, 10]",[1],Justifiable: Claiming government benefits to which you are not entitled,"{""-5.0"": ""Missing; Not available"", ""-4.0"": ""Not asked in survey"", ""-2.0"": ""No answer"", ""-1.0"": ""Don't know"", ""1.0"": ""Never justifiable"", ""2.0"": ""2"", ""3.0"": ""3"", ""4.0"": ""4"", ""5.0"": ""5"", ""6.0"": ""6"", ""7.0"": ""7"", ""8.0"": ""8"", ""9.0"": ""9"", ""10.0"": ""Always justifiable""}",WVS_Time_Series_1981-2022_spss_v5_0.sav,S017,valid substantive responses,5.744376758156555,43.03380049464138,43.012888632683314,1.4426610194869336,40.18266540650591,45.84311185886072,1213.0,1289.0,1289.0,1178.4844784789166,1214.954944,True,Weighted respondent linearization; approximate,extended_microdata_shares.csv,,,,,,,,,,,,,,,,,,,,,,,Latest verified Ukrainian observation for this question in audited sources
WVS,2020,F116,Is cheating on taxes never justifiable?,Never justifiable (1 of 10),Economic norm,F116,"[1, 2, 3, 4, 5, 6, 7, 8, 9, 10]",[1],Justifiable: Cheating on taxes,"{""-5.0"": ""Missing; Not available"", ""-4.0"": ""Not asked in survey"", ""-2.0"": ""No answer"", ""-1.0"": ""Don't know"", ""1.0"": ""Never justifiable"", ""2.0"": ""2"", ""3.0"": ""3"", ""4.0"": ""4"", ""5.0"": ""5"", ""6.0"": ""6"", ""7.0"": ""7"", ""8.0"": ""8"", ""9.0"": ""9"", ""10.0"": ""Always justifiable""}",WVS_Time_Series_1981-2022_spss_v5_0.sav,S017,valid substantive responses,6.169970798400892,42.1139554087531,41.81601326930042,1.437229832686072,38.99644498619133,44.63558155240951,1211.0,1289.0,1289.0,1177.019634008639,1209.469037,True,Weighted respondent linearization; approximate,extended_microdata_shares.csv,,,,,,,,,,,,,,,,,,,,,,,Latest verified Ukrainian observation for this question in audited sources
WVS,2020,E069_05,Do you have confidence in labour unions?,A great deal / quite a lot,Institutional trust,E069_05,"[1, 2, 3, 4]","[1, 2]",Confidence: Labour Unions,"{""-5.0"": ""Missing; Unknown"", ""-4.0"": ""Not asked"", ""-2.0"": ""No answer"", ""-1.0"": ""Don't know"", ""1.0"": ""A great deal"", ""2.0"": ""Quite a lot"", ""3.0"": ""Not very much"", ""4.0"": ""None at all""}",WVS_Time_Series_1981-2022_spss_v5_0.sav,S017,valid substantive responses,27.719127357799334,28.326180257510728,28.505155398567187,1.50440455652668,25.553803237570165,31.45650755956421,932.0,1289.0,1289.0,906.0113403854118,931.700418,True,Weighted respondent linearization; approximate,extended_microdata_shares.csv,,,,,,,,,,,,,,,,,,,,,,,Latest verified Ukrainian observation for this question in audited sources
WVS,2020,E069_13,Do you have confidence in major companies?,A great deal / quite a lot,Institutional trust,E069_13,"[1, 2, 3, 4]","[1, 2]",Confidence: Major Companies,"{""-5.0"": ""Missing; Unknown"", ""-4.0"": ""Not asked"", ""-2.0"": ""No answer"", ""-1.0"": ""Don't know"", ""1.0"": ""A great deal"", ""2.0"": ""Quite a lot"", ""3.0"": ""Not very much"", ""4.0"": ""None at all""}",WVS_Time_Series_1981-2022_spss_v5_0.sav,S017,valid substantive responses,20.824003083481852,43.65234375,43.85046692833399,1.572705400158033,40.76512165918346,46.93581219748452,1024.0,1289.0,1289.0,997.5510742642488,1020.578567,True,Weighted respondent linearization; approximate,extended_microdata_shares.csv,,,,,,,,,,,,,,,,,,,,,,,Latest verified Ukrainian observation for this question in audited sources
WVS,2020,E069_41,Do you have confidence in banks?,A great deal / quite a lot,Institutional trust,E069_41,"[1, 2, 3, 4]","[1, 2]",Confidence: Banks,"{""-5.0"": ""Missing; Unknown"", ""-4.0"": ""Not asked"", ""-2.0"": ""No answer"", ""-1.0"": ""Don't know"", ""1.0"": ""A great deal"", ""2.0"": ""Quite a lot"", ""3.0"": ""Not very much"", ""4.0"": ""None at all""}",WVS_Time_Series_1981-2022_spss_v5_0.sav,S017,valid substantive responses,8.457804076980436,33.869602032176125,33.365083986711774,1.387336934011683,30.64339596704793,36.08677200637562,1181.0,1289.0,1289.0,1147.8033393977416,1179.9788669999998,True,Weighted respondent linearization; approximate,extended_microdata_shares.csv,,,,,,,,,,,,,,,,,,,,,,,Latest verified Ukrainian observation for this question in audited sources
WVS,2011,A209,Do older people receive more than their fair share from government?,Strongly agree / agree,Policy,A209,"[1, 2, 3, 4]","[1, 2]",Older people get more than their fair share from the government,"{""-5.0"": ""Missing; Unknown"", ""-4.0"": ""Not asked"", ""-2.0"": ""No answer"", ""-1.0"": ""Don't know"", ""1.0"": ""Strongly agree"", ""2.0"": ""Agree"", ""3.0"": ""Disagree"", ""4.0"": ""Strongly disagree""}",WVS_Time_Series_1981-2022_spss_v5_0.sav,S017,valid substantive responses,0.0,5.533333333333333,5.589031725700767,0.6274071571629395,4.358342590202407,6.819720861199126,1500.0,1500.0,1500.0,1366.4216831899291,1500.0003419999998,True,Weighted respondent linearization; approximate,extended_microdata_shares.csv,,,,,,,,,,,,,,,,,,,,,,,Latest verified Ukrainian observation for this question in audited sources
WVS,2006,B001,Would you give part of your income to protect the environment?,Strongly agree / agree,Policy,B001,"[1, 2, 3, 4]","[1, 2]",Would give part of my income for the environment,"{""-5.0"": ""Missing; Unknown"", ""-4.0"": ""Not asked in survey"", ""-3.0"": ""Not applicable"", ""-2.0"": ""No answer"", ""-1.0"": ""Don't know"", ""1.0"": ""Strongly agree"", ""2.0"": ""Agree"", ""3.0"": ""Disagree"", ""4.0"": ""Strongly disagree""}",WVS_Time_Series_1981-2022_spss_v5_0.sav,S017,valid substantive responses,10.075535030981964,47.1947194719472,45.53859758460967,1.868569610323599,41.8718259652577,49.20536920396164,909.0,1000.0,1000.0,704.1174272546913,899.244638,True,Weighted respondent linearization; approximate,extended_microdata_shares.csv,,,,,,,,,,,,,,,,,,,,,,,Latest verified Ukrainian observation for this question in audited sources
WVS,2006,B002,Would you accept higher taxes to prevent environmental pollution?,Strongly agree / agree,Policy,B002,"[1, 2, 3, 4]","[1, 2]",Increase in taxes if used to prevent environmental pollution,"{""-5.0"": ""Missing; Unknown"", ""-4.0"": ""Not asked"", ""-2.0"": ""No answer"", ""-1.0"": ""Don't know"", ""1.0"": ""Strongly agree"", ""2.0"": ""Agree"", ""3.0"": ""Disagree"", ""4.0"": ""Strongly disagree""}",WVS_Time_Series_1981-2022_spss_v5_0.sav,S017,valid substantive responses,10.803146740440916,47.17607973421927,47.08569889093653,1.8903735422741328,43.37614051190229,50.79525726997076,903.0,1000.0,1000.0,697.937008618987,891.968521,True,Weighted respondent linearization; approximate,extended_microdata_shares.csv,,,,,,,,,,,,,,,,,,,,,,,Latest verified Ukrainian observation for this question in audited sources
WVS,2006,B003,Should government reduce pollution without costing you money?,Strongly agree / agree,Policy,B003,"[1, 2, 3, 4]","[1, 2]",Government should reduce environmental pollution,"{""-5.0"": ""Missing; Unknown"", ""-4.0"": ""Not asked in survey"", ""-3.0"": ""Not applicable"", ""-2.0"": ""No answer"", ""-1.0"": ""Don't know"", ""1.0"": ""Strongly agree"", ""2.0"": ""Agree"", ""3.0"": ""Disagree"", ""4.0"": ""Strongly disagree""}",WVS_Time_Series_1981-2022_spss_v5_0.sav,S017,valid substantive responses,5.779359575131682,88.90063424947147,89.5460907677646,1.0688499799971969,87.44864213628443,91.64353939924476,946.0,1000.0,1000.0,717.2241954320081,942.206392,True,Weighted respondent linearization; approximate,extended_microdata_shares.csv,,,,,,,,,,,,,,,,,,,,,,,Latest verified Ukrainian observation for this question in audited sources
WVS,2020,B008,Should economic growth and jobs take priority over environmental protection?,Choose economic growth and jobs,Policy,B008,"[1, 2, 3]",[2],Protecting environment vs. Economic growth,"{""-5.0"": ""Missing; Unknown"", ""-4.0"": ""Not asked"", ""-2.0"": ""No answer"", ""-1.0"": ""Don't know"", ""1.0"": ""Protecting environment"", ""2.0"": ""Economy growth and creating jobs"", ""3.0"": ""Other answer""}",WVS_Time_Series_1981-2022_spss_v5_0.sav,S017,valid substantive responses,11.82967587032302,48.68189806678383,49.83682628206368,1.502686745795816,46.888844135063714,52.78480842906365,1138.0,1289.0,1289.0,1108.1874986915443,1136.515441,True,Weighted respondent linearization; approximate,extended_microdata_shares.csv,,,,,,,,,,,,,,,,,,,,,,,Latest verified Ukrainian observation for this question in audited sources
WVS,1996,C060,Should owners run businesses or appoint their managers?,Choose owners / appointed managers,Policy,C060,"[1, 2, 3, 4]",[1],How business and industry should be managed,"{""-5.0"": ""Missing; Unknown"", ""-4.0"": ""Not asked"", ""-2.0"": ""No answer"", ""-1.0"": ""Don't know"", ""1.0"": ""Owners should run their business"", ""2.0"": ""Owners/Employees participate in selection of managers"", ""3.0"": ""The State should be the owner"", ""4.0"": ""Employees should own the business and elect managers""}",WVS_Time_Series_1981-2022_spss_v5_0.sav,S017,valid substantive responses,12.130914265385984,23.31983805668016,23.31983805668016,0.8510068620441654,21.651176511223344,24.98849960213698,2470.0,2811.0,2811.0,2470.0,2470.0,True,Weighted respondent linearization; approximate,extended_microdata_shares.csv,,,,,,,,,,,,,,,,,,,,,,,Latest verified Ukrainian observation for this question in audited sources
WVS,2020,E035,Should income differences provide incentives for effort?,Market-oriented half of the 1–10 scale,Policy,E035,"[1, 2, 3, 4, 5, 6, 7, 8, 9, 10]","[6, 7, 8, 9, 10]",Income equality,"{""-5.0"": ""Missing; Unknown"", ""-4.0"": ""Not asked"", ""-2.0"": ""No answer"", ""-1.0"": ""Don't know"", ""1.0"": ""Incomes should be made more equal"", ""2.0"": ""2"", ""3.0"": ""3"", ""4.0"": ""4"", ""5.0"": ""5"", ""6.0"": ""6"", ""7.0"": ""7"", ""8.0"": ""8"", ""9.0"": ""9"", ""10.0"": ""We need larger income differences as incentives""}",WVS_Time_Series_1981-2022_spss_v5_0.sav,S017,valid substantive responses,4.105036518550442,57.76699029126213,57.74433975303559,1.4256942031441435,54.94740215462453,60.54127735144665,1236.0,1289.0,1289.0,1200.7256883134485,1236.086039,True,Weighted respondent linearization; approximate,extended_microdata_shares.csv,,,,,,,,,,,,,,,,,,,,,,,Latest verified Ukrainian observation for this question in audited sources
WVS,2020,E036,Should private ownership of business increase?,Market-oriented half of the 1–10 scale,Policy,E036,"[1, 2, 3, 4, 5, 6, 7, 8, 9, 10]","[1, 2, 3, 4, 5]",Private vs state ownership of business,"{""-5.0"": ""Missing; Unknown"", ""-4.0"": ""Not asked"", ""-2.0"": ""No answer"", ""-1.0"": ""Don't know"", ""1.0"": ""Private ownership of business should be increased"", ""2.0"": ""2"", ""3.0"": ""3"", ""4.0"": ""4"", ""5.0"": ""5"", ""6.0"": ""6"", ""7.0"": ""7"", ""8.0"": ""8"", ""9.0"": ""9"", ""10.0"": ""Government ownership of business should be increased""}",WVS_Time_Series_1981-2022_spss_v5_0.sav,S017,valid substantive responses,12.191849970564528,44.10983170947741,44.26983995841551,1.5016816869583165,41.32382954339356,47.21585037343746,1129.0,1289.0,1289.0,1096.4967827332212,1131.847017,True,Weighted respondent linearization; approximate,extended_microdata_shares.csv,,,,,,,,,,,,,,,,,,,,,,,Latest verified Ukrainian observation for this question in audited sources
WVS,2020,E037,Should individuals take more responsibility for providing for themselves?,Market-oriented half of the 1–10 scale,Policy,E037,"[1, 2, 3, 4, 5, 6, 7, 8, 9, 10]","[1, 2, 3, 4, 5]",Government responsibility,"{""-5.0"": ""Missing; Unknown"", ""-4.0"": ""Not asked in survey"", ""-3.0"": ""Not applicable"", ""-2.0"": ""No answer"", ""-1.0"": ""Don't know"", ""1.0"": ""People should take more responsibility"", ""2.0"": ""2"", ""3.0"": ""3"", ""4.0"": ""4"", ""5.0"": ""5"", ""6.0"": ""6"", ""7.0"": ""7"", ""8.0"": ""8"", ""9.0"": ""9"", ""10.0"": ""The government should take more responsibility""}",WVS_Time_Series_1981-2022_spss_v5_0.sav,S017,valid substantive responses,3.734636428902016,32.82258064516129,32.862585465046514,1.3572105658226197,30.1999995808236,35.525171349269435,1240.0,1289.0,1289.0,1204.4854211503643,1240.8604959999998,True,Weighted respondent linearization; approximate,extended_microdata_shares.csv,,,,,,,,,,,,,,,,,,,,,,,Latest verified Ukrainian observation for this question in audited sources
WVS,2020,E039,Is competition beneficial?,Market-oriented half of the 1–10 scale,Policy,E039,"[1, 2, 3, 4, 5, 6, 7, 8, 9, 10]","[1, 2, 3, 4, 5]",Competition good or harmful,"{""-5.0"": ""Missing; Unknown"", ""-4.0"": ""Not asked in survey"", ""-3.0"": ""Not applicable"", ""-2.0"": ""No answer"", ""-1.0"": ""Don't know"", ""1.0"": ""Competition is good"", ""2.0"": ""2"", ""3.0"": ""3"", ""4.0"": ""4"", ""5.0"": ""5"", ""6.0"": ""6"", ""7.0"": ""7"", ""8.0"": ""8"", ""9.0"": ""9"", ""10.0"": ""Competition is harmful""}",WVS_Time_Series_1981-2022_spss_v5_0.sav,S017,valid substantive responses,5.7914243935142,73.08641975308642,73.21816834294273,1.2870413660597693,70.69324092196833,75.74309576391714,1215.0,1289.0,1289.0,1180.2599431317558,1214.3485,True,Weighted respondent linearization; approximate,extended_microdata_shares.csv,,,,,,,,,,,,,,,,,,,,,,,Latest verified Ukrainian observation for this question in audited sources
WVS,1996,E062,Should foreign goods be freely imported?,Choose freely imported goods,Policy,E062,"[1, 2, 3]",[1],Importation of goods,"{""-4.0"": ""Not asked"", ""-2.0"": ""No answer"", ""-1.0"": ""Don't know"", ""1.0"": ""Import goods"", ""2.0"": ""Limit imports"", ""3.0"": ""Other answers""}",WVS_Time_Series_1981-2022_spss_v5_0.sav,S017,valid substantive responses,12.52223408039843,59.902399349329,59.902399349329,0.9885059793134964,57.96412835681031,61.84067034184768,2459.0,2811.0,2811.0,2459.0,2459.0,True,Weighted respondent linearization; approximate,extended_microdata_shares.csv,,,,,,,,,,,,,,,,,,,,,,,Latest verified Ukrainian observation for this question in audited sources
WVS,1996,E127,Is a free-market economy right for the country’s future?,Right,Policy,E127,"[1, 2]",[1],Free market economy right for country future,"{""-4.0"": ""Not asked"", ""-2.0"": ""No answer"", ""1.0"": ""Right"", ""2.0"": ""Wrong""}",WVS_Time_Series_1981-2022_spss_v5_0.sav,S017,valid substantive responses,26.14727854855923,40.65510597302505,40.65510597302505,1.0782334885042937,38.54089651181216,42.769315434237946,2076.0,2811.0,2811.0,2076.0,2076.0,True,Weighted respondent linearization; approximate,extended_microdata_shares.csv,,,,,,,,,,,,,,,,,,,,,,,Latest verified Ukrainian observation for this question in audited sources
WVS,1996,E133,Is the government doing too little to fight poverty?,Too little,Policy,E133,"[1, 2, 3, 4]",[3],How much is the government doing against poverty,"{""-4.0"": ""Not asked"", ""-2.0"": ""No answer"", ""-1.0"": ""Don't know"", ""1.0"": ""Too much"", ""2.0"": ""About the right amount"", ""3.0"": ""Too little"", ""4.0"": ""Other answer""}",WVS_Time_Series_1981-2022_spss_v5_0.sav,S017,valid substantive responses,5.79864816791178,91.3141993957704,91.3141993957704,0.5473843265840365,90.24088351890128,92.38751527263948,2648.0,2811.0,2811.0,2648.0,2648.0,True,Weighted respondent linearization; approximate,extended_microdata_shares.csv,,,,,,,,,,,,,,,,,,,,,,,Latest verified Ukrainian observation for this question in audited sources
EVS,1999,C059,Is higher pay fair for a more efficient and reliable secretary?,Fair,Belief,C059,"[0, 1]",[1],Fairness: One secretary is paid more,"{""-5.0"": ""Missing: Other"", ""-4.0"": ""Not asked in survey"", ""-3.0"": ""Not applicable"", ""-2.0"": ""No answer"", ""-1.0"": ""DonÂ´t know"", ""0.0"": ""Not fair"", ""1.0"": ""Fair""}",ZA7503_v3-0-0.sav,S017,valid substantive responses,4.371209006083632,91.6010498687664,91.788309125531,0.8212124943892302,90.17712897877578,93.3994892722862,1143.0,1195.0,1195.0,1087.5981550608158,1153.9261699999995,True,Weighted respondent linearization; approximate,extended_microdata_shares.csv,,,,,,,,,,,,,,,,,,,,,,,Latest verified Ukrainian observation for this question in audited sources
EVS,2020,E224,Is taxing the rich to subsidise the poor essential to democracy?,6–10 on essential-to-democracy scale,Democracy concept,E224,"[0, 1, 2, 3, 4, 5, 6, 7, 8, 9, 10]","[6, 7, 8, 9, 10]",Democracy: Governments tax the rich and subsidize the poor.,"{""-5.0"": ""Missing: Other"", ""-4.0"": ""Not asked in survey"", ""-3.0"": ""Not applicable"", ""-2.0"": ""No answer"", ""-1.0"": ""DonÂ´t know"", ""0.0"": ""It is against democracy (spontaneous)"", ""1.0"": ""Not an essential characteristic of democracy"", ""2.0"": ""2"", ""3.0"": ""3"", ""4.0"": ""4"", ""5.0"": ""5"", ""6.0"": ""6"", ""7.0"": ""7"", ""8.0"": ""8"", ""9.0"": ""9"", ""10.0"": ""An essential characteristic of democracy""}",ZA7503_v3-0-0.sav,S017,valid substantive responses,13.66633137017007,75.1834556370914,78.76807484925789,2.576182474775033,73.71505363123761,83.82109606727816,1499.0,1612.0,1612.0,226.1589846605305,1422.483043163674,True,Weighted respondent linearization; approximate,extended_microdata_shares.csv,,,,,,,,,,,,,,,,,,,,,,,Latest verified Ukrainian observation for this question in audited sources
EVS,2020,E227,Is state aid for unemployment essential to democracy?,6–10 on essential-to-democracy scale,Democracy concept,E227,"[0, 1, 2, 3, 4, 5, 6, 7, 8, 9, 10]","[6, 7, 8, 9, 10]",Democracy: People receive state aid for unemployment.,"{""-5.0"": ""Missing: Other"", ""-4.0"": ""Not asked in survey"", ""-3.0"": ""Not applicable"", ""-2.0"": ""No answer"", ""-1.0"": ""DonÂ´t know"", ""0.0"": ""It is against democracy (spontaneous)"", ""1.0"": ""Not an essential characteristic of democracy"", ""2.0"": ""2"", ""3.0"": ""3"", ""4.0"": ""4"", ""5.0"": ""5"", ""6.0"": ""6"", ""7.0"": ""7"", ""8.0"": ""8"", ""9.0"": ""9"", ""10.0"": ""An essential characteristic of democracy""}",ZA7503_v3-0-0.sav,S017,valid substantive responses,8.060391503258968,83.48329048843188,83.91161062738232,2.295537965841989,79.40905610659527,88.41416514816936,1556.0,1612.0,1612.0,236.7284199258586,1514.8497238368611,True,Weighted respondent linearization; approximate,extended_microdata_shares.csv,,,,,,,,,,,,,,,,,,,,,,,Latest verified Ukrainian observation for this question in audited sources
EVS,2020,E233A,Is state equalisation of incomes essential to democracy?,6–10 on essential-to-democracy scale,Democracy concept,E233A,"[0, 1, 2, 3, 4, 5, 6, 7, 8, 9, 10]","[6, 7, 8, 9, 10]",Democracy: The state makes people's incomes equal,"{""-5.0"": ""Missing: Other"", ""-4.0"": ""Not asked in survey"", ""-3.0"": ""Not applicable"", ""-2.0"": ""No answer"", ""-1.0"": ""DonÂ´t know"", ""0.0"": ""It is against democracy (spontaneous)"", ""1.0"": ""Not an essential characteristic of democracy"", ""2.0"": ""2"", ""3.0"": ""3"", ""4.0"": ""4"", ""5.0"": ""5"", ""6.0"": ""6"", ""7.0"": ""7"", ""8.0"": ""8"", ""9.0"": ""9"", ""10.0"": ""An essential characteristic of democracy""}",ZA7503_v3-0-0.sav,S017,valid substantive responses,9.173076294304572,72.18543046357615,74.85916947640558,2.721101264932148,69.52189909175061,80.19643986106055,1510.0,1612.0,1612.0,232.7431350080433,1496.5164910116132,True,Weighted respondent linearization; approximate,extended_microdata_shares.csv,,,,,,,,,,,,,,,,,,,,,,,Latest verified Ukrainian observation for this question in audited sources
EVS,2008,F114,Is claiming government benefits never justifiable (earlier item)?,Never justifiable (1 of 10),Economic norm,F114,"[1, 2, 3, 4, 5, 6, 7, 8, 9, 10]",[1],Justifiable: Claiming government benefits,"{""-5.0"": ""Missing: Other"", ""-4.0"": ""Not asked in survey"", ""-3.0"": ""Not applicable"", ""-2.0"": ""No answer"", ""-1.0"": ""DonÂ´t know"", ""1.0"": ""Never justifiable"", ""2.0"": ""2"", ""3.0"": ""3"", ""4.0"": ""4"", ""5.0"": ""5"", ""6.0"": ""6"", ""7.0"": ""7"", ""8.0"": ""8"", ""9.0"": ""9"", ""10.0"": ""Always justifiable""}",ZA7503_v3-0-0.sav,S017,valid substantive responses,6.112792946555256,66.05374823196605,65.26240836671874,1.3020479187077716,62.70838871537508,67.81642801806241,1414.0,1507.0,1507.0,1352.3617207008058,1414.8802102954123,True,Weighted respondent linearization; approximate,extended_microdata_shares.csv,,,,,,,,,,,,,,,,,,,,,,,Latest verified Ukrainian observation for this question in audited sources
EVS,2020,F114A,Is claiming benefits to which you are not entitled never justifiable?,Never justifiable (1 of 10),Economic norm,F114A,"[1, 2, 3, 4, 5, 6, 7, 8, 9, 10]",[1],Justifiable: Claiming government benefits to which you are not entitled,"{""-5.0"": ""Missing: Other"", ""-4.0"": ""Not asked in survey"", ""-3.0"": ""Not applicable"", ""-2.0"": ""No answer"", ""-1.0"": ""DonÂ´t know"", ""1.0"": ""Never justifiable"", ""2.0"": ""2"", ""3.0"": ""3"", ""4.0"": ""4"", ""5.0"": ""5"", ""6.0"": ""6"", ""7.0"": ""7"", ""8.0"": ""8"", ""9.0"": ""9"", ""10.0"": ""Always justifiable""}",ZA7503_v3-0-0.sav,S017,valid substantive responses,6.325972553458903,47.14926329276105,49.89328248474507,3.2383458084345147,43.54146919452557,56.245095774964575,1561.0,1612.0,1612.0,238.5792828191364,1543.4270052728073,True,Weighted respondent linearization; approximate,extended_microdata_shares.csv,,,,,,,,,,,,,,,,,,,,,,,Latest verified Ukrainian observation for this question in audited sources
EVS,2020,F116,Is cheating on taxes never justifiable?,Never justifiable (1 of 10),Economic norm,F116,"[1, 2, 3, 4, 5, 6, 7, 8, 9, 10]",[1],Justifiable: Cheating on taxes,"{""-5.0"": ""Missing: Other"", ""-4.0"": ""Not asked in survey"", ""-3.0"": ""Not applicable"", ""-2.0"": ""No answer"", ""-1.0"": ""DonÂ´t know"", ""1.0"": ""Never justifiable"", ""2.0"": ""2"", ""3.0"": ""3"", ""4.0"": ""4"", ""5.0"": ""5"", ""6.0"": ""6"", ""7.0"": ""7"", ""8.0"": ""8"", ""9.0"": ""9"", ""10.0"": ""Always justifiable""}",ZA7503_v3-0-0.sav,S017,valid substantive responses,5.823266114566705,46.58944658944659,48.0894561872724,3.242687134920612,41.72912765596909,54.44978471857572,1554.0,1612.0,1612.0,237.1446903775197,1551.7098848997507,True,Weighted respondent linearization; approximate,extended_microdata_shares.csv,,,,,,,,,,,,,,,,,,,,,,,Latest verified Ukrainian observation for this question in audited sources
EVS,2020,E069_05,Do you have confidence in labour unions?,A great deal / quite a lot,Institutional trust,E069_05,"[1, 2, 3, 4]","[1, 2]",Confidence: Labour Unions,"{""-5.0"": ""Missing: Other"", ""-4.0"": ""Not asked in survey"", ""-3.0"": ""Not applicable"", ""-2.0"": ""No answer"", ""-1.0"": ""DonÂ´t know"", ""1.0"": ""A great deal"", ""2.0"": ""Quite a lot"", ""3.0"": ""Not very much"", ""4.0"": ""None at all""}",ZA7503_v3-0-0.sav,S017,valid substantive responses,14.603222547420192,36.29148629148629,37.509868176993926,3.337788379021025,30.963004487950485,44.05673186603737,1386.0,1612.0,1612.0,208.6024490545296,1407.046286750111,True,Weighted respondent linearization; approximate,extended_microdata_shares.csv,,,,,,,,,,,,,,,,,,,,,,,Latest verified Ukrainian observation for this question in audited sources
EVS,2020,E069_09,Do you have confidence in the social security system?,A great deal / quite a lot,Institutional trust,E069_09,"[1, 2, 3, 4]","[1, 2]",Confidence: Social Security System,"{""-5.0"": ""Missing: Other"", ""-4.0"": ""Not asked in survey"", ""-3.0"": ""Not applicable"", ""-2.0"": ""No answer"", ""-1.0"": ""DonÂ´t know"", ""1.0"": ""A great deal"", ""2.0"": ""Quite a lot"", ""3.0"": ""Not very much"", ""4.0"": ""None at all""}",ZA7503_v3-0-0.sav,S017,valid substantive responses,6.783090842223394,41.82410423452769,43.29033496663624,3.204855643029048,37.0042105466912,49.57645938658128,1535.0,1612.0,1612.0,238.0079349238068,1535.8952621555825,True,Weighted respondent linearization; approximate,extended_microdata_shares.csv,,,,,,,,,,,,,,,,,,,,,,,Latest verified Ukrainian observation for this question in audited sources
EVS,2020,E069_13,Do you have confidence in major companies?,A great deal / quite a lot,Institutional trust,E069_13,"[1, 2, 3, 4]","[1, 2]",Confidence: Major Companies,"{""-5.0"": ""Missing: Other"", ""-4.0"": ""Not asked in survey"", ""-3.0"": ""Not applicable"", ""-2.0"": ""No answer"", ""-1.0"": ""DonÂ´t know"", ""1.0"": ""A great deal"", ""2.0"": ""Quite a lot"", ""3.0"": ""Not very much"", ""4.0"": ""None at all""}",ZA7503_v3-0-0.sav,S017,valid substantive responses,16.753467413042845,31.71080887616321,31.541246387515205,3.1803521250973104,25.303184089425883,37.779308685604526,1397.0,1612.0,1612.0,209.8315072592694,1371.6176190177966,True,Weighted respondent linearization; approximate,extended_microdata_shares.csv,,,,,,,,,,,,,,,,,,,,,,,Latest verified Ukrainian observation for this question in audited sources
EVS,2008,B001,Would you give part of your income to protect the environment?,Strongly agree / agree,Policy,B001,"[1, 2, 3, 4]","[1, 2]",Would give part of my income for the environment (4-point scale),"{""-5.0"": ""Missing: Other"", ""-4.0"": ""Not asked in survey"", ""-3.0"": ""Not applicable"", ""-2.0"": ""No answer"", ""-1.0"": ""DonÂ´t know"", ""1.0"": ""Strongly agree"", ""2.0"": ""Agree"", ""3.0"": ""Disagree"", ""4.0"": ""Strongly disagree""}",ZA7503_v3-0-0.sav,S017,valid substantive responses,9.653999256813284,77.86764705882354,78.38433285121113,1.132364843628672,76.16315341413741,80.60551228828484,1360.0,1507.0,1507.0,1300.9817413384578,1361.5142311998238,True,Weighted respondent linearization; approximate,extended_microdata_shares.csv,,,,,,,,,,,,,,,,,,,,,,,Latest verified Ukrainian observation for this question in audited sources
EVS,1999,B002,Would you accept higher taxes to prevent environmental pollution?,Strongly agree / agree,Policy,B002,"[1, 2, 3, 4]","[1, 2]",Increase in taxes if used to prevent environmental pollution,"{""-5.0"": ""Missing: Other"", ""-4.0"": ""Not asked in survey"", ""-3.0"": ""Not applicable"", ""-2.0"": ""No answer"", ""-1.0"": ""DonÂ´t know"", ""1.0"": ""Strongly agree"", ""2.0"": ""Agree"", ""3.0"": ""Disagree"", ""4.0"": ""Strongly disagree""}",ZA7503_v3-0-0.sav,S017,valid substantive responses,11.698057154438446,50.75757575757576,49.528767832032266,1.5779127782841,46.43297745006359,52.62455821400094,1056.0,1195.0,1195.0,1004.4144485364932,1065.51512,True,Weighted respondent linearization; approximate,extended_microdata_shares.csv,,,,,,,,,,,,,,,,,,,,,,,Latest verified Ukrainian observation for this question in audited sources
EVS,1999,B003,Should government reduce pollution without costing you money?,Strongly agree / agree,Policy,B003,"[1, 2, 3, 4]","[1, 2]",Government should reduce environmental pollution,"{""-5.0"": ""Missing: Other"", ""-4.0"": ""Not asked in survey"", ""-3.0"": ""Not applicable"", ""-2.0"": ""No answer"", ""-1.0"": ""DonÂ´t know"", ""1.0"": ""Strongly agree"", ""2.0"": ""Agree"", ""3.0"": ""Disagree"", ""4.0"": ""Strongly disagree""}",ZA7503_v3-0-0.sav,S017,valid substantive responses,9.337744494914002,80.62730627306273,80.69404179736027,1.230892692673498,78.27908844147329,83.10899515324725,1084.0,1195.0,1195.0,1032.2303612788671,1093.99636,True,Weighted respondent linearization; approximate,extended_microdata_shares.csv,,,,,,,,,,,,,,,,,,,,,,,Latest verified Ukrainian observation for this question in audited sources
EVS,2020,B008,Should economic growth and jobs take priority over environmental protection?,Choose economic growth and jobs,Policy,B008,"[1, 2, 3]",[2],Protecting environment vs. Economic growth,"{""-5.0"": ""Missing: Other"", ""-4.0"": ""Not asked in survey"", ""-3.0"": ""Not applicable"", ""-2.0"": ""No answer"", ""-1.0"": ""DonÂ´t know"", ""1.0"": ""Protecting environment"", ""2.0"": ""Economy growth and creating jobs"", ""3.0"": ""Other answer""}",ZA7503_v3-0-0.sav,S017,valid substantive responses,17.014297101949616,44.15395787944808,37.394736422445824,3.298049202580727,30.92581864899868,43.86365419589297,1377.0,1612.0,1612.0,207.09037820182735,1367.3200394580265,True,Weighted respondent linearization; approximate,extended_microdata_shares.csv,,,,,,,,,,,,,,,,,,,,,,,Latest verified Ukrainian observation for this question in audited sources
EVS,2020,E035,Should income differences provide incentives for effort?,Market-oriented half of the 1–10 scale,Policy,E035,"[1, 2, 3, 4, 5, 6, 7, 8, 9, 10]","[6, 7, 8, 9, 10]",Income equality,"{""-5.0"": ""Missing: Other"", ""-4.0"": ""Not asked in survey"", ""-3.0"": ""Not applicable"", ""-2.0"": ""No answer"", ""-1.0"": ""DonÂ´t know"", ""1.0"": ""Incomes should be made more equal"", ""2.0"": ""2"", ""3.0"": ""3"", ""4.0"": ""4"", ""5.0"": ""5"", ""6.0"": ""6"", ""7.0"": ""7"", ""8.0"": ""8"", ""9.0"": ""9"", ""10.0"": ""We need larger income differences as incentives""}",ZA7503_v3-0-0.sav,S017,valid substantive responses,2.8494303032530865,63.82165605095541,63.40615960492593,3.068221673554877,57.388034192665934,69.42428501718592,1570.0,1612.0,1612.0,240.74221638269907,1600.7085094442996,True,Weighted respondent linearization; approximate,extended_microdata_shares.csv,,,,,,,,,,,,,,,,,,,,,,,Latest verified Ukrainian observation for this question in audited sources
EVS,2020,E036,Should private ownership of business increase?,Market-oriented half of the 1–10 scale,Policy,E036,"[1, 2, 3, 4, 5, 6, 7, 8, 9, 10]","[1, 2, 3, 4, 5]",Private vs state ownership of business,"{""-5.0"": ""Missing: Other"", ""-4.0"": ""Not asked in survey"", ""-3.0"": ""Not applicable"", ""-2.0"": ""No answer"", ""-1.0"": ""DonÂ´t know"", ""1.0"": ""Private ownership of business should be increased"", ""2.0"": ""2"", ""3.0"": ""3"", ""4.0"": ""4"", ""5.0"": ""5"", ""6.0"": ""6"", ""7.0"": ""7"", ""8.0"": ""8"", ""9.0"": ""9"", ""10.0"": ""Government ownership of business should be increased""}",ZA7503_v3-0-0.sav,S017,valid substantive responses,14.972745099757546,45.08710801393728,40.13741132560869,3.2203977815401914,33.8208019705167,46.45402068070068,1435.0,1612.0,1612.0,221.68043020421408,1400.957821228969,True,Weighted respondent linearization; approximate,extended_microdata_shares.csv,,,,,,,,,,,,,,,,,,,,,,,Latest verified Ukrainian observation for this question in audited sources
EVS,2020,E037,Should individuals take more responsibility for providing for themselves?,Market-oriented half of the 1–10 scale,Policy,E037,"[1, 2, 3, 4, 5, 6, 7, 8, 9, 10]","[1, 2, 3, 4, 5]",Government responsibility,"{""-5.0"": ""Missing: Other"", ""-4.0"": ""Not asked in survey"", ""-3.0"": ""Not applicable"", ""-2.0"": ""No answer"", ""-1.0"": ""DonÂ´t know"", ""1.0"": ""People should take more responsibility"", ""2.0"": ""2"", ""3.0"": ""3"", ""4.0"": ""4"", ""5.0"": ""5"", ""6.0"": ""6"", ""7.0"": ""7"", ""8.0"": ""8"", ""9.0"": ""9"", ""10.0"": ""The government should take more responsibility""}",ZA7503_v3-0-0.sav,S017,valid substantive responses,2.451689021140635,50.0,45.11949591836309,3.171956767021527,38.89790059142399,51.3410912453022,1572.0,1612.0,1612.0,242.36934831243087,1607.2619229427694,True,Weighted respondent linearization; approximate,extended_microdata_shares.csv,,,,,,,,,,,,,,,,,,,,,,,Latest verified Ukrainian observation for this question in audited sources
EVS,2020,E038,Should unemployed people accept any available job?,Market-oriented half of the 1–10 scale,Policy,E038,"[1, 2, 3, 4, 5, 6, 7, 8, 9, 10]","[1, 2, 3, 4, 5]",Job taking of the unemployed,"{""-5.0"": ""Missing: Other"", ""-4.0"": ""Not asked in survey"", ""-3.0"": ""Not applicable"", ""-2.0"": ""No answer"", ""-1.0"": ""DonÂ´t know"", ""1.0"": ""Unemployed should take any job"", ""2.0"": ""2"", ""3.0"": ""3"", ""4.0"": ""4"", ""5.0"": ""5"", ""6.0"": ""6"", ""7.0"": ""7"", ""8.0"": ""8"", ""9.0"": ""9"", ""10.0"": ""Unemployed have a right to refuse a job""}",ZA7503_v3-0-0.sav,S017,valid substantive responses,4.810791480980969,50.48418334409296,46.61592979938788,3.215384772917903,40.30915314798927,52.922706450786485,1549.0,1612.0,1612.0,237.6681595557797,1568.391997692667,True,Weighted respondent linearization; approximate,extended_microdata_shares.csv,,,,,,,,,,,,,,,,,,,,,,,Latest verified Ukrainian observation for this question in audited sources
EVS,2020,E039,Is competition beneficial?,Market-oriented half of the 1–10 scale,Policy,E039,"[1, 2, 3, 4, 5, 6, 7, 8, 9, 10]","[1, 2, 3, 4, 5]",Competition good or harmful,"{""-5.0"": ""Missing: Other"", ""-4.0"": ""Not asked in survey"", ""-3.0"": ""Not applicable"", ""-2.0"": ""No answer"", ""-1.0"": ""DonÂ´t know"", ""1.0"": ""Competition is good"", ""2.0"": ""2"", ""3.0"": ""3"", ""4.0"": ""4"", ""5.0"": ""5"", ""6.0"": ""6"", ""7.0"": ""7"", ""8.0"": ""8"", ""9.0"": ""9"", ""10.0"": ""Competition is harmful""}",ZA7503_v3-0-0.sav,S017,valid substantive responses,3.660604049284766,72.9518855656697,65.9657324403444,3.1578969786063524,59.771714511310286,72.1597503693785,1538.0,1612.0,1612.0,238.72714010387207,1587.3431455358443,True,Weighted respondent linearization; approximate,extended_microdata_shares.csv,,,,,,,,,,,,,,,,,,,,,,,Latest verified Ukrainian observation for this question in audited sources
EVS,2008,E042,Should the state give firms more freedom?,Market-oriented half of the 1–10 scale,Policy,E042,"[1, 2, 3, 4, 5, 6, 7, 8, 9, 10]","[1, 2, 3, 4, 5]",Firms and freedom,"{""-5.0"": ""Missing: Other"", ""-4.0"": ""Not asked in survey"", ""-3.0"": ""Not applicable"", ""-2.0"": ""No answer"", ""-1.0"": ""DonÂ´t know"", ""1.0"": ""State should give more freedom to firms"", ""2.0"": ""2"", ""3.0"": ""3"", ""4.0"": ""4"", ""5.0"": ""5"", ""6.0"": ""6"", ""7.0"": ""7"", ""8.0"": ""8"", ""9.0"": ""9"", ""10.0"": ""State should control firms more effectively""}",ZA7503_v3-0-0.sav,S017,valid substantive responses,4.577361513870082,34.540389972144844,35.44038915624964,1.2993960893080614,32.89157117552159,37.98920713697768,1436.0,1507.0,1507.0,1373.7370297673708,1438.019161985978,True,Weighted respondent linearization; approximate,extended_microdata_shares.csv,,,,,,,,,,,,,,,,,,,,,,,Latest verified Ukrainian observation for this question in audited sources
LiTS,2016,connections_a,Are connections important for obtaining a government job?,Very important / essential,Belief,q425a,"[1, 2, 3, 4, 5]","[4, 5]",How important is the influence of connections - to get a good job in the governm,"{""-97"": ""Don't know"", ""1"": ""Not important at all"", ""2"": ""Somewhat important"", ""3"": ""Moderately important"", ""4"": ""Very important"", ""5"": ""Essential""}",lits_iii.dta,weight_population,valid substantive responses,5.623643028653591,45.809248554913296,44.6861257887135,4.621272641656652,35.478039047122934,53.89421253030406,1384.0,1507.0,75.0,706.2393777792901,33168530.34,True,PSU linearization; no explicit strata; approximate,extended_microdata_shares.csv,,,,,,,,,,,,,,,,,,,,,,,Latest verified Ukrainian observation for this question in audited sources
LiTS,2016,connections_b,Are connections important for obtaining a private-sector job?,Very important / essential,Belief,q425b,"[1, 2, 3, 4, 5]","[4, 5]",How important is the influence of connections - to get a good job in the private,"{""-97"": ""Don't know"", ""1"": ""Not important at all"", ""2"": ""Somewhat important"", ""3"": ""Moderately important"", ""4"": ""Very important"", ""5"": ""Essential""}",lits_iii.dta,weight_population,valid substantive responses,5.757356891571675,40.43321299638989,40.8914402705131,4.663642172199274,31.598930396445965,50.18395014458024,1385.0,1507.0,75.0,708.535648977698,33121536.66,True,PSU linearization; no explicit strata; approximate,extended_microdata_shares.csv,,,,,,,,,,,,,,,,,,,,,,,Latest verified Ukrainian observation for this question in audited sources
LiTS,2016,connections_d,Are connections important for obtaining permits or official papers?,Very important / essential,Belief,q425d,"[1, 2, 3, 4, 5]","[4, 5]",How important is the influence of connections - to obtain permits or official pa,"{""-97"": ""Don't know"", ""1"": ""Not important at all"", ""2"": ""Somewhat important"", ""3"": ""Moderately important"", ""4"": ""Very important"", ""5"": ""Essential""}",lits_iii.dta,weight_population,valid substantive responses,4.953669302055841,21.57558552164656,24.396286892691997,3.581452866681698,17.260086279888274,31.532487505495716,1409.0,1507.0,75.0,721.4903124883407,33403992.32,True,PSU linearization; no explicit strata; approximate,extended_microdata_shares.csv,,,,,,,,,,,,,,,,,,,,,,,Latest verified Ukrainian observation for this question in audited sources
LiTS,2016,inequality_increased,Has the gap between rich and poor increased?,Became larger,Belief,q421,"[1, 2, 3]",[2],Change in the gap between rich and poor,"{""-99"": ""Refusal"", ""-97"": ""Don't know"", ""1"": ""Stayed the same"", ""2"": ""Became larger"", ""3"": ""Became smaller""}",lits_iii.dta,weight_population,valid substantive responses,2.1070404328572323,78.52760736196319,73.69477169109076,5.136655725182698,63.45976173889409,83.92978164328744,1467.0,1507.0,75.0,747.6011427524617,34404438.82,True,PSU linearization; no explicit strata; approximate,extended_microdata_shares.csv,,,,,,,,,,,,,,,,,,,,,,,Latest verified Ukrainian observation for this question in audited sources
LiTS,2016,poverty_1,Why are some people poor: bad luck?,Choose named explanation,Belief,q410,"[1, 2, 3, 4, 5]",[1],Main reason there are some people in need in the country,"{""-97"": ""Don't know"", ""1"": ""Because they have been unlucky"", ""2"": ""Because of laziness and lack of willpower"", ""3"": ""Because of injustice in our society"", ""4"": ""It is an inevitable part of modern life"", ""5"": ""Other""}",lits_iii.dta,weight_population,valid substantive responses,1.3123080683397514,7.6558265582655824,6.3127788911281,1.1587482396451123,4.003922623670876,8.621635158585324,1476.0,1507.0,75.0,753.8994953678413,34683747.17,True,PSU linearization; no explicit strata; approximate,extended_microdata_shares.csv,,,,,,,,,,,,,,,,,,,,,,,Latest verified Ukrainian observation for this question in audited sources
LiTS,2016,poverty_2,Why are some people poor: laziness and lack of willpower?,Choose named explanation,Belief,q410,"[1, 2, 3, 4, 5]",[2],Main reason there are some people in need in the country,"{""-97"": ""Don't know"", ""1"": ""Because they have been unlucky"", ""2"": ""Because of laziness and lack of willpower"", ""3"": ""Because of injustice in our society"", ""4"": ""It is an inevitable part of modern life"", ""5"": ""Other""}",lits_iii.dta,weight_population,valid substantive responses,1.3123080683397514,16.59891598915989,16.11119180004102,1.9381186485445727,12.249406093994672,19.972977506087368,1476.0,1507.0,75.0,753.8994953678413,34683747.17,True,PSU linearization; no explicit strata; approximate,extended_microdata_shares.csv,,,,,,,,,,,,,,,,,,,,,,,Latest verified Ukrainian observation for this question in audited sources
LiTS,2016,poverty_3,Why are some people poor: injustice in society?,Choose named explanation,Belief,q410,"[1, 2, 3, 4, 5]",[3],Main reason there are some people in need in the country,"{""-97"": ""Don't know"", ""1"": ""Because they have been unlucky"", ""2"": ""Because of laziness and lack of willpower"", ""3"": ""Because of injustice in our society"", ""4"": ""It is an inevitable part of modern life"", ""5"": ""Other""}",lits_iii.dta,weight_population,valid substantive responses,1.3123080683397514,53.2520325203252,55.82254519703904,3.5160950714819363,48.81657283391998,62.828517560158105,1476.0,1507.0,75.0,753.8994953678413,34683747.17,True,PSU linearization; no explicit strata; approximate,extended_microdata_shares.csv,,,,,,,,,,,,,,,,,,,,,,,Latest verified Ukrainian observation for this question in audited sources
LiTS,2016,poverty_4,Why are some people poor: an inevitable part of modern life?,Choose named explanation,Belief,q410,"[1, 2, 3, 4, 5]",[4],Main reason there are some people in need in the country,"{""-97"": ""Don't know"", ""1"": ""Because they have been unlucky"", ""2"": ""Because of laziness and lack of willpower"", ""3"": ""Because of injustice in our society"", ""4"": ""It is an inevitable part of modern life"", ""5"": ""Other""}",lits_iii.dta,weight_population,valid substantive responses,1.3123080683397514,19.10569105691057,19.30237640467727,2.3824760337538806,14.555189281196508,24.04956352815803,1476.0,1507.0,75.0,753.8994953678413,34683747.17,True,PSU linearization; no explicit strata; approximate,extended_microdata_shares.csv,,,,,,,,,,,,,,,,,,,,,,,Latest verified Ukrainian observation for this question in audited sources
LiTS,2016,success_effort,What matters most for success: effort and hard work?,Choose effort and hard work,Belief,q409,"[1, 2, 3, 4, 5]",[1],Most important factor to succeed in the country,"{""-97"": ""Don't know"", ""1"": ""Effort and hard work"", ""2"": ""Intelligence and skills"", ""3"": ""By political connections"", ""4"": ""By breaking the law"", ""5"": ""Other""}",lits_iii.dta,weight_population,valid substantive responses,5.6313269759649565,31.672597864768683,34.307569422365205,3.5304728803603163,27.27294864969057,41.34219019503984,1405.0,1507.0,75.0,715.695069650253,33165829.82,True,PSU linearization; no explicit strata; approximate,extended_microdata_shares.csv,,,,,,,,,,,,,,,,,,,,,,,Latest verified Ukrainian observation for this question in audited sources
LiTS,2016,success_skill,What matters most for success: intelligence and skills?,Choose intelligence and skills,Belief,q409,"[1, 2, 3, 4, 5]",[2],Most important factor to succeed in the country,"{""-97"": ""Don't know"", ""1"": ""Effort and hard work"", ""2"": ""Intelligence and skills"", ""3"": ""By political connections"", ""4"": ""By breaking the law"", ""5"": ""Other""}",lits_iii.dta,weight_population,valid substantive responses,5.6313269759649565,30.46263345195729,28.58426242144904,3.245076741829207,22.118305868154323,35.05021897474376,1405.0,1507.0,75.0,715.695069650253,33165829.82,True,PSU linearization; no explicit strata; approximate,extended_microdata_shares.csv,,,,,,,,,,,,,,,,,,,,,,,Latest verified Ukrainian observation for this question in audited sources
LiTS,2016,trust_banks,Do you trust banks and the financial system?,Some / complete trust,Institutional trust,q404j,"[1, 2, 3, 4, 5]","[4, 5]",Trust - banks and the financial system,"{""-98"": ""Not applicable"", ""-97"": ""Don't know"", ""1"": ""Complete distrust"", ""2"": ""Some distrust"", ""3"": ""Neither trust nor distrust"", ""4"": ""Some trust"", ""5"": ""Complete trust""}",lits_iii.dta,weight_population,valid substantive responses,4.101963813796983,12.8044537230341,11.576793752940189,1.7062489107807914,8.17701858460437,14.976568921276003,1437.0,1507.0,75.0,730.8798388542984,33703323.85,True,PSU linearization; no explicit strata; approximate,extended_microdata_shares.csv,,,,,,,,,,,,,,,,,,,,,,,Latest verified Ukrainian observation for this question in audited sources
LiTS,2016,trust_foreign_investors,Do you trust foreign investors?,Some / complete trust,Institutional trust,q404k,"[1, 2, 3, 4, 5]","[4, 5]",Trust - foreign investors,"{""-98"": ""Not applicable"", ""-97"": ""Don't know"", ""1"": ""Complete distrust"", ""2"": ""Some distrust"", ""3"": ""Neither trust nor distrust"", ""4"": ""Some trust"", ""5"": ""Complete trust""}",lits_iii.dta,weight_population,valid substantive responses,11.3980888867935,17.53846153846154,16.762590027795667,2.536790013735683,11.707925587286685,21.81725446830465,1300.0,1507.0,75.0,652.9258543870699,31139103.81,True,PSU linearization; no explicit strata; approximate,extended_microdata_shares.csv,,,,,,,,,,,,,,,,,,,,,,,Latest verified Ukrainian observation for this question in audited sources
LiTS,2016,trust_unions,Do you trust trade unions?,Some / complete trust,Institutional trust,q404m,"[1, 2, 3, 4, 5]","[4, 5]",Trust - trade unions,"{""-98"": ""Not applicable"", ""-97"": ""Don't know"", ""1"": ""Complete distrust"", ""2"": ""Some distrust"", ""3"": ""Neither trust nor distrust"", ""4"": ""Some trust"", ""5"": ""Complete trust""}",lits_iii.dta,weight_population,valid substantive responses,13.36731563669723,18.004676539360872,17.271685950035565,2.825581725703855,11.641591462382236,22.90178043768889,1283.0,1507.0,75.0,634.8178249382829,30447019.91,True,PSU linearization; no explicit strata; approximate,extended_microdata_shares.csv,,,,,,,,,,,,,,,,,,,,,,,Latest verified Ukrainian observation for this question in audited sources
LiTS,2016,competition,Is competition beneficial?,Market-oriented half of the 1–10 scale,Policy,q417c,"[1, 2, 3, 4, 5, 6, 7, 8, 9, 10]","[1, 2, 3, 4, 5]",Competition is good vs harmful,"{""-97"": ""DK"", ""1"": ""Competition is good. It  stimulates people to work hard and develop new ideas"", ""2"": ""2"", ""3"": ""3"", ""4"": ""4"", ""5"": ""5"", ""6"": ""6"", ""7"": ""7"", ""8"": ""8"", ""9"": ""9"", ""10"": ""Competition is harmful. It brings out the worst in people""}",lits_iii.dta,weight_population,valid substantive responses,2.082368643015764,77.70961145194273,73.16217602004092,4.443708964250827,64.30789262884574,82.0164594112361,1467.0,1507.0,75.0,751.5461174048853,34413109.71000001,True,PSU linearization; no explicit strata; approximate,extended_microdata_shares.csv,,,,,,,,,,,,,,,,,,,,,,,Latest verified Ukrainian observation for this question in audited sources
LiTS,2016,corporate_donations,Should corporate funding of political parties and candidates be banned?,1–5: ban-funding half of scale,Policy,q417g,"[1, 2, 3, 4, 5, 6, 7, 8, 9, 10]","[1, 2, 3, 4, 5]",Financial support by companies to political parties and candidates should be ban,"{""-97"": ""DK"", ""1"": ""Financial support by companies to political parties and candidates should be ban"", ""2"": ""2"", ""3"": ""3"", ""4"": ""4"", ""5"": ""5"", ""6"": ""6"", ""7"": ""7"", ""8"": ""8"", ""9"": ""9"", ""10"": ""There should be no limits on financial support by companies to political parties""}",lits_iii.dta,weight_population,valid substantive responses,3.686933660714364,80.98245614035088,81.70493359473699,3.106926443584211,75.51424751956763,87.89561966990634,1425.0,1507.0,75.0,731.3961261108215,33849186.02,True,PSU linearization; no explicit strata; approximate,extended_microdata_shares.csv,,,,,,,,,,,,,,,,,,,,,,,Latest verified Ukrainian observation for this question in audited sources
LiTS,2016,income_incentives,Should larger income differences reward individual effort?,Market-oriented half of the 1–10 scale,Policy,q417a,"[1, 2, 3, 4, 5, 6, 7, 8, 9, 10]","[6, 7, 8, 9, 10]",Incomes should be made more equal vs different,"{""-97"": ""DK"", ""1"": ""Incomes should be made more equal"", ""2"": ""2"", ""3"": ""3"", ""4"": ""4"", ""5"": ""5"", ""6"": ""6"", ""7"": ""7"", ""8"": ""8"", ""9"": ""9"", ""10"": ""We need larger income differences as incentives for individual effort""}",lits_iii.dta,weight_population,valid substantive responses,0.465951683182686,18.662207357859533,16.47846758925651,2.6637360600827447,11.170857629859754,21.786077548653267,1495.0,1507.0,75.0,762.8676733253158,34981198.76,True,PSU linearization; no explicit strata; approximate,extended_microdata_shares.csv,,,,,,,,,,,,,,,,,,,,,,,Latest verified Ukrainian observation for this question in audited sources
LiTS,2006,keep_private,Should privatised firms remain with current owners (possibly after additional payment)?,Choose named option(s),Policy,q309,"[1, 2, 3, 4]","[1, 2]",attitude towards privatization vs. nationalisation,"{""1"": ""current owners, no change"", ""2"": ""current owners, if pay waht they are worth"", ""3"": ""renationalise, state hands"", ""4"": ""renationalise and reprivatise""}",LITS-2006-data.dta,weight_0,valid substantive responses,0.6365850365262382,42.311557788944725,44.5269728321473,3.568949724314012,37.35489984360664,51.69904582068797,995.0,1000.0,50.0,824.3838826749655,38324919.89355469,True,PSU linearization; no explicit strata; approximate,extended_microdata_shares.csv,,,,,,,,,,,,,,,,,,,,,,,Latest verified Ukrainian observation for this question in audited sources
LiTS,2016,market,Is a market economy preferable to any other economic system?,Market economy preferable,Policy,q411,"[1, 2, 3]",[1],Statement about the economic system,"{""-97"": ""Don't know"", ""1"": ""A market economy is preferable to any other form of economic system"", ""2"": ""Under some circumstances, a planned economy may be preferable to a market econom"", ""3"": ""For people like me, it does not matter whether the economic system is organised""}",lits_iii.dta,weight_population,valid substantive responses,8.001720638312882,35.053763440860216,36.641876421943046,3.3638622528449726,29.93923457135212,43.34451827253397,1395.0,1507.0,75.0,757.072147613676,32332755.98,True,PSU linearization; no explicit strata; approximate,extended_microdata_shares.csv,,,,,,,,,,,,,,,,,,,,,,,Latest verified Ukrainian observation for this question in audited sources
LiTS,2006,nationalise,Should privatised firms return permanently to state ownership?,Choose named option(s),Policy,q309,"[1, 2, 3, 4]",[3],attitude towards privatization vs. nationalisation,"{""1"": ""current owners, no change"", ""2"": ""current owners, if pay waht they are worth"", ""3"": ""renationalise, state hands"", ""4"": ""renationalise and reprivatise""}",LITS-2006-data.dta,weight_0,valid substantive responses,0.6365850365262382,44.92462311557789,43.02457889868677,3.659417217164345,35.67070467674891,50.37845312062463,995.0,1000.0,50.0,824.3838826749655,38324919.89355469,True,PSU linearization; no explicit strata; approximate,extended_microdata_shares.csv,,,,,,,,,,,,,,,,,,,,,,,Latest verified Ukrainian observation for this question in audited sources
LiTS,2016,pay_a,Would you give income or pay more taxes for public education?,Yes,Policy,q407a,"[1, 2]",[1],Would give more money to - improve public education,"{""-97"": ""Don't know"", ""1"": ""YES"", ""2"": ""NO""}",lits_iii.dta,weight_population,valid substantive responses,2.822531927118055,41.172413793103445,45.06753944236533,4.578126266933943,35.94542372906914,54.18965515566152,1450.0,1507.0,75.0,744.1558579434064,34152979.64,True,PSU linearization; no explicit strata; approximate,extended_microdata_shares.csv,,,,,,,,,,,,,,,,,,,,,,,Latest verified Ukrainian observation for this question in audited sources
LiTS,2016,pay_b,Would you give income or pay more taxes for public health?,Yes,Policy,q407b,"[1, 2]",[1],Would give more money to - improve the public health system,"{""-97"": ""Don't know"", ""1"": ""YES"", ""2"": ""NO""}",lits_iii.dta,weight_population,valid substantive responses,2.0322692507765527,50.13679890560876,52.82219585091233,4.294326922160813,44.26556267598045,61.37882902584421,1462.0,1507.0,75.0,747.0720875257665,34430717.12,True,PSU linearization; no explicit strata; approximate,extended_microdata_shares.csv,,,,,,,,,,,,,,,,,,,,,,,Latest verified Ukrainian observation for this question in audited sources
LiTS,2016,pay_c,Would you give income or pay more taxes for combating climate change?,Yes,Policy,q407c,"[1, 2]",[1],Would give more money to - combat climate change,"{""-97"": ""Don't know"", ""1"": ""YES"", ""2"": ""NO""}",lits_iii.dta,weight_population,valid substantive responses,3.7022493999173456,27.405857740585773,28.388485159293992,4.169681498882528,20.08021341171933,36.69675690686865,1434.0,1507.0,75.0,734.193094669923,33843803.31,True,PSU linearization; no explicit strata; approximate,extended_microdata_shares.csv,,,,,,,,,,,,,,,,,,,,,,,Latest verified Ukrainian observation for this question in audited sources
LiTS,2016,pay_d,Would you give income or pay more taxes for helping people in need?,Yes,Policy,q407d,"[1, 2]",[1],Would give more money to - help the needy,"{""-97"": ""Don't know"", ""1"": ""YES"", ""2"": ""NO""}",lits_iii.dta,weight_population,valid substantive responses,4.307533703737065,41.77840508115737,47.40756647325151,5.108091370634578,37.22947223990373,57.585660706599285,1417.0,1507.0,75.0,726.378130546647,33631076.4,True,PSU linearization; no explicit strata; approximate,extended_microdata_shares.csv,,,,,,,,,,,,,,,,,,,,,,,Latest verified Ukrainian observation for this question in audited sources
LiTS,2016,private_ownership,Should private ownership of business increase?,Market-oriented half of the 1–10 scale,Policy,q417b,"[1, 2, 3, 4, 5, 6, 7, 8, 9, 10]","[1, 2, 3, 4, 5]",Private vs government ownership of business and industry,"{""-97"": ""DK"", ""1"": ""Private ownership of business and industry should be increased"", ""2"": ""2"", ""3"": ""3"", ""4"": ""4"", ""5"": ""5"", ""6"": ""6"", ""7"": ""7"", ""8"": ""8"", ""9"": ""9"", ""10"": ""Government ownership of business and industry should be increased""}",lits_iii.dta,weight_population,valid substantive responses,2.005036780628011,58.04243668720055,58.514113742038525,4.94394564087668,48.66308701478157,68.36514046929548,1461.0,1507.0,75.0,749.5361132931494,34440287.96,True,PSU linearization; no explicit strata; approximate,extended_microdata_shares.csv,,,,,,,,,,,,,,,,,,,,,,,Latest verified Ukrainian observation for this question in audited sources
LiTS,2016,reduce_gap,Should the gap between rich and poor be reduced?,Agree / strongly agree,Policy,q401h,"[1, 2, 3, 4, 5]","[4, 5]",The gap between the rich and the poor in our country should be reduced,"{""-98"": ""Not applicable"", ""-97"": ""DK"", ""1"": ""Strongly disagree"", ""2"": ""Disagree"", ""3"": ""Neither disagree nor agree"", ""4"": ""Agree"", ""5"": ""Strongly agree""}",lits_iii.dta,weight_population,valid substantive responses,2.008489082448517,64.96598639455782,62.11570196761951,4.378717116266756,53.39091766036478,70.84048627487424,1470.0,1507.0,75.0,750.2031538943178,34439074.65,True,PSU linearization; no explicit strata; approximate,extended_microdata_shares.csv,,,,,,,,,,,,,,,,,,,,,,,Latest verified Ukrainian observation for this question in audited sources
LiTS,2006,reprivatise,Should privatised firms be nationalised and then re-privatised?,Choose named option(s),Policy,q309,"[1, 2, 3, 4]",[4],attitude towards privatization vs. nationalisation,"{""1"": ""current owners, no change"", ""2"": ""current owners, if pay waht they are worth"", ""3"": ""renationalise, state hands"", ""4"": ""renationalise and reprivatise""}",LITS-2006-data.dta,weight_0,valid substantive responses,0.6365850365262382,12.763819095477388,12.44844826916593,1.6489931186450264,9.134672531740367,15.762224006591492,995.0,1000.0,50.0,824.3838826749655,38324919.89355469,True,PSU linearization; no explicit strata; approximate,extended_microdata_shares.csv,,,,,,,,,,,,,,,,,,,,,,,Latest verified Ukrainian observation for this question in audited sources
LiTS,2006,state_1,Should the state reduce inequality?,Moderate or strong state involvement,Policy,q305_1,"[1, 2, 3]","[2, 3]",perception of state involv. in reducing income inequality,"{""1"": ""not involved"", ""2"": ""moderately involved"", ""3"": ""strongly involved""}",LITS-2006-data.dta,weight_0,valid substantive responses,0.1318938358086496,97.09709709709708,97.20606744475464,0.8989751637852939,95.3995092168175,99.01262567269175,999.0,1000.0,50.0,826.872368140321,38519581.57910156,True,PSU linearization; no explicit strata; approximate,extended_microdata_shares.csv,,,,,,,,,,,,,,,,,,,,,,,Latest verified Ukrainian observation for this question in audited sources
LiTS,2006,state_2,Should the state guarantee employment?,Moderate or strong state involvement,Policy,q305_2,"[1, 2, 3]","[2, 3]",perception of state involv. in guaranteeing employment,"{""1"": ""not involved"", ""2"": ""moderately involved"", ""3"": ""strongly involved""}",LITS-2006-data.dta,weight_0,valid substantive responses,0.1318938358086496,99.29929929929928,99.30902484562384,0.2800534423966908,98.74623638271063,99.87181330853704,999.0,1000.0,50.0,826.872368140321,38519581.57910156,True,PSU linearization; no explicit strata; approximate,extended_microdata_shares.csv,,,,,,,,,,,,,,,,,,,,,,,Latest verified Ukrainian observation for this question in audited sources
LiTS,2006,state_3,Should the state keep electricity and gas prices low?,Moderate or strong state involvement,Policy,q305_3,"[1, 2, 3]","[2, 3]",perception of state involv. in guaranteeing low prices for electricity & gas,"{""1"": ""not involved"", ""2"": ""moderately involved"", ""3"": ""strongly involved""}",LITS-2006-data.dta,weight_0,valid substantive responses,0.1318938358086496,98.998998998999,98.96129061281732,0.3936461099936839,98.17022913798176,99.75235208765288,999.0,1000.0,50.0,826.872368140321,38519581.57910156,True,PSU linearization; no explicit strata; approximate,extended_microdata_shares.csv,,,,,,,,,,,,,,,,,,,,,,,Latest verified Ukrainian observation for this question in audited sources
LiTS,2006,state_4,Should the state keep basic food prices low?,Moderate or strong state involvement,Policy,q305_4,"[1, 2, 3]","[2, 3]",perception of state involv. in guaranteeing low prices for basic goods & food,"{""1"": ""not involved"", ""2"": ""moderately involved"", ""3"": ""strongly involved""}",LITS-2006-data.dta,weight_0,valid substantive responses,0.2125513237472232,98.89779559118236,98.90837079826208,0.3621653110215188,98.180572357486,99.63616923903813,998.0,1000.0,50.0,825.9827743714285,38488471.62011719,True,PSU linearization; no explicit strata; approximate,extended_microdata_shares.csv,,,,,,,,,,,,,,,,,,,,,,,Latest verified Ukrainian observation for this question in audited sources
LiTS,2006,state_5,Should the state own public utilities?,Moderate or strong state involvement,Policy,q305_5,"[1, 2, 3]","[2, 3]",perception of state involv. in ownership of gas & electricity companies,"{""1"": ""not involved"", ""2"": ""moderately involved"", ""3"": ""strongly involved""}",LITS-2006-data.dta,weight_0,valid substantive responses,0.2125513237472232,96.19238476953907,95.75843715482644,0.9017741766163992,93.94625410001552,97.57062020963735,998.0,1000.0,50.0,825.9827743714285,38488471.62011719,True,PSU linearization; no explicit strata; approximate,extended_microdata_shares.csv,,,,,,,,,,,,,,,,,,,,,,,Latest verified Ukrainian observation for this question in audited sources
LiTS,2006,state_6,Should the state own large companies?,Moderate or strong state involvement,Policy,q305_6,"[1, 2, 3]","[2, 3]",perception of state involv. in ownership of large companies in this country,"{""1"": ""not involved"", ""2"": ""moderately involved"", ""3"": ""strongly involved""}",LITS-2006-data.dta,weight_0,valid substantive responses,0.2932088116857967,92.5777331995988,91.81126312812142,1.4760201432255713,88.84508959879136,94.77743665745147,997.0,1000.0,50.0,825.0932998273202,38457361.66113281,True,PSU linearization; no explicit strata; approximate,extended_microdata_shares.csv,,,,,,,,,,,,,,,,,,,,,,,Latest verified Ukrainian observation for this question in audited sources
LiTS,2016,support_1,Who deserves government support: elderly people?,Selected; all respondents with recorded checkbox,Policy,q408a,"[0, 1]",[1],Deserve support from the government - elderly,"{""0"": ""Not mentioned"", ""1"": ""Mentioned""}",lits_iii.dta,weight_population,valid substantive responses,0.0,93.49701393497014,94.5038812122864,1.2911010647202703,91.93130618415684,97.07645624041594,1507.0,1507.0,75.0,768.4608698446534,35144957.28,True,PSU linearization; no explicit strata; approximate,extended_microdata_shares.csv,,,,,,,,,,,,,,,,,,,,,,,Latest verified Ukrainian observation for this question in audited sources
LiTS,2016,support_2,Who deserves government support: people with disabilities?,Selected; all respondents with recorded checkbox,Policy,q408b,"[0, 1]",[1],Deserve support from the government disabled,"{""0"": ""Not mentioned"", ""1"": ""Mentioned""}",lits_iii.dta,weight_population,valid substantive responses,0.0,94.75779694757796,95.1828227119131,1.2372414949198132,92.7175652192427,97.64808020458352,1507.0,1507.0,75.0,768.4608698446534,35144957.28,True,PSU linearization; no explicit strata; approximate,extended_microdata_shares.csv,,,,,,,,,,,,,,,,,,,,,,,Latest verified Ukrainian observation for this question in audited sources
LiTS,2016,support_3,Who deserves government support: war veterans?,Selected; all respondents with recorded checkbox,Policy,q408c,"[0, 1]",[1],Deserve support from the government - war veterans,"{""0"": ""Not mentioned"", ""1"": ""Mentioned""}",lits_iii.dta,weight_population,valid substantive responses,0.0,93.1652289316523,94.20238965218626,1.1630236546885802,91.88501443429496,96.51976487007754,1507.0,1507.0,75.0,768.4608698446534,35144957.28,True,PSU linearization; no explicit strata; approximate,extended_microdata_shares.csv,,,,,,,,,,,,,,,,,,,,,,,Latest verified Ukrainian observation for this question in audited sources
LiTS,2016,support_4,Who deserves government support: families with children?,Selected; all respondents with recorded checkbox,Policy,q408d,"[0, 1]",[1],Deserve support from the government - families with children,"{""0"": ""Not mentioned"", ""1"": ""Mentioned""}",lits_iii.dta,weight_population,valid substantive responses,0.0,87.52488387524883,87.97273604197706,2.393706920407821,83.20317088834888,92.74230119560524,1507.0,1507.0,75.0,768.4608698446534,35144957.28,True,PSU linearization; no explicit strata; approximate,extended_microdata_shares.csv,,,,,,,,,,,,,,,,,,,,,,,Latest verified Ukrainian observation for this question in audited sources
LiTS,2016,support_5,Who deserves government support: the working poor?,Selected; all respondents with recorded checkbox,Policy,q408e,"[0, 1]",[1],Deserve support from the government - working poor,"{""0"": ""Not mentioned"", ""1"": ""Mentioned""}",lits_iii.dta,weight_population,valid substantive responses,0.0,69.01128069011281,69.76597101727933,4.337382810202209,61.12354711270133,78.40839492185734,1507.0,1507.0,75.0,768.4608698446534,35144957.28,True,PSU linearization; no explicit strata; approximate,extended_microdata_shares.csv,,,,,,,,,,,,,,,,,,,,,,,Latest verified Ukrainian observation for this question in audited sources
LiTS,2016,support_6,Who deserves government support: unemployed people?,Selected; all respondents with recorded checkbox,Policy,q408f,"[0, 1]",[1],Deserve support from the government - unemployed,"{""0"": ""Not mentioned"", ""1"": ""Mentioned""}",lits_iii.dta,weight_population,valid substantive responses,0.0,68.94492368944924,70.96480109877089,4.278814036292869,62.43907802366667,79.49052417387512,1507.0,1507.0,75.0,768.4608698446534,35144957.28,True,PSU linearization; no explicit strata; approximate,extended_microdata_shares.csv,,,,,,,,,,,,,,,,,,,,,,,Latest verified Ukrainian observation for this question in audited sources
LiTS,2016,support_7,Who deserves government support: nobody?,Selected; all respondents with recorded checkbox,Policy,q408g,"[0, 1]",[1],Deserve support from the government - nobody,"{""0"": ""Not mentioned"", ""1"": ""Mentioned""}",lits_iii.dta,weight_population,valid substantive responses,0.0,1.85799601857996,1.4126143220055152,0.3414568177296447,0.7322467609531305,2.0929818830579,1507.0,1507.0,75.0,768.4608698446534,35144957.28,True,PSU linearization; no explicit strata; approximate,extended_microdata_shares.csv,,,,,,,,,,,,,,,,,,,,,,,Latest verified Ukrainian observation for this question in audited sources
LiTS,2016,wealth_influence,Are stricter rules needed against wealthy people’s influence on government?,6–10: stricter-rules half of scale,Policy,q417f,"[1, 2, 3, 4, 5, 6, 7, 8, 9, 10]","[6, 7, 8, 9, 10]",There is no problem with the influence of wealthy individuals vs need for strict,"{""-97"": ""DK"", ""1"": ""There is no problem with the influence of wealthy individuals on the way governm"", ""2"": ""2"", ""3"": ""3"", ""4"": ""4"", ""5"": ""5"", ""6"": ""6"", ""7"": ""7"", ""8"": ""8"", ""9"": ""9"", ""10"": ""Wealthy individuals often use their influence on government for their own intere""}",lits_iii.dta,weight_population,valid substantive responses,1.6102845864662818,62.763784887678696,57.23804930066641,5.732883990302375,45.81502859716251,68.66107000417031,1469.0,1507.0,75.0,753.9960724240264,34579023.45,True,PSU linearization; no explicit strata; approximate,extended_microdata_shares.csv,,,,,,,,,,,,,,,,,,,,,,,Latest verified Ukrainian observation for this question in audited sources
LiTS,2016,spend_education,First priority for extra government spending: education?,First priority selected,Spending priority,q406a,"[1, 2, 3, 4, 5, 6, 7, 8]",[1],First priority of government spending,"{""-97"": ""Don't know"", ""1"": ""Education"", ""2"": ""Healthcare"", ""3"": ""Housing"", ""4"": ""Pensions"", ""5"": ""Assisting the Poor"", ""6"": ""Environment (including water quality)"", ""7"": ""Public infrastructures (e.g. public transport, roads, etc.)"", ""8"": ""Other""}",lits_iii.dta,weight_population,valid substantive responses,1.2512341286875062,14.420485175202156,14.730407472709608,1.898070832867951,10.94841878128592,18.512396164133296,1484.0,1507.0,75.0,755.9026014522032,34705211.58,True,PSU linearization; no explicit strata; approximate,extended_microdata_shares.csv,,,,,,,,,,,,,,,,,,,,,,,Latest verified Ukrainian observation for this question in audited sources
LiTS,2016,spend_health,First priority for extra government spending: health?,First priority selected,Spending priority,q406a,"[1, 2, 3, 4, 5, 6, 7, 8]",[2],First priority of government spending,"{""-97"": ""Don't know"", ""1"": ""Education"", ""2"": ""Healthcare"", ""3"": ""Housing"", ""4"": ""Pensions"", ""5"": ""Assisting the Poor"", ""6"": ""Environment (including water quality)"", ""7"": ""Public infrastructures (e.g. public transport, roads, etc.)"", ""8"": ""Other""}",lits_iii.dta,weight_population,valid substantive responses,1.2512341286875062,33.894878706199464,34.86555505390756,2.732438678309795,29.421052139460592,40.31005796835452,1484.0,1507.0,75.0,755.9026014522032,34705211.58,True,PSU linearization; no explicit strata; approximate,extended_microdata_shares.csv,,,,,,,,,,,,,,,,,,,,,,,Latest verified Ukrainian observation for this question in audited sources
LiTS,2016,spend_helping_the_poor,First priority for extra government spending: helping the poor?,First priority selected,Spending priority,q406a,"[1, 2, 3, 4, 5, 6, 7, 8]",[5],First priority of government spending,"{""-97"": ""Don't know"", ""1"": ""Education"", ""2"": ""Healthcare"", ""3"": ""Housing"", ""4"": ""Pensions"", ""5"": ""Assisting the Poor"", ""6"": ""Environment (including water quality)"", ""7"": ""Public infrastructures (e.g. public transport, roads, etc.)"", ""8"": ""Other""}",lits_iii.dta,weight_population,valid substantive responses,1.2512341286875062,7.884097035040432,7.662997800401251,1.0207740006007793,5.629061205454351,9.696934395348151,1484.0,1507.0,75.0,755.9026014522032,34705211.58,True,PSU linearization; no explicit strata; approximate,extended_microdata_shares.csv,,,,,,,,,,,,,,,,,,,,,,,Latest verified Ukrainian observation for this question in audited sources
LiTS,2016,spend_housing,First priority for extra government spending: housing?,First priority selected,Spending priority,q406a,"[1, 2, 3, 4, 5, 6, 7, 8]",[3],First priority of government spending,"{""-97"": ""Don't know"", ""1"": ""Education"", ""2"": ""Healthcare"", ""3"": ""Housing"", ""4"": ""Pensions"", ""5"": ""Assisting the Poor"", ""6"": ""Environment (including water quality)"", ""7"": ""Public infrastructures (e.g. public transport, roads, etc.)"", ""8"": ""Other""}",lits_iii.dta,weight_population,valid substantive responses,1.2512341286875062,10.107816711590296,11.821460504693457,2.6751966664414337,6.491014788645865,17.151906220741047,1484.0,1507.0,75.0,755.9026014522032,34705211.58,True,PSU linearization; no explicit strata; approximate,extended_microdata_shares.csv,,,,,,,,,,,,,,,,,,,,,,,Latest verified Ukrainian observation for this question in audited sources
LiTS,2016,spend_pensions,First priority for extra government spending: pensions?,First priority selected,Spending priority,q406a,"[1, 2, 3, 4, 5, 6, 7, 8]",[4],First priority of government spending,"{""-97"": ""Don't know"", ""1"": ""Education"", ""2"": ""Healthcare"", ""3"": ""Housing"", ""4"": ""Pensions"", ""5"": ""Assisting the Poor"", ""6"": ""Environment (including water quality)"", ""7"": ""Public infrastructures (e.g. public transport, roads, etc.)"", ""8"": ""Other""}",lits_iii.dta,weight_population,valid substantive responses,1.2512341286875062,19.81132075471698,18.387680119136736,2.0513136177446283,14.300348513523613,22.47501172474986,1484.0,1507.0,75.0,755.9026014522032,34705211.58,True,PSU linearization; no explicit strata; approximate,extended_microdata_shares.csv,,,,,,,,,,,,,,,,,,,,,,,Latest verified Ukrainian observation for this question in audited sources
LiTS,2016,spend_public_infrastructure,First priority for extra government spending: public infrastructure?,First priority selected,Spending priority,q406a,"[1, 2, 3, 4, 5, 6, 7, 8]",[7],First priority of government spending,"{""-97"": ""Don't know"", ""1"": ""Education"", ""2"": ""Healthcare"", ""3"": ""Housing"", ""4"": ""Pensions"", ""5"": ""Assisting the Poor"", ""6"": ""Environment (including water quality)"", ""7"": ""Public infrastructures (e.g. public transport, roads, etc.)"", ""8"": ""Other""}",lits_iii.dta,weight_population,valid substantive responses,1.2512341286875062,8.086253369272237,7.952836892055046,1.3710625114985626,5.220935203282154,10.68473858082794,1484.0,1507.0,75.0,755.9026014522032,34705211.58,True,PSU linearization; no explicit strata; approximate,extended_microdata_shares.csv,,,,,,,,,,,,,,,,,,,,,,,Latest verified Ukrainian observation for this question in audited sources
LiTS,2016,spend_the_environment,First priority for extra government spending: the environment?,First priority selected,Spending priority,q406a,"[1, 2, 3, 4, 5, 6, 7, 8]",[6],First priority of government spending,"{""-97"": ""Don't know"", ""1"": ""Education"", ""2"": ""Healthcare"", ""3"": ""Housing"", ""4"": ""Pensions"", ""5"": ""Assisting the Poor"", ""6"": ""Environment (including water quality)"", ""7"": ""Public infrastructures (e.g. public transport, roads, etc.)"", ""8"": ""Other""}",lits_iii.dta,weight_population,valid substantive responses,1.2512341286875062,1.482479784366577,1.5980388095936802,0.6332583700277423,0.3362439636260226,2.8598336555613377,1484.0,1507.0,75.0,755.9026014522032,34705211.58,True,PSU linearization; no explicit strata; approximate,extended_microdata_shares.csv,,,,,,,,,,,,,,,,,,,,,,,Latest verified Ukrainian observation for this question in audited sources
Pew,2011,failure_individual,Do people fail because of individual rather than societal failures?,Individual failures,Belief,Q16b,,,,,pew_2011_soviet_topline.pdf,,all respondents as published,,,40.0,,,,,,,,,,,extended_published_shares.csv,https://www.pewresearch.org/wp-content/uploads/sites/2/2011/12/Pew-Global-Attitudes-Former-Soviet-Union-Report-Topline.pdf,ebdd2b159262fdcc86e8e64c9f678879199dd3266a9b91d5c75eaa7e74eb0c78,4.0,sum of named published response cells,,,,,,,,,,,,,,,,,,,Latest verified Ukrainian observation for this question in audited sources
Pew,2015,inequality_problem,Is the rich–poor gap a very big problem?,Very big problem,Belief,Q3a,,,,,pew_2015_cee_topline.pdf,,all respondents as published,,,60.0,,,,,,,,,,,extended_published_shares.csv,https://assets.pewresearch.org/wp-content/uploads/sites/11/2017/05/09154356/Central-and-Eastern-Europe-Topline_FINAL-FOR-PUBLICATION.pdf,58c7af5bc824711a27614dfcaf907f8d9184c77a0aa141a49906fff98f39e356,3.0,sum of named published response cells,,,,,,,,,,,,,,,,,,,Latest verified Ukrainian observation for this question in audited sources
Pew,2009,rich_richer,Are the rich getting richer while the poor get poorer?,Completely / mostly agree,Belief,Q40j,,,,,pew_2009_europe_topline.pdf,,all respondents as published,,,84.0,,,,,,,,,,,extended_published_shares.csv,https://www.pewresearch.org/global/wp-content/uploads/sites/2/2009/11/Pew-Research-Center_TOPLINE-Two-Decades-After-the-Walls-Fall-End-of-Communism-Cheered-But-Now-With-More-Reservations_2009.pdf,53c9aca1ff4da278008aebf448e2ece7a97cb9a54d676bf58979ebbf5be160c8,44.0,sum of named published response cells,,,,,,,,,,,,,,,,,,,Latest verified Ukrainian observation for this question in audited sources
Pew,2014,success_Q66a,Is education important for getting ahead?,6–10 on importance scale (0–10),Belief,Q66a,,,,,pew_2014_inequality.pdf,,all respondents as published,,,96.0,,,,,,,,,,,extended_published_shares.csv,https://www.pewresearch.org/wp-content/uploads/sites/2/2014/10/Pew-Research-Center-Inequality-Report-FINAL-October-17-2014.pdf,d8de87347489510fcb5f35245c4f8b7aad85784aeea1acd4a778b652e3f7ce90,44.0,sum of named published response cells,,,,,,,,,,,,,,,,,,,Latest verified Ukrainian observation for this question in audited sources
Pew,2014,success_Q66b,Is hard work important for getting ahead?,6–10 on importance scale (0–10),Belief,Q66b,,,,,pew_2014_inequality.pdf,,all respondents as published,,,97.0,,,,,,,,,,,extended_published_shares.csv,https://www.pewresearch.org/wp-content/uploads/sites/2/2014/10/Pew-Research-Center-Inequality-Report-FINAL-October-17-2014.pdf,d8de87347489510fcb5f35245c4f8b7aad85784aeea1acd4a778b652e3f7ce90,44.0,sum of named published response cells,,,,,,,,,,,,,,,,,,,Latest verified Ukrainian observation for this question in audited sources
Pew,2014,success_Q66c,Is knowing the right people important for getting ahead?,6–10 on importance scale (0–10),Belief,Q66c,,,,,pew_2014_inequality.pdf,,all respondents as published,,,86.0,,,,,,,,,,,extended_published_shares.csv,https://www.pewresearch.org/wp-content/uploads/sites/2/2014/10/Pew-Research-Center-Inequality-Report-FINAL-October-17-2014.pdf,d8de87347489510fcb5f35245c4f8b7aad85784aeea1acd4a778b652e3f7ce90,45.0,sum of named published response cells,,,,,,,,,,,,,,,,,,,Latest verified Ukrainian observation for this question in audited sources
Pew,2014,success_Q66d,Is giving bribes important for getting ahead?,6–10 on importance scale (0–10),Belief,Q66d,,,,,pew_2014_inequality.pdf,,all respondents as published,,,28.0,,,,,,,,,,,extended_published_shares.csv,https://www.pewresearch.org/wp-content/uploads/sites/2/2014/10/Pew-Research-Center-Inequality-Report-FINAL-October-17-2014.pdf,d8de87347489510fcb5f35245c4f8b7aad85784aeea1acd4a778b652e3f7ce90,45.0,sum of named published response cells,,,,,,,,,,,,,,,,,,,Latest verified Ukrainian observation for this question in audited sources
Pew,2014,success_Q66f,Is being from a wealthy family important for getting ahead?,6–10 on importance scale (0–10),Belief,Q66f,,,,,pew_2014_inequality.pdf,,all respondents as published,,,73.0,,,,,,,,,,,extended_published_shares.csv,https://www.pewresearch.org/wp-content/uploads/sites/2/2014/10/Pew-Research-Center-Inequality-Report-FINAL-October-17-2014.pdf,d8de87347489510fcb5f35245c4f8b7aad85784aeea1acd4a778b652e3f7ce90,46.0,sum of named published response cells,,,,,,,,,,,,,,,,,,,Latest verified Ukrainian observation for this question in audited sources
Pew,2014,success_Q66g,Is luck important for getting ahead?,6–10 on importance scale (0–10),Belief,Q66g,,,,,pew_2014_inequality.pdf,,all respondents as published,,,89.0,,,,,,,,,,,extended_published_shares.csv,https://www.pewresearch.org/wp-content/uploads/sites/2/2014/10/Pew-Research-Center-Inequality-Report-FINAL-October-17-2014.pdf,d8de87347489510fcb5f35245c4f8b7aad85784aeea1acd4a778b652e3f7ce90,47.0,sum of named published response cells,,,,,,,,,,,,,,,,,,,Latest verified Ukrainian observation for this question in audited sources
Pew,2011,success_ability,Do people get ahead through ability and ambition rather than at others’ expense?,Ability and ambition,Belief,Q16a,,,,,pew_2011_soviet_topline.pdf,,all respondents as published,,,32.0,,,,,,,,,,,extended_published_shares.csv,https://www.pewresearch.org/wp-content/uploads/sites/2/2011/12/Pew-Global-Attitudes-Former-Soviet-Union-Report-Topline.pdf,ebdd2b159262fdcc86e8e64c9f678879199dd3266a9b91d5c75eaa7e74eb0c78,4.0,sum of named published response cells,,,,,,,,,,,,,,,,,,,Latest verified Ukrainian observation for this question in audited sources
Pew,2014,success_outside_control,Is success largely determined by forces outside our control?,Completely / mostly agree,Belief,Q13b,,,,,pew_2014_inequality.pdf,,all respondents as published,,,55.0,,,,,,,,,,,extended_published_shares.csv,https://www.pewresearch.org/wp-content/uploads/sites/2/2014/10/Pew-Research-Center-Inequality-Report-FINAL-October-17-2014.pdf,d8de87347489510fcb5f35245c4f8b7aad85784aeea1acd4a778b652e3f7ce90,39.0,sum of named published response cells,,,,,,,,,,,,,,,,,,,Latest verified Ukrainian observation for this question in audited sources
Pew,2014,foreign_acquisitions,Are foreign purchases of domestic companies good for the country?,Very / somewhat good,Policy,Q31,,,,,pew_2014_trade.pdf,,all respondents as published,,,38.0,,,,,,,,,,,extended_published_shares.csv,https://www.pewresearch.org/wp-content/uploads/sites/2/2014/09/Pew-Research-Center-Trade-Report-FINAL-September-16-2014.pdf,0b56f578fb0f63816329d02c0c588c4073130dc6a668ddc5779afa49ffd72e02,40.0,sum of named published response cells,,,,,,,,,,,,,,,,,,,Latest verified Ukrainian observation for this question in audited sources
Pew,2014,foreign_factories,Are foreign companies building new factories good for the country?,Very / somewhat good,Policy,Q32,,,,,pew_2014_trade.pdf,,all respondents as published,,,67.0,,,,,,,,,,,extended_published_shares.csv,https://www.pewresearch.org/wp-content/uploads/sites/2/2014/09/Pew-Research-Center-Trade-Report-FINAL-September-16-2014.pdf,0b56f578fb0f63816329d02c0c588c4073130dc6a668ddc5779afa49ffd72e02,41.0,sum of named published response cells,,,,,,,,,,,,,,,,,,,Latest verified Ukrainian observation for this question in audited sources
Pew,2015,free_market_better,Are most people better off in a free-market economy despite inequality?,Published net agree,Policy,Q16b,,,,,pew_2015_cee_topline.pdf,,all respondents as published,,,47.0,,,,,,,,,,,extended_published_shares.csv,https://assets.pewresearch.org/wp-content/uploads/sites/11/2017/05/09154356/Central-and-Eastern-Europe-Topline_FINAL-FOR-PUBLICATION.pdf,58c7af5bc824711a27614dfcaf907f8d9184c77a0aa141a49906fff98f39e356,34.0,published net,,,,,,,,,,,,,,,,,,,Latest verified Ukrainian observation for this question in audited sources
Pew,2011,freedom_vs_welfare,Is freedom from state interference more important than guaranteeing nobody is in need?,Freedom from interference,Policy,Q61,,,,,pew_2011_soviet_topline.pdf,,all respondents as published,,,21.0,,,,,,,,,,,extended_published_shares.csv,https://www.pewresearch.org/wp-content/uploads/sites/2/2011/12/Pew-Global-Attitudes-Former-Soviet-Union-Report-Topline.pdf,ebdd2b159262fdcc86e8e64c9f678879199dd3266a9b91d5c75eaa7e74eb0c78,11.0,sum of named published response cells,,,,,,,,,,,,,,,,,,,Latest verified Ukrainian observation for this question in audited sources
Pew,2015,government_care_poor,Should government care for very poor people unable to care for themselves?,Published net agree,Policy,Q16a,,,,,pew_2015_cee_topline.pdf,,all respondents as published,,,92.0,,,,,,,,,,,extended_published_shares.csv,https://assets.pewresearch.org/wp-content/uploads/sites/11/2017/05/09154356/Central-and-Eastern-Europe-Topline_FINAL-FOR-PUBLICATION.pdf,58c7af5bc824711a27614dfcaf907f8d9184c77a0aa141a49906fff98f39e356,33.0,published net,,,,,,,,,,,,,,,,,,,Latest verified Ukrainian observation for this question in audited sources
Pew,2014,high_tax_redistribution,Would higher taxes on the wealthy and corporations reduce inequality by funding help for the poor?,Choose high taxes,Policy,Q77b,,,,,pew_2014_inequality.pdf,,all respondents as published,,,48.0,,,,,,,,,,,extended_published_shares.csv,https://www.pewresearch.org/wp-content/uploads/sites/2/2014/10/Pew-Research-Center-Inequality-Report-FINAL-October-17-2014.pdf,d8de87347489510fcb5f35245c4f8b7aad85784aeea1acd4a778b652e3f7ce90,48.0,sum of named published response cells,,,,,,,,,,,,,,,,,,,Latest verified Ukrainian observation for this question in audited sources
Pew,2014,low_tax_growth,Would low taxes on the wealthy and corporations reduce inequality by encouraging growth?,Choose low taxes,Policy,Q77b,,,,,pew_2014_inequality.pdf,,all respondents as published,,,14.0,,,,,,,,,,,extended_published_shares.csv,https://www.pewresearch.org/wp-content/uploads/sites/2/2014/10/Pew-Research-Center-Inequality-Report-FINAL-October-17-2014.pdf,d8de87347489510fcb5f35245c4f8b7aad85784aeea1acd4a778b652e3f7ce90,48.0,sum of named published response cells,,,,,,,,,,,,,,,,,,,Latest verified Ukrainian observation for this question in audited sources
Pew,2014,trade_good,Are growing trade and business ties good for Ukraine?,Very / somewhat good,Policy,Q27,,,,,pew_2014_trade.pdf,,all respondents as published,,,84.0,,,,,,,,,,,extended_published_shares.csv,https://www.pewresearch.org/wp-content/uploads/sites/2/2014/09/Pew-Research-Center-Trade-Report-FINAL-September-16-2014.pdf,0b56f578fb0f63816329d02c0c588c4073130dc6a668ddc5779afa49ffd72e02,34.0,sum of named published response cells,,,,,,,,,,,,,,,,,,,Latest verified Ukrainian observation for this question in audited sources
Pew,2014,trade_jobs,Does trade create jobs?,Create jobs,Policy,Q29,,,,,pew_2014_trade.pdf,,all respondents as published,,,61.0,,,,,,,,,,,extended_published_shares.csv,https://www.pewresearch.org/wp-content/uploads/sites/2/2014/09/Pew-Research-Center-Trade-Report-FINAL-September-16-2014.pdf,0b56f578fb0f63816329d02c0c588c4073130dc6a668ddc5779afa49ffd72e02,38.0,sum of named published response cells,,,,,,,,,,,,,,,,,,,Latest verified Ukrainian observation for this question in audited sources
Pew,2014,trade_prices,Does trade reduce prices?,Decrease prices,Policy,Q30,,,,,pew_2014_trade.pdf,,all respondents as published,,,29.0,,,,,,,,,,,extended_published_shares.csv,https://www.pewresearch.org/wp-content/uploads/sites/2/2014/09/Pew-Research-Center-Trade-Report-FINAL-September-16-2014.pdf,0b56f578fb0f63816329d02c0c588c4073130dc6a668ddc5779afa49ffd72e02,39.0,sum of named published response cells,,,,,,,,,,,,,,,,,,,Latest verified Ukrainian observation for this question in audited sources
Pew,2014,trade_wages,Does trade increase workers’ wages?,Increase wages,Policy,Q28,,,,,pew_2014_trade.pdf,,all respondents as published,,,50.0,,,,,,,,,,,extended_published_shares.csv,https://www.pewresearch.org/wp-content/uploads/sites/2/2014/09/Pew-Research-Center-Trade-Report-FINAL-September-16-2014.pdf,0b56f578fb0f63816329d02c0c588c4073130dc6a668ddc5779afa49ffd72e02,37.0,sum of named published response cells,,,,,,,,,,,,,,,,,,,Latest verified Ukrainian observation for this question in audited sources
Pew,2019,transition_approval,Do you approve of the move from a state-controlled to a market economy?,Strongly / somewhat approve,Policy,,,,,,,,all_adults,,,47.0,,,,,,,,,,,pew_published_results.csv,https://www.pewresearch.org/global/wp-content/uploads/sites/2/2019/10/Pew-Research-Center-Value-of-Europe-Topline-for-Release-FINAL.pdf,63d849917258b912ed7543e05cec3770f400de2d3726f5d0506c4e9f41141b98,35.0,sum of rounded published approval categories,All,,,,Spring,13.0,34.0,26.0,12.0,16.0,150.0,,,,,,,,Latest verified Ukrainian observation for this question in audited sources
Pew,2011,welfare_vs_freedom,Is guaranteeing nobody is in need more important than freedom from state interference?,Nobody in need,Policy,Q61,,,,,pew_2011_soviet_topline.pdf,,all respondents as published,,,75.0,,,,,,,,,,,extended_published_shares.csv,https://www.pewresearch.org/wp-content/uploads/sites/2/2011/12/Pew-Global-Attitudes-Former-Soviet-Union-Report-Topline.pdf,ebdd2b159262fdcc86e8e64c9f678879199dd3266a9b91d5c75eaa7e74eb0c78,11.0,sum of named published response cells,,,,,,,,,,,,,,,,,,,Latest verified Ukrainian observation for this question in audited sources
Pew,2019,better_than_communism,Is the economic situation better than under communism?,Better,Transition assessment,Q17,,,,,pew_2019_europe_topline.pdf,,all respondents as published,,,25.0,,,,,,,,,,,extended_published_shares.csv,https://www.pewresearch.org/global/wp-content/uploads/sites/2/2019/10/Pew-Research-Center-Value-of-Europe-Topline-for-Release-FINAL.pdf,63d849917258b912ed7543e05cec3770f400de2d3726f5d0506c4e9f41141b98,37.0,sum of named published response cells,,,,,,,,,,,,,,,,,,,Latest verified Ukrainian observation for this question in audited sources
Pew,2019,transition_business,Have business people benefited from the post-1991 changes?,A great deal / a fair amount,Transition assessment,Q20b,,,,,pew_2019_europe_topline.pdf,,all respondents as published,,,89.0,,,,,,,,,,,extended_published_shares.csv,https://www.pewresearch.org/global/wp-content/uploads/sites/2/2019/10/Pew-Research-Center-Value-of-Europe-Topline-for-Release-FINAL.pdf,63d849917258b912ed7543e05cec3770f400de2d3726f5d0506c4e9f41141b98,38.0,sum of named published response cells,,,,,,,,,,,,,,,,,,,Latest verified Ukrainian observation for this question in audited sources
Pew,2019,transition_ordinary,Have ordinary people benefited from the post-1991 changes?,A great deal / a fair amount,Transition assessment,Q20a,,,,,pew_2019_europe_topline.pdf,,all respondents as published,,,21.0,,,,,,,,,,,extended_published_shares.csv,https://www.pewresearch.org/global/wp-content/uploads/sites/2/2019/10/Pew-Research-Center-Value-of-Europe-Topline-for-Release-FINAL.pdf,63d849917258b912ed7543e05cec3770f400de2d3726f5d0506c4e9f41141b98,38.0,sum of named published response cells,,,,,,,,,,,,,,,,,,,Latest verified Ukrainian observation for this question in audited sources
Pew,2019,transition_politicians,Have politicians benefited from the post-1991 changes?,A great deal / a fair amount,Transition assessment,Q20c,,,,,pew_2019_europe_topline.pdf,,all respondents as published,,,88.0,,,,,,,,,,,extended_published_shares.csv,https://www.pewresearch.org/global/wp-content/uploads/sites/2/2019/10/Pew-Research-Center-Value-of-Europe-Topline-for-Release-FINAL.pdf,63d849917258b912ed7543e05cec3770f400de2d3726f5d0506c4e9f41141b98,39.0,sum of named published response cells,,,,,,,,,,,,,,,,,,,Latest verified Ukrainian observation for this question in audited sources
Monitoring,2017,manager_worker_conflict,Is conflict between managers and subordinates acute?,Acute / very acute,Belief,cnf2,,,,,dodatki2017.pdf,,all respondents as published,,,26.5,,,,,,,,,,,extended_published_shares.csv,https://isnasu.org.ua/assets/files/monitoring/dodatki2017.pdf,f0133c3241ad3f01681ce872e6b8cf8d9ac5c73d5bfb55e31ab579bab2c1791b,39.0,sum of named published response cells,,,,,,,,,,,,,,,,,,,Latest verified Ukrainian observation for this question in audited sources
Monitoring,2017,owner_worker_conflict,Is conflict between employees and owners acute?,Acute / very acute,Belief,cnf3,,,,,dodatki2017.pdf,,all respondents as published,,,25.4,,,,,,,,,,,extended_published_shares.csv,https://isnasu.org.ua/assets/files/monitoring/dodatki2017.pdf,f0133c3241ad3f01681ce872e6b8cf8d9ac5c73d5bfb55e31ab579bab2c1791b,39.0,sum of named published response cells,,,,,,,,,,,,,,,,,,,Latest verified Ukrainian observation for this question in audited sources
Monitoring,2017,rich_poor_conflict,Is conflict between rich and poor acute?,Acute / very acute,Belief,cnf1,,,,,dodatki2017.pdf,,all respondents as published,,,46.7,,,,,,,,,,,extended_published_shares.csv,https://isnasu.org.ua/assets/files/monitoring/dodatki2017.pdf,f0133c3241ad3f01681ce872e6b8cf8d9ac5c73d5bfb55e31ab579bab2c1791b,39.0,sum of named published response cells,,,,,,,,,,,,,,,,,,,Latest verified Ukrainian observation for this question in audited sources
Monitoring,2019,accept_market_values,"Do you accept the post-independence values of private property, enrichment, individualism and personal success?",Definitely / rather yes,Business orientation,dn7,,,,,mon2019.pdf,,all respondents as published,,,44.2,,,,,,,,,,,extended_published_shares.csv,https://isnasu.org.ua/assets/files/monitoring/mon2019.pdf,06452792bdd9f134894f397770b7c05adb42ac7e1afe1569bb52aee4075f620a,431.0,sum of named published response cells,,,,,,,,,,,,,,,,,,,Latest verified Ukrainian observation for this question in audited sources
Monitoring,2020,enterprise_initiative,Is the opportunity for entrepreneurial initiative important?,Rather / very important,Business orientation,r3.9,,,,,mon2020.pdf,,all respondents as published,,,53.1,,,,,,,,,,,extended_published_shares.csv,https://isnasu.org.ua/assets/files/monitoring/mon2020.pdf,ea193794ff60a7abbde98ba7194bfb89820dd2b70714d50dca8f4c16b6c2e449,534.0,sum of named published response cells,,,,,,,,,,,,,,,,,,,Latest verified Ukrainian observation for this question in audited sources
Monitoring,2021,market_relations_natural,Have you adapted to the new life and found market relations a natural way of living?,Select this description of adaptation,Business orientation,r5,,,,,monitoring-2021dlya-tipografii.pdf,,all respondents as published,,,23.3,,,,,,,,,,,extended_published_shares.csv,https://isnasu.org.ua/assets/files/monitoring/monitoring-2021dlya-tipografii.pdf,08b33f2d1c15e43544f277469410eeaec3b4c8c5e6851ad37cebe9cae29d02e9,700.0,sum of named published response cells,,,,,,,,,,,,,,,,,,,Latest verified Ukrainian observation for this question in audited sources
Monitoring,2019,respect_owners_1,What feeling do small-business owners evoke?,Respect,Business orientation,em1,,,,,mon2019.pdf,,all respondents as published,,,32.7,,,,,,,,,,,extended_published_shares.csv,https://isnasu.org.ua/assets/files/monitoring/mon2019.pdf,06452792bdd9f134894f397770b7c05adb42ac7e1afe1569bb52aee4075f620a,416.0,sum of named published response cells,,,,,,,,,,,,,,,,,,,Latest verified Ukrainian observation for this question in audited sources
Monitoring,2019,respect_owners_2,What feeling do large-business owners evoke?,Respect,Business orientation,em2,,,,,mon2019.pdf,,all respondents as published,,,27.1,,,,,,,,,,,extended_published_shares.csv,https://isnasu.org.ua/assets/files/monitoring/mon2019.pdf,06452792bdd9f134894f397770b7c05adb42ac7e1afe1569bb52aee4075f620a,416.0,sum of named published response cells,,,,,,,,,,,,,,,,,,,Latest verified Ukrainian observation for this question in audited sources
Monitoring,2019,respect_owners_3,What feeling do landowners farming themselves evoke?,Respect,Business orientation,em3,,,,,mon2019.pdf,,all respondents as published,,,53.9,,,,,,,,,,,extended_published_shares.csv,https://isnasu.org.ua/assets/files/monitoring/mon2019.pdf,06452792bdd9f134894f397770b7c05adb42ac7e1afe1569bb52aee4075f620a,416.0,sum of named published response cells,,,,,,,,,,,,,,,,,,,Latest verified Ukrainian observation for this question in audited sources
Monitoring,2019,respect_owners_4,What feeling do landowners hiring workers evoke?,Respect,Business orientation,em4,,,,,mon2019.pdf,,all respondents as published,,,35.2,,,,,,,,,,,extended_published_shares.csv,https://isnasu.org.ua/assets/files/monitoring/mon2019.pdf,06452792bdd9f134894f397770b7c05adb42ac7e1afe1569bb52aee4075f620a,416.0,sum of named published response cells,,,,,,,,,,,,,,,,,,,Latest verified Ukrainian observation for this question in audited sources
Monitoring,2020,start_business,Would you like to start your own business?,Yes / rather yes,Business orientation,a9,,,,,mon2020.pdf,,all respondents as published,,,37.1,,,,,,,,,,,extended_published_shares.csv,https://isnasu.org.ua/assets/files/monitoring/mon2020.pdf,ea193794ff60a7abbde98ba7194bfb89820dd2b70714d50dca8f4c16b6c2e449,446.0,sum of named published response cells,,,,,,,,,,,,,,,,,,,Latest verified Ukrainian observation for this question in audited sources
Monitoring,2019,benefits_never,Is claiming state support to which one is not entitled never justified?,Never justified,Economic norm,dc1,,,,,mon2019.pdf,,all respondents as published,,,61.8,,,,,,,,,,,extended_published_shares.csv,https://isnasu.org.ua/assets/files/monitoring/mon2019.pdf,06452792bdd9f134894f397770b7c05adb42ac7e1afe1569bb52aee4075f620a,446.0,sum of named published response cells,,,,,,,,,,,,,,,,,,,Latest verified Ukrainian observation for this question in audited sources
Monitoring,2019,business_duty_1,"What should socially responsible business do: pay taxes, invest and create jobs?",Selected (up to three choices),Economic norm,rs6,,,,,mon2019.pdf,,all respondents as published,,,74.8,,,,,,,,,,,extended_published_shares.csv,https://isnasu.org.ua/assets/files/monitoring/mon2019.pdf,06452792bdd9f134894f397770b7c05adb42ac7e1afe1569bb52aee4075f620a,439.0,sum of named published response cells,,,,,,,,,,,,,,,,,,,Latest verified Ukrainian observation for this question in audited sources
Monitoring,2019,business_duty_2,What should socially responsible business do: improve working conditions?,Selected (up to three choices),Economic norm,rs6,,,,,mon2019.pdf,,all respondents as published,,,45.7,,,,,,,,,,,extended_published_shares.csv,https://isnasu.org.ua/assets/files/monitoring/mon2019.pdf,06452792bdd9f134894f397770b7c05adb42ac7e1afe1569bb52aee4075f620a,439.0,sum of named published response cells,,,,,,,,,,,,,,,,,,,Latest verified Ukrainian observation for this question in audited sources
Monitoring,2019,business_duty_3,What should socially responsible business do: train employees?,Selected (up to three choices),Economic norm,rs6,,,,,mon2019.pdf,,all respondents as published,,,20.9,,,,,,,,,,,extended_published_shares.csv,https://isnasu.org.ua/assets/files/monitoring/mon2019.pdf,06452792bdd9f134894f397770b7c05adb42ac7e1afe1569bb52aee4075f620a,439.0,sum of named published response cells,,,,,,,,,,,,,,,,,,,Latest verified Ukrainian observation for this question in audited sources
Monitoring,2019,business_duty_4,What should socially responsible business do: act responsibly towards the environment?,Selected (up to three choices),Economic norm,rs6,,,,,mon2019.pdf,,all respondents as published,,,36.5,,,,,,,,,,,extended_published_shares.csv,https://isnasu.org.ua/assets/files/monitoring/mon2019.pdf,06452792bdd9f134894f397770b7c05adb42ac7e1afe1569bb52aee4075f620a,439.0,sum of named published response cells,,,,,,,,,,,,,,,,,,,Latest verified Ukrainian observation for this question in audited sources
Monitoring,2019,business_duty_5,What should socially responsible business do: enter politics and govern?,Selected (up to three choices),Economic norm,rs6,,,,,mon2019.pdf,,all respondents as published,,,6.8,,,,,,,,,,,extended_published_shares.csv,https://isnasu.org.ua/assets/files/monitoring/mon2019.pdf,06452792bdd9f134894f397770b7c05adb42ac7e1afe1569bb52aee4075f620a,439.0,sum of named published response cells,,,,,,,,,,,,,,,,,,,Latest verified Ukrainian observation for this question in audited sources
Monitoring,2019,business_duty_6,What should socially responsible business do: provide charity?,Selected (up to three choices),Economic norm,rs6,,,,,mon2019.pdf,,all respondents as published,,,18.1,,,,,,,,,,,extended_published_shares.csv,https://isnasu.org.ua/assets/files/monitoring/mon2019.pdf,06452792bdd9f134894f397770b7c05adb42ac7e1afe1569bb52aee4075f620a,439.0,sum of named published response cells,,,,,,,,,,,,,,,,,,,Latest verified Ukrainian observation for this question in audited sources
Monitoring,2019,business_duty_7,What should socially responsible business do: sponsor culture and sport?,Selected (up to three choices),Economic norm,rs6,,,,,mon2019.pdf,,all respondents as published,,,11.1,,,,,,,,,,,extended_published_shares.csv,https://isnasu.org.ua/assets/files/monitoring/mon2019.pdf,06452792bdd9f134894f397770b7c05adb42ac7e1afe1569bb52aee4075f620a,439.0,sum of named published response cells,,,,,,,,,,,,,,,,,,,Latest verified Ukrainian observation for this question in audited sources
Monitoring,2019,business_duty_8,What should socially responsible business do: finance solutions to regional problems?,Selected (up to three choices),Economic norm,rs6,,,,,mon2019.pdf,,all respondents as published,,,31.0,,,,,,,,,,,extended_published_shares.csv,https://isnasu.org.ua/assets/files/monitoring/mon2019.pdf,06452792bdd9f134894f397770b7c05adb42ac7e1afe1569bb52aee4075f620a,439.0,sum of named published response cells,,,,,,,,,,,,,,,,,,,Latest verified Ukrainian observation for this question in audited sources
Monitoring,2019,tax_never,Is not paying taxes when possible never justified?,Never justified,Economic norm,dc3,,,,,mon2019.pdf,,all respondents as published,,,60.1,,,,,,,,,,,extended_published_shares.csv,https://isnasu.org.ua/assets/files/monitoring/mon2019.pdf,06452792bdd9f134894f397770b7c05adb42ac7e1afe1569bb52aee4075f620a,446.0,sum of named published response cells,,,,,,,,,,,,,,,,,,,Latest verified Ukrainian observation for this question in audited sources
Monitoring,2021,trust_banks,Do you trust banks?,Mostly / completely trust,Institutional trust,d6.22,,,,,monitoring-2021dlya-tipografii.pdf,,all respondents as published,,,15.8,,,,,,,,,,,extended_published_shares.csv,https://isnasu.org.ua/assets/files/monitoring/monitoring-2021dlya-tipografii.pdf,08b33f2d1c15e43544f277469410eeaec3b4c8c5e6851ad37cebe9cae29d02e9,647.0,sum of named published response cells,,,,,,,,,,,,,,,,,,,Latest verified Ukrainian observation for this question in audited sources
Monitoring,2015,trust_private_entrepreneurs,Do you trust private entrepreneurs?,Mostly / completely trust,Institutional trust,d6.21,,,,,dodatki2015.pdf,,all respondents as published,,,21.5,,,,,,,,,,,extended_published_shares.csv,https://isnasu.org.ua/assets/files/monitoring/dodatki2015.pdf,fef293d6e2daba7c50a2434e8cf80a08e31e1e8879ff97c5212e6c8a2b923cb1,25.0,sum of named published response cells,,,,,,,,,,,,,,,,,,,Latest verified Ukrainian observation for this question in audited sources
Monitoring,2020,trust_state_managers,Do you trust managers of state enterprises?,Mostly / completely trust,Institutional trust,d6.20,,,,,mon2020.pdf,,all respondents as published,,,11.2,,,,,,,,,,,extended_published_shares.csv,https://isnasu.org.ua/assets/files/monitoring/mon2020.pdf,ea193794ff60a7abbde98ba7194bfb89820dd2b70714d50dca8f4c16b6c2e449,475.0,sum of named published response cells,,,,,,,,,,,,,,,,,,,Latest verified Ukrainian observation for this question in audited sources
Monitoring,2021,trust_tax_authority,Do you trust the tax authority?,Mostly / completely trust,Institutional trust,d6.8,,,,,monitoring-2021dlya-tipografii.pdf,,all respondents as published,,,20.7,,,,,,,,,,,extended_published_shares.csv,https://isnasu.org.ua/assets/files/monitoring/monitoring-2021dlya-tipografii.pdf,08b33f2d1c15e43544f277469410eeaec3b4c8c5e6851ad37cebe9cae29d02e9,642.0,sum of named published response cells,,,,,,,,,,,,,,,,,,,Latest verified Ukrainian observation for this question in audited sources
Monitoring,2021,trust_unions,Do you trust trade unions?,Mostly / completely trust,Institutional trust,d6.17,,,,,monitoring-2021dlya-tipografii.pdf,,all respondents as published,,,15.6,,,,,,,,,,,extended_published_shares.csv,https://isnasu.org.ua/assets/files/monitoring/monitoring-2021dlya-tipografii.pdf,08b33f2d1c15e43544f277469410eeaec3b4c8c5e6851ad37cebe9cae29d02e9,646.0,sum of named published response cells,,,,,,,,,,,,,,,,,,,Latest verified Ukrainian observation for this question in audited sources
Monitoring,2017,crisis_1,Which measures would end the crisis: nationalise strategic private firms?,Selected (multiple answers allowed),Policy,kr1,,,,,dodatki2017.pdf,,all respondents as published,,,33.8,,,,,,,,,,,extended_published_shares.csv,https://isnasu.org.ua/assets/files/monitoring/dodatki2017.pdf,f0133c3241ad3f01681ce872e6b8cf8d9ac5c73d5bfb55e31ab579bab2c1791b,7.0,sum of named published response cells,,,,,,,,,,,,,,,,,,,Latest verified Ukrainian observation for this question in audited sources
Monitoring,2017,crisis_10,Which measures would end the crisis: create jobs mainly in large industrial firms?,Selected (multiple answers allowed),Policy,kr1,,,,,dodatki2017.pdf,,all respondents as published,,,42.3,,,,,,,,,,,extended_published_shares.csv,https://isnasu.org.ua/assets/files/monitoring/dodatki2017.pdf,f0133c3241ad3f01681ce872e6b8cf8d9ac5c73d5bfb55e31ab579bab2c1791b,7.0,sum of named published response cells,,,,,,,,,,,,,,,,,,,Latest verified Ukrainian observation for this question in audited sources
Monitoring,2017,crisis_11,Which measures would end the crisis: attract mainly foreign capital?,Selected (multiple answers allowed),Policy,kr1,,,,,dodatki2017.pdf,,all respondents as published,,,23.6,,,,,,,,,,,extended_published_shares.csv,https://isnasu.org.ua/assets/files/monitoring/dodatki2017.pdf,f0133c3241ad3f01681ce872e6b8cf8d9ac5c73d5bfb55e31ab579bab2c1791b,7.0,sum of named published response cells,,,,,,,,,,,,,,,,,,,Latest verified Ukrainian observation for this question in audited sources
Monitoring,2017,crisis_12,Which measures would end the crisis: use mainly domestic capital?,Selected (multiple answers allowed),Policy,kr1,,,,,dodatki2017.pdf,,all respondents as published,,,24.6,,,,,,,,,,,extended_published_shares.csv,https://isnasu.org.ua/assets/files/monitoring/dodatki2017.pdf,f0133c3241ad3f01681ce872e6b8cf8d9ac5c73d5bfb55e31ab579bab2c1791b,7.0,sum of named published response cells,,,,,,,,,,,,,,,,,,,Latest verified Ukrainian observation for this question in audited sources
Monitoring,2017,crisis_13,Which measures would end the crisis: allow agricultural land sales?,Selected (multiple answers allowed),Policy,kr1,,,,,dodatki2017.pdf,,all respondents as published,,,3.3,,,,,,,,,,,extended_published_shares.csv,https://isnasu.org.ua/assets/files/monitoring/dodatki2017.pdf,f0133c3241ad3f01681ce872e6b8cf8d9ac5c73d5bfb55e31ab579bab2c1791b,7.0,sum of named published response cells,,,,,,,,,,,,,,,,,,,Latest verified Ukrainian observation for this question in audited sources
Monitoring,2017,crisis_2,Which measures would end the crisis: privatise strategic state firms?,Selected (multiple answers allowed),Policy,kr1,,,,,dodatki2017.pdf,,all respondents as published,,,8.2,,,,,,,,,,,extended_published_shares.csv,https://isnasu.org.ua/assets/files/monitoring/dodatki2017.pdf,f0133c3241ad3f01681ce872e6b8cf8d9ac5c73d5bfb55e31ab579bab2c1791b,7.0,sum of named published response cells,,,,,,,,,,,,,,,,,,,Latest verified Ukrainian observation for this question in audited sources
Monitoring,2017,crisis_3,Which measures would end the crisis: raise taxes on big business?,Selected (multiple answers allowed),Policy,kr1,,,,,dodatki2017.pdf,,all respondents as published,,,25.4,,,,,,,,,,,extended_published_shares.csv,https://isnasu.org.ua/assets/files/monitoring/dodatki2017.pdf,f0133c3241ad3f01681ce872e6b8cf8d9ac5c73d5bfb55e31ab579bab2c1791b,7.0,sum of named published response cells,,,,,,,,,,,,,,,,,,,Latest verified Ukrainian observation for this question in audited sources
Monitoring,2017,crisis_4,Which measures would end the crisis: increase economic cooperation with the West?,Selected (multiple answers allowed),Policy,kr1,,,,,dodatki2017.pdf,,all respondents as published,,,31.6,,,,,,,,,,,extended_published_shares.csv,https://isnasu.org.ua/assets/files/monitoring/dodatki2017.pdf,f0133c3241ad3f01681ce872e6b8cf8d9ac5c73d5bfb55e31ab579bab2c1791b,7.0,sum of named published response cells,,,,,,,,,,,,,,,,,,,Latest verified Ukrainian observation for this question in audited sources
Monitoring,2017,crisis_5,Which measures would end the crisis: increase economic cooperation with Russia?,Selected (multiple answers allowed),Policy,kr1,,,,,dodatki2017.pdf,,all respondents as published,,,13.9,,,,,,,,,,,extended_published_shares.csv,https://isnasu.org.ua/assets/files/monitoring/dodatki2017.pdf,f0133c3241ad3f01681ce872e6b8cf8d9ac5c73d5bfb55e31ab579bab2c1791b,7.0,sum of named published response cells,,,,,,,,,,,,,,,,,,,Latest verified Ukrainian observation for this question in audited sources
Monitoring,2017,crisis_6,Which measures would end the crisis: substantially raise industrial wages?,Selected (multiple answers allowed),Policy,kr1,,,,,dodatki2017.pdf,,all respondents as published,,,23.3,,,,,,,,,,,extended_published_shares.csv,https://isnasu.org.ua/assets/files/monitoring/dodatki2017.pdf,f0133c3241ad3f01681ce872e6b8cf8d9ac5c73d5bfb55e31ab579bab2c1791b,7.0,sum of named published response cells,,,,,,,,,,,,,,,,,,,Latest verified Ukrainian observation for this question in audited sources
Monitoring,2017,crisis_7,Which measures would end the crisis: follow IMF reform recommendations?,Selected (multiple answers allowed),Policy,kr1,,,,,dodatki2017.pdf,,all respondents as published,,,7.2,,,,,,,,,,,extended_published_shares.csv,https://isnasu.org.ua/assets/files/monitoring/dodatki2017.pdf,f0133c3241ad3f01681ce872e6b8cf8d9ac5c73d5bfb55e31ab579bab2c1791b,7.0,sum of named published response cells,,,,,,,,,,,,,,,,,,,Latest verified Ukrainian observation for this question in audited sources
Monitoring,2017,crisis_8,Which measures would end the crisis: reject IMF reform recommendations?,Selected (multiple answers allowed),Policy,kr1,,,,,dodatki2017.pdf,,all respondents as published,,,13.8,,,,,,,,,,,extended_published_shares.csv,https://isnasu.org.ua/assets/files/monitoring/dodatki2017.pdf,f0133c3241ad3f01681ce872e6b8cf8d9ac5c73d5bfb55e31ab579bab2c1791b,7.0,sum of named published response cells,,,,,,,,,,,,,,,,,,,Latest verified Ukrainian observation for this question in audited sources
Monitoring,2017,crisis_9,Which measures would end the crisis: create jobs mainly in small and medium businesses?,Selected (multiple answers allowed),Policy,kr1,,,,,dodatki2017.pdf,,all respondents as published,,,39.5,,,,,,,,,,,extended_published_shares.csv,https://isnasu.org.ua/assets/files/monitoring/dodatki2017.pdf,f0133c3241ad3f01681ce872e6b8cf8d9ac5c73d5bfb55e31ab579bab2c1791b,7.0,sum of named published response cells,,,,,,,,,,,,,,,,,,,Latest verified Ukrainian observation for this question in audited sources
Monitoring,2020,existing_private_land,Do you favour existing private ownership of land?,Positive / rather positive,Policy,,,,,,,,all_respondents_as_published,,,39.7,,,,,,,,,,,monitoring_estimates.csv,,,,,All,percent,main_through_2020,not_available_from_published_aggregates,,,,,,,,,,,,,,,Latest verified Ukrainian observation for this question in audited sources
Monitoring,2020,existing_private_large,Do you favour existing private ownership of large enterprises?,Positive / rather positive,Policy,,,,,,,,all_respondents_as_published,,,49.1,,,,,,,,,,,monitoring_estimates.csv,,,,,All,percent,main_through_2020,not_available_from_published_aggregates,,,,,,,,,,,,,,,Latest verified Ukrainian observation for this question in audited sources
Monitoring,2020,existing_private_small,Do you favour existing private ownership of small enterprises?,Positive / rather positive,Policy,,,,,,,,all_respondents_as_published,,,71.4,,,,,,,,,,,monitoring_estimates.csv,,,,,All,percent,main_through_2020,not_available_from_published_aggregates,,,,,,,,,,,,,,,Latest verified Ukrainian observation for this question in audited sources
Monitoring,2020,land_ownership_rights,Full land ownership including right to sell?,full ownership including sale,Policy,,,,,,,,all_respondents_as_published,,,37.4,,,,,,,,,,,monitoring_estimates.csv,,,,,All,percent,main_through_2020,not_available_from_published_aggregates,,,,,,,,,,,,,,,Latest verified Ukrainian observation for this question in audited sources
Monitoring,2021,land_sales_agricultural,Allow buying and selling agricultural land?,yes,Policy,,,,,,,,all_respondents_as_published,,,22.5,,,,,,,,,,,monitoring_estimates.csv,,,,,All,percent,later_extension,not_available_from_published_aggregates,,,,,,,,,,,,,,,Latest verified Ukrainian observation for this question in audited sources
Monitoring,2018,land_sales_general,Allow buying and selling land (general wording)?,yes,Policy,,,,,,,,all_respondents_as_published,,,22.6,,,,,,,,,,,monitoring_estimates.csv,,,,,All,percent,main_through_2020,not_available_from_published_aggregates,,,,,,,,,,,,,,,Latest verified Ukrainian observation for this question in audited sources
Monitoring,2015,ownership_mixed,Should Ukraine’s economy be based on a mix of state and private ownership?,Choose named ownership structure,Policy,mm2,,,,,us-2015.pdf,,all respondents as published,,,45.8,,,,,,,,,,,extended_published_shares.csv,https://i-soc.com.ua/assets/files/monitoring/us-2015.pdf,a32d8f1100b3f73f25cdd75abb16316406bcdee7e1f959e20075c3a259c32ee7,10.0,sum of named published response cells,,,,,,,,,,,,,,,,,,,Latest verified Ukrainian observation for this question in audited sources
Monitoring,2025,ownership_policy_broad_privatisation,Broad privatisation?,broad privatisation,Policy,,,,,,,,all_respondents_as_published,,,9.8,,,,,,,,,,,monitoring_estimates.csv,,,,,All,percent,later_extension,not_available_from_published_aggregates,,,,,,,,,,,,,,,Latest verified Ukrainian observation for this question in audited sources
Monitoring,2025,ownership_policy_nationalise,Nationalise private enterprises?,nationalise,Policy,,,,,,,,all_respondents_as_published,,,25.6,,,,,,,,,,,monitoring_estimates.csv,,,,,All,percent,later_extension,not_available_from_published_aggregates,,,,,,,,,,,,,,,Latest verified Ukrainian observation for this question in audited sources
Monitoring,2025,ownership_policy_privatise_except_efficient_state_firms,Privatise except efficient state enterprises?,privatise except efficient state firms,Policy,,,,,,,,all_respondents_as_published,,,36.2,,,,,,,,,,,monitoring_estimates.csv,,,,,All,percent,later_extension,not_available_from_published_aggregates,,,,,,,,,,,,,,,Latest verified Ukrainian observation for this question in audited sources
Monitoring,2025,ownership_policy_retain_state_firms,Retain existing state enterprises?,retain state firms,Policy,,,,,,,,all_respondents_as_published,,,18.1,,,,,,,,,,,monitoring_estimates.csv,,,,,All,percent,later_extension,not_available_from_published_aggregates,,,,,,,,,,,,,,,Latest verified Ukrainian observation for this question in audited sources
Monitoring,2015,ownership_private,Should Ukraine’s economy be based on mainly or exclusively private ownership?,Choose named ownership structure,Policy,mm2,,,,,us-2015.pdf,,all respondents as published,,,11.3,,,,,,,,,,,extended_published_shares.csv,https://i-soc.com.ua/assets/files/monitoring/us-2015.pdf,a32d8f1100b3f73f25cdd75abb16316406bcdee7e1f959e20075c3a259c32ee7,10.0,sum of named published response cells,,,,,,,,,,,,,,,,,,,Latest verified Ukrainian observation for this question in audited sources
Monitoring,2015,ownership_state,Should Ukraine’s economy be based on mainly or exclusively state ownership?,Choose named ownership structure,Policy,mm2,,,,,us-2015.pdf,,all respondents as published,,,26.3,,,,,,,,,,,extended_published_shares.csv,https://i-soc.com.ua/assets/files/monitoring/us-2015.pdf,a32d8f1100b3f73f25cdd75abb16316406bcdee7e1f959e20075c3a259c32ee7,10.0,sum of named published response cells,,,,,,,,,,,,,,,,,,,Latest verified Ukrainian observation for this question in audited sources
Monitoring,2014,private_business,Approve developing private business?,rather approve / strongly approve,Policy,,,,,,,,all_respondents_as_published,,,60.2,,,,,,,,,,,monitoring_estimates.csv,,,,,All,percent,main_through_2020,not_available_from_published_aggregates,,,,,,,,,,,,,,,Latest verified Ukrainian observation for this question in audited sources
Monitoring,2021,privatise_land,Do you favour privatisation of land?,Positive,Policy,,,,,,,,all_respondents_as_published,,,20.7,,,,,,,,,,,monitoring_estimates.csv,,,,,All,percent,later_extension,not_available_from_published_aggregates,,,,,,,,,,,,,,,Latest verified Ukrainian observation for this question in audited sources
Monitoring,2021,privatise_large,Do you favour privatisation of large enterprises?,Positive,Policy,,,,,,,,all_respondents_as_published,,,17.9,,,,,,,,,,,monitoring_estimates.csv,,,,,All,percent,later_extension,not_available_from_published_aggregates,,,,,,,,,,,,,,,Latest verified Ukrainian observation for this question in audited sources
Monitoring,2021,privatise_small,Do you favour privatisation of small enterprises?,Positive,Policy,,,,,,,,all_respondents_as_published,,,31.0,,,,,,,,,,,monitoring_estimates.csv,,,,,All,percent,later_extension,not_available_from_published_aggregates,,,,,,,,,,,,,,,Latest verified Ukrainian observation for this question in audited sources
Monitoring,2020,renationalise_land,Do you oppose returning privately owned land to the state?,No / rather no to renationalisation,Policy,,,,,,,,all_respondents_as_published,,,35.5,,,,,,,,,,,monitoring_estimates.csv,,,,,All,percent,main_through_2020,not_available_from_published_aggregates,,,,,,,,,,,,,,,Latest verified Ukrainian observation for this question in audited sources
Monitoring,2020,renationalise_large,Do you oppose returning privately owned large enterprises to the state?,No / rather no to renationalisation,Policy,,,,,,,,all_respondents_as_published,,,28.4,,,,,,,,,,,monitoring_estimates.csv,,,,,All,percent,main_through_2020,not_available_from_published_aggregates,,,,,,,,,,,,,,,Latest verified Ukrainian observation for this question in audited sources
Monitoring,2020,renationalise_small,Do you oppose returning privately owned small enterprises to the state?,No / rather no to renationalisation,Policy,,,,,,,,all_respondents_as_published,,,60.900000000000006,,,,,,,,,,,monitoring_estimates.csv,,,,,All,percent,main_through_2020,not_available_from_published_aggregates,,,,,,,,,,,,,,,Latest verified Ukrainian observation for this question in audited sources
Monitoring,2020,retrospective_land,Was privatisation of land worth doing?,Yes / rather yes,Policy,,,,,,,,all_respondents_as_published,,,27.9,,,,,,,,,,,monitoring_estimates.csv,,,,,All,percent,main_through_2020,not_available_from_published_aggregates,,,,,,,,,,,,,,,Latest verified Ukrainian observation for this question in audited sources
Monitoring,2020,retrospective_large,Was privatisation of large enterprises worth doing?,Yes / rather yes,Policy,,,,,,,,all_respondents_as_published,,,21.700000000000003,,,,,,,,,,,monitoring_estimates.csv,,,,,All,percent,main_through_2020,not_available_from_published_aggregates,,,,,,,,,,,,,,,Latest verified Ukrainian observation for this question in audited sources
Monitoring,2020,retrospective_small,Was privatisation of small enterprises worth doing?,Yes / rather yes,Policy,,,,,,,,all_respondents_as_published,,,49.7,,,,,,,,,,,monitoring_estimates.csv,,,,,All,percent,main_through_2020,not_available_from_published_aggregates,,,,,,,,,,,,,,,Latest verified Ukrainian observation for this question in audited sources
Monitoring,2016,socialism_capitalism_political_support,Support political forces advocating capitalism?,capitalism,Policy,,,,,,,,all_respondents_as_published,,,13.4,,,,,,,,,,,monitoring_estimates.csv,,,,,All,percent,main_through_2020,not_available_from_published_aggregates,,,,,,,,,,,,,,,Latest verified Ukrainian observation for this question in audited sources
Monitoring,2021,state_role_minimal_state_market,Market with minimal state involvement?,minimal state market,Policy,,,,,,,,all_respondents_as_published,,,9.9,,,,,,,,,,,monitoring_estimates.csv,,,,,All,percent,later_extension,not_available_from_published_aggregates,,,,,,,,,,,,,,,Latest verified Ukrainian observation for this question in audited sources
Monitoring,2021,state_role_mixed_state_market,Combine state management and market methods?,mixed state market,Policy,,,,,,,,all_respondents_as_published,,,44.6,,,,,,,,,,,monitoring_estimates.csv,,,,,All,percent,later_extension,not_available_from_published_aggregates,,,,,,,,,,,,,,,Latest verified Ukrainian observation for this question in audited sources
Monitoring,2021,state_role_planned_economy,Return to a planned economy?,planned economy,Policy,,,,,,,,all_respondents_as_published,,,27.2,,,,,,,,,,,monitoring_estimates.csv,,,,,All,percent,later_extension,not_available_from_published_aggregates,,,,,,,,,,,,,,,Latest verified Ukrainian observation for this question in audited sources
Monitoring,2021,work_private_employer,Willing to work for a private employer?,rather yes / yes,Policy,,,,,,,,all_respondents_as_published,,,53.5,,,,,,,,,,,monitoring_estimates.csv,,,,,All,percent,later_extension,not_available_from_published_aggregates,,,,,,,,,,,,,,,Latest verified Ukrainian observation for this question in audited sources
ESS,2005,bsnprft,"Businesses only interested in profit, not improve service/quality?",Agree / agree strongly,Policy,,,,,,ESS2e03_6-ESS3e03_7-ESS4e04_6-ESS5e03_6-ESS6e02_7-ESS11e04_2-subset.sav,,all eligible adults,,,66.74495076253223,1.3647381900478548,64.06851728461116,69.42138424045329,1984.0,1984.0,2031.0,1169.8798685138213,1956.9689107760787,True,Approximate weighted respondent linearization; PSU/stratum unavailable in supplied file,ess_affirmative_shares.csv,,3aef7081ad1e48f989b7c93ef68f05e922159010a21d894d10d83899b764a852,,,All,,,,,,,,,,,,2.0,2005,ordinal,bsnprft,ESS integrated round,2030.0,Latest verified Ukrainian observation for this question in audited sources
ESS,2005,ctzchtx,Citizens should not cheat on taxes?,Agree / agree strongly,Policy,,,,,,ESS2e03_6-ESS3e03_7-ESS4e04_6-ESS5e03_6-ESS6e02_7-ESS11e04_2-subset.sav,,all eligible adults,,,61.861996971338456,1.4380616060696685,59.041766502326055,64.68222744035086,1984.0,1984.0,2031.0,1169.8798685138213,1956.9689107760787,True,Approximate weighted respondent linearization; PSU/stratum unavailable in supplied file,ess_affirmative_shares.csv,,3aef7081ad1e48f989b7c93ef68f05e922159010a21d894d10d83899b764a852,,,All,,,,,,,,,,,,2.0,2005,ordinal,ctzchtx,ESS integrated round,2030.0,Latest verified Ukrainian observation for this question in audited sources
ESS,2009,dfincac,Large differences in income acceptable to reward talents and efforts?,Agree / agree strongly,Policy,,,,,,ESS2e03_6-ESS3e03_7-ESS4e04_6-ESS5e03_6-ESS6e02_7-ESS11e04_2-subset.sav,,all eligible adults,,,57.626342612170994,1.5817553564777391,54.524122869076,60.72856235526599,1798.0,1798.0,1845.0,975.6709010464692,1797.102615531534,True,Approximate weighted respondent linearization; PSU/stratum unavailable in supplied file,ess_affirmative_shares.csv,,3aef7081ad1e48f989b7c93ef68f05e922159010a21d894d10d83899b764a852,,,All,,,,,,,,,,,,4.0,2009,ordinal,dfincac,ESS integrated round,1844.0,Latest verified Ukrainian observation for this question in audited sources
ESS,2009,ditxssp,Government decrease/increase taxes and social spending?,6–10 on the original 0–10 scale (above its midpoint),Policy,,,,,,ESS2e03_6-ESS3e03_7-ESS4e04_6-ESS5e03_6-ESS6e02_7-ESS11e04_2-subset.sav,,all eligible adults,,,23.03613297577594,1.2557270038987436,20.573336761760377,25.4989291897915,1798.0,1798.0,1845.0,975.6709010464692,1797.102615531534,True,Approximate weighted respondent linearization; PSU/stratum unavailable in supplied file,ess_affirmative_shares.csv,,3aef7081ad1e48f989b7c93ef68f05e922159010a21d894d10d83899b764a852,,,All,,,,,,,,,,,,4.0,2009,numeric,ditxssp,ESS integrated round,1844.0,Latest verified Ukrainian observation for this question in audited sources
ESS,2009,earnpen,Higher or lower earners should get larger old age pensions?,High and low earners should receive the same amount,Policy,,,,,,ESS2e03_6-ESS3e03_7-ESS4e04_6-ESS5e03_6-ESS6e02_7-ESS11e04_2-subset.sav,,all eligible adults,,,18.977970418532347,1.268857345016816,16.489422305979986,21.46651853108471,1798.0,1798.0,1845.0,975.6709010464692,1797.102615531534,True,Approximate weighted respondent linearization; PSU/stratum unavailable in supplied file,ess_affirmative_shares.csv,,3aef7081ad1e48f989b7c93ef68f05e922159010a21d894d10d83899b764a852,,,All,,,,,,,,,,,,4.0,2009,nominal,earnpen,ESS integrated round,1844.0,Latest verified Ukrainian observation for this question in audited sources
ESS,2009,earnueb,Higher or lower earners should get larger unemployment benefits?,High and low earners should receive the same amount,Policy,,,,,,ESS2e03_6-ESS3e03_7-ESS4e04_6-ESS5e03_6-ESS6e02_7-ESS11e04_2-subset.sav,,all eligible adults,,,45.76876522940916,1.5904676371397362,42.64945851457333,48.88807194424498,1798.0,1798.0,1845.0,975.6709010464692,1797.102615531534,True,Approximate weighted respondent linearization; PSU/stratum unavailable in supplied file,ess_affirmative_shares.csv,,3aef7081ad1e48f989b7c93ef68f05e922159010a21d894d10d83899b764a852,,,All,,,,,,,,,,,,4.0,2009,nominal,earnueb,ESS integrated round,1844.0,Latest verified Ukrainian observation for this question in audited sources
ESS,2005,frmwktg,Nowadays large firms work together in order to keep prices high?,Agree / agree strongly,Policy,,,,,,ESS2e03_6-ESS3e03_7-ESS4e04_6-ESS5e03_6-ESS6e02_7-ESS11e04_2-subset.sav,,all eligible adults,,,69.32915859595704,1.3328880755387564,66.71518743745328,71.9431297544608,1984.0,1984.0,2031.0,1169.8798685138213,1956.9689107760787,True,Approximate weighted respondent linearization; PSU/stratum unavailable in supplied file,ess_affirmative_shares.csv,,3aef7081ad1e48f989b7c93ef68f05e922159010a21d894d10d83899b764a852,,,All,,,,,,,,,,,,2.0,2005,ordinal,frmwktg,ESS integrated round,2030.0,Latest verified Ukrainian observation for this question in audited sources
ESS,2024,gincdif,Should the government take measures to reduce differences in income levels?,Agree / agree strongly,Policy,,,,,,ESS2e03_6-ESS3e03_7-ESS4e04_6-ESS5e03_6-ESS6e02_7-ESS11e04_2-subset.sav,,all eligible adults,,,63.54036240346202,1.3941277503220186,60.79058972028118,66.29013508664285,2581.0,2581.0,233.0,1970.8959511961216,2550.757561951876,True,Stratified PSU Taylor linearization; fixed supplied weights; no FPC,ess_affirmative_shares.csv,,3aef7081ad1e48f989b7c93ef68f05e922159010a21d894d10d83899b764a852,,,All,,,,,,,,,,,,11.0,2024,ordinal,gincdif,ESS integrated round,192.0,Latest verified Ukrainian observation for this question in audited sources
ESS,2022,grdfinc,How important is government reduction of income differences for democracy?,6–10 on the original 0–10 scale (above its midpoint),Policy,,,,,,ESS10UAe4.sav,,all eligible adults,,,91.27259400630516,0.9053355932089836,89.48953700997308,93.05565100263723,1507.0,1507.0,299.0,1062.9613297156018,1497.14260810753,True,Stratified PSU Taylor linearization; fixed supplied weights; no FPC,ess_affirmative_shares.csv,,4dd67ab20a1ddf8df15f5000e7302e0fd68bc35a46357afea0e2b47d455c3aa8,,,All,,,,,,,,,,,,10.0,2022,numeric,grdfinc,Related study using ESS10 questionnaire,250.0,Latest verified Ukrainian observation for this question in audited sources
ESS,2009,gvcldcr,"Child care services for working parents, governments' responsibility?",6–10 on the original 0–10 scale (above its midpoint),Policy,,,,,,ESS2e03_6-ESS3e03_7-ESS4e04_6-ESS5e03_6-ESS6e02_7-ESS11e04_2-subset.sav,,all eligible adults,,,82.24621078454642,1.2645735045764543,79.76606435961024,84.7263572094826,1798.0,1798.0,1845.0,975.6709010464692,1797.102615531534,True,Approximate weighted respondent linearization; PSU/stratum unavailable in supplied file,ess_affirmative_shares.csv,,3aef7081ad1e48f989b7c93ef68f05e922159010a21d894d10d83899b764a852,,,All,,,,,,,,,,,,4.0,2009,numeric,gvcldcr,ESS integrated round,1844.0,Latest verified Ukrainian observation for this question in audited sources
ESS,2022,gvctzpv,How important is government protection against poverty for democracy?,6–10 on the original 0–10 scale (above its midpoint),Policy,,,,,,ESS10UAe4.sav,,all eligible adults,,,95.53567418310269,0.6601867064116913,94.23543752546684,96.8359108407385,1507.0,1507.0,299.0,1062.9613297156018,1497.14260810753,True,Stratified PSU Taylor linearization; fixed supplied weights; no FPC,ess_affirmative_shares.csv,,4dd67ab20a1ddf8df15f5000e7302e0fd68bc35a46357afea0e2b47d455c3aa8,,,All,,,,,,,,,,,,10.0,2022,numeric,gvctzpv,Related study using ESS10 questionnaire,250.0,Latest verified Ukrainian observation for this question in audited sources
ESS,2009,gvhlthc,"Health care for the sick, governments' responsibility?",6–10 on the original 0–10 scale (above its midpoint),Policy,,,,,,ESS2e03_6-ESS3e03_7-ESS4e04_6-ESS5e03_6-ESS6e02_7-ESS11e04_2-subset.sav,,all eligible adults,,,94.31602097960592,0.7846133885985487,92.777196954235,95.85484500497684,1798.0,1798.0,1845.0,975.6709010464692,1797.102615531534,True,Approximate weighted respondent linearization; PSU/stratum unavailable in supplied file,ess_affirmative_shares.csv,,3aef7081ad1e48f989b7c93ef68f05e922159010a21d894d10d83899b764a852,,,All,,,,,,,,,,,,4.0,2009,numeric,gvhlthc,ESS integrated round,1844.0,Latest verified Ukrainian observation for this question in audited sources
ESS,2009,gvjbevn,"Job for everyone, governments' responsibility?",6–10 on the original 0–10 scale (above its midpoint),Policy,,,,,,ESS2e03_6-ESS3e03_7-ESS4e04_6-ESS5e03_6-ESS6e02_7-ESS11e04_2-subset.sav,,all eligible adults,,,88.92790288512275,0.9811376682094344,87.00364536163869,90.8521604086068,1798.0,1798.0,1845.0,975.6709010464692,1797.102615531534,True,Approximate weighted respondent linearization; PSU/stratum unavailable in supplied file,ess_affirmative_shares.csv,,3aef7081ad1e48f989b7c93ef68f05e922159010a21d894d10d83899b764a852,,,All,,,,,,,,,,,,4.0,2009,numeric,gvjbevn,ESS integrated round,1844.0,Latest verified Ukrainian observation for this question in audited sources
ESS,2009,gvpdlwk,"Paid leave from work to care for sick family, governments' responsibility?",6–10 on the original 0–10 scale (above its midpoint),Policy,,,,,,ESS2e03_6-ESS3e03_7-ESS4e04_6-ESS5e03_6-ESS6e02_7-ESS11e04_2-subset.sav,,all eligible adults,,,82.06698359265368,1.284782463387632,79.54720232105511,84.58676486425226,1798.0,1798.0,1845.0,975.6709010464692,1797.102615531534,True,Approximate weighted respondent linearization; PSU/stratum unavailable in supplied file,ess_affirmative_shares.csv,,3aef7081ad1e48f989b7c93ef68f05e922159010a21d894d10d83899b764a852,,,All,,,,,,,,,,,,4.0,2009,numeric,gvpdlwk,ESS integrated round,1844.0,Latest verified Ukrainian observation for this question in audited sources
ESS,2011,gvprppv,Government do more to prevent people falling into poverty?,Agree / agree strongly,Policy,,,,,,ESS2e03_6-ESS3e03_7-ESS4e04_6-ESS5e03_6-ESS6e02_7-ESS11e04_2-subset.sav,,all eligible adults,,,91.04972156093466,0.8924359039484188,89.2994817111198,92.79996141074952,1886.0,1886.0,1931.0,1024.95822704157,1862.148847103119,True,Approximate weighted respondent linearization; PSU/stratum unavailable in supplied file,ess_affirmative_shares.csv,,3aef7081ad1e48f989b7c93ef68f05e922159010a21d894d10d83899b764a852,,,All,,,,,,,,,,,,5.0,2011,ordinal,gvprppv,ESS integrated round,1930.0,Latest verified Ukrainian observation for this question in audited sources
ESS,2009,gvslvol,"Standard of living for the old, governments' responsibility?",6–10 on the original 0–10 scale (above its midpoint),Policy,,,,,,ESS2e03_6-ESS3e03_7-ESS4e04_6-ESS5e03_6-ESS6e02_7-ESS11e04_2-subset.sav,,all eligible adults,,,94.25404021677076,0.8313987808750081,92.62345828015644,95.8846221533851,1798.0,1798.0,1845.0,975.6709010464692,1797.102615531534,True,Approximate weighted respondent linearization; PSU/stratum unavailable in supplied file,ess_affirmative_shares.csv,,3aef7081ad1e48f989b7c93ef68f05e922159010a21d894d10d83899b764a852,,,All,,,,,,,,,,,,4.0,2009,numeric,gvslvol,ESS integrated round,1844.0,Latest verified Ukrainian observation for this question in audited sources
ESS,2009,gvslvue,"Standard of living for the unemployed, governments' responsibility?",6–10 on the original 0–10 scale (above its midpoint),Policy,,,,,,ESS2e03_6-ESS3e03_7-ESS4e04_6-ESS5e03_6-ESS6e02_7-ESS11e04_2-subset.sav,,all eligible adults,,,79.95752735689796,1.3247002817453448,77.35945721230556,82.55559750149035,1798.0,1798.0,1845.0,975.6709010464692,1797.102615531534,True,Approximate weighted respondent linearization; PSU/stratum unavailable in supplied file,ess_affirmative_shares.csv,,3aef7081ad1e48f989b7c93ef68f05e922159010a21d894d10d83899b764a852,,,All,,,,,,,,,,,,4.0,2009,numeric,gvslvue,ESS integrated round,1844.0,Latest verified Ukrainian observation for this question in audited sources
ESS,2009,imsclbn,When should immigrants obtain rights to social benefits/services?,After working and paying taxes for at least a year,Policy,,,,,,ESS2e03_6-ESS3e03_7-ESS4e04_6-ESS5e03_6-ESS6e02_7-ESS11e04_2-subset.sav,,all eligible adults,,,24.44317305978492,1.3902725643147156,21.716499191011387,27.169846928558457,1798.0,1798.0,1845.0,975.6709010464692,1797.102615531534,True,Approximate weighted respondent linearization; PSU/stratum unavailable in supplied file,ess_affirmative_shares.csv,,3aef7081ad1e48f989b7c93ef68f05e922159010a21d894d10d83899b764a852,,,All,,,,,,,,,,,,4.0,2009,ordinal,imsclbn,ESS integrated round,1844.0,Latest verified Ukrainian observation for this question in audited sources
ESS,2005,mnyacth,"If you want to make money, you can't always act honestly?",Agree / agree strongly,Policy,,,,,,ESS2e03_6-ESS3e03_7-ESS4e04_6-ESS5e03_6-ESS6e02_7-ESS11e04_2-subset.sav,,all eligible adults,,,50.24054391784035,1.4616484847788518,47.37405643610765,53.10703139957305,1984.0,1984.0,2031.0,1169.8798685138213,1956.9689107760787,True,Approximate weighted respondent linearization; PSU/stratum unavailable in supplied file,ess_affirmative_shares.csv,,3aef7081ad1e48f989b7c93ef68f05e922159010a21d894d10d83899b764a852,,,All,,,,,,,,,,,,2.0,2005,ordinal,mnyacth,ESS integrated round,2030.0,Latest verified Ukrainian observation for this question in audited sources
ESS,2005,pyavtxw,"Someone paying cash without receipt to avoid VAT or tax, how wrong?",Wrong / seriously wrong,Policy,,,,,,ESS2e03_6-ESS3e03_7-ESS4e04_6-ESS5e03_6-ESS6e02_7-ESS11e04_2-subset.sav,,all eligible adults,,,51.08373190511021,1.460255798356757,48.21997566706331,53.94748814315712,1984.0,1984.0,2031.0,1169.8798685138213,1956.9689107760787,True,Approximate weighted respondent linearization; PSU/stratum unavailable in supplied file,ess_affirmative_shares.csv,,3aef7081ad1e48f989b7c93ef68f05e922159010a21d894d10d83899b764a852,,,All,,,,,,,,,,,,2.0,2005,ordinal,pyavtxw,ESS integrated round,2030.0,Latest verified Ukrainian observation for this question in audited sources
ESS,2009,sbbsntx,Social benefits/services cost businesses too much in taxes/charges?,Agree / agree strongly,Policy,,,,,,ESS2e03_6-ESS3e03_7-ESS4e04_6-ESS5e03_6-ESS6e02_7-ESS11e04_2-subset.sav,,all eligible adults,,,25.754162846680288,1.362144368818206,23.08265543778284,28.42567025557774,1798.0,1798.0,1845.0,975.6709010464692,1797.102615531534,True,Approximate weighted respondent linearization; PSU/stratum unavailable in supplied file,ess_affirmative_shares.csv,,3aef7081ad1e48f989b7c93ef68f05e922159010a21d894d10d83899b764a852,,,All,,,,,,,,,,,,4.0,2009,ordinal,sbbsntx,ESS integrated round,1844.0,Latest verified Ukrainian observation for this question in audited sources
ESS,2009,sbcwkfm,Social benefits/services make it easier to combine work and family?,Agree / agree strongly,Policy,,,,,,ESS2e03_6-ESS3e03_7-ESS4e04_6-ESS5e03_6-ESS6e02_7-ESS11e04_2-subset.sav,,all eligible adults,,,23.941618624377583,1.3336081923019714,21.32607782865996,26.55715942009521,1798.0,1798.0,1845.0,975.6709010464692,1797.102615531534,True,Approximate weighted respondent linearization; PSU/stratum unavailable in supplied file,ess_affirmative_shares.csv,,3aef7081ad1e48f989b7c93ef68f05e922159010a21d894d10d83899b764a852,,,All,,,,,,,,,,,,4.0,2009,ordinal,sbcwkfm,ESS integrated round,1844.0,Latest verified Ukrainian observation for this question in audited sources
ESS,2009,sbenccm,Social benefits/services encourage people other countries to come live here?,Agree / agree strongly,Policy,,,,,,ESS2e03_6-ESS3e03_7-ESS4e04_6-ESS5e03_6-ESS6e02_7-ESS11e04_2-subset.sav,,all eligible adults,,,13.935973373757076,1.087092324196235,11.803912143885054,16.068034603629098,1798.0,1798.0,1845.0,975.6709010464692,1797.102615531534,True,Approximate weighted respondent linearization; PSU/stratum unavailable in supplied file,ess_affirmative_shares.csv,,3aef7081ad1e48f989b7c93ef68f05e922159010a21d894d10d83899b764a852,,,All,,,,,,,,,,,,4.0,2009,ordinal,sbenccm,ESS integrated round,1844.0,Latest verified Ukrainian observation for this question in audited sources
ESS,2009,sbeqsoc,Social benefits/services lead to a more equal society?,Agree / agree strongly,Policy,,,,,,ESS2e03_6-ESS3e03_7-ESS4e04_6-ESS5e03_6-ESS6e02_7-ESS11e04_2-subset.sav,,all eligible adults,,,26.93143498854972,1.400889783998975,24.183938083908853,29.67893189319059,1798.0,1798.0,1845.0,975.6709010464692,1797.102615531534,True,Approximate weighted respondent linearization; PSU/stratum unavailable in supplied file,ess_affirmative_shares.csv,,3aef7081ad1e48f989b7c93ef68f05e922159010a21d894d10d83899b764a852,,,All,,,,,,,,,,,,4.0,2009,ordinal,sbeqsoc,ESS integrated round,1844.0,Latest verified Ukrainian observation for this question in audited sources
ESS,2009,sblazy,Social benefits/services make people lazy?,Agree / agree strongly,Policy,,,,,,ESS2e03_6-ESS3e03_7-ESS4e04_6-ESS5e03_6-ESS6e02_7-ESS11e04_2-subset.sav,,all eligible adults,,,17.987573096985933,1.2495079130094435,15.53697408303793,20.438172110933937,1798.0,1798.0,1845.0,975.6709010464692,1797.102615531534,True,Approximate weighted respondent linearization; PSU/stratum unavailable in supplied file,ess_affirmative_shares.csv,,3aef7081ad1e48f989b7c93ef68f05e922159010a21d894d10d83899b764a852,,,All,,,,,,,,,,,,4.0,2009,ordinal,sblazy,ESS integrated round,1844.0,Latest verified Ukrainian observation for this question in audited sources
ESS,2009,sblwcoa,Social benefits/services make people less willing care for one another?,Agree / agree strongly,Policy,,,,,,ESS2e03_6-ESS3e03_7-ESS4e04_6-ESS5e03_6-ESS6e02_7-ESS11e04_2-subset.sav,,all eligible adults,,,14.09599316307597,1.1047182888436256,11.92936298719324,16.2626233389587,1798.0,1798.0,1845.0,975.6709010464692,1797.102615531534,True,Approximate weighted respondent linearization; PSU/stratum unavailable in supplied file,ess_affirmative_shares.csv,,3aef7081ad1e48f989b7c93ef68f05e922159010a21d894d10d83899b764a852,,,All,,,,,,,,,,,,4.0,2009,ordinal,sblwcoa,ESS integrated round,1844.0,Latest verified Ukrainian observation for this question in audited sources
ESS,2009,sblwlka,Social benefits/services make people less willing look after themselves/family?,Agree / agree strongly,Policy,,,,,,ESS2e03_6-ESS3e03_7-ESS4e04_6-ESS5e03_6-ESS6e02_7-ESS11e04_2-subset.sav,,all eligible adults,,,12.808948067294372,1.0536745972351775,10.74242739773934,14.875468736849404,1798.0,1798.0,1845.0,975.6709010464692,1797.102615531534,True,Approximate weighted respondent linearization; PSU/stratum unavailable in supplied file,ess_affirmative_shares.csv,,3aef7081ad1e48f989b7c93ef68f05e922159010a21d894d10d83899b764a852,,,All,,,,,,,,,,,,4.0,2009,ordinal,sblwlka,ESS integrated round,1844.0,Latest verified Ukrainian observation for this question in audited sources
ESS,2009,sbprvpv,Social benefits/services prevent widespread poverty?,Agree / agree strongly,Policy,,,,,,ESS2e03_6-ESS3e03_7-ESS4e04_6-ESS5e03_6-ESS6e02_7-ESS11e04_2-subset.sav,,all eligible adults,,,32.809706536870685,1.4690564498109009,29.92851767055149,35.690895403189884,1798.0,1798.0,1845.0,975.6709010464692,1797.102615531534,True,Approximate weighted respondent linearization; PSU/stratum unavailable in supplied file,ess_affirmative_shares.csv,,3aef7081ad1e48f989b7c93ef68f05e922159010a21d894d10d83899b764a852,,,All,,,,,,,,,,,,4.0,2009,ordinal,sbprvpv,ESS integrated round,1844.0,Latest verified Ukrainian observation for this question in audited sources
ESS,2009,sbstrec,Social benefits/services place too great strain on economy?,Agree / agree strongly,Policy,,,,,,ESS2e03_6-ESS3e03_7-ESS4e04_6-ESS5e03_6-ESS6e02_7-ESS11e04_2-subset.sav,,all eligible adults,,,20.96296570993309,1.309627064244314,18.394457932701847,23.53147348716433,1798.0,1798.0,1845.0,975.6709010464692,1797.102615531534,True,Approximate weighted respondent linearization; PSU/stratum unavailable in supplied file,ess_affirmative_shares.csv,,3aef7081ad1e48f989b7c93ef68f05e922159010a21d894d10d83899b764a852,,,All,,,,,,,,,,,,4.0,2009,ordinal,sbstrec,ESS integrated round,1844.0,Latest verified Ukrainian observation for this question in audited sources
ESS,2005,scbevts,Society better off if everyone looked after themselves?,Agree / agree strongly,Policy,,,,,,ESS2e03_6-ESS3e03_7-ESS4e04_6-ESS5e03_6-ESS6e02_7-ESS11e04_2-subset.sav,,all eligible adults,,,20.809096377149466,1.190378130692696,18.474606213684982,23.14358654061394,1984.0,1984.0,2031.0,1169.8798685138213,1956.9689107760787,True,Approximate weighted respondent linearization; PSU/stratum unavailable in supplied file,ess_affirmative_shares.csv,,3aef7081ad1e48f989b7c93ef68f05e922159010a21d894d10d83899b764a852,,,All,,,,,,,,,,,,2.0,2005,ordinal,scbevts,ESS integrated round,2030.0,Latest verified Ukrainian observation for this question in audited sources
ESS,2009,smdfslv,"For fair society, differences in standard of living should be small?",Agree / agree strongly,Policy,,,,,,ESS2e03_6-ESS3e03_7-ESS4e04_6-ESS5e03_6-ESS6e02_7-ESS11e04_2-subset.sav,,all eligible adults,,,62.49857848855093,1.5710509785907814,59.41735272046129,65.57980425664059,1798.0,1798.0,1845.0,975.6709010464692,1797.102615531534,True,Approximate weighted respondent linearization; PSU/stratum unavailable in supplied file,ess_affirmative_shares.csv,,3aef7081ad1e48f989b7c93ef68f05e922159010a21d894d10d83899b764a852,,,All,,,,,,,,,,,,4.0,2009,ordinal,smdfslv,ESS integrated round,1844.0,Latest verified Ukrainian observation for this question in audited sources
ESS,2009,txearn,Taxation for higher versus lower earners?,Higher earners should pay a higher share of earnings in tax,Policy,,,,,,ESS2e03_6-ESS3e03_7-ESS4e04_6-ESS5e03_6-ESS6e02_7-ESS11e04_2-subset.sav,,all eligible adults,,,42.63278384735053,1.58235526935522,39.529387524346994,45.73618017035407,1798.0,1798.0,1845.0,975.6709010464692,1797.102615531534,True,Approximate weighted respondent linearization; PSU/stratum unavailable in supplied file,ess_affirmative_shares.csv,,3aef7081ad1e48f989b7c93ef68f05e922159010a21d894d10d83899b764a852,,,All,,,,,,,,,,,,4.0,2009,nominal,txearn,ESS integrated round,1844.0,Latest verified Ukrainian observation for this question in audited sources
ESS,2009,uentrjb,Most unemployed people do not really try to find a job?,Agree / agree strongly,Policy,,,,,,ESS2e03_6-ESS3e03_7-ESS4e04_6-ESS5e03_6-ESS6e02_7-ESS11e04_2-subset.sav,,all eligible adults,,,29.768023611370733,1.4606444654978512,26.903332760188757,32.63271446255271,1798.0,1798.0,1845.0,975.6709010464692,1797.102615531534,True,Approximate weighted respondent linearization; PSU/stratum unavailable in supplied file,ess_affirmative_shares.csv,,3aef7081ad1e48f989b7c93ef68f05e922159010a21d894d10d83899b764a852,,,All,,,,,,,,,,,,4.0,2009,ordinal,uentrjb,ESS integrated round,1844.0,Latest verified Ukrainian observation for this question in audited sources
ESS,2009,bennent,Many manage to obtain benefits/services not entitled to?,Agree / agree strongly,Related,,,,,,ESS2e03_6-ESS3e03_7-ESS4e04_6-ESS5e03_6-ESS6e02_7-ESS11e04_2-subset.sav,,all eligible adults,,,55.30669453122287,1.5986185501002164,52.171401827778446,58.44198723466729,1798.0,1798.0,1845.0,975.6709010464692,1797.102615531534,True,Approximate weighted respondent linearization; PSU/stratum unavailable in supplied file,ess_affirmative_shares.csv,,3aef7081ad1e48f989b7c93ef68f05e922159010a21d894d10d83899b764a852,,,All,,,,,,,,,,,,4.0,2009,ordinal,bennent,ESS integrated round,1844.0,Latest verified Ukrainian observation for this question in audited sources
ESS,2005,cmprcti,Nowadays customer/consumer are in better position to protect interest?,Agree / agree strongly,Related,,,,,,ESS2e03_6-ESS3e03_7-ESS4e04_6-ESS5e03_6-ESS6e02_7-ESS11e04_2-subset.sav,,all eligible adults,,,29.876195586636182,1.3308540667707267,27.266213390411668,32.48617778286071,1984.0,1984.0,2031.0,1169.8798685138213,1956.9689107760787,True,Approximate weighted respondent linearization; PSU/stratum unavailable in supplied file,ess_affirmative_shares.csv,,3aef7081ad1e48f989b7c93ef68f05e922159010a21d894d10d83899b764a852,,,All,,,,,,,,,,,,2.0,2005,ordinal,cmprcti,ESS integrated round,2030.0,Latest verified Ukrainian observation for this question in audited sources
ESS,2024,eqparlv,Require both parents to take equal periods of paid leave to care for their child?,In favour / strongly in favour,Related,,,,,,ESS2e03_6-ESS3e03_7-ESS4e04_6-ESS5e03_6-ESS6e02_7-ESS11e04_2-subset.sav,,all eligible adults,,,57.72315608768739,1.3521103288574472,55.05625841917741,60.390053756197375,2581.0,2581.0,233.0,1970.8959511961216,2550.757561951876,True,Stratified PSU Taylor linearization; fixed supplied weights; no FPC,ess_affirmative_shares.csv,,3aef7081ad1e48f989b7c93ef68f05e922159010a21d894d10d83899b764a852,,,All,,,,,,,,,,,,11.0,2024,ordinal,eqparlv,ESS integrated round,192.0,Latest verified Ukrainian observation for this question in audited sources
ESS,2024,fineqpy,Making businesses pay a fine when they pay men more than women for doing the same work?,In favour / strongly in favour,Related,,,,,,ESS2e03_6-ESS3e03_7-ESS4e04_6-ESS5e03_6-ESS6e02_7-ESS11e04_2-subset.sav,,all eligible adults,,,62.64088447907263,1.377322237160414,59.924258931086506,65.35751002705877,2581.0,2581.0,233.0,1970.8959511961216,2550.757561951876,True,Stratified PSU Taylor linearization; fixed supplied weights; no FPC,ess_affirmative_shares.csv,,3aef7081ad1e48f989b7c93ef68f05e922159010a21d894d10d83899b764a852,,,All,,,,,,,,,,,,11.0,2024,ordinal,fineqpy,ESS integrated round,192.0,Latest verified Ukrainian observation for this question in audited sources
ESS,2022,grdfincc,To what extent does the government in Ukraine reduce income differences?,6–10 on the original 0–10 scale (above its midpoint),Related,,,,,,ESS10UAe4.sav,,all eligible adults,,,6.634862992202699,0.7807160854475259,5.097243916195745,8.172482068209654,1507.0,1507.0,299.0,1062.9613297156018,1497.14260810753,True,Stratified PSU Taylor linearization; fixed supplied weights; no FPC,ess_affirmative_shares.csv,,4dd67ab20a1ddf8df15f5000e7302e0fd68bc35a46357afea0e2b47d455c3aa8,,,All,,,,,,,,,,,,10.0,2022,numeric,grdfincc,Related study using ESS10 questionnaire,250.0,Latest verified Ukrainian observation for this question in audited sources
ESS,2022,gvctzpvc,To what extent does the government in Ukraine protect citizens against poverty?,6–10 on the original 0–10 scale (above its midpoint),Related,,,,,,ESS10UAe4.sav,,all eligible adults,,,6.500059978344628,0.7446152196563093,5.033541499514588,7.966578457174668,1507.0,1507.0,299.0,1062.9613297156018,1497.14260810753,True,Stratified PSU Taylor linearization; fixed supplied weights; no FPC,ess_affirmative_shares.csv,,4dd67ab20a1ddf8df15f5000e7302e0fd68bc35a46357afea0e2b47d455c3aa8,,,All,,,,,,,,,,,,10.0,2022,numeric,gvctzpvc,Related study using ESS10 questionnaire,250.0,Latest verified Ukrainian observation for this question in audited sources
ESS,2024,imbgeco,Is immigration bad or good for Ukraine's economy?,6–10 on the original 0–10 scale (above its midpoint),Related,,,,,,ESS2e03_6-ESS3e03_7-ESS4e04_6-ESS5e03_6-ESS6e02_7-ESS11e04_2-subset.sav,,all eligible adults,,,50.42265976906078,1.5922161803474402,47.28217816152759,53.56314137659397,2581.0,2581.0,233.0,1970.8959511961216,2550.757561951876,True,Stratified PSU Taylor linearization; fixed supplied weights; no FPC,ess_affirmative_shares.csv,,3aef7081ad1e48f989b7c93ef68f05e922159010a21d894d10d83899b764a852,,,All,,,,,,,,,,,,11.0,2024,numeric,imbgeco,ESS integrated round,192.0,Latest verified Ukrainian observation for this question in audited sources
ESS,2009,imrccon,Immigrants receive more or less than they contribute?,6–10 on the original 0–10 scale (above its midpoint),Related,,,,,,ESS2e03_6-ESS3e03_7-ESS4e04_6-ESS5e03_6-ESS6e02_7-ESS11e04_2-subset.sav,,all eligible adults,,,15.436523453043923,1.1332842228843227,13.213868301997946,17.659178604089906,1798.0,1798.0,1845.0,975.6709010464692,1797.102615531534,True,Approximate weighted respondent linearization; PSU/stratum unavailable in supplied file,ess_affirmative_shares.csv,,3aef7081ad1e48f989b7c93ef68f05e922159010a21d894d10d83899b764a852,,,All,,,,,,,,,,,,4.0,2009,numeric,imrccon,ESS integrated round,1844.0,Latest verified Ukrainian observation for this question in audited sources
ESS,2009,insfben,Insufficient benefits in country to help people in real need?,Agree / agree strongly,Related,,,,,,ESS2e03_6-ESS3e03_7-ESS4e04_6-ESS5e03_6-ESS6e02_7-ESS11e04_2-subset.sav,,all eligible adults,,,52.45991118282318,1.602858782756457,49.316302317585695,55.60352004806066,1798.0,1798.0,1845.0,975.6709010464692,1797.102615531534,True,Approximate weighted respondent linearization; PSU/stratum unavailable in supplied file,ess_affirmative_shares.csv,,3aef7081ad1e48f989b7c93ef68f05e922159010a21d894d10d83899b764a852,,,All,,,,,,,,,,,,4.0,2009,ordinal,insfben,ESS integrated round,1844.0,Latest verified Ukrainian observation for this question in audited sources
ESS,2009,lbenent,Many with very low incomes get less benefit than legally entitled to?,Agree / agree strongly,Related,,,,,,ESS2e03_6-ESS3e03_7-ESS4e04_6-ESS5e03_6-ESS6e02_7-ESS11e04_2-subset.sav,,all eligible adults,,,54.51727308150552,1.6059263295360242,51.36764798617058,57.66689817684045,1798.0,1798.0,1845.0,975.6709010464692,1797.102615531534,True,Approximate weighted respondent linearization; PSU/stratum unavailable in supplied file,ess_affirmative_shares.csv,,3aef7081ad1e48f989b7c93ef68f05e922159010a21d894d10d83899b764a852,,,All,,,,,,,,,,,,4.0,2009,ordinal,lbenent,ESS integrated round,1844.0,Latest verified Ukrainian observation for this question in audited sources
ESS,2009,prtsick,Employees often pretend they are sick to stay at home?,Agree / agree strongly,Related,,,,,,ESS2e03_6-ESS3e03_7-ESS4e04_6-ESS5e03_6-ESS6e02_7-ESS11e04_2-subset.sav,,all eligible adults,,,21.33173829473617,1.2724934799204892,18.83605880789097,23.82741778158136,1798.0,1798.0,1845.0,975.6709010464692,1797.102615531534,True,Approximate weighted respondent linearization; PSU/stratum unavailable in supplied file,ess_affirmative_shares.csv,,3aef7081ad1e48f989b7c93ef68f05e922159010a21d894d10d83899b764a852,,,All,,,,,,,,,,,,4.0,2009,ordinal,prtsick,ESS integrated round,1844.0,Latest verified Ukrainian observation for this question in audited sources
ESS,2005,tstfnch,Trust financial companies/bank/insurers deal honestly with you?,6–10 on the original 0–10 scale (above its midpoint),Related,,,,,,ESS2e03_6-ESS3e03_7-ESS4e04_6-ESS5e03_6-ESS6e02_7-ESS11e04_2-subset.sav,,all eligible adults,,,24.462597920713662,1.287128615168307,21.93836716264728,26.98682867878005,1984.0,1984.0,2031.0,1169.8798685138213,1956.9689107760787,True,Approximate weighted respondent linearization; PSU/stratum unavailable in supplied file,ess_affirmative_shares.csv,,3aef7081ad1e48f989b7c93ef68f05e922159010a21d894d10d83899b764a852,,,All,,,,,,,,,,,,2.0,2005,numeric,tstfnch,ESS integrated round,2030.0,Latest verified Ukrainian observation for this question in audited sources
ESS,2005,tstpboh,Trust public officials deal honestly with you?,6–10 on the original 0–10 scale (above its midpoint),Related,,,,,,ESS2e03_6-ESS3e03_7-ESS4e04_6-ESS5e03_6-ESS6e02_7-ESS11e04_2-subset.sav,,all eligible adults,,,17.27185795087818,1.103653078175593,15.107447173792636,19.43626872796372,1984.0,1984.0,2031.0,1169.8798685138213,1956.9689107760787,True,Approximate weighted respondent linearization; PSU/stratum unavailable in supplied file,ess_affirmative_shares.csv,,3aef7081ad1e48f989b7c93ef68f05e922159010a21d894d10d83899b764a852,,,All,,,,,,,,,,,,2.0,2005,numeric,tstpboh,ESS integrated round,2030.0,Latest verified Ukrainian observation for this question in audited sources
ESS,2005,tstrprh,Trust plumber/builder/mechanic/other repairer deal honestly with you?,6–10 on the original 0–10 scale (above its midpoint),Related,,,,,,ESS2e03_6-ESS3e03_7-ESS4e04_6-ESS5e03_6-ESS6e02_7-ESS11e04_2-subset.sav,,all eligible adults,,,20.74890699331977,1.2371682662287438,18.322655138053623,23.17515884858592,1984.0,1984.0,2031.0,1169.8798685138213,1956.9689107760787,True,Approximate weighted respondent linearization; PSU/stratum unavailable in supplied file,ess_affirmative_shares.csv,,3aef7081ad1e48f989b7c93ef68f05e922159010a21d894d10d83899b764a852,,,All,,,,,,,,,,,,2.0,2005,numeric,tstrprh,ESS integrated round,2030.0,Latest verified Ukrainian observation for this question in audited sources
ISSP,2019,aid_tax,People in wealthy countries should pay additional tax to help poorer countries?,Agree,Policy,,,,,,ZA7810_v1-0-0.sav,,all eligible adults,,,47.644841217483965,1.2381130998022083,45.21671468900233,50.0729677459656,2001.0,2001.0,2001.0,1624.113195252279,2000.9999999999995,True,Approximate weighted respondent linearization; PSU/stratum unavailable in supplied file,issp_affirmative_shares.csv,,694abfea6f4a06ec211c0e24428d0bce0acc0f3eff4453f98f44c99641d2bb43,,,All,,,,,,,,,,,,,,ordinal,v34,,2000.0,Latest verified Ukrainian observation for this question in audited sources
ISSP,2019,buy_education,Is it fair that richer people can buy better education for their children?,Fair,Policy,,,,,,ZA7810_v1-0-0.sav,,all eligible adults,,,26.30777160804368,1.1633053775317,24.02635430589147,28.58918891019589,2001.0,2001.0,2001.0,1624.113195252279,2000.9999999999995,True,Approximate weighted respondent linearization; PSU/stratum unavailable in supplied file,issp_affirmative_shares.csv,,694abfea6f4a06ec211c0e24428d0bce0acc0f3eff4453f98f44c99641d2bb43,,,All,,,,,,,,,,,,,,ordinal,v31,,2000.0,Latest verified Ukrainian observation for this question in audited sources
ISSP,2019,buy_health,Is it fair that richer people can buy better healthcare?,Fair,Policy,,,,,,ZA7810_v1-0-0.sav,,all eligible adults,,,26.801171669108797,1.183885120858818,24.47939438632969,29.122948951887896,2001.0,2001.0,2001.0,1624.113195252279,2000.9999999999995,True,Approximate weighted respondent linearization; PSU/stratum unavailable in supplied file,issp_affirmative_shares.csv,,694abfea6f4a06ec211c0e24428d0bce0acc0f3eff4453f98f44c99641d2bb43,,,All,,,,,,,,,,,,,,ordinal,v30,,2000.0,Latest verified Ukrainian observation for this question in audited sources
ISSP,2019,company_pay_gap,Companies should reduce differences in employee pay?,Agree,Policy,,,,,,ZA7810_v1-0-0.sav,,all eligible adults,,,74.95366497050432,1.0710624724964624,72.85314991776377,77.05418002324487,2001.0,2001.0,2001.0,1624.113195252279,2000.9999999999995,True,Approximate weighted respondent linearization; PSU/stratum unavailable in supplied file,issp_affirmative_shares.csv,,694abfea6f4a06ec211c0e24428d0bce0acc0f3eff4453f98f44c99641d2bb43,,,All,,,,,,,,,,,,,,ordinal,v24,,2000.0,Latest verified Ukrainian observation for this question in audited sources
ISSP,2009,cut_poor_benefits,Government should spend less on benefits for poor people?,Agree,Policy,,,,,,ZA5400_v4-0-0.sav,,all eligible adults,,,11.040284075860994,0.7372966799835738,9.59433887213685,12.486229279585135,2012.0,2012.0,2012.0,1829.3848508727403,2012.0000000000048,True,Approximate weighted respondent linearization; PSU/stratum unavailable in supplied file,issp_affirmative_shares.csv,,ff5bd2c5c8c7ba6e8e7ba11541b464be2d464ddfa95385d74507f226bbbaaa2d,,,All,,,,,,,,,,,,,,ordinal,V35,,2011.0,Latest verified Ukrainian observation for this question in audited sources
ISSP,2019,inequality_prosperity,Large income differences are necessary for prosperity?,Agree,Policy,,,,,,ZA7810_v1-0-0.sav,,all eligible adults,,,26.660220346156454,1.1232674402153902,24.45732347784744,28.86311721446547,2001.0,2001.0,2001.0,1624.113195252279,2000.9999999999995,True,Approximate weighted respondent linearization; PSU/stratum unavailable in supplied file,issp_affirmative_shares.csv,,694abfea6f4a06ec211c0e24428d0bce0acc0f3eff4453f98f44c99641d2bb43,,,All,,,,,,,,,,,,,,ordinal,v63,,2000.0,Latest verified Ukrainian observation for this question in audited sources
ISSP,2019,labour_migration,People from poor countries should be allowed to work in wealthy countries?,Agree,Policy,,,,,,ZA7810_v1-0-0.sav,,all eligible adults,,,79.6260707427945,1.0295561842845191,77.60695578146913,81.64518570411987,2001.0,2001.0,2001.0,1624.113195252279,2000.9999999999995,True,Approximate weighted respondent linearization; PSU/stratum unavailable in supplied file,issp_affirmative_shares.csv,,694abfea6f4a06ec211c0e24428d0bce0acc0f3eff4453f98f44c99641d2bb43,,,All,,,,,,,,,,,,,,ordinal,v35,,2000.0,Latest verified Ukrainian observation for this question in audited sources
ISSP,2019,pay_children,What should determine pay: children to support?,Essential / very important,Policy,,,,,,ZA7810_v1-0-0.sav,,all eligible adults,,,41.18825647394333,1.2242819368565083,38.78725494209857,43.589258005788096,2001.0,2001.0,2001.0,1624.113195252279,2000.9999999999995,True,Approximate weighted respondent linearization; PSU/stratum unavailable in supplied file,issp_affirmative_shares.csv,,694abfea6f4a06ec211c0e24428d0bce0acc0f3eff4453f98f44c99641d2bb43,,,All,,,,,,,,,,,,,,ordinal,v46,,2000.0,Latest verified Ukrainian observation for this question in audited sources
ISSP,2019,pay_education,What should determine pay: education and training?,Essential / very important,Policy,,,,,,ZA7810_v1-0-0.sav,,all eligible adults,,,56.90353763902931,1.2217224560026383,54.5075556351755,59.29951964288312,2001.0,2001.0,2001.0,1624.113195252279,2000.9999999999995,True,Approximate weighted respondent linearization; PSU/stratum unavailable in supplied file,issp_affirmative_shares.csv,,694abfea6f4a06ec211c0e24428d0bce0acc0f3eff4453f98f44c99641d2bb43,,,All,,,,,,,,,,,,,,ordinal,v45,,2000.0,Latest verified Ukrainian observation for this question in audited sources
ISSP,2009,pay_effort,What should determine pay: how hard the person works?,Essential / very important,Policy,,,,,,ZA5400_v4-0-0.sav,,all eligible adults,,,75.27902393036094,1.012179964268325,73.29399293215806,77.26405492856381,2012.0,2012.0,2012.0,1829.3848508727403,2012.0000000000048,True,Approximate weighted respondent linearization; PSU/stratum unavailable in supplied file,issp_affirmative_shares.csv,,ff5bd2c5c8c7ba6e8e7ba11541b464be2d464ddfa95385d74507f226bbbaaa2d,,,All,,,,,,,,,,,,,,ordinal,V52,,2011.0,Latest verified Ukrainian observation for this question in audited sources
ISSP,2009,pay_family,What should determine pay: what is needed to support a family?,Essential / very important,Policy,,,,,,ZA5400_v4-0-0.sav,,all eligible adults,,,51.68590789184729,1.169257016288881,49.39282612364867,53.97898966004592,2012.0,2012.0,2012.0,1829.3848508727403,2012.0000000000048,True,Approximate weighted respondent linearization; PSU/stratum unavailable in supplied file,issp_affirmative_shares.csv,,ff5bd2c5c8c7ba6e8e7ba11541b464be2d464ddfa95385d74507f226bbbaaa2d,,,All,,,,,,,,,,,,,,ordinal,V49,,2011.0,Latest verified Ukrainian observation for this question in audited sources
ISSP,2019,pay_performance,What should determine pay: how well the job is done?,Essential / very important,Policy,,,,,,ZA7810_v1-0-0.sav,,all eligible adults,,,77.41432142788007,1.0040831589555628,75.44516291122183,79.38347994453831,2001.0,2001.0,2001.0,1624.113195252279,2000.9999999999995,True,Approximate weighted respondent linearization; PSU/stratum unavailable in supplied file,issp_affirmative_shares.csv,,694abfea6f4a06ec211c0e24428d0bce0acc0f3eff4453f98f44c99641d2bb43,,,All,,,,,,,,,,,,,,ordinal,v47,,2000.0,Latest verified Ukrainian observation for this question in audited sources
ISSP,2019,pay_responsibility,What should determine pay: job responsibility?,Essential / very important,Policy,,,,,,ZA7810_v1-0-0.sav,,all eligible adults,,,74.9694406034581,1.0538940116511448,72.9025954918872,77.036285715029,2001.0,2001.0,2001.0,1624.113195252279,2000.9999999999995,True,Approximate weighted respondent linearization; PSU/stratum unavailable in supplied file,issp_affirmative_shares.csv,,694abfea6f4a06ec211c0e24428d0bce0acc0f3eff4453f98f44c99641d2bb43,,,All,,,,,,,,,,,,,,ordinal,v44,,2000.0,Latest verified Ukrainian observation for this question in audited sources
ISSP,2019,redistribution,Government should reduce income differences?,Agree,Policy,,,,,,ZA7810_v1-0-0.sav,,all eligible adults,,,85.64373515578296,0.8840690962729681,83.90994231729825,87.37752799426768,2001.0,2001.0,2001.0,1624.113195252279,2000.9999999999995,True,Approximate weighted respondent linearization; PSU/stratum unavailable in supplied file,issp_affirmative_shares.csv,,694abfea6f4a06ec211c0e24428d0bce0acc0f3eff4453f98f44c99641d2bb43,,,All,,,,,,,,,,,,,,ordinal,v22,,2000.0,Latest verified Ukrainian observation for this question in audited sources
ISSP,2019,responsibility,Who should have the greatest responsibility for reducing income differences?,Government has greatest responsibility,Policy,,,,,,ZA7810_v1-0-0.sav,,all eligible adults,,,79.36104933095653,1.0334673447774652,77.33426399399941,81.38783466791365,2001.0,2001.0,2001.0,1624.113195252279,2000.9999999999995,True,Approximate weighted respondent linearization; PSU/stratum unavailable in supplied file,issp_affirmative_shares.csv,,694abfea6f4a06ec211c0e24428d0bce0acc0f3eff4453f98f44c99641d2bb43,,,All,,,,,,,,,,,,,,nominal,v25,,2000.0,Latest verified Ukrainian observation for this question in audited sources
ISSP,2019,skill_premium,Workers need extra pay to acquire skills and qualifications?,Agree,Policy,,,,,,ZA7810_v1-0-0.sav,,all eligible adults,,,73.49662337213704,1.0574195640198771,71.42286412062575,75.57038262364833,2001.0,2001.0,2001.0,1624.113195252279,2000.9999999999995,True,Approximate weighted respondent linearization; PSU/stratum unavailable in supplied file,issp_affirmative_shares.csv,,694abfea6f4a06ec211c0e24428d0bce0acc0f3eff4453f98f44c99641d2bb43,,,All,,,,,,,,,,,,,,ordinal,v62,,2000.0,Latest verified Ukrainian observation for this question in audited sources
ISSP,2019,society_ideal,Which shape of society would you prefer for Ukraine?,"Type D: most people in the middle (named preference, not a pro-market score)",Policy,,,,,,ZA7810_v1-0-0.sav,,all eligible adults,,,36.64470852506513,1.198795565302849,34.2936896118471,38.995727438283154,2001.0,2001.0,2001.0,1624.113195252279,2000.9999999999995,True,Approximate weighted respondent linearization; PSU/stratum unavailable in supplied file,issp_affirmative_shares.csv,,694abfea6f4a06ec211c0e24428d0bce0acc0f3eff4453f98f44c99641d2bb43,,,All,,,,,,,,,,,,,,nominal,v49,,2000.0,Latest verified Ukrainian observation for this question in audited sources
ISSP,2019,tax_rich,"Should richer people pay higher, the same or lower taxes?",Higher taxes,Policy,,,,,,ZA7810_v1-0-0.sav,,all eligible adults,,,78.4862995314572,1.0587701051741505,76.40989166504554,80.56270739786888,2001.0,2001.0,2001.0,1624.113195252279,2000.9999999999995,True,Approximate weighted respondent linearization; PSU/stratum unavailable in supplied file,issp_affirmative_shares.csv,,694abfea6f4a06ec211c0e24428d0bce0acc0f3eff4453f98f44c99641d2bb43,,,All,,,,,,,,,,,,,,ordinal,v28,,2000.0,Latest verified Ukrainian observation for this question in audited sources
ISSP,2019,unemployed_living,Government should provide a decent living for unemployed people?,Agree,Policy,,,,,,ZA7810_v1-0-0.sav,,all eligible adults,,,84.45148734903535,0.8941508100229958,82.69792274930127,86.20505194876942,2001.0,2001.0,2001.0,1624.113195252279,2000.9999999999995,True,Approximate weighted respondent linearization; PSU/stratum unavailable in supplied file,issp_affirmative_shares.csv,,694abfea6f4a06ec211c0e24428d0bce0acc0f3eff4453f98f44c99641d2bb43,,,All,,,,,,,,,,,,,,ordinal,v23,,2000.0,Latest verified Ukrainian observation for this question in audited sources
ISSP,2009,ahead_ambition,Importance for getting ahead: having ambition?,Essential / very important,Related,,,,,,ZA5400_v4-0-0.sav,,all eligible adults,,,44.665741953250695,1.1620533766779948,42.38678756203273,46.94469634446866,2012.0,2012.0,2012.0,1829.3848508727403,2012.0000000000048,True,Approximate weighted respondent linearization; PSU/stratum unavailable in supplied file,issp_affirmative_shares.csv,,ff5bd2c5c8c7ba6e8e7ba11541b464be2d464ddfa95385d74507f226bbbaaa2d,,,All,,,,,,,,,,,,,,ordinal,V9,,2011.0,Latest verified Ukrainian observation for this question in audited sources
ISSP,2019,ahead_bribes,Importance for getting ahead: giving bribes?,Essential / very important,Related,,,,,,ZA7810_v1-0-0.sav,,all eligible adults,,,7.091837966137225,0.676999207505612,5.764140411068929,8.419535521205521,2001.0,2001.0,2001.0,1624.113195252279,2000.9999999999995,True,Approximate weighted respondent linearization; PSU/stratum unavailable in supplied file,issp_affirmative_shares.csv,,694abfea6f4a06ec211c0e24428d0bce0acc0f3eff4453f98f44c99641d2bb43,,,All,,,,,,,,,,,,,,ordinal,v7,,2000.0,Latest verified Ukrainian observation for this question in audited sources
ISSP,2019,ahead_connections,Importance for getting ahead: knowing the right people?,Essential / very important,Related,,,,,,ZA7810_v1-0-0.sav,,all eligible adults,,,44.4878360915236,1.2489717100152906,42.03841419065228,46.93725799239491,2001.0,2001.0,2001.0,1624.113195252279,2000.9999999999995,True,Approximate weighted respondent linearization; PSU/stratum unavailable in supplied file,issp_affirmative_shares.csv,,694abfea6f4a06ec211c0e24428d0bce0acc0f3eff4453f98f44c99641d2bb43,,,All,,,,,,,,,,,,,,ordinal,v5,,2000.0,Latest verified Ukrainian observation for this question in audited sources
ISSP,2019,ahead_education,Importance for getting ahead: having a good education?,Essential / very important,Related,,,,,,ZA7810_v1-0-0.sav,,all eligible adults,,,56.11796085473498,1.2226231666228635,53.72021242150424,58.51570928796572,2001.0,2001.0,2001.0,1624.113195252279,2000.9999999999995,True,Approximate weighted respondent linearization; PSU/stratum unavailable in supplied file,issp_affirmative_shares.csv,,694abfea6f4a06ec211c0e24428d0bce0acc0f3eff4453f98f44c99641d2bb43,,,All,,,,,,,,,,,,,,ordinal,v3,,2000.0,Latest verified Ukrainian observation for this question in audited sources
ISSP,2019,ahead_gender,Importance for getting ahead: being born a man or woman?,Essential / very important,Related,,,,,,ZA7810_v1-0-0.sav,,all eligible adults,,,9.84155075095641,0.7663826207208161,8.338558841221529,11.34454266069129,2001.0,2001.0,2001.0,1624.113195252279,2000.9999999999995,True,Approximate weighted respondent linearization; PSU/stratum unavailable in supplied file,issp_affirmative_shares.csv,,694abfea6f4a06ec211c0e24428d0bce0acc0f3eff4453f98f44c99641d2bb43,,,All,,,,,,,,,,,,,,ordinal,v10,,2000.0,Latest verified Ukrainian observation for this question in audited sources
ISSP,2019,ahead_parents,Importance for getting ahead: having well-educated parents?,Essential / very important,Related,,,,,,ZA7810_v1-0-0.sav,,all eligible adults,,,32.80466001745741,1.1871922778971304,30.476396900920577,35.13292313399424,2001.0,2001.0,2001.0,1624.113195252279,2000.9999999999995,True,Approximate weighted respondent linearization; PSU/stratum unavailable in supplied file,issp_affirmative_shares.csv,,694abfea6f4a06ec211c0e24428d0bce0acc0f3eff4453f98f44c99641d2bb43,,,All,,,,,,,,,,,,,,ordinal,v2,,2000.0,Latest verified Ukrainian observation for this question in audited sources
ISSP,2019,ahead_political,Importance for getting ahead: political connections?,Essential / very important,Related,,,,,,ZA7810_v1-0-0.sav,,all eligible adults,,,19.64736788495362,1.053748013238621,17.580809098290057,21.713926671617184,2001.0,2001.0,2001.0,1624.113195252279,2000.9999999999995,True,Approximate weighted respondent linearization; PSU/stratum unavailable in supplied file,issp_affirmative_shares.csv,,694abfea6f4a06ec211c0e24428d0bce0acc0f3eff4453f98f44c99641d2bb43,,,All,,,,,,,,,,,,,,ordinal,v6,,2000.0,Latest verified Ukrainian observation for this question in audited sources
ISSP,2019,ahead_race,Importance for getting ahead: ethnic background (nationality)?,Essential / very important,Related,,,,,,ZA7810_v1-0-0.sav,,all eligible adults,,,11.465902671762056,0.8033163120945448,9.890478222678688,13.041327120845429,2001.0,2001.0,2001.0,1624.113195252279,2000.9999999999995,True,Approximate weighted respondent linearization; PSU/stratum unavailable in supplied file,issp_affirmative_shares.csv,,694abfea6f4a06ec211c0e24428d0bce0acc0f3eff4453f98f44c99641d2bb43,,,All,,,,,,,,,,,,,,ordinal,v8,,2000.0,Latest verified Ukrainian observation for this question in audited sources
ISSP,2019,ahead_religion,Importance for getting ahead: a person’s religion?,Essential / very important,Related,,,,,,ZA7810_v1-0-0.sav,,all eligible adults,,,11.761575266522314,0.7980794883084338,10.196421018733211,13.326729514311417,2001.0,2001.0,2001.0,1624.113195252279,2000.9999999999995,True,Approximate weighted respondent linearization; PSU/stratum unavailable in supplied file,issp_affirmative_shares.csv,,694abfea6f4a06ec211c0e24428d0bce0acc0f3eff4453f98f44c99641d2bb43,,,All,,,,,,,,,,,,,,ordinal,v9,,2000.0,Latest verified Ukrainian observation for this question in audited sources
ISSP,2019,ahead_wealth,Importance for getting ahead: coming from a wealthy family?,Essential / very important,Related,,,,,,ZA7810_v1-0-0.sav,,all eligible adults,,,26.841400933276294,1.1321457518610338,24.62109235674906,29.061709509803528,2001.0,2001.0,2001.0,1624.113195252279,2000.9999999999995,True,Approximate weighted respondent linearization; PSU/stratum unavailable in supplied file,issp_affirmative_shares.csv,,694abfea6f4a06ec211c0e24428d0bce0acc0f3eff4453f98f44c99641d2bb43,,,All,,,,,,,,,,,,,,ordinal,v1,,2000.0,Latest verified Ukrainian observation for this question in audited sources
ISSP,2019,ahead_work,Importance for getting ahead: hard work?,Essential / very important,Related,,,,,,ZA7810_v1-0-0.sav,,all eligible adults,,,48.85228692568098,1.241631082056604,46.41726110339493,51.28731274796703,2001.0,2001.0,2001.0,1624.113195252279,2000.9999999999995,True,Approximate weighted respondent linearization; PSU/stratum unavailable in supplied file,issp_affirmative_shares.csv,,694abfea6f4a06ec211c0e24428d0bce0acc0f3eff4453f98f44c99641d2bb43,,,All,,,,,,,,,,,,,,ordinal,v4,,2000.0,Latest verified Ukrainian observation for this question in audited sources
ISSP,2019,anger,How angry do differences in wealth between rich and poor make you?,6–10 (above the scale midpoint),Related,,,,,,ZA7810_v1-0-0.sav,,all eligible adults,,,33.95128645884635,1.1546267924224167,31.68688917105058,36.215683746642114,2001.0,2001.0,2001.0,1624.113195252279,2000.9999999999995,True,Approximate weighted respondent linearization; PSU/stratum unavailable in supplied file,issp_affirmative_shares.csv,,694abfea6f4a06ec211c0e24428d0bce0acc0f3eff4453f98f44c99641d2bb43,,,All,,,,,,,,,,,,,,numeric,v32,,2000.0,Latest verified Ukrainian observation for this question in audited sources
ISSP,2008,business_confidence,Confidence in business and industry?,High confidence,Related,,,,,,ZA4950_v2-3-0.sav,,all eligible adults,,,8.571132436124875,0.6703949223935913,7.256400572704993,9.88586429954476,2036.0,2036.0,2036.0,1875.7172746880308,2035.9998320000004,True,Approximate weighted respondent linearization; PSU/stratum unavailable in supplied file,issp_affirmative_shares.csv,,ac5927d0ff1cc1ce56f46fc7ad242684e9bb3a95654df459df7ba64e1d3feb16,,,All,,,,,,,,,,,,,,ordinal,V15,,2035.0,Latest verified Ukrainian observation for this question in audited sources
ISSP,2019,conflict_class,How much conflict is there between working and middle classes?,Strong conflicts,Related,,,,,,ZA7810_v1-0-0.sav,,all eligible adults,,,18.087074321251265,0.965342741946046,16.19389160541468,19.98025703708785,2001.0,2001.0,2001.0,1624.113195252279,2000.9999999999995,True,Approximate weighted respondent linearization; PSU/stratum unavailable in supplied file,issp_affirmative_shares.csv,,694abfea6f4a06ec211c0e24428d0bce0acc0f3eff4453f98f44c99641d2bb43,,,All,,,,,,,,,,,,,,ordinal,v37,,2000.0,Latest verified Ukrainian observation for this question in audited sources
ISSP,2019,conflict_management,How much conflict is there between management and workers?,Strong conflicts,Related,,,,,,ZA7810_v1-0-0.sav,,all eligible adults,,,36.224232783528585,1.1996926217751904,33.871454607268774,38.5770109597884,2001.0,2001.0,2001.0,1624.113195252279,2000.9999999999995,True,Approximate weighted respondent linearization; PSU/stratum unavailable in supplied file,issp_affirmative_shares.csv,,694abfea6f4a06ec211c0e24428d0bce0acc0f3eff4453f98f44c99641d2bb43,,,All,,,,,,,,,,,,,,ordinal,v38,,2000.0,Latest verified Ukrainian observation for this question in audited sources
ISSP,2019,conflict_rich_poor,How much conflict is there between rich and poor?,Strong conflicts,Related,,,,,,ZA7810_v1-0-0.sav,,all eligible adults,,,48.083465171720064,1.241445004506494,45.64880427557513,50.518126067865,2001.0,2001.0,2001.0,1624.113195252279,2000.9999999999995,True,Approximate weighted respondent linearization; PSU/stratum unavailable in supplied file,issp_affirmative_shares.csv,,694abfea6f4a06ec211c0e24428d0bce0acc0f3eff4453f98f44c99641d2bb43,,,All,,,,,,,,,,,,,,ordinal,v36,,2000.0,Latest verified Ukrainian observation for this question in audited sources
ISSP,2009,conflict_top_bottom,How much conflict is there between top and bottom of society?,Strong conflicts,Related,,,,,,ZA5400_v4-0-0.sav,,all eligible adults,,,48.69628141112667,1.168913019262663,46.40387427074566,50.98868855150768,2012.0,2012.0,2012.0,1829.3848508727403,2012.0000000000048,True,Approximate weighted respondent linearization; PSU/stratum unavailable in supplied file,issp_affirmative_shares.csv,,ff5bd2c5c8c7ba6e8e7ba11541b464be2d464ddfa95385d74507f226bbbaaa2d,,,All,,,,,,,,,,,,,,ordinal,V43,,2011.0,Latest verified Ukrainian observation for this question in audited sources
ISSP,2009,corrupt_to_top,Getting to the top requires being corrupt?,Agree,Related,,,,,,ZA5400_v4-0-0.sav,,all eligible adults,,,56.95238533846825,1.1561522761083076,54.68500385717526,59.21976681976123,2012.0,2012.0,2012.0,1829.3848508727403,2012.0000000000048,True,Approximate weighted respondent linearization; PSU/stratum unavailable in supplied file,issp_affirmative_shares.csv,,ff5bd2c5c8c7ba6e8e7ba11541b464be2d464ddfa95385d74507f226bbbaaa2d,,,All,,,,,,,,,,,,,,ordinal,V17,,2011.0,Latest verified Ukrainian observation for this question in audited sources
ISSP,2009,elite_school_access,Students from the best secondary schools have the best chances of university education?,Agree,Related,,,,,,ZA5400_v4-0-0.sav,,all eligible adults,,,48.78611849592155,1.1689031409280857,46.49373072838039,51.07850626346271,2012.0,2012.0,2012.0,1829.3848508727403,2012.0000000000048,True,Approximate weighted respondent linearization; PSU/stratum unavailable in supplied file,issp_affirmative_shares.csv,,ff5bd2c5c8c7ba6e8e7ba11541b464be2d464ddfa95385d74507f226bbbaaa2d,,,All,,,,,,,,,,,,,,ordinal,V18,,2011.0,Latest verified Ukrainian observation for this question in audited sources
ISSP,2009,equal_university,People have equal chances of entering university regardless of background?,Agree,Related,,,,,,ZA5400_v4-0-0.sav,,all eligible adults,,,29.104215998878978,1.0611790442797056,27.023090732720185,31.18534126503777,2012.0,2012.0,2012.0,1829.3848508727403,2012.0000000000048,True,Approximate weighted respondent linearization; PSU/stratum unavailable in supplied file,issp_affirmative_shares.csv,,ff5bd2c5c8c7ba6e8e7ba11541b464be2d464ddfa95385d74507f226bbbaaa2d,,,All,,,,,,,,,,,,,,ordinal,V20,,2011.0,Latest verified Ukrainian observation for this question in audited sources
ISSP,2019,global_gap,Economic differences between rich and poor countries are too large?,Agree,Related,,,,,,ZA7810_v1-0-0.sav,,all eligible adults,,,90.41380941285972,0.7224964845846175,88.99688483526268,91.8307339904568,2001.0,2001.0,2001.0,1624.113195252279,2000.9999999999995,True,Approximate weighted respondent linearization; PSU/stratum unavailable in supplied file,issp_affirmative_shares.csv,,694abfea6f4a06ec211c0e24428d0bce0acc0f3eff4453f98f44c99641d2bb43,,,All,,,,,,,,,,,,,,ordinal,v33,,2000.0,Latest verified Ukrainian observation for this question in audited sources
ISSP,2019,gov_success,Is government successful in reducing income differences?,Successful,Related,,,,,,ZA7810_v1-0-0.sav,,all eligible adults,,,8.151418006039833,0.7239576588674984,6.731627845290824,9.571208166788844,2001.0,2001.0,2001.0,1624.113195252279,2000.9999999999995,True,Approximate weighted respondent linearization; PSU/stratum unavailable in supplied file,issp_affirmative_shares.csv,,694abfea6f4a06ec211c0e24428d0bce0acc0f3eff4453f98f44c99641d2bb43,,,All,,,,,,,,,,,,,,ordinal,v27,,2000.0,Latest verified Ukrainian observation for this question in audited sources
ISSP,2019,income_fair,Is the income distribution in Ukraine fair?,Fair,Related,,,,,,ZA7810_v1-0-0.sav,,all eligible adults,,,5.71490282952656,0.6232205813220667,4.492673271624617,6.937132387428503,2001.0,2001.0,2001.0,1624.113195252279,2000.9999999999995,True,Approximate weighted respondent linearization; PSU/stratum unavailable in supplied file,issp_affirmative_shares.csv,,694abfea6f4a06ec211c0e24428d0bce0acc0f3eff4453f98f44c99641d2bb43,,,All,,,,,,,,,,,,,,ordinal,v50,,2000.0,Latest verified Ukrainian observation for this question in audited sources
ISSP,2019,income_gap,Income differences are too large?,Agree,Related,,,,,,ZA7810_v1-0-0.sav,,all eligible adults,,,92.6841111320214,0.6532134717060449,91.4030609923658,93.96516127167698,2001.0,2001.0,2001.0,1624.113195252279,2000.9999999999995,True,Approximate weighted respondent linearization; PSU/stratum unavailable in supplied file,issp_affirmative_shares.csv,,694abfea6f4a06ec211c0e24428d0bce0acc0f3eff4453f98f44c99641d2bb43,,,All,,,,,,,,,,,,,,ordinal,v21,,2000.0,Latest verified Ukrainian observation for this question in audited sources
ISSP,2019,inequality_collective,Inequality persists because ordinary people do not unite against it?,Agree,Related,,,,,,ZA7810_v1-0-0.sav,,all eligible adults,,,60.76422140502919,1.2139392707159602,58.38350340143003,63.144939408628346,2001.0,2001.0,2001.0,1624.113195252279,2000.9999999999995,True,Approximate weighted respondent linearization; PSU/stratum unavailable in supplied file,issp_affirmative_shares.csv,,694abfea6f4a06ec211c0e24428d0bce0acc0f3eff4453f98f44c99641d2bb43,,,All,,,,,,,,,,,,,,ordinal,v65,,2000.0,Latest verified Ukrainian observation for this question in audited sources
ISSP,2019,inequality_power,Inequality persists because it benefits the rich and powerful?,Agree,Related,,,,,,ZA7810_v1-0-0.sav,,all eligible adults,,,67.89882629266204,1.1324188284569832,65.67798217174307,70.119670413581,2001.0,2001.0,2001.0,1624.113195252279,2000.9999999999995,True,Approximate weighted respondent linearization; PSU/stratum unavailable in supplied file,issp_affirmative_shares.csv,,694abfea6f4a06ec211c0e24428d0bce0acc0f3eff4453f98f44c99641d2bb43,,,All,,,,,,,,,,,,,,ordinal,v64,,2000.0,Latest verified Ukrainian observation for this question in audited sources
ISSP,2019,politicians_indifferent,Politicians do not care about reducing income differences?,Agree,Related,,,,,,ZA7810_v1-0-0.sav,,all eligible adults,,,86.58331205135124,0.8193387273751058,84.9764652293043,88.19015887339819,2001.0,2001.0,2001.0,1624.113195252279,2000.9999999999995,True,Approximate weighted respondent linearization; PSU/stratum unavailable in supplied file,issp_affirmative_shares.csv,,694abfea6f4a06ec211c0e24428d0bce0acc0f3eff4453f98f44c99641d2bb43,,,All,,,,,,,,,,,,,,ordinal,v26,,2000.0,Latest verified Ukrainian observation for this question in audited sources
ISSP,2009,rich_university,Only the rich can afford university?,Agree,Related,,,,,,ZA5400_v4-0-0.sav,,all eligible adults,,,64.42839600473954,1.1183443157865456,62.23516139047308,66.621630619006,2012.0,2012.0,2012.0,1829.3848508727403,2012.0000000000048,True,Approximate weighted respondent linearization; PSU/stratum unavailable in supplied file,issp_affirmative_shares.csv,,ff5bd2c5c8c7ba6e8e7ba11541b464be2d464ddfa95385d74507f226bbbaaa2d,,,All,,,,,,,,,,,,,,ordinal,V19,,2011.0,Latest verified Ukrainian observation for this question in audited sources
ISSP,2019,society_actual,Which diagram best describes the shape of Ukrainian society?,"Type D: most people in the middle (named preference, not a pro-market score)",Related,,,,,,ZA7810_v1-0-0.sav,,all eligible adults,,,7.164198060135726,0.6943415901892996,5.802489476940783,8.525906643330668,2001.0,2001.0,2001.0,1624.113195252279,2000.9999999999995,True,Approximate weighted respondent linearization; PSU/stratum unavailable in supplied file,issp_affirmative_shares.csv,,694abfea6f4a06ec211c0e24428d0bce0acc0f3eff4453f98f44c99641d2bb43,,,All,,,,,,,,,,,,,,nominal,v48,,2000.0,Latest verified Ukrainian observation for this question in audited sources
ISSP,2019,tax_level,Are current taxes on high incomes too high or too low?,Too high,Related,,,,,,ZA7810_v1-0-0.sav,,all eligible adults,,,11.90965388826856,0.8900327099817927,10.164165503832246,13.655142272704872,2001.0,2001.0,2001.0,1624.113195252279,2000.9999999999995,True,Approximate weighted respondent linearization; PSU/stratum unavailable in supplied file,issp_affirmative_shares.csv,,694abfea6f4a06ec211c0e24428d0bce0acc0f3eff4453f98f44c99641d2bb43,,,All,,,,,,,,,,,,,,ordinal,v29,,2000.0,Latest verified Ukrainian observation for this question in audited sources
