item,source_file,pdf_page,printed_page,question_code,priority,year,response,percent,within_note_period,unit,uncertainty,cell_method,source_url
existing_private_land,soc-mon-2013.pdf,449,449,an6,1,2013,dont_know,19.4,True,percent_of_all_respondents_as_published,not_published,extracted_published_percentage,https://isnasu.org.ua/assets/files/monitoring/soc-mon-2013.pdf
existing_private_land,soc-mon-2013.pdf,449,449,an6,1,2013,negative,31.7,True,percent_of_all_respondents_as_published,not_published,extracted_published_percentage,https://isnasu.org.ua/assets/files/monitoring/soc-mon-2013.pdf
existing_private_land,soc-mon-2013.pdf,449,449,an6,1,2013,no_answer,0.3,True,percent_of_all_respondents_as_published,not_published,extracted_published_percentage,https://isnasu.org.ua/assets/files/monitoring/soc-mon-2013.pdf
existing_private_land,soc-mon-2013.pdf,449,449,an6,1,2013,positive,8.6,True,percent_of_all_respondents_as_published,not_published,extracted_published_percentage,https://isnasu.org.ua/assets/files/monitoring/soc-mon-2013.pdf
existing_private_land,soc-mon-2013.pdf,449,449,an6,1,2013,rather_negative,21.6,True,percent_of_all_respondents_as_published,not_published,extracted_published_percentage,https://isnasu.org.ua/assets/files/monitoring/soc-mon-2013.pdf
existing_private_land,soc-mon-2013.pdf,449,449,an6,1,2013,rather_positive,18.4,True,percent_of_all_respondents_as_published,not_published,extracted_published_percentage,https://isnasu.org.ua/assets/files/monitoring/soc-mon-2013.pdf
existing_private_land,mon2020.pdf,445,445,a8r,3,2017,dont_know,16.9,True,percent_of_all_respondents_as_published,not_published,extracted_published_percentage,https://isnasu.org.ua/assets/files/monitoring/mon2020.pdf
existing_private_land,mon2020.pdf,445,445,a8r,3,2017,negative,19.6,True,percent_of_all_respondents_as_published,not_published,extracted_published_percentage,https://isnasu.org.ua/assets/files/monitoring/mon2020.pdf
existing_private_land,mon2020.pdf,445,445,a8r,3,2017,no_answer,0.2,True,percent_of_all_respondents_as_published,not_published,extracted_published_percentage,https://isnasu.org.ua/assets/files/monitoring/mon2020.pdf
existing_private_land,mon2020.pdf,445,445,a8r,3,2017,positive,20.5,True,percent_of_all_respondents_as_published,not_published,extracted_published_percentage,https://isnasu.org.ua/assets/files/monitoring/mon2020.pdf
existing_private_land,mon2020.pdf,445,445,a8r,3,2017,rather_negative,15.8,True,percent_of_all_respondents_as_published,not_published,extracted_published_percentage,https://isnasu.org.ua/assets/files/monitoring/mon2020.pdf
existing_private_land,mon2020.pdf,445,445,a8r,3,2017,rather_positive,27.1,True,percent_of_all_respondents_as_published,not_published,extracted_published_percentage,https://isnasu.org.ua/assets/files/monitoring/mon2020.pdf
existing_private_land,mon2020.pdf,445,445,a8r,3,2020,dont_know,25.7,True,percent_of_all_respondents_as_published,not_published,extracted_published_percentage,https://isnasu.org.ua/assets/files/monitoring/mon2020.pdf
existing_private_land,mon2020.pdf,445,445,a8r,3,2020,negative,20.5,True,percent_of_all_respondents_as_published,not_published,extracted_published_percentage,https://isnasu.org.ua/assets/files/monitoring/mon2020.pdf
existing_private_land,mon2020.pdf,445,445,a8r,3,2020,no_answer,0.5,True,percent_of_all_respondents_as_published,not_published,extracted_published_percentage,https://isnasu.org.ua/assets/files/monitoring/mon2020.pdf
existing_private_land,mon2020.pdf,445,445,a8r,3,2020,positive,19.8,True,percent_of_all_respondents_as_published,not_published,extracted_published_percentage,https://isnasu.org.ua/assets/files/monitoring/mon2020.pdf
existing_private_land,mon2020.pdf,445,445,a8r,3,2020,rather_negative,13.6,True,percent_of_all_respondents_as_published,not_published,extracted_published_percentage,https://isnasu.org.ua/assets/files/monitoring/mon2020.pdf
existing_private_land,mon2020.pdf,445,445,a8r,3,2020,rather_positive,19.9,True,percent_of_all_respondents_as_published,not_published,extracted_published_percentage,https://isnasu.org.ua/assets/files/monitoring/mon2020.pdf
existing_private_large,soc-mon-2013.pdf,449,449,an5,1,2013,dont_know,19.9,True,percent_of_all_respondents_as_published,not_published,extracted_published_percentage,https://isnasu.org.ua/assets/files/monitoring/soc-mon-2013.pdf
existing_private_large,soc-mon-2013.pdf,449,449,an5,1,2013,negative,22.0,True,percent_of_all_respondents_as_published,not_published,extracted_published_percentage,https://isnasu.org.ua/assets/files/monitoring/soc-mon-2013.pdf
existing_private_large,soc-mon-2013.pdf,449,449,an5,1,2013,no_answer,0.1,True,percent_of_all_respondents_as_published,not_published,extracted_published_percentage,https://isnasu.org.ua/assets/files/monitoring/soc-mon-2013.pdf
existing_private_large,soc-mon-2013.pdf,449,449,an5,1,2013,positive,13.0,True,percent_of_all_respondents_as_published,not_published,extracted_published_percentage,https://isnasu.org.ua/assets/files/monitoring/soc-mon-2013.pdf
existing_private_large,soc-mon-2013.pdf,449,449,an5,1,2013,rather_negative,21.1,True,percent_of_all_respondents_as_published,not_published,extracted_published_percentage,https://isnasu.org.ua/assets/files/monitoring/soc-mon-2013.pdf
existing_private_large,soc-mon-2013.pdf,449,449,an5,1,2013,rather_positive,23.8,True,percent_of_all_respondents_as_published,not_published,extracted_published_percentage,https://isnasu.org.ua/assets/files/monitoring/soc-mon-2013.pdf
existing_private_large,mon2020.pdf,445,445,a7r,3,2017,dont_know,14.2,True,percent_of_all_respondents_as_published,not_published,extracted_published_percentage,https://isnasu.org.ua/assets/files/monitoring/mon2020.pdf
existing_private_large,mon2020.pdf,445,445,a7r,3,2017,negative,15.5,True,percent_of_all_respondents_as_published,not_published,extracted_published_percentage,https://isnasu.org.ua/assets/files/monitoring/mon2020.pdf
existing_private_large,mon2020.pdf,445,445,a7r,3,2017,no_answer,0.2,True,percent_of_all_respondents_as_published,not_published,extracted_published_percentage,https://isnasu.org.ua/assets/files/monitoring/mon2020.pdf
existing_private_large,mon2020.pdf,445,445,a7r,3,2017,positive,23.6,True,percent_of_all_respondents_as_published,not_published,extracted_published_percentage,https://isnasu.org.ua/assets/files/monitoring/mon2020.pdf
existing_private_large,mon2020.pdf,445,445,a7r,3,2017,rather_negative,16.5,True,percent_of_all_respondents_as_published,not_published,extracted_published_percentage,https://isnasu.org.ua/assets/files/monitoring/mon2020.pdf
existing_private_large,mon2020.pdf,445,445,a7r,3,2017,rather_positive,30.1,True,percent_of_all_respondents_as_published,not_published,extracted_published_percentage,https://isnasu.org.ua/assets/files/monitoring/mon2020.pdf
existing_private_large,mon2020.pdf,445,445,a7r,3,2020,dont_know,21.6,True,percent_of_all_respondents_as_published,not_published,extracted_published_percentage,https://isnasu.org.ua/assets/files/monitoring/mon2020.pdf
existing_private_large,mon2020.pdf,445,445,a7r,3,2020,negative,12.3,True,percent_of_all_respondents_as_published,not_published,extracted_published_percentage,https://isnasu.org.ua/assets/files/monitoring/mon2020.pdf
existing_private_large,mon2020.pdf,445,445,a7r,3,2020,no_answer,0.5,True,percent_of_all_respondents_as_published,not_published,extracted_published_percentage,https://isnasu.org.ua/assets/files/monitoring/mon2020.pdf
existing_private_large,mon2020.pdf,445,445,a7r,3,2020,positive,22.9,True,percent_of_all_respondents_as_published,not_published,extracted_published_percentage,https://isnasu.org.ua/assets/files/monitoring/mon2020.pdf
existing_private_large,mon2020.pdf,445,445,a7r,3,2020,rather_negative,16.5,True,percent_of_all_respondents_as_published,not_published,extracted_published_percentage,https://isnasu.org.ua/assets/files/monitoring/mon2020.pdf
existing_private_large,mon2020.pdf,445,445,a7r,3,2020,rather_positive,26.2,True,percent_of_all_respondents_as_published,not_published,extracted_published_percentage,https://isnasu.org.ua/assets/files/monitoring/mon2020.pdf
existing_private_small,soc-mon-2013.pdf,448,448,an4,1,2013,dont_know,15.7,True,percent_of_all_respondents_as_published,not_published,extracted_published_percentage,https://isnasu.org.ua/assets/files/monitoring/soc-mon-2013.pdf
existing_private_small,soc-mon-2013.pdf,448,448,an4,1,2013,negative,11.7,True,percent_of_all_respondents_as_published,not_published,extracted_published_percentage,https://isnasu.org.ua/assets/files/monitoring/soc-mon-2013.pdf
existing_private_small,soc-mon-2013.pdf,448,448,an4,1,2013,no_answer,0.1,True,percent_of_all_respondents_as_published,not_published,extracted_published_percentage,https://isnasu.org.ua/assets/files/monitoring/soc-mon-2013.pdf
existing_private_small,soc-mon-2013.pdf,448,448,an4,1,2013,positive,23.1,True,percent_of_all_respondents_as_published,not_published,extracted_published_percentage,https://isnasu.org.ua/assets/files/monitoring/soc-mon-2013.pdf
existing_private_small,soc-mon-2013.pdf,448,448,an4,1,2013,rather_negative,10.4,True,percent_of_all_respondents_as_published,not_published,extracted_published_percentage,https://isnasu.org.ua/assets/files/monitoring/soc-mon-2013.pdf
existing_private_small,soc-mon-2013.pdf,448,448,an4,1,2013,rather_positive,38.9,True,percent_of_all_respondents_as_published,not_published,extracted_published_percentage,https://isnasu.org.ua/assets/files/monitoring/soc-mon-2013.pdf
existing_private_small,mon2020.pdf,445,445,a6r,3,2017,dont_know,10.4,True,percent_of_all_respondents_as_published,not_published,extracted_published_percentage,https://isnasu.org.ua/assets/files/monitoring/mon2020.pdf
existing_private_small,mon2020.pdf,445,445,a6r,3,2017,negative,5.0,True,percent_of_all_respondents_as_published,not_published,extracted_published_percentage,https://isnasu.org.ua/assets/files/monitoring/mon2020.pdf
existing_private_small,mon2020.pdf,445,445,a6r,3,2017,no_answer,0.1,True,percent_of_all_respondents_as_published,not_published,extracted_published_percentage,https://isnasu.org.ua/assets/files/monitoring/mon2020.pdf
existing_private_small,mon2020.pdf,445,445,a6r,3,2017,positive,38.6,True,percent_of_all_respondents_as_published,not_published,extracted_published_percentage,https://isnasu.org.ua/assets/files/monitoring/mon2020.pdf
existing_private_small,mon2020.pdf,445,445,a6r,3,2017,rather_negative,6.6,True,percent_of_all_respondents_as_published,not_published,extracted_published_percentage,https://isnasu.org.ua/assets/files/monitoring/mon2020.pdf
existing_private_small,mon2020.pdf,445,445,a6r,3,2017,rather_positive,39.3,True,percent_of_all_respondents_as_published,not_published,extracted_published_percentage,https://isnasu.org.ua/assets/files/monitoring/mon2020.pdf
existing_private_small,mon2020.pdf,445,445,a6r,3,2020,dont_know,18.3,True,percent_of_all_respondents_as_published,not_published,extracted_published_percentage,https://isnasu.org.ua/assets/files/monitoring/mon2020.pdf
existing_private_small,mon2020.pdf,445,445,a6r,3,2020,negative,4.2,True,percent_of_all_respondents_as_published,not_published,extracted_published_percentage,https://isnasu.org.ua/assets/files/monitoring/mon2020.pdf
existing_private_small,mon2020.pdf,445,445,a6r,3,2020,no_answer,0.2,True,percent_of_all_respondents_as_published,not_published,extracted_published_percentage,https://isnasu.org.ua/assets/files/monitoring/mon2020.pdf
existing_private_small,mon2020.pdf,445,445,a6r,3,2020,positive,38.0,True,percent_of_all_respondents_as_published,not_published,extracted_published_percentage,https://isnasu.org.ua/assets/files/monitoring/mon2020.pdf
existing_private_small,mon2020.pdf,445,445,a6r,3,2020,rather_negative,5.9,True,percent_of_all_respondents_as_published,not_published,extracted_published_percentage,https://isnasu.org.ua/assets/files/monitoring/mon2020.pdf
existing_private_small,mon2020.pdf,445,445,a6r,3,2020,rather_positive,33.4,True,percent_of_all_respondents_as_published,not_published,extracted_published_percentage,https://isnasu.org.ua/assets/files/monitoring/mon2020.pdf
land_ownership_rights,mon2020.pdf,447,447,a12r,3,2017,community_ownership,21.4,True,percent_of_all_respondents_as_published,not_published,extracted_published_percentage,https://isnasu.org.ua/assets/files/monitoring/mon2020.pdf
land_ownership_rights,mon2020.pdf,447,447,a12r,3,2017,dont_know,10.0,True,percent_of_all_respondents_as_published,not_published,extracted_published_percentage,https://isnasu.org.ua/assets/files/monitoring/mon2020.pdf
land_ownership_rights,mon2020.pdf,447,447,a12r,3,2017,full_ownership_including_sale,27.3,True,percent_of_all_respondents_as_published,not_published,extracted_published_percentage,https://isnasu.org.ua/assets/files/monitoring/mon2020.pdf
land_ownership_rights,mon2020.pdf,447,447,a12r,3,2017,inheritable_use_no_sale,23.6,True,percent_of_all_respondents_as_published,not_published,extracted_published_percentage,https://isnasu.org.ua/assets/files/monitoring/mon2020.pdf
land_ownership_rights,mon2020.pdf,447,447,a12r,3,2017,no_answer,0.1,True,percent_of_all_respondents_as_published,not_published,extracted_published_percentage,https://isnasu.org.ua/assets/files/monitoring/mon2020.pdf
land_ownership_rights,mon2020.pdf,447,447,a12r,3,2017,state_ownership,17.6,True,percent_of_all_respondents_as_published,not_published,extracted_published_percentage,https://isnasu.org.ua/assets/files/monitoring/mon2020.pdf
land_ownership_rights,mon2020.pdf,447,447,a12r,3,2019,community_ownership,15.4,True,percent_of_all_respondents_as_published,not_published,extracted_published_percentage,https://isnasu.org.ua/assets/files/monitoring/mon2020.pdf
land_ownership_rights,mon2020.pdf,447,447,a12r,3,2019,dont_know,12.4,True,percent_of_all_respondents_as_published,not_published,extracted_published_percentage,https://isnasu.org.ua/assets/files/monitoring/mon2020.pdf
land_ownership_rights,mon2020.pdf,447,447,a12r,3,2019,full_ownership_including_sale,34.3,True,percent_of_all_respondents_as_published,not_published,extracted_published_percentage,https://isnasu.org.ua/assets/files/monitoring/mon2020.pdf
land_ownership_rights,mon2020.pdf,447,447,a12r,3,2019,inheritable_use_no_sale,25.1,True,percent_of_all_respondents_as_published,not_published,extracted_published_percentage,https://isnasu.org.ua/assets/files/monitoring/mon2020.pdf
land_ownership_rights,mon2020.pdf,447,447,a12r,3,2019,no_answer,0.0,True,percent_of_all_respondents_as_published,not_published,extracted_published_percentage,https://isnasu.org.ua/assets/files/monitoring/mon2020.pdf
land_ownership_rights,mon2020.pdf,447,447,a12r,3,2019,state_ownership,12.8,True,percent_of_all_respondents_as_published,not_published,extracted_published_percentage,https://isnasu.org.ua/assets/files/monitoring/mon2020.pdf
land_ownership_rights,mon2020.pdf,447,447,a12r,3,2020,community_ownership,11.3,True,percent_of_all_respondents_as_published,not_published,extracted_published_percentage,https://isnasu.org.ua/assets/files/monitoring/mon2020.pdf
land_ownership_rights,mon2020.pdf,447,447,a12r,3,2020,dont_know,15.8,True,percent_of_all_respondents_as_published,not_published,extracted_published_percentage,https://isnasu.org.ua/assets/files/monitoring/mon2020.pdf
land_ownership_rights,mon2020.pdf,447,447,a12r,3,2020,full_ownership_including_sale,37.4,True,percent_of_all_respondents_as_published,not_published,extracted_published_percentage,https://isnasu.org.ua/assets/files/monitoring/mon2020.pdf
land_ownership_rights,mon2020.pdf,447,447,a12r,3,2020,inheritable_use_no_sale,19.2,True,percent_of_all_respondents_as_published,not_published,extracted_published_percentage,https://isnasu.org.ua/assets/files/monitoring/mon2020.pdf
land_ownership_rights,mon2020.pdf,447,447,a12r,3,2020,no_answer,0.0,True,percent_of_all_respondents_as_published,not_published,extracted_published_percentage,https://isnasu.org.ua/assets/files/monitoring/mon2020.pdf
land_ownership_rights,mon2020.pdf,447,447,a12r,3,2020,state_ownership,16.3,True,percent_of_all_respondents_as_published,not_published,extracted_published_percentage,https://isnasu.org.ua/assets/files/monitoring/mon2020.pdf
land_sales_agricultural,monitoring-2021dlya-tipografii.pdf,624,624,an11,4,2017,dont_know,12.2,True,percent_of_all_respondents_as_published,not_published,extracted_published_percentage,https://isnasu.org.ua/assets/files/monitoring/monitoring-2021dlya-tipografii.pdf
land_sales_agricultural,monitoring-2021dlya-tipografii.pdf,624,624,an11,4,2017,no,63.9,True,percent_of_all_respondents_as_published,not_published,extracted_published_percentage,https://isnasu.org.ua/assets/files/monitoring/monitoring-2021dlya-tipografii.pdf
land_sales_agricultural,monitoring-2021dlya-tipografii.pdf,624,624,an11,4,2017,no_answer,0.5,True,percent_of_all_respondents_as_published,not_published,extracted_published_percentage,https://isnasu.org.ua/assets/files/monitoring/monitoring-2021dlya-tipografii.pdf
land_sales_agricultural,monitoring-2021dlya-tipografii.pdf,624,624,an11,4,2017,yes,23.4,True,percent_of_all_respondents_as_published,not_published,extracted_published_percentage,https://isnasu.org.ua/assets/files/monitoring/monitoring-2021dlya-tipografii.pdf
land_sales_agricultural,monitoring-2021dlya-tipografii.pdf,624,624,an11,4,2019,dont_know,17.1,True,percent_of_all_respondents_as_published,not_published,extracted_published_percentage,https://isnasu.org.ua/assets/files/monitoring/monitoring-2021dlya-tipografii.pdf
land_sales_agricultural,monitoring-2021dlya-tipografii.pdf,624,624,an11,4,2019,no,51.2,True,percent_of_all_respondents_as_published,not_published,extracted_published_percentage,https://isnasu.org.ua/assets/files/monitoring/monitoring-2021dlya-tipografii.pdf
land_sales_agricultural,monitoring-2021dlya-tipografii.pdf,624,624,an11,4,2019,no_answer,0.0,True,percent_of_all_respondents_as_published,not_published,extracted_published_percentage,https://isnasu.org.ua/assets/files/monitoring/monitoring-2021dlya-tipografii.pdf
land_sales_agricultural,monitoring-2021dlya-tipografii.pdf,624,624,an11,4,2019,yes,31.7,True,percent_of_all_respondents_as_published,not_published,extracted_published_percentage,https://isnasu.org.ua/assets/files/monitoring/monitoring-2021dlya-tipografii.pdf
land_sales_agricultural,monitoring-2021dlya-tipografii.pdf,624,624,an11,4,2021,dont_know,17.7,False,percent_of_all_respondents_as_published,not_published,extracted_published_percentage,https://isnasu.org.ua/assets/files/monitoring/monitoring-2021dlya-tipografii.pdf
land_sales_agricultural,monitoring-2021dlya-tipografii.pdf,624,624,an11,4,2021,no,59.4,False,percent_of_all_respondents_as_published,not_published,extracted_published_percentage,https://isnasu.org.ua/assets/files/monitoring/monitoring-2021dlya-tipografii.pdf
land_sales_agricultural,monitoring-2021dlya-tipografii.pdf,624,624,an11,4,2021,no_answer,0.4,False,percent_of_all_respondents_as_published,not_published,extracted_published_percentage,https://isnasu.org.ua/assets/files/monitoring/monitoring-2021dlya-tipografii.pdf
land_sales_agricultural,monitoring-2021dlya-tipografii.pdf,624,624,an11,4,2021,yes,22.5,False,percent_of_all_respondents_as_published,not_published,extracted_published_percentage,https://isnasu.org.ua/assets/files/monitoring/monitoring-2021dlya-tipografii.pdf
land_sales_general,dodatki2018.pdf,4,418,a6,3,1994,dont_know,16.8,True,percent_of_all_respondents_as_published,not_published,extracted_published_percentage,https://isnasu.org.ua/assets/files/monitoring/dodatki2018.pdf
land_sales_general,dodatki2018.pdf,4,418,a6,3,1994,no,44.4,True,percent_of_all_respondents_as_published,not_published,extracted_published_percentage,https://isnasu.org.ua/assets/files/monitoring/dodatki2018.pdf
land_sales_general,dodatki2018.pdf,4,418,a6,3,1994,no_answer,0.3,True,percent_of_all_respondents_as_published,not_published,extracted_published_percentage,https://isnasu.org.ua/assets/files/monitoring/dodatki2018.pdf
land_sales_general,dodatki2018.pdf,4,418,a6,3,1994,yes,38.5,True,percent_of_all_respondents_as_published,not_published,extracted_published_percentage,https://isnasu.org.ua/assets/files/monitoring/dodatki2018.pdf
land_sales_general,panina-1994-2005.pdf,21,21,a6,1,1995,dont_know,18.5,True,percent_of_all_respondents_as_published,not_published,extracted_published_percentage,https://dif.org.ua/uploads/pdf/40574543644fd4df61d653.39323866.pdf
land_sales_general,panina-1994-2005.pdf,21,21,a6,1,1995,no,45.1,True,percent_of_all_respondents_as_published,not_published,extracted_published_percentage,https://dif.org.ua/uploads/pdf/40574543644fd4df61d653.39323866.pdf
land_sales_general,panina-1994-2005.pdf,21,21,a6,1,1995,no_answer,0.2,True,percent_of_all_respondents_as_published,not_published,extracted_published_percentage,https://dif.org.ua/uploads/pdf/40574543644fd4df61d653.39323866.pdf
land_sales_general,panina-1994-2005.pdf,21,21,a6,1,1995,yes,36.2,True,percent_of_all_respondents_as_published,not_published,extracted_published_percentage,https://dif.org.ua/uploads/pdf/40574543644fd4df61d653.39323866.pdf
land_sales_general,dodatki2018.pdf,4,418,a6,3,1996,dont_know,19.1,True,percent_of_all_respondents_as_published,not_published,extracted_published_percentage,https://isnasu.org.ua/assets/files/monitoring/dodatki2018.pdf
land_sales_general,dodatki2018.pdf,4,418,a6,3,1996,no,41.8,True,percent_of_all_respondents_as_published,not_published,extracted_published_percentage,https://isnasu.org.ua/assets/files/monitoring/dodatki2018.pdf
land_sales_general,dodatki2018.pdf,4,418,a6,3,1996,no_answer,0.0,True,percent_of_all_respondents_as_published,not_published,extracted_published_percentage,https://isnasu.org.ua/assets/files/monitoring/dodatki2018.pdf
land_sales_general,dodatki2018.pdf,4,418,a6,3,1996,yes,39.2,True,percent_of_all_respondents_as_published,not_published,extracted_published_percentage,https://isnasu.org.ua/assets/files/monitoring/dodatki2018.pdf
land_sales_general,panina-1994-2005.pdf,21,21,a6,1,1997,dont_know,18.6,True,percent_of_all_respondents_as_published,not_published,extracted_published_percentage,https://dif.org.ua/uploads/pdf/40574543644fd4df61d653.39323866.pdf
land_sales_general,panina-1994-2005.pdf,21,21,a6,1,1997,no,43.2,True,percent_of_all_respondents_as_published,not_published,extracted_published_percentage,https://dif.org.ua/uploads/pdf/40574543644fd4df61d653.39323866.pdf
land_sales_general,panina-1994-2005.pdf,21,21,a6,1,1997,no_answer,0.1,True,percent_of_all_respondents_as_published,not_published,extracted_published_percentage,https://dif.org.ua/uploads/pdf/40574543644fd4df61d653.39323866.pdf
land_sales_general,panina-1994-2005.pdf,21,21,a6,1,1997,yes,38.2,True,percent_of_all_respondents_as_published,not_published,extracted_published_percentage,https://dif.org.ua/uploads/pdf/40574543644fd4df61d653.39323866.pdf
land_sales_general,dodatki2018.pdf,4,418,a6,3,1998,dont_know,17.0,True,percent_of_all_respondents_as_published,not_published,extracted_published_percentage,https://isnasu.org.ua/assets/files/monitoring/dodatki2018.pdf
land_sales_general,dodatki2018.pdf,4,418,a6,3,1998,no,49.4,True,percent_of_all_respondents_as_published,not_published,extracted_published_percentage,https://isnasu.org.ua/assets/files/monitoring/dodatki2018.pdf
land_sales_general,dodatki2018.pdf,4,418,a6,3,1998,no_answer,0.0,True,percent_of_all_respondents_as_published,not_published,extracted_published_percentage,https://isnasu.org.ua/assets/files/monitoring/dodatki2018.pdf
land_sales_general,dodatki2018.pdf,4,418,a6,3,1998,yes,33.6,True,percent_of_all_respondents_as_published,not_published,extracted_published_percentage,https://isnasu.org.ua/assets/files/monitoring/dodatki2018.pdf
land_sales_general,panina-1994-2005.pdf,21,21,a6,1,1999,dont_know,18.4,True,percent_of_all_respondents_as_published,not_published,extracted_published_percentage,https://dif.org.ua/uploads/pdf/40574543644fd4df61d653.39323866.pdf
land_sales_general,panina-1994-2005.pdf,21,21,a6,1,1999,no,48.9,True,percent_of_all_respondents_as_published,not_published,extracted_published_percentage,https://dif.org.ua/uploads/pdf/40574543644fd4df61d653.39323866.pdf
land_sales_general,panina-1994-2005.pdf,21,21,a6,1,1999,no_answer,0.2,True,percent_of_all_respondents_as_published,not_published,extracted_published_percentage,https://dif.org.ua/uploads/pdf/40574543644fd4df61d653.39323866.pdf
land_sales_general,panina-1994-2005.pdf,21,21,a6,1,1999,yes,32.5,True,percent_of_all_respondents_as_published,not_published,extracted_published_percentage,https://dif.org.ua/uploads/pdf/40574543644fd4df61d653.39323866.pdf
land_sales_general,dodatki2018.pdf,4,418,a6,3,2000,dont_know,19.7,True,percent_of_all_respondents_as_published,not_published,extracted_published_percentage,https://isnasu.org.ua/assets/files/monitoring/dodatki2018.pdf
land_sales_general,dodatki2018.pdf,4,418,a6,3,2000,no,47.9,True,percent_of_all_respondents_as_published,not_published,extracted_published_percentage,https://isnasu.org.ua/assets/files/monitoring/dodatki2018.pdf
land_sales_general,dodatki2018.pdf,4,418,a6,3,2000,no_answer,0.1,True,percent_of_all_respondents_as_published,not_published,extracted_published_percentage,https://isnasu.org.ua/assets/files/monitoring/dodatki2018.pdf
land_sales_general,dodatki2018.pdf,4,418,a6,3,2000,yes,32.3,True,percent_of_all_respondents_as_published,not_published,extracted_published_percentage,https://isnasu.org.ua/assets/files/monitoring/dodatki2018.pdf
land_sales_general,panina-1994-2005.pdf,21,21,a6,1,2001,dont_know,16.9,True,percent_of_all_respondents_as_published,not_published,extracted_published_percentage,https://dif.org.ua/uploads/pdf/40574543644fd4df61d653.39323866.pdf
land_sales_general,panina-1994-2005.pdf,21,21,a6,1,2001,no,51.4,True,percent_of_all_respondents_as_published,not_published,extracted_published_percentage,https://dif.org.ua/uploads/pdf/40574543644fd4df61d653.39323866.pdf
land_sales_general,panina-1994-2005.pdf,21,21,a6,1,2001,no_answer,0.1,True,percent_of_all_respondents_as_published,not_published,extracted_published_percentage,https://dif.org.ua/uploads/pdf/40574543644fd4df61d653.39323866.pdf
land_sales_general,panina-1994-2005.pdf,21,21,a6,1,2001,yes,31.6,True,percent_of_all_respondents_as_published,not_published,extracted_published_percentage,https://dif.org.ua/uploads/pdf/40574543644fd4df61d653.39323866.pdf
land_sales_general,dodatki2018.pdf,4,418,a6,3,2005,dont_know,18.7,True,percent_of_all_respondents_as_published,not_published,extracted_published_percentage,https://isnasu.org.ua/assets/files/monitoring/dodatki2018.pdf
land_sales_general,dodatki2018.pdf,4,418,a6,3,2005,no,56.4,True,percent_of_all_respondents_as_published,not_published,extracted_published_percentage,https://isnasu.org.ua/assets/files/monitoring/dodatki2018.pdf
land_sales_general,dodatki2018.pdf,4,418,a6,3,2005,no_answer,0.1,True,percent_of_all_respondents_as_published,not_published,extracted_published_percentage,https://isnasu.org.ua/assets/files/monitoring/dodatki2018.pdf
land_sales_general,dodatki2018.pdf,4,418,a6,3,2005,yes,24.8,True,percent_of_all_respondents_as_published,not_published,extracted_published_percentage,https://isnasu.org.ua/assets/files/monitoring/dodatki2018.pdf
land_sales_general,dodatki2018.pdf,4,418,a6,3,2006,dont_know,17.5,True,percent_of_all_respondents_as_published,not_published,extracted_published_percentage,https://isnasu.org.ua/assets/files/monitoring/dodatki2018.pdf
land_sales_general,dodatki2018.pdf,4,418,a6,3,2006,no,60.5,True,percent_of_all_respondents_as_published,not_published,extracted_published_percentage,https://isnasu.org.ua/assets/files/monitoring/dodatki2018.pdf
land_sales_general,dodatki2018.pdf,4,418,a6,3,2006,no_answer,0.0,True,percent_of_all_respondents_as_published,not_published,extracted_published_percentage,https://isnasu.org.ua/assets/files/monitoring/dodatki2018.pdf
land_sales_general,dodatki2018.pdf,4,418,a6,3,2006,yes,22.0,True,percent_of_all_respondents_as_published,not_published,extracted_published_percentage,https://isnasu.org.ua/assets/files/monitoring/dodatki2018.pdf
land_sales_general,dodatki2018.pdf,4,418,a6,3,2008,dont_know,17.0,True,percent_of_all_respondents_as_published,not_published,extracted_published_percentage,https://isnasu.org.ua/assets/files/monitoring/dodatki2018.pdf
land_sales_general,dodatki2018.pdf,4,418,a6,3,2008,no,53.8,True,percent_of_all_respondents_as_published,not_published,extracted_published_percentage,https://isnasu.org.ua/assets/files/monitoring/dodatki2018.pdf
land_sales_general,dodatki2018.pdf,4,418,a6,3,2008,no_answer,0.1,True,percent_of_all_respondents_as_published,not_published,extracted_published_percentage,https://isnasu.org.ua/assets/files/monitoring/dodatki2018.pdf
land_sales_general,dodatki2018.pdf,4,418,a6,3,2008,yes,29.2,True,percent_of_all_respondents_as_published,not_published,extracted_published_percentage,https://isnasu.org.ua/assets/files/monitoring/dodatki2018.pdf
land_sales_general,dodatki2018.pdf,4,418,a6,3,2010,dont_know,16.9,True,percent_of_all_respondents_as_published,not_published,extracted_published_percentage,https://isnasu.org.ua/assets/files/monitoring/dodatki2018.pdf
land_sales_general,dodatki2018.pdf,4,418,a6,3,2010,no,57.2,True,percent_of_all_respondents_as_published,not_published,extracted_published_percentage,https://isnasu.org.ua/assets/files/monitoring/dodatki2018.pdf
land_sales_general,dodatki2018.pdf,4,418,a6,3,2010,no_answer,0.1,True,percent_of_all_respondents_as_published,not_published,extracted_published_percentage,https://isnasu.org.ua/assets/files/monitoring/dodatki2018.pdf
land_sales_general,dodatki2018.pdf,4,418,a6,3,2010,yes,25.8,True,percent_of_all_respondents_as_published,not_published,extracted_published_percentage,https://isnasu.org.ua/assets/files/monitoring/dodatki2018.pdf
land_sales_general,dodatki2018.pdf,4,418,a6,3,2012,dont_know,17.0,True,percent_of_all_respondents_as_published,not_published,extracted_published_percentage,https://isnasu.org.ua/assets/files/monitoring/dodatki2018.pdf
land_sales_general,dodatki2018.pdf,4,418,a6,3,2012,no,61.3,True,percent_of_all_respondents_as_published,not_published,extracted_published_percentage,https://isnasu.org.ua/assets/files/monitoring/dodatki2018.pdf
land_sales_general,dodatki2018.pdf,4,418,a6,3,2012,no_answer,0.2,True,percent_of_all_respondents_as_published,not_published,extracted_published_percentage,https://isnasu.org.ua/assets/files/monitoring/dodatki2018.pdf
land_sales_general,dodatki2018.pdf,4,418,a6,3,2012,yes,21.4,True,percent_of_all_respondents_as_published,not_published,extracted_published_percentage,https://isnasu.org.ua/assets/files/monitoring/dodatki2018.pdf
land_sales_general,dodatki2018.pdf,4,418,a6,3,2014,dont_know,17.8,True,percent_of_all_respondents_as_published,not_published,extracted_published_percentage,https://isnasu.org.ua/assets/files/monitoring/dodatki2018.pdf
land_sales_general,dodatki2018.pdf,4,418,a6,3,2014,no,57.7,True,percent_of_all_respondents_as_published,not_published,extracted_published_percentage,https://isnasu.org.ua/assets/files/monitoring/dodatki2018.pdf
land_sales_general,dodatki2018.pdf,4,418,a6,3,2014,no_answer,0.1,True,percent_of_all_respondents_as_published,not_published,extracted_published_percentage,https://isnasu.org.ua/assets/files/monitoring/dodatki2018.pdf
land_sales_general,dodatki2018.pdf,4,418,a6,3,2014,yes,24.4,True,percent_of_all_respondents_as_published,not_published,extracted_published_percentage,https://isnasu.org.ua/assets/files/monitoring/dodatki2018.pdf
land_sales_general,dodatki2018.pdf,4,418,a6,3,2016,dont_know,13.7,True,percent_of_all_respondents_as_published,not_published,extracted_published_percentage,https://isnasu.org.ua/assets/files/monitoring/dodatki2018.pdf
land_sales_general,dodatki2018.pdf,4,418,a6,3,2016,no,63.1,True,percent_of_all_respondents_as_published,not_published,extracted_published_percentage,https://isnasu.org.ua/assets/files/monitoring/dodatki2018.pdf
land_sales_general,dodatki2018.pdf,4,418,a6,3,2016,no_answer,0.1,True,percent_of_all_respondents_as_published,not_published,extracted_published_percentage,https://isnasu.org.ua/assets/files/monitoring/dodatki2018.pdf
land_sales_general,dodatki2018.pdf,4,418,a6,3,2016,yes,23.1,True,percent_of_all_respondents_as_published,not_published,extracted_published_percentage,https://isnasu.org.ua/assets/files/monitoring/dodatki2018.pdf
land_sales_general,dodatki2018.pdf,4,418,a6,3,2018,dont_know,13.7,True,percent_of_all_respondents_as_published,not_published,extracted_published_percentage,https://isnasu.org.ua/assets/files/monitoring/dodatki2018.pdf
land_sales_general,dodatki2018.pdf,4,418,a6,3,2018,no,63.8,True,percent_of_all_respondents_as_published,not_published,extracted_published_percentage,https://isnasu.org.ua/assets/files/monitoring/dodatki2018.pdf
land_sales_general,dodatki2018.pdf,4,418,a6,3,2018,no_answer,0.0,True,percent_of_all_respondents_as_published,not_published,extracted_published_percentage,https://isnasu.org.ua/assets/files/monitoring/dodatki2018.pdf
land_sales_general,dodatki2018.pdf,4,418,a6,3,2018,yes,22.6,True,percent_of_all_respondents_as_published,not_published,extracted_published_percentage,https://isnasu.org.ua/assets/files/monitoring/dodatki2018.pdf
ownership_policy,monitoring-2025.pdf,394,394,a2,4,2023,broad_privatisation,9.9,False,percent_of_all_respondents_as_published,not_published,extracted_published_percentage,https://drive.google.com/uc?export=download&id=1CeJIiK0ZLNJ0aHyPbXHrWO21ykIB6m7W
ownership_policy,monitoring-2025.pdf,394,394,a2,4,2023,dont_know_or_no_answer,10.9,False,percent_of_all_respondents_as_published,not_published,extracted_published_percentage,https://drive.google.com/uc?export=download&id=1CeJIiK0ZLNJ0aHyPbXHrWO21ykIB6m7W
ownership_policy,monitoring-2025.pdf,394,394,a2,4,2023,nationalise,23.5,False,percent_of_all_respondents_as_published,not_published,extracted_published_percentage,https://drive.google.com/uc?export=download&id=1CeJIiK0ZLNJ0aHyPbXHrWO21ykIB6m7W
ownership_policy,monitoring-2025.pdf,394,394,a2,4,2023,privatise_except_efficient_state_firms,37.4,False,percent_of_all_respondents_as_published,not_published,extracted_published_percentage,https://drive.google.com/uc?export=download&id=1CeJIiK0ZLNJ0aHyPbXHrWO21ykIB6m7W
ownership_policy,monitoring-2025.pdf,394,394,a2,4,2023,retain_state_firms,18.3,False,percent_of_all_respondents_as_published,not_published,extracted_published_percentage,https://drive.google.com/uc?export=download&id=1CeJIiK0ZLNJ0aHyPbXHrWO21ykIB6m7W
ownership_policy,monitoring-2025.pdf,394,394,a2,4,2024,broad_privatisation,7.6,False,percent_of_all_respondents_as_published,not_published,extracted_published_percentage,https://drive.google.com/uc?export=download&id=1CeJIiK0ZLNJ0aHyPbXHrWO21ykIB6m7W
ownership_policy,monitoring-2025.pdf,394,394,a2,4,2024,dont_know_or_no_answer,16.7,False,percent_of_all_respondents_as_published,not_published,extracted_published_percentage,https://drive.google.com/uc?export=download&id=1CeJIiK0ZLNJ0aHyPbXHrWO21ykIB6m7W
ownership_policy,monitoring-2025.pdf,394,394,a2,4,2024,nationalise,20.8,False,percent_of_all_respondents_as_published,not_published,extracted_published_percentage,https://drive.google.com/uc?export=download&id=1CeJIiK0ZLNJ0aHyPbXHrWO21ykIB6m7W
ownership_policy,monitoring-2025.pdf,394,394,a2,4,2024,privatise_except_efficient_state_firms,34.0,False,percent_of_all_respondents_as_published,not_published,extracted_published_percentage,https://drive.google.com/uc?export=download&id=1CeJIiK0ZLNJ0aHyPbXHrWO21ykIB6m7W
ownership_policy,monitoring-2025.pdf,394,394,a2,4,2024,retain_state_firms,20.9,False,percent_of_all_respondents_as_published,not_published,extracted_published_percentage,https://drive.google.com/uc?export=download&id=1CeJIiK0ZLNJ0aHyPbXHrWO21ykIB6m7W
ownership_policy,monitoring-2025.pdf,394,394,a2,4,2025,broad_privatisation,9.8,False,percent_of_all_respondents_as_published,not_published,extracted_published_percentage,https://drive.google.com/uc?export=download&id=1CeJIiK0ZLNJ0aHyPbXHrWO21ykIB6m7W
ownership_policy,monitoring-2025.pdf,394,394,a2,4,2025,dont_know_or_no_answer,10.4,False,percent_of_all_respondents_as_published,not_published,extracted_published_percentage,https://drive.google.com/uc?export=download&id=1CeJIiK0ZLNJ0aHyPbXHrWO21ykIB6m7W
ownership_policy,monitoring-2025.pdf,394,394,a2,4,2025,nationalise,25.6,False,percent_of_all_respondents_as_published,not_published,extracted_published_percentage,https://drive.google.com/uc?export=download&id=1CeJIiK0ZLNJ0aHyPbXHrWO21ykIB6m7W
ownership_policy,monitoring-2025.pdf,394,394,a2,4,2025,privatise_except_efficient_state_firms,36.2,False,percent_of_all_respondents_as_published,not_published,extracted_published_percentage,https://drive.google.com/uc?export=download&id=1CeJIiK0ZLNJ0aHyPbXHrWO21ykIB6m7W
ownership_policy,monitoring-2025.pdf,394,394,a2,4,2025,retain_state_firms,18.1,False,percent_of_all_respondents_as_published,not_published,extracted_published_percentage,https://drive.google.com/uc?export=download&id=1CeJIiK0ZLNJ0aHyPbXHrWO21ykIB6m7W
private_business,soc-mon-2012.pdf,529,529,a2,2,1992,ambivalent,31.3,True,percent_of_all_respondents_as_published,not_published,extracted_published_percentage,https://isnasu.org.ua/assets/files/monitoring/soc-mon-2012.pdf
private_business,soc-mon-2012.pdf,529,529,a2,2,1992,no_answer,1.5,True,percent_of_all_respondents_as_published,not_published,extracted_published_percentage,https://isnasu.org.ua/assets/files/monitoring/soc-mon-2012.pdf
private_business,soc-mon-2012.pdf,529,529,a2,2,1992,rather_approve,24.1,True,percent_of_all_respondents_as_published,not_published,extracted_published_percentage,https://isnasu.org.ua/assets/files/monitoring/soc-mon-2012.pdf
private_business,soc-mon-2012.pdf,529,529,a2,2,1992,rather_disapprove,9.7,True,percent_of_all_respondents_as_published,not_published,extracted_published_percentage,https://isnasu.org.ua/assets/files/monitoring/soc-mon-2012.pdf
private_business,soc-mon-2012.pdf,529,529,a2,2,1992,strongly_approve,28.6,True,percent_of_all_respondents_as_published,not_published,extracted_published_percentage,https://isnasu.org.ua/assets/files/monitoring/soc-mon-2012.pdf
private_business,soc-mon-2012.pdf,529,529,a2,2,1992,strongly_disapprove,4.9,True,percent_of_all_respondents_as_published,not_published,extracted_published_percentage,https://isnasu.org.ua/assets/files/monitoring/soc-mon-2012.pdf
private_business,soc-mon-2012.pdf,529,529,a2,2,1994,ambivalent,25.0,True,percent_of_all_respondents_as_published,not_published,extracted_published_percentage,https://isnasu.org.ua/assets/files/monitoring/soc-mon-2012.pdf
private_business,soc-mon-2012.pdf,529,529,a2,2,1994,no_answer,0.5,True,percent_of_all_respondents_as_published,not_published,extracted_published_percentage,https://isnasu.org.ua/assets/files/monitoring/soc-mon-2012.pdf
private_business,soc-mon-2012.pdf,529,529,a2,2,1994,rather_approve,21.4,True,percent_of_all_respondents_as_published,not_published,extracted_published_percentage,https://isnasu.org.ua/assets/files/monitoring/soc-mon-2012.pdf
private_business,soc-mon-2012.pdf,529,529,a2,2,1994,rather_disapprove,15.6,True,percent_of_all_respondents_as_published,not_published,extracted_published_percentage,https://isnasu.org.ua/assets/files/monitoring/soc-mon-2012.pdf
private_business,soc-mon-2012.pdf,529,529,a2,2,1994,strongly_approve,22.2,True,percent_of_all_respondents_as_published,not_published,extracted_published_percentage,https://isnasu.org.ua/assets/files/monitoring/soc-mon-2012.pdf
private_business,soc-mon-2012.pdf,529,529,a2,2,1994,strongly_disapprove,15.3,True,percent_of_all_respondents_as_published,not_published,extracted_published_percentage,https://isnasu.org.ua/assets/files/monitoring/soc-mon-2012.pdf
private_business,panina-1994-2005.pdf,20,20,a2,1,1995,ambivalent,26.2,True,percent_of_all_respondents_as_published,not_published,extracted_published_percentage,https://dif.org.ua/uploads/pdf/40574543644fd4df61d653.39323866.pdf
private_business,panina-1994-2005.pdf,20,20,a2,1,1995,no_answer,0.1,True,percent_of_all_respondents_as_published,not_published,extracted_published_percentage,https://dif.org.ua/uploads/pdf/40574543644fd4df61d653.39323866.pdf
private_business,panina-1994-2005.pdf,20,20,a2,1,1995,rather_approve,20.5,True,percent_of_all_respondents_as_published,not_published,extracted_published_percentage,https://dif.org.ua/uploads/pdf/40574543644fd4df61d653.39323866.pdf
private_business,panina-1994-2005.pdf,20,20,a2,1,1995,rather_disapprove,15.4,True,percent_of_all_respondents_as_published,not_published,extracted_published_percentage,https://dif.org.ua/uploads/pdf/40574543644fd4df61d653.39323866.pdf
private_business,panina-1994-2005.pdf,20,20,a2,1,1995,strongly_approve,20.4,True,percent_of_all_respondents_as_published,not_published,extracted_published_percentage,https://dif.org.ua/uploads/pdf/40574543644fd4df61d653.39323866.pdf
private_business,panina-1994-2005.pdf,20,20,a2,1,1995,strongly_disapprove,17.3,True,percent_of_all_respondents_as_published,not_published,extracted_published_percentage,https://dif.org.ua/uploads/pdf/40574543644fd4df61d653.39323866.pdf
private_business,soc-mon-2012.pdf,529,529,a2,2,1996,ambivalent,26.6,True,percent_of_all_respondents_as_published,not_published,extracted_published_percentage,https://isnasu.org.ua/assets/files/monitoring/soc-mon-2012.pdf
private_business,soc-mon-2012.pdf,529,529,a2,2,1996,no_answer,0.0,True,percent_of_all_respondents_as_published,not_published,extracted_published_percentage,https://isnasu.org.ua/assets/files/monitoring/soc-mon-2012.pdf
private_business,soc-mon-2012.pdf,529,529,a2,2,1996,rather_approve,22.4,True,percent_of_all_respondents_as_published,not_published,extracted_published_percentage,https://isnasu.org.ua/assets/files/monitoring/soc-mon-2012.pdf
private_business,soc-mon-2012.pdf,529,529,a2,2,1996,rather_disapprove,14.2,True,percent_of_all_respondents_as_published,not_published,extracted_published_percentage,https://isnasu.org.ua/assets/files/monitoring/soc-mon-2012.pdf
private_business,soc-mon-2012.pdf,529,529,a2,2,1996,strongly_approve,23.7,True,percent_of_all_respondents_as_published,not_published,extracted_published_percentage,https://isnasu.org.ua/assets/files/monitoring/soc-mon-2012.pdf
private_business,soc-mon-2012.pdf,529,529,a2,2,1996,strongly_disapprove,13.1,True,percent_of_all_respondents_as_published,not_published,extracted_published_percentage,https://isnasu.org.ua/assets/files/monitoring/soc-mon-2012.pdf
private_business,panina-1994-2005.pdf,20,20,a2,1,1997,ambivalent,29.4,True,percent_of_all_respondents_as_published,not_published,extracted_published_percentage,https://dif.org.ua/uploads/pdf/40574543644fd4df61d653.39323866.pdf
private_business,panina-1994-2005.pdf,20,20,a2,1,1997,no_answer,0.3,True,percent_of_all_respondents_as_published,not_published,extracted_published_percentage,https://dif.org.ua/uploads/pdf/40574543644fd4df61d653.39323866.pdf
private_business,panina-1994-2005.pdf,20,20,a2,1,1997,rather_approve,21.7,True,percent_of_all_respondents_as_published,not_published,extracted_published_percentage,https://dif.org.ua/uploads/pdf/40574543644fd4df61d653.39323866.pdf
private_business,panina-1994-2005.pdf,20,20,a2,1,1997,rather_disapprove,14.4,True,percent_of_all_respondents_as_published,not_published,extracted_published_percentage,https://dif.org.ua/uploads/pdf/40574543644fd4df61d653.39323866.pdf
private_business,panina-1994-2005.pdf,20,20,a2,1,1997,strongly_approve,20.9,True,percent_of_all_respondents_as_published,not_published,extracted_published_percentage,https://dif.org.ua/uploads/pdf/40574543644fd4df61d653.39323866.pdf
private_business,panina-1994-2005.pdf,20,20,a2,1,1997,strongly_disapprove,13.4,True,percent_of_all_respondents_as_published,not_published,extracted_published_percentage,https://dif.org.ua/uploads/pdf/40574543644fd4df61d653.39323866.pdf
private_business,soc-mon-2012.pdf,529,529,a2,2,1998,ambivalent,27.6,True,percent_of_all_respondents_as_published,not_published,extracted_published_percentage,https://isnasu.org.ua/assets/files/monitoring/soc-mon-2012.pdf
private_business,soc-mon-2012.pdf,529,529,a2,2,1998,no_answer,0.3,True,percent_of_all_respondents_as_published,not_published,extracted_published_percentage,https://isnasu.org.ua/assets/files/monitoring/soc-mon-2012.pdf
private_business,soc-mon-2012.pdf,529,529,a2,2,1998,rather_approve,21.2,True,percent_of_all_respondents_as_published,not_published,extracted_published_percentage,https://isnasu.org.ua/assets/files/monitoring/soc-mon-2012.pdf
private_business,soc-mon-2012.pdf,529,529,a2,2,1998,rather_disapprove,13.3,True,percent_of_all_respondents_as_published,not_published,extracted_published_percentage,https://isnasu.org.ua/assets/files/monitoring/soc-mon-2012.pdf
private_business,soc-mon-2012.pdf,529,529,a2,2,1998,strongly_approve,24.1,True,percent_of_all_respondents_as_published,not_published,extracted_published_percentage,https://isnasu.org.ua/assets/files/monitoring/soc-mon-2012.pdf
private_business,soc-mon-2012.pdf,529,529,a2,2,1998,strongly_disapprove,13.6,True,percent_of_all_respondents_as_published,not_published,extracted_published_percentage,https://isnasu.org.ua/assets/files/monitoring/soc-mon-2012.pdf
private_business,panina-1994-2005.pdf,20,20,a2,1,1999,ambivalent,27.5,True,percent_of_all_respondents_as_published,not_published,extracted_published_percentage,https://dif.org.ua/uploads/pdf/40574543644fd4df61d653.39323866.pdf
private_business,panina-1994-2005.pdf,20,20,a2,1,1999,no_answer,0.5,True,percent_of_all_respondents_as_published,not_published,extracted_published_percentage,https://dif.org.ua/uploads/pdf/40574543644fd4df61d653.39323866.pdf
private_business,panina-1994-2005.pdf,20,20,a2,1,1999,rather_approve,22.9,True,percent_of_all_respondents_as_published,not_published,extracted_published_percentage,https://dif.org.ua/uploads/pdf/40574543644fd4df61d653.39323866.pdf
private_business,panina-1994-2005.pdf,20,20,a2,1,1999,rather_disapprove,14.8,True,percent_of_all_respondents_as_published,not_published,extracted_published_percentage,https://dif.org.ua/uploads/pdf/40574543644fd4df61d653.39323866.pdf
private_business,panina-1994-2005.pdf,20,20,a2,1,1999,strongly_approve,23.2,True,percent_of_all_respondents_as_published,not_published,extracted_published_percentage,https://dif.org.ua/uploads/pdf/40574543644fd4df61d653.39323866.pdf
private_business,panina-1994-2005.pdf,20,20,a2,1,1999,strongly_disapprove,11.1,True,percent_of_all_respondents_as_published,not_published,extracted_published_percentage,https://dif.org.ua/uploads/pdf/40574543644fd4df61d653.39323866.pdf
private_business,soc-mon-2012.pdf,529,529,a2,2,2000,ambivalent,25.0,True,percent_of_all_respondents_as_published,not_published,extracted_published_percentage,https://isnasu.org.ua/assets/files/monitoring/soc-mon-2012.pdf
private_business,soc-mon-2012.pdf,529,529,a2,2,2000,no_answer,0.8,True,percent_of_all_respondents_as_published,not_published,extracted_published_percentage,https://isnasu.org.ua/assets/files/monitoring/soc-mon-2012.pdf
private_business,soc-mon-2012.pdf,529,529,a2,2,2000,rather_approve,25.1,True,percent_of_all_respondents_as_published,not_published,extracted_published_percentage,https://isnasu.org.ua/assets/files/monitoring/soc-mon-2012.pdf
private_business,soc-mon-2012.pdf,529,529,a2,2,2000,rather_disapprove,13.0,True,percent_of_all_respondents_as_published,not_published,extracted_published_percentage,https://isnasu.org.ua/assets/files/monitoring/soc-mon-2012.pdf
private_business,soc-mon-2012.pdf,529,529,a2,2,2000,strongly_approve,26.7,True,percent_of_all_respondents_as_published,not_published,extracted_published_percentage,https://isnasu.org.ua/assets/files/monitoring/soc-mon-2012.pdf
private_business,soc-mon-2012.pdf,529,529,a2,2,2000,strongly_disapprove,9.3,True,percent_of_all_respondents_as_published,not_published,extracted_published_percentage,https://isnasu.org.ua/assets/files/monitoring/soc-mon-2012.pdf
private_business,panina-1994-2005.pdf,20,20,a2,1,2001,ambivalent,24.6,True,percent_of_all_respondents_as_published,not_published,extracted_published_percentage,https://dif.org.ua/uploads/pdf/40574543644fd4df61d653.39323866.pdf
private_business,panina-1994-2005.pdf,20,20,a2,1,2001,no_answer,0.6,True,percent_of_all_respondents_as_published,not_published,extracted_published_percentage,https://dif.org.ua/uploads/pdf/40574543644fd4df61d653.39323866.pdf
private_business,panina-1994-2005.pdf,20,20,a2,1,2001,rather_approve,27.3,True,percent_of_all_respondents_as_published,not_published,extracted_published_percentage,https://dif.org.ua/uploads/pdf/40574543644fd4df61d653.39323866.pdf
private_business,panina-1994-2005.pdf,20,20,a2,1,2001,rather_disapprove,12.8,True,percent_of_all_respondents_as_published,not_published,extracted_published_percentage,https://dif.org.ua/uploads/pdf/40574543644fd4df61d653.39323866.pdf
private_business,panina-1994-2005.pdf,20,20,a2,1,2001,strongly_approve,25.0,True,percent_of_all_respondents_as_published,not_published,extracted_published_percentage,https://dif.org.ua/uploads/pdf/40574543644fd4df61d653.39323866.pdf
private_business,panina-1994-2005.pdf,20,20,a2,1,2001,strongly_disapprove,9.7,True,percent_of_all_respondents_as_published,not_published,extracted_published_percentage,https://dif.org.ua/uploads/pdf/40574543644fd4df61d653.39323866.pdf
private_business,soc-mon-2012.pdf,529,529,a2,2,2002,ambivalent,28.7,True,percent_of_all_respondents_as_published,not_published,extracted_published_percentage,https://isnasu.org.ua/assets/files/monitoring/soc-mon-2012.pdf
private_business,soc-mon-2012.pdf,529,529,a2,2,2002,no_answer,0.3,True,percent_of_all_respondents_as_published,not_published,extracted_published_percentage,https://isnasu.org.ua/assets/files/monitoring/soc-mon-2012.pdf
private_business,soc-mon-2012.pdf,529,529,a2,2,2002,rather_approve,33.0,True,percent_of_all_respondents_as_published,not_published,extracted_published_percentage,https://isnasu.org.ua/assets/files/monitoring/soc-mon-2012.pdf
private_business,soc-mon-2012.pdf,529,529,a2,2,2002,rather_disapprove,10.6,True,percent_of_all_respondents_as_published,not_published,extracted_published_percentage,https://isnasu.org.ua/assets/files/monitoring/soc-mon-2012.pdf
private_business,soc-mon-2012.pdf,529,529,a2,2,2002,strongly_approve,15.2,True,percent_of_all_respondents_as_published,not_published,extracted_published_percentage,https://isnasu.org.ua/assets/files/monitoring/soc-mon-2012.pdf
private_business,soc-mon-2012.pdf,529,529,a2,2,2002,strongly_disapprove,12.2,True,percent_of_all_respondents_as_published,not_published,extracted_published_percentage,https://isnasu.org.ua/assets/files/monitoring/soc-mon-2012.pdf
private_business,panina-1994-2005.pdf,20,20,a2,1,2003,ambivalent,29.5,True,percent_of_all_respondents_as_published,not_published,extracted_published_percentage,https://dif.org.ua/uploads/pdf/40574543644fd4df61d653.39323866.pdf
private_business,panina-1994-2005.pdf,20,20,a2,1,2003,no_answer,0.2,True,percent_of_all_respondents_as_published,not_published,extracted_published_percentage,https://dif.org.ua/uploads/pdf/40574543644fd4df61d653.39323866.pdf
private_business,panina-1994-2005.pdf,20,20,a2,1,2003,rather_approve,36.2,True,percent_of_all_respondents_as_published,not_published,extracted_published_percentage,https://dif.org.ua/uploads/pdf/40574543644fd4df61d653.39323866.pdf
private_business,panina-1994-2005.pdf,20,20,a2,1,2003,rather_disapprove,11.2,True,percent_of_all_respondents_as_published,not_published,extracted_published_percentage,https://dif.org.ua/uploads/pdf/40574543644fd4df61d653.39323866.pdf
private_business,panina-1994-2005.pdf,20,20,a2,1,2003,strongly_approve,13.9,True,percent_of_all_respondents_as_published,not_published,extracted_published_percentage,https://dif.org.ua/uploads/pdf/40574543644fd4df61d653.39323866.pdf
private_business,panina-1994-2005.pdf,20,20,a2,1,2003,strongly_disapprove,9.1,True,percent_of_all_respondents_as_published,not_published,extracted_published_percentage,https://dif.org.ua/uploads/pdf/40574543644fd4df61d653.39323866.pdf
private_business,soc-mon-2012.pdf,529,529,a2,2,2004,ambivalent,29.5,True,percent_of_all_respondents_as_published,not_published,extracted_published_percentage,https://isnasu.org.ua/assets/files/monitoring/soc-mon-2012.pdf
private_business,soc-mon-2012.pdf,529,529,a2,2,2004,no_answer,0.1,True,percent_of_all_respondents_as_published,not_published,extracted_published_percentage,https://isnasu.org.ua/assets/files/monitoring/soc-mon-2012.pdf
private_business,soc-mon-2012.pdf,529,529,a2,2,2004,rather_approve,34.0,True,percent_of_all_respondents_as_published,not_published,extracted_published_percentage,https://isnasu.org.ua/assets/files/monitoring/soc-mon-2012.pdf
private_business,soc-mon-2012.pdf,529,529,a2,2,2004,rather_disapprove,12.7,True,percent_of_all_respondents_as_published,not_published,extracted_published_percentage,https://isnasu.org.ua/assets/files/monitoring/soc-mon-2012.pdf
private_business,soc-mon-2012.pdf,529,529,a2,2,2004,strongly_approve,13.2,True,percent_of_all_respondents_as_published,not_published,extracted_published_percentage,https://isnasu.org.ua/assets/files/monitoring/soc-mon-2012.pdf
private_business,soc-mon-2012.pdf,529,529,a2,2,2004,strongly_disapprove,10.6,True,percent_of_all_respondents_as_published,not_published,extracted_published_percentage,https://isnasu.org.ua/assets/files/monitoring/soc-mon-2012.pdf
private_business,soc-mon-2012.pdf,529,529,a2,2,2005,ambivalent,28.8,True,percent_of_all_respondents_as_published,not_published,extracted_published_percentage,https://isnasu.org.ua/assets/files/monitoring/soc-mon-2012.pdf
private_business,soc-mon-2012.pdf,529,529,a2,2,2005,no_answer,1.8,True,percent_of_all_respondents_as_published,not_published,extracted_published_percentage,https://isnasu.org.ua/assets/files/monitoring/soc-mon-2012.pdf
private_business,soc-mon-2012.pdf,529,529,a2,2,2005,rather_approve,34.6,True,percent_of_all_respondents_as_published,not_published,extracted_published_percentage,https://isnasu.org.ua/assets/files/monitoring/soc-mon-2012.pdf
private_business,soc-mon-2012.pdf,529,529,a2,2,2005,rather_disapprove,10.6,True,percent_of_all_respondents_as_published,not_published,extracted_published_percentage,https://isnasu.org.ua/assets/files/monitoring/soc-mon-2012.pdf
private_business,soc-mon-2012.pdf,529,529,a2,2,2005,strongly_approve,16.3,True,percent_of_all_respondents_as_published,not_published,extracted_published_percentage,https://isnasu.org.ua/assets/files/monitoring/soc-mon-2012.pdf
private_business,soc-mon-2012.pdf,529,529,a2,2,2005,strongly_disapprove,7.8,True,percent_of_all_respondents_as_published,not_published,extracted_published_percentage,https://isnasu.org.ua/assets/files/monitoring/soc-mon-2012.pdf
private_business,soc-mon-2012.pdf,529,529,a2,2,2006,ambivalent,22.2,True,percent_of_all_respondents_as_published,not_published,extracted_published_percentage,https://isnasu.org.ua/assets/files/monitoring/soc-mon-2012.pdf
private_business,soc-mon-2012.pdf,529,529,a2,2,2006,no_answer,3.7,True,percent_of_all_respondents_as_published,not_published,extracted_published_percentage,https://isnasu.org.ua/assets/files/monitoring/soc-mon-2012.pdf
private_business,soc-mon-2012.pdf,529,529,a2,2,2006,rather_approve,36.0,True,percent_of_all_respondents_as_published,not_published,extracted_published_percentage,https://isnasu.org.ua/assets/files/monitoring/soc-mon-2012.pdf
private_business,soc-mon-2012.pdf,529,529,a2,2,2006,rather_disapprove,11.9,True,percent_of_all_respondents_as_published,not_published,extracted_published_percentage,https://isnasu.org.ua/assets/files/monitoring/soc-mon-2012.pdf
private_business,soc-mon-2012.pdf,529,529,a2,2,2006,strongly_approve,18.4,True,percent_of_all_respondents_as_published,not_published,extracted_published_percentage,https://isnasu.org.ua/assets/files/monitoring/soc-mon-2012.pdf
private_business,soc-mon-2012.pdf,529,529,a2,2,2006,strongly_disapprove,7.8,True,percent_of_all_respondents_as_published,not_published,extracted_published_percentage,https://isnasu.org.ua/assets/files/monitoring/soc-mon-2012.pdf
private_business,soc-mon-2012.pdf,529,529,a2,2,2008,ambivalent,23.9,True,percent_of_all_respondents_as_published,not_published,extracted_published_percentage,https://isnasu.org.ua/assets/files/monitoring/soc-mon-2012.pdf
private_business,soc-mon-2012.pdf,529,529,a2,2,2008,no_answer,2.8,True,percent_of_all_respondents_as_published,not_published,extracted_published_percentage,https://isnasu.org.ua/assets/files/monitoring/soc-mon-2012.pdf
private_business,soc-mon-2012.pdf,529,529,a2,2,2008,rather_approve,34.3,True,percent_of_all_respondents_as_published,not_published,extracted_published_percentage,https://isnasu.org.ua/assets/files/monitoring/soc-mon-2012.pdf
private_business,soc-mon-2012.pdf,529,529,a2,2,2008,rather_disapprove,12.2,True,percent_of_all_respondents_as_published,not_published,extracted_published_percentage,https://isnasu.org.ua/assets/files/monitoring/soc-mon-2012.pdf
private_business,soc-mon-2012.pdf,529,529,a2,2,2008,strongly_approve,19.5,True,percent_of_all_respondents_as_published,not_published,extracted_published_percentage,https://isnasu.org.ua/assets/files/monitoring/soc-mon-2012.pdf
private_business,soc-mon-2012.pdf,529,529,a2,2,2008,strongly_disapprove,7.3,True,percent_of_all_respondents_as_published,not_published,extracted_published_percentage,https://isnasu.org.ua/assets/files/monitoring/soc-mon-2012.pdf
private_business,soc-mon-2012.pdf,529,529,a2,2,2010,ambivalent,25.4,True,percent_of_all_respondents_as_published,not_published,extracted_published_percentage,https://isnasu.org.ua/assets/files/monitoring/soc-mon-2012.pdf
private_business,soc-mon-2012.pdf,529,529,a2,2,2010,no_answer,1.1,True,percent_of_all_respondents_as_published,not_published,extracted_published_percentage,https://isnasu.org.ua/assets/files/monitoring/soc-mon-2012.pdf
private_business,soc-mon-2012.pdf,529,529,a2,2,2010,rather_approve,35.1,True,percent_of_all_respondents_as_published,not_published,extracted_published_percentage,https://isnasu.org.ua/assets/files/monitoring/soc-mon-2012.pdf
private_business,soc-mon-2012.pdf,529,529,a2,2,2010,rather_disapprove,12.8,True,percent_of_all_respondents_as_published,not_published,extracted_published_percentage,https://isnasu.org.ua/assets/files/monitoring/soc-mon-2012.pdf
private_business,soc-mon-2012.pdf,529,529,a2,2,2010,strongly_approve,18.8,True,percent_of_all_respondents_as_published,not_published,extracted_published_percentage,https://isnasu.org.ua/assets/files/monitoring/soc-mon-2012.pdf
private_business,soc-mon-2012.pdf,529,529,a2,2,2010,strongly_disapprove,6.9,True,percent_of_all_respondents_as_published,not_published,extracted_published_percentage,https://isnasu.org.ua/assets/files/monitoring/soc-mon-2012.pdf
private_business,soc-mon-2012.pdf,529,529,a2,2,2012,ambivalent,25.3,True,percent_of_all_respondents_as_published,not_published,extracted_published_percentage,https://isnasu.org.ua/assets/files/monitoring/soc-mon-2012.pdf
private_business,soc-mon-2012.pdf,529,529,a2,2,2012,no_answer,3.7,True,percent_of_all_respondents_as_published,not_published,extracted_published_percentage,https://isnasu.org.ua/assets/files/monitoring/soc-mon-2012.pdf
private_business,soc-mon-2012.pdf,529,529,a2,2,2012,rather_approve,34.2,True,percent_of_all_respondents_as_published,not_published,extracted_published_percentage,https://isnasu.org.ua/assets/files/monitoring/soc-mon-2012.pdf
private_business,soc-mon-2012.pdf,529,529,a2,2,2012,rather_disapprove,13.2,True,percent_of_all_respondents_as_published,not_published,extracted_published_percentage,https://isnasu.org.ua/assets/files/monitoring/soc-mon-2012.pdf
private_business,soc-mon-2012.pdf,529,529,a2,2,2012,strongly_approve,16.5,True,percent_of_all_respondents_as_published,not_published,extracted_published_percentage,https://isnasu.org.ua/assets/files/monitoring/soc-mon-2012.pdf
private_business,soc-mon-2012.pdf,529,529,a2,2,2012,strongly_disapprove,7.2,True,percent_of_all_respondents_as_published,not_published,extracted_published_percentage,https://isnasu.org.ua/assets/files/monitoring/soc-mon-2012.pdf
private_business,us-2014.pdf,1,unpaginated,a2,4,2014,ambivalent,23.6,True,percent_of_all_respondents_as_published,not_published,extracted_published_percentage,https://i-soc.com.ua/assets/files/monitoring/us-2014.pdf
private_business,us-2014.pdf,1,unpaginated,a2,4,2014,no_answer,2.0,True,percent_of_all_respondents_as_published,not_published,derived_from_published_total_and_answered_counts,https://i-soc.com.ua/assets/files/monitoring/us-2014.pdf
private_business,us-2014.pdf,1,unpaginated,a2,4,2014,rather_approve,39.3,True,percent_of_all_respondents_as_published,not_published,extracted_published_percentage,https://i-soc.com.ua/assets/files/monitoring/us-2014.pdf
private_business,us-2014.pdf,1,unpaginated,a2,4,2014,rather_disapprove,8.7,True,percent_of_all_respondents_as_published,not_published,extracted_published_percentage,https://i-soc.com.ua/assets/files/monitoring/us-2014.pdf
private_business,us-2014.pdf,1,unpaginated,a2,4,2014,strongly_approve,20.9,True,percent_of_all_respondents_as_published,not_published,extracted_published_percentage,https://i-soc.com.ua/assets/files/monitoring/us-2014.pdf
private_business,us-2014.pdf,1,unpaginated,a2,4,2014,strongly_disapprove,5.4,True,percent_of_all_respondents_as_published,not_published,extracted_published_percentage,https://i-soc.com.ua/assets/files/monitoring/us-2014.pdf
privatise_land,monitoring-2021dlya-tipografii.pdf,624,624,a5,4,1992,ambivalent,21.8,True,percent_of_all_respondents_as_published,not_published,extracted_published_percentage,https://isnasu.org.ua/assets/files/monitoring/monitoring-2021dlya-tipografii.pdf
privatise_land,monitoring-2021dlya-tipografii.pdf,624,624,a5,4,1992,negative,13.9,True,percent_of_all_respondents_as_published,not_published,extracted_published_percentage,https://isnasu.org.ua/assets/files/monitoring/monitoring-2021dlya-tipografii.pdf
privatise_land,monitoring-2021dlya-tipografii.pdf,624,624,a5,4,1992,no_answer,0.8,True,percent_of_all_respondents_as_published,not_published,extracted_published_percentage,https://isnasu.org.ua/assets/files/monitoring/monitoring-2021dlya-tipografii.pdf
privatise_land,monitoring-2021dlya-tipografii.pdf,624,624,a5,4,1992,positive,63.5,True,percent_of_all_respondents_as_published,not_published,extracted_published_percentage,https://isnasu.org.ua/assets/files/monitoring/monitoring-2021dlya-tipografii.pdf
privatise_land,monitoring-2021dlya-tipografii.pdf,624,624,a5,4,1994,ambivalent,19.1,True,percent_of_all_respondents_as_published,not_published,extracted_published_percentage,https://isnasu.org.ua/assets/files/monitoring/monitoring-2021dlya-tipografii.pdf
privatise_land,monitoring-2021dlya-tipografii.pdf,624,624,a5,4,1994,negative,26.8,True,percent_of_all_respondents_as_published,not_published,extracted_published_percentage,https://isnasu.org.ua/assets/files/monitoring/monitoring-2021dlya-tipografii.pdf
privatise_land,monitoring-2021dlya-tipografii.pdf,624,624,a5,4,1994,no_answer,1.4,True,percent_of_all_respondents_as_published,not_published,extracted_published_percentage,https://isnasu.org.ua/assets/files/monitoring/monitoring-2021dlya-tipografii.pdf
privatise_land,monitoring-2021dlya-tipografii.pdf,624,624,a5,4,1994,positive,52.6,True,percent_of_all_respondents_as_published,not_published,extracted_published_percentage,https://isnasu.org.ua/assets/files/monitoring/monitoring-2021dlya-tipografii.pdf
privatise_land,panina-1994-2005.pdf,21,21,a5,1,1995,ambivalent,20.7,True,percent_of_all_respondents_as_published,not_published,extracted_published_percentage,https://dif.org.ua/uploads/pdf/40574543644fd4df61d653.39323866.pdf
privatise_land,panina-1994-2005.pdf,21,21,a5,1,1995,negative,30.2,True,percent_of_all_respondents_as_published,not_published,extracted_published_percentage,https://dif.org.ua/uploads/pdf/40574543644fd4df61d653.39323866.pdf
privatise_land,panina-1994-2005.pdf,21,21,a5,1,1995,no_answer,0.4,True,percent_of_all_respondents_as_published,not_published,extracted_published_percentage,https://dif.org.ua/uploads/pdf/40574543644fd4df61d653.39323866.pdf
privatise_land,panina-1994-2005.pdf,21,21,a5,1,1995,positive,48.7,True,percent_of_all_respondents_as_published,not_published,extracted_published_percentage,https://dif.org.ua/uploads/pdf/40574543644fd4df61d653.39323866.pdf
privatise_land,monitoring-2021dlya-tipografii.pdf,624,624,a5,4,1996,ambivalent,22.7,True,percent_of_all_respondents_as_published,not_published,extracted_published_percentage,https://isnasu.org.ua/assets/files/monitoring/monitoring-2021dlya-tipografii.pdf
privatise_land,monitoring-2021dlya-tipografii.pdf,624,624,a5,4,1996,negative,27.4,True,percent_of_all_respondents_as_published,not_published,extracted_published_percentage,https://isnasu.org.ua/assets/files/monitoring/monitoring-2021dlya-tipografii.pdf
privatise_land,monitoring-2021dlya-tipografii.pdf,624,624,a5,4,1996,no_answer,0.0,True,percent_of_all_respondents_as_published,not_published,extracted_published_percentage,https://isnasu.org.ua/assets/files/monitoring/monitoring-2021dlya-tipografii.pdf
privatise_land,monitoring-2021dlya-tipografii.pdf,624,624,a5,4,1996,positive,49.8,True,percent_of_all_respondents_as_published,not_published,extracted_published_percentage,https://isnasu.org.ua/assets/files/monitoring/monitoring-2021dlya-tipografii.pdf
privatise_land,panina-1994-2005.pdf,21,21,a5,1,1997,ambivalent,24.2,True,percent_of_all_respondents_as_published,not_published,extracted_published_percentage,https://dif.org.ua/uploads/pdf/40574543644fd4df61d653.39323866.pdf
privatise_land,panina-1994-2005.pdf,21,21,a5,1,1997,negative,29.7,True,percent_of_all_respondents_as_published,not_published,extracted_published_percentage,https://dif.org.ua/uploads/pdf/40574543644fd4df61d653.39323866.pdf
privatise_land,panina-1994-2005.pdf,21,21,a5,1,1997,no_answer,0.1,True,percent_of_all_respondents_as_published,not_published,extracted_published_percentage,https://dif.org.ua/uploads/pdf/40574543644fd4df61d653.39323866.pdf
privatise_land,panina-1994-2005.pdf,21,21,a5,1,1997,positive,46.1,True,percent_of_all_respondents_as_published,not_published,extracted_published_percentage,https://dif.org.ua/uploads/pdf/40574543644fd4df61d653.39323866.pdf
privatise_land,monitoring-2021dlya-tipografii.pdf,624,624,a5,4,1998,ambivalent,22.9,True,percent_of_all_respondents_as_published,not_published,extracted_published_percentage,https://isnasu.org.ua/assets/files/monitoring/monitoring-2021dlya-tipografii.pdf
privatise_land,monitoring-2021dlya-tipografii.pdf,624,624,a5,4,1998,negative,36.7,True,percent_of_all_respondents_as_published,not_published,extracted_published_percentage,https://isnasu.org.ua/assets/files/monitoring/monitoring-2021dlya-tipografii.pdf
privatise_land,monitoring-2021dlya-tipografii.pdf,624,624,a5,4,1998,no_answer,0.3,True,percent_of_all_respondents_as_published,not_published,extracted_published_percentage,https://isnasu.org.ua/assets/files/monitoring/monitoring-2021dlya-tipografii.pdf
privatise_land,monitoring-2021dlya-tipografii.pdf,624,624,a5,4,1998,positive,40.1,True,percent_of_all_respondents_as_published,not_published,extracted_published_percentage,https://isnasu.org.ua/assets/files/monitoring/monitoring-2021dlya-tipografii.pdf
privatise_land,panina-1994-2005.pdf,21,21,a5,1,1999,ambivalent,23.3,True,percent_of_all_respondents_as_published,not_published,extracted_published_percentage,https://dif.org.ua/uploads/pdf/40574543644fd4df61d653.39323866.pdf
privatise_land,panina-1994-2005.pdf,21,21,a5,1,1999,negative,38.7,True,percent_of_all_respondents_as_published,not_published,extracted_published_percentage,https://dif.org.ua/uploads/pdf/40574543644fd4df61d653.39323866.pdf
privatise_land,panina-1994-2005.pdf,21,21,a5,1,1999,no_answer,0.7,True,percent_of_all_respondents_as_published,not_published,extracted_published_percentage,https://dif.org.ua/uploads/pdf/40574543644fd4df61d653.39323866.pdf
privatise_land,panina-1994-2005.pdf,21,21,a5,1,1999,positive,37.3,True,percent_of_all_respondents_as_published,not_published,extracted_published_percentage,https://dif.org.ua/uploads/pdf/40574543644fd4df61d653.39323866.pdf
privatise_land,monitoring-2021dlya-tipografii.pdf,624,624,a5,4,2000,ambivalent,22.8,True,percent_of_all_respondents_as_published,not_published,extracted_published_percentage,https://isnasu.org.ua/assets/files/monitoring/monitoring-2021dlya-tipografii.pdf
privatise_land,monitoring-2021dlya-tipografii.pdf,624,624,a5,4,2000,negative,37.3,True,percent_of_all_respondents_as_published,not_published,extracted_published_percentage,https://isnasu.org.ua/assets/files/monitoring/monitoring-2021dlya-tipografii.pdf
privatise_land,monitoring-2021dlya-tipografii.pdf,624,624,a5,4,2000,no_answer,0.4,True,percent_of_all_respondents_as_published,not_published,extracted_published_percentage,https://isnasu.org.ua/assets/files/monitoring/monitoring-2021dlya-tipografii.pdf
privatise_land,monitoring-2021dlya-tipografii.pdf,624,624,a5,4,2000,positive,39.5,True,percent_of_all_respondents_as_published,not_published,extracted_published_percentage,https://isnasu.org.ua/assets/files/monitoring/monitoring-2021dlya-tipografii.pdf
privatise_land,panina-1994-2005.pdf,21,21,a5,1,2001,ambivalent,21.4,True,percent_of_all_respondents_as_published,not_published,extracted_published_percentage,https://dif.org.ua/uploads/pdf/40574543644fd4df61d653.39323866.pdf
privatise_land,panina-1994-2005.pdf,21,21,a5,1,2001,negative,36.2,True,percent_of_all_respondents_as_published,not_published,extracted_published_percentage,https://dif.org.ua/uploads/pdf/40574543644fd4df61d653.39323866.pdf
privatise_land,panina-1994-2005.pdf,21,21,a5,1,2001,no_answer,0.3,True,percent_of_all_respondents_as_published,not_published,extracted_published_percentage,https://dif.org.ua/uploads/pdf/40574543644fd4df61d653.39323866.pdf
privatise_land,panina-1994-2005.pdf,21,21,a5,1,2001,positive,42.1,True,percent_of_all_respondents_as_published,not_published,extracted_published_percentage,https://dif.org.ua/uploads/pdf/40574543644fd4df61d653.39323866.pdf
privatise_land,monitoring-2021dlya-tipografii.pdf,624,624,a5,4,2002,ambivalent,24.5,True,percent_of_all_respondents_as_published,not_published,extracted_published_percentage,https://isnasu.org.ua/assets/files/monitoring/monitoring-2021dlya-tipografii.pdf
privatise_land,monitoring-2021dlya-tipografii.pdf,624,624,a5,4,2002,negative,27.0,True,percent_of_all_respondents_as_published,not_published,extracted_published_percentage,https://isnasu.org.ua/assets/files/monitoring/monitoring-2021dlya-tipografii.pdf
privatise_land,monitoring-2021dlya-tipografii.pdf,624,624,a5,4,2002,no_answer,0.5,True,percent_of_all_respondents_as_published,not_published,extracted_published_percentage,https://isnasu.org.ua/assets/files/monitoring/monitoring-2021dlya-tipografii.pdf
privatise_land,monitoring-2021dlya-tipografii.pdf,624,624,a5,4,2002,positive,48.0,True,percent_of_all_respondents_as_published,not_published,extracted_published_percentage,https://isnasu.org.ua/assets/files/monitoring/monitoring-2021dlya-tipografii.pdf
privatise_land,panina-1994-2005.pdf,21,21,a5,1,2003,ambivalent,25.2,True,percent_of_all_respondents_as_published,not_published,extracted_published_percentage,https://dif.org.ua/uploads/pdf/40574543644fd4df61d653.39323866.pdf
privatise_land,panina-1994-2005.pdf,21,21,a5,1,2003,negative,29.4,True,percent_of_all_respondents_as_published,not_published,extracted_published_percentage,https://dif.org.ua/uploads/pdf/40574543644fd4df61d653.39323866.pdf
privatise_land,panina-1994-2005.pdf,21,21,a5,1,2003,no_answer,0.2,True,percent_of_all_respondents_as_published,not_published,extracted_published_percentage,https://dif.org.ua/uploads/pdf/40574543644fd4df61d653.39323866.pdf
privatise_land,panina-1994-2005.pdf,21,21,a5,1,2003,positive,45.2,True,percent_of_all_respondents_as_published,not_published,extracted_published_percentage,https://dif.org.ua/uploads/pdf/40574543644fd4df61d653.39323866.pdf
privatise_land,monitoring-2021dlya-tipografii.pdf,624,624,a5,4,2004,ambivalent,26.2,True,percent_of_all_respondents_as_published,not_published,extracted_published_percentage,https://isnasu.org.ua/assets/files/monitoring/monitoring-2021dlya-tipografii.pdf
privatise_land,monitoring-2021dlya-tipografii.pdf,624,624,a5,4,2004,negative,31.4,True,percent_of_all_respondents_as_published,not_published,extracted_published_percentage,https://isnasu.org.ua/assets/files/monitoring/monitoring-2021dlya-tipografii.pdf
privatise_land,monitoring-2021dlya-tipografii.pdf,624,624,a5,4,2004,no_answer,0.2,True,percent_of_all_respondents_as_published,not_published,extracted_published_percentage,https://isnasu.org.ua/assets/files/monitoring/monitoring-2021dlya-tipografii.pdf
privatise_land,monitoring-2021dlya-tipografii.pdf,624,624,a5,4,2004,positive,42.1,True,percent_of_all_respondents_as_published,not_published,extracted_published_percentage,https://isnasu.org.ua/assets/files/monitoring/monitoring-2021dlya-tipografii.pdf
privatise_land,monitoring-2021dlya-tipografii.pdf,624,624,a5,4,2005,ambivalent,26.6,True,percent_of_all_respondents_as_published,not_published,extracted_published_percentage,https://isnasu.org.ua/assets/files/monitoring/monitoring-2021dlya-tipografii.pdf
privatise_land,monitoring-2021dlya-tipografii.pdf,624,624,a5,4,2005,negative,45.2,True,percent_of_all_respondents_as_published,not_published,extracted_published_percentage,https://isnasu.org.ua/assets/files/monitoring/monitoring-2021dlya-tipografii.pdf
privatise_land,monitoring-2021dlya-tipografii.pdf,624,624,a5,4,2005,no_answer,0.4,True,percent_of_all_respondents_as_published,not_published,extracted_published_percentage,https://isnasu.org.ua/assets/files/monitoring/monitoring-2021dlya-tipografii.pdf
privatise_land,monitoring-2021dlya-tipografii.pdf,624,624,a5,4,2005,positive,27.8,True,percent_of_all_respondents_as_published,not_published,extracted_published_percentage,https://isnasu.org.ua/assets/files/monitoring/monitoring-2021dlya-tipografii.pdf
privatise_land,monitoring-2021dlya-tipografii.pdf,624,624,a5,4,2006,ambivalent,22.8,True,percent_of_all_respondents_as_published,not_published,extracted_published_percentage,https://isnasu.org.ua/assets/files/monitoring/monitoring-2021dlya-tipografii.pdf
privatise_land,monitoring-2021dlya-tipografii.pdf,624,624,a5,4,2006,negative,52.8,True,percent_of_all_respondents_as_published,not_published,extracted_published_percentage,https://isnasu.org.ua/assets/files/monitoring/monitoring-2021dlya-tipografii.pdf
privatise_land,monitoring-2021dlya-tipografii.pdf,624,624,a5,4,2006,no_answer,0.5,True,percent_of_all_respondents_as_published,not_published,extracted_published_percentage,https://isnasu.org.ua/assets/files/monitoring/monitoring-2021dlya-tipografii.pdf
privatise_land,monitoring-2021dlya-tipografii.pdf,624,624,a5,4,2006,positive,23.8,True,percent_of_all_respondents_as_published,not_published,extracted_published_percentage,https://isnasu.org.ua/assets/files/monitoring/monitoring-2021dlya-tipografii.pdf
privatise_land,monitoring-2021dlya-tipografii.pdf,624,624,a5,4,2008,ambivalent,20.5,True,percent_of_all_respondents_as_published,not_published,extracted_published_percentage,https://isnasu.org.ua/assets/files/monitoring/monitoring-2021dlya-tipografii.pdf
privatise_land,monitoring-2021dlya-tipografii.pdf,624,624,a5,4,2008,negative,53.1,True,percent_of_all_respondents_as_published,not_published,extracted_published_percentage,https://isnasu.org.ua/assets/files/monitoring/monitoring-2021dlya-tipografii.pdf
privatise_land,monitoring-2021dlya-tipografii.pdf,624,624,a5,4,2008,no_answer,0.7,True,percent_of_all_respondents_as_published,not_published,extracted_published_percentage,https://isnasu.org.ua/assets/files/monitoring/monitoring-2021dlya-tipografii.pdf
privatise_land,monitoring-2021dlya-tipografii.pdf,624,624,a5,4,2008,positive,25.7,True,percent_of_all_respondents_as_published,not_published,extracted_published_percentage,https://isnasu.org.ua/assets/files/monitoring/monitoring-2021dlya-tipografii.pdf
privatise_land,monitoring-2021dlya-tipografii.pdf,624,624,a5,4,2010,ambivalent,23.2,True,percent_of_all_respondents_as_published,not_published,extracted_published_percentage,https://isnasu.org.ua/assets/files/monitoring/monitoring-2021dlya-tipografii.pdf
privatise_land,monitoring-2021dlya-tipografii.pdf,624,624,a5,4,2010,negative,51.4,True,percent_of_all_respondents_as_published,not_published,extracted_published_percentage,https://isnasu.org.ua/assets/files/monitoring/monitoring-2021dlya-tipografii.pdf
privatise_land,monitoring-2021dlya-tipografii.pdf,624,624,a5,4,2010,no_answer,1.4,True,percent_of_all_respondents_as_published,not_published,extracted_published_percentage,https://isnasu.org.ua/assets/files/monitoring/monitoring-2021dlya-tipografii.pdf
privatise_land,monitoring-2021dlya-tipografii.pdf,624,624,a5,4,2010,positive,24.0,True,percent_of_all_respondents_as_published,not_published,extracted_published_percentage,https://isnasu.org.ua/assets/files/monitoring/monitoring-2021dlya-tipografii.pdf
privatise_land,monitoring-2021dlya-tipografii.pdf,624,624,a5,4,2012,ambivalent,24.3,True,percent_of_all_respondents_as_published,not_published,extracted_published_percentage,https://isnasu.org.ua/assets/files/monitoring/monitoring-2021dlya-tipografii.pdf
privatise_land,monitoring-2021dlya-tipografii.pdf,624,624,a5,4,2012,negative,55.8,True,percent_of_all_respondents_as_published,not_published,extracted_published_percentage,https://isnasu.org.ua/assets/files/monitoring/monitoring-2021dlya-tipografii.pdf
privatise_land,monitoring-2021dlya-tipografii.pdf,624,624,a5,4,2012,no_answer,1.3,True,percent_of_all_respondents_as_published,not_published,extracted_published_percentage,https://isnasu.org.ua/assets/files/monitoring/monitoring-2021dlya-tipografii.pdf
privatise_land,monitoring-2021dlya-tipografii.pdf,624,624,a5,4,2012,positive,18.6,True,percent_of_all_respondents_as_published,not_published,extracted_published_percentage,https://isnasu.org.ua/assets/files/monitoring/monitoring-2021dlya-tipografii.pdf
privatise_land,monitoring-2021dlya-tipografii.pdf,624,624,a5,4,2014,ambivalent,24.8,True,percent_of_all_respondents_as_published,not_published,extracted_published_percentage,https://isnasu.org.ua/assets/files/monitoring/monitoring-2021dlya-tipografii.pdf
privatise_land,monitoring-2021dlya-tipografii.pdf,624,624,a5,4,2014,negative,52.9,True,percent_of_all_respondents_as_published,not_published,extracted_published_percentage,https://isnasu.org.ua/assets/files/monitoring/monitoring-2021dlya-tipografii.pdf
privatise_land,monitoring-2021dlya-tipografii.pdf,624,624,a5,4,2014,no_answer,0.7,True,percent_of_all_respondents_as_published,not_published,extracted_published_percentage,https://isnasu.org.ua/assets/files/monitoring/monitoring-2021dlya-tipografii.pdf
privatise_land,monitoring-2021dlya-tipografii.pdf,624,624,a5,4,2014,positive,21.6,True,percent_of_all_respondents_as_published,not_published,extracted_published_percentage,https://isnasu.org.ua/assets/files/monitoring/monitoring-2021dlya-tipografii.pdf
privatise_land,monitoring-2021dlya-tipografii.pdf,624,624,a5,4,2016,ambivalent,24.1,True,percent_of_all_respondents_as_published,not_published,extracted_published_percentage,https://isnasu.org.ua/assets/files/monitoring/monitoring-2021dlya-tipografii.pdf
privatise_land,monitoring-2021dlya-tipografii.pdf,624,624,a5,4,2016,negative,58.9,True,percent_of_all_respondents_as_published,not_published,extracted_published_percentage,https://isnasu.org.ua/assets/files/monitoring/monitoring-2021dlya-tipografii.pdf
privatise_land,monitoring-2021dlya-tipografii.pdf,624,624,a5,4,2016,no_answer,0.3,True,percent_of_all_respondents_as_published,not_published,extracted_published_percentage,https://isnasu.org.ua/assets/files/monitoring/monitoring-2021dlya-tipografii.pdf
privatise_land,monitoring-2021dlya-tipografii.pdf,624,624,a5,4,2016,positive,16.7,True,percent_of_all_respondents_as_published,not_published,extracted_published_percentage,https://isnasu.org.ua/assets/files/monitoring/monitoring-2021dlya-tipografii.pdf
privatise_land,monitoring-2021dlya-tipografii.pdf,624,624,a5,4,2018,ambivalent,22.3,True,percent_of_all_respondents_as_published,not_published,extracted_published_percentage,https://isnasu.org.ua/assets/files/monitoring/monitoring-2021dlya-tipografii.pdf
privatise_land,monitoring-2021dlya-tipografii.pdf,624,624,a5,4,2018,negative,57.3,True,percent_of_all_respondents_as_published,not_published,extracted_published_percentage,https://isnasu.org.ua/assets/files/monitoring/monitoring-2021dlya-tipografii.pdf
privatise_land,monitoring-2021dlya-tipografii.pdf,624,624,a5,4,2018,no_answer,0.0,True,percent_of_all_respondents_as_published,not_published,extracted_published_percentage,https://isnasu.org.ua/assets/files/monitoring/monitoring-2021dlya-tipografii.pdf
privatise_land,monitoring-2021dlya-tipografii.pdf,624,624,a5,4,2018,positive,20.4,True,percent_of_all_respondents_as_published,not_published,extracted_published_percentage,https://isnasu.org.ua/assets/files/monitoring/monitoring-2021dlya-tipografii.pdf
privatise_land,monitoring-2021dlya-tipografii.pdf,624,624,a5,4,2021,ambivalent,27.0,False,percent_of_all_respondents_as_published,not_published,extracted_published_percentage,https://isnasu.org.ua/assets/files/monitoring/monitoring-2021dlya-tipografii.pdf
privatise_land,monitoring-2021dlya-tipografii.pdf,624,624,a5,4,2021,negative,51.2,False,percent_of_all_respondents_as_published,not_published,extracted_published_percentage,https://isnasu.org.ua/assets/files/monitoring/monitoring-2021dlya-tipografii.pdf
privatise_land,monitoring-2021dlya-tipografii.pdf,624,624,a5,4,2021,no_answer,1.1,False,percent_of_all_respondents_as_published,not_published,extracted_published_percentage,https://isnasu.org.ua/assets/files/monitoring/monitoring-2021dlya-tipografii.pdf
privatise_land,monitoring-2021dlya-tipografii.pdf,624,624,a5,4,2021,positive,20.7,False,percent_of_all_respondents_as_published,not_published,extracted_published_percentage,https://isnasu.org.ua/assets/files/monitoring/monitoring-2021dlya-tipografii.pdf
privatise_large,monitoring-2021dlya-tipografii.pdf,624,624,a3,4,1992,ambivalent,41.8,True,percent_of_all_respondents_as_published,not_published,extracted_published_percentage,https://isnasu.org.ua/assets/files/monitoring/monitoring-2021dlya-tipografii.pdf
privatise_large,monitoring-2021dlya-tipografii.pdf,624,624,a3,4,1992,negative,31.6,True,percent_of_all_respondents_as_published,not_published,extracted_published_percentage,https://isnasu.org.ua/assets/files/monitoring/monitoring-2021dlya-tipografii.pdf
privatise_large,monitoring-2021dlya-tipografii.pdf,624,624,a3,4,1992,no_answer,1.4,True,percent_of_all_respondents_as_published,not_published,extracted_published_percentage,https://isnasu.org.ua/assets/files/monitoring/monitoring-2021dlya-tipografii.pdf
privatise_large,monitoring-2021dlya-tipografii.pdf,624,624,a3,4,1992,positive,25.1,True,percent_of_all_respondents_as_published,not_published,extracted_published_percentage,https://isnasu.org.ua/assets/files/monitoring/monitoring-2021dlya-tipografii.pdf
privatise_large,monitoring-2021dlya-tipografii.pdf,624,624,a3,4,1994,ambivalent,34.2,True,percent_of_all_respondents_as_published,not_published,extracted_published_percentage,https://isnasu.org.ua/assets/files/monitoring/monitoring-2021dlya-tipografii.pdf
privatise_large,monitoring-2021dlya-tipografii.pdf,624,624,a3,4,1994,negative,38.4,True,percent_of_all_respondents_as_published,not_published,extracted_published_percentage,https://isnasu.org.ua/assets/files/monitoring/monitoring-2021dlya-tipografii.pdf
privatise_large,monitoring-2021dlya-tipografii.pdf,624,624,a3,4,1994,no_answer,2.7,True,percent_of_all_respondents_as_published,not_published,extracted_published_percentage,https://isnasu.org.ua/assets/files/monitoring/monitoring-2021dlya-tipografii.pdf
privatise_large,monitoring-2021dlya-tipografii.pdf,624,624,a3,4,1994,positive,24.7,True,percent_of_all_respondents_as_published,not_published,extracted_published_percentage,https://isnasu.org.ua/assets/files/monitoring/monitoring-2021dlya-tipografii.pdf
privatise_large,panina-1994-2005.pdf,21,21,a3,1,1995,ambivalent,31.9,True,percent_of_all_respondents_as_published,not_published,extracted_published_percentage,https://dif.org.ua/uploads/pdf/40574543644fd4df61d653.39323866.pdf
privatise_large,panina-1994-2005.pdf,21,21,a3,1,1995,negative,45.8,True,percent_of_all_respondents_as_published,not_published,extracted_published_percentage,https://dif.org.ua/uploads/pdf/40574543644fd4df61d653.39323866.pdf
privatise_large,panina-1994-2005.pdf,21,21,a3,1,1995,no_answer,0.7,True,percent_of_all_respondents_as_published,not_published,extracted_published_percentage,https://dif.org.ua/uploads/pdf/40574543644fd4df61d653.39323866.pdf
privatise_large,panina-1994-2005.pdf,21,21,a3,1,1995,positive,21.7,True,percent_of_all_respondents_as_published,not_published,extracted_published_percentage,https://dif.org.ua/uploads/pdf/40574543644fd4df61d653.39323866.pdf
privatise_large,monitoring-2021dlya-tipografii.pdf,624,624,a3,4,1996,ambivalent,31.7,True,percent_of_all_respondents_as_published,not_published,extracted_published_percentage,https://isnasu.org.ua/assets/files/monitoring/monitoring-2021dlya-tipografii.pdf
privatise_large,monitoring-2021dlya-tipografii.pdf,624,624,a3,4,1996,negative,45.5,True,percent_of_all_respondents_as_published,not_published,extracted_published_percentage,https://isnasu.org.ua/assets/files/monitoring/monitoring-2021dlya-tipografii.pdf
privatise_large,monitoring-2021dlya-tipografii.pdf,624,624,a3,4,1996,no_answer,0.0,True,percent_of_all_respondents_as_published,not_published,extracted_published_percentage,https://isnasu.org.ua/assets/files/monitoring/monitoring-2021dlya-tipografii.pdf
privatise_large,monitoring-2021dlya-tipografii.pdf,624,624,a3,4,1996,positive,22.8,True,percent_of_all_respondents_as_published,not_published,extracted_published_percentage,https://isnasu.org.ua/assets/files/monitoring/monitoring-2021dlya-tipografii.pdf
privatise_large,panina-1994-2005.pdf,21,21,a3,1,1997,ambivalent,32.3,True,percent_of_all_respondents_as_published,not_published,extracted_published_percentage,https://dif.org.ua/uploads/pdf/40574543644fd4df61d653.39323866.pdf
privatise_large,panina-1994-2005.pdf,21,21,a3,1,1997,negative,49.0,True,percent_of_all_respondents_as_published,not_published,extracted_published_percentage,https://dif.org.ua/uploads/pdf/40574543644fd4df61d653.39323866.pdf
privatise_large,panina-1994-2005.pdf,21,21,a3,1,1997,no_answer,0.1,True,percent_of_all_respondents_as_published,not_published,extracted_published_percentage,https://dif.org.ua/uploads/pdf/40574543644fd4df61d653.39323866.pdf
privatise_large,panina-1994-2005.pdf,21,21,a3,1,1997,positive,18.7,True,percent_of_all_respondents_as_published,not_published,extracted_published_percentage,https://dif.org.ua/uploads/pdf/40574543644fd4df61d653.39323866.pdf
privatise_large,monitoring-2021dlya-tipografii.pdf,624,624,a3,4,1998,ambivalent,28.0,True,percent_of_all_respondents_as_published,not_published,extracted_published_percentage,https://isnasu.org.ua/assets/files/monitoring/monitoring-2021dlya-tipografii.pdf
privatise_large,monitoring-2021dlya-tipografii.pdf,624,624,a3,4,1998,negative,54.0,True,percent_of_all_respondents_as_published,not_published,extracted_published_percentage,https://isnasu.org.ua/assets/files/monitoring/monitoring-2021dlya-tipografii.pdf
privatise_large,monitoring-2021dlya-tipografii.pdf,624,624,a3,4,1998,no_answer,0.5,True,percent_of_all_respondents_as_published,not_published,extracted_published_percentage,https://isnasu.org.ua/assets/files/monitoring/monitoring-2021dlya-tipografii.pdf
privatise_large,monitoring-2021dlya-tipografii.pdf,624,624,a3,4,1998,positive,17.5,True,percent_of_all_respondents_as_published,not_published,extracted_published_percentage,https://isnasu.org.ua/assets/files/monitoring/monitoring-2021dlya-tipografii.pdf
privatise_large,panina-1994-2005.pdf,21,21,a3,1,1999,ambivalent,29.0,True,percent_of_all_respondents_as_published,not_published,extracted_published_percentage,https://dif.org.ua/uploads/pdf/40574543644fd4df61d653.39323866.pdf
privatise_large,panina-1994-2005.pdf,21,21,a3,1,1999,negative,52.4,True,percent_of_all_respondents_as_published,not_published,extracted_published_percentage,https://dif.org.ua/uploads/pdf/40574543644fd4df61d653.39323866.pdf
privatise_large,panina-1994-2005.pdf,21,21,a3,1,1999,no_answer,0.9,True,percent_of_all_respondents_as_published,not_published,extracted_published_percentage,https://dif.org.ua/uploads/pdf/40574543644fd4df61d653.39323866.pdf
privatise_large,panina-1994-2005.pdf,21,21,a3,1,1999,positive,17.7,True,percent_of_all_respondents_as_published,not_published,extracted_published_percentage,https://dif.org.ua/uploads/pdf/40574543644fd4df61d653.39323866.pdf
privatise_large,monitoring-2021dlya-tipografii.pdf,624,624,a3,4,2000,ambivalent,30.0,True,percent_of_all_respondents_as_published,not_published,extracted_published_percentage,https://isnasu.org.ua/assets/files/monitoring/monitoring-2021dlya-tipografii.pdf
privatise_large,monitoring-2021dlya-tipografii.pdf,624,624,a3,4,2000,negative,51.4,True,percent_of_all_respondents_as_published,not_published,extracted_published_percentage,https://isnasu.org.ua/assets/files/monitoring/monitoring-2021dlya-tipografii.pdf
privatise_large,monitoring-2021dlya-tipografii.pdf,624,624,a3,4,2000,no_answer,0.8,True,percent_of_all_respondents_as_published,not_published,extracted_published_percentage,https://isnasu.org.ua/assets/files/monitoring/monitoring-2021dlya-tipografii.pdf
privatise_large,monitoring-2021dlya-tipografii.pdf,624,624,a3,4,2000,positive,17.8,True,percent_of_all_respondents_as_published,not_published,extracted_published_percentage,https://isnasu.org.ua/assets/files/monitoring/monitoring-2021dlya-tipografii.pdf
privatise_large,panina-1994-2005.pdf,21,21,a3,1,2001,ambivalent,29.7,True,percent_of_all_respondents_as_published,not_published,extracted_published_percentage,https://dif.org.ua/uploads/pdf/40574543644fd4df61d653.39323866.pdf
privatise_large,panina-1994-2005.pdf,21,21,a3,1,2001,negative,51.8,True,percent_of_all_respondents_as_published,not_published,extracted_published_percentage,https://dif.org.ua/uploads/pdf/40574543644fd4df61d653.39323866.pdf
privatise_large,panina-1994-2005.pdf,21,21,a3,1,2001,no_answer,0.6,True,percent_of_all_respondents_as_published,not_published,extracted_published_percentage,https://dif.org.ua/uploads/pdf/40574543644fd4df61d653.39323866.pdf
privatise_large,panina-1994-2005.pdf,21,21,a3,1,2001,positive,17.8,True,percent_of_all_respondents_as_published,not_published,extracted_published_percentage,https://dif.org.ua/uploads/pdf/40574543644fd4df61d653.39323866.pdf
privatise_large,monitoring-2021dlya-tipografii.pdf,624,624,a3,4,2002,ambivalent,26.3,True,percent_of_all_respondents_as_published,not_published,extracted_published_percentage,https://isnasu.org.ua/assets/files/monitoring/monitoring-2021dlya-tipografii.pdf
privatise_large,monitoring-2021dlya-tipografii.pdf,624,624,a3,4,2002,negative,55.1,True,percent_of_all_respondents_as_published,not_published,extracted_published_percentage,https://isnasu.org.ua/assets/files/monitoring/monitoring-2021dlya-tipografii.pdf
privatise_large,monitoring-2021dlya-tipografii.pdf,624,624,a3,4,2002,no_answer,0.2,True,percent_of_all_respondents_as_published,not_published,extracted_published_percentage,https://isnasu.org.ua/assets/files/monitoring/monitoring-2021dlya-tipografii.pdf
privatise_large,monitoring-2021dlya-tipografii.pdf,624,624,a3,4,2002,positive,18.3,True,percent_of_all_respondents_as_published,not_published,extracted_published_percentage,https://isnasu.org.ua/assets/files/monitoring/monitoring-2021dlya-tipografii.pdf
privatise_large,panina-1994-2005.pdf,21,21,a3,1,2003,ambivalent,29.1,True,percent_of_all_respondents_as_published,not_published,extracted_published_percentage,https://dif.org.ua/uploads/pdf/40574543644fd4df61d653.39323866.pdf
privatise_large,panina-1994-2005.pdf,21,21,a3,1,2003,negative,51.8,True,percent_of_all_respondents_as_published,not_published,extracted_published_percentage,https://dif.org.ua/uploads/pdf/40574543644fd4df61d653.39323866.pdf
privatise_large,panina-1994-2005.pdf,21,21,a3,1,2003,no_answer,0.2,True,percent_of_all_respondents_as_published,not_published,extracted_published_percentage,https://dif.org.ua/uploads/pdf/40574543644fd4df61d653.39323866.pdf
privatise_large,panina-1994-2005.pdf,21,21,a3,1,2003,positive,18.9,True,percent_of_all_respondents_as_published,not_published,extracted_published_percentage,https://dif.org.ua/uploads/pdf/40574543644fd4df61d653.39323866.pdf
privatise_large,monitoring-2021dlya-tipografii.pdf,624,624,a3,4,2004,ambivalent,26.3,True,percent_of_all_respondents_as_published,not_published,extracted_published_percentage,https://isnasu.org.ua/assets/files/monitoring/monitoring-2021dlya-tipografii.pdf
privatise_large,monitoring-2021dlya-tipografii.pdf,624,624,a3,4,2004,negative,56.1,True,percent_of_all_respondents_as_published,not_published,extracted_published_percentage,https://isnasu.org.ua/assets/files/monitoring/monitoring-2021dlya-tipografii.pdf
privatise_large,monitoring-2021dlya-tipografii.pdf,624,624,a3,4,2004,no_answer,0.1,True,percent_of_all_respondents_as_published,not_published,extracted_published_percentage,https://isnasu.org.ua/assets/files/monitoring/monitoring-2021dlya-tipografii.pdf
privatise_large,monitoring-2021dlya-tipografii.pdf,624,624,a3,4,2004,positive,17.5,True,percent_of_all_respondents_as_published,not_published,extracted_published_percentage,https://isnasu.org.ua/assets/files/monitoring/monitoring-2021dlya-tipografii.pdf
privatise_large,monitoring-2021dlya-tipografii.pdf,624,624,a3,4,2005,ambivalent,25.3,True,percent_of_all_respondents_as_published,not_published,extracted_published_percentage,https://isnasu.org.ua/assets/files/monitoring/monitoring-2021dlya-tipografii.pdf
privatise_large,monitoring-2021dlya-tipografii.pdf,624,624,a3,4,2005,negative,60.9,True,percent_of_all_respondents_as_published,not_published,extracted_published_percentage,https://isnasu.org.ua/assets/files/monitoring/monitoring-2021dlya-tipografii.pdf
privatise_large,monitoring-2021dlya-tipografii.pdf,624,624,a3,4,2005,no_answer,0.6,True,percent_of_all_respondents_as_published,not_published,extracted_published_percentage,https://isnasu.org.ua/assets/files/monitoring/monitoring-2021dlya-tipografii.pdf
privatise_large,monitoring-2021dlya-tipografii.pdf,624,624,a3,4,2005,positive,13.3,True,percent_of_all_respondents_as_published,not_published,extracted_published_percentage,https://isnasu.org.ua/assets/files/monitoring/monitoring-2021dlya-tipografii.pdf
privatise_large,monitoring-2021dlya-tipografii.pdf,624,624,a3,4,2006,ambivalent,21.8,True,percent_of_all_respondents_as_published,not_published,extracted_published_percentage,https://isnasu.org.ua/assets/files/monitoring/monitoring-2021dlya-tipografii.pdf
privatise_large,monitoring-2021dlya-tipografii.pdf,624,624,a3,4,2006,negative,67.2,True,percent_of_all_respondents_as_published,not_published,extracted_published_percentage,https://isnasu.org.ua/assets/files/monitoring/monitoring-2021dlya-tipografii.pdf
privatise_large,monitoring-2021dlya-tipografii.pdf,624,624,a3,4,2006,no_answer,0.4,True,percent_of_all_respondents_as_published,not_published,extracted_published_percentage,https://isnasu.org.ua/assets/files/monitoring/monitoring-2021dlya-tipografii.pdf
privatise_large,monitoring-2021dlya-tipografii.pdf,624,624,a3,4,2006,positive,10.6,True,percent_of_all_respondents_as_published,not_published,extracted_published_percentage,https://isnasu.org.ua/assets/files/monitoring/monitoring-2021dlya-tipografii.pdf
privatise_large,monitoring-2021dlya-tipografii.pdf,624,624,a3,4,2008,ambivalent,21.4,True,percent_of_all_respondents_as_published,not_published,extracted_published_percentage,https://isnasu.org.ua/assets/files/monitoring/monitoring-2021dlya-tipografii.pdf
privatise_large,monitoring-2021dlya-tipografii.pdf,624,624,a3,4,2008,negative,64.1,True,percent_of_all_respondents_as_published,not_published,extracted_published_percentage,https://isnasu.org.ua/assets/files/monitoring/monitoring-2021dlya-tipografii.pdf
privatise_large,monitoring-2021dlya-tipografii.pdf,624,624,a3,4,2008,no_answer,0.6,True,percent_of_all_respondents_as_published,not_published,extracted_published_percentage,https://isnasu.org.ua/assets/files/monitoring/monitoring-2021dlya-tipografii.pdf
privatise_large,monitoring-2021dlya-tipografii.pdf,624,624,a3,4,2008,positive,13.9,True,percent_of_all_respondents_as_published,not_published,extracted_published_percentage,https://isnasu.org.ua/assets/files/monitoring/monitoring-2021dlya-tipografii.pdf
privatise_large,monitoring-2021dlya-tipografii.pdf,624,624,a3,4,2010,ambivalent,24.5,True,percent_of_all_respondents_as_published,not_published,extracted_published_percentage,https://isnasu.org.ua/assets/files/monitoring/monitoring-2021dlya-tipografii.pdf
privatise_large,monitoring-2021dlya-tipografii.pdf,624,624,a3,4,2010,negative,61.3,True,percent_of_all_respondents_as_published,not_published,extracted_published_percentage,https://isnasu.org.ua/assets/files/monitoring/monitoring-2021dlya-tipografii.pdf
privatise_large,monitoring-2021dlya-tipografii.pdf,624,624,a3,4,2010,no_answer,1.3,True,percent_of_all_respondents_as_published,not_published,extracted_published_percentage,https://isnasu.org.ua/assets/files/monitoring/monitoring-2021dlya-tipografii.pdf
privatise_large,monitoring-2021dlya-tipografii.pdf,624,624,a3,4,2010,positive,12.9,True,percent_of_all_respondents_as_published,not_published,extracted_published_percentage,https://isnasu.org.ua/assets/files/monitoring/monitoring-2021dlya-tipografii.pdf
privatise_large,monitoring-2021dlya-tipografii.pdf,624,624,a3,4,2012,ambivalent,23.9,True,percent_of_all_respondents_as_published,not_published,extracted_published_percentage,https://isnasu.org.ua/assets/files/monitoring/monitoring-2021dlya-tipografii.pdf
privatise_large,monitoring-2021dlya-tipografii.pdf,624,624,a3,4,2012,negative,62.7,True,percent_of_all_respondents_as_published,not_published,extracted_published_percentage,https://isnasu.org.ua/assets/files/monitoring/monitoring-2021dlya-tipografii.pdf
privatise_large,monitoring-2021dlya-tipografii.pdf,624,624,a3,4,2012,no_answer,0.8,True,percent_of_all_respondents_as_published,not_published,extracted_published_percentage,https://isnasu.org.ua/assets/files/monitoring/monitoring-2021dlya-tipografii.pdf
privatise_large,monitoring-2021dlya-tipografii.pdf,624,624,a3,4,2012,positive,12.6,True,percent_of_all_respondents_as_published,not_published,extracted_published_percentage,https://isnasu.org.ua/assets/files/monitoring/monitoring-2021dlya-tipografii.pdf
privatise_large,monitoring-2021dlya-tipografii.pdf,624,624,a3,4,2014,ambivalent,25.2,True,percent_of_all_respondents_as_published,not_published,extracted_published_percentage,https://isnasu.org.ua/assets/files/monitoring/monitoring-2021dlya-tipografii.pdf
privatise_large,monitoring-2021dlya-tipografii.pdf,624,624,a3,4,2014,negative,54.4,True,percent_of_all_respondents_as_published,not_published,extracted_published_percentage,https://isnasu.org.ua/assets/files/monitoring/monitoring-2021dlya-tipografii.pdf
privatise_large,monitoring-2021dlya-tipografii.pdf,624,624,a3,4,2014,no_answer,0.5,True,percent_of_all_respondents_as_published,not_published,extracted_published_percentage,https://isnasu.org.ua/assets/files/monitoring/monitoring-2021dlya-tipografii.pdf
privatise_large,monitoring-2021dlya-tipografii.pdf,624,624,a3,4,2014,positive,19.9,True,percent_of_all_respondents_as_published,not_published,extracted_published_percentage,https://isnasu.org.ua/assets/files/monitoring/monitoring-2021dlya-tipografii.pdf
privatise_large,monitoring-2021dlya-tipografii.pdf,624,624,a3,4,2016,ambivalent,23.6,True,percent_of_all_respondents_as_published,not_published,extracted_published_percentage,https://isnasu.org.ua/assets/files/monitoring/monitoring-2021dlya-tipografii.pdf
privatise_large,monitoring-2021dlya-tipografii.pdf,624,624,a3,4,2016,negative,62.3,True,percent_of_all_respondents_as_published,not_published,extracted_published_percentage,https://isnasu.org.ua/assets/files/monitoring/monitoring-2021dlya-tipografii.pdf
privatise_large,monitoring-2021dlya-tipografii.pdf,624,624,a3,4,2016,no_answer,0.3,True,percent_of_all_respondents_as_published,not_published,extracted_published_percentage,https://isnasu.org.ua/assets/files/monitoring/monitoring-2021dlya-tipografii.pdf
privatise_large,monitoring-2021dlya-tipografii.pdf,624,624,a3,4,2016,positive,13.8,True,percent_of_all_respondents_as_published,not_published,extracted_published_percentage,https://isnasu.org.ua/assets/files/monitoring/monitoring-2021dlya-tipografii.pdf
privatise_large,monitoring-2021dlya-tipografii.pdf,624,624,a3,4,2018,ambivalent,25.1,True,percent_of_all_respondents_as_published,not_published,extracted_published_percentage,https://isnasu.org.ua/assets/files/monitoring/monitoring-2021dlya-tipografii.pdf
privatise_large,monitoring-2021dlya-tipografii.pdf,624,624,a3,4,2018,negative,57.6,True,percent_of_all_respondents_as_published,not_published,extracted_published_percentage,https://isnasu.org.ua/assets/files/monitoring/monitoring-2021dlya-tipografii.pdf
privatise_large,monitoring-2021dlya-tipografii.pdf,624,624,a3,4,2018,no_answer,0.0,True,percent_of_all_respondents_as_published,not_published,extracted_published_percentage,https://isnasu.org.ua/assets/files/monitoring/monitoring-2021dlya-tipografii.pdf
privatise_large,monitoring-2021dlya-tipografii.pdf,624,624,a3,4,2018,positive,17.3,True,percent_of_all_respondents_as_published,not_published,extracted_published_percentage,https://isnasu.org.ua/assets/files/monitoring/monitoring-2021dlya-tipografii.pdf
privatise_large,monitoring-2021dlya-tipografii.pdf,624,624,a3,4,2021,ambivalent,28.0,False,percent_of_all_respondents_as_published,not_published,extracted_published_percentage,https://isnasu.org.ua/assets/files/monitoring/monitoring-2021dlya-tipografii.pdf
privatise_large,monitoring-2021dlya-tipografii.pdf,624,624,a3,4,2021,negative,53.5,False,percent_of_all_respondents_as_published,not_published,extracted_published_percentage,https://isnasu.org.ua/assets/files/monitoring/monitoring-2021dlya-tipografii.pdf
privatise_large,monitoring-2021dlya-tipografii.pdf,624,624,a3,4,2021,no_answer,0.6,False,percent_of_all_respondents_as_published,not_published,extracted_published_percentage,https://isnasu.org.ua/assets/files/monitoring/monitoring-2021dlya-tipografii.pdf
privatise_large,monitoring-2021dlya-tipografii.pdf,624,624,a3,4,2021,positive,17.9,False,percent_of_all_respondents_as_published,not_published,extracted_published_percentage,https://isnasu.org.ua/assets/files/monitoring/monitoring-2021dlya-tipografii.pdf
privatise_small,monitoring-2021dlya-tipografii.pdf,624,624,a4,4,1992,ambivalent,28.8,True,percent_of_all_respondents_as_published,not_published,extracted_published_percentage,https://isnasu.org.ua/assets/files/monitoring/monitoring-2021dlya-tipografii.pdf
privatise_small,monitoring-2021dlya-tipografii.pdf,624,624,a4,4,1992,negative,13.6,True,percent_of_all_respondents_as_published,not_published,extracted_published_percentage,https://isnasu.org.ua/assets/files/monitoring/monitoring-2021dlya-tipografii.pdf
privatise_small,monitoring-2021dlya-tipografii.pdf,624,624,a4,4,1992,no_answer,1.4,True,percent_of_all_respondents_as_published,not_published,extracted_published_percentage,https://isnasu.org.ua/assets/files/monitoring/monitoring-2021dlya-tipografii.pdf
privatise_small,monitoring-2021dlya-tipografii.pdf,624,624,a4,4,1992,positive,56.2,True,percent_of_all_respondents_as_published,not_published,extracted_published_percentage,https://isnasu.org.ua/assets/files/monitoring/monitoring-2021dlya-tipografii.pdf
privatise_small,monitoring-2021dlya-tipografii.pdf,624,624,a4,4,1994,ambivalent,24.4,True,percent_of_all_respondents_as_published,not_published,extracted_published_percentage,https://isnasu.org.ua/assets/files/monitoring/monitoring-2021dlya-tipografii.pdf
privatise_small,monitoring-2021dlya-tipografii.pdf,624,624,a4,4,1994,negative,18.3,True,percent_of_all_respondents_as_published,not_published,extracted_published_percentage,https://isnasu.org.ua/assets/files/monitoring/monitoring-2021dlya-tipografii.pdf
privatise_small,monitoring-2021dlya-tipografii.pdf,624,624,a4,4,1994,no_answer,2.5,True,percent_of_all_respondents_as_published,not_published,extracted_published_percentage,https://isnasu.org.ua/assets/files/monitoring/monitoring-2021dlya-tipografii.pdf
privatise_small,monitoring-2021dlya-tipografii.pdf,624,624,a4,4,1994,positive,54.8,True,percent_of_all_respondents_as_published,not_published,extracted_published_percentage,https://isnasu.org.ua/assets/files/monitoring/monitoring-2021dlya-tipografii.pdf
privatise_small,panina-1994-2005.pdf,21,21,a4,1,1995,ambivalent,25.1,True,percent_of_all_respondents_as_published,not_published,extracted_published_percentage,https://dif.org.ua/uploads/pdf/40574543644fd4df61d653.39323866.pdf
privatise_small,panina-1994-2005.pdf,21,21,a4,1,1995,negative,19.0,True,percent_of_all_respondents_as_published,not_published,extracted_published_percentage,https://dif.org.ua/uploads/pdf/40574543644fd4df61d653.39323866.pdf
privatise_small,panina-1994-2005.pdf,21,21,a4,1,1995,no_answer,0.6,True,percent_of_all_respondents_as_published,not_published,extracted_published_percentage,https://dif.org.ua/uploads/pdf/40574543644fd4df61d653.39323866.pdf
privatise_small,panina-1994-2005.pdf,21,21,a4,1,1995,positive,55.4,True,percent_of_all_respondents_as_published,not_published,extracted_published_percentage,https://dif.org.ua/uploads/pdf/40574543644fd4df61d653.39323866.pdf
privatise_small,monitoring-2021dlya-tipografii.pdf,624,624,a4,4,1996,ambivalent,27.2,True,percent_of_all_respondents_as_published,not_published,extracted_published_percentage,https://isnasu.org.ua/assets/files/monitoring/monitoring-2021dlya-tipografii.pdf
privatise_small,monitoring-2021dlya-tipografii.pdf,624,624,a4,4,1996,negative,19.3,True,percent_of_all_respondents_as_published,not_published,extracted_published_percentage,https://isnasu.org.ua/assets/files/monitoring/monitoring-2021dlya-tipografii.pdf
privatise_small,monitoring-2021dlya-tipografii.pdf,624,624,a4,4,1996,no_answer,0.0,True,percent_of_all_respondents_as_published,not_published,extracted_published_percentage,https://isnasu.org.ua/assets/files/monitoring/monitoring-2021dlya-tipografii.pdf
privatise_small,monitoring-2021dlya-tipografii.pdf,624,624,a4,4,1996,positive,53.4,True,percent_of_all_respondents_as_published,not_published,extracted_published_percentage,https://isnasu.org.ua/assets/files/monitoring/monitoring-2021dlya-tipografii.pdf
privatise_small,panina-1994-2005.pdf,21,21,a4,1,1997,ambivalent,27.5,True,percent_of_all_respondents_as_published,not_published,extracted_published_percentage,https://dif.org.ua/uploads/pdf/40574543644fd4df61d653.39323866.pdf
privatise_small,panina-1994-2005.pdf,21,21,a4,1,1997,negative,22.0,True,percent_of_all_respondents_as_published,not_published,extracted_published_percentage,https://dif.org.ua/uploads/pdf/40574543644fd4df61d653.39323866.pdf
privatise_small,panina-1994-2005.pdf,21,21,a4,1,1997,no_answer,0.1,True,percent_of_all_respondents_as_published,not_published,extracted_published_percentage,https://dif.org.ua/uploads/pdf/40574543644fd4df61d653.39323866.pdf
privatise_small,panina-1994-2005.pdf,21,21,a4,1,1997,positive,50.4,True,percent_of_all_respondents_as_published,not_published,extracted_published_percentage,https://dif.org.ua/uploads/pdf/40574543644fd4df61d653.39323866.pdf
privatise_small,monitoring-2021dlya-tipografii.pdf,624,624,a4,4,1998,ambivalent,24.9,True,percent_of_all_respondents_as_published,not_published,extracted_published_percentage,https://isnasu.org.ua/assets/files/monitoring/monitoring-2021dlya-tipografii.pdf
privatise_small,monitoring-2021dlya-tipografii.pdf,624,624,a4,4,1998,negative,20.9,True,percent_of_all_respondents_as_published,not_published,extracted_published_percentage,https://isnasu.org.ua/assets/files/monitoring/monitoring-2021dlya-tipografii.pdf
privatise_small,monitoring-2021dlya-tipografii.pdf,624,624,a4,4,1998,no_answer,0.4,True,percent_of_all_respondents_as_published,not_published,extracted_published_percentage,https://isnasu.org.ua/assets/files/monitoring/monitoring-2021dlya-tipografii.pdf
privatise_small,monitoring-2021dlya-tipografii.pdf,624,624,a4,4,1998,positive,53.7,True,percent_of_all_respondents_as_published,not_published,extracted_published_percentage,https://isnasu.org.ua/assets/files/monitoring/monitoring-2021dlya-tipografii.pdf
privatise_small,panina-1994-2005.pdf,21,21,a4,1,1999,ambivalent,27.2,True,percent_of_all_respondents_as_published,not_published,extracted_published_percentage,https://dif.org.ua/uploads/pdf/40574543644fd4df61d653.39323866.pdf
privatise_small,panina-1994-2005.pdf,21,21,a4,1,1999,negative,22.9,True,percent_of_all_respondents_as_published,not_published,extracted_published_percentage,https://dif.org.ua/uploads/pdf/40574543644fd4df61d653.39323866.pdf
privatise_small,panina-1994-2005.pdf,21,21,a4,1,1999,no_answer,0.7,True,percent_of_all_respondents_as_published,not_published,extracted_published_percentage,https://dif.org.ua/uploads/pdf/40574543644fd4df61d653.39323866.pdf
privatise_small,panina-1994-2005.pdf,21,21,a4,1,1999,positive,49.2,True,percent_of_all_respondents_as_published,not_published,extracted_published_percentage,https://dif.org.ua/uploads/pdf/40574543644fd4df61d653.39323866.pdf
privatise_small,monitoring-2021dlya-tipografii.pdf,624,624,a4,4,2000,ambivalent,28.6,True,percent_of_all_respondents_as_published,not_published,extracted_published_percentage,https://isnasu.org.ua/assets/files/monitoring/monitoring-2021dlya-tipografii.pdf
privatise_small,monitoring-2021dlya-tipografii.pdf,624,624,a4,4,2000,negative,18.7,True,percent_of_all_respondents_as_published,not_published,extracted_published_percentage,https://isnasu.org.ua/assets/files/monitoring/monitoring-2021dlya-tipografii.pdf
privatise_small,monitoring-2021dlya-tipografii.pdf,624,624,a4,4,2000,no_answer,0.8,True,percent_of_all_respondents_as_published,not_published,extracted_published_percentage,https://isnasu.org.ua/assets/files/monitoring/monitoring-2021dlya-tipografii.pdf
privatise_small,monitoring-2021dlya-tipografii.pdf,624,624,a4,4,2000,positive,52.0,True,percent_of_all_respondents_as_published,not_published,extracted_published_percentage,https://isnasu.org.ua/assets/files/monitoring/monitoring-2021dlya-tipografii.pdf
privatise_small,panina-1994-2005.pdf,21,21,a4,1,2001,ambivalent,23.1,True,percent_of_all_respondents_as_published,not_published,extracted_published_percentage,https://dif.org.ua/uploads/pdf/40574543644fd4df61d653.39323866.pdf
privatise_small,panina-1994-2005.pdf,21,21,a4,1,2001,negative,18.7,True,percent_of_all_respondents_as_published,not_published,extracted_published_percentage,https://dif.org.ua/uploads/pdf/40574543644fd4df61d653.39323866.pdf
privatise_small,panina-1994-2005.pdf,21,21,a4,1,2001,no_answer,0.7,True,percent_of_all_respondents_as_published,not_published,extracted_published_percentage,https://dif.org.ua/uploads/pdf/40574543644fd4df61d653.39323866.pdf
privatise_small,panina-1994-2005.pdf,21,21,a4,1,2001,positive,57.5,True,percent_of_all_respondents_as_published,not_published,extracted_published_percentage,https://dif.org.ua/uploads/pdf/40574543644fd4df61d653.39323866.pdf
privatise_small,monitoring-2021dlya-tipografii.pdf,624,624,a4,4,2002,ambivalent,27.7,True,percent_of_all_respondents_as_published,not_published,extracted_published_percentage,https://isnasu.org.ua/assets/files/monitoring/monitoring-2021dlya-tipografii.pdf
privatise_small,monitoring-2021dlya-tipografii.pdf,624,624,a4,4,2002,negative,21.4,True,percent_of_all_respondents_as_published,not_published,extracted_published_percentage,https://isnasu.org.ua/assets/files/monitoring/monitoring-2021dlya-tipografii.pdf
privatise_small,monitoring-2021dlya-tipografii.pdf,624,624,a4,4,2002,no_answer,0.4,True,percent_of_all_respondents_as_published,not_published,extracted_published_percentage,https://isnasu.org.ua/assets/files/monitoring/monitoring-2021dlya-tipografii.pdf
privatise_small,monitoring-2021dlya-tipografii.pdf,624,624,a4,4,2002,positive,50.5,True,percent_of_all_respondents_as_published,not_published,extracted_published_percentage,https://isnasu.org.ua/assets/files/monitoring/monitoring-2021dlya-tipografii.pdf
privatise_small,panina-1994-2005.pdf,21,21,a4,1,2003,ambivalent,27.7,True,percent_of_all_respondents_as_published,not_published,extracted_published_percentage,https://dif.org.ua/uploads/pdf/40574543644fd4df61d653.39323866.pdf
privatise_small,panina-1994-2005.pdf,21,21,a4,1,2003,negative,22.7,True,percent_of_all_respondents_as_published,not_published,extracted_published_percentage,https://dif.org.ua/uploads/pdf/40574543644fd4df61d653.39323866.pdf
privatise_small,panina-1994-2005.pdf,21,21,a4,1,2003,no_answer,0.3,True,percent_of_all_respondents_as_published,not_published,extracted_published_percentage,https://dif.org.ua/uploads/pdf/40574543644fd4df61d653.39323866.pdf
privatise_small,panina-1994-2005.pdf,21,21,a4,1,2003,positive,49.3,True,percent_of_all_respondents_as_published,not_published,extracted_published_percentage,https://dif.org.ua/uploads/pdf/40574543644fd4df61d653.39323866.pdf
privatise_small,monitoring-2021dlya-tipografii.pdf,624,624,a4,4,2004,ambivalent,27.6,True,percent_of_all_respondents_as_published,not_published,extracted_published_percentage,https://isnasu.org.ua/assets/files/monitoring/monitoring-2021dlya-tipografii.pdf
privatise_small,monitoring-2021dlya-tipografii.pdf,624,624,a4,4,2004,negative,25.2,True,percent_of_all_respondents_as_published,not_published,extracted_published_percentage,https://isnasu.org.ua/assets/files/monitoring/monitoring-2021dlya-tipografii.pdf
privatise_small,monitoring-2021dlya-tipografii.pdf,624,624,a4,4,2004,no_answer,0.0,True,percent_of_all_respondents_as_published,not_published,extracted_published_percentage,https://isnasu.org.ua/assets/files/monitoring/monitoring-2021dlya-tipografii.pdf
privatise_small,monitoring-2021dlya-tipografii.pdf,624,624,a4,4,2004,positive,47.2,True,percent_of_all_respondents_as_published,not_published,extracted_published_percentage,https://isnasu.org.ua/assets/files/monitoring/monitoring-2021dlya-tipografii.pdf
privatise_small,monitoring-2021dlya-tipografii.pdf,624,624,a4,4,2005,ambivalent,32.3,True,percent_of_all_respondents_as_published,not_published,extracted_published_percentage,https://isnasu.org.ua/assets/files/monitoring/monitoring-2021dlya-tipografii.pdf
privatise_small,monitoring-2021dlya-tipografii.pdf,624,624,a4,4,2005,negative,23.3,True,percent_of_all_respondents_as_published,not_published,extracted_published_percentage,https://isnasu.org.ua/assets/files/monitoring/monitoring-2021dlya-tipografii.pdf
privatise_small,monitoring-2021dlya-tipografii.pdf,624,624,a4,4,2005,no_answer,0.7,True,percent_of_all_respondents_as_published,not_published,extracted_published_percentage,https://isnasu.org.ua/assets/files/monitoring/monitoring-2021dlya-tipografii.pdf
privatise_small,monitoring-2021dlya-tipografii.pdf,624,624,a4,4,2005,positive,43.7,True,percent_of_all_respondents_as_published,not_published,extracted_published_percentage,https://isnasu.org.ua/assets/files/monitoring/monitoring-2021dlya-tipografii.pdf
privatise_small,monitoring-2021dlya-tipografii.pdf,624,624,a4,4,2006,ambivalent,27.3,True,percent_of_all_respondents_as_published,not_published,extracted_published_percentage,https://isnasu.org.ua/assets/files/monitoring/monitoring-2021dlya-tipografii.pdf
privatise_small,monitoring-2021dlya-tipografii.pdf,624,624,a4,4,2006,negative,28.6,True,percent_of_all_respondents_as_published,not_published,extracted_published_percentage,https://isnasu.org.ua/assets/files/monitoring/monitoring-2021dlya-tipografii.pdf
privatise_small,monitoring-2021dlya-tipografii.pdf,624,624,a4,4,2006,no_answer,0.7,True,percent_of_all_respondents_as_published,not_published,extracted_published_percentage,https://isnasu.org.ua/assets/files/monitoring/monitoring-2021dlya-tipografii.pdf
privatise_small,monitoring-2021dlya-tipografii.pdf,624,624,a4,4,2006,positive,43.4,True,percent_of_all_respondents_as_published,not_published,extracted_published_percentage,https://isnasu.org.ua/assets/files/monitoring/monitoring-2021dlya-tipografii.pdf
privatise_small,monitoring-2021dlya-tipografii.pdf,624,624,a4,4,2008,ambivalent,29.0,True,percent_of_all_respondents_as_published,not_published,extracted_published_percentage,https://isnasu.org.ua/assets/files/monitoring/monitoring-2021dlya-tipografii.pdf
privatise_small,monitoring-2021dlya-tipografii.pdf,624,624,a4,4,2008,negative,25.7,True,percent_of_all_respondents_as_published,not_published,extracted_published_percentage,https://isnasu.org.ua/assets/files/monitoring/monitoring-2021dlya-tipografii.pdf
privatise_small,monitoring-2021dlya-tipografii.pdf,624,624,a4,4,2008,no_answer,0.8,True,percent_of_all_respondents_as_published,not_published,extracted_published_percentage,https://isnasu.org.ua/assets/files/monitoring/monitoring-2021dlya-tipografii.pdf
privatise_small,monitoring-2021dlya-tipografii.pdf,624,624,a4,4,2008,positive,44.6,True,percent_of_all_respondents_as_published,not_published,extracted_published_percentage,https://isnasu.org.ua/assets/files/monitoring/monitoring-2021dlya-tipografii.pdf
privatise_small,monitoring-2021dlya-tipografii.pdf,624,624,a4,4,2010,ambivalent,30.4,True,percent_of_all_respondents_as_published,not_published,extracted_published_percentage,https://isnasu.org.ua/assets/files/monitoring/monitoring-2021dlya-tipografii.pdf
privatise_small,monitoring-2021dlya-tipografii.pdf,624,624,a4,4,2010,negative,28.1,True,percent_of_all_respondents_as_published,not_published,extracted_published_percentage,https://isnasu.org.ua/assets/files/monitoring/monitoring-2021dlya-tipografii.pdf
privatise_small,monitoring-2021dlya-tipografii.pdf,624,624,a4,4,2010,no_answer,1.7,True,percent_of_all_respondents_as_published,not_published,extracted_published_percentage,https://isnasu.org.ua/assets/files/monitoring/monitoring-2021dlya-tipografii.pdf
privatise_small,monitoring-2021dlya-tipografii.pdf,624,624,a4,4,2010,positive,39.8,True,percent_of_all_respondents_as_published,not_published,extracted_published_percentage,https://isnasu.org.ua/assets/files/monitoring/monitoring-2021dlya-tipografii.pdf
privatise_small,monitoring-2021dlya-tipografii.pdf,624,624,a4,4,2012,ambivalent,32.0,True,percent_of_all_respondents_as_published,not_published,extracted_published_percentage,https://isnasu.org.ua/assets/files/monitoring/monitoring-2021dlya-tipografii.pdf
privatise_small,monitoring-2021dlya-tipografii.pdf,624,624,a4,4,2012,negative,31.1,True,percent_of_all_respondents_as_published,not_published,extracted_published_percentage,https://isnasu.org.ua/assets/files/monitoring/monitoring-2021dlya-tipografii.pdf
privatise_small,monitoring-2021dlya-tipografii.pdf,624,624,a4,4,2012,no_answer,1.9,True,percent_of_all_respondents_as_published,not_published,extracted_published_percentage,https://isnasu.org.ua/assets/files/monitoring/monitoring-2021dlya-tipografii.pdf
privatise_small,monitoring-2021dlya-tipografii.pdf,624,624,a4,4,2012,positive,34.9,True,percent_of_all_respondents_as_published,not_published,extracted_published_percentage,https://isnasu.org.ua/assets/files/monitoring/monitoring-2021dlya-tipografii.pdf
privatise_small,monitoring-2021dlya-tipografii.pdf,624,624,a4,4,2014,ambivalent,30.3,True,percent_of_all_respondents_as_published,not_published,extracted_published_percentage,https://isnasu.org.ua/assets/files/monitoring/monitoring-2021dlya-tipografii.pdf
privatise_small,monitoring-2021dlya-tipografii.pdf,624,624,a4,4,2014,negative,25.9,True,percent_of_all_respondents_as_published,not_published,extracted_published_percentage,https://isnasu.org.ua/assets/files/monitoring/monitoring-2021dlya-tipografii.pdf
privatise_small,monitoring-2021dlya-tipografii.pdf,624,624,a4,4,2014,no_answer,0.7,True,percent_of_all_respondents_as_published,not_published,extracted_published_percentage,https://isnasu.org.ua/assets/files/monitoring/monitoring-2021dlya-tipografii.pdf
privatise_small,monitoring-2021dlya-tipografii.pdf,624,624,a4,4,2014,positive,43.1,True,percent_of_all_respondents_as_published,not_published,extracted_published_percentage,https://isnasu.org.ua/assets/files/monitoring/monitoring-2021dlya-tipografii.pdf
privatise_small,monitoring-2021dlya-tipografii.pdf,624,624,a4,4,2016,ambivalent,30.6,True,percent_of_all_respondents_as_published,not_published,extracted_published_percentage,https://isnasu.org.ua/assets/files/monitoring/monitoring-2021dlya-tipografii.pdf
privatise_small,monitoring-2021dlya-tipografii.pdf,624,624,a4,4,2016,negative,36.7,True,percent_of_all_respondents_as_published,not_published,extracted_published_percentage,https://isnasu.org.ua/assets/files/monitoring/monitoring-2021dlya-tipografii.pdf
privatise_small,monitoring-2021dlya-tipografii.pdf,624,624,a4,4,2016,no_answer,0.5,True,percent_of_all_respondents_as_published,not_published,extracted_published_percentage,https://isnasu.org.ua/assets/files/monitoring/monitoring-2021dlya-tipografii.pdf
privatise_small,monitoring-2021dlya-tipografii.pdf,624,624,a4,4,2016,positive,32.2,True,percent_of_all_respondents_as_published,not_published,extracted_published_percentage,https://isnasu.org.ua/assets/files/monitoring/monitoring-2021dlya-tipografii.pdf
privatise_small,monitoring-2021dlya-tipografii.pdf,624,624,a4,4,2018,ambivalent,30.1,True,percent_of_all_respondents_as_published,not_published,extracted_published_percentage,https://isnasu.org.ua/assets/files/monitoring/monitoring-2021dlya-tipografii.pdf
privatise_small,monitoring-2021dlya-tipografii.pdf,624,624,a4,4,2018,negative,34.9,True,percent_of_all_respondents_as_published,not_published,extracted_published_percentage,https://isnasu.org.ua/assets/files/monitoring/monitoring-2021dlya-tipografii.pdf
privatise_small,monitoring-2021dlya-tipografii.pdf,624,624,a4,4,2018,no_answer,0.0,True,percent_of_all_respondents_as_published,not_published,extracted_published_percentage,https://isnasu.org.ua/assets/files/monitoring/monitoring-2021dlya-tipografii.pdf
privatise_small,monitoring-2021dlya-tipografii.pdf,624,624,a4,4,2018,positive,35.0,True,percent_of_all_respondents_as_published,not_published,extracted_published_percentage,https://isnasu.org.ua/assets/files/monitoring/monitoring-2021dlya-tipografii.pdf
privatise_small,monitoring-2021dlya-tipografii.pdf,624,624,a4,4,2021,ambivalent,33.4,False,percent_of_all_respondents_as_published,not_published,extracted_published_percentage,https://isnasu.org.ua/assets/files/monitoring/monitoring-2021dlya-tipografii.pdf
privatise_small,monitoring-2021dlya-tipografii.pdf,624,624,a4,4,2021,negative,34.7,False,percent_of_all_respondents_as_published,not_published,extracted_published_percentage,https://isnasu.org.ua/assets/files/monitoring/monitoring-2021dlya-tipografii.pdf
privatise_small,monitoring-2021dlya-tipografii.pdf,624,624,a4,4,2021,no_answer,0.9,False,percent_of_all_respondents_as_published,not_published,extracted_published_percentage,https://isnasu.org.ua/assets/files/monitoring/monitoring-2021dlya-tipografii.pdf
privatise_small,monitoring-2021dlya-tipografii.pdf,624,624,a4,4,2021,positive,31.0,False,percent_of_all_respondents_as_published,not_published,extracted_published_percentage,https://isnasu.org.ua/assets/files/monitoring/monitoring-2021dlya-tipografii.pdf
renationalise_land,soc-mon-2013.pdf,450,450,an9,1,2013,dont_know,18.7,True,percent_of_all_respondents_as_published,not_published,extracted_published_percentage,https://isnasu.org.ua/assets/files/monitoring/soc-mon-2013.pdf
renationalise_land,soc-mon-2013.pdf,450,450,an9,1,2013,no,8.7,True,percent_of_all_respondents_as_published,not_published,extracted_published_percentage,https://isnasu.org.ua/assets/files/monitoring/soc-mon-2013.pdf
renationalise_land,soc-mon-2013.pdf,450,450,an9,1,2013,no_answer,0.3,True,percent_of_all_respondents_as_published,not_published,extracted_published_percentage,https://isnasu.org.ua/assets/files/monitoring/soc-mon-2013.pdf
renationalise_land,soc-mon-2013.pdf,450,450,an9,1,2013,rather_no,11.6,True,percent_of_all_respondents_as_published,not_published,extracted_published_percentage,https://isnasu.org.ua/assets/files/monitoring/soc-mon-2013.pdf
renationalise_land,soc-mon-2013.pdf,450,450,an9,1,2013,rather_yes,19.4,True,percent_of_all_respondents_as_published,not_published,extracted_published_percentage,https://isnasu.org.ua/assets/files/monitoring/soc-mon-2013.pdf
renationalise_land,soc-mon-2013.pdf,450,450,an9,1,2013,yes,41.4,True,percent_of_all_respondents_as_published,not_published,extracted_published_percentage,https://isnasu.org.ua/assets/files/monitoring/soc-mon-2013.pdf
renationalise_land,mon2020.pdf,446,446,a11r,3,2017,dont_know,20.3,True,percent_of_all_respondents_as_published,not_published,extracted_published_percentage,https://isnasu.org.ua/assets/files/monitoring/mon2020.pdf
renationalise_land,mon2020.pdf,446,446,a11r,3,2017,no,17.1,True,percent_of_all_respondents_as_published,not_published,extracted_published_percentage,https://isnasu.org.ua/assets/files/monitoring/mon2020.pdf
renationalise_land,mon2020.pdf,446,446,a11r,3,2017,no_answer,0.7,True,percent_of_all_respondents_as_published,not_published,extracted_published_percentage,https://isnasu.org.ua/assets/files/monitoring/mon2020.pdf
renationalise_land,mon2020.pdf,446,446,a11r,3,2017,rather_no,18.4,True,percent_of_all_respondents_as_published,not_published,extracted_published_percentage,https://isnasu.org.ua/assets/files/monitoring/mon2020.pdf
renationalise_land,mon2020.pdf,446,446,a11r,3,2017,rather_yes,18.1,True,percent_of_all_respondents_as_published,not_published,extracted_published_percentage,https://isnasu.org.ua/assets/files/monitoring/mon2020.pdf
renationalise_land,mon2020.pdf,446,446,a11r,3,2017,yes,25.4,True,percent_of_all_respondents_as_published,not_published,extracted_published_percentage,https://isnasu.org.ua/assets/files/monitoring/mon2020.pdf
renationalise_land,mon2020.pdf,446,446,a11r,3,2020,dont_know,26.8,True,percent_of_all_respondents_as_published,not_published,extracted_published_percentage,https://isnasu.org.ua/assets/files/monitoring/mon2020.pdf
renationalise_land,mon2020.pdf,446,446,a11r,3,2020,no,19.4,True,percent_of_all_respondents_as_published,not_published,extracted_published_percentage,https://isnasu.org.ua/assets/files/monitoring/mon2020.pdf
renationalise_land,mon2020.pdf,446,446,a11r,3,2020,no_answer,0.4,True,percent_of_all_respondents_as_published,not_published,extracted_published_percentage,https://isnasu.org.ua/assets/files/monitoring/mon2020.pdf
renationalise_land,mon2020.pdf,446,446,a11r,3,2020,rather_no,16.1,True,percent_of_all_respondents_as_published,not_published,extracted_published_percentage,https://isnasu.org.ua/assets/files/monitoring/mon2020.pdf
renationalise_land,mon2020.pdf,446,446,a11r,3,2020,rather_yes,16.1,True,percent_of_all_respondents_as_published,not_published,extracted_published_percentage,https://isnasu.org.ua/assets/files/monitoring/mon2020.pdf
renationalise_land,mon2020.pdf,446,446,a11r,3,2020,yes,21.2,True,percent_of_all_respondents_as_published,not_published,extracted_published_percentage,https://isnasu.org.ua/assets/files/monitoring/mon2020.pdf
renationalise_large,soc-mon-2013.pdf,450,450,an8,1,2013,dont_know,17.6,True,percent_of_all_respondents_as_published,not_published,extracted_published_percentage,https://isnasu.org.ua/assets/files/monitoring/soc-mon-2013.pdf
renationalise_large,soc-mon-2013.pdf,450,450,an8,1,2013,no,6.1,True,percent_of_all_respondents_as_published,not_published,extracted_published_percentage,https://isnasu.org.ua/assets/files/monitoring/soc-mon-2013.pdf
renationalise_large,soc-mon-2013.pdf,450,450,an8,1,2013,no_answer,0.3,True,percent_of_all_respondents_as_published,not_published,extracted_published_percentage,https://isnasu.org.ua/assets/files/monitoring/soc-mon-2013.pdf
renationalise_large,soc-mon-2013.pdf,450,450,an8,1,2013,rather_no,10.1,True,percent_of_all_respondents_as_published,not_published,extracted_published_percentage,https://isnasu.org.ua/assets/files/monitoring/soc-mon-2013.pdf
renationalise_large,soc-mon-2013.pdf,450,450,an8,1,2013,rather_yes,25.6,True,percent_of_all_respondents_as_published,not_published,extracted_published_percentage,https://isnasu.org.ua/assets/files/monitoring/soc-mon-2013.pdf
renationalise_large,soc-mon-2013.pdf,450,450,an8,1,2013,yes,40.4,True,percent_of_all_respondents_as_published,not_published,extracted_published_percentage,https://isnasu.org.ua/assets/files/monitoring/soc-mon-2013.pdf
renationalise_large,mon2020.pdf,446,446,a10r,3,2017,dont_know,16.2,True,percent_of_all_respondents_as_published,not_published,extracted_published_percentage,https://isnasu.org.ua/assets/files/monitoring/mon2020.pdf
renationalise_large,mon2020.pdf,446,446,a10r,3,2017,no,12.3,True,percent_of_all_respondents_as_published,not_published,extracted_published_percentage,https://isnasu.org.ua/assets/files/monitoring/mon2020.pdf
renationalise_large,mon2020.pdf,446,446,a10r,3,2017,no_answer,0.7,True,percent_of_all_respondents_as_published,not_published,extracted_published_percentage,https://isnasu.org.ua/assets/files/monitoring/mon2020.pdf
renationalise_large,mon2020.pdf,446,446,a10r,3,2017,rather_no,16.3,True,percent_of_all_respondents_as_published,not_published,extracted_published_percentage,https://isnasu.org.ua/assets/files/monitoring/mon2020.pdf
renationalise_large,mon2020.pdf,446,446,a10r,3,2017,rather_yes,24.6,True,percent_of_all_respondents_as_published,not_published,extracted_published_percentage,https://isnasu.org.ua/assets/files/monitoring/mon2020.pdf
renationalise_large,mon2020.pdf,446,446,a10r,3,2017,yes,29.9,True,percent_of_all_respondents_as_published,not_published,extracted_published_percentage,https://isnasu.org.ua/assets/files/monitoring/mon2020.pdf
renationalise_large,mon2020.pdf,446,446,a10r,3,2020,dont_know,23.2,True,percent_of_all_respondents_as_published,not_published,extracted_published_percentage,https://isnasu.org.ua/assets/files/monitoring/mon2020.pdf
renationalise_large,mon2020.pdf,446,446,a10r,3,2020,no,13.8,True,percent_of_all_respondents_as_published,not_published,extracted_published_percentage,https://isnasu.org.ua/assets/files/monitoring/mon2020.pdf
renationalise_large,mon2020.pdf,446,446,a10r,3,2020,no_answer,0.3,True,percent_of_all_respondents_as_published,not_published,extracted_published_percentage,https://isnasu.org.ua/assets/files/monitoring/mon2020.pdf
renationalise_large,mon2020.pdf,446,446,a10r,3,2020,rather_no,14.6,True,percent_of_all_respondents_as_published,not_published,extracted_published_percentage,https://isnasu.org.ua/assets/files/monitoring/mon2020.pdf
renationalise_large,mon2020.pdf,446,446,a10r,3,2020,rather_yes,25.8,True,percent_of_all_respondents_as_published,not_published,extracted_published_percentage,https://isnasu.org.ua/assets/files/monitoring/mon2020.pdf
renationalise_large,mon2020.pdf,446,446,a10r,3,2020,yes,22.3,True,percent_of_all_respondents_as_published,not_published,extracted_published_percentage,https://isnasu.org.ua/assets/files/monitoring/mon2020.pdf
renationalise_small,soc-mon-2013.pdf,449,449,an7,1,2013,dont_know,18.1,True,percent_of_all_respondents_as_published,not_published,extracted_published_percentage,https://isnasu.org.ua/assets/files/monitoring/soc-mon-2013.pdf
renationalise_small,soc-mon-2013.pdf,449,449,an7,1,2013,no,22.6,True,percent_of_all_respondents_as_published,not_published,extracted_published_percentage,https://isnasu.org.ua/assets/files/monitoring/soc-mon-2013.pdf
renationalise_small,soc-mon-2013.pdf,449,449,an7,1,2013,no_answer,0.4,True,percent_of_all_respondents_as_published,not_published,extracted_published_percentage,https://isnasu.org.ua/assets/files/monitoring/soc-mon-2013.pdf
renationalise_small,soc-mon-2013.pdf,449,449,an7,1,2013,rather_no,26.4,True,percent_of_all_respondents_as_published,not_published,extracted_published_percentage,https://isnasu.org.ua/assets/files/monitoring/soc-mon-2013.pdf
renationalise_small,soc-mon-2013.pdf,449,449,an7,1,2013,rather_yes,11.9,True,percent_of_all_respondents_as_published,not_published,extracted_published_percentage,https://isnasu.org.ua/assets/files/monitoring/soc-mon-2013.pdf
renationalise_small,soc-mon-2013.pdf,449,449,an7,1,2013,yes,20.6,True,percent_of_all_respondents_as_published,not_published,extracted_published_percentage,https://isnasu.org.ua/assets/files/monitoring/soc-mon-2013.pdf
renationalise_small,mon2020.pdf,445,445,a9r,3,2017,dont_know,14.1,True,percent_of_all_respondents_as_published,not_published,extracted_published_percentage,https://isnasu.org.ua/assets/files/monitoring/mon2020.pdf
renationalise_small,mon2020.pdf,445,445,a9r,3,2017,no,30.1,True,percent_of_all_respondents_as_published,not_published,extracted_published_percentage,https://isnasu.org.ua/assets/files/monitoring/mon2020.pdf
renationalise_small,mon2020.pdf,445,445,a9r,3,2017,no_answer,0.5,True,percent_of_all_respondents_as_published,not_published,extracted_published_percentage,https://isnasu.org.ua/assets/files/monitoring/mon2020.pdf
renationalise_small,mon2020.pdf,445,445,a9r,3,2017,rather_no,32.0,True,percent_of_all_respondents_as_published,not_published,extracted_published_percentage,https://isnasu.org.ua/assets/files/monitoring/mon2020.pdf
renationalise_small,mon2020.pdf,445,445,a9r,3,2017,rather_yes,10.4,True,percent_of_all_respondents_as_published,not_published,extracted_published_percentage,https://isnasu.org.ua/assets/files/monitoring/mon2020.pdf
renationalise_small,mon2020.pdf,445,445,a9r,3,2017,yes,12.8,True,percent_of_all_respondents_as_published,not_published,extracted_published_percentage,https://isnasu.org.ua/assets/files/monitoring/mon2020.pdf
renationalise_small,mon2020.pdf,445,445,a9r,3,2020,dont_know,22.4,True,percent_of_all_respondents_as_published,not_published,extracted_published_percentage,https://isnasu.org.ua/assets/files/monitoring/mon2020.pdf
renationalise_small,mon2020.pdf,445,445,a9r,3,2020,no,35.7,True,percent_of_all_respondents_as_published,not_published,extracted_published_percentage,https://isnasu.org.ua/assets/files/monitoring/mon2020.pdf
renationalise_small,mon2020.pdf,445,445,a9r,3,2020,no_answer,0.3,True,percent_of_all_respondents_as_published,not_published,extracted_published_percentage,https://isnasu.org.ua/assets/files/monitoring/mon2020.pdf
renationalise_small,mon2020.pdf,445,445,a9r,3,2020,rather_no,25.2,True,percent_of_all_respondents_as_published,not_published,extracted_published_percentage,https://isnasu.org.ua/assets/files/monitoring/mon2020.pdf
renationalise_small,mon2020.pdf,445,445,a9r,3,2020,rather_yes,10.3,True,percent_of_all_respondents_as_published,not_published,extracted_published_percentage,https://isnasu.org.ua/assets/files/monitoring/mon2020.pdf
renationalise_small,mon2020.pdf,445,445,a9r,3,2020,yes,6.1,True,percent_of_all_respondents_as_published,not_published,extracted_published_percentage,https://isnasu.org.ua/assets/files/monitoring/mon2020.pdf
retrospective_land,soc-mon-2013.pdf,448,448,an3,1,2013,dont_know,17.0,True,percent_of_all_respondents_as_published,not_published,extracted_published_percentage,https://isnasu.org.ua/assets/files/monitoring/soc-mon-2013.pdf
retrospective_land,soc-mon-2013.pdf,448,448,an3,1,2013,no,45.2,True,percent_of_all_respondents_as_published,not_published,extracted_published_percentage,https://isnasu.org.ua/assets/files/monitoring/soc-mon-2013.pdf
retrospective_land,soc-mon-2013.pdf,448,448,an3,1,2013,no_answer,0.2,True,percent_of_all_respondents_as_published,not_published,extracted_published_percentage,https://isnasu.org.ua/assets/files/monitoring/soc-mon-2013.pdf
retrospective_land,soc-mon-2013.pdf,448,448,an3,1,2013,rather_no,18.1,True,percent_of_all_respondents_as_published,not_published,extracted_published_percentage,https://isnasu.org.ua/assets/files/monitoring/soc-mon-2013.pdf
retrospective_land,soc-mon-2013.pdf,448,448,an3,1,2013,rather_yes,12.3,True,percent_of_all_respondents_as_published,not_published,extracted_published_percentage,https://isnasu.org.ua/assets/files/monitoring/soc-mon-2013.pdf
retrospective_land,soc-mon-2013.pdf,448,448,an3,1,2013,yes,7.2,True,percent_of_all_respondents_as_published,not_published,extracted_published_percentage,https://isnasu.org.ua/assets/files/monitoring/soc-mon-2013.pdf
retrospective_land,mon2020.pdf,444,444,a5r,3,2017,dont_know,14.0,True,percent_of_all_respondents_as_published,not_published,extracted_published_percentage,https://isnasu.org.ua/assets/files/monitoring/mon2020.pdf
retrospective_land,mon2020.pdf,444,444,a5r,3,2017,no,33.4,True,percent_of_all_respondents_as_published,not_published,extracted_published_percentage,https://isnasu.org.ua/assets/files/monitoring/mon2020.pdf
retrospective_land,mon2020.pdf,444,444,a5r,3,2017,no_answer,0.0,True,percent_of_all_respondents_as_published,not_published,extracted_published_percentage,https://isnasu.org.ua/assets/files/monitoring/mon2020.pdf
retrospective_land,mon2020.pdf,444,444,a5r,3,2017,rather_no,19.4,True,percent_of_all_respondents_as_published,not_published,extracted_published_percentage,https://isnasu.org.ua/assets/files/monitoring/mon2020.pdf
retrospective_land,mon2020.pdf,444,444,a5r,3,2017,rather_yes,21.6,True,percent_of_all_respondents_as_published,not_published,extracted_published_percentage,https://isnasu.org.ua/assets/files/monitoring/mon2020.pdf
retrospective_land,mon2020.pdf,444,444,a5r,3,2017,yes,11.6,True,percent_of_all_respondents_as_published,not_published,extracted_published_percentage,https://isnasu.org.ua/assets/files/monitoring/mon2020.pdf
retrospective_land,mon2020.pdf,444,444,a5r,3,2020,dont_know,20.7,True,percent_of_all_respondents_as_published,not_published,extracted_published_percentage,https://isnasu.org.ua/assets/files/monitoring/mon2020.pdf
retrospective_land,mon2020.pdf,444,444,a5r,3,2020,no,36.0,True,percent_of_all_respondents_as_published,not_published,extracted_published_percentage,https://isnasu.org.ua/assets/files/monitoring/mon2020.pdf
retrospective_land,mon2020.pdf,444,444,a5r,3,2020,no_answer,0.4,True,percent_of_all_respondents_as_published,not_published,extracted_published_percentage,https://isnasu.org.ua/assets/files/monitoring/mon2020.pdf
retrospective_land,mon2020.pdf,444,444,a5r,3,2020,rather_no,15.0,True,percent_of_all_respondents_as_published,not_published,extracted_published_percentage,https://isnasu.org.ua/assets/files/monitoring/mon2020.pdf
retrospective_land,mon2020.pdf,444,444,a5r,3,2020,rather_yes,16.1,True,percent_of_all_respondents_as_published,not_published,extracted_published_percentage,https://isnasu.org.ua/assets/files/monitoring/mon2020.pdf
retrospective_land,mon2020.pdf,444,444,a5r,3,2020,yes,11.8,True,percent_of_all_respondents_as_published,not_published,extracted_published_percentage,https://isnasu.org.ua/assets/files/monitoring/mon2020.pdf
retrospective_large,soc-mon-2013.pdf,448,448,an2,1,2013,dont_know,17.1,True,percent_of_all_respondents_as_published,not_published,extracted_published_percentage,https://isnasu.org.ua/assets/files/monitoring/soc-mon-2013.pdf
retrospective_large,soc-mon-2013.pdf,448,448,an2,1,2013,no,43.5,True,percent_of_all_respondents_as_published,not_published,extracted_published_percentage,https://isnasu.org.ua/assets/files/monitoring/soc-mon-2013.pdf
retrospective_large,soc-mon-2013.pdf,448,448,an2,1,2013,no_answer,0.2,True,percent_of_all_respondents_as_published,not_published,extracted_published_percentage,https://isnasu.org.ua/assets/files/monitoring/soc-mon-2013.pdf
retrospective_large,soc-mon-2013.pdf,448,448,an2,1,2013,rather_no,22.3,True,percent_of_all_respondents_as_published,not_published,extracted_published_percentage,https://isnasu.org.ua/assets/files/monitoring/soc-mon-2013.pdf
retrospective_large,soc-mon-2013.pdf,448,448,an2,1,2013,rather_yes,12.7,True,percent_of_all_respondents_as_published,not_published,extracted_published_percentage,https://isnasu.org.ua/assets/files/monitoring/soc-mon-2013.pdf
retrospective_large,soc-mon-2013.pdf,448,448,an2,1,2013,yes,4.2,True,percent_of_all_respondents_as_published,not_published,extracted_published_percentage,https://isnasu.org.ua/assets/files/monitoring/soc-mon-2013.pdf
retrospective_large,mon2020.pdf,444,444,a4r,3,2017,dont_know,16.3,True,percent_of_all_respondents_as_published,not_published,extracted_published_percentage,https://isnasu.org.ua/assets/files/monitoring/mon2020.pdf
retrospective_large,mon2020.pdf,444,444,a4r,3,2017,no,32.0,True,percent_of_all_respondents_as_published,not_published,extracted_published_percentage,https://isnasu.org.ua/assets/files/monitoring/mon2020.pdf
retrospective_large,mon2020.pdf,444,444,a4r,3,2017,no_answer,0.1,True,percent_of_all_respondents_as_published,not_published,extracted_published_percentage,https://isnasu.org.ua/assets/files/monitoring/mon2020.pdf
retrospective_large,mon2020.pdf,444,444,a4r,3,2017,rather_no,24.9,True,percent_of_all_respondents_as_published,not_published,extracted_published_percentage,https://isnasu.org.ua/assets/files/monitoring/mon2020.pdf
retrospective_large,mon2020.pdf,444,444,a4r,3,2017,rather_yes,18.5,True,percent_of_all_respondents_as_published,not_published,extracted_published_percentage,https://isnasu.org.ua/assets/files/monitoring/mon2020.pdf
retrospective_large,mon2020.pdf,444,444,a4r,3,2017,yes,8.2,True,percent_of_all_respondents_as_published,not_published,extracted_published_percentage,https://isnasu.org.ua/assets/files/monitoring/mon2020.pdf
retrospective_large,mon2020.pdf,444,444,a4r,3,2020,dont_know,23.0,True,percent_of_all_respondents_as_published,not_published,extracted_published_percentage,https://isnasu.org.ua/assets/files/monitoring/mon2020.pdf
retrospective_large,mon2020.pdf,444,444,a4r,3,2020,no,30.6,True,percent_of_all_respondents_as_published,not_published,extracted_published_percentage,https://isnasu.org.ua/assets/files/monitoring/mon2020.pdf
retrospective_large,mon2020.pdf,444,444,a4r,3,2020,no_answer,0.4,True,percent_of_all_respondents_as_published,not_published,extracted_published_percentage,https://isnasu.org.ua/assets/files/monitoring/mon2020.pdf
retrospective_large,mon2020.pdf,444,444,a4r,3,2020,rather_no,24.3,True,percent_of_all_respondents_as_published,not_published,extracted_published_percentage,https://isnasu.org.ua/assets/files/monitoring/mon2020.pdf
retrospective_large,mon2020.pdf,444,444,a4r,3,2020,rather_yes,14.3,True,percent_of_all_respondents_as_published,not_published,extracted_published_percentage,https://isnasu.org.ua/assets/files/monitoring/mon2020.pdf
retrospective_large,mon2020.pdf,444,444,a4r,3,2020,yes,7.4,True,percent_of_all_respondents_as_published,not_published,extracted_published_percentage,https://isnasu.org.ua/assets/files/monitoring/mon2020.pdf
retrospective_small,soc-mon-2013.pdf,447,447,an1,1,2013,dont_know,17.0,True,percent_of_all_respondents_as_published,not_published,extracted_published_percentage,https://isnasu.org.ua/assets/files/monitoring/soc-mon-2013.pdf
retrospective_small,soc-mon-2013.pdf,447,447,an1,1,2013,no,21.9,True,percent_of_all_respondents_as_published,not_published,extracted_published_percentage,https://isnasu.org.ua/assets/files/monitoring/soc-mon-2013.pdf
retrospective_small,soc-mon-2013.pdf,447,447,an1,1,2013,no_answer,0.2,True,percent_of_all_respondents_as_published,not_published,extracted_published_percentage,https://isnasu.org.ua/assets/files/monitoring/soc-mon-2013.pdf
retrospective_small,soc-mon-2013.pdf,447,447,an1,1,2013,rather_no,12.8,True,percent_of_all_respondents_as_published,not_published,extracted_published_percentage,https://isnasu.org.ua/assets/files/monitoring/soc-mon-2013.pdf
retrospective_small,soc-mon-2013.pdf,447,447,an1,1,2013,rather_yes,31.9,True,percent_of_all_respondents_as_published,not_published,extracted_published_percentage,https://isnasu.org.ua/assets/files/monitoring/soc-mon-2013.pdf
retrospective_small,soc-mon-2013.pdf,447,447,an1,1,2013,yes,16.2,True,percent_of_all_respondents_as_published,not_published,extracted_published_percentage,https://isnasu.org.ua/assets/files/monitoring/soc-mon-2013.pdf
retrospective_small,mon2020.pdf,443,443,a3r,3,2017,dont_know,14.2,True,percent_of_all_respondents_as_published,not_published,extracted_published_percentage,https://isnasu.org.ua/assets/files/monitoring/mon2020.pdf
retrospective_small,mon2020.pdf,443,443,a3r,3,2017,no,15.4,True,percent_of_all_respondents_as_published,not_published,extracted_published_percentage,https://isnasu.org.ua/assets/files/monitoring/mon2020.pdf
retrospective_small,mon2020.pdf,443,443,a3r,3,2017,no_answer,0.3,True,percent_of_all_respondents_as_published,not_published,extracted_published_percentage,https://isnasu.org.ua/assets/files/monitoring/mon2020.pdf
retrospective_small,mon2020.pdf,443,443,a3r,3,2017,rather_no,13.2,True,percent_of_all_respondents_as_published,not_published,extracted_published_percentage,https://isnasu.org.ua/assets/files/monitoring/mon2020.pdf
retrospective_small,mon2020.pdf,443,443,a3r,3,2017,rather_yes,34.8,True,percent_of_all_respondents_as_published,not_published,extracted_published_percentage,https://isnasu.org.ua/assets/files/monitoring/mon2020.pdf
retrospective_small,mon2020.pdf,443,443,a3r,3,2017,yes,22.1,True,percent_of_all_respondents_as_published,not_published,extracted_published_percentage,https://isnasu.org.ua/assets/files/monitoring/mon2020.pdf
retrospective_small,mon2020.pdf,443,443,a3r,3,2020,dont_know,21.5,True,percent_of_all_respondents_as_published,not_published,extracted_published_percentage,https://isnasu.org.ua/assets/files/monitoring/mon2020.pdf
retrospective_small,mon2020.pdf,443,443,a3r,3,2020,no,14.9,True,percent_of_all_respondents_as_published,not_published,extracted_published_percentage,https://isnasu.org.ua/assets/files/monitoring/mon2020.pdf
retrospective_small,mon2020.pdf,443,443,a3r,3,2020,no_answer,0.2,True,percent_of_all_respondents_as_published,not_published,extracted_published_percentage,https://isnasu.org.ua/assets/files/monitoring/mon2020.pdf
retrospective_small,mon2020.pdf,443,443,a3r,3,2020,rather_no,13.7,True,percent_of_all_respondents_as_published,not_published,extracted_published_percentage,https://isnasu.org.ua/assets/files/monitoring/mon2020.pdf
retrospective_small,mon2020.pdf,443,443,a3r,3,2020,rather_yes,30.0,True,percent_of_all_respondents_as_published,not_published,extracted_published_percentage,https://isnasu.org.ua/assets/files/monitoring/mon2020.pdf
retrospective_small,mon2020.pdf,443,443,a3r,3,2020,yes,19.7,True,percent_of_all_respondents_as_published,not_published,extracted_published_percentage,https://isnasu.org.ua/assets/files/monitoring/mon2020.pdf
socialism_capitalism_political_support,dodatki2016.pdf,6,430,b2,3,1994,both,23.7,True,percent_of_all_respondents_as_published,not_published,extracted_published_percentage,https://isnasu.org.ua/assets/files/monitoring/dodatki2016.pdf
socialism_capitalism_political_support,dodatki2016.pdf,6,430,b2,3,1994,capitalism,12.7,True,percent_of_all_respondents_as_published,not_published,extracted_published_percentage,https://isnasu.org.ua/assets/files/monitoring/dodatki2016.pdf
socialism_capitalism_political_support,dodatki2016.pdf,6,430,b2,3,1994,dont_know,19.3,True,percent_of_all_respondents_as_published,not_published,extracted_published_percentage,https://isnasu.org.ua/assets/files/monitoring/dodatki2016.pdf
socialism_capitalism_political_support,dodatki2016.pdf,6,430,b2,3,1994,neither,20.0,True,percent_of_all_respondents_as_published,not_published,extracted_published_percentage,https://isnasu.org.ua/assets/files/monitoring/dodatki2016.pdf
socialism_capitalism_political_support,dodatki2016.pdf,6,430,b2,3,1994,no_answer,0.4,True,percent_of_all_respondents_as_published,not_published,extracted_published_percentage,https://isnasu.org.ua/assets/files/monitoring/dodatki2016.pdf
socialism_capitalism_political_support,dodatki2016.pdf,6,430,b2,3,1994,other,1.8,True,percent_of_all_respondents_as_published,not_published,extracted_published_percentage,https://isnasu.org.ua/assets/files/monitoring/dodatki2016.pdf
socialism_capitalism_political_support,dodatki2016.pdf,6,430,b2,3,1994,socialism,22.1,True,percent_of_all_respondents_as_published,not_published,extracted_published_percentage,https://isnasu.org.ua/assets/files/monitoring/dodatki2016.pdf
socialism_capitalism_political_support,panina-1994-2005.pdf,25,25,b2,1,1995,both,18.7,True,percent_of_all_respondents_as_published,not_published,extracted_published_percentage,https://dif.org.ua/uploads/pdf/40574543644fd4df61d653.39323866.pdf
socialism_capitalism_political_support,panina-1994-2005.pdf,25,25,b2,1,1995,capitalism,13.2,True,percent_of_all_respondents_as_published,not_published,extracted_published_percentage,https://dif.org.ua/uploads/pdf/40574543644fd4df61d653.39323866.pdf
socialism_capitalism_political_support,panina-1994-2005.pdf,25,25,b2,1,1995,dont_know,19.1,True,percent_of_all_respondents_as_published,not_published,extracted_published_percentage,https://dif.org.ua/uploads/pdf/40574543644fd4df61d653.39323866.pdf
socialism_capitalism_political_support,panina-1994-2005.pdf,25,25,b2,1,1995,neither,23.8,True,percent_of_all_respondents_as_published,not_published,extracted_published_percentage,https://dif.org.ua/uploads/pdf/40574543644fd4df61d653.39323866.pdf
socialism_capitalism_political_support,panina-1994-2005.pdf,25,25,b2,1,1995,no_answer,0.1,True,percent_of_all_respondents_as_published,not_published,extracted_published_percentage,https://dif.org.ua/uploads/pdf/40574543644fd4df61d653.39323866.pdf
socialism_capitalism_political_support,panina-1994-2005.pdf,25,25,b2,1,1995,other,2.8,True,percent_of_all_respondents_as_published,not_published,extracted_published_percentage,https://dif.org.ua/uploads/pdf/40574543644fd4df61d653.39323866.pdf
socialism_capitalism_political_support,panina-1994-2005.pdf,25,25,b2,1,1995,socialism,22.5,True,percent_of_all_respondents_as_published,not_published,extracted_published_percentage,https://dif.org.ua/uploads/pdf/40574543644fd4df61d653.39323866.pdf
socialism_capitalism_political_support,dodatki2016.pdf,6,430,b2,3,1996,both,17.8,True,percent_of_all_respondents_as_published,not_published,extracted_published_percentage,https://isnasu.org.ua/assets/files/monitoring/dodatki2016.pdf
socialism_capitalism_political_support,dodatki2016.pdf,6,430,b2,3,1996,capitalism,13.3,True,percent_of_all_respondents_as_published,not_published,extracted_published_percentage,https://isnasu.org.ua/assets/files/monitoring/dodatki2016.pdf
socialism_capitalism_political_support,dodatki2016.pdf,6,430,b2,3,1996,dont_know,21.6,True,percent_of_all_respondents_as_published,not_published,extracted_published_percentage,https://isnasu.org.ua/assets/files/monitoring/dodatki2016.pdf
socialism_capitalism_political_support,dodatki2016.pdf,6,430,b2,3,1996,neither,25.3,True,percent_of_all_respondents_as_published,not_published,extracted_published_percentage,https://isnasu.org.ua/assets/files/monitoring/dodatki2016.pdf
socialism_capitalism_political_support,dodatki2016.pdf,6,430,b2,3,1996,no_answer,0.0,True,percent_of_all_respondents_as_published,not_published,extracted_published_percentage,https://isnasu.org.ua/assets/files/monitoring/dodatki2016.pdf
socialism_capitalism_political_support,dodatki2016.pdf,6,430,b2,3,1996,other,2.0,True,percent_of_all_respondents_as_published,not_published,extracted_published_percentage,https://isnasu.org.ua/assets/files/monitoring/dodatki2016.pdf
socialism_capitalism_political_support,dodatki2016.pdf,6,430,b2,3,1996,socialism,20.1,True,percent_of_all_respondents_as_published,not_published,extracted_published_percentage,https://isnasu.org.ua/assets/files/monitoring/dodatki2016.pdf
socialism_capitalism_political_support,panina-1994-2005.pdf,25,25,b2,1,1997,both,16.9,True,percent_of_all_respondents_as_published,not_published,extracted_published_percentage,https://dif.org.ua/uploads/pdf/40574543644fd4df61d653.39323866.pdf
socialism_capitalism_political_support,panina-1994-2005.pdf,25,25,b2,1,1997,capitalism,10.8,True,percent_of_all_respondents_as_published,not_published,extracted_published_percentage,https://dif.org.ua/uploads/pdf/40574543644fd4df61d653.39323866.pdf
socialism_capitalism_political_support,panina-1994-2005.pdf,25,25,b2,1,1997,dont_know,23.1,True,percent_of_all_respondents_as_published,not_published,extracted_published_percentage,https://dif.org.ua/uploads/pdf/40574543644fd4df61d653.39323866.pdf
socialism_capitalism_political_support,panina-1994-2005.pdf,25,25,b2,1,1997,neither,26.1,True,percent_of_all_respondents_as_published,not_published,extracted_published_percentage,https://dif.org.ua/uploads/pdf/40574543644fd4df61d653.39323866.pdf
socialism_capitalism_political_support,panina-1994-2005.pdf,25,25,b2,1,1997,no_answer,0.0,True,percent_of_all_respondents_as_published,not_published,extracted_published_percentage,https://dif.org.ua/uploads/pdf/40574543644fd4df61d653.39323866.pdf
socialism_capitalism_political_support,panina-1994-2005.pdf,25,25,b2,1,1997,other,2.1,True,percent_of_all_respondents_as_published,not_published,extracted_published_percentage,https://dif.org.ua/uploads/pdf/40574543644fd4df61d653.39323866.pdf
socialism_capitalism_political_support,panina-1994-2005.pdf,25,25,b2,1,1997,socialism,20.9,True,percent_of_all_respondents_as_published,not_published,extracted_published_percentage,https://dif.org.ua/uploads/pdf/40574543644fd4df61d653.39323866.pdf
socialism_capitalism_political_support,dodatki2016.pdf,6,430,b2,3,1998,both,19.6,True,percent_of_all_respondents_as_published,not_published,extracted_published_percentage,https://isnasu.org.ua/assets/files/monitoring/dodatki2016.pdf
socialism_capitalism_political_support,dodatki2016.pdf,6,430,b2,3,1998,capitalism,11.1,True,percent_of_all_respondents_as_published,not_published,extracted_published_percentage,https://isnasu.org.ua/assets/files/monitoring/dodatki2016.pdf
socialism_capitalism_political_support,dodatki2016.pdf,6,430,b2,3,1998,dont_know,19.4,True,percent_of_all_respondents_as_published,not_published,extracted_published_percentage,https://isnasu.org.ua/assets/files/monitoring/dodatki2016.pdf
socialism_capitalism_political_support,dodatki2016.pdf,6,430,b2,3,1998,neither,23.5,True,percent_of_all_respondents_as_published,not_published,extracted_published_percentage,https://isnasu.org.ua/assets/files/monitoring/dodatki2016.pdf
socialism_capitalism_political_support,dodatki2016.pdf,6,430,b2,3,1998,no_answer,0.0,True,percent_of_all_respondents_as_published,not_published,extracted_published_percentage,https://isnasu.org.ua/assets/files/monitoring/dodatki2016.pdf
socialism_capitalism_political_support,dodatki2016.pdf,6,430,b2,3,1998,other,2.9,True,percent_of_all_respondents_as_published,not_published,extracted_published_percentage,https://isnasu.org.ua/assets/files/monitoring/dodatki2016.pdf
socialism_capitalism_political_support,dodatki2016.pdf,6,430,b2,3,1998,socialism,23.6,True,percent_of_all_respondents_as_published,not_published,extracted_published_percentage,https://isnasu.org.ua/assets/files/monitoring/dodatki2016.pdf
socialism_capitalism_political_support,panina-1994-2005.pdf,25,25,b2,1,1999,both,20.5,True,percent_of_all_respondents_as_published,not_published,extracted_published_percentage,https://dif.org.ua/uploads/pdf/40574543644fd4df61d653.39323866.pdf
socialism_capitalism_political_support,panina-1994-2005.pdf,25,25,b2,1,1999,capitalism,10.9,True,percent_of_all_respondents_as_published,not_published,extracted_published_percentage,https://dif.org.ua/uploads/pdf/40574543644fd4df61d653.39323866.pdf
socialism_capitalism_political_support,panina-1994-2005.pdf,25,25,b2,1,1999,dont_know,19.2,True,percent_of_all_respondents_as_published,not_published,extracted_published_percentage,https://dif.org.ua/uploads/pdf/40574543644fd4df61d653.39323866.pdf
socialism_capitalism_political_support,panina-1994-2005.pdf,25,25,b2,1,1999,neither,22.5,True,percent_of_all_respondents_as_published,not_published,extracted_published_percentage,https://dif.org.ua/uploads/pdf/40574543644fd4df61d653.39323866.pdf
socialism_capitalism_political_support,panina-1994-2005.pdf,25,25,b2,1,1999,no_answer,0.3,True,percent_of_all_respondents_as_published,not_published,extracted_published_percentage,https://dif.org.ua/uploads/pdf/40574543644fd4df61d653.39323866.pdf
socialism_capitalism_political_support,panina-1994-2005.pdf,25,25,b2,1,1999,other,3.2,True,percent_of_all_respondents_as_published,not_published,extracted_published_percentage,https://dif.org.ua/uploads/pdf/40574543644fd4df61d653.39323866.pdf
socialism_capitalism_political_support,panina-1994-2005.pdf,25,25,b2,1,1999,socialism,23.4,True,percent_of_all_respondents_as_published,not_published,extracted_published_percentage,https://dif.org.ua/uploads/pdf/40574543644fd4df61d653.39323866.pdf
socialism_capitalism_political_support,dodatki2016.pdf,6,430,b2,3,2000,both,18.0,True,percent_of_all_respondents_as_published,not_published,extracted_published_percentage,https://isnasu.org.ua/assets/files/monitoring/dodatki2016.pdf
socialism_capitalism_political_support,dodatki2016.pdf,6,430,b2,3,2000,capitalism,17.1,True,percent_of_all_respondents_as_published,not_published,extracted_published_percentage,https://isnasu.org.ua/assets/files/monitoring/dodatki2016.pdf
socialism_capitalism_political_support,dodatki2016.pdf,6,430,b2,3,2000,dont_know,18.5,True,percent_of_all_respondents_as_published,not_published,extracted_published_percentage,https://isnasu.org.ua/assets/files/monitoring/dodatki2016.pdf
socialism_capitalism_political_support,dodatki2016.pdf,6,430,b2,3,2000,neither,20.4,True,percent_of_all_respondents_as_published,not_published,extracted_published_percentage,https://isnasu.org.ua/assets/files/monitoring/dodatki2016.pdf
socialism_capitalism_political_support,dodatki2016.pdf,6,430,b2,3,2000,no_answer,0.0,True,percent_of_all_respondents_as_published,not_published,extracted_published_percentage,https://isnasu.org.ua/assets/files/monitoring/dodatki2016.pdf
socialism_capitalism_political_support,dodatki2016.pdf,6,430,b2,3,2000,other,3.5,True,percent_of_all_respondents_as_published,not_published,extracted_published_percentage,https://isnasu.org.ua/assets/files/monitoring/dodatki2016.pdf
socialism_capitalism_political_support,dodatki2016.pdf,6,430,b2,3,2000,socialism,22.5,True,percent_of_all_respondents_as_published,not_published,extracted_published_percentage,https://isnasu.org.ua/assets/files/monitoring/dodatki2016.pdf
socialism_capitalism_political_support,panina-1994-2005.pdf,25,25,b2,1,2001,both,17.6,True,percent_of_all_respondents_as_published,not_published,extracted_published_percentage,https://dif.org.ua/uploads/pdf/40574543644fd4df61d653.39323866.pdf
socialism_capitalism_political_support,panina-1994-2005.pdf,25,25,b2,1,2001,capitalism,12.9,True,percent_of_all_respondents_as_published,not_published,extracted_published_percentage,https://dif.org.ua/uploads/pdf/40574543644fd4df61d653.39323866.pdf
socialism_capitalism_political_support,panina-1994-2005.pdf,25,25,b2,1,2001,dont_know,18.3,True,percent_of_all_respondents_as_published,not_published,extracted_published_percentage,https://dif.org.ua/uploads/pdf/40574543644fd4df61d653.39323866.pdf
socialism_capitalism_political_support,panina-1994-2005.pdf,25,25,b2,1,2001,neither,24.2,True,percent_of_all_respondents_as_published,not_published,extracted_published_percentage,https://dif.org.ua/uploads/pdf/40574543644fd4df61d653.39323866.pdf
socialism_capitalism_political_support,panina-1994-2005.pdf,25,25,b2,1,2001,no_answer,0.1,True,percent_of_all_respondents_as_published,not_published,extracted_published_percentage,https://dif.org.ua/uploads/pdf/40574543644fd4df61d653.39323866.pdf
socialism_capitalism_political_support,panina-1994-2005.pdf,25,25,b2,1,2001,other,3.2,True,percent_of_all_respondents_as_published,not_published,extracted_published_percentage,https://dif.org.ua/uploads/pdf/40574543644fd4df61d653.39323866.pdf
socialism_capitalism_political_support,panina-1994-2005.pdf,25,25,b2,1,2001,socialism,23.6,True,percent_of_all_respondents_as_published,not_published,extracted_published_percentage,https://dif.org.ua/uploads/pdf/40574543644fd4df61d653.39323866.pdf
socialism_capitalism_political_support,dodatki2016.pdf,6,430,b2,3,2002,both,16.3,True,percent_of_all_respondents_as_published,not_published,extracted_published_percentage,https://isnasu.org.ua/assets/files/monitoring/dodatki2016.pdf
socialism_capitalism_political_support,dodatki2016.pdf,6,430,b2,3,2002,capitalism,12.1,True,percent_of_all_respondents_as_published,not_published,extracted_published_percentage,https://isnasu.org.ua/assets/files/monitoring/dodatki2016.pdf
socialism_capitalism_political_support,dodatki2016.pdf,6,430,b2,3,2002,dont_know,18.3,True,percent_of_all_respondents_as_published,not_published,extracted_published_percentage,https://isnasu.org.ua/assets/files/monitoring/dodatki2016.pdf
socialism_capitalism_political_support,dodatki2016.pdf,6,430,b2,3,2002,neither,22.4,True,percent_of_all_respondents_as_published,not_published,extracted_published_percentage,https://isnasu.org.ua/assets/files/monitoring/dodatki2016.pdf
socialism_capitalism_political_support,dodatki2016.pdf,6,430,b2,3,2002,no_answer,0.2,True,percent_of_all_respondents_as_published,not_published,extracted_published_percentage,https://isnasu.org.ua/assets/files/monitoring/dodatki2016.pdf
socialism_capitalism_political_support,dodatki2016.pdf,6,430,b2,3,2002,other,3.2,True,percent_of_all_respondents_as_published,not_published,extracted_published_percentage,https://isnasu.org.ua/assets/files/monitoring/dodatki2016.pdf
socialism_capitalism_political_support,dodatki2016.pdf,6,430,b2,3,2002,socialism,27.5,True,percent_of_all_respondents_as_published,not_published,extracted_published_percentage,https://isnasu.org.ua/assets/files/monitoring/dodatki2016.pdf
socialism_capitalism_political_support,panina-1994-2005.pdf,25,25,b2,1,2003,both,23.4,True,percent_of_all_respondents_as_published,not_published,extracted_published_percentage,https://dif.org.ua/uploads/pdf/40574543644fd4df61d653.39323866.pdf
socialism_capitalism_political_support,panina-1994-2005.pdf,25,25,b2,1,2003,capitalism,10.6,True,percent_of_all_respondents_as_published,not_published,extracted_published_percentage,https://dif.org.ua/uploads/pdf/40574543644fd4df61d653.39323866.pdf
socialism_capitalism_political_support,panina-1994-2005.pdf,25,25,b2,1,2003,dont_know,16.1,True,percent_of_all_respondents_as_published,not_published,extracted_published_percentage,https://dif.org.ua/uploads/pdf/40574543644fd4df61d653.39323866.pdf
socialism_capitalism_political_support,panina-1994-2005.pdf,25,25,b2,1,2003,neither,22.3,True,percent_of_all_respondents_as_published,not_published,extracted_published_percentage,https://dif.org.ua/uploads/pdf/40574543644fd4df61d653.39323866.pdf
socialism_capitalism_political_support,panina-1994-2005.pdf,25,25,b2,1,2003,no_answer,0.2,True,percent_of_all_respondents_as_published,not_published,extracted_published_percentage,https://dif.org.ua/uploads/pdf/40574543644fd4df61d653.39323866.pdf
socialism_capitalism_political_support,panina-1994-2005.pdf,25,25,b2,1,2003,other,1.7,True,percent_of_all_respondents_as_published,not_published,extracted_published_percentage,https://dif.org.ua/uploads/pdf/40574543644fd4df61d653.39323866.pdf
socialism_capitalism_political_support,panina-1994-2005.pdf,25,25,b2,1,2003,socialism,25.7,True,percent_of_all_respondents_as_published,not_published,extracted_published_percentage,https://dif.org.ua/uploads/pdf/40574543644fd4df61d653.39323866.pdf
socialism_capitalism_political_support,dodatki2016.pdf,6,430,b2,3,2004,both,19.9,True,percent_of_all_respondents_as_published,not_published,extracted_published_percentage,https://isnasu.org.ua/assets/files/monitoring/dodatki2016.pdf
socialism_capitalism_political_support,dodatki2016.pdf,6,430,b2,3,2004,capitalism,11.7,True,percent_of_all_respondents_as_published,not_published,extracted_published_percentage,https://isnasu.org.ua/assets/files/monitoring/dodatki2016.pdf
socialism_capitalism_political_support,dodatki2016.pdf,6,430,b2,3,2004,dont_know,18.1,True,percent_of_all_respondents_as_published,not_published,extracted_published_percentage,https://isnasu.org.ua/assets/files/monitoring/dodatki2016.pdf
socialism_capitalism_political_support,dodatki2016.pdf,6,430,b2,3,2004,neither,22.6,True,percent_of_all_respondents_as_published,not_published,extracted_published_percentage,https://isnasu.org.ua/assets/files/monitoring/dodatki2016.pdf
socialism_capitalism_political_support,dodatki2016.pdf,6,430,b2,3,2004,no_answer,0.2,True,percent_of_all_respondents_as_published,not_published,extracted_published_percentage,https://isnasu.org.ua/assets/files/monitoring/dodatki2016.pdf
socialism_capitalism_political_support,dodatki2016.pdf,6,430,b2,3,2004,other,2.3,True,percent_of_all_respondents_as_published,not_published,extracted_published_percentage,https://isnasu.org.ua/assets/files/monitoring/dodatki2016.pdf
socialism_capitalism_political_support,dodatki2016.pdf,6,430,b2,3,2004,socialism,25.2,True,percent_of_all_respondents_as_published,not_published,extracted_published_percentage,https://isnasu.org.ua/assets/files/monitoring/dodatki2016.pdf
socialism_capitalism_political_support,dodatki2016.pdf,6,430,b2,3,2005,both,26.0,True,percent_of_all_respondents_as_published,not_published,extracted_published_percentage,https://isnasu.org.ua/assets/files/monitoring/dodatki2016.pdf
socialism_capitalism_political_support,dodatki2016.pdf,6,430,b2,3,2005,capitalism,11.1,True,percent_of_all_respondents_as_published,not_published,extracted_published_percentage,https://isnasu.org.ua/assets/files/monitoring/dodatki2016.pdf
socialism_capitalism_political_support,dodatki2016.pdf,6,430,b2,3,2005,dont_know,18.2,True,percent_of_all_respondents_as_published,not_published,extracted_published_percentage,https://isnasu.org.ua/assets/files/monitoring/dodatki2016.pdf
socialism_capitalism_political_support,dodatki2016.pdf,6,430,b2,3,2005,neither,18.6,True,percent_of_all_respondents_as_published,not_published,extracted_published_percentage,https://isnasu.org.ua/assets/files/monitoring/dodatki2016.pdf
socialism_capitalism_political_support,dodatki2016.pdf,6,430,b2,3,2005,no_answer,0.1,True,percent_of_all_respondents_as_published,not_published,extracted_published_percentage,https://isnasu.org.ua/assets/files/monitoring/dodatki2016.pdf
socialism_capitalism_political_support,dodatki2016.pdf,6,430,b2,3,2005,other,2.4,True,percent_of_all_respondents_as_published,not_published,extracted_published_percentage,https://isnasu.org.ua/assets/files/monitoring/dodatki2016.pdf
socialism_capitalism_political_support,dodatki2016.pdf,6,430,b2,3,2005,socialism,23.7,True,percent_of_all_respondents_as_published,not_published,extracted_published_percentage,https://isnasu.org.ua/assets/files/monitoring/dodatki2016.pdf
socialism_capitalism_political_support,dodatki2016.pdf,6,430,b2,3,2006,both,21.7,True,percent_of_all_respondents_as_published,not_published,extracted_published_percentage,https://isnasu.org.ua/assets/files/monitoring/dodatki2016.pdf
socialism_capitalism_political_support,dodatki2016.pdf,6,430,b2,3,2006,capitalism,12.0,True,percent_of_all_respondents_as_published,not_published,extracted_published_percentage,https://isnasu.org.ua/assets/files/monitoring/dodatki2016.pdf
socialism_capitalism_political_support,dodatki2016.pdf,6,430,b2,3,2006,dont_know,15.6,True,percent_of_all_respondents_as_published,not_published,extracted_published_percentage,https://isnasu.org.ua/assets/files/monitoring/dodatki2016.pdf
socialism_capitalism_political_support,dodatki2016.pdf,6,430,b2,3,2006,neither,21.3,True,percent_of_all_respondents_as_published,not_published,extracted_published_percentage,https://isnasu.org.ua/assets/files/monitoring/dodatki2016.pdf
socialism_capitalism_political_support,dodatki2016.pdf,6,430,b2,3,2006,no_answer,0.3,True,percent_of_all_respondents_as_published,not_published,extracted_published_percentage,https://isnasu.org.ua/assets/files/monitoring/dodatki2016.pdf
socialism_capitalism_political_support,dodatki2016.pdf,6,430,b2,3,2006,other,2.4,True,percent_of_all_respondents_as_published,not_published,extracted_published_percentage,https://isnasu.org.ua/assets/files/monitoring/dodatki2016.pdf
socialism_capitalism_political_support,dodatki2016.pdf,6,430,b2,3,2006,socialism,26.7,True,percent_of_all_respondents_as_published,not_published,extracted_published_percentage,https://isnasu.org.ua/assets/files/monitoring/dodatki2016.pdf
socialism_capitalism_political_support,dodatki2016.pdf,6,430,b2,3,2008,both,22.3,True,percent_of_all_respondents_as_published,not_published,extracted_published_percentage,https://isnasu.org.ua/assets/files/monitoring/dodatki2016.pdf
socialism_capitalism_political_support,dodatki2016.pdf,6,430,b2,3,2008,capitalism,11.6,True,percent_of_all_respondents_as_published,not_published,extracted_published_percentage,https://isnasu.org.ua/assets/files/monitoring/dodatki2016.pdf
socialism_capitalism_political_support,dodatki2016.pdf,6,430,b2,3,2008,dont_know,15.5,True,percent_of_all_respondents_as_published,not_published,extracted_published_percentage,https://isnasu.org.ua/assets/files/monitoring/dodatki2016.pdf
socialism_capitalism_political_support,dodatki2016.pdf,6,430,b2,3,2008,neither,26.4,True,percent_of_all_respondents_as_published,not_published,extracted_published_percentage,https://isnasu.org.ua/assets/files/monitoring/dodatki2016.pdf
socialism_capitalism_political_support,dodatki2016.pdf,6,430,b2,3,2008,no_answer,0.1,True,percent_of_all_respondents_as_published,not_published,extracted_published_percentage,https://isnasu.org.ua/assets/files/monitoring/dodatki2016.pdf
socialism_capitalism_political_support,dodatki2016.pdf,6,430,b2,3,2008,other,1.6,True,percent_of_all_respondents_as_published,not_published,extracted_published_percentage,https://isnasu.org.ua/assets/files/monitoring/dodatki2016.pdf
socialism_capitalism_political_support,dodatki2016.pdf,6,430,b2,3,2008,socialism,22.5,True,percent_of_all_respondents_as_published,not_published,extracted_published_percentage,https://isnasu.org.ua/assets/files/monitoring/dodatki2016.pdf
socialism_capitalism_political_support,dodatki2016.pdf,6,430,b2,3,2010,both,24.5,True,percent_of_all_respondents_as_published,not_published,extracted_published_percentage,https://isnasu.org.ua/assets/files/monitoring/dodatki2016.pdf
socialism_capitalism_political_support,dodatki2016.pdf,6,430,b2,3,2010,capitalism,11.4,True,percent_of_all_respondents_as_published,not_published,extracted_published_percentage,https://isnasu.org.ua/assets/files/monitoring/dodatki2016.pdf
socialism_capitalism_political_support,dodatki2016.pdf,6,430,b2,3,2010,dont_know,18.2,True,percent_of_all_respondents_as_published,not_published,extracted_published_percentage,https://isnasu.org.ua/assets/files/monitoring/dodatki2016.pdf
socialism_capitalism_political_support,dodatki2016.pdf,6,430,b2,3,2010,neither,24.4,True,percent_of_all_respondents_as_published,not_published,extracted_published_percentage,https://isnasu.org.ua/assets/files/monitoring/dodatki2016.pdf
socialism_capitalism_political_support,dodatki2016.pdf,6,430,b2,3,2010,no_answer,0.1,True,percent_of_all_respondents_as_published,not_published,extracted_published_percentage,https://isnasu.org.ua/assets/files/monitoring/dodatki2016.pdf
socialism_capitalism_political_support,dodatki2016.pdf,6,430,b2,3,2010,other,1.1,True,percent_of_all_respondents_as_published,not_published,extracted_published_percentage,https://isnasu.org.ua/assets/files/monitoring/dodatki2016.pdf
socialism_capitalism_political_support,dodatki2016.pdf,6,430,b2,3,2010,socialism,20.3,True,percent_of_all_respondents_as_published,not_published,extracted_published_percentage,https://isnasu.org.ua/assets/files/monitoring/dodatki2016.pdf
socialism_capitalism_political_support,dodatki2016.pdf,6,430,b2,3,2011,both,22.7,True,percent_of_all_respondents_as_published,not_published,extracted_published_percentage,https://isnasu.org.ua/assets/files/monitoring/dodatki2016.pdf
socialism_capitalism_political_support,dodatki2016.pdf,6,430,b2,3,2011,capitalism,8.7,True,percent_of_all_respondents_as_published,not_published,extracted_published_percentage,https://isnasu.org.ua/assets/files/monitoring/dodatki2016.pdf
socialism_capitalism_political_support,dodatki2016.pdf,6,430,b2,3,2011,dont_know,15.4,True,percent_of_all_respondents_as_published,not_published,extracted_published_percentage,https://isnasu.org.ua/assets/files/monitoring/dodatki2016.pdf
socialism_capitalism_political_support,dodatki2016.pdf,6,430,b2,3,2011,neither,31.0,True,percent_of_all_respondents_as_published,not_published,extracted_published_percentage,https://isnasu.org.ua/assets/files/monitoring/dodatki2016.pdf
socialism_capitalism_political_support,dodatki2016.pdf,6,430,b2,3,2011,no_answer,0.0,True,percent_of_all_respondents_as_published,not_published,extracted_published_percentage,https://isnasu.org.ua/assets/files/monitoring/dodatki2016.pdf
socialism_capitalism_political_support,dodatki2016.pdf,6,430,b2,3,2011,other,0.5,True,percent_of_all_respondents_as_published,not_published,extracted_published_percentage,https://isnasu.org.ua/assets/files/monitoring/dodatki2016.pdf
socialism_capitalism_political_support,dodatki2016.pdf,6,430,b2,3,2011,socialism,21.8,True,percent_of_all_respondents_as_published,not_published,extracted_published_percentage,https://isnasu.org.ua/assets/files/monitoring/dodatki2016.pdf
socialism_capitalism_political_support,dodatki2016.pdf,6,430,b2,3,2012,both,19.9,True,percent_of_all_respondents_as_published,not_published,extracted_published_percentage,https://isnasu.org.ua/assets/files/monitoring/dodatki2016.pdf
socialism_capitalism_political_support,dodatki2016.pdf,6,430,b2,3,2012,capitalism,8.9,True,percent_of_all_respondents_as_published,not_published,extracted_published_percentage,https://isnasu.org.ua/assets/files/monitoring/dodatki2016.pdf
socialism_capitalism_political_support,dodatki2016.pdf,6,430,b2,3,2012,dont_know,20.0,True,percent_of_all_respondents_as_published,not_published,extracted_published_percentage,https://isnasu.org.ua/assets/files/monitoring/dodatki2016.pdf
socialism_capitalism_political_support,dodatki2016.pdf,6,430,b2,3,2012,neither,26.9,True,percent_of_all_respondents_as_published,not_published,extracted_published_percentage,https://isnasu.org.ua/assets/files/monitoring/dodatki2016.pdf
socialism_capitalism_political_support,dodatki2016.pdf,6,430,b2,3,2012,no_answer,0.1,True,percent_of_all_respondents_as_published,not_published,extracted_published_percentage,https://isnasu.org.ua/assets/files/monitoring/dodatki2016.pdf
socialism_capitalism_political_support,dodatki2016.pdf,6,430,b2,3,2012,other,1.3,True,percent_of_all_respondents_as_published,not_published,extracted_published_percentage,https://isnasu.org.ua/assets/files/monitoring/dodatki2016.pdf
socialism_capitalism_political_support,dodatki2016.pdf,6,430,b2,3,2012,socialism,22.9,True,percent_of_all_respondents_as_published,not_published,extracted_published_percentage,https://isnasu.org.ua/assets/files/monitoring/dodatki2016.pdf
socialism_capitalism_political_support,dodatki2016.pdf,6,430,b2,3,2014,both,25.5,True,percent_of_all_respondents_as_published,not_published,extracted_published_percentage,https://isnasu.org.ua/assets/files/monitoring/dodatki2016.pdf
socialism_capitalism_political_support,dodatki2016.pdf,6,430,b2,3,2014,capitalism,13.5,True,percent_of_all_respondents_as_published,not_published,extracted_published_percentage,https://isnasu.org.ua/assets/files/monitoring/dodatki2016.pdf
socialism_capitalism_political_support,dodatki2016.pdf,6,430,b2,3,2014,dont_know,19.6,True,percent_of_all_respondents_as_published,not_published,extracted_published_percentage,https://isnasu.org.ua/assets/files/monitoring/dodatki2016.pdf
socialism_capitalism_political_support,dodatki2016.pdf,6,430,b2,3,2014,neither,23.9,True,percent_of_all_respondents_as_published,not_published,extracted_published_percentage,https://isnasu.org.ua/assets/files/monitoring/dodatki2016.pdf
socialism_capitalism_political_support,dodatki2016.pdf,6,430,b2,3,2014,no_answer,0.4,True,percent_of_all_respondents_as_published,not_published,extracted_published_percentage,https://isnasu.org.ua/assets/files/monitoring/dodatki2016.pdf
socialism_capitalism_political_support,dodatki2016.pdf,6,430,b2,3,2014,other,1.5,True,percent_of_all_respondents_as_published,not_published,extracted_published_percentage,https://isnasu.org.ua/assets/files/monitoring/dodatki2016.pdf
socialism_capitalism_political_support,dodatki2016.pdf,6,430,b2,3,2014,socialism,15.6,True,percent_of_all_respondents_as_published,not_published,extracted_published_percentage,https://isnasu.org.ua/assets/files/monitoring/dodatki2016.pdf
socialism_capitalism_political_support,dodatki2016.pdf,6,430,b2,3,2016,both,23.4,True,percent_of_all_respondents_as_published,not_published,extracted_published_percentage,https://isnasu.org.ua/assets/files/monitoring/dodatki2016.pdf
socialism_capitalism_political_support,dodatki2016.pdf,6,430,b2,3,2016,capitalism,13.4,True,percent_of_all_respondents_as_published,not_published,extracted_published_percentage,https://isnasu.org.ua/assets/files/monitoring/dodatki2016.pdf
socialism_capitalism_political_support,dodatki2016.pdf,6,430,b2,3,2016,dont_know,15.8,True,percent_of_all_respondents_as_published,not_published,extracted_published_percentage,https://isnasu.org.ua/assets/files/monitoring/dodatki2016.pdf
socialism_capitalism_political_support,dodatki2016.pdf,6,430,b2,3,2016,neither,32.0,True,percent_of_all_respondents_as_published,not_published,extracted_published_percentage,https://isnasu.org.ua/assets/files/monitoring/dodatki2016.pdf
socialism_capitalism_political_support,dodatki2016.pdf,6,430,b2,3,2016,no_answer,0.1,True,percent_of_all_respondents_as_published,not_published,extracted_published_percentage,https://isnasu.org.ua/assets/files/monitoring/dodatki2016.pdf
socialism_capitalism_political_support,dodatki2016.pdf,6,430,b2,3,2016,other,0.8,True,percent_of_all_respondents_as_published,not_published,extracted_published_percentage,https://isnasu.org.ua/assets/files/monitoring/dodatki2016.pdf
socialism_capitalism_political_support,dodatki2016.pdf,6,430,b2,3,2016,socialism,14.4,True,percent_of_all_respondents_as_published,not_published,extracted_published_percentage,https://isnasu.org.ua/assets/files/monitoring/dodatki2016.pdf
state_market_role,monitoring-2021dlya-tipografii.pdf,625,625,a7,4,2002,dont_know,17.8,True,percent_of_all_respondents_as_published,not_published,extracted_published_percentage,https://isnasu.org.ua/assets/files/monitoring/monitoring-2021dlya-tipografii.pdf
state_market_role,monitoring-2021dlya-tipografii.pdf,625,625,a7,4,2002,minimal_state_market,6.5,True,percent_of_all_respondents_as_published,not_published,extracted_published_percentage,https://isnasu.org.ua/assets/files/monitoring/monitoring-2021dlya-tipografii.pdf
state_market_role,monitoring-2021dlya-tipografii.pdf,625,625,a7,4,2002,mixed_state_market,46.1,True,percent_of_all_respondents_as_published,not_published,extracted_published_percentage,https://isnasu.org.ua/assets/files/monitoring/monitoring-2021dlya-tipografii.pdf
state_market_role,monitoring-2021dlya-tipografii.pdf,625,625,a7,4,2002,no_answer,0.3,True,percent_of_all_respondents_as_published,not_published,extracted_published_percentage,https://isnasu.org.ua/assets/files/monitoring/monitoring-2021dlya-tipografii.pdf
state_market_role,monitoring-2021dlya-tipografii.pdf,625,625,a7,4,2002,planned_economy,29.3,True,percent_of_all_respondents_as_published,not_published,extracted_published_percentage,https://isnasu.org.ua/assets/files/monitoring/monitoring-2021dlya-tipografii.pdf
state_market_role,panina-1994-2005.pdf,22,22,a7,1,2003,dont_know,17.0,True,percent_of_all_respondents_as_published,not_published,extracted_published_percentage,https://dif.org.ua/uploads/pdf/40574543644fd4df61d653.39323866.pdf
state_market_role,panina-1994-2005.pdf,22,22,a7,1,2003,minimal_state_market,4.9,True,percent_of_all_respondents_as_published,not_published,extracted_published_percentage,https://dif.org.ua/uploads/pdf/40574543644fd4df61d653.39323866.pdf
state_market_role,panina-1994-2005.pdf,22,22,a7,1,2003,mixed_state_market,46.4,True,percent_of_all_respondents_as_published,not_published,extracted_published_percentage,https://dif.org.ua/uploads/pdf/40574543644fd4df61d653.39323866.pdf
state_market_role,panina-1994-2005.pdf,22,22,a7,1,2003,no_answer,0.2,True,percent_of_all_respondents_as_published,not_published,extracted_published_percentage,https://dif.org.ua/uploads/pdf/40574543644fd4df61d653.39323866.pdf
state_market_role,panina-1994-2005.pdf,22,22,a7,1,2003,planned_economy,31.5,True,percent_of_all_respondents_as_published,not_published,extracted_published_percentage,https://dif.org.ua/uploads/pdf/40574543644fd4df61d653.39323866.pdf
state_market_role,monitoring-2021dlya-tipografii.pdf,625,625,a7,4,2004,dont_know,16.5,True,percent_of_all_respondents_as_published,not_published,extracted_published_percentage,https://isnasu.org.ua/assets/files/monitoring/monitoring-2021dlya-tipografii.pdf
state_market_role,monitoring-2021dlya-tipografii.pdf,625,625,a7,4,2004,minimal_state_market,6.1,True,percent_of_all_respondents_as_published,not_published,extracted_published_percentage,https://isnasu.org.ua/assets/files/monitoring/monitoring-2021dlya-tipografii.pdf
state_market_role,monitoring-2021dlya-tipografii.pdf,625,625,a7,4,2004,mixed_state_market,45.5,True,percent_of_all_respondents_as_published,not_published,extracted_published_percentage,https://isnasu.org.ua/assets/files/monitoring/monitoring-2021dlya-tipografii.pdf
state_market_role,monitoring-2021dlya-tipografii.pdf,625,625,a7,4,2004,no_answer,0.3,True,percent_of_all_respondents_as_published,not_published,extracted_published_percentage,https://isnasu.org.ua/assets/files/monitoring/monitoring-2021dlya-tipografii.pdf
state_market_role,monitoring-2021dlya-tipografii.pdf,625,625,a7,4,2004,planned_economy,31.6,True,percent_of_all_respondents_as_published,not_published,extracted_published_percentage,https://isnasu.org.ua/assets/files/monitoring/monitoring-2021dlya-tipografii.pdf
state_market_role,soc-mon-2013.pdf,447,447,a7,2,2005,dont_know,17.1,True,percent_of_all_respondents_as_published,not_published,extracted_published_percentage,https://isnasu.org.ua/assets/files/monitoring/soc-mon-2013.pdf
state_market_role,soc-mon-2013.pdf,447,447,a7,2,2005,minimal_state_market,5.7,True,percent_of_all_respondents_as_published,not_published,extracted_published_percentage,https://isnasu.org.ua/assets/files/monitoring/soc-mon-2013.pdf
state_market_role,soc-mon-2013.pdf,447,447,a7,2,2005,mixed_state_market,46.2,True,percent_of_all_respondents_as_published,not_published,extracted_published_percentage,https://isnasu.org.ua/assets/files/monitoring/soc-mon-2013.pdf
state_market_role,soc-mon-2013.pdf,447,447,a7,2,2005,no_answer,1.8,True,percent_of_all_respondents_as_published,not_published,extracted_published_percentage,https://isnasu.org.ua/assets/files/monitoring/soc-mon-2013.pdf
state_market_role,soc-mon-2013.pdf,447,447,a7,2,2005,planned_economy,29.3,True,percent_of_all_respondents_as_published,not_published,extracted_published_percentage,https://isnasu.org.ua/assets/files/monitoring/soc-mon-2013.pdf
state_market_role,monitoring-2021dlya-tipografii.pdf,625,625,a7,4,2006,dont_know,14.6,True,percent_of_all_respondents_as_published,not_published,extracted_published_percentage,https://isnasu.org.ua/assets/files/monitoring/monitoring-2021dlya-tipografii.pdf
state_market_role,monitoring-2021dlya-tipografii.pdf,625,625,a7,4,2006,minimal_state_market,4.7,True,percent_of_all_respondents_as_published,not_published,extracted_published_percentage,https://isnasu.org.ua/assets/files/monitoring/monitoring-2021dlya-tipografii.pdf
state_market_role,monitoring-2021dlya-tipografii.pdf,625,625,a7,4,2006,mixed_state_market,49.5,True,percent_of_all_respondents_as_published,not_published,extracted_published_percentage,https://isnasu.org.ua/assets/files/monitoring/monitoring-2021dlya-tipografii.pdf
state_market_role,monitoring-2021dlya-tipografii.pdf,625,625,a7,4,2006,no_answer,1.6,True,percent_of_all_respondents_as_published,not_published,extracted_published_percentage,https://isnasu.org.ua/assets/files/monitoring/monitoring-2021dlya-tipografii.pdf
state_market_role,monitoring-2021dlya-tipografii.pdf,625,625,a7,4,2006,planned_economy,29.6,True,percent_of_all_respondents_as_published,not_published,extracted_published_percentage,https://isnasu.org.ua/assets/files/monitoring/monitoring-2021dlya-tipografii.pdf
state_market_role,monitoring-2021dlya-tipografii.pdf,625,625,a7,4,2008,dont_know,13.7,True,percent_of_all_respondents_as_published,not_published,extracted_published_percentage,https://isnasu.org.ua/assets/files/monitoring/monitoring-2021dlya-tipografii.pdf
state_market_role,monitoring-2021dlya-tipografii.pdf,625,625,a7,4,2008,minimal_state_market,6.6,True,percent_of_all_respondents_as_published,not_published,extracted_published_percentage,https://isnasu.org.ua/assets/files/monitoring/monitoring-2021dlya-tipografii.pdf
state_market_role,monitoring-2021dlya-tipografii.pdf,625,625,a7,4,2008,mixed_state_market,49.9,True,percent_of_all_respondents_as_published,not_published,extracted_published_percentage,https://isnasu.org.ua/assets/files/monitoring/monitoring-2021dlya-tipografii.pdf
state_market_role,monitoring-2021dlya-tipografii.pdf,625,625,a7,4,2008,no_answer,1.0,True,percent_of_all_respondents_as_published,not_published,extracted_published_percentage,https://isnasu.org.ua/assets/files/monitoring/monitoring-2021dlya-tipografii.pdf
state_market_role,monitoring-2021dlya-tipografii.pdf,625,625,a7,4,2008,planned_economy,28.8,True,percent_of_all_respondents_as_published,not_published,extracted_published_percentage,https://isnasu.org.ua/assets/files/monitoring/monitoring-2021dlya-tipografii.pdf
state_market_role,monitoring-2021dlya-tipografii.pdf,625,625,a7,4,2010,dont_know,13.8,True,percent_of_all_respondents_as_published,not_published,extracted_published_percentage,https://isnasu.org.ua/assets/files/monitoring/monitoring-2021dlya-tipografii.pdf
state_market_role,monitoring-2021dlya-tipografii.pdf,625,625,a7,4,2010,minimal_state_market,5.3,True,percent_of_all_respondents_as_published,not_published,extracted_published_percentage,https://isnasu.org.ua/assets/files/monitoring/monitoring-2021dlya-tipografii.pdf
state_market_role,monitoring-2021dlya-tipografii.pdf,625,625,a7,4,2010,mixed_state_market,48.4,True,percent_of_all_respondents_as_published,not_published,extracted_published_percentage,https://isnasu.org.ua/assets/files/monitoring/monitoring-2021dlya-tipografii.pdf
state_market_role,monitoring-2021dlya-tipografii.pdf,625,625,a7,4,2010,no_answer,0.8,True,percent_of_all_respondents_as_published,not_published,extracted_published_percentage,https://isnasu.org.ua/assets/files/monitoring/monitoring-2021dlya-tipografii.pdf
state_market_role,monitoring-2021dlya-tipografii.pdf,625,625,a7,4,2010,planned_economy,31.6,True,percent_of_all_respondents_as_published,not_published,extracted_published_percentage,https://isnasu.org.ua/assets/files/monitoring/monitoring-2021dlya-tipografii.pdf
state_market_role,monitoring-2021dlya-tipografii.pdf,625,625,a7,4,2012,dont_know,16.3,True,percent_of_all_respondents_as_published,not_published,extracted_published_percentage,https://isnasu.org.ua/assets/files/monitoring/monitoring-2021dlya-tipografii.pdf
state_market_role,monitoring-2021dlya-tipografii.pdf,625,625,a7,4,2012,minimal_state_market,6.1,True,percent_of_all_respondents_as_published,not_published,extracted_published_percentage,https://isnasu.org.ua/assets/files/monitoring/monitoring-2021dlya-tipografii.pdf
state_market_role,monitoring-2021dlya-tipografii.pdf,625,625,a7,4,2012,mixed_state_market,42.4,True,percent_of_all_respondents_as_published,not_published,extracted_published_percentage,https://isnasu.org.ua/assets/files/monitoring/monitoring-2021dlya-tipografii.pdf
state_market_role,monitoring-2021dlya-tipografii.pdf,625,625,a7,4,2012,no_answer,1.8,True,percent_of_all_respondents_as_published,not_published,extracted_published_percentage,https://isnasu.org.ua/assets/files/monitoring/monitoring-2021dlya-tipografii.pdf
state_market_role,monitoring-2021dlya-tipografii.pdf,625,625,a7,4,2012,planned_economy,33.4,True,percent_of_all_respondents_as_published,not_published,extracted_published_percentage,https://isnasu.org.ua/assets/files/monitoring/monitoring-2021dlya-tipografii.pdf
state_market_role,monitoring-2021dlya-tipografii.pdf,625,625,a7,4,2013,dont_know,16.8,True,percent_of_all_respondents_as_published,not_published,extracted_published_percentage,https://isnasu.org.ua/assets/files/monitoring/monitoring-2021dlya-tipografii.pdf
state_market_role,monitoring-2021dlya-tipografii.pdf,625,625,a7,4,2013,minimal_state_market,8.1,True,percent_of_all_respondents_as_published,not_published,extracted_published_percentage,https://isnasu.org.ua/assets/files/monitoring/monitoring-2021dlya-tipografii.pdf
state_market_role,monitoring-2021dlya-tipografii.pdf,625,625,a7,4,2013,mixed_state_market,41.3,True,percent_of_all_respondents_as_published,not_published,extracted_published_percentage,https://isnasu.org.ua/assets/files/monitoring/monitoring-2021dlya-tipografii.pdf
state_market_role,monitoring-2021dlya-tipografii.pdf,625,625,a7,4,2013,no_answer,6.6,True,percent_of_all_respondents_as_published,not_published,extracted_published_percentage,https://isnasu.org.ua/assets/files/monitoring/monitoring-2021dlya-tipografii.pdf
state_market_role,monitoring-2021dlya-tipografii.pdf,625,625,a7,4,2013,planned_economy,27.2,True,percent_of_all_respondents_as_published,not_published,extracted_published_percentage,https://isnasu.org.ua/assets/files/monitoring/monitoring-2021dlya-tipografii.pdf
state_market_role,monitoring-2021dlya-tipografii.pdf,625,625,a7,4,2014,dont_know,14.4,True,percent_of_all_respondents_as_published,not_published,extracted_published_percentage,https://isnasu.org.ua/assets/files/monitoring/monitoring-2021dlya-tipografii.pdf
state_market_role,monitoring-2021dlya-tipografii.pdf,625,625,a7,4,2014,minimal_state_market,9.0,True,percent_of_all_respondents_as_published,not_published,extracted_published_percentage,https://isnasu.org.ua/assets/files/monitoring/monitoring-2021dlya-tipografii.pdf
state_market_role,monitoring-2021dlya-tipografii.pdf,625,625,a7,4,2014,mixed_state_market,48.9,True,percent_of_all_respondents_as_published,not_published,extracted_published_percentage,https://isnasu.org.ua/assets/files/monitoring/monitoring-2021dlya-tipografii.pdf
state_market_role,monitoring-2021dlya-tipografii.pdf,625,625,a7,4,2014,no_answer,1.6,True,percent_of_all_respondents_as_published,not_published,extracted_published_percentage,https://isnasu.org.ua/assets/files/monitoring/monitoring-2021dlya-tipografii.pdf
state_market_role,monitoring-2021dlya-tipografii.pdf,625,625,a7,4,2014,planned_economy,26.1,True,percent_of_all_respondents_as_published,not_published,extracted_published_percentage,https://isnasu.org.ua/assets/files/monitoring/monitoring-2021dlya-tipografii.pdf
state_market_role,monitoring-2021dlya-tipografii.pdf,625,625,a7,4,2015,dont_know,12.3,True,percent_of_all_respondents_as_published,not_published,extracted_published_percentage,https://isnasu.org.ua/assets/files/monitoring/monitoring-2021dlya-tipografii.pdf
state_market_role,monitoring-2021dlya-tipografii.pdf,625,625,a7,4,2015,minimal_state_market,12.7,True,percent_of_all_respondents_as_published,not_published,extracted_published_percentage,https://isnasu.org.ua/assets/files/monitoring/monitoring-2021dlya-tipografii.pdf
state_market_role,monitoring-2021dlya-tipografii.pdf,625,625,a7,4,2015,mixed_state_market,49.4,True,percent_of_all_respondents_as_published,not_published,extracted_published_percentage,https://isnasu.org.ua/assets/files/monitoring/monitoring-2021dlya-tipografii.pdf
state_market_role,monitoring-2021dlya-tipografii.pdf,625,625,a7,4,2015,no_answer,0.8,True,percent_of_all_respondents_as_published,not_published,extracted_published_percentage,https://isnasu.org.ua/assets/files/monitoring/monitoring-2021dlya-tipografii.pdf
state_market_role,monitoring-2021dlya-tipografii.pdf,625,625,a7,4,2015,planned_economy,24.8,True,percent_of_all_respondents_as_published,not_published,extracted_published_percentage,https://isnasu.org.ua/assets/files/monitoring/monitoring-2021dlya-tipografii.pdf
state_market_role,monitoring-2021dlya-tipografii.pdf,625,625,a7,4,2016,dont_know,10.9,True,percent_of_all_respondents_as_published,not_published,extracted_published_percentage,https://isnasu.org.ua/assets/files/monitoring/monitoring-2021dlya-tipografii.pdf
state_market_role,monitoring-2021dlya-tipografii.pdf,625,625,a7,4,2016,minimal_state_market,11.5,True,percent_of_all_respondents_as_published,not_published,extracted_published_percentage,https://isnasu.org.ua/assets/files/monitoring/monitoring-2021dlya-tipografii.pdf
state_market_role,monitoring-2021dlya-tipografii.pdf,625,625,a7,4,2016,mixed_state_market,51.4,True,percent_of_all_respondents_as_published,not_published,extracted_published_percentage,https://isnasu.org.ua/assets/files/monitoring/monitoring-2021dlya-tipografii.pdf
state_market_role,monitoring-2021dlya-tipografii.pdf,625,625,a7,4,2016,no_answer,0.4,True,percent_of_all_respondents_as_published,not_published,extracted_published_percentage,https://isnasu.org.ua/assets/files/monitoring/monitoring-2021dlya-tipografii.pdf
state_market_role,monitoring-2021dlya-tipografii.pdf,625,625,a7,4,2016,planned_economy,25.8,True,percent_of_all_respondents_as_published,not_published,extracted_published_percentage,https://isnasu.org.ua/assets/files/monitoring/monitoring-2021dlya-tipografii.pdf
state_market_role,monitoring-2021dlya-tipografii.pdf,625,625,a7,4,2017,dont_know,10.3,True,percent_of_all_respondents_as_published,not_published,extracted_published_percentage,https://isnasu.org.ua/assets/files/monitoring/monitoring-2021dlya-tipografii.pdf
state_market_role,monitoring-2021dlya-tipografii.pdf,625,625,a7,4,2017,minimal_state_market,14.2,True,percent_of_all_respondents_as_published,not_published,extracted_published_percentage,https://isnasu.org.ua/assets/files/monitoring/monitoring-2021dlya-tipografii.pdf
state_market_role,monitoring-2021dlya-tipografii.pdf,625,625,a7,4,2017,mixed_state_market,46.6,True,percent_of_all_respondents_as_published,not_published,extracted_published_percentage,https://isnasu.org.ua/assets/files/monitoring/monitoring-2021dlya-tipografii.pdf
state_market_role,monitoring-2021dlya-tipografii.pdf,625,625,a7,4,2017,no_answer,0.9,True,percent_of_all_respondents_as_published,not_published,extracted_published_percentage,https://isnasu.org.ua/assets/files/monitoring/monitoring-2021dlya-tipografii.pdf
state_market_role,monitoring-2021dlya-tipografii.pdf,625,625,a7,4,2017,planned_economy,28.0,True,percent_of_all_respondents_as_published,not_published,extracted_published_percentage,https://isnasu.org.ua/assets/files/monitoring/monitoring-2021dlya-tipografii.pdf
state_market_role,monitoring-2021dlya-tipografii.pdf,625,625,a7,4,2019,dont_know,13.2,True,percent_of_all_respondents_as_published,not_published,extracted_published_percentage,https://isnasu.org.ua/assets/files/monitoring/monitoring-2021dlya-tipografii.pdf
state_market_role,monitoring-2021dlya-tipografii.pdf,625,625,a7,4,2019,minimal_state_market,12.1,True,percent_of_all_respondents_as_published,not_published,extracted_published_percentage,https://isnasu.org.ua/assets/files/monitoring/monitoring-2021dlya-tipografii.pdf
state_market_role,monitoring-2021dlya-tipografii.pdf,625,625,a7,4,2019,mixed_state_market,48.1,True,percent_of_all_respondents_as_published,not_published,extracted_published_percentage,https://isnasu.org.ua/assets/files/monitoring/monitoring-2021dlya-tipografii.pdf
state_market_role,monitoring-2021dlya-tipografii.pdf,625,625,a7,4,2019,no_answer,0.0,True,percent_of_all_respondents_as_published,not_published,extracted_published_percentage,https://isnasu.org.ua/assets/files/monitoring/monitoring-2021dlya-tipografii.pdf
state_market_role,monitoring-2021dlya-tipografii.pdf,625,625,a7,4,2019,planned_economy,26.6,True,percent_of_all_respondents_as_published,not_published,extracted_published_percentage,https://isnasu.org.ua/assets/files/monitoring/monitoring-2021dlya-tipografii.pdf
state_market_role,monitoring-2021dlya-tipografii.pdf,625,625,a7,4,2020,dont_know,23.1,True,percent_of_all_respondents_as_published,not_published,extracted_published_percentage,https://isnasu.org.ua/assets/files/monitoring/monitoring-2021dlya-tipografii.pdf
state_market_role,monitoring-2021dlya-tipografii.pdf,625,625,a7,4,2020,minimal_state_market,8.1,True,percent_of_all_respondents_as_published,not_published,extracted_published_percentage,https://isnasu.org.ua/assets/files/monitoring/monitoring-2021dlya-tipografii.pdf
state_market_role,monitoring-2021dlya-tipografii.pdf,625,625,a7,4,2020,mixed_state_market,40.3,True,percent_of_all_respondents_as_published,not_published,extracted_published_percentage,https://isnasu.org.ua/assets/files/monitoring/monitoring-2021dlya-tipografii.pdf
state_market_role,monitoring-2021dlya-tipografii.pdf,625,625,a7,4,2020,no_answer,3.5,True,percent_of_all_respondents_as_published,not_published,extracted_published_percentage,https://isnasu.org.ua/assets/files/monitoring/monitoring-2021dlya-tipografii.pdf
state_market_role,monitoring-2021dlya-tipografii.pdf,625,625,a7,4,2020,planned_economy,25.0,True,percent_of_all_respondents_as_published,not_published,extracted_published_percentage,https://isnasu.org.ua/assets/files/monitoring/monitoring-2021dlya-tipografii.pdf
state_market_role,monitoring-2021dlya-tipografii.pdf,625,625,a7,4,2021,dont_know,16.2,False,percent_of_all_respondents_as_published,not_published,extracted_published_percentage,https://isnasu.org.ua/assets/files/monitoring/monitoring-2021dlya-tipografii.pdf
state_market_role,monitoring-2021dlya-tipografii.pdf,625,625,a7,4,2021,minimal_state_market,9.9,False,percent_of_all_respondents_as_published,not_published,extracted_published_percentage,https://isnasu.org.ua/assets/files/monitoring/monitoring-2021dlya-tipografii.pdf
state_market_role,monitoring-2021dlya-tipografii.pdf,625,625,a7,4,2021,mixed_state_market,44.6,False,percent_of_all_respondents_as_published,not_published,extracted_published_percentage,https://isnasu.org.ua/assets/files/monitoring/monitoring-2021dlya-tipografii.pdf
state_market_role,monitoring-2021dlya-tipografii.pdf,625,625,a7,4,2021,no_answer,2.1,False,percent_of_all_respondents_as_published,not_published,extracted_published_percentage,https://isnasu.org.ua/assets/files/monitoring/monitoring-2021dlya-tipografii.pdf
state_market_role,monitoring-2021dlya-tipografii.pdf,625,625,a7,4,2021,planned_economy,27.2,False,percent_of_all_respondents_as_published,not_published,extracted_published_percentage,https://isnasu.org.ua/assets/files/monitoring/monitoring-2021dlya-tipografii.pdf
work_private_employer,monitoring-2021dlya-tipografii.pdf,625,625,a8,4,1992,dont_know,20.5,True,percent_of_all_respondents_as_published,not_published,extracted_published_percentage,https://isnasu.org.ua/assets/files/monitoring/monitoring-2021dlya-tipografii.pdf
work_private_employer,monitoring-2021dlya-tipografii.pdf,625,625,a8,4,1992,no,25.2,True,percent_of_all_respondents_as_published,not_published,extracted_published_percentage,https://isnasu.org.ua/assets/files/monitoring/monitoring-2021dlya-tipografii.pdf
work_private_employer,monitoring-2021dlya-tipografii.pdf,625,625,a8,4,1992,no_answer,0.6,True,percent_of_all_respondents_as_published,not_published,extracted_published_percentage,https://isnasu.org.ua/assets/files/monitoring/monitoring-2021dlya-tipografii.pdf
work_private_employer,monitoring-2021dlya-tipografii.pdf,625,625,a8,4,1992,rather_no,9.9,True,percent_of_all_respondents_as_published,not_published,extracted_published_percentage,https://isnasu.org.ua/assets/files/monitoring/monitoring-2021dlya-tipografii.pdf
work_private_employer,monitoring-2021dlya-tipografii.pdf,625,625,a8,4,1992,rather_yes,17.2,True,percent_of_all_respondents_as_published,not_published,extracted_published_percentage,https://isnasu.org.ua/assets/files/monitoring/monitoring-2021dlya-tipografii.pdf
work_private_employer,monitoring-2021dlya-tipografii.pdf,625,625,a8,4,1992,yes,26.7,True,percent_of_all_respondents_as_published,not_published,extracted_published_percentage,https://isnasu.org.ua/assets/files/monitoring/monitoring-2021dlya-tipografii.pdf
work_private_employer,monitoring-2021dlya-tipografii.pdf,625,625,a8,4,1994,dont_know,15.3,True,percent_of_all_respondents_as_published,not_published,extracted_published_percentage,https://isnasu.org.ua/assets/files/monitoring/monitoring-2021dlya-tipografii.pdf
work_private_employer,monitoring-2021dlya-tipografii.pdf,625,625,a8,4,1994,no,26.7,True,percent_of_all_respondents_as_published,not_published,extracted_published_percentage,https://isnasu.org.ua/assets/files/monitoring/monitoring-2021dlya-tipografii.pdf
work_private_employer,monitoring-2021dlya-tipografii.pdf,625,625,a8,4,1994,no_answer,0.4,True,percent_of_all_respondents_as_published,not_published,extracted_published_percentage,https://isnasu.org.ua/assets/files/monitoring/monitoring-2021dlya-tipografii.pdf
work_private_employer,monitoring-2021dlya-tipografii.pdf,625,625,a8,4,1994,rather_no,4.8,True,percent_of_all_respondents_as_published,not_published,extracted_published_percentage,https://isnasu.org.ua/assets/files/monitoring/monitoring-2021dlya-tipografii.pdf
work_private_employer,monitoring-2021dlya-tipografii.pdf,625,625,a8,4,1994,rather_yes,14.7,True,percent_of_all_respondents_as_published,not_published,extracted_published_percentage,https://isnasu.org.ua/assets/files/monitoring/monitoring-2021dlya-tipografii.pdf
work_private_employer,monitoring-2021dlya-tipografii.pdf,625,625,a8,4,1994,yes,38.2,True,percent_of_all_respondents_as_published,not_published,extracted_published_percentage,https://isnasu.org.ua/assets/files/monitoring/monitoring-2021dlya-tipografii.pdf
work_private_employer,panina-1994-2005.pdf,22,22,a8,1,1995,dont_know,14.8,True,percent_of_all_respondents_as_published,not_published,extracted_published_percentage,https://dif.org.ua/uploads/pdf/40574543644fd4df61d653.39323866.pdf
work_private_employer,panina-1994-2005.pdf,22,22,a8,1,1995,no,26.6,True,percent_of_all_respondents_as_published,not_published,extracted_published_percentage,https://dif.org.ua/uploads/pdf/40574543644fd4df61d653.39323866.pdf
work_private_employer,panina-1994-2005.pdf,22,22,a8,1,1995,no_answer,0.2,True,percent_of_all_respondents_as_published,not_published,extracted_published_percentage,https://dif.org.ua/uploads/pdf/40574543644fd4df61d653.39323866.pdf
work_private_employer,panina-1994-2005.pdf,22,22,a8,1,1995,rather_no,7.5,True,percent_of_all_respondents_as_published,not_published,extracted_published_percentage,https://dif.org.ua/uploads/pdf/40574543644fd4df61d653.39323866.pdf
work_private_employer,panina-1994-2005.pdf,22,22,a8,1,1995,rather_yes,14.5,True,percent_of_all_respondents_as_published,not_published,extracted_published_percentage,https://dif.org.ua/uploads/pdf/40574543644fd4df61d653.39323866.pdf
work_private_employer,panina-1994-2005.pdf,22,22,a8,1,1995,yes,36.6,True,percent_of_all_respondents_as_published,not_published,extracted_published_percentage,https://dif.org.ua/uploads/pdf/40574543644fd4df61d653.39323866.pdf
work_private_employer,monitoring-2021dlya-tipografii.pdf,625,625,a8,4,1996,dont_know,14.5,True,percent_of_all_respondents_as_published,not_published,extracted_published_percentage,https://isnasu.org.ua/assets/files/monitoring/monitoring-2021dlya-tipografii.pdf
work_private_employer,monitoring-2021dlya-tipografii.pdf,625,625,a8,4,1996,no,26.6,True,percent_of_all_respondents_as_published,not_published,extracted_published_percentage,https://isnasu.org.ua/assets/files/monitoring/monitoring-2021dlya-tipografii.pdf
work_private_employer,monitoring-2021dlya-tipografii.pdf,625,625,a8,4,1996,no_answer,0.0,True,percent_of_all_respondents_as_published,not_published,extracted_published_percentage,https://isnasu.org.ua/assets/files/monitoring/monitoring-2021dlya-tipografii.pdf
work_private_employer,monitoring-2021dlya-tipografii.pdf,625,625,a8,4,1996,rather_no,8.4,True,percent_of_all_respondents_as_published,not_published,extracted_published_percentage,https://isnasu.org.ua/assets/files/monitoring/monitoring-2021dlya-tipografii.pdf
work_private_employer,monitoring-2021dlya-tipografii.pdf,625,625,a8,4,1996,rather_yes,16.2,True,percent_of_all_respondents_as_published,not_published,extracted_published_percentage,https://isnasu.org.ua/assets/files/monitoring/monitoring-2021dlya-tipografii.pdf
work_private_employer,monitoring-2021dlya-tipografii.pdf,625,625,a8,4,1996,yes,34.4,True,percent_of_all_respondents_as_published,not_published,extracted_published_percentage,https://isnasu.org.ua/assets/files/monitoring/monitoring-2021dlya-tipografii.pdf
work_private_employer,panina-1994-2005.pdf,22,22,a8,1,1997,dont_know,14.8,True,percent_of_all_respondents_as_published,not_published,extracted_published_percentage,https://dif.org.ua/uploads/pdf/40574543644fd4df61d653.39323866.pdf
work_private_employer,panina-1994-2005.pdf,22,22,a8,1,1997,no,21.9,True,percent_of_all_respondents_as_published,not_published,extracted_published_percentage,https://dif.org.ua/uploads/pdf/40574543644fd4df61d653.39323866.pdf
work_private_employer,panina-1994-2005.pdf,22,22,a8,1,1997,no_answer,0.1,True,percent_of_all_respondents_as_published,not_published,extracted_published_percentage,https://dif.org.ua/uploads/pdf/40574543644fd4df61d653.39323866.pdf
work_private_employer,panina-1994-2005.pdf,22,22,a8,1,1997,rather_no,8.1,True,percent_of_all_respondents_as_published,not_published,extracted_published_percentage,https://dif.org.ua/uploads/pdf/40574543644fd4df61d653.39323866.pdf
work_private_employer,panina-1994-2005.pdf,22,22,a8,1,1997,rather_yes,16.7,True,percent_of_all_respondents_as_published,not_published,extracted_published_percentage,https://dif.org.ua/uploads/pdf/40574543644fd4df61d653.39323866.pdf
work_private_employer,panina-1994-2005.pdf,22,22,a8,1,1997,yes,38.4,True,percent_of_all_respondents_as_published,not_published,extracted_published_percentage,https://dif.org.ua/uploads/pdf/40574543644fd4df61d653.39323866.pdf
work_private_employer,monitoring-2021dlya-tipografii.pdf,625,625,a8,4,1998,dont_know,13.9,True,percent_of_all_respondents_as_published,not_published,extracted_published_percentage,https://isnasu.org.ua/assets/files/monitoring/monitoring-2021dlya-tipografii.pdf
work_private_employer,monitoring-2021dlya-tipografii.pdf,625,625,a8,4,1998,no,21.6,True,percent_of_all_respondents_as_published,not_published,extracted_published_percentage,https://isnasu.org.ua/assets/files/monitoring/monitoring-2021dlya-tipografii.pdf
work_private_employer,monitoring-2021dlya-tipografii.pdf,625,625,a8,4,1998,no_answer,0.1,True,percent_of_all_respondents_as_published,not_published,extracted_published_percentage,https://isnasu.org.ua/assets/files/monitoring/monitoring-2021dlya-tipografii.pdf
work_private_employer,monitoring-2021dlya-tipografii.pdf,625,625,a8,4,1998,rather_no,10.6,True,percent_of_all_respondents_as_published,not_published,extracted_published_percentage,https://isnasu.org.ua/assets/files/monitoring/monitoring-2021dlya-tipografii.pdf
work_private_employer,monitoring-2021dlya-tipografii.pdf,625,625,a8,4,1998,rather_yes,17.0,True,percent_of_all_respondents_as_published,not_published,extracted_published_percentage,https://isnasu.org.ua/assets/files/monitoring/monitoring-2021dlya-tipografii.pdf
work_private_employer,monitoring-2021dlya-tipografii.pdf,625,625,a8,4,1998,yes,36.9,True,percent_of_all_respondents_as_published,not_published,extracted_published_percentage,https://isnasu.org.ua/assets/files/monitoring/monitoring-2021dlya-tipografii.pdf
work_private_employer,panina-1994-2005.pdf,22,22,a8,1,1999,dont_know,14.4,True,percent_of_all_respondents_as_published,not_published,extracted_published_percentage,https://dif.org.ua/uploads/pdf/40574543644fd4df61d653.39323866.pdf
work_private_employer,panina-1994-2005.pdf,22,22,a8,1,1999,no,23.8,True,percent_of_all_respondents_as_published,not_published,extracted_published_percentage,https://dif.org.ua/uploads/pdf/40574543644fd4df61d653.39323866.pdf
work_private_employer,panina-1994-2005.pdf,22,22,a8,1,1999,no_answer,0.1,True,percent_of_all_respondents_as_published,not_published,extracted_published_percentage,https://dif.org.ua/uploads/pdf/40574543644fd4df61d653.39323866.pdf
work_private_employer,panina-1994-2005.pdf,22,22,a8,1,1999,rather_no,10.0,True,percent_of_all_respondents_as_published,not_published,extracted_published_percentage,https://dif.org.ua/uploads/pdf/40574543644fd4df61d653.39323866.pdf
work_private_employer,panina-1994-2005.pdf,22,22,a8,1,1999,rather_yes,18.1,True,percent_of_all_respondents_as_published,not_published,extracted_published_percentage,https://dif.org.ua/uploads/pdf/40574543644fd4df61d653.39323866.pdf
work_private_employer,panina-1994-2005.pdf,22,22,a8,1,1999,yes,33.5,True,percent_of_all_respondents_as_published,not_published,extracted_published_percentage,https://dif.org.ua/uploads/pdf/40574543644fd4df61d653.39323866.pdf
work_private_employer,monitoring-2021dlya-tipografii.pdf,625,625,a8,4,2000,dont_know,13.2,True,percent_of_all_respondents_as_published,not_published,extracted_published_percentage,https://isnasu.org.ua/assets/files/monitoring/monitoring-2021dlya-tipografii.pdf
work_private_employer,monitoring-2021dlya-tipografii.pdf,625,625,a8,4,2000,no,21.7,True,percent_of_all_respondents_as_published,not_published,extracted_published_percentage,https://isnasu.org.ua/assets/files/monitoring/monitoring-2021dlya-tipografii.pdf
work_private_employer,monitoring-2021dlya-tipografii.pdf,625,625,a8,4,2000,no_answer,0.0,True,percent_of_all_respondents_as_published,not_published,extracted_published_percentage,https://isnasu.org.ua/assets/files/monitoring/monitoring-2021dlya-tipografii.pdf
work_private_employer,monitoring-2021dlya-tipografii.pdf,625,625,a8,4,2000,rather_no,9.6,True,percent_of_all_respondents_as_published,not_published,extracted_published_percentage,https://isnasu.org.ua/assets/files/monitoring/monitoring-2021dlya-tipografii.pdf
work_private_employer,monitoring-2021dlya-tipografii.pdf,625,625,a8,4,2000,rather_yes,16.6,True,percent_of_all_respondents_as_published,not_published,extracted_published_percentage,https://isnasu.org.ua/assets/files/monitoring/monitoring-2021dlya-tipografii.pdf
work_private_employer,monitoring-2021dlya-tipografii.pdf,625,625,a8,4,2000,yes,39.0,True,percent_of_all_respondents_as_published,not_published,extracted_published_percentage,https://isnasu.org.ua/assets/files/monitoring/monitoring-2021dlya-tipografii.pdf
work_private_employer,panina-1994-2005.pdf,22,22,a8,1,2001,dont_know,13.8,True,percent_of_all_respondents_as_published,not_published,extracted_published_percentage,https://dif.org.ua/uploads/pdf/40574543644fd4df61d653.39323866.pdf
work_private_employer,panina-1994-2005.pdf,22,22,a8,1,2001,no,22.6,True,percent_of_all_respondents_as_published,not_published,extracted_published_percentage,https://dif.org.ua/uploads/pdf/40574543644fd4df61d653.39323866.pdf
work_private_employer,panina-1994-2005.pdf,22,22,a8,1,2001,no_answer,0.0,True,percent_of_all_respondents_as_published,not_published,extracted_published_percentage,https://dif.org.ua/uploads/pdf/40574543644fd4df61d653.39323866.pdf
work_private_employer,panina-1994-2005.pdf,22,22,a8,1,2001,rather_no,9.8,True,percent_of_all_respondents_as_published,not_published,extracted_published_percentage,https://dif.org.ua/uploads/pdf/40574543644fd4df61d653.39323866.pdf
work_private_employer,panina-1994-2005.pdf,22,22,a8,1,2001,rather_yes,19.8,True,percent_of_all_respondents_as_published,not_published,extracted_published_percentage,https://dif.org.ua/uploads/pdf/40574543644fd4df61d653.39323866.pdf
work_private_employer,panina-1994-2005.pdf,22,22,a8,1,2001,yes,34.1,True,percent_of_all_respondents_as_published,not_published,extracted_published_percentage,https://dif.org.ua/uploads/pdf/40574543644fd4df61d653.39323866.pdf
work_private_employer,monitoring-2021dlya-tipografii.pdf,625,625,a8,4,2002,dont_know,20.7,True,percent_of_all_respondents_as_published,not_published,extracted_published_percentage,https://isnasu.org.ua/assets/files/monitoring/monitoring-2021dlya-tipografii.pdf
work_private_employer,monitoring-2021dlya-tipografii.pdf,625,625,a8,4,2002,no,23.5,True,percent_of_all_respondents_as_published,not_published,extracted_published_percentage,https://isnasu.org.ua/assets/files/monitoring/monitoring-2021dlya-tipografii.pdf
work_private_employer,monitoring-2021dlya-tipografii.pdf,625,625,a8,4,2002,no_answer,0.4,True,percent_of_all_respondents_as_published,not_published,extracted_published_percentage,https://isnasu.org.ua/assets/files/monitoring/monitoring-2021dlya-tipografii.pdf
work_private_employer,monitoring-2021dlya-tipografii.pdf,625,625,a8,4,2002,rather_no,13.3,True,percent_of_all_respondents_as_published,not_published,extracted_published_percentage,https://isnasu.org.ua/assets/files/monitoring/monitoring-2021dlya-tipografii.pdf
work_private_employer,monitoring-2021dlya-tipografii.pdf,625,625,a8,4,2002,rather_yes,28.0,True,percent_of_all_respondents_as_published,not_published,extracted_published_percentage,https://isnasu.org.ua/assets/files/monitoring/monitoring-2021dlya-tipografii.pdf
work_private_employer,monitoring-2021dlya-tipografii.pdf,625,625,a8,4,2002,yes,14.2,True,percent_of_all_respondents_as_published,not_published,extracted_published_percentage,https://isnasu.org.ua/assets/files/monitoring/monitoring-2021dlya-tipografii.pdf
work_private_employer,panina-1994-2005.pdf,22,22,a8,1,2003,dont_know,19.8,True,percent_of_all_respondents_as_published,not_published,extracted_published_percentage,https://dif.org.ua/uploads/pdf/40574543644fd4df61d653.39323866.pdf
work_private_employer,panina-1994-2005.pdf,22,22,a8,1,2003,no,20.3,True,percent_of_all_respondents_as_published,not_published,extracted_published_percentage,https://dif.org.ua/uploads/pdf/40574543644fd4df61d653.39323866.pdf
work_private_employer,panina-1994-2005.pdf,22,22,a8,1,2003,no_answer,0.1,True,percent_of_all_respondents_as_published,not_published,extracted_published_percentage,https://dif.org.ua/uploads/pdf/40574543644fd4df61d653.39323866.pdf
work_private_employer,panina-1994-2005.pdf,22,22,a8,1,2003,rather_no,17.2,True,percent_of_all_respondents_as_published,not_published,extracted_published_percentage,https://dif.org.ua/uploads/pdf/40574543644fd4df61d653.39323866.pdf
work_private_employer,panina-1994-2005.pdf,22,22,a8,1,2003,rather_yes,32.4,True,percent_of_all_respondents_as_published,not_published,extracted_published_percentage,https://dif.org.ua/uploads/pdf/40574543644fd4df61d653.39323866.pdf
work_private_employer,panina-1994-2005.pdf,22,22,a8,1,2003,yes,10.2,True,percent_of_all_respondents_as_published,not_published,extracted_published_percentage,https://dif.org.ua/uploads/pdf/40574543644fd4df61d653.39323866.pdf
work_private_employer,monitoring-2021dlya-tipografii.pdf,625,625,a8,4,2004,dont_know,19.8,True,percent_of_all_respondents_as_published,not_published,extracted_published_percentage,https://isnasu.org.ua/assets/files/monitoring/monitoring-2021dlya-tipografii.pdf
work_private_employer,monitoring-2021dlya-tipografii.pdf,625,625,a8,4,2004,no,21.1,True,percent_of_all_respondents_as_published,not_published,extracted_published_percentage,https://isnasu.org.ua/assets/files/monitoring/monitoring-2021dlya-tipografii.pdf
work_private_employer,monitoring-2021dlya-tipografii.pdf,625,625,a8,4,2004,no_answer,0.2,True,percent_of_all_respondents_as_published,not_published,extracted_published_percentage,https://isnasu.org.ua/assets/files/monitoring/monitoring-2021dlya-tipografii.pdf
work_private_employer,monitoring-2021dlya-tipografii.pdf,625,625,a8,4,2004,rather_no,19.3,True,percent_of_all_respondents_as_published,not_published,extracted_published_percentage,https://isnasu.org.ua/assets/files/monitoring/monitoring-2021dlya-tipografii.pdf
work_private_employer,monitoring-2021dlya-tipografii.pdf,625,625,a8,4,2004,rather_yes,29.6,True,percent_of_all_respondents_as_published,not_published,extracted_published_percentage,https://isnasu.org.ua/assets/files/monitoring/monitoring-2021dlya-tipografii.pdf
work_private_employer,monitoring-2021dlya-tipografii.pdf,625,625,a8,4,2004,yes,10.1,True,percent_of_all_respondents_as_published,not_published,extracted_published_percentage,https://isnasu.org.ua/assets/files/monitoring/monitoring-2021dlya-tipografii.pdf
work_private_employer,monitoring-2021dlya-tipografii.pdf,625,625,a8,4,2005,dont_know,14.8,True,percent_of_all_respondents_as_published,not_published,extracted_published_percentage,https://isnasu.org.ua/assets/files/monitoring/monitoring-2021dlya-tipografii.pdf
work_private_employer,monitoring-2021dlya-tipografii.pdf,625,625,a8,4,2005,no,36.1,True,percent_of_all_respondents_as_published,not_published,extracted_published_percentage,https://isnasu.org.ua/assets/files/monitoring/monitoring-2021dlya-tipografii.pdf
work_private_employer,monitoring-2021dlya-tipografii.pdf,625,625,a8,4,2005,no_answer,0.2,True,percent_of_all_respondents_as_published,not_published,extracted_published_percentage,https://isnasu.org.ua/assets/files/monitoring/monitoring-2021dlya-tipografii.pdf
work_private_employer,monitoring-2021dlya-tipografii.pdf,625,625,a8,4,2005,rather_no,12.5,True,percent_of_all_respondents_as_published,not_published,extracted_published_percentage,https://isnasu.org.ua/assets/files/monitoring/monitoring-2021dlya-tipografii.pdf
work_private_employer,monitoring-2021dlya-tipografii.pdf,625,625,a8,4,2005,rather_yes,18.1,True,percent_of_all_respondents_as_published,not_published,extracted_published_percentage,https://isnasu.org.ua/assets/files/monitoring/monitoring-2021dlya-tipografii.pdf
work_private_employer,monitoring-2021dlya-tipografii.pdf,625,625,a8,4,2005,yes,18.3,True,percent_of_all_respondents_as_published,not_published,extracted_published_percentage,https://isnasu.org.ua/assets/files/monitoring/monitoring-2021dlya-tipografii.pdf
work_private_employer,monitoring-2021dlya-tipografii.pdf,625,625,a8,4,2006,dont_know,15.1,True,percent_of_all_respondents_as_published,not_published,extracted_published_percentage,https://isnasu.org.ua/assets/files/monitoring/monitoring-2021dlya-tipografii.pdf
work_private_employer,monitoring-2021dlya-tipografii.pdf,625,625,a8,4,2006,no,34.8,True,percent_of_all_respondents_as_published,not_published,extracted_published_percentage,https://isnasu.org.ua/assets/files/monitoring/monitoring-2021dlya-tipografii.pdf
work_private_employer,monitoring-2021dlya-tipografii.pdf,625,625,a8,4,2006,no_answer,0.1,True,percent_of_all_respondents_as_published,not_published,extracted_published_percentage,https://isnasu.org.ua/assets/files/monitoring/monitoring-2021dlya-tipografii.pdf
work_private_employer,monitoring-2021dlya-tipografii.pdf,625,625,a8,4,2006,rather_no,13.2,True,percent_of_all_respondents_as_published,not_published,extracted_published_percentage,https://isnasu.org.ua/assets/files/monitoring/monitoring-2021dlya-tipografii.pdf
work_private_employer,monitoring-2021dlya-tipografii.pdf,625,625,a8,4,2006,rather_yes,17.4,True,percent_of_all_respondents_as_published,not_published,extracted_published_percentage,https://isnasu.org.ua/assets/files/monitoring/monitoring-2021dlya-tipografii.pdf
work_private_employer,monitoring-2021dlya-tipografii.pdf,625,625,a8,4,2006,yes,19.4,True,percent_of_all_respondents_as_published,not_published,extracted_published_percentage,https://isnasu.org.ua/assets/files/monitoring/monitoring-2021dlya-tipografii.pdf
work_private_employer,monitoring-2021dlya-tipografii.pdf,625,625,a8,4,2008,dont_know,14.5,True,percent_of_all_respondents_as_published,not_published,extracted_published_percentage,https://isnasu.org.ua/assets/files/monitoring/monitoring-2021dlya-tipografii.pdf
work_private_employer,monitoring-2021dlya-tipografii.pdf,625,625,a8,4,2008,no,31.6,True,percent_of_all_respondents_as_published,not_published,extracted_published_percentage,https://isnasu.org.ua/assets/files/monitoring/monitoring-2021dlya-tipografii.pdf
work_private_employer,monitoring-2021dlya-tipografii.pdf,625,625,a8,4,2008,no_answer,0.1,True,percent_of_all_respondents_as_published,not_published,extracted_published_percentage,https://isnasu.org.ua/assets/files/monitoring/monitoring-2021dlya-tipografii.pdf
work_private_employer,monitoring-2021dlya-tipografii.pdf,625,625,a8,4,2008,rather_no,12.8,True,percent_of_all_respondents_as_published,not_published,extracted_published_percentage,https://isnasu.org.ua/assets/files/monitoring/monitoring-2021dlya-tipografii.pdf
work_private_employer,monitoring-2021dlya-tipografii.pdf,625,625,a8,4,2008,rather_yes,21.4,True,percent_of_all_respondents_as_published,not_published,extracted_published_percentage,https://isnasu.org.ua/assets/files/monitoring/monitoring-2021dlya-tipografii.pdf
work_private_employer,monitoring-2021dlya-tipografii.pdf,625,625,a8,4,2008,yes,19.6,True,percent_of_all_respondents_as_published,not_published,extracted_published_percentage,https://isnasu.org.ua/assets/files/monitoring/monitoring-2021dlya-tipografii.pdf
work_private_employer,monitoring-2021dlya-tipografii.pdf,625,625,a8,4,2010,dont_know,15.1,True,percent_of_all_respondents_as_published,not_published,extracted_published_percentage,https://isnasu.org.ua/assets/files/monitoring/monitoring-2021dlya-tipografii.pdf
work_private_employer,monitoring-2021dlya-tipografii.pdf,625,625,a8,4,2010,no,28.3,True,percent_of_all_respondents_as_published,not_published,extracted_published_percentage,https://isnasu.org.ua/assets/files/monitoring/monitoring-2021dlya-tipografii.pdf
work_private_employer,monitoring-2021dlya-tipografii.pdf,625,625,a8,4,2010,no_answer,0.1,True,percent_of_all_respondents_as_published,not_published,extracted_published_percentage,https://isnasu.org.ua/assets/files/monitoring/monitoring-2021dlya-tipografii.pdf
work_private_employer,monitoring-2021dlya-tipografii.pdf,625,625,a8,4,2010,rather_no,13.0,True,percent_of_all_respondents_as_published,not_published,extracted_published_percentage,https://isnasu.org.ua/assets/files/monitoring/monitoring-2021dlya-tipografii.pdf
work_private_employer,monitoring-2021dlya-tipografii.pdf,625,625,a8,4,2010,rather_yes,21.9,True,percent_of_all_respondents_as_published,not_published,extracted_published_percentage,https://isnasu.org.ua/assets/files/monitoring/monitoring-2021dlya-tipografii.pdf
work_private_employer,monitoring-2021dlya-tipografii.pdf,625,625,a8,4,2010,yes,21.6,True,percent_of_all_respondents_as_published,not_published,extracted_published_percentage,https://isnasu.org.ua/assets/files/monitoring/monitoring-2021dlya-tipografii.pdf
work_private_employer,monitoring-2021dlya-tipografii.pdf,625,625,a8,4,2012,dont_know,14.0,True,percent_of_all_respondents_as_published,not_published,extracted_published_percentage,https://isnasu.org.ua/assets/files/monitoring/monitoring-2021dlya-tipografii.pdf
work_private_employer,monitoring-2021dlya-tipografii.pdf,625,625,a8,4,2012,no,27.8,True,percent_of_all_respondents_as_published,not_published,extracted_published_percentage,https://isnasu.org.ua/assets/files/monitoring/monitoring-2021dlya-tipografii.pdf
work_private_employer,monitoring-2021dlya-tipografii.pdf,625,625,a8,4,2012,no_answer,0.2,True,percent_of_all_respondents_as_published,not_published,extracted_published_percentage,https://isnasu.org.ua/assets/files/monitoring/monitoring-2021dlya-tipografii.pdf
work_private_employer,monitoring-2021dlya-tipografii.pdf,625,625,a8,4,2012,rather_no,14.6,True,percent_of_all_respondents_as_published,not_published,extracted_published_percentage,https://isnasu.org.ua/assets/files/monitoring/monitoring-2021dlya-tipografii.pdf
work_private_employer,monitoring-2021dlya-tipografii.pdf,625,625,a8,4,2012,rather_yes,23.0,True,percent_of_all_respondents_as_published,not_published,extracted_published_percentage,https://isnasu.org.ua/assets/files/monitoring/monitoring-2021dlya-tipografii.pdf
work_private_employer,monitoring-2021dlya-tipografii.pdf,625,625,a8,4,2012,yes,20.4,True,percent_of_all_respondents_as_published,not_published,extracted_published_percentage,https://isnasu.org.ua/assets/files/monitoring/monitoring-2021dlya-tipografii.pdf
work_private_employer,monitoring-2021dlya-tipografii.pdf,625,625,a8,4,2014,dont_know,15.7,True,percent_of_all_respondents_as_published,not_published,extracted_published_percentage,https://isnasu.org.ua/assets/files/monitoring/monitoring-2021dlya-tipografii.pdf
work_private_employer,monitoring-2021dlya-tipografii.pdf,625,625,a8,4,2014,no,24.1,True,percent_of_all_respondents_as_published,not_published,extracted_published_percentage,https://isnasu.org.ua/assets/files/monitoring/monitoring-2021dlya-tipografii.pdf
work_private_employer,monitoring-2021dlya-tipografii.pdf,625,625,a8,4,2014,no_answer,0.1,True,percent_of_all_respondents_as_published,not_published,extracted_published_percentage,https://isnasu.org.ua/assets/files/monitoring/monitoring-2021dlya-tipografii.pdf
work_private_employer,monitoring-2021dlya-tipografii.pdf,625,625,a8,4,2014,rather_no,11.7,True,percent_of_all_respondents_as_published,not_published,extracted_published_percentage,https://isnasu.org.ua/assets/files/monitoring/monitoring-2021dlya-tipografii.pdf
work_private_employer,monitoring-2021dlya-tipografii.pdf,625,625,a8,4,2014,rather_yes,23.8,True,percent_of_all_respondents_as_published,not_published,extracted_published_percentage,https://isnasu.org.ua/assets/files/monitoring/monitoring-2021dlya-tipografii.pdf
work_private_employer,monitoring-2021dlya-tipografii.pdf,625,625,a8,4,2014,yes,24.7,True,percent_of_all_respondents_as_published,not_published,extracted_published_percentage,https://isnasu.org.ua/assets/files/monitoring/monitoring-2021dlya-tipografii.pdf
work_private_employer,monitoring-2021dlya-tipografii.pdf,625,625,a8,4,2019,dont_know,13.0,True,percent_of_all_respondents_as_published,not_published,extracted_published_percentage,https://isnasu.org.ua/assets/files/monitoring/monitoring-2021dlya-tipografii.pdf
work_private_employer,monitoring-2021dlya-tipografii.pdf,625,625,a8,4,2019,no,18.3,True,percent_of_all_respondents_as_published,not_published,extracted_published_percentage,https://isnasu.org.ua/assets/files/monitoring/monitoring-2021dlya-tipografii.pdf
work_private_employer,monitoring-2021dlya-tipografii.pdf,625,625,a8,4,2019,no_answer,0.0,True,percent_of_all_respondents_as_published,not_published,extracted_published_percentage,https://isnasu.org.ua/assets/files/monitoring/monitoring-2021dlya-tipografii.pdf
work_private_employer,monitoring-2021dlya-tipografii.pdf,625,625,a8,4,2019,rather_no,14.3,True,percent_of_all_respondents_as_published,not_published,extracted_published_percentage,https://isnasu.org.ua/assets/files/monitoring/monitoring-2021dlya-tipografii.pdf
work_private_employer,monitoring-2021dlya-tipografii.pdf,625,625,a8,4,2019,rather_yes,29.1,True,percent_of_all_respondents_as_published,not_published,extracted_published_percentage,https://isnasu.org.ua/assets/files/monitoring/monitoring-2021dlya-tipografii.pdf
work_private_employer,monitoring-2021dlya-tipografii.pdf,625,625,a8,4,2019,yes,25.2,True,percent_of_all_respondents_as_published,not_published,extracted_published_percentage,https://isnasu.org.ua/assets/files/monitoring/monitoring-2021dlya-tipografii.pdf
work_private_employer,monitoring-2021dlya-tipografii.pdf,625,625,a8,4,2021,dont_know,17.8,False,percent_of_all_respondents_as_published,not_published,extracted_published_percentage,https://isnasu.org.ua/assets/files/monitoring/monitoring-2021dlya-tipografii.pdf
work_private_employer,monitoring-2021dlya-tipografii.pdf,625,625,a8,4,2021,no,16.5,False,percent_of_all_respondents_as_published,not_published,extracted_published_percentage,https://isnasu.org.ua/assets/files/monitoring/monitoring-2021dlya-tipografii.pdf
work_private_employer,monitoring-2021dlya-tipografii.pdf,625,625,a8,4,2021,no_answer,0.5,False,percent_of_all_respondents_as_published,not_published,extracted_published_percentage,https://isnasu.org.ua/assets/files/monitoring/monitoring-2021dlya-tipografii.pdf
work_private_employer,monitoring-2021dlya-tipografii.pdf,625,625,a8,4,2021,rather_no,11.7,False,percent_of_all_respondents_as_published,not_published,extracted_published_percentage,https://isnasu.org.ua/assets/files/monitoring/monitoring-2021dlya-tipografii.pdf
work_private_employer,monitoring-2021dlya-tipografii.pdf,625,625,a8,4,2021,rather_yes,24.2,False,percent_of_all_respondents_as_published,not_published,extracted_published_percentage,https://isnasu.org.ua/assets/files/monitoring/monitoring-2021dlya-tipografii.pdf
work_private_employer,monitoring-2021dlya-tipografii.pdf,625,625,a8,4,2021,yes,29.3,False,percent_of_all_respondents_as_published,not_published,extracted_published_percentage,https://isnasu.org.ua/assets/files/monitoring/monitoring-2021dlya-tipografii.pdf
