question,label,polarity,source_question,source_options,display_groups,references,wording_notes,wording_type,chart_note,chart_id,survey,item,years,original_groups,response_renames,audit_date,isolated_years
"Does hard work bring a better life in the long run, or does success depend more on luck and connections?",Hard work versus luck and connections,1 = success depends more on luck and connections; 10 = hard work brings a better life in the long run,Place your views on a 1–10 scale between the two opposing statements (shared-stem summary; exact wording in linked source).,"{""1"": ""In the long run, hard work usually brings a better life"", ""2–9"": ""Intermediate positions"", ""10"": ""Hard work doesn’t generally bring success—it’s more a matter of luck and connections"", ""Archive special codes (excluded from means)"": ""−1: don’t know; −2: no answer; −3: not applicable; −4: not asked; −5: other missing; system missing also excluded""}","{""Mean"": [1, 2, 3, 4, 5, 6, 7, 8, 9, 10]}","[{""file"": ""docs/wvs_questionnaire_3.pdf"", ""pdf_pages"": [2, 15], ""years"": [1996], ""url"": ""https://catalog.ihsn.org/catalog/8864/download/91577"", ""verification"": ""English master questionnaire; national-language form not independently checked."", ""excerpt"": """", ""sha256"": ""322d825ce9c5d5614d4b6648871fd5b7cf2816775f207efec120feb471895910""}, {""file"": ""docs/wvs_questionnaire_5.pdf"", ""pdf_pages"": [2, 10], ""years"": [2006], ""url"": ""https://catalog.ihsn.org/catalog/8839/download/91509"", ""verification"": ""English master questionnaire; national-language form not independently checked."", ""excerpt"": """", ""sha256"": ""41753d11603914837161e78f7e32ea3ac32214bffeb3ad4dde9476016d1ac6bb""}, {""file"": ""docs/wvs_questionnaire_6.pdf"", ""pdf_pages"": [2, 8], ""years"": [2011], ""url"": ""https://catalog.ihsn.org/catalog/8838/download/91503"", ""verification"": ""English master questionnaire; national-language form not independently checked."", ""excerpt"": """", ""sha256"": ""54a35d50a5f7279d9cc5f5d3fecbfe414ddcd3a8133adbe980283d74e5b62792""}, {""file"": ""docs/wvs_questionnaire_7.pdf"", ""pdf_pages"": [4, 9], ""years"": [2020], ""url"": ""https://www.worldvaluessurvey.org/docs/EVS_WVS_Joint_v1_0_0_bq_WVS7.pdf"", ""verification"": ""English master questionnaire; national-language form not independently checked."", ""excerpt"": """", ""sha256"": ""2c2899460456152a92860a4634a0134a99be6657260c0a270a2684a4ab3b20e4""}, {""file"": ""data/documentation/wvs_ukraine_2020_uk.pdf"", ""pdf_pages"": [84], ""years"": [2020], ""url"": ""https://ucep.org.ua/wp-content/uploads/2020/11/WVS_UA_2020_report_WEB.pdf"", ""verification"": ""Ukrainian national report, Table 7.1; local wording reproduced."", ""excerpt"": """", ""sha256"": ""1f92198590e3fce8dec00f211c2a066edd58655be0897e75dd42f9f565f85d6f""}]","[""English master questionnaires checked for each plotted wave. National-language forms have not been independently verified for every wave."", ""For 2020, also checked the Ukrainian national report, Table 7.1 (PDF pp. 83–84)."", ""Plotted score = 11 − harmonised archive value.""]",English question summary; source endpoints and wave differences below,,wvs__e040,WVS,E040,"[1996, 2006, 2011, 2020]","{""Mean"": [1, 2, 3, 4, 5, 6, 7, 8, 9, 10]}","{""Mean"": ""Mean""}",2026-09-29,[]
How essential to democracy is it that governments tax the rich and subsidise the poor?,Taxing the rich and subsidising the poor as a feature of democracy,1 = not an essential characteristic of democracy; 10 = an essential characteristic,How essential do you think the following things are as characteristics of democracy? Governments tax the rich and subsidize the poor.,"{""1"": ""Not an essential characteristic of democracy"", ""2–9"": ""Intermediate positions"", ""10"": ""An essential characteristic of democracy"", ""0"": ""Against democracy (spontaneous; excluded from the numeric mean)"", ""Archive special codes (excluded from means)"": ""−1: don’t know; −2: no answer; −3: not applicable; −4: not asked; −5: other missing; system missing also excluded""}","{""Mean"": [1, 2, 3, 4, 5, 6, 7, 8, 9, 10]}","[{""file"": ""docs/wvs_questionnaire_5.pdf"", ""pdf_pages"": [12], ""years"": [2006], ""url"": ""https://catalog.ihsn.org/catalog/8839/download/91509"", ""verification"": ""English master questionnaire; national-language form not independently checked."", ""excerpt"": """", ""sha256"": ""41753d11603914837161e78f7e32ea3ac32214bffeb3ad4dde9476016d1ac6bb""}, {""file"": ""docs/wvs_questionnaire_6.pdf"", ""pdf_pages"": [9], ""years"": [2011], ""url"": ""https://catalog.ihsn.org/catalog/8838/download/91503"", ""verification"": ""English master questionnaire; national-language form not independently checked."", ""excerpt"": """", ""sha256"": ""54a35d50a5f7279d9cc5f5d3fecbfe414ddcd3a8133adbe980283d74e5b62792""}, {""file"": ""docs/wvs_questionnaire_7.pdf"", ""pdf_pages"": [17], ""years"": [2020], ""url"": ""https://www.worldvaluessurvey.org/docs/EVS_WVS_Joint_v1_0_0_bq_WVS7.pdf"", ""verification"": ""English master questionnaire; national-language form not independently checked."", ""excerpt"": """", ""sha256"": ""2c2899460456152a92860a4634a0134a99be6657260c0a270a2684a4ab3b20e4""}]","[""English master questionnaires checked for each plotted wave. National-language forms have not been independently verified for every wave."", ""Original numeric direction retained.""]",English question summary; source endpoints and wave differences below,,wvs__e224,WVS,E224,"[2006, 2011, 2020]","{""Mean"": [1, 2, 3, 4, 5, 6, 7, 8, 9, 10]}","{""Mean"": ""Mean""}",2026-09-29,[]
How essential to democracy is it that people receive state aid for unemployment?,Unemployment aid as a feature of democracy,1 = not an essential characteristic of democracy; 10 = an essential characteristic,How essential do you think the following things are as characteristics of democracy? People receive state aid for unemployment.,"{""1"": ""Not an essential characteristic of democracy"", ""2–9"": ""Intermediate positions"", ""10"": ""An essential characteristic of democracy"", ""0"": ""Against democracy (spontaneous; excluded from the numeric mean)"", ""Archive special codes (excluded from means)"": ""−1: don’t know; −2: no answer; −3: not applicable; −4: not asked; −5: other missing; system missing also excluded""}","{""Mean"": [1, 2, 3, 4, 5, 6, 7, 8, 9, 10]}","[{""file"": ""docs/wvs_questionnaire_5.pdf"", ""pdf_pages"": [12], ""years"": [2006], ""url"": ""https://catalog.ihsn.org/catalog/8839/download/91509"", ""verification"": ""English master questionnaire; national-language form not independently checked."", ""excerpt"": """", ""sha256"": ""41753d11603914837161e78f7e32ea3ac32214bffeb3ad4dde9476016d1ac6bb""}, {""file"": ""docs/wvs_questionnaire_6.pdf"", ""pdf_pages"": [9], ""years"": [2011], ""url"": ""https://catalog.ihsn.org/catalog/8838/download/91503"", ""verification"": ""English master questionnaire; national-language form not independently checked."", ""excerpt"": """", ""sha256"": ""54a35d50a5f7279d9cc5f5d3fecbfe414ddcd3a8133adbe980283d74e5b62792""}, {""file"": ""docs/wvs_questionnaire_7.pdf"", ""pdf_pages"": [17], ""years"": [2020], ""url"": ""https://www.worldvaluessurvey.org/docs/EVS_WVS_Joint_v1_0_0_bq_WVS7.pdf"", ""verification"": ""English master questionnaire; national-language form not independently checked."", ""excerpt"": """", ""sha256"": ""2c2899460456152a92860a4634a0134a99be6657260c0a270a2684a4ab3b20e4""}]","[""English master questionnaires checked for each plotted wave. National-language forms have not been independently verified for every wave."", ""Original numeric direction retained.""]",English question summary; source endpoints and wave differences below,,wvs__e227,WVS,E227,"[2006, 2011, 2020]","{""Mean"": [1, 2, 3, 4, 5, 6, 7, 8, 9, 10]}","{""Mean"": ""Mean""}",2026-09-29,[]
How essential to democracy is it that the state makes people’s incomes equal?,Equalising incomes as a feature of democracy,1 = not an essential characteristic of democracy; 10 = an essential characteristic,How essential do you think the following things are as characteristics of democracy? The state makes people’s incomes equal.,"{""1"": ""Not an essential characteristic of democracy"", ""2–9"": ""Intermediate positions"", ""10"": ""An essential characteristic of democracy"", ""0"": ""Against democracy (spontaneous; excluded from the numeric mean)"", ""Archive special codes (excluded from means)"": ""−1: don’t know; −2: no answer; −3: not applicable; −4: not asked; −5: other missing; system missing also excluded""}","{""Mean"": [1, 2, 3, 4, 5, 6, 7, 8, 9, 10]}","[{""file"": ""docs/wvs_questionnaire_6.pdf"", ""pdf_pages"": [9], ""years"": [2011], ""url"": ""https://catalog.ihsn.org/catalog/8838/download/91503"", ""verification"": ""English master questionnaire; national-language form not independently checked."", ""excerpt"": """", ""sha256"": ""54a35d50a5f7279d9cc5f5d3fecbfe414ddcd3a8133adbe980283d74e5b62792""}, {""file"": ""docs/wvs_questionnaire_7.pdf"", ""pdf_pages"": [17], ""years"": [2020], ""url"": ""https://www.worldvaluessurvey.org/docs/EVS_WVS_Joint_v1_0_0_bq_WVS7.pdf"", ""verification"": ""English master questionnaire; national-language form not independently checked."", ""excerpt"": """", ""sha256"": ""2c2899460456152a92860a4634a0134a99be6657260c0a270a2684a4ab3b20e4""}]","[""English master questionnaires checked for each plotted wave. National-language forms have not been independently verified for every wave."", ""Original numeric direction retained.""]",English question summary; source endpoints and wave differences below,,wvs__e233a,WVS,E233A,"[2011, 2020]","{""Mean"": [1, 2, 3, 4, 5, 6, 7, 8, 9, 10]}","{""Mean"": ""Mean""}",2026-09-29,[]
How justifiable is claiming government benefits to which you are not entitled?,Rejection of unjustified benefit claims,1 = always justifiable; 10 = never justifiable (original scale reversed),"Please tell me for each of the following actions whether you think it can always be justified, never be justified, or something in between. Claiming government benefits to which you are not entitled.","{""1"": ""Never justifiable"", ""2–9"": ""Intermediate positions"", ""10"": ""Always justifiable"", ""Archive special codes (excluded from means)"": ""−1: don’t know; −2: no answer; −3: not applicable; −4: not asked; −5: other missing; system missing also excluded""}","{""Mean"": [1, 2, 3, 4, 5, 6, 7, 8, 9, 10]}","[{""file"": ""docs/wvs_questionnaire_3.pdf"", ""pdf_pages"": [22], ""years"": [1996], ""url"": ""https://catalog.ihsn.org/catalog/8864/download/91577"", ""verification"": ""English master questionnaire; national-language form not independently checked."", ""excerpt"": """", ""sha256"": ""322d825ce9c5d5614d4b6648871fd5b7cf2816775f207efec120feb471895910""}, {""file"": ""docs/wvs_questionnaire_5.pdf"", ""pdf_pages"": [17], ""years"": [2006], ""url"": ""https://catalog.ihsn.org/catalog/8839/download/91509"", ""verification"": ""English master questionnaire; national-language form not independently checked."", ""excerpt"": """", ""sha256"": ""41753d11603914837161e78f7e32ea3ac32214bffeb3ad4dde9476016d1ac6bb""}, {""file"": ""docs/wvs_questionnaire_6.pdf"", ""pdf_pages"": [15], ""years"": [2011], ""url"": ""https://catalog.ihsn.org/catalog/8838/download/91503"", ""verification"": ""English master questionnaire; national-language form not independently checked."", ""excerpt"": """", ""sha256"": ""54a35d50a5f7279d9cc5f5d3fecbfe414ddcd3a8133adbe980283d74e5b62792""}, {""file"": ""docs/wvs_questionnaire_7.pdf"", ""pdf_pages"": [14], ""years"": [2020], ""url"": ""https://www.worldvaluessurvey.org/docs/EVS_WVS_Joint_v1_0_0_bq_WVS7.pdf"", ""verification"": ""English master questionnaire; national-language form not independently checked."", ""excerpt"": """", ""sha256"": ""2c2899460456152a92860a4634a0134a99be6657260c0a270a2684a4ab3b20e4""}]","[""English master questionnaires checked for each plotted wave. National-language forms have not been independently verified for every wave."", ""Plotted score = 11 − harmonised archive value.""]",English question summary; source endpoints and wave differences below,,wvs__f114a,WVS,F114A,"[1996, 2006, 2011, 2020]","{""Mean"": [1, 2, 3, 4, 5, 6, 7, 8, 9, 10]}","{""Mean"": ""Mean""}",2026-09-29,[]
How justifiable is cheating on taxes if you have the chance?,Rejection of cheating on taxes,1 = always justifiable; 10 = never justifiable (original scale reversed),"Please tell me for each of the following actions whether you think it can always be justified, never be justified, or something in between. Cheating on taxes if you have a chance.","{""1"": ""Never justifiable"", ""2–9"": ""Intermediate positions"", ""10"": ""Always justifiable"", ""Archive special codes (excluded from means)"": ""−1: don’t know; −2: no answer; −3: not applicable; −4: not asked; −5: other missing; system missing also excluded""}","{""Mean"": [1, 2, 3, 4, 5, 6, 7, 8, 9, 10]}","[{""file"": ""docs/wvs_questionnaire_3.pdf"", ""pdf_pages"": [23], ""years"": [1996], ""url"": ""https://catalog.ihsn.org/catalog/8864/download/91577"", ""verification"": ""English master questionnaire; national-language form not independently checked."", ""excerpt"": """", ""sha256"": ""322d825ce9c5d5614d4b6648871fd5b7cf2816775f207efec120feb471895910""}, {""file"": ""docs/wvs_questionnaire_5.pdf"", ""pdf_pages"": [17], ""years"": [2006], ""url"": ""https://catalog.ihsn.org/catalog/8839/download/91509"", ""verification"": ""English master questionnaire; national-language form not independently checked."", ""excerpt"": """", ""sha256"": ""41753d11603914837161e78f7e32ea3ac32214bffeb3ad4dde9476016d1ac6bb""}, {""file"": ""docs/wvs_questionnaire_6.pdf"", ""pdf_pages"": [15], ""years"": [2011], ""url"": ""https://catalog.ihsn.org/catalog/8838/download/91503"", ""verification"": ""English master questionnaire; national-language form not independently checked."", ""excerpt"": """", ""sha256"": ""54a35d50a5f7279d9cc5f5d3fecbfe414ddcd3a8133adbe980283d74e5b62792""}, {""file"": ""docs/wvs_questionnaire_7.pdf"", ""pdf_pages"": [14], ""years"": [2020], ""url"": ""https://www.worldvaluessurvey.org/docs/EVS_WVS_Joint_v1_0_0_bq_WVS7.pdf"", ""verification"": ""English master questionnaire; national-language form not independently checked."", ""excerpt"": """", ""sha256"": ""2c2899460456152a92860a4634a0134a99be6657260c0a270a2684a4ab3b20e4""}]","[""English master questionnaires checked for each plotted wave. National-language forms have not been independently verified for every wave."", ""Plotted score = 11 − harmonised archive value.""]",English question summary; source endpoints and wave differences below,,wvs__f116,WVS,F116,"[1996, 2006, 2011, 2020]","{""Mean"": [1, 2, 3, 4, 5, 6, 7, 8, 9, 10]}","{""Mean"": ""Mean""}",2026-09-29,[]
How much confidence do you have in labour unions?,Confidence in labour unions,,"For each organisation, how much confidence do you have in it: a great deal, quite a lot, not very much, or none at all? Item: labour unions. (English master shared-stem summary.)","{""1"": ""A great deal"", ""2"": ""Quite a lot"", ""3"": ""Not very much"", ""4"": ""None at all"", ""-1"": ""Don't know"", ""-2"": ""No answer"", ""-3"": ""Not applicable"", ""-4"": ""Not asked"", ""-5"": ""Other missing"", ""1–4 (2020 Ukrainian report)"": ""Повністю довіряєте / Деякою мірою довіряєте / Не дуже довіряєте / Зовсім не довіряєте""}","{""Confidence (two positive options)"": [1, 2], ""Little or no confidence"": [3, 4], ""Don't know"": [-1], ""No answer / other missing"": [-2, -3, -4, -5]}","[{""file"": ""docs/wvs_questionnaire_3.pdf"", ""pdf_pages"": [17], ""years"": [1996], ""url"": ""https://catalog.ihsn.org/catalog/8864/download/91577"", ""verification"": ""English master questionnaire; national-language form not independently checked."", ""excerpt"": """", ""sha256"": ""322d825ce9c5d5614d4b6648871fd5b7cf2816775f207efec120feb471895910""}, {""file"": ""docs/wvs_questionnaire_5.pdf"", ""pdf_pages"": [11], ""years"": [2006], ""url"": ""https://catalog.ihsn.org/catalog/8839/download/91509"", ""verification"": ""English master questionnaire; national-language form not independently checked."", ""excerpt"": """", ""sha256"": ""41753d11603914837161e78f7e32ea3ac32214bffeb3ad4dde9476016d1ac6bb""}, {""file"": ""docs/wvs_questionnaire_6.pdf"", ""pdf_pages"": [8], ""years"": [2011], ""url"": ""https://catalog.ihsn.org/catalog/8838/download/91503"", ""verification"": ""English master questionnaire; national-language form not independently checked."", ""excerpt"": """", ""sha256"": ""54a35d50a5f7279d9cc5f5d3fecbfe414ddcd3a8133adbe980283d74e5b62792""}, {""file"": ""docs/wvs_questionnaire_7.pdf"", ""pdf_pages"": [7], ""years"": [2020], ""url"": ""https://www.worldvaluessurvey.org/docs/EVS_WVS_Joint_v1_0_0_bq_WVS7.pdf"", ""verification"": ""English master questionnaire; national-language form not independently checked."", ""excerpt"": """", ""sha256"": ""2c2899460456152a92860a4634a0134a99be6657260c0a270a2684a4ab3b20e4""}, {""file"": ""data/documentation/wvs_ukraine_2020_uk.pdf"", ""pdf_pages"": [60, 61], ""years"": [2020], ""url"": ""https://ucep.org.ua/wp-content/uploads/2020/11/WVS_UA_2020_report_WEB.pdf"", ""verification"": ""Ukrainian national report, Table 6.3, confidence wording and options."", ""excerpt"": """", ""sha256"": ""1f92198590e3fce8dec00f211c2a066edd58655be0897e75dd42f9f565f85d6f""}]","[""English master questionnaires checked for each plotted wave. National-language forms have not been independently verified for every wave."", ""The Ukrainian 2020 report says completely / to some extent / not very much / not at all. The English master labels are a great deal / quite a lot / not very much / none at all. Group labels therefore describe the grouped confidence levels rather than quoting one language version.""]",English summary of the confidence battery,,wvs__e069_05,WVS,E069_05,"[1996, 2006, 2011, 2020]","{""Confidence"": [1, 2], ""No confidence"": [3, 4], ""Don't know"": [-1], ""No answer / other missing"": [-2, -3, -4, -5]}","{""Confidence"": ""Confidence (two positive options)"", ""No confidence"": ""Little or no confidence"", ""Don't know"": ""Don't know"", ""No answer / other missing"": ""No answer / other missing""}",2026-09-29,[]
How much confidence do you have in major companies?,Confidence in major companies,,"For each organisation, how much confidence do you have in it: a great deal, quite a lot, not very much, or none at all? Item: major companies. (English master shared-stem summary.)","{""1"": ""A great deal"", ""2"": ""Quite a lot"", ""3"": ""Not very much"", ""4"": ""None at all"", ""-1"": ""Don't know"", ""-2"": ""No answer"", ""-3"": ""Not applicable"", ""-4"": ""Not asked"", ""-5"": ""Other missing"", ""1–4 (2020 Ukrainian report)"": ""Повністю довіряєте / Деякою мірою довіряєте / Не дуже довіряєте / Зовсім не довіряєте""}","{""Confidence (two positive options)"": [1, 2], ""Little or no confidence"": [3, 4], ""Don't know"": [-1], ""No answer / other missing"": [-2, -3, -4, -5]}","[{""file"": ""docs/wvs_questionnaire_3.pdf"", ""pdf_pages"": [17], ""years"": [1996], ""url"": ""https://catalog.ihsn.org/catalog/8864/download/91577"", ""verification"": ""English master questionnaire; national-language form not independently checked."", ""excerpt"": """", ""sha256"": ""322d825ce9c5d5614d4b6648871fd5b7cf2816775f207efec120feb471895910""}, {""file"": ""docs/wvs_questionnaire_5.pdf"", ""pdf_pages"": [11], ""years"": [2006], ""url"": ""https://catalog.ihsn.org/catalog/8839/download/91509"", ""verification"": ""English master questionnaire; national-language form not independently checked."", ""excerpt"": """", ""sha256"": ""41753d11603914837161e78f7e32ea3ac32214bffeb3ad4dde9476016d1ac6bb""}, {""file"": ""docs/wvs_questionnaire_6.pdf"", ""pdf_pages"": [8], ""years"": [2011], ""url"": ""https://catalog.ihsn.org/catalog/8838/download/91503"", ""verification"": ""English master questionnaire; national-language form not independently checked."", ""excerpt"": """", ""sha256"": ""54a35d50a5f7279d9cc5f5d3fecbfe414ddcd3a8133adbe980283d74e5b62792""}, {""file"": ""docs/wvs_questionnaire_7.pdf"", ""pdf_pages"": [7], ""years"": [2020], ""url"": ""https://www.worldvaluessurvey.org/docs/EVS_WVS_Joint_v1_0_0_bq_WVS7.pdf"", ""verification"": ""English master questionnaire; national-language form not independently checked."", ""excerpt"": """", ""sha256"": ""2c2899460456152a92860a4634a0134a99be6657260c0a270a2684a4ab3b20e4""}, {""file"": ""data/documentation/wvs_ukraine_2020_uk.pdf"", ""pdf_pages"": [60, 61], ""years"": [2020], ""url"": ""https://ucep.org.ua/wp-content/uploads/2020/11/WVS_UA_2020_report_WEB.pdf"", ""verification"": ""Ukrainian national report, Table 6.3, confidence wording and options."", ""excerpt"": """", ""sha256"": ""1f92198590e3fce8dec00f211c2a066edd58655be0897e75dd42f9f565f85d6f""}]","[""English master questionnaires checked for each plotted wave. National-language forms have not been independently verified for every wave."", ""The Ukrainian 2020 report says completely / to some extent / not very much / not at all. The English master labels are a great deal / quite a lot / not very much / none at all. Group labels therefore describe the grouped confidence levels rather than quoting one language version.""]",English summary of the confidence battery,,wvs__e069_13,WVS,E069_13,"[1996, 2006, 2011, 2020]","{""Confidence"": [1, 2], ""No confidence"": [3, 4], ""Don't know"": [-1], ""No answer / other missing"": [-2, -3, -4, -5]}","{""Confidence"": ""Confidence (two positive options)"", ""No confidence"": ""Little or no confidence"", ""Don't know"": ""Don't know"", ""No answer / other missing"": ""No answer / other missing""}",2026-09-29,[]
How much confidence do you have in banks / the banking system?,Confidence in banks / the banking system,,"For each organisation, how much confidence do you have in it: a great deal, quite a lot, not very much, or none at all? Item: banks / the banking system. (English master shared-stem summary.)","{""1"": ""A great deal"", ""2"": ""Quite a lot"", ""3"": ""Not very much"", ""4"": ""None at all"", ""-1"": ""Don't know"", ""-2"": ""No answer"", ""-3"": ""Not applicable"", ""-4"": ""Not asked"", ""-5"": ""Other missing"", ""1–4 (2020 Ukrainian report)"": ""Повністю довіряєте / Деякою мірою довіряєте / Не дуже довіряєте / Зовсім не довіряєте""}","{""Confidence (two positive options)"": [1, 2], ""Little or no confidence"": [3, 4], ""Don't know"": [-1], ""No answer / other missing"": [-2, -3, -4, -5]}","[{""file"": ""docs/wvs_questionnaire_6.pdf"", ""pdf_pages"": [8], ""years"": [2011], ""url"": ""https://catalog.ihsn.org/catalog/8838/download/91503"", ""verification"": ""English master questionnaire; national-language form not independently checked."", ""excerpt"": """", ""sha256"": ""54a35d50a5f7279d9cc5f5d3fecbfe414ddcd3a8133adbe980283d74e5b62792""}, {""file"": ""docs/wvs_questionnaire_7.pdf"", ""pdf_pages"": [7], ""years"": [2020], ""url"": ""https://www.worldvaluessurvey.org/docs/EVS_WVS_Joint_v1_0_0_bq_WVS7.pdf"", ""verification"": ""English master questionnaire; national-language form not independently checked."", ""excerpt"": """", ""sha256"": ""2c2899460456152a92860a4634a0134a99be6657260c0a270a2684a4ab3b20e4""}, {""file"": ""data/documentation/wvs_ukraine_2020_uk.pdf"", ""pdf_pages"": [60, 61], ""years"": [2020], ""url"": ""https://ucep.org.ua/wp-content/uploads/2020/11/WVS_UA_2020_report_WEB.pdf"", ""verification"": ""Ukrainian national report, Table 6.3, confidence wording and options."", ""excerpt"": """", ""sha256"": ""1f92198590e3fce8dec00f211c2a066edd58655be0897e75dd42f9f565f85d6f""}]","[""English master questionnaires checked for each plotted wave. National-language forms have not been independently verified for every wave."", ""The Ukrainian 2020 report says completely / to some extent / not very much / not at all. The English master labels are a great deal / quite a lot / not very much / none at all. Group labels therefore describe the grouped confidence levels rather than quoting one language version.""]",English summary of the confidence battery,,wvs__e069_41,WVS,E069_41,"[2011, 2020]","{""Confidence"": [1, 2], ""No confidence"": [3, 4], ""Don't know"": [-1], ""No answer / other missing"": [-2, -3, -4, -5]}","{""Confidence"": ""Confidence (two positive options)"", ""No confidence"": ""Little or no confidence"", ""Don't know"": ""Don't know"", ""No answer / other missing"": ""No answer / other missing""}",2026-09-29,[]
"Which takes priority: environmental protection or economic growth and jobs, accepting the stated trade-offs?",Environment versus growth and jobs,,Here are two statements people sometimes make when discussing the environment and economic growth. Which of them comes closer to your own point of view?,"{""1"": ""Protecting the environment should be given priority, even if it causes slower economic growth and some loss of jobs."", ""2"": ""Economic growth and creating jobs should be the top priority, even if the environment suffers to some extent."", ""3"": ""Other answer (volunteered only)"", ""-1"": ""Don't know"", ""-2 to -5"": ""No answer / other missing""}","{""Environment, even at cost to growth/jobs"": [1], ""Growth/jobs, even at cost to environment"": [2], ""Other answer (volunteered)"": [3], ""Don't know"": [-1], ""No answer / other missing"": [-2, -3, -4, -5]}","[{""file"": ""docs/wvs_questionnaire_3.pdf"", ""pdf_pages"": [4], ""years"": [1996], ""url"": ""https://catalog.ihsn.org/catalog/8864/download/91577"", ""verification"": ""English master questionnaire; national-language form not independently checked."", ""excerpt"": """", ""sha256"": ""322d825ce9c5d5614d4b6648871fd5b7cf2816775f207efec120feb471895910""}, {""file"": ""docs/wvs_questionnaire_5.pdf"", ""pdf_pages"": [8], ""years"": [2006], ""url"": ""https://catalog.ihsn.org/catalog/8839/download/91509"", ""verification"": ""English master questionnaire; national-language form not independently checked."", ""excerpt"": """", ""sha256"": ""41753d11603914837161e78f7e32ea3ac32214bffeb3ad4dde9476016d1ac6bb""}, {""file"": ""docs/wvs_questionnaire_6.pdf"", ""pdf_pages"": [6], ""years"": [2011], ""url"": ""https://catalog.ihsn.org/catalog/8838/download/91503"", ""verification"": ""English master questionnaire; national-language form not independently checked."", ""excerpt"": """", ""sha256"": ""54a35d50a5f7279d9cc5f5d3fecbfe414ddcd3a8133adbe980283d74e5b62792""}, {""file"": ""docs/wvs_questionnaire_7.pdf"", ""pdf_pages"": [9], ""years"": [2020], ""url"": ""https://www.worldvaluessurvey.org/docs/EVS_WVS_Joint_v1_0_0_bq_WVS7.pdf"", ""verification"": ""English master questionnaire; national-language form not independently checked."", ""excerpt"": """", ""sha256"": ""2c2899460456152a92860a4634a0134a99be6657260c0a270a2684a4ab3b20e4""}]","[""English master questionnaires checked for each plotted wave. National-language forms have not been independently verified for every wave.""]",English master question; chart labels abbreviate the complete alternatives,,wvs__b008,WVS,B008,"[1996, 2006, 2011, 2020]","{""Protect the environment"": [1], ""Growth and jobs"": [2], ""Other answer"": [3], ""Don't know"": [-1], ""No answer / other missing"": [-2, -3, -4, -5]}","{""Protect the environment"": ""Environment, even at cost to growth/jobs"", ""Growth and jobs"": ""Growth/jobs, even at cost to environment"", ""Other answer"": ""Other answer (volunteered)"", ""Don't know"": ""Don't know"", ""No answer / other missing"": ""No answer / other missing""}",2026-09-29,[]
Income equality versus higher income as a reward for greater individual effort,Income equality versus rewards for individual effort,1 = incomes more equal; 10 = greater income rewards for individual effort,Place your views on a 1–10 scale between the two opposing statements (shared-stem summary; exact wording in linked source).,"{""1"": ""Incomes should be made more equal"", ""2–9"": ""Intermediate positions"", ""10 (1996–2011 English masters)"": ""We need larger income differences as incentives for individual effort"", ""10 (2020 English master)"": ""There should be greater incentives for individual effort"", ""1 (2020 Ukrainian report)"": ""Доходи повинні бути більш рівними"", ""10 (2020 Ukrainian report)"": ""Дохід повинен бути значно вищим у випадку більш істотних індивідуальних зусиль"", ""Archive special codes (excluded from means)"": ""−1: don’t know; −2: no answer; −3: not applicable; −4: not asked; −5: other missing; system missing also excluded""}","{""Mean"": [1, 2, 3, 4, 5, 6, 7, 8, 9, 10]}","[{""file"": ""docs/wvs_questionnaire_3.pdf"", ""pdf_pages"": [15], ""years"": [1996], ""url"": ""https://catalog.ihsn.org/catalog/8864/download/91577"", ""verification"": ""English master questionnaire; national-language form not independently checked."", ""excerpt"": """", ""sha256"": ""322d825ce9c5d5614d4b6648871fd5b7cf2816775f207efec120feb471895910""}, {""file"": ""docs/wvs_questionnaire_5.pdf"", ""pdf_pages"": [10], ""years"": [2006], ""url"": ""https://catalog.ihsn.org/catalog/8839/download/91509"", ""verification"": ""English master questionnaire; national-language form not independently checked."", ""excerpt"": """", ""sha256"": ""41753d11603914837161e78f7e32ea3ac32214bffeb3ad4dde9476016d1ac6bb""}, {""file"": ""docs/wvs_questionnaire_6.pdf"", ""pdf_pages"": [7], ""years"": [2011], ""url"": ""https://catalog.ihsn.org/catalog/8838/download/91503"", ""verification"": ""English master questionnaire; national-language form not independently checked."", ""excerpt"": """", ""sha256"": ""54a35d50a5f7279d9cc5f5d3fecbfe414ddcd3a8133adbe980283d74e5b62792""}, {""file"": ""docs/wvs_questionnaire_7.pdf"", ""pdf_pages"": [8], ""years"": [2020], ""url"": ""https://www.worldvaluessurvey.org/docs/EVS_WVS_Joint_v1_0_0_bq_WVS7.pdf"", ""verification"": ""English master questionnaire; national-language form not independently checked."", ""excerpt"": """", ""sha256"": ""2c2899460456152a92860a4634a0134a99be6657260c0a270a2684a4ab3b20e4""}, {""file"": ""data/documentation/wvs_ukraine_2020_uk.pdf"", ""pdf_pages"": [83], ""years"": [2020], ""url"": ""https://ucep.org.ua/wp-content/uploads/2020/11/WVS_UA_2020_report_WEB.pdf"", ""verification"": ""Ukrainian national report, Table 7.1; local wording reproduced."", ""excerpt"": """", ""sha256"": ""1f92198590e3fce8dec00f211c2a066edd58655be0897e75dd42f9f565f85d6f""}]","[""English master questionnaires checked for each plotted wave. National-language forms have not been independently verified for every wave."", ""For 2020, also checked the Ukrainian national report, Table 7.1 (PDF pp. 83–84)."", ""Original numeric direction retained."", ""The 2020 English master omits an explicit reference to income differences, but the Ukrainian report explicitly says income should be considerably higher for greater individual effort. Do not substitute the English master for the local wording.""]",English question summary; source endpoints and wave differences below,,wvs__e035,WVS,E035,"[1996, 2006, 2011, 2020]","{""Mean"": [1, 2, 3, 4, 5, 6, 7, 8, 9, 10]}","{""Mean"": ""Mean""}",2026-09-29,[]
Should private or state ownership of business and industry be increased?,Preference for increasing private ownership,1 = increase state ownership; 10 = increase private ownership (business and industry),Place your views on a 1–10 scale between the two opposing statements (shared-stem summary; exact wording in linked source).,"{""1"": ""Private ownership of business and industry should be increased"", ""2–9"": ""Intermediate positions"", ""10"": ""Government ownership of business and industry should be increased"", ""Archive special codes (excluded from means)"": ""−1: don’t know; −2: no answer; −3: not applicable; −4: not asked; −5: other missing; system missing also excluded""}","{""Mean"": [1, 2, 3, 4, 5, 6, 7, 8, 9, 10]}","[{""file"": ""docs/wvs_questionnaire_3.pdf"", ""pdf_pages"": [15], ""years"": [1996], ""url"": ""https://catalog.ihsn.org/catalog/8864/download/91577"", ""verification"": ""English master questionnaire; national-language form not independently checked."", ""excerpt"": """", ""sha256"": ""322d825ce9c5d5614d4b6648871fd5b7cf2816775f207efec120feb471895910""}, {""file"": ""docs/wvs_questionnaire_5.pdf"", ""pdf_pages"": [10], ""years"": [2006], ""url"": ""https://catalog.ihsn.org/catalog/8839/download/91509"", ""verification"": ""English master questionnaire; national-language form not independently checked."", ""excerpt"": """", ""sha256"": ""41753d11603914837161e78f7e32ea3ac32214bffeb3ad4dde9476016d1ac6bb""}, {""file"": ""docs/wvs_questionnaire_6.pdf"", ""pdf_pages"": [8], ""years"": [2011], ""url"": ""https://catalog.ihsn.org/catalog/8838/download/91503"", ""verification"": ""English master questionnaire; national-language form not independently checked."", ""excerpt"": """", ""sha256"": ""54a35d50a5f7279d9cc5f5d3fecbfe414ddcd3a8133adbe980283d74e5b62792""}, {""file"": ""docs/wvs_questionnaire_7.pdf"", ""pdf_pages"": [8], ""years"": [2020], ""url"": ""https://www.worldvaluessurvey.org/docs/EVS_WVS_Joint_v1_0_0_bq_WVS7.pdf"", ""verification"": ""English master questionnaire; national-language form not independently checked."", ""excerpt"": """", ""sha256"": ""2c2899460456152a92860a4634a0134a99be6657260c0a270a2684a4ab3b20e4""}, {""file"": ""data/documentation/wvs_ukraine_2020_uk.pdf"", ""pdf_pages"": [83], ""years"": [2020], ""url"": ""https://ucep.org.ua/wp-content/uploads/2020/11/WVS_UA_2020_report_WEB.pdf"", ""verification"": ""Ukrainian national report, Table 7.1; local wording reproduced."", ""excerpt"": """", ""sha256"": ""1f92198590e3fce8dec00f211c2a066edd58655be0897e75dd42f9f565f85d6f""}]","[""English master questionnaires checked for each plotted wave. National-language forms have not been independently verified for every wave."", ""For 2020, also checked the Ukrainian national report, Table 7.1 (PDF pp. 83–84)."", ""Plotted score = 11 − harmonised archive value.""]",English question summary; source endpoints and wave differences below,,wvs__e036,WVS,E036,"[1996, 2006, 2011, 2020]","{""Mean"": [1, 2, 3, 4, 5, 6, 7, 8, 9, 10]}","{""Mean"": ""Mean""}",2026-09-29,[]
"Should government ensure everyone is provided for, or should people provide for themselves?",Individual versus government responsibility for provision,1 = government ensures everyone is provided for; 10 = people provide for themselves,Place your views on a 1–10 scale between the two opposing statements (shared-stem summary; exact wording in linked source).,"{""1"": ""The government should take more responsibility to ensure that everyone is provided for"", ""2–9"": ""Intermediate positions"", ""10"": ""People should take more responsibility for providing for themselves"", ""Archive special codes (excluded from means)"": ""−1: don’t know; −2: no answer; −3: not applicable; −4: not asked; −5: other missing; system missing also excluded""}","{""Mean"": [1, 2, 3, 4, 5, 6, 7, 8, 9, 10]}","[{""file"": ""docs/wvs_questionnaire_3.pdf"", ""pdf_pages"": [6, 9, 15, 16], ""years"": [1996], ""url"": ""https://catalog.ihsn.org/catalog/8864/download/91577"", ""verification"": ""English master questionnaire; national-language form not independently checked."", ""excerpt"": """", ""sha256"": ""322d825ce9c5d5614d4b6648871fd5b7cf2816775f207efec120feb471895910""}, {""file"": ""docs/wvs_questionnaire_5.pdf"", ""pdf_pages"": [9, 10, 11], ""years"": [2006], ""url"": ""https://catalog.ihsn.org/catalog/8839/download/91509"", ""verification"": ""English master questionnaire; national-language form not independently checked."", ""excerpt"": """", ""sha256"": ""41753d11603914837161e78f7e32ea3ac32214bffeb3ad4dde9476016d1ac6bb""}, {""file"": ""docs/wvs_questionnaire_6.pdf"", ""pdf_pages"": [8], ""years"": [2011], ""url"": ""https://catalog.ihsn.org/catalog/8838/download/91503"", ""verification"": ""English master questionnaire; national-language form not independently checked."", ""excerpt"": """", ""sha256"": ""54a35d50a5f7279d9cc5f5d3fecbfe414ddcd3a8133adbe980283d74e5b62792""}, {""file"": ""docs/wvs_questionnaire_7.pdf"", ""pdf_pages"": [8, 10, 14], ""years"": [2020], ""url"": ""https://www.worldvaluessurvey.org/docs/EVS_WVS_Joint_v1_0_0_bq_WVS7.pdf"", ""verification"": ""English master questionnaire; national-language form not independently checked."", ""excerpt"": """", ""sha256"": ""2c2899460456152a92860a4634a0134a99be6657260c0a270a2684a4ab3b20e4""}, {""file"": ""data/documentation/wvs_ukraine_2020_uk.pdf"", ""pdf_pages"": [83, 84], ""years"": [2020], ""url"": ""https://ucep.org.ua/wp-content/uploads/2020/11/WVS_UA_2020_report_WEB.pdf"", ""verification"": ""Ukrainian national report, Table 7.1; local wording reproduced."", ""excerpt"": """", ""sha256"": ""1f92198590e3fce8dec00f211c2a066edd58655be0897e75dd42f9f565f85d6f""}]","[""English master questionnaires checked for each plotted wave. National-language forms have not been independently verified for every wave."", ""For 2020, also checked the Ukrainian national report, Table 7.1 (PDF pp. 83–84)."", ""Plotted score = 11 − harmonised archive value."", ""WVS master forms put government responsibility at 1 and personal responsibility at 10; the harmonised E037 archive uses the opposite order. Chart endpoints follow the plotted score.""]",English question summary; source endpoints and wave differences below,,wvs__e037,WVS,E037,"[1996, 2006, 2011, 2020]","{""Mean"": [1, 2, 3, 4, 5, 6, 7, 8, 9, 10]}","{""Mean"": ""Mean""}",2026-09-29,[]
"Is competition good because it encourages hard work and new ideas, or harmful because it brings out the worst?",Competition: good versus harmful,1 = harmful: brings out the worst; 10 = good: encourages hard work and new ideas,Place your views on a 1–10 scale between the two opposing statements (shared-stem summary; exact wording in linked source).,"{""1"": ""Competition is good. It stimulates people to work hard and develop new ideas"", ""2–9"": ""Intermediate positions"", ""10"": ""Competition is harmful. It brings out the worst in people"", ""Archive special codes (excluded from means)"": ""−1: don’t know; −2: no answer; −3: not applicable; −4: not asked; −5: other missing; system missing also excluded""}","{""Mean"": [1, 2, 3, 4, 5, 6, 7, 8, 9, 10]}","[{""file"": ""docs/wvs_questionnaire_3.pdf"", ""pdf_pages"": [15], ""years"": [1996], ""url"": ""https://catalog.ihsn.org/catalog/8864/download/91577"", ""verification"": ""English master questionnaire; national-language form not independently checked."", ""excerpt"": """", ""sha256"": ""322d825ce9c5d5614d4b6648871fd5b7cf2816775f207efec120feb471895910""}, {""file"": ""docs/wvs_questionnaire_5.pdf"", ""pdf_pages"": [10], ""years"": [2006], ""url"": ""https://catalog.ihsn.org/catalog/8839/download/91509"", ""verification"": ""English master questionnaire; national-language form not independently checked."", ""excerpt"": """", ""sha256"": ""41753d11603914837161e78f7e32ea3ac32214bffeb3ad4dde9476016d1ac6bb""}, {""file"": ""docs/wvs_questionnaire_6.pdf"", ""pdf_pages"": [8], ""years"": [2011], ""url"": ""https://catalog.ihsn.org/catalog/8838/download/91503"", ""verification"": ""English master questionnaire; national-language form not independently checked."", ""excerpt"": """", ""sha256"": ""54a35d50a5f7279d9cc5f5d3fecbfe414ddcd3a8133adbe980283d74e5b62792""}, {""file"": ""docs/wvs_questionnaire_7.pdf"", ""pdf_pages"": [9], ""years"": [2020], ""url"": ""https://www.worldvaluessurvey.org/docs/EVS_WVS_Joint_v1_0_0_bq_WVS7.pdf"", ""verification"": ""English master questionnaire; national-language form not independently checked."", ""excerpt"": """", ""sha256"": ""2c2899460456152a92860a4634a0134a99be6657260c0a270a2684a4ab3b20e4""}, {""file"": ""data/documentation/wvs_ukraine_2020_uk.pdf"", ""pdf_pages"": [84], ""years"": [2020], ""url"": ""https://ucep.org.ua/wp-content/uploads/2020/11/WVS_UA_2020_report_WEB.pdf"", ""verification"": ""Ukrainian national report, Table 7.1; local wording reproduced."", ""excerpt"": """", ""sha256"": ""1f92198590e3fce8dec00f211c2a066edd58655be0897e75dd42f9f565f85d6f""}]","[""English master questionnaires checked for each plotted wave. National-language forms have not been independently verified for every wave."", ""For 2020, also checked the Ukrainian national report, Table 7.1 (PDF pp. 83–84)."", ""Plotted score = 11 − harmonised archive value.""]",English question summary; source endpoints and wave differences below,,wvs__e039,WVS,E039,"[1996, 2006, 2011, 2020]","{""Mean"": [1, 2, 3, 4, 5, 6, 7, 8, 9, 10]}","{""Mean"": ""Mean""}",2026-09-29,[]
How justifiable is not paying taxes if there is an opportunity?,Rejection of not paying taxes,1 = always justifiable; 10 = never justifiable (original scale reversed),"Використовуючи шкалу на цій картці, скажіть мені стосовно кожного твердження, чи може це бути завжди виправдано, ніколи не може бути виправдано або Ваша думка перебуває між цими оцінками? Несплата податків, якщо є така можливість. (2020 Q44; stem and item joined.)","{""1"": ""Ніколи НЕ виправдано"", ""2–9"": ""Intermediate positions"", ""10"": ""Завжди виправдано"", ""Archive special codes (excluded from means)"": ""−1: don’t know; −2: no answer; −3: not applicable; −4: not asked; −5: other missing; system missing also excluded""}","{""Mean"": [1, 2, 3, 4, 5, 6, 7, 8, 9, 10]}","[{""file"": ""docs/evs_trend_codebook_v3.pdf"", ""pdf_pages"": [590], ""years"": [1999, 2008, 2020], ""url"": ""https://access.gesis.org/dbk/71022"", ""verification"": ""English master wording and harmonised codebook; supplemented by the actual Ukrainian forms below."", ""excerpt"": ""Justifiable: Cheating on taxes Master question in EVS 1981 (ZA4438, Q315); EVS 1990 (ZA4460, Q565); EVS 1999 (ZA3811, Q65); EVS 2008 (ZA4800, Q68); EVS 2017 (ZA7500, Q44): <Show card ... (for show card number see master questionnaire of the wave)> Please tell me for each of the following statements whether you think it can always be justified, never be justified, or something in between, using this card. <in EVS 1981, EVS 1990 and EVS 1999: Read out statements, reversing order for alternate contact. Mark/Code an answer for each statement> <in EVS 2008: Read out and code one answer per line> Cheating on tax if you have the chance Response categories in EVS Trend File: -5 Missing: Other -4 Not asked in survey -3 Not applicable -2 No answer -1 Don´t know 1 Never justifiable 2 3 4 5 6 7 8 9 10 Always justifiable"", ""sha256"": ""533bfd6641d4f79ddec797f115bb113786fbccf8304b9150ba16eba1a5d1df7a""}, {""file"": ""data/documentation/evs_ukraine_1999_questionnaires.pdf"", ""pdf_pages"": [31], ""years"": [1999], ""url"": ""https://access.gesis.org/dbk/9793"", ""verification"": ""Ukrainian national field questionnaire, Q65; visually checked because PDF text encoding is damaged."", ""excerpt"": """", ""sha256"": ""8f1da49fcedc3c1384fb33eebfb9fa2924ac768df511f0c7f3e74e5d47a21bfb""}, {""file"": ""data/documentation/evs_ukraine_2008_questionnaires.pdf"", ""pdf_pages"": [22], ""years"": [2008], ""url"": ""https://access.gesis.org/dbk/18074"", ""verification"": ""Ukrainian national field questionnaire, Q68."", ""excerpt"": """", ""sha256"": ""0b4280be9060133948a9d47bb626ba27cf5d335227d233548e7e22755f1d3225""}, {""file"": ""data/documentation/evs_ukraine_2020_questionnaires.pdf"", ""pdf_pages"": [16], ""years"": [2020], ""url"": ""https://access.gesis.org/dbk/70790"", ""verification"": ""Ukrainian national field questionnaire, Q44."", ""excerpt"": """", ""sha256"": ""1e396ff3810839e33e3f000e23a8f87fd18b471e6924a13a84b7b156ca40956b""}]","[""Ukrainian national questionnaires checked for all three waves (1999, 2008, 2020). The English master is a reference, not a substitute for the local text. Russian forms are in the linked files but are not all independently compared here."", ""Plotted score = 11 − harmonised archive value."", ""1999/2008: “Невиплата податків, якщо є така можливість”; 2020: “Несплата податків, якщо є така можливість”. The chart follows national wording (nonpayment), rather than the master’s “cheating”.""]",English question summary; source endpoints and wave differences below,,evs__f116,EVS,F116,"[1999, 2008, 2020]","{""Mean"": [1, 2, 3, 4, 5, 6, 7, 8, 9, 10]}","{""Mean"": ""Mean""}",2026-09-29,[]
How much confidence do you have in labour unions?,Confidence in labour unions,,"Я назву Вам деякі організації та громадські інститути. Скажіть, наскільки Ви довіряєте кожній (ому) з них: повністю довіряєте, деякою мірою довіряєте, не дуже довіряєте або зовсім не довіряєте? (2020 Q38.) Пункт: Профспілки.","{""1"": ""Повністю довіряю (trust completely)"", ""2"": ""Деякою мірою довіряю (trust to some extent)"", ""3"": ""Не дуже довіряю (do not trust very much)"", ""4"": ""Зовсім не довіряю (do not trust at all)"", ""-1"": ""Don't know"", ""-2"": ""No answer"", ""-3"": ""Not applicable"", ""-4"": ""Not asked"", ""-5"": ""Other missing""}","{""Confidence (two positive options)"": [1, 2], ""Little or no confidence"": [3, 4], ""Don't know"": [-1], ""No answer / other missing"": [-2, -3, -4, -5]}","[{""file"": ""docs/evs_trend_codebook_v3.pdf"", ""pdf_pages"": [390], ""years"": [1999, 2008, 2020], ""url"": ""https://access.gesis.org/dbk/71022"", ""verification"": ""English master wording and harmonised codebook; supplemented by the actual Ukrainian forms below."", ""excerpt"": ""Confidence: Labour Unions Master question in EVS 1981 (ZA4438, Q349); EVS 1990 (ZA4460, Q545); EVS 1999 (ZA3811, Q58); EVS 2008 (ZA4800, Q63); EVS 2017 (ZA7500, Q38): <Show card ... (for show card number see master questionnaire of the wave)> <in EVS 2017: READ OUT AND CODE ONE ANSWER PER LINE> Please look at this card and tell me, for each item listed, how much confidence you have in them, is it a great deal, quite a lot, not very much or none at all? <Mark/Code one answer for each item/per line> <in EVS 1990: Read out reversing order for alternate contacts> Trade unions Response categories in EVS Trend File: -5 Missing: Other -4 Not asked in survey -3 Not applicable -2 No answer -1 Don´t know 1 A great deal 2 Quite a lot 3 Not very much 4 None at all"", ""sha256"": ""533bfd6641d4f79ddec797f115bb113786fbccf8304b9150ba16eba1a5d1df7a""}, {""file"": ""data/documentation/evs_ukraine_1999_questionnaires.pdf"", ""pdf_pages"": [28], ""years"": [1999], ""url"": ""https://access.gesis.org/dbk/9793"", ""verification"": ""Ukrainian national field questionnaire, Q58; visually checked because PDF text encoding is damaged."", ""excerpt"": """", ""sha256"": ""8f1da49fcedc3c1384fb33eebfb9fa2924ac768df511f0c7f3e74e5d47a21bfb""}, {""file"": ""data/documentation/evs_ukraine_2008_questionnaires.pdf"", ""pdf_pages"": [20], ""years"": [2008], ""url"": ""https://access.gesis.org/dbk/18074"", ""verification"": ""Ukrainian national field questionnaire, Q63."", ""excerpt"": """", ""sha256"": ""0b4280be9060133948a9d47bb626ba27cf5d335227d233548e7e22755f1d3225""}, {""file"": ""data/documentation/evs_ukraine_2020_questionnaires.pdf"", ""pdf_pages"": [14], ""years"": [2020], ""url"": ""https://access.gesis.org/dbk/70790"", ""verification"": ""Ukrainian national field questionnaire, Q38."", ""excerpt"": """", ""sha256"": ""1e396ff3810839e33e3f000e23a8f87fd18b471e6924a13a84b7b156ca40956b""}]","[""Ukrainian national questionnaires checked for all three waves (1999, 2008, 2020). The English master is a reference, not a substitute for the local text. Russian forms are in the linked files but are not all independently compared here.""]",English summary of the confidence battery,,evs__e069_05,EVS,E069_05,"[1999, 2008, 2020]","{""Confidence"": [1, 2], ""No confidence"": [3, 4], ""Don't know"": [-1], ""No answer / other missing"": [-2, -3, -4, -5]}","{""Confidence"": ""Confidence (two positive options)"", ""No confidence"": ""Little or no confidence"", ""Don't know"": ""Don't know"", ""No answer / other missing"": ""No answer / other missing""}",2026-09-29,[]
How much confidence do you have in the social security system?,Confidence in the social security system,,"Я назву Вам деякі організації та громадські інститути. Скажіть, наскільки Ви довіряєте кожній (ому) з них: повністю довіряєте, деякою мірою довіряєте, не дуже довіряєте або зовсім не довіряєте? (2020 Q38.) Пункт: Система соціального забезпечення.","{""1"": ""Повністю довіряю (trust completely)"", ""2"": ""Деякою мірою довіряю (trust to some extent)"", ""3"": ""Не дуже довіряю (do not trust very much)"", ""4"": ""Зовсім не довіряю (do not trust at all)"", ""-1"": ""Don't know"", ""-2"": ""No answer"", ""-3"": ""Not applicable"", ""-4"": ""Not asked"", ""-5"": ""Other missing""}","{""Confidence (two positive options)"": [1, 2], ""Little or no confidence"": [3, 4], ""Don't know"": [-1], ""No answer / other missing"": [-2, -3, -4, -5]}","[{""file"": ""docs/evs_trend_codebook_v3.pdf"", ""pdf_pages"": [394], ""years"": [1999, 2008, 2020], ""url"": ""https://access.gesis.org/dbk/71022"", ""verification"": ""English master wording and harmonised codebook; supplemented by the actual Ukrainian forms below."", ""excerpt"": ""Confidence: Social Security System Master question in EVS 1990 (ZA4460, Q545); EVS 1999 (ZA3811, Q58); EVS 2008 (ZA4800, Q63): <Show card ... (for show card number see master questionnaire of the wave)> Please look at this card and tell me, for each item listed, how much confidence you have in them, is it a great deal, quite a lot, not very much or none at all? <Code one answer for each item/per line> <in EVS 1990: Read out reversing order for alternate contacts> The social security system Response categories in EVS Trend File: -5 Missing: Other -4 Not asked in survey -3 Not applicable -2 No answer -1 Don´t know 1 A great deal 2 Quite a lot 3 Not very much 4 None at all"", ""sha256"": ""533bfd6641d4f79ddec797f115bb113786fbccf8304b9150ba16eba1a5d1df7a""}, {""file"": ""data/documentation/evs_ukraine_1999_questionnaires.pdf"", ""pdf_pages"": [28], ""years"": [1999], ""url"": ""https://access.gesis.org/dbk/9793"", ""verification"": ""Ukrainian national field questionnaire, Q58; visually checked because PDF text encoding is damaged."", ""excerpt"": """", ""sha256"": ""8f1da49fcedc3c1384fb33eebfb9fa2924ac768df511f0c7f3e74e5d47a21bfb""}, {""file"": ""data/documentation/evs_ukraine_2008_questionnaires.pdf"", ""pdf_pages"": [20], ""years"": [2008], ""url"": ""https://access.gesis.org/dbk/18074"", ""verification"": ""Ukrainian national field questionnaire, Q63."", ""excerpt"": """", ""sha256"": ""0b4280be9060133948a9d47bb626ba27cf5d335227d233548e7e22755f1d3225""}, {""file"": ""data/documentation/evs_ukraine_2020_questionnaires.pdf"", ""pdf_pages"": [14], ""years"": [2020], ""url"": ""https://access.gesis.org/dbk/70790"", ""verification"": ""Ukrainian national field questionnaire, Q38."", ""excerpt"": """", ""sha256"": ""1e396ff3810839e33e3f000e23a8f87fd18b471e6924a13a84b7b156ca40956b""}]","[""Ukrainian national questionnaires checked for all three waves (1999, 2008, 2020). The English master is a reference, not a substitute for the local text. Russian forms are in the linked files but are not all independently compared here.""]",English summary of the confidence battery,,evs__e069_09,EVS,E069_09,"[1999, 2008, 2020]","{""Confidence"": [1, 2], ""No confidence"": [3, 4], ""Don't know"": [-1], ""No answer / other missing"": [-2, -3, -4, -5]}","{""Confidence"": ""Confidence (two positive options)"", ""No confidence"": ""Little or no confidence"", ""Don't know"": ""Don't know"", ""No answer / other missing"": ""No answer / other missing""}",2026-09-29,[]
How much confidence do you have in major companies?,Confidence in major companies,,"Я назву Вам деякі організації та громадські інститути. Скажіть, наскільки Ви довіряєте кожній (ому) з них: повністю довіряєте, деякою мірою довіряєте, не дуже довіряєте або зовсім не довіряєте? (2020 Q38.) Пункт: Великі компанії.","{""1"": ""Повністю довіряю (trust completely)"", ""2"": ""Деякою мірою довіряю (trust to some extent)"", ""3"": ""Не дуже довіряю (do not trust very much)"", ""4"": ""Зовсім не довіряю (do not trust at all)"", ""-1"": ""Don't know"", ""-2"": ""No answer"", ""-3"": ""Not applicable"", ""-4"": ""Not asked"", ""-5"": ""Other missing""}","{""Confidence (two positive options)"": [1, 2], ""Little or no confidence"": [3, 4], ""Don't know"": [-1], ""No answer / other missing"": [-2, -3, -4, -5]}","[{""file"": ""docs/evs_trend_codebook_v3.pdf"", ""pdf_pages"": [397], ""years"": [1999, 2008, 2020], ""url"": ""https://access.gesis.org/dbk/71022"", ""verification"": ""English master wording and harmonised codebook; supplemented by the actual Ukrainian forms below."", ""excerpt"": ""Confidence: Major Companies Master question in EVS 1981 (ZA4438, Q349); EVS 1990 (ZA4460, Q545); EVS 1999 (ZA3811, Q58); EVS 2008 (ZA4800, Q63); EVS 2017 (ZA7500, Q38): <Show card ... (for show card number see master questionnaire of the wave)> <in EVS 2017: READ OUT AND CODE ONE ANSWER PER LINE> Please look at this card and tell me, for each item listed, how much confidence you have in them, is it a great deal, quite a lot, not very much or none at all? <Mark/Code one answer for each item/per line> <in EVS 1990: Read out reversing order for alternate contacts> Major companies Response categories in EVS Trend File: -5 Missing: Other -4 Not asked in survey -3 Not applicable -2 No answer -1 Don´t know 1 A great deal 2 Quite a lot 3 Not very much 4 None at all"", ""sha256"": ""533bfd6641d4f79ddec797f115bb113786fbccf8304b9150ba16eba1a5d1df7a""}, {""file"": ""data/documentation/evs_ukraine_1999_questionnaires.pdf"", ""pdf_pages"": [28], ""years"": [1999], ""url"": ""https://access.gesis.org/dbk/9793"", ""verification"": ""Ukrainian national field questionnaire, Q58; visually checked because PDF text encoding is damaged."", ""excerpt"": """", ""sha256"": ""8f1da49fcedc3c1384fb33eebfb9fa2924ac768df511f0c7f3e74e5d47a21bfb""}, {""file"": ""data/documentation/evs_ukraine_2008_questionnaires.pdf"", ""pdf_pages"": [20], ""years"": [2008], ""url"": ""https://access.gesis.org/dbk/18074"", ""verification"": ""Ukrainian national field questionnaire, Q63."", ""excerpt"": """", ""sha256"": ""0b4280be9060133948a9d47bb626ba27cf5d335227d233548e7e22755f1d3225""}, {""file"": ""data/documentation/evs_ukraine_2020_questionnaires.pdf"", ""pdf_pages"": [14], ""years"": [2020], ""url"": ""https://access.gesis.org/dbk/70790"", ""verification"": ""Ukrainian national field questionnaire, Q38."", ""excerpt"": """", ""sha256"": ""1e396ff3810839e33e3f000e23a8f87fd18b471e6924a13a84b7b156ca40956b""}]","[""Ukrainian national questionnaires checked for all three waves (1999, 2008, 2020). The English master is a reference, not a substitute for the local text. Russian forms are in the linked files but are not all independently compared here.""]",English summary of the confidence battery,,evs__e069_13,EVS,E069_13,"[1999, 2008, 2020]","{""Confidence"": [1, 2], ""No confidence"": [3, 4], ""Don't know"": [-1], ""No answer / other missing"": [-2, -3, -4, -5]}","{""Confidence"": ""Confidence (two positive options)"", ""No confidence"": ""Little or no confidence"", ""Don't know"": ""Don't know"", ""No answer / other missing"": ""No answer / other missing""}",2026-09-29,[]
"Should income differences be smaller, or should those who work more receive more?",Smaller income differences versus greater rewards for work,1 = income differences should not be very large; 10 = those who work more should receive more,"На цій картці – декілька протилежних тверджень з різних питань. Як Ви визначили б Вашу точку зору на цій шкалі? (2020, Q32; endpoints below.)","{""1 (Ukrainian 2020)"": ""Різниця в прибутках не повинна бути дуже великою"", ""2–9"": ""Intermediate positions"", ""10 (Ukrainian 2020)"": ""Той, хто більше працює, повинен отримувати більше"", ""1 (Ukrainian 1999)"": ""Різниця в доходах не повинна бути дуже великою"", ""Archive special codes (excluded from means)"": ""−1: don’t know; −2: no answer; −3: not applicable; −4: not asked; −5: other missing; system missing also excluded""}","{""Mean"": [1, 2, 3, 4, 5, 6, 7, 8, 9, 10]}","[{""file"": ""docs/evs_trend_codebook_v3.pdf"", ""pdf_pages"": [361], ""years"": [1999, 2008, 2020], ""url"": ""https://access.gesis.org/dbk/71022"", ""verification"": ""English master wording and harmonised codebook; supplemented by the actual Ukrainian forms below."", ""excerpt"": ""Income equality Master question in EVS 1990 (ZA4460, Q516A); EVS 1999 (ZA3811, Q54E): <Show card ... (for show card number see master questionnaire of the wave)> Now I'd like you to tell me your views on various issues. How would you place your views on this scale? Master question in EVS 2008 (ZA4800, Q58E); EVS 2017 (ZA7500, Q32): <Show card ... (for show card number see master questionnaire of the wave)> <Read out> On this card you see a number of opposite views on various issues. How would you place your views on this scale? Response categories in EVS Trend File: -5 Missing: Other -4 Not asked in survey -3 Not applicable -2 No answer -1 Don't know 1 Incomes should be made more equal 2 3 4 5 6 7 8 9 10 We need larger income diﬀerences as incentives in EVS 1990 (ZA4460); EVS 1999 (ZA3811); EVS 2008 (ZA4800); EVS 2017 (ZA7500): 10 There should be greater incentives for individual eﬀort"", ""sha256"": ""533bfd6641d4f79ddec797f115bb113786fbccf8304b9150ba16eba1a5d1df7a""}, {""file"": ""data/documentation/evs_ukraine_1999_questionnaires.pdf"", ""pdf_pages"": [25], ""years"": [1999], ""url"": ""https://access.gesis.org/dbk/9793"", ""verification"": ""Ukrainian national field questionnaire, Q54; visually checked because PDF text encoding is damaged."", ""excerpt"": """", ""sha256"": ""8f1da49fcedc3c1384fb33eebfb9fa2924ac768df511f0c7f3e74e5d47a21bfb""}, {""file"": ""data/documentation/evs_ukraine_2008_questionnaires.pdf"", ""pdf_pages"": [19, 85], ""years"": [2008], ""url"": ""https://access.gesis.org/dbk/18074"", ""verification"": ""Ukrainian national field questionnaire, Q58."", ""excerpt"": """", ""sha256"": ""0b4280be9060133948a9d47bb626ba27cf5d335227d233548e7e22755f1d3225""}, {""file"": ""data/documentation/evs_ukraine_2020_questionnaires.pdf"", ""pdf_pages"": [12, 58], ""years"": [2020], ""url"": ""https://access.gesis.org/dbk/70790"", ""verification"": ""Ukrainian national field questionnaire, Q32."", ""excerpt"": """", ""sha256"": ""1e396ff3810839e33e3f000e23a8f87fd18b471e6924a13a84b7b156ca40956b""}]","[""Ukrainian national questionnaires checked for all three waves (1999, 2008, 2020). The English master is a reference, not a substitute for the local text. Russian forms are in the linked files but are not all independently compared here."", ""Original numeric direction retained."", ""The Ukrainian 1999, 2008 and 2020 endpoint is “Той, хто більше працює, повинен отримувати більше”. The opposite endpoint refers to income differences in 1999 and uses “прибутках” in 2008/2020. Do not substitute the English master’s more abstract “greater incentives” wording.""]",English question summary; source endpoints and wave differences below,,evs__e035,EVS,E035,"[1999, 2008, 2020]","{""Mean"": [1, 2, 3, 4, 5, 6, 7, 8, 9, 10]}","{""Mean"": ""Mean""}",2026-09-29,[]
Should private or state ownership of business and industry be increased?,Preference for increasing private ownership,1 = increase state ownership; 10 = increase private ownership (business and industry),"На цій картці – декілька протилежних тверджень з різних питань. Як Ви визначили б Вашу точку зору на цій шкалі? (2020, Q32; endpoints below.)","{""1 (Ukrainian 2020)"": ""Частка приватної власності в бізнесі та виробництві повинна бути збільшена"", ""2–9"": ""Intermediate positions"", ""10 (Ukrainian 2020)"": ""Частка державної власності в бізнесі та виробництві повинна бути збільшена"", ""Archive special codes (excluded from means)"": ""−1: don’t know; −2: no answer; −3: not applicable; −4: not asked; −5: other missing; system missing also excluded""}","{""Mean"": [1, 2, 3, 4, 5, 6, 7, 8, 9, 10]}","[{""file"": ""docs/evs_trend_codebook_v3.pdf"", ""pdf_pages"": [362], ""years"": [1999, 2008, 2020], ""url"": ""https://access.gesis.org/dbk/71022"", ""verification"": ""English master wording and harmonised codebook; supplemented by the actual Ukrainian forms below."", ""excerpt"": ""Private vs state ownership of business Master question in EVS 1990 (ZA4460, Q516B); EVS 1999 (ZA3811, Q54F): <Show card ... (for show card number see master questionnaire of the wave)> Now I'd like you to tell me your views on various issues. How would you place your views on this scale? Master question in EVS 2008 (ZA4800, Q58F); EVS 2017 (ZA7500, Q32): <Show card ... (for show card number see master questionnaire of the wave)> <Read out> On this card you see a number of opposite views on various issues. How would you place your views on this scale? Response categories in EVS Trend File: -5 Missing: Other -4 Not asked in survey -3 Not applicable -2 No answer -1 Don't know 1 Private ownership of business should be increased 2 3 4 5 6 7 8 9 10 Government ownership of business should be increased in EVS 1990 (ZA4460); EVS 1999 (ZA3811); EVS 2008 (ZA4800); EVS 2017 (ZA7500): 1 Private ownership of business and industry should be increased 10 Government ownership of business and industry should be increased"", ""sha256"": ""533bfd6641d4f79ddec797f115bb113786fbccf8304b9150ba16eba1a5d1df7a""}, {""file"": ""data/documentation/evs_ukraine_1999_questionnaires.pdf"", ""pdf_pages"": [25], ""years"": [1999], ""url"": ""https://access.gesis.org/dbk/9793"", ""verification"": ""Ukrainian national field questionnaire, Q54; visually checked because PDF text encoding is damaged."", ""excerpt"": """", ""sha256"": ""8f1da49fcedc3c1384fb33eebfb9fa2924ac768df511f0c7f3e74e5d47a21bfb""}, {""file"": ""data/documentation/evs_ukraine_2008_questionnaires.pdf"", ""pdf_pages"": [19, 85], ""years"": [2008], ""url"": ""https://access.gesis.org/dbk/18074"", ""verification"": ""Ukrainian national field questionnaire, Q58."", ""excerpt"": """", ""sha256"": ""0b4280be9060133948a9d47bb626ba27cf5d335227d233548e7e22755f1d3225""}, {""file"": ""data/documentation/evs_ukraine_2020_questionnaires.pdf"", ""pdf_pages"": [12, 58], ""years"": [2020], ""url"": ""https://access.gesis.org/dbk/70790"", ""verification"": ""Ukrainian national field questionnaire, Q32."", ""excerpt"": """", ""sha256"": ""1e396ff3810839e33e3f000e23a8f87fd18b471e6924a13a84b7b156ca40956b""}]","[""Ukrainian national questionnaires checked for all three waves (1999, 2008, 2020). The English master is a reference, not a substitute for the local text. Russian forms are in the linked files but are not all independently compared here."", ""Plotted score = 11 − harmonised archive value.""]",English question summary; source endpoints and wave differences below,,evs__e036,EVS,E036,"[1999, 2008, 2020]","{""Mean"": [1, 2, 3, 4, 5, 6, 7, 8, 9, 10]}","{""Mean"": ""Mean""}",2026-09-29,[]
"Should government ensure everyone is provided for, or should people provide for themselves?",Individual versus government responsibility for provision,1 = government ensures everyone is provided for; 10 = people provide for themselves,"На цій картці – декілька протилежних тверджень з різних питань. Як Ви визначили б Вашу точку зору на цій шкалі? (2020, Q32; endpoints below.)","{""1 (Ukrainian 2020)"": ""Люди більшою мірою самі повинні нести відповідальність за те, щоб себе забезпечити"", ""2–9"": ""Intermediate positions"", ""10 (Ukrainian 2020)"": ""Держава більшою мірою повинна нести відповідальність за те, щоб всі громадяни були забезпечені"", ""Archive special codes (excluded from means)"": ""−1: don’t know; −2: no answer; −3: not applicable; −4: not asked; −5: other missing; system missing also excluded""}","{""Mean"": [1, 2, 3, 4, 5, 6, 7, 8, 9, 10]}","[{""file"": ""docs/evs_trend_codebook_v3.pdf"", ""pdf_pages"": [363], ""years"": [1999, 2008, 2020], ""url"": ""https://access.gesis.org/dbk/71022"", ""verification"": ""English master wording and harmonised codebook; supplemented by the actual Ukrainian forms below."", ""excerpt"": ""Government responsibility Master question in EVS 1990 (ZA4460, Q516C); EVS 1999 (ZA3811, Q54A): <Show card ... (for show card number see master questionnaire of the wave)> Now I'd like you to tell me your views on various issues. How would you place your views on this scale? Master question in EVS 2008 (ZA4800, Q58A); EVS 2017 (ZA7500, Q32): <Show card ... (for show card number see master questionnaire of the wave)> <Read out> On this card you see a number of opposite views on various issues. How would you place your views on this scale? Response categories in EVS Trend File: -5 Missing; Unknown -4 Not asked in survey -3 Not applicable -2 No answer -1 Don't know 1 Individuals [WVS: people] should take more responsibility for providing for themselves 2 3 4 5 6 7 8 9 10 The state [WVS: government] should take more responsibility to ensure that everyone is provided for"", ""sha256"": ""533bfd6641d4f79ddec797f115bb113786fbccf8304b9150ba16eba1a5d1df7a""}, {""file"": ""data/documentation/evs_ukraine_1999_questionnaires.pdf"", ""pdf_pages"": [25], ""years"": [1999], ""url"": ""https://access.gesis.org/dbk/9793"", ""verification"": ""Ukrainian national field questionnaire, Q54; visually checked because PDF text encoding is damaged."", ""excerpt"": """", ""sha256"": ""8f1da49fcedc3c1384fb33eebfb9fa2924ac768df511f0c7f3e74e5d47a21bfb""}, {""file"": ""data/documentation/evs_ukraine_2008_questionnaires.pdf"", ""pdf_pages"": [19, 85], ""years"": [2008], ""url"": ""https://access.gesis.org/dbk/18074"", ""verification"": ""Ukrainian national field questionnaire, Q58."", ""excerpt"": """", ""sha256"": ""0b4280be9060133948a9d47bb626ba27cf5d335227d233548e7e22755f1d3225""}, {""file"": ""data/documentation/evs_ukraine_2020_questionnaires.pdf"", ""pdf_pages"": [12, 58], ""years"": [2020], ""url"": ""https://access.gesis.org/dbk/70790"", ""verification"": ""Ukrainian national field questionnaire, Q32."", ""excerpt"": """", ""sha256"": ""1e396ff3810839e33e3f000e23a8f87fd18b471e6924a13a84b7b156ca40956b""}]","[""Ukrainian national questionnaires checked for all three waves (1999, 2008, 2020). The English master is a reference, not a substitute for the local text. Russian forms are in the linked files but are not all independently compared here."", ""Plotted score = 11 − harmonised archive value.""]",English question summary; source endpoints and wave differences below,,evs__e037,EVS,E037,"[1999, 2008, 2020]","{""Mean"": [1, 2, 3, 4, 5, 6, 7, 8, 9, 10]}","{""Mean"": ""Mean""}",2026-09-29,[]
"Must unemployed people accept any available job or lose benefits, or may they refuse unwanted jobs?",Accept any job or lose unemployment benefits,1 = right to refuse an unwanted job; 10 = take any available job or lose unemployment benefits,"На цій картці – декілька протилежних тверджень з різних питань. Як Ви визначили б Вашу точку зору на цій шкалі? (2020, Q32; endpoints below.)","{""1 (Ukrainian 2020)"": ""Безробітні повинні погоджуватися на будь-яку роботу, яку їм пропонують, або позбавлятися допомоги по безробіттю"", ""2–9"": ""Intermediate positions"", ""10 (Ukrainian 2020)"": ""Безробітні повинні мати право відмовитися від роботи, яка їм не подобається"", ""Archive special codes (excluded from means)"": ""−1: don’t know; −2: no answer; −3: not applicable; −4: not asked; −5: other missing; system missing also excluded""}","{""Mean"": [1, 2, 3, 4, 5, 6, 7, 8, 9, 10]}","[{""file"": ""docs/evs_trend_codebook_v3.pdf"", ""pdf_pages"": [364], ""years"": [1999, 2008, 2020], ""url"": ""https://access.gesis.org/dbk/71022"", ""verification"": ""English master wording and harmonised codebook; supplemented by the actual Ukrainian forms below."", ""excerpt"": ""Job taking of the unemployed Master question in EVS 1990 (ZA4460, Q516D); EVS 1999 (ZA3811, Q54B): <Show card ... (for show card number see master questionnaire of the wave)> Now I'd like you to tell me your views on various ssues. How would you place your views on this scale? Master questionnaire in EVS 2008 (ZA4800); EVS 2017 (ZA7500, Q32): <Show card ... (for show card number see master questionnaire of the wave)> <Read out> On this card you see a number of opposite views on various issues. How would you place your views on this scale? Response categories in EVS Trend File: -5 Missing; Unknown -4 Not asked in survey -3 Not applicable -2 No answer -1 Don't know 1 People who are unemployed should have to take any job available or lose their unemployment benefits 2 3 4 5 6 7 8 9 10 People who are unemployed should have the right to refuse a job they do not want"", ""sha256"": ""533bfd6641d4f79ddec797f115bb113786fbccf8304b9150ba16eba1a5d1df7a""}, {""file"": ""data/documentation/evs_ukraine_1999_questionnaires.pdf"", ""pdf_pages"": [25], ""years"": [1999], ""url"": ""https://access.gesis.org/dbk/9793"", ""verification"": ""Ukrainian national field questionnaire, Q54; visually checked because PDF text encoding is damaged."", ""excerpt"": """", ""sha256"": ""8f1da49fcedc3c1384fb33eebfb9fa2924ac768df511f0c7f3e74e5d47a21bfb""}, {""file"": ""data/documentation/evs_ukraine_2008_questionnaires.pdf"", ""pdf_pages"": [19, 85], ""years"": [2008], ""url"": ""https://access.gesis.org/dbk/18074"", ""verification"": ""Ukrainian national field questionnaire, Q58."", ""excerpt"": """", ""sha256"": ""0b4280be9060133948a9d47bb626ba27cf5d335227d233548e7e22755f1d3225""}, {""file"": ""data/documentation/evs_ukraine_2020_questionnaires.pdf"", ""pdf_pages"": [12, 58], ""years"": [2020], ""url"": ""https://access.gesis.org/dbk/70790"", ""verification"": ""Ukrainian national field questionnaire, Q32."", ""excerpt"": """", ""sha256"": ""1e396ff3810839e33e3f000e23a8f87fd18b471e6924a13a84b7b156ca40956b""}]","[""Ukrainian national questionnaires checked for all three waves (1999, 2008, 2020). The English master is a reference, not a substitute for the local text. Russian forms are in the linked files but are not all independently compared here."", ""Plotted score = 11 − harmonised archive value.""]",English question summary; source endpoints and wave differences below,,evs__e038,EVS,E038,"[1999, 2008, 2020]","{""Mean"": [1, 2, 3, 4, 5, 6, 7, 8, 9, 10]}","{""Mean"": ""Mean""}",2026-09-29,[]
Is competition good or harmful?,Competition: good versus harmful,1 = competition is harmful; 10 = competition is good,"На цій картці – декілька протилежних тверджень з різних питань. Як Ви визначили б Вашу точку зору на цій шкалі? (2020, Q32; endpoints below.)","{""1 (Ukrainian 2020)"": ""Конкуренція – це добре"", ""2–9"": ""Intermediate positions"", ""10 (Ukrainian 2020)"": ""Конкуренція шкідлива"", ""1 (Ukrainian 1999)"": ""Конкуренція це добре. Вона стимулює людей напружено працювати та розвивати нові ідеї"", ""1 (Ukrainian 2008)"": ""Конкуренція це добре. Вона стимулює людей наполегливо працювати та розвивати нові ідеї"", ""10 (Ukrainian 1999/2008)"": ""Конкуренція шкідлива. Вона пробуджує в людях їх найгірші якості"", ""Archive special codes (excluded from means)"": ""−1: don’t know; −2: no answer; −3: not applicable; −4: not asked; −5: other missing; system missing also excluded""}","{""Mean"": [1, 2, 3, 4, 5, 6, 7, 8, 9, 10]}","[{""file"": ""docs/evs_trend_codebook_v3.pdf"", ""pdf_pages"": [365], ""years"": [1999, 2008, 2020], ""url"": ""https://access.gesis.org/dbk/71022"", ""verification"": ""English master wording and harmonised codebook; supplemented by the actual Ukrainian forms below."", ""excerpt"": ""Competition good or harmful Master question in EVS 1990 (ZA4460, Q516E); EVS 1999 (ZA3811, Q54C): <Show card ... (for show card number see master questionnaire of the wave)> Now I'd like you to tell me your views on various issues. How would you place your views on this scale? Master question in EVS 2008 (ZA4800, Q58C); EVS 2017 (ZA7500, Q32): <Show card ... (for show card number see master questionnaire of the wave)> <Read out> On this card you see a number of opposite views on various issues. How would you place your views on this scale? Response categories in EVS Trend File: -5 Missing; Unknown -4 Not asked in survey -3 Not applicable -2 No answer -1 Don't know 1 Competition is good. it stimulates people to work hard and develop new ideas 2 3 4 5 6 7 8 9 10 Competition is harmful, it brings out the worst in people"", ""sha256"": ""533bfd6641d4f79ddec797f115bb113786fbccf8304b9150ba16eba1a5d1df7a""}, {""file"": ""data/documentation/evs_ukraine_1999_questionnaires.pdf"", ""pdf_pages"": [25], ""years"": [1999], ""url"": ""https://access.gesis.org/dbk/9793"", ""verification"": ""Ukrainian national field questionnaire, Q54; visually checked because PDF text encoding is damaged."", ""excerpt"": """", ""sha256"": ""8f1da49fcedc3c1384fb33eebfb9fa2924ac768df511f0c7f3e74e5d47a21bfb""}, {""file"": ""data/documentation/evs_ukraine_2008_questionnaires.pdf"", ""pdf_pages"": [19, 85], ""years"": [2008], ""url"": ""https://access.gesis.org/dbk/18074"", ""verification"": ""Ukrainian national field questionnaire, Q58."", ""excerpt"": """", ""sha256"": ""0b4280be9060133948a9d47bb626ba27cf5d335227d233548e7e22755f1d3225""}, {""file"": ""data/documentation/evs_ukraine_2020_questionnaires.pdf"", ""pdf_pages"": [12, 58], ""years"": [2020], ""url"": ""https://access.gesis.org/dbk/70790"", ""verification"": ""Ukrainian national field questionnaire, Q32."", ""excerpt"": """", ""sha256"": ""1e396ff3810839e33e3f000e23a8f87fd18b471e6924a13a84b7b156ca40956b""}]","[""Ukrainian national questionnaires checked for all three waves (1999, 2008, 2020). The English master is a reference, not a substitute for the local text. Russian forms are in the linked files but are not all independently compared here."", ""Plotted score = 11 − harmonised archive value."", ""Both the 2020 field form and showcard shorten the earlier explanatory endpoints to “Конкуренція – це добре” / “Конкуренція шкідлива”. This wording difference remains a comparability limitation.""]",English question summary; source endpoints and wave differences below,1999/2008 give reasons why competition is good or harmful; 2020 omits those explanations.,evs__e039,EVS,E039,"[1999, 2008, 2020]","{""Mean"": [1, 2, 3, 4, 5, 6, 7, 8, 9, 10]}","{""Mean"": ""Mean""}",2026-09-29,[]
How do you feel about the existence of privately owned land in Ukraine?,Attitudes toward existing private ownership: land,,Як Ви ставитесь до iснування в Українi приватної землi? 1. Негативно 2. Скоріше негативно 3. Важко відповісти 4. Скоріше позитивно 5. Позитивно Не відповіли,"{""no_answer"": ""Не відповіли"", ""negative"": ""Негативно"", ""rather_negative"": ""Скоріше негативно"", ""dont_know"": ""Важко відповісти"", ""rather_positive"": ""Скоріше позитивно"", ""positive"": ""Позитивно""}","{""Positive / rather positive"": [""positive"", ""rather_positive""], ""Negative / rather negative"": [""negative"", ""rather_negative""], ""Hard to say"": [""dont_know""], ""No answer"": [""no_answer""]}","[{""file"": ""data/documentation/monitoring/soc-mon-2013.pdf"", ""pdf_pages"": [449], ""years"": [2013], ""url"": ""https://isnasu.org.ua/assets/files/monitoring/soc-mon-2013.pdf"", ""verification"": ""Original Ukrainian published question and response table; percentages removed from the excerpt."", ""excerpt"": ""Як Ви ставитесь до iснування в Українi приватної землi? 1. Негативно 2. Скоріше негативно 3. Важко відповісти 4. Скоріше позитивно 5. Позитивно Не відповіли"", ""sha256"": ""06a7e2fd5ffd7c583c33719d6cba0cca9a01aefb92c46f43d47aaa82cd04a13c""}, {""file"": ""data/documentation/monitoring/mon2020.pdf"", ""pdf_pages"": [445], ""years"": [2017, 2020], ""url"": ""https://isnasu.org.ua/assets/files/monitoring/mon2020.pdf"", ""verification"": ""Original Ukrainian published question and response table; percentages removed from the excerpt."", ""excerpt"": ""Як Ви ставитесь до існування в Україні приватної землі? Негативно Скоріше негативно Важко відповісти Скоріше позитивно Позитивно Не відповіли"", ""sha256"": ""ea193794ff60a7abbde98ba7194bfb89820dd2b70714d50dca8f4c16b6c2e449""}]","[""English chart text is a translation/summary of the Ukrainian published tables. Full original wording appears in the source excerpts.""]",English translation/summary; original Ukrainian tables below,,monitoring__existing_private_land,Monitoring,existing_private_land,"[2013, 2017, 2020]","{""Positive"": [""positive"", ""rather_positive""], ""Negative"": [""negative"", ""rather_negative""], ""Don't know"": [""dont_know""], ""No answer"": [""no_answer""]}","{""Positive"": ""Positive / rather positive"", ""Negative"": ""Negative / rather negative"", ""Don't know"": ""Hard to say"", ""No answer"": ""No answer""}",2026-09-29,[]
How do you feel about the existence of privately owned large enterprises in Ukraine?,Attitudes toward existing private ownership: large enterprises,,Як Ви ставитесь до iснування в Українi великих приватних пiдприємств? 1. Негативно 2. Скоріше негативно 3. Важко відповісти 4. Скоріше позитивно 5. Позитивно Не відповіли,"{""no_answer"": ""Не відповіли"", ""negative"": ""Негативно"", ""rather_negative"": ""Скоріше негативно"", ""dont_know"": ""Важко відповісти"", ""rather_positive"": ""Скоріше позитивно"", ""positive"": ""Позитивно""}","{""Positive / rather positive"": [""positive"", ""rather_positive""], ""Negative / rather negative"": [""negative"", ""rather_negative""], ""Hard to say"": [""dont_know""], ""No answer"": [""no_answer""]}","[{""file"": ""data/documentation/monitoring/soc-mon-2013.pdf"", ""pdf_pages"": [449], ""years"": [2013], ""url"": ""https://isnasu.org.ua/assets/files/monitoring/soc-mon-2013.pdf"", ""verification"": ""Original Ukrainian published question and response table; percentages removed from the excerpt."", ""excerpt"": ""Як Ви ставитесь до iснування в Українi великих приватних пiдприємств? 1. Негативно 2. Скоріше негативно 3. Важко відповісти 4. Скоріше позитивно 5. Позитивно Не відповіли"", ""sha256"": ""06a7e2fd5ffd7c583c33719d6cba0cca9a01aefb92c46f43d47aaa82cd04a13c""}, {""file"": ""data/documentation/monitoring/mon2020.pdf"", ""pdf_pages"": [445], ""years"": [2017, 2020], ""url"": ""https://isnasu.org.ua/assets/files/monitoring/mon2020.pdf"", ""verification"": ""Original Ukrainian published question and response table; percentages removed from the excerpt."", ""excerpt"": ""Як Ви ставитесь до існування в Україні великих приватних підприємств? Негативно Скоріше негативно Важко відповісти Скоріше позитивно Позитивно Не відповіли"", ""sha256"": ""ea193794ff60a7abbde98ba7194bfb89820dd2b70714d50dca8f4c16b6c2e449""}]","[""English chart text is a translation/summary of the Ukrainian published tables. Full original wording appears in the source excerpts.""]",English translation/summary; original Ukrainian tables below,,monitoring__existing_private_large,Monitoring,existing_private_large,"[2013, 2017, 2020]","{""Positive"": [""positive"", ""rather_positive""], ""Negative"": [""negative"", ""rather_negative""], ""Don't know"": [""dont_know""], ""No answer"": [""no_answer""]}","{""Positive"": ""Positive / rather positive"", ""Negative"": ""Negative / rather negative"", ""Don't know"": ""Hard to say"", ""No answer"": ""No answer""}",2026-09-29,[]
How do you feel about the existence of privately owned small enterprises in Ukraine?,Attitudes toward existing private ownership: small enterprises,,Як Ви ставитесь до iснування в Українi малих приватних пiдприємств? 1. Негативно 2. Скоріше негативно 3. Важко відповісти 4. Скоріше позитивно 5. Позитивно Не відповіли,"{""no_answer"": ""Не відповіли"", ""negative"": ""Негативно"", ""rather_negative"": ""Скоріше негативно"", ""dont_know"": ""Важко відповісти"", ""rather_positive"": ""Скоріше позитивно"", ""positive"": ""Позитивно""}","{""Positive / rather positive"": [""positive"", ""rather_positive""], ""Negative / rather negative"": [""negative"", ""rather_negative""], ""Hard to say"": [""dont_know""], ""No answer"": [""no_answer""]}","[{""file"": ""data/documentation/monitoring/soc-mon-2013.pdf"", ""pdf_pages"": [448], ""years"": [2013], ""url"": ""https://isnasu.org.ua/assets/files/monitoring/soc-mon-2013.pdf"", ""verification"": ""Original Ukrainian published question and response table; percentages removed from the excerpt."", ""excerpt"": ""Як Ви ставитесь до iснування в Українi малих приватних пiдприємств? 1. Негативно 2. Скоріше негативно 3. Важко відповісти 4. Скоріше позитивно 5. Позитивно Не відповіли"", ""sha256"": ""06a7e2fd5ffd7c583c33719d6cba0cca9a01aefb92c46f43d47aaa82cd04a13c""}, {""file"": ""data/documentation/monitoring/mon2020.pdf"", ""pdf_pages"": [445], ""years"": [2017, 2020], ""url"": ""https://isnasu.org.ua/assets/files/monitoring/mon2020.pdf"", ""verification"": ""Original Ukrainian published question and response table; percentages removed from the excerpt."", ""excerpt"": ""Як Ви ставитесь до існування в Україні малих приватних підприємств? Негативно Скоріше негативно Важко відповісти Скоріше позитивно Позитивно Не відповіли"", ""sha256"": ""ea193794ff60a7abbde98ba7194bfb89820dd2b70714d50dca8f4c16b6c2e449""}]","[""English chart text is a translation/summary of the Ukrainian published tables. Full original wording appears in the source excerpts.""]",English translation/summary; original Ukrainian tables below,,monitoring__existing_private_small,Monitoring,existing_private_small,"[2013, 2017, 2020]","{""Positive"": [""positive"", ""rather_positive""], ""Negative"": [""negative"", ""rather_negative""], ""Don't know"": [""dont_know""], ""No answer"": [""no_answer""]}","{""Positive"": ""Positive / rather positive"", ""Negative"": ""Negative / rather negative"", ""Don't know"": ""Hard to say"", ""No answer"": ""No answer""}",2026-09-29,[]
What should ownership rights over land and land holdings be?,Preferred land ownership rights,,"Яким, на Вашу думку, повинно бути право власності на землю та угіддя? Повне право власності (із правом продажу) Пожиттєве користування, що успадковується, але без права продажу Власність громади (села, міста), яка розподіляє землю у тимчасове користування жителям Державна власність на усі землі Важко відповісти Не відповіли","{""no_answer"": ""Не відповіли"", ""full_ownership_including_sale"": ""Full ownership, including the right to sell"", ""inheritable_use_no_sale"": ""Lifetime use with inheritance rights, but no right to sell"", ""community_ownership"": ""Ownership by the community (village, city), which allocates temporary use to its residents"", ""state_ownership"": ""State ownership of all land"", ""dont_know"": ""Hard to say""}","{""Full ownership, including sale"": [""full_ownership_including_sale""], ""Lifetime inheritable use, no sale"": [""inheritable_use_no_sale""], ""Community ownership; temporary use by residents"": [""community_ownership""], ""State ownership of all land"": [""state_ownership""], ""Hard to say"": [""dont_know""], ""No answer"": [""no_answer""]}","[{""file"": ""data/documentation/monitoring/mon2020.pdf"", ""pdf_pages"": [447], ""years"": [2017, 2019, 2020], ""url"": ""https://isnasu.org.ua/assets/files/monitoring/mon2020.pdf"", ""verification"": ""Original Ukrainian published question and response table; percentages removed from the excerpt."", ""excerpt"": ""Яким, на Вашу думку, повинно бути право власності на землю та угіддя? Повне право власності (із правом продажу) Пожиттєве користування, що успадковується, але без права продажу Власність громади (села, міста), яка розподіляє землю у тимчасове користування жителям Державна власність на усі землі Важко відповісти Не відповіли"", ""sha256"": ""ea193794ff60a7abbde98ba7194bfb89820dd2b70714d50dca8f4c16b6c2e449""}]","[""English chart text is a translation/summary of the Ukrainian published tables. Full original wording appears in the source excerpts.""]",English translation/summary; original Ukrainian tables below,,monitoring__land_ownership_rights,Monitoring,land_ownership_rights,"[2017, 2019, 2020]","{""Full ownership, including sale"": [""full_ownership_including_sale""], ""Inheritable use, no sale"": [""inheritable_use_no_sale""], ""Community ownership"": [""community_ownership""], ""State ownership"": [""state_ownership""], ""Don't know"": [""dont_know""], ""No answer"": [""no_answer""]}","{""Full ownership, including sale"": ""Full ownership, including sale"", ""Inheritable use, no sale"": ""Lifetime inheritable use, no sale"", ""Community ownership"": ""Community ownership; temporary use by residents"", ""State ownership"": ""State ownership of all land"", ""Don't know"": ""Hard to say"", ""No answer"": ""No answer""}",2026-09-29,[]
Should buying and selling agricultural land in Ukraine be allowed?,Allowing the purchase and sale of agricultural land,,"Чи можна, на Ваш погляд, дозволити купівлю-продаж землі сільськогосподарського призначення в Україні? Так Ні Важко відповісти Не відповіли","{""no_answer"": ""Не відповіли"", ""yes"": ""Так"", ""no"": ""Ні"", ""dont_know"": ""Важко відповісти""}","{""Yes"": [""yes""], ""No"": [""no""], ""Hard to say"": [""dont_know""], ""No answer"": [""no_answer""]}","[{""file"": ""data/documentation/monitoring/monitoring-2021dlya-tipografii.pdf"", ""pdf_pages"": [624], ""years"": [2017, 2019, 2021], ""url"": ""https://isnasu.org.ua/assets/files/monitoring/monitoring-2021dlya-tipografii.pdf"", ""verification"": ""Original Ukrainian published question and response table; percentages removed from the excerpt."", ""excerpt"": ""Чи можна, на Ваш погляд, дозволити купівлю-продаж землі сільськогосподарського призначення в Україні? Так Ні Важко відповісти Не відповіли"", ""sha256"": ""08b33f2d1c15e43544f277469410eeaec3b4c8c5e6851ad37cebe9cae29d02e9""}]","[""English chart text is a translation/summary of the Ukrainian published tables. Full original wording appears in the source excerpts.""]",English translation/summary; original Ukrainian tables below,,monitoring__land_sales_agricultural,Monitoring,land_sales_agricultural,"[2017, 2019, 2021]","{""Yes"": [""yes""], ""No"": [""no""], ""Don't know"": [""dont_know""], ""No answer"": [""no_answer""]}","{""Yes"": ""Yes"", ""No"": ""No"", ""Don't know"": ""Hard to say"", ""No answer"": ""No answer""}",2026-09-29,[]
What should Ukraine’s state policy on ownership be?,Preferred state policy on ownership,,"Якою, на Ваш погляд, повинна бути державна політика України у сфері власності? Необхідно повернути державі якнайбільше компаній Повертати компанії державі не потрібно, але ті, що належать їй, повинні залишатися державними Ефективні державні компанії треба залишити, решту можна передати у приватну власність Необхідно здійснити широку передачу державних підприємств у приватну власність Важко відповісти / немає відповіді","{""nationalise"": ""Необхідно повернути державі якнайбільше компаній"", ""retain_state_firms"": ""Повертати компанії державі не потрібно, але ті, що належать їй, повинні залишатися державними"", ""privatise_except_efficient_state_firms"": ""Ефективні державні компанії треба залишити, решту можна передати у приватну власність"", ""broad_privatisation"": ""Необхідно здійснити широку передачу державних підприємств у приватну власність"", ""dont_know_or_no_answer"": ""Важко відповісти / немає відповіді""}","{""Broad transfer of state firms to private owners"": [""broad_privatisation""], ""Keep efficient state firms; others may be private"": [""privatise_except_efficient_state_firms""], ""Keep current state firms; no more nationalisation"": [""retain_state_firms""], ""Return as many companies as possible to state"": [""nationalise""], ""Hard to say / no answer"": [""dont_know_or_no_answer""]}","[{""file"": ""data/documentation/monitoring/monitoring-2025.pdf"", ""pdf_pages"": [394], ""years"": [2023, 2024, 2025], ""url"": ""https://drive.google.com/uc?export=download&id=1CeJIiK0ZLNJ0aHyPbXHrWO21ykIB6m7W"", ""verification"": ""Original Ukrainian published question and response table; percentages removed from the excerpt."", ""excerpt"": ""Якою, на Ваш погляд, повинна бути державна політика України у сфері власності? Необхідно повернути державі якнайбільше компаній Повертати компанії державі не потрібно, але ті, що належать їй, повинні залишатися державними Ефективні державні компанії треба залишити, решту можна передати у приватну власність Необхідно здійснити широку передачу державних підприємств у приватну власність Важко відповісти / немає відповіді"", ""sha256"": ""a3e0c42ef61820c801967e0abbd373fe01a1cfd1ac333cd1b92c59e2594f50fc""}]","[""English chart text is a translation/summary of the Ukrainian published tables. Full original wording appears in the source excerpts.""]",English translation/summary; original Ukrainian tables below,,monitoring__ownership_policy,Monitoring,ownership_policy,"[2023, 2024, 2025]","{""Broad privatisation"": [""broad_privatisation""], ""Privatise except efficient state firms"": [""privatise_except_efficient_state_firms""], ""Retain state enterprises"": [""retain_state_firms""], ""Nationalise private firms"": [""nationalise""], ""Don't know / no answer"": [""dont_know_or_no_answer""]}","{""Broad privatisation"": ""Broad transfer of state firms to private owners"", ""Privatise except efficient state firms"": ""Keep efficient state firms; others may be private"", ""Retain state enterprises"": ""Keep current state firms; no more nationalisation"", ""Nationalise private firms"": ""Return as many companies as possible to state"", ""Don't know / no answer"": ""Hard to say / no answer""}",2026-09-29,[]
How do you feel about transferring land into private ownership (privatisation)?,Attitudes toward privatisation: land,,"Як Ви ставитесь до передачі у приватну власність (приватизації)… землі? 1. Скоріше негативно 2. Важко сказати, негативно чи позитивно 3. Скоріше позитивно Не відповіли","{""no_answer"": ""Не відповіли"", ""negative"": ""Скоріше негативно"", ""ambivalent"": ""Важко сказати, негативно чи позитивно"", ""positive"": ""Скоріше позитивно""}","{""Rather positive"": [""positive""], ""Rather negative"": [""negative""], ""Hard to say: negative or positive"": [""ambivalent""], ""No answer"": [""no_answer""]}","[{""file"": ""data/documentation/monitoring/monitoring-2021dlya-tipografii.pdf"", ""pdf_pages"": [624], ""years"": [1992, 1994, 1996, 1998, 2000, 2002, 2004, 2005, 2006, 2008, 2010, 2012, 2014, 2016, 2018, 2021], ""url"": ""https://isnasu.org.ua/assets/files/monitoring/monitoring-2021dlya-tipografii.pdf"", ""verification"": ""Original Ukrainian published question and response table; percentages removed from the excerpt."", ""excerpt"": ""Як Ви ставитесь до передачі у приватну власність (приватизації)… землі? 1. Скоріше негативно 2. Важко сказати, негативно чи позитивно 3. Скоріше позитивно Не відповіли"", ""sha256"": ""08b33f2d1c15e43544f277469410eeaec3b4c8c5e6851ad37cebe9cae29d02e9""}, {""file"": ""data/documentation/monitoring/panina-1994-2005.pdf"", ""pdf_pages"": [21], ""years"": [1995, 1997, 1999, 2001, 2003], ""url"": ""https://dif.org.ua/uploads/pdf/40574543644fd4df61d653.39323866.pdf"", ""verification"": ""Original Ukrainian published question and response table; percentages removed from the excerpt."", ""excerpt"": ""Як Ви ставитесь до передачі у приватну власність (приватизації)… Землі? 1. Скоріше негативно 2. Важко сказати, негативно чи позитивно 3. Скоріше позитивно Не відповіли"", ""sha256"": ""00ce9e5143ecb974f0b77728fa5d36a4e79b13087fd523498ff1aa6576122740""}]","[""English chart text is a translation/summary of the Ukrainian published tables. Full original wording appears in the source excerpts.""]",English translation/summary; original Ukrainian tables below,,monitoring__privatise_land,Monitoring,privatise_land,"[1992, 1994, 1995, 1996, 1997, 1998, 1999, 2000, 2001, 2002, 2003, 2004, 2005, 2006, 2008, 2010, 2012, 2014, 2016, 2018, 2021]","{""Positive"": [""positive""], ""Negative"": [""negative""], ""Mixed / ambivalent"": [""ambivalent""], ""No answer"": [""no_answer""]}","{""Positive"": ""Rather positive"", ""Negative"": ""Rather negative"", ""Mixed / ambivalent"": ""Hard to say: negative or positive"", ""No answer"": ""No answer""}",2026-09-29,[]
How do you feel about transferring large enterprises into private ownership (privatisation)?,Attitudes toward privatisation: large enterprises,,"Як Ви ставитесь до передачі у приватну власність (приватизації)… великих підприємств? 1. Скоріше негативно 2. Важко сказати, негативно чи позитивно 3. Скоріше позитивно Не відповіли","{""no_answer"": ""Не відповіли"", ""negative"": ""Скоріше негативно"", ""ambivalent"": ""Важко сказати, негативно чи позитивно"", ""positive"": ""Скоріше позитивно""}","{""Rather positive"": [""positive""], ""Rather negative"": [""negative""], ""Hard to say: negative or positive"": [""ambivalent""], ""No answer"": [""no_answer""]}","[{""file"": ""data/documentation/monitoring/monitoring-2021dlya-tipografii.pdf"", ""pdf_pages"": [624], ""years"": [1992, 1994, 1996, 1998, 2000, 2002, 2004, 2005, 2006, 2008, 2010, 2012, 2014, 2016, 2018, 2021], ""url"": ""https://isnasu.org.ua/assets/files/monitoring/monitoring-2021dlya-tipografii.pdf"", ""verification"": ""Original Ukrainian published question and response table; percentages removed from the excerpt."", ""excerpt"": ""Як Ви ставитесь до передачі у приватну власність (приватизації)… великих підприємств? 1. Скоріше негативно 2. Важко сказати, негативно чи позитивно 3. Скоріше позитивно Не відповіли"", ""sha256"": ""08b33f2d1c15e43544f277469410eeaec3b4c8c5e6851ad37cebe9cae29d02e9""}, {""file"": ""data/documentation/monitoring/panina-1994-2005.pdf"", ""pdf_pages"": [21], ""years"": [1995, 1997, 1999, 2001, 2003], ""url"": ""https://dif.org.ua/uploads/pdf/40574543644fd4df61d653.39323866.pdf"", ""verification"": ""Original Ukrainian published question and response table; percentages removed from the excerpt."", ""excerpt"": ""Як Ви ставитесь до передачі у приватну власність (приватизації)… Крупних підприємств? 1. Скоріше негативно 2. Важко сказати, негативно чи позитивно 3. Скоріше позитивно Не відповіли"", ""sha256"": ""00ce9e5143ecb974f0b77728fa5d36a4e79b13087fd523498ff1aa6576122740""}]","[""English chart text is a translation/summary of the Ukrainian published tables. Full original wording appears in the source excerpts.""]",English translation/summary; original Ukrainian tables below,,monitoring__privatise_large,Monitoring,privatise_large,"[1992, 1994, 1995, 1996, 1997, 1998, 1999, 2000, 2001, 2002, 2003, 2004, 2005, 2006, 2008, 2010, 2012, 2014, 2016, 2018, 2021]","{""Positive"": [""positive""], ""Negative"": [""negative""], ""Mixed / ambivalent"": [""ambivalent""], ""No answer"": [""no_answer""]}","{""Positive"": ""Rather positive"", ""Negative"": ""Rather negative"", ""Mixed / ambivalent"": ""Hard to say: negative or positive"", ""No answer"": ""No answer""}",2026-09-29,[]
How do you feel about transferring small enterprises into private ownership (privatisation)?,Attitudes toward privatisation: small enterprises,,"Як Ви ставитесь до передачі у приватну власність (приватизації)… малих підприємств? 1. Скоріше негативно 2. Важко сказати, негативно чи позитивно 3. Скоріше позитивно Не відповіли","{""no_answer"": ""Не відповіли"", ""negative"": ""Скоріше негативно"", ""ambivalent"": ""Важко сказати, негативно чи позитивно"", ""positive"": ""Скоріше позитивно""}","{""Rather positive"": [""positive""], ""Rather negative"": [""negative""], ""Hard to say: negative or positive"": [""ambivalent""], ""No answer"": [""no_answer""]}","[{""file"": ""data/documentation/monitoring/monitoring-2021dlya-tipografii.pdf"", ""pdf_pages"": [624], ""years"": [1992, 1994, 1996, 1998, 2000, 2002, 2004, 2005, 2006, 2008, 2010, 2012, 2014, 2016, 2018, 2021], ""url"": ""https://isnasu.org.ua/assets/files/monitoring/monitoring-2021dlya-tipografii.pdf"", ""verification"": ""Original Ukrainian published question and response table; percentages removed from the excerpt."", ""excerpt"": ""Як Ви ставитесь до передачі у приватну власність (приватизації)… малих підприємств? 1. Скоріше негативно 2. Важко сказати, негативно чи позитивно 3. Скоріше позитивно Не відповіли"", ""sha256"": ""08b33f2d1c15e43544f277469410eeaec3b4c8c5e6851ad37cebe9cae29d02e9""}, {""file"": ""data/documentation/monitoring/panina-1994-2005.pdf"", ""pdf_pages"": [21], ""years"": [1995, 1997, 1999, 2001, 2003], ""url"": ""https://dif.org.ua/uploads/pdf/40574543644fd4df61d653.39323866.pdf"", ""verification"": ""Original Ukrainian published question and response table; percentages removed from the excerpt."", ""excerpt"": ""Як Ви ставитесь до передачі у приватну власність (приватизації)… Малих підприємств? 1. Скоріше негативно 2. Важко сказати, негативно чи позитивно 3. Скоріше позитивно Не відповіли"", ""sha256"": ""00ce9e5143ecb974f0b77728fa5d36a4e79b13087fd523498ff1aa6576122740""}]","[""English chart text is a translation/summary of the Ukrainian published tables. Full original wording appears in the source excerpts.""]",English translation/summary; original Ukrainian tables below,,monitoring__privatise_small,Monitoring,privatise_small,"[1992, 1994, 1995, 1996, 1997, 1998, 1999, 2000, 2001, 2002, 2003, 2004, 2005, 2006, 2008, 2010, 2012, 2014, 2016, 2018, 2021]","{""Positive"": [""positive""], ""Negative"": [""negative""], ""Mixed / ambivalent"": [""ambivalent""], ""No answer"": [""no_answer""]}","{""Positive"": ""Rather positive"", ""Negative"": ""Rather negative"", ""Mixed / ambivalent"": ""Hard to say: negative or positive"", ""No answer"": ""No answer""}",2026-09-29,[]
Is it advisable to return privately owned land to state ownership?,Views on returning private land to the state,,Чи вважаєте Ви за доцiльне повернення у власнiсть держави приватної землi? 1. Так 2. Скоріше так 3. Важко відповісти 4. Скоріше ні 5. Ні Не відповіли,"{""no_answer"": ""Не відповіли"", ""no"": ""Ні"", ""rather_no"": ""Скоріше ні"", ""dont_know"": ""Важко відповісти"", ""rather_yes"": ""Скоріше так"", ""yes"": ""Так""}","{""Yes / rather yes"": [""yes"", ""rather_yes""], ""No / rather no"": [""no"", ""rather_no""], ""Hard to say"": [""dont_know""], ""No answer"": [""no_answer""]}","[{""file"": ""data/documentation/monitoring/soc-mon-2013.pdf"", ""pdf_pages"": [450], ""years"": [2013], ""url"": ""https://isnasu.org.ua/assets/files/monitoring/soc-mon-2013.pdf"", ""verification"": ""Original Ukrainian published question and response table; percentages removed from the excerpt."", ""excerpt"": ""Чи вважаєте Ви за доцiльне повернення у власнiсть держави приватної землi? 1. Так 2. Скоріше так 3. Важко відповісти 4. Скоріше ні 5. Ні Не відповіли"", ""sha256"": ""06a7e2fd5ffd7c583c33719d6cba0cca9a01aefb92c46f43d47aaa82cd04a13c""}, {""file"": ""data/documentation/monitoring/mon2020.pdf"", ""pdf_pages"": [446], ""years"": [2017, 2020], ""url"": ""https://isnasu.org.ua/assets/files/monitoring/mon2020.pdf"", ""verification"": ""Original Ukrainian published question and response table; percentages removed from the excerpt."", ""excerpt"": ""Чи вважаєте Ви за доцільне повернення у власність держави приватної землі? Так Скоріше так Важко відповісти Скоріше ні Ні Не відповіли"", ""sha256"": ""ea193794ff60a7abbde98ba7194bfb89820dd2b70714d50dca8f4c16b6c2e449""}]","[""English chart text is a translation/summary of the Ukrainian published tables. Full original wording appears in the source excerpts.""]",English translation/summary; original Ukrainian tables below,,monitoring__renationalise_land,Monitoring,renationalise_land,"[2013, 2017, 2020]","{""Yes"": [""yes"", ""rather_yes""], ""No"": [""no"", ""rather_no""], ""Don't know"": [""dont_know""], ""No answer"": [""no_answer""]}","{""Yes"": ""Yes / rather yes"", ""No"": ""No / rather no"", ""Don't know"": ""Hard to say"", ""No answer"": ""No answer""}",2026-09-29,[]
Is it advisable to return privately owned large enterprises to state ownership?,Views on returning private large enterprises to the state,,Чи вважаєте Ви за доцiльне повернення у власнiсть держави великих приватних пiдприємств? 1. Так 2. Скоріше так 3. Важко відповісти 4. Скоріше ні 5. Ні Не відповіли,"{""no_answer"": ""Не відповіли"", ""no"": ""Ні"", ""rather_no"": ""Скоріше ні"", ""dont_know"": ""Важко відповісти"", ""rather_yes"": ""Скоріше так"", ""yes"": ""Так""}","{""Yes / rather yes"": [""yes"", ""rather_yes""], ""No / rather no"": [""no"", ""rather_no""], ""Hard to say"": [""dont_know""], ""No answer"": [""no_answer""]}","[{""file"": ""data/documentation/monitoring/soc-mon-2013.pdf"", ""pdf_pages"": [450], ""years"": [2013], ""url"": ""https://isnasu.org.ua/assets/files/monitoring/soc-mon-2013.pdf"", ""verification"": ""Original Ukrainian published question and response table; percentages removed from the excerpt."", ""excerpt"": ""Чи вважаєте Ви за доцiльне повернення у власнiсть держави великих приватних пiдприємств? 1. Так 2. Скоріше так 3. Важко відповісти 4. Скоріше ні 5. Ні Не відповіли"", ""sha256"": ""06a7e2fd5ffd7c583c33719d6cba0cca9a01aefb92c46f43d47aaa82cd04a13c""}, {""file"": ""data/documentation/monitoring/mon2020.pdf"", ""pdf_pages"": [446], ""years"": [2017, 2020], ""url"": ""https://isnasu.org.ua/assets/files/monitoring/mon2020.pdf"", ""verification"": ""Original Ukrainian published question and response table; percentages removed from the excerpt."", ""excerpt"": ""Чи вважаєте Ви за доцільне повернення у власність держави великих приватних підприємств? Так Скоріше так Важко відповісти Скоріше ні Ні Не відповіли"", ""sha256"": ""ea193794ff60a7abbde98ba7194bfb89820dd2b70714d50dca8f4c16b6c2e449""}]","[""English chart text is a translation/summary of the Ukrainian published tables. Full original wording appears in the source excerpts.""]",English translation/summary; original Ukrainian tables below,,monitoring__renationalise_large,Monitoring,renationalise_large,"[2013, 2017, 2020]","{""Yes"": [""yes"", ""rather_yes""], ""No"": [""no"", ""rather_no""], ""Don't know"": [""dont_know""], ""No answer"": [""no_answer""]}","{""Yes"": ""Yes / rather yes"", ""No"": ""No / rather no"", ""Don't know"": ""Hard to say"", ""No answer"": ""No answer""}",2026-09-29,[]
Is it advisable to return privately owned small enterprises to state ownership?,Views on returning private small enterprises to the state,,Чи вважаєте Ви за доцiльне повернення у власнiсть держави малих приватних пiдприємств? 1. Так 2. Скоріше так 3. Важко відповісти 4. Скоріше ні 5. Ні Не відповіли,"{""no_answer"": ""Не відповіли"", ""no"": ""Ні"", ""rather_no"": ""Скоріше ні"", ""dont_know"": ""Важко відповісти"", ""rather_yes"": ""Скоріше так"", ""yes"": ""Так""}","{""Yes / rather yes"": [""yes"", ""rather_yes""], ""No / rather no"": [""no"", ""rather_no""], ""Hard to say"": [""dont_know""], ""No answer"": [""no_answer""]}","[{""file"": ""data/documentation/monitoring/soc-mon-2013.pdf"", ""pdf_pages"": [449], ""years"": [2013], ""url"": ""https://isnasu.org.ua/assets/files/monitoring/soc-mon-2013.pdf"", ""verification"": ""Original Ukrainian published question and response table; percentages removed from the excerpt."", ""excerpt"": ""Чи вважаєте Ви за доцiльне повернення у власнiсть держави малих приватних пiдприємств? 1. Так 2. Скоріше так 3. Важко відповісти 4. Скоріше ні 5. Ні Не відповіли"", ""sha256"": ""06a7e2fd5ffd7c583c33719d6cba0cca9a01aefb92c46f43d47aaa82cd04a13c""}, {""file"": ""data/documentation/monitoring/mon2020.pdf"", ""pdf_pages"": [445], ""years"": [2017, 2020], ""url"": ""https://isnasu.org.ua/assets/files/monitoring/mon2020.pdf"", ""verification"": ""Original Ukrainian published question and response table; percentages removed from the excerpt."", ""excerpt"": ""Чи вважаєте Ви за доцільне повернення у власність держави малих приватних підприємств? Так Скоріше так Важко відповісти Скоріше ні Ні Не відповіли"", ""sha256"": ""ea193794ff60a7abbde98ba7194bfb89820dd2b70714d50dca8f4c16b6c2e449""}]","[""English chart text is a translation/summary of the Ukrainian published tables. Full original wording appears in the source excerpts.""]",English translation/summary; original Ukrainian tables below,,monitoring__renationalise_small,Monitoring,renationalise_small,"[2013, 2017, 2020]","{""Yes"": [""yes"", ""rather_yes""], ""No"": [""no"", ""rather_no""], ""Don't know"": [""dont_know""], ""No answer"": [""no_answer""]}","{""Yes"": ""Yes / rather yes"", ""No"": ""No / rather no"", ""Don't know"": ""Hard to say"", ""No answer"": ""No answer""}",2026-09-29,[]
Was it worth transferring land into private ownership (privatising them)?,Was privatisation worthwhile: land,,"Як Ви вважаєте, чи варто було передавати у приватну власнiсть (приватизувати) землю? 1. Ні 2. Скоріше ні 3. Важко відповісти 4. Скоріше так 5. Так Не відповіли","{""no_answer"": ""Не відповіли"", ""no"": ""Ні"", ""rather_no"": ""Скоріше ні"", ""dont_know"": ""Важко відповісти"", ""rather_yes"": ""Скоріше так"", ""yes"": ""Так""}","{""Yes / rather yes"": [""yes"", ""rather_yes""], ""No / rather no"": [""no"", ""rather_no""], ""Hard to say"": [""dont_know""], ""No answer"": [""no_answer""]}","[{""file"": ""data/documentation/monitoring/soc-mon-2013.pdf"", ""pdf_pages"": [448], ""years"": [2013], ""url"": ""https://isnasu.org.ua/assets/files/monitoring/soc-mon-2013.pdf"", ""verification"": ""Original Ukrainian published question and response table; percentages removed from the excerpt."", ""excerpt"": ""Як Ви вважаєте, чи варто було передавати у приватну власнiсть (приватизувати) землю? 1. Ні 2. Скоріше ні 3. Важко відповісти 4. Скоріше так 5. Так Не відповіли"", ""sha256"": ""06a7e2fd5ffd7c583c33719d6cba0cca9a01aefb92c46f43d47aaa82cd04a13c""}, {""file"": ""data/documentation/monitoring/mon2020.pdf"", ""pdf_pages"": [444], ""years"": [2017, 2020], ""url"": ""https://isnasu.org.ua/assets/files/monitoring/mon2020.pdf"", ""verification"": ""Original Ukrainian published question and response table; percentages removed from the excerpt."", ""excerpt"": ""Як Ви вважаєте, чи варто було передавати у приватну власність (приватизувати) землю? Ні Скоріше ні Важко відповісти Скоріше так Так Не відповіли"", ""sha256"": ""ea193794ff60a7abbde98ba7194bfb89820dd2b70714d50dca8f4c16b6c2e449""}]","[""English chart text is a translation/summary of the Ukrainian published tables. Full original wording appears in the source excerpts.""]",English translation/summary; original Ukrainian tables below,,monitoring__retrospective_land,Monitoring,retrospective_land,"[2013, 2017, 2020]","{""Yes"": [""yes"", ""rather_yes""], ""No"": [""no"", ""rather_no""], ""Don't know"": [""dont_know""], ""No answer"": [""no_answer""]}","{""Yes"": ""Yes / rather yes"", ""No"": ""No / rather no"", ""Don't know"": ""Hard to say"", ""No answer"": ""No answer""}",2026-09-29,[]
Was it worth transferring large enterprises into private ownership (privatising them)?,Was privatisation worthwhile: large enterprises,,"Як Ви вважаєте, чи варто було передавати у приватну власнiсть (приватизувати) великi пiдприємства? 1. Ні 2. Скоріше ні 3. Важко відповісти 4. Скоріше так 5. Так Не відповіли","{""no_answer"": ""Не відповіли"", ""no"": ""Ні"", ""rather_no"": ""Скоріше ні"", ""dont_know"": ""Важко відповісти"", ""rather_yes"": ""Скоріше так"", ""yes"": ""Так""}","{""Yes / rather yes"": [""yes"", ""rather_yes""], ""No / rather no"": [""no"", ""rather_no""], ""Hard to say"": [""dont_know""], ""No answer"": [""no_answer""]}","[{""file"": ""data/documentation/monitoring/soc-mon-2013.pdf"", ""pdf_pages"": [448], ""years"": [2013], ""url"": ""https://isnasu.org.ua/assets/files/monitoring/soc-mon-2013.pdf"", ""verification"": ""Original Ukrainian published question and response table; percentages removed from the excerpt."", ""excerpt"": ""Як Ви вважаєте, чи варто було передавати у приватну власнiсть (приватизувати) великi пiдприємства? 1. Ні 2. Скоріше ні 3. Важко відповісти 4. Скоріше так 5. Так Не відповіли"", ""sha256"": ""06a7e2fd5ffd7c583c33719d6cba0cca9a01aefb92c46f43d47aaa82cd04a13c""}, {""file"": ""data/documentation/monitoring/mon2020.pdf"", ""pdf_pages"": [444], ""years"": [2017, 2020], ""url"": ""https://isnasu.org.ua/assets/files/monitoring/mon2020.pdf"", ""verification"": ""Original Ukrainian published question and response table; percentages removed from the excerpt."", ""excerpt"": ""Як Ви вважаєте, чи варто було передавати у приватну власність (приватизувати) великі підприємства? Ні Скоріше ні Важко відповісти Скоріше так Так Не відповіли"", ""sha256"": ""ea193794ff60a7abbde98ba7194bfb89820dd2b70714d50dca8f4c16b6c2e449""}]","[""English chart text is a translation/summary of the Ukrainian published tables. Full original wording appears in the source excerpts.""]",English translation/summary; original Ukrainian tables below,,monitoring__retrospective_large,Monitoring,retrospective_large,"[2013, 2017, 2020]","{""Yes"": [""yes"", ""rather_yes""], ""No"": [""no"", ""rather_no""], ""Don't know"": [""dont_know""], ""No answer"": [""no_answer""]}","{""Yes"": ""Yes / rather yes"", ""No"": ""No / rather no"", ""Don't know"": ""Hard to say"", ""No answer"": ""No answer""}",2026-09-29,[]
Was it worth transferring small enterprises into private ownership (privatising them)?,Was privatisation worthwhile: small enterprises,,"Як Ви вважаєте, чи варто було передавати у приватну власнiсть (приватизувати) малi пiдприємства? 1. Ні 2. Скоріше ні 3. Важко відповісти 4. Скоріше так 5. Так Не відповіли","{""no_answer"": ""Не відповіли"", ""no"": ""Ні"", ""rather_no"": ""Скоріше ні"", ""dont_know"": ""Важко відповісти"", ""rather_yes"": ""Скоріше так"", ""yes"": ""Так""}","{""Yes / rather yes"": [""yes"", ""rather_yes""], ""No / rather no"": [""no"", ""rather_no""], ""Hard to say"": [""dont_know""], ""No answer"": [""no_answer""]}","[{""file"": ""data/documentation/monitoring/soc-mon-2013.pdf"", ""pdf_pages"": [447], ""years"": [2013], ""url"": ""https://isnasu.org.ua/assets/files/monitoring/soc-mon-2013.pdf"", ""verification"": ""Original Ukrainian published question and response table; percentages removed from the excerpt."", ""excerpt"": ""Як Ви вважаєте, чи варто було передавати у приватну власнiсть (приватизувати) малi пiдприємства? 1. Ні 2. Скоріше ні 3. Важко відповісти 4. Скоріше так 5. Так Не відповіли"", ""sha256"": ""06a7e2fd5ffd7c583c33719d6cba0cca9a01aefb92c46f43d47aaa82cd04a13c""}, {""file"": ""data/documentation/monitoring/mon2020.pdf"", ""pdf_pages"": [443], ""years"": [2017, 2020], ""url"": ""https://isnasu.org.ua/assets/files/monitoring/mon2020.pdf"", ""verification"": ""Original Ukrainian published question and response table; percentages removed from the excerpt."", ""excerpt"": ""Як Ви вважаєте, чи варто було передавати у приватну власність (приватизувати) малі підприємства? Ні Скоріше ні Важко відповісти Скоріше так Так Не відповіли"", ""sha256"": ""ea193794ff60a7abbde98ba7194bfb89820dd2b70714d50dca8f4c16b6c2e449""}]","[""English chart text is a translation/summary of the Ukrainian published tables. Full original wording appears in the source excerpts.""]",English translation/summary; original Ukrainian tables below,,monitoring__retrospective_small,Monitoring,retrospective_small,"[2013, 2017, 2020]","{""Yes"": [""yes"", ""rather_yes""], ""No"": [""no"", ""rather_no""], ""Don't know"": [""dont_know""], ""No answer"": [""no_answer""]}","{""Yes"": ""Yes / rather yes"", ""No"": ""No / rather no"", ""Don't know"": ""Hard to say"", ""No answer"": ""No answer""}",2026-09-29,[]
How should the state participate in managing the economy?,Preferred role of the state in managing the economy,,"Яким чином, на Вашу думку, держава повинна брати участь в управлінні економікою? Треба мінімізувати участь держави — все регулює ринок Треба поєднати державне управління і ринкові методи Треба повернутися до планової економіки на основі повного державного обліку і контролю Важко відповісти Не відповіли","{""no_answer"": ""Не відповіли"", ""minimal_state_market"": ""Треба мінімізувати участь держави — все регулює ринок"", ""mixed_state_market"": ""Треба поєднати державне управління і ринкові методи"", ""planned_economy"": ""Треба повернутися до планової економіки на основі повного державного обліку і контролю"", ""dont_know"": ""Важко відповісти""}","{""Minimise state involvement; market regulates"": [""minimal_state_market""], ""Combine state management and market methods"": [""mixed_state_market""], ""Return to planning and full state control"": [""planned_economy""], ""Hard to say"": [""dont_know""], ""No answer"": [""no_answer""]}","[{""file"": ""data/documentation/monitoring/monitoring-2021dlya-tipografii.pdf"", ""pdf_pages"": [625], ""years"": [2002, 2004, 2006, 2008, 2010, 2012, 2013, 2014, 2015, 2016, 2017, 2019, 2020, 2021], ""url"": ""https://isnasu.org.ua/assets/files/monitoring/monitoring-2021dlya-tipografii.pdf"", ""verification"": ""Original Ukrainian published question and response table; percentages removed from the excerpt."", ""excerpt"": ""Яким чином, на Вашу думку, держава повинна брати участь в управлінні економікою? Треба мінімізувати участь держави — все регулює ринок Треба поєднати державне управління і ринкові методи Треба повернутися до планової економіки на основі повного державного обліку і контролю Важко відповісти Не відповіли"", ""sha256"": ""08b33f2d1c15e43544f277469410eeaec3b4c8c5e6851ad37cebe9cae29d02e9""}, {""file"": ""data/documentation/monitoring/panina-1994-2005.pdf"", ""pdf_pages"": [22], ""years"": [2003], ""url"": ""https://dif.org.ua/uploads/pdf/40574543644fd4df61d653.39323866.pdf"", ""verification"": ""Original Ukrainian published question and response table; percentages removed from the excerpt."", ""excerpt"": ""Яким чином, на Вашу думку, держава має брати участь в управлінні економікою? (Відзначте одну відповідь, що найбільше підходить). 1. Треба мінімізувати участь держави — все регулює ринок 2. Треба поєднати державне управління і ринкові методи 3. Треба повернутися до планової економіки на основі повного державного обліку і контролю 4. Важко сказати Не відповіли"", ""sha256"": ""00ce9e5143ecb974f0b77728fa5d36a4e79b13087fd523498ff1aa6576122740""}, {""file"": ""data/documentation/monitoring/soc-mon-2013.pdf"", ""pdf_pages"": [447], ""years"": [2005], ""url"": ""https://isnasu.org.ua/assets/files/monitoring/soc-mon-2013.pdf"", ""verification"": ""Original Ukrainian published question and response table; percentages removed from the excerpt."", ""excerpt"": ""Яким чином, на Вашу думку, держава має брати участь в управлінні економікою? Треба мінімізувати участь держави — все регулює ринок Треба поєднати державне управління і ринкові методи Треба повернутися до планової економіки на основі повного державного обліку і контролю Важко сказати Не відповіли"", ""sha256"": ""06a7e2fd5ffd7c583c33719d6cba0cca9a01aefb92c46f43d47aaa82cd04a13c""}]","[""English chart text is a translation/summary of the Ukrainian published tables. Full original wording appears in the source excerpts.""]",English translation/summary; original Ukrainian tables below,,monitoring__state_market_role,Monitoring,state_market_role,"[2002, 2003, 2004, 2005, 2006, 2008, 2010, 2012, 2013, 2014, 2015, 2016, 2017, 2019, 2020, 2021]","{""Minimal state involvement"": [""minimal_state_market""], ""State and market combined"": [""mixed_state_market""], ""Planned economy"": [""planned_economy""], ""Don't know"": [""dont_know""], ""No answer"": [""no_answer""]}","{""Minimal state involvement"": ""Minimise state involvement; market regulates"", ""State and market combined"": ""Combine state management and market methods"", ""Planned economy"": ""Return to planning and full state control"", ""Don't know"": ""Hard to say"", ""No answer"": ""No answer""}",2026-09-29,[]
Would you personally agree to work for a private entrepreneur?,Willingness to work for a private entrepreneur,,Чи згодні Ви особисто працювати у приватного підприємця? Ні Скоріше ні Важко сказати Скоріше так Так Не відповіли,"{""no_answer"": ""Не відповіли"", ""no"": ""Ні"", ""rather_no"": ""Скоріше ні"", ""dont_know"": ""Важко сказати"", ""rather_yes"": ""Скоріше так"", ""yes"": ""Так""}","{""Yes / rather yes"": [""yes"", ""rather_yes""], ""No / rather no"": [""no"", ""rather_no""], ""Hard to say"": [""dont_know""], ""No answer"": [""no_answer""]}","[{""file"": ""data/documentation/monitoring/monitoring-2021dlya-tipografii.pdf"", ""pdf_pages"": [625], ""years"": [1992, 1994, 1996, 1998, 2000, 2002, 2004, 2005, 2006, 2008, 2010, 2012, 2014, 2019, 2021], ""url"": ""https://isnasu.org.ua/assets/files/monitoring/monitoring-2021dlya-tipografii.pdf"", ""verification"": ""Original Ukrainian published question and response table; percentages removed from the excerpt."", ""excerpt"": ""Чи згодні Ви особисто працювати у приватного підприємця? Ні Скоріше ні Важко сказати Скоріше так Так Не відповіли"", ""sha256"": ""08b33f2d1c15e43544f277469410eeaec3b4c8c5e6851ad37cebe9cae29d02e9""}, {""file"": ""data/documentation/monitoring/panina-1994-2005.pdf"", ""pdf_pages"": [22], ""years"": [1995, 1997, 1999, 2001, 2003], ""url"": ""https://dif.org.ua/uploads/pdf/40574543644fd4df61d653.39323866.pdf"", ""verification"": ""Original Ukrainian published question and response table; percentages removed from the excerpt."", ""excerpt"": ""Чи згодні Ви особисто працювати у приватного підприємця? 1. Ні 2. Скоріше ні 3. Важко сказати 4. Скоріше так 5. Так Не відповіли"", ""sha256"": ""00ce9e5143ecb974f0b77728fa5d36a4e79b13087fd523498ff1aa6576122740""}]","[""English chart text is a translation/summary of the Ukrainian published tables. Full original wording appears in the source excerpts.""]",English translation/summary; original Ukrainian tables below,,monitoring__work_private_employer,Monitoring,work_private_employer,"[1992, 1994, 1995, 1996, 1997, 1998, 1999, 2000, 2001, 2002, 2003, 2004, 2005, 2006, 2008, 2010, 2012, 2014, 2019, 2021]","{""Yes"": [""yes"", ""rather_yes""], ""No"": [""no"", ""rather_no""], ""Don't know"": [""dont_know""], ""No answer"": [""no_answer""]}","{""Yes"": ""Yes / rather yes"", ""No"": ""No / rather no"", ""Don't know"": ""Hard to say"", ""No answer"": ""No answer""}",2026-09-29,[]
"Do you accept as your own the post-independence values of private property, enrichment, individualism and personal success?",Acceptance of post-independence values as one’s own,,"Чи сприймаєте Ви як свою, ту систему цiнностей, яка склалася в Українi за роки не залеж- ностi (приватна власнiсть, збагачення, iндивiдуалiзм, прагнення до особистого успiху тощо)? 1. Однозначно нi 2. Скорiше нi 3. Скорiше так 4. Однозначно так Важко вiдповiсти Не відповіли","{""no_answer"": ""Не відповіли"", ""negative"": ""Однозначно ні"", ""rather_negative"": ""Скоріше ні"", ""rather_positive"": ""Скоріше так"", ""positive"": ""Однозначно так"", ""dont_know"": ""Важко відповісти""}","{""Definitely / rather yes"": [""rather_positive"", ""positive""], ""Definitely / rather no"": [""negative"", ""rather_negative""], ""Hard to say"": [""dont_know""], ""No answer"": [""no_answer""]}","[{""file"": ""data/documentation/monitoring/mon2019.pdf"", ""pdf_pages"": [431], ""years"": [2013, 2015, 2019], ""url"": ""https://isnasu.org.ua/assets/files/monitoring/mon2019.pdf"", ""verification"": ""Original Ukrainian published question and response table; percentages removed from the excerpt."", ""excerpt"": ""Чи сприймаєте Ви як свою, ту систему цiнностей, яка склалася в Українi за роки не залеж- ностi (приватна власнiсть, збагачення, iндивiдуалiзм, прагнення до особистого успiху тощо)? 1. Однозначно нi 2. Скорiше нi 3. Скорiше так 4. Однозначно так Важко вiдповiсти Не відповіли"", ""sha256"": ""06452792bdd9f134894f397770b7c05adb42ac7e1afe1569bb52aee4075f620a""}]","[""English chart text is a translation/summary of the Ukrainian published tables. Full original wording appears in the source excerpts.""]",English translation/summary; original Ukrainian tables below,,monitoring__accept_market_values,Monitoring,accept_market_values,"[2013, 2015, 2019]","{""Accept"": [""rather_positive"", ""positive""], ""Reject"": [""negative"", ""rather_negative""], ""Don't know"": [""dont_know""], ""No answer"": [""no_answer""]}","{""Accept"": ""Definitely / rather yes"", ""Reject"": ""Definitely / rather no"", ""Don't know"": ""Hard to say"", ""No answer"": ""No answer""}",2026-09-29,[]
"How important to you is the opportunity for entrepreneurial initiative (private enterprises, business, farming)?",Importance of the opportunity for entrepreneurial initiative,,"Оцініть ступінь важливості ОСОБИСТО ДЛЯ ВАС наведеного нижче: … Можливiсть пiдприємницької iнiцiативи (створення приватних пiдприємств, заняття бiзнесом, фермерство) 1. Зовсім не важливо 2. Скоріше неважливо 3. Важко сказати, важливо чи нi 4. Скорiше важливо 5. Дуже важливо Не відповіли","{""no_answer"": ""Не відповіли"", ""negative"": ""Зовсім не важливо"", ""rather_negative"": ""Скоріше неважливо"", ""undecided"": ""Важко сказати, важливо чи ні"", ""rather_positive"": ""Скоріше важливо"", ""positive"": ""Дуже важливо""}","{""Rather / very important"": [""rather_positive"", ""positive""], ""Not at all / rather unimportant"": [""negative"", ""rather_negative""], ""Hard to say"": [""undecided""], ""No answer"": [""no_answer""]}","[{""file"": ""data/documentation/monitoring/mon2020.pdf"", ""pdf_pages"": [534], ""years"": [2002, 2003, 2006, 2009, 2012, 2014, 2016, 2018, 2020], ""url"": ""https://isnasu.org.ua/assets/files/monitoring/mon2020.pdf"", ""verification"": ""Original Ukrainian published question and response table; percentages removed from the excerpt."", ""excerpt"": ""… Можливiсть пiдприємницької iнiцiативи (створення приватних пiдприємств, заняття бiзнесом, фермерство) 1. Зовсім не важливо 2. Скоріше неважливо 3. Важко сказати, важливо чи нi 4. Скорiше важливо 5. Дуже важливо Не відповіли"", ""sha256"": ""ea193794ff60a7abbde98ba7194bfb89820dd2b70714d50dca8f4c16b6c2e449""}, {""file"": ""data/documentation/monitoring/mon2020.pdf"", ""pdf_pages"": [531], ""years"": [2002, 2003, 2006, 2009, 2012, 2014, 2016, 2018, 2020], ""url"": ""https://isnasu.org.ua/assets/files/monitoring/mon2020.pdf"", ""verification"": ""Shared question stem r3; item r3.9 appears on PDF p. 534."", ""excerpt"": """", ""sha256"": ""ea193794ff60a7abbde98ba7194bfb89820dd2b70714d50dca8f4c16b6c2e449""}]","[""English chart text is a translation/summary of the Ukrainian published tables. Full original wording appears in the source excerpts.""]",English translation/summary; original Ukrainian tables below,,monitoring__enterprise_initiative,Monitoring,enterprise_initiative,"[2002, 2003, 2006, 2009, 2012, 2014, 2016, 2018, 2020]","{""Important"": [""rather_positive"", ""positive""], ""Not important"": [""negative"", ""rather_negative""], ""Undecided"": [""undecided""], ""No answer"": [""no_answer""]}","{""Important"": ""Rather / very important"", ""Not important"": ""Not at all / rather unimportant"", ""Undecided"": ""Hard to say"", ""No answer"": ""No answer""}",2026-09-29,[]
What is your level of trust in managers of state enterprises?,Trust in managers of state enterprises,,"Який рівень Вашої довіри керівникам державних підприємств? 1. Зовсім не довіряю 2. Переважно не довіряю 3. Важко сказати, довіряю чи ні 4. Переважно довіряю 5. Цілком довіряю Не відповіли","{""no_answer"": ""Не відповіли"", ""negative"": ""Зовсім не довіряю"", ""rather_negative"": ""Переважно не довіряю"", ""undecided"": ""Важко сказати, довіряю чи ні"", ""rather_positive"": ""Переважно довіряю"", ""positive"": ""Цілком довіряю""}","{""Completely / mostly trust"": [""rather_positive"", ""positive""], ""Do not trust at all / mostly distrust"": [""negative"", ""rather_negative""], ""Hard to say"": [""undecided""], ""No answer"": [""no_answer""]}","[{""file"": ""data/documentation/monitoring/mon2020.pdf"", ""pdf_pages"": [475], ""years"": [1994, 1996, 1998, 2000, 2006, 2008, 2010, 2012, 2013, 2014, 2015, 2020], ""url"": ""https://isnasu.org.ua/assets/files/monitoring/mon2020.pdf"", ""verification"": ""Original Ukrainian published question and response table; percentages removed from the excerpt."", ""excerpt"": ""Який рівень Вашої довіри керівникам державних підприємств? 1. Зовсім не довіряю 2. Переважно не довіряю 3. Важко сказати, довіряю чи ні 4. Переважно довіряю 5. Цілком довіряю Не відповіли"", ""sha256"": ""ea193794ff60a7abbde98ba7194bfb89820dd2b70714d50dca8f4c16b6c2e449""}]","[""English chart text is a translation/summary of the Ukrainian published tables. Full original wording appears in the source excerpts.""]",English translation/summary; original Ukrainian tables below,,monitoring__trust_state_managers,Monitoring,trust_state_managers,"[1994, 1996, 1998, 2000, 2006, 2008, 2010, 2012, 2013, 2014, 2015, 2020]","{""Trust"": [""rather_positive"", ""positive""], ""Distrust"": [""negative"", ""rather_negative""], ""Undecided"": [""undecided""], ""No answer"": [""no_answer""]}","{""Trust"": ""Completely / mostly trust"", ""Distrust"": ""Do not trust at all / mostly distrust"", ""Undecided"": ""Hard to say"", ""No answer"": ""No answer""}",2026-09-29,[]
What is your level of trust in the tax authority?,Trust in the tax authority,,"Який рівень Вашої довіри податковій інспекції? 1. Зовсім не довіряю 2. Переважно не довіряю 3. Важко сказати, довіряю чи ні 4. Переважно довіряю 5. Цілком довіряю Не відповіли","{""no_answer"": ""Не відповіли"", ""negative"": ""Зовсім не довіряю"", ""rather_negative"": ""Переважно не довіряю"", ""undecided"": ""Важко сказати, довіряю чи ні"", ""rather_positive"": ""Переважно довіряю"", ""positive"": ""Цілком довіряю""}","{""Completely / mostly trust"": [""rather_positive"", ""positive""], ""Do not trust at all / mostly distrust"": [""negative"", ""rather_negative""], ""Hard to say"": [""undecided""], ""No answer"": [""no_answer""]}","[{""file"": ""data/documentation/monitoring/monitoring-2021dlya-tipografii.pdf"", ""pdf_pages"": [642], ""years"": [2004, 2006, 2008, 2010, 2012, 2013, 2014, 2015, 2016, 2018, 2021], ""url"": ""https://isnasu.org.ua/assets/files/monitoring/monitoring-2021dlya-tipografii.pdf"", ""verification"": ""Original Ukrainian published question and response table; percentages removed from the excerpt."", ""excerpt"": ""Який рівень Вашої довіри податковій інспекції? 1. Зовсім не довіряю 2. Переважно не довіряю 3. Важко сказати, довіряю чи ні 4. Переважно довіряю 5. Цілком довіряю Не відповіли"", ""sha256"": ""08b33f2d1c15e43544f277469410eeaec3b4c8c5e6851ad37cebe9cae29d02e9""}]","[""English chart text is a translation/summary of the Ukrainian published tables. Full original wording appears in the source excerpts.""]",English translation/summary; original Ukrainian tables below,,monitoring__trust_tax_authority,Monitoring,trust_tax_authority,"[2004, 2006, 2008, 2010, 2012, 2013, 2014, 2015, 2016, 2018, 2021]","{""Trust"": [""rather_positive"", ""positive""], ""Distrust"": [""negative"", ""rather_negative""], ""Undecided"": [""undecided""], ""No answer"": [""no_answer""]}","{""Trust"": ""Completely / mostly trust"", ""Distrust"": ""Do not trust at all / mostly distrust"", ""Undecided"": ""Hard to say"", ""No answer"": ""No answer""}",2026-09-29,[]
What is your level of trust in banks?,Trust in banks,,"Який рівень Вашої довіри банкам? 1. Зовсім не довіряю 2. Переважно не довіряю 3. Важко сказати, довіряю чи ні 4. Переважно довіряю 5. Цілком довіряю Не відповіли","{""no_answer"": ""Не відповіли"", ""negative"": ""Зовсім не довіряю"", ""rather_negative"": ""Переважно не довіряю"", ""undecided"": ""Важко сказати, довіряю чи ні"", ""rather_positive"": ""Переважно довіряю"", ""positive"": ""Цілком довіряю""}","{""Completely / mostly trust"": [""rather_positive"", ""positive""], ""Do not trust at all / mostly distrust"": [""negative"", ""rather_negative""], ""Hard to say"": [""undecided""], ""No answer"": [""no_answer""]}","[{""file"": ""data/documentation/monitoring/monitoring-2021dlya-tipografii.pdf"", ""pdf_pages"": [647], ""years"": [2002, 2004, 2005, 2006, 2008, 2010, 2012, 2013, 2014, 2015, 2016, 2017, 2018, 2019, 2020, 2021], ""url"": ""https://isnasu.org.ua/assets/files/monitoring/monitoring-2021dlya-tipografii.pdf"", ""verification"": ""Original Ukrainian published question and response table; percentages removed from the excerpt."", ""excerpt"": ""Який рівень Вашої довіри банкам? 1. Зовсім не довіряю 2. Переважно не довіряю 3. Важко сказати, довіряю чи ні 4. Переважно довіряю 5. Цілком довіряю Не відповіли"", ""sha256"": ""08b33f2d1c15e43544f277469410eeaec3b4c8c5e6851ad37cebe9cae29d02e9""}]","[""English chart text is a translation/summary of the Ukrainian published tables. Full original wording appears in the source excerpts.""]",English translation/summary; original Ukrainian tables below,,monitoring__trust_banks,Monitoring,trust_banks,"[2002, 2004, 2005, 2006, 2008, 2010, 2012, 2013, 2014, 2015, 2016, 2017, 2018, 2019, 2020, 2021]","{""Trust"": [""rather_positive"", ""positive""], ""Distrust"": [""negative"", ""rather_negative""], ""Undecided"": [""undecided""], ""No answer"": [""no_answer""]}","{""Trust"": ""Completely / mostly trust"", ""Distrust"": ""Do not trust at all / mostly distrust"", ""Undecided"": ""Hard to say"", ""No answer"": ""No answer""}",2026-09-29,[]
What is your level of trust in trade unions?,Trust in trade unions,,"Який рівень Вашої довіри профспілкам? 1. Зовсім не довіряю 2. Переважно не довіряю 3. Важко сказати, довіряю чи ні 4. Переважно довіряю 5. Цілком довіряю Не відповіли","{""no_answer"": ""Не відповіли"", ""negative"": ""Зовсім не довіряю"", ""rather_negative"": ""Переважно не довіряю"", ""undecided"": ""Важко сказати, довіряю чи ні"", ""rather_positive"": ""Переважно довіряю"", ""positive"": ""Цілком довіряю""}","{""Completely / mostly trust"": [""rather_positive"", ""positive""], ""Do not trust at all / mostly distrust"": [""negative"", ""rather_negative""], ""Hard to say"": [""undecided""], ""No answer"": [""no_answer""]}","[{""file"": ""data/documentation/monitoring/monitoring-2021dlya-tipografii.pdf"", ""pdf_pages"": [646], ""years"": [2002, 2004, 2005, 2006, 2008, 2010, 2012, 2013, 2014, 2015, 2016, 2017, 2018, 2019, 2020, 2021], ""url"": ""https://isnasu.org.ua/assets/files/monitoring/monitoring-2021dlya-tipografii.pdf"", ""verification"": ""Original Ukrainian published question and response table; percentages removed from the excerpt."", ""excerpt"": ""Який рівень Вашої довіри профспілкам? 1. Зовсім не довіряю 2. Переважно не довіряю 3. Важко сказати, довіряю чи ні 4. Переважно довіряю 5. Цілком довіряю Не відповіли"", ""sha256"": ""08b33f2d1c15e43544f277469410eeaec3b4c8c5e6851ad37cebe9cae29d02e9""}]","[""English chart text is a translation/summary of the Ukrainian published tables. Full original wording appears in the source excerpts.""]",English translation/summary; original Ukrainian tables below,,monitoring__trust_unions,Monitoring,trust_unions,"[2002, 2004, 2005, 2006, 2008, 2010, 2012, 2013, 2014, 2015, 2016, 2017, 2018, 2019, 2020, 2021]","{""Trust"": [""rather_positive"", ""positive""], ""Distrust"": [""negative"", ""rather_negative""], ""Undecided"": [""undecided""], ""No answer"": [""no_answer""]}","{""Trust"": ""Completely / mostly trust"", ""Distrust"": ""Do not trust at all / mostly distrust"", ""Undecided"": ""Hard to say"", ""No answer"": ""No answer""}",2026-09-29,[]
To what extent have you adapted to the current life situation?,Adaptation to the current life situation,,"Якою мірою Ви пристосувалися до теперішньої життєвої ситуації? Активно включився в нове життя, ринкові відносини видаються мені природним способом життєдіяльності Перебуваю в постійному пошуку себе в теперішньому житті Не маю бажання пристосовуватися до теперішньої ситуації, живу як доведеться, чекаю змін на краще Важко відповісти Не відповіли","{""no_answer"": ""Не відповіли"", ""adapted"": ""Активно включився в нове життя, ринкові відносини видаються мені природним способом життєдіяльності"", ""searching"": ""Перебуваю в постійному пошуку себе в теперішньому житті"", ""not_adapting"": ""Не маю бажання пристосовуватися до теперішньої ситуації, живу як доведеться, чекаю змін на краще"", ""dont_know"": ""Важко відповісти""}","{""Actively adapted; markets feel natural"": [""adapted""], ""Constantly searching for a place in life"": [""searching""], ""No wish to adapt; waiting for better times"": [""not_adapting""], ""Hard to say"": [""dont_know""], ""No answer"": [""no_answer""]}","[{""file"": ""data/documentation/monitoring/monitoring-2021dlya-tipografii.pdf"", ""pdf_pages"": [700], ""years"": [2003, 2007, 2009, 2012, 2013, 2014, 2015, 2019, 2021], ""url"": ""https://isnasu.org.ua/assets/files/monitoring/monitoring-2021dlya-tipografii.pdf"", ""verification"": ""Original Ukrainian published question and response table; percentages removed from the excerpt."", ""excerpt"": ""Якою мірою Ви пристосувалися до теперішньої життєвої ситуації? Активно включився в нове життя, ринкові відносини видаються мені природним способом життєдіяльності Перебуваю в постійному пошуку себе в теперішньому житті Не маю бажання пристосовуватися до теперішньої ситуації, живу як доведеться, чекаю змін на краще Важко відповісти Не відповіли"", ""sha256"": ""08b33f2d1c15e43544f277469410eeaec3b4c8c5e6851ad37cebe9cae29d02e9""}]","[""English chart text is a translation/summary of the Ukrainian published tables. Full original wording appears in the source excerpts.""]",English translation/summary; original Ukrainian tables below,,monitoring__market_relations_natural,Monitoring,market_relations_natural,"[2003, 2007, 2009, 2012, 2013, 2014, 2015, 2019, 2021]","{""Adapted; markets feel natural"": [""adapted""], ""Still finding a place in life"": [""searching""], ""Not adapting; waiting for change"": [""not_adapting""], ""Don't know"": [""dont_know""], ""No answer"": [""no_answer""]}","{""Adapted; markets feel natural"": ""Actively adapted; markets feel natural"", ""Still finding a place in life"": ""Constantly searching for a place in life"", ""Not adapting; waiting for change"": ""No wish to adapt; waiting for better times"", ""Don't know"": ""Hard to say"", ""No answer"": ""No answer""}",2026-09-29,[]
"Would you like to start your own business (enterprise, farm, etc.)?",Willingness to start a business,,"Чи хотіли б Ви відкрити свою справу (власне підприємство, фермерське господарство тощо)? 1. Ні 2. Скоріше ні 3. Важко сказати 4. Скоріше так 5. Так Вже маю власний бiзнес Не відповіли","{""no_answer"": ""Не відповіли"", ""no"": ""Ні"", ""rather_no"": ""Скоріше ні"", ""dont_know"": ""Важко сказати"", ""rather_yes"": ""Скоріше так"", ""yes"": ""Так"", ""already_owner"": ""Вже маю власний бізнес (2020 only)""}","{""Yes / rather yes"": [""yes"", ""rather_yes""], ""No / rather no"": [""no"", ""rather_no""], ""Hard to say"": [""dont_know""], ""Already owns a business"": [""already_owner""], ""No answer"": [""no_answer""]}","[{""file"": ""data/documentation/monitoring/mon2020.pdf"", ""pdf_pages"": [446], ""years"": [2004, 2005, 2006, 2008, 2010, 2012, 2014, 2016, 2020], ""url"": ""https://isnasu.org.ua/assets/files/monitoring/mon2020.pdf"", ""verification"": ""Original Ukrainian published question and response table; percentages removed from the excerpt."", ""excerpt"": ""Чи хотіли б Ви відкрити свою справу (власне підприємство, фермерське господарство тощо)? 1. Ні 2. Скоріше ні 3. Важко сказати 4. Скоріше так 5. Так Вже маю власний бiзнес Не відповіли"", ""sha256"": ""ea193794ff60a7abbde98ba7194bfb89820dd2b70714d50dca8f4c16b6c2e449""}]","[""English chart text is a translation/summary of the Ukrainian published tables. Full original wording appears in the source excerpts."", ""“Already owns a business” is offered only in 2020; absent in earlier waves, not zero.""]",English translation/summary; original Ukrainian tables below,,monitoring__start_business,Monitoring,start_business,"[2004, 2005, 2006, 2008, 2010, 2012, 2014, 2016, 2020]","{""Yes"": [""yes"", ""rather_yes""], ""No"": [""no"", ""rather_no""], ""Don't know"": [""dont_know""], ""Already owns a business"": [""already_owner""], ""No answer"": [""no_answer""]}","{""Yes"": ""Yes / rather yes"", ""No"": ""No / rather no"", ""Don't know"": ""Hard to say"", ""Already owns a business"": ""Already owns a business"", ""No answer"": ""No answer""}",2026-09-29,[]
Do you approve or disapprove of the move from a state-controlled to a market economy?,Approval of the transition to a market economy,,"Again, thinking back to 1991, do you strongly approve, approve, disapprove or strongly disapprove that our country moved from having a state-controlled economy to having a market economy?","{""strongly_approve"": ""Strongly approve"", ""approve"": ""Approve"", ""disapprove"": ""Disapprove"", ""strongly_disapprove"": ""Strongly disapprove"", ""dont_know"": ""DK/Refused""}","{""Strongly approve / approve"": [""strongly_approve"", ""approve""], ""Disapprove / strongly disapprove"": [""disapprove"", ""strongly_disapprove""], ""Don't know / refused"": [""dont_know""]}","[{""file"": ""data/documentation/pew_2019_europe_topline.pdf"", ""pdf_pages"": [35], ""years"": [1991, 2009, 2011, 2019], ""url"": ""https://www.pewresearch.org/global/wp-content/uploads/sites/2/2019/10/Pew-Research-Center-Value-of-Europe-Topline-for-Release-FINAL.pdf"", ""verification"": ""English published topline, Q16a"", ""excerpt"": """", ""sha256"": ""63d849917258b912ed7543e05cec3770f400de2d3726f5d0506c4e9f41141b98""}]","[""English topline wording checked; Ukrainian fielded translations have not been independently verified."", ""1991: “Overall, do you strongly approve, approve, disapprove or strongly disapprove of efforts to establish a free market economy in…?” Prospective wording differs from later retrospective wording; 1991 is shown as an isolated point.""]",English topline; chart question shortened,1991 asks about efforts to establish a free market; later waves ask about the transition.,pew__transition_approval,Pew,transition_approval,"[1991, 2009, 2011, 2019]","{""Approve"": [""strongly_approve"", ""approve""], ""Disapprove"": [""disapprove"", ""strongly_disapprove""], ""Don't know / refused"": [""dont_know""]}","{""Approve"": ""Strongly approve / approve"", ""Disapprove"": ""Disapprove / strongly disapprove"", ""Don't know / refused"": ""Don't know / refused""}",2026-09-29,[1991]
"Is the economic situation for most Ukrainians better, worse, or about the same as under communism?",Economic situation for most people compared with communism,,"Would you say that the economic situation for most (survey country nationality) people today is better, worse, or about the same as it was under communism?","{""better"": ""Better"", ""worse"": ""Worse"", ""same"": ""About the same"", ""dont_know"": ""DK/Refused""}","{""Better"": [""better""], ""Worse"": [""worse""], ""About the same"": [""same""], ""Don't know / refused"": [""dont_know""]}","[{""file"": ""data/documentation/pew_2019_europe_topline.pdf"", ""pdf_pages"": [37], ""years"": [2009, 2019], ""url"": ""https://www.pewresearch.org/global/wp-content/uploads/sites/2/2019/10/Pew-Research-Center-Value-of-Europe-Topline-for-Release-FINAL.pdf"", ""verification"": ""English published topline, Q17"", ""excerpt"": """", ""sha256"": ""63d849917258b912ed7543e05cec3770f400de2d3726f5d0506c4e9f41141b98""}]","[""English topline wording checked; Ukrainian fielded translations have not been independently verified.""]",English topline; chart question shortened,,pew__better_than_communism,Pew,better_than_communism,"[2009, 2019]","{""Better"": [""better""], ""Worse"": [""worse""], ""About the same"": [""same""], ""Don't know / refused"": [""dont_know""]}","{""Better"": ""Better"", ""Worse"": ""Worse"", ""About the same"": ""About the same"", ""Don't know / refused"": ""Don't know / refused""}",2026-09-29,[]
How much have ordinary people benefited from the changes since 1991?,Ordinary people seen as benefiting from changes since 1991,,"How much have ____ benefited from the changes since 1989 / 1991 – a great deal, a fair amount, not too much, or not at all? Item: ordinary people. Ukraine: since 1991.","{""great"": ""A great deal"", ""fair"": ""A fair amount"", ""little"": ""Not too much"", ""none"": ""Not at all"", ""dont_know"": ""DK/Refused""}","{""A great deal / a fair amount"": [""great"", ""fair""], ""Not too much / not at all"": [""little"", ""none""], ""Don't know / refused"": [""dont_know""]}","[{""file"": ""data/documentation/pew_2019_europe_topline.pdf"", ""pdf_pages"": [38], ""years"": [2009, 2011, 2019], ""url"": ""https://www.pewresearch.org/global/wp-content/uploads/sites/2/2019/10/Pew-Research-Center-Value-of-Europe-Topline-for-Release-FINAL.pdf"", ""verification"": ""English published topline, Q20a"", ""excerpt"": """", ""sha256"": ""63d849917258b912ed7543e05cec3770f400de2d3726f5d0506c4e9f41141b98""}]","[""English topline wording checked; Ukrainian fielded translations have not been independently verified.""]",English topline; chart question shortened,,pew__transition_ordinary,Pew,transition_ordinary,"[2009, 2011, 2019]","{""Benefited substantially"": [""great"", ""fair""], ""Benefited little or not at all"": [""little"", ""none""], ""Don't know / refused"": [""dont_know""]}","{""Benefited substantially"": ""A great deal / a fair amount"", ""Benefited little or not at all"": ""Not too much / not at all"", ""Don't know / refused"": ""Don't know / refused""}",2026-09-29,[]
How much have business people benefited from the changes since 1991?,Business people seen as benefiting from changes since 1991,,"How much have ____ benefited from the changes since 1989 / 1991 – a great deal, a fair amount, not too much, or not at all? Item: business people. Ukraine: since 1991.","{""great"": ""A great deal"", ""fair"": ""A fair amount"", ""little"": ""Not too much"", ""none"": ""Not at all"", ""dont_know"": ""DK/Refused""}","{""A great deal / a fair amount"": [""great"", ""fair""], ""Not too much / not at all"": [""little"", ""none""], ""Don't know / refused"": [""dont_know""]}","[{""file"": ""data/documentation/pew_2019_europe_topline.pdf"", ""pdf_pages"": [38], ""years"": [2009, 2011, 2019], ""url"": ""https://www.pewresearch.org/global/wp-content/uploads/sites/2/2019/10/Pew-Research-Center-Value-of-Europe-Topline-for-Release-FINAL.pdf"", ""verification"": ""English published topline, Q20b"", ""excerpt"": """", ""sha256"": ""63d849917258b912ed7543e05cec3770f400de2d3726f5d0506c4e9f41141b98""}]","[""English topline wording checked; Ukrainian fielded translations have not been independently verified."", ""2009/2011: “people who own businesses”; 2019: “business people”.""]",English topline; chart question shortened,2009/2011: “people who own businesses”; 2019: “business people”.,pew__transition_business,Pew,transition_business,"[2009, 2011, 2019]","{""Benefited substantially"": [""great"", ""fair""], ""Benefited little or not at all"": [""little"", ""none""], ""Don't know / refused"": [""dont_know""]}","{""Benefited substantially"": ""A great deal / a fair amount"", ""Benefited little or not at all"": ""Not too much / not at all"", ""Don't know / refused"": ""Don't know / refused""}",2026-09-29,[]
How much have politicians benefited from the changes since 1991?,Politicians seen as benefiting from changes since 1991,,"How much have ____ benefited from the changes since 1989 / 1991 – a great deal, a fair amount, not too much, or not at all? Item: politicians. Ukraine: since 1991.","{""great"": ""A great deal"", ""fair"": ""A fair amount"", ""little"": ""Not too much"", ""none"": ""Not at all"", ""dont_know"": ""DK/Refused""}","{""A great deal / a fair amount"": [""great"", ""fair""], ""Not too much / not at all"": [""little"", ""none""], ""Don't know / refused"": [""dont_know""]}","[{""file"": ""data/documentation/pew_2019_europe_topline.pdf"", ""pdf_pages"": [39], ""years"": [2009, 2011, 2019], ""url"": ""https://www.pewresearch.org/global/wp-content/uploads/sites/2/2019/10/Pew-Research-Center-Value-of-Europe-Topline-for-Release-FINAL.pdf"", ""verification"": ""English published topline, Q20c"", ""excerpt"": """", ""sha256"": ""63d849917258b912ed7543e05cec3770f400de2d3726f5d0506c4e9f41141b98""}]","[""English topline wording checked; Ukrainian fielded translations have not been independently verified.""]",English topline; chart question shortened,,pew__transition_politicians,Pew,transition_politicians,"[2009, 2011, 2019]","{""Benefited substantially"": [""great"", ""fair""], ""Benefited little or not at all"": [""little"", ""none""], ""Don't know / refused"": [""dont_know""]}","{""Benefited substantially"": ""A great deal / a fair amount"", ""Benefited little or not at all"": ""Not too much / not at all"", ""Don't know / refused"": ""Don't know / refused""}",2026-09-29,[]
Do you agree or disagree: government should take measures to reduce differences in income levels?,Agreement that government should reduce income differences,,"CARD 14 Using this card, please say to what extent you agree or disagree with each of the following statements. The government should take measures to reduce differences in income levels. READ OUT EACH STATEMENT","{""1"": ""Agree strongly"", ""2"": ""Agree"", ""3"": ""Neither agree nor disagree"", ""4"": ""Disagree"", ""5"": ""Disagree strongly"", ""7"": ""Refusal"", ""8"": ""Don't know"", ""9"": ""No answer""}","{""Agree strongly / agree"": [1, 2], ""Disagree / disagree strongly"": [4, 5], ""Neither agree nor disagree"": [3], ""Don't know"": [8], ""Refused / no answer"": [7, 9]}","[{""file"": ""docs/ess_question_crosswalk.csv"", ""pdf_pages"": [], ""years"": [2005, 2007, 2009, 2011, 2013, 2022, 2024], ""url"": ""https://github.com/velgaks/promarket-attitudes/blob/main/docs/SOURCES.md#european-social-survey-ess"", ""verification"": ""English source wording and value labels from supplied codebooks, separately checked for each included round."", ""excerpt"": ""CARD 14 Using this card, please say to what extent you agree or disagree with each of the following statements. The government should take measures to reduce differences in income levels. READ OUT EACH STATEMENT"", ""sha256"": ""088c12919b24225ee3f5759a1f40aa2c23fd004384d59bae6590db8af3b9b551""}, {""file"": ""data/documentation/ess/ESS Round 10 UA UKR Source Questionnaire.pdf"", ""pdf_pages"": [12], ""years"": [2022], ""url"": ""https://github.com/KSE-Sociological-Center/ESS10_Ukraine"", ""verification"": ""Ukrainian ESS Round 10 source questionnaire, B33; shared stem and item joined, interviewer instructions omitted."", ""excerpt"": ""До якої міри Ви погоджуєтесь чи не погоджуєтесь з наступними твердженнями? Уряд повинен вжити заходів для зменшення різниці у рівнях доходів людей."", ""sha256"": ""0bed74f5cb12ce3774890b1c19a47317ccb869ee5debe14cf991b3fcc2a45527""}]","[""English codebook wording and category labels checked across included rounds; the Ukrainian Round 10 form also checked. Earlier and Round 11 national forms not independently verified.""]",English question summary; codebook text below,,ess__gincdif,ESS,gincdif,"[2005, 2007, 2009, 2011, 2013, 2022, 2024]","{""Agree"": [1, 2], ""Disagree"": [4, 5], ""Neither agree nor disagree"": [3], ""Don't know"": [8], ""Refused / no answer"": [7, 9]}","{""Agree"": ""Agree strongly / agree"", ""Disagree"": ""Disagree / disagree strongly"", ""Neither agree nor disagree"": ""Neither agree nor disagree"", ""Don't know"": ""Don't know"", ""Refused / no answer"": ""Refused / no answer""}",2026-09-29,[]
Is it generally bad or good for Ukraine’s economy that people come to live here from other countries?,Immigration judged bad or good for the economy,0 = bad for the economy; 10 = good for the economy,CARD 19 Would you say it is generally bad or good for [country]'s economy that people come to live here from other countries? Please use this card.,"{""0"": ""Bad for the economy"", ""1"": ""1"", ""2"": ""2"", ""3"": ""3"", ""4"": ""4"", ""5"": ""5"", ""6"": ""6"", ""7"": ""7"", ""8"": ""8"", ""9"": ""9"", ""10"": ""Good for the economy"", ""77"": ""Refusal"", ""88"": ""Don't know"", ""99"": ""No answer""}","{""Mean"": [0, 1, 2, 3, 4, 5, 6, 7, 8, 9, 10]}","[{""file"": ""docs/ess_question_crosswalk.csv"", ""pdf_pages"": [], ""years"": [2005, 2007, 2009, 2011, 2013, 2022, 2024], ""url"": ""https://github.com/velgaks/promarket-attitudes/blob/main/docs/SOURCES.md#european-social-survey-ess"", ""verification"": ""English source wording and value labels from supplied codebooks, separately checked for each included round."", ""excerpt"": ""CARD 19 Would you say it is generally bad or good for [country]'s economy that people come to live here from other countries? Please use this card."", ""sha256"": ""088c12919b24225ee3f5759a1f40aa2c23fd004384d59bae6590db8af3b9b551""}, {""file"": ""data/documentation/ess/ESS Round 10 UA UKR Source Questionnaire.pdf"", ""pdf_pages"": [15], ""years"": [2022], ""url"": ""https://github.com/KSE-Sociological-Center/ESS10_Ukraine"", ""verification"": ""Ukrainian ESS Round 10 source questionnaire, B43; shared stem and item joined, interviewer instructions omitted."", ""excerpt"": ""Як Ви вважаєте, те, що люди з інших країн переїжджають жити до України, це в цілому добре чи погано для економіки країни?"", ""sha256"": ""0bed74f5cb12ce3774890b1c19a47317ccb869ee5debe14cf991b3fcc2a45527""}]","[""English codebook wording and category labels checked across included rounds; the Ukrainian Round 10 form also checked. Earlier and Round 11 national forms not independently verified.""]",English question summary; codebook text below,,ess__imbgeco,ESS,imbgeco,"[2005, 2007, 2009, 2011, 2013, 2022, 2024]","{""Mean"": [0, 1, 2, 3, 4, 5, 6, 7, 8, 9, 10]}","{""Mean"": ""Mean""}",2026-09-29,[]
"For democracy in general, how important is it that government protects all citizens against poverty?",Poverty protection as a requirement of democracy,0 = not at all important for democracy in general; 10 = extremely important,"STILL CARD 37 And still thinking generally rather than about [country], how important do you think it is for democracy in general... ...that the government protects all citizens against poverty? READ OUT...","{""0"": ""Not at all important for democracy in general"", ""1"": ""1"", ""2"": ""2"", ""3"": ""3"", ""4"": ""4"", ""5"": ""5"", ""6"": ""6"", ""7"": ""7"", ""8"": ""8"", ""9"": ""9"", ""10"": ""Extremely important for democracy in general"", ""77"": ""Refusal"", ""88"": ""Don't know"", ""99"": ""No answer"", ""0 / 10 (Ukrainian 2022)"": ""Зовсім НЕ важливо для демократії в цілому / Життєво важливо для демократії в цілому""}","{""Mean"": [0, 1, 2, 3, 4, 5, 6, 7, 8, 9, 10]}","[{""file"": ""docs/ess_question_crosswalk.csv"", ""pdf_pages"": [], ""years"": [2013, 2022], ""url"": ""https://github.com/velgaks/promarket-attitudes/blob/main/docs/SOURCES.md#european-social-survey-ess"", ""verification"": ""English source wording and value labels from supplied codebooks, separately checked for each included round."", ""excerpt"": ""STILL CARD 37 And still thinking generally rather than about [country], how important do you think it is for democracy in general... ...that the government protects all citizens against poverty? READ OUT..."", ""sha256"": ""088c12919b24225ee3f5759a1f40aa2c23fd004384d59bae6590db8af3b9b551""}, {""file"": ""data/documentation/ess/ESS Round 10 UA UKR Source Questionnaire.pdf"", ""pdf_pages"": [30], ""years"": [2022], ""url"": ""https://github.com/KSE-Sociological-Center/ESS10_Ukraine"", ""verification"": ""Ukrainian ESS Round 10 source questionnaire, D8; shared stem and item joined, interviewer instructions omitted."", ""excerpt"": ""Міркуючи про демократію швидше в цілому, аніж окремо про Україну, наскільки важливим для демократії в цілому, на Ваш погляд, є наступне… щоб влада захищала всіх громадян від бідності?"", ""sha256"": ""0bed74f5cb12ce3774890b1c19a47317ccb869ee5debe14cf991b3fcc2a45527""}]","[""English codebook wording and category labels checked across included rounds; the Ukrainian Round 10 form also checked. Earlier and Round 11 national forms not independently verified.""]",English question summary; codebook text below,,ess__gvctzpv,ESS,gvctzpv,"[2013, 2022]","{""Mean"": [0, 1, 2, 3, 4, 5, 6, 7, 8, 9, 10]}","{""Mean"": ""Mean""}",2026-09-29,[]
"For democracy in general, how important is it that government takes measures to reduce income differences?",Reducing income differences as a requirement of democracy,0 = not at all important for democracy in general; 10 = extremely important,"STILL CARD 37 And still thinking generally rather than about [country], how important do you think it is for democracy in general... ...that the government takes measures to reduce differences in income levels? READ OUT...","{""0"": ""Not at all important for democracy in general"", ""1"": ""1"", ""2"": ""2"", ""3"": ""3"", ""4"": ""4"", ""5"": ""5"", ""6"": ""6"", ""7"": ""7"", ""8"": ""8"", ""9"": ""9"", ""10"": ""Extremely important for democracy in general"", ""77"": ""Refusal"", ""88"": ""Don't know"", ""99"": ""No answer"", ""0 / 10 (Ukrainian 2022)"": ""Зовсім НЕ важливо для демократії в цілому / Життєво важливо для демократії в цілому""}","{""Mean"": [0, 1, 2, 3, 4, 5, 6, 7, 8, 9, 10]}","[{""file"": ""docs/ess_question_crosswalk.csv"", ""pdf_pages"": [], ""years"": [2013, 2022], ""url"": ""https://github.com/velgaks/promarket-attitudes/blob/main/docs/SOURCES.md#european-social-survey-ess"", ""verification"": ""English source wording and value labels from supplied codebooks, separately checked for each included round."", ""excerpt"": ""STILL CARD 37 And still thinking generally rather than about [country], how important do you think it is for democracy in general... ...that the government takes measures to reduce differences in income levels? READ OUT..."", ""sha256"": ""088c12919b24225ee3f5759a1f40aa2c23fd004384d59bae6590db8af3b9b551""}, {""file"": ""data/documentation/ess/ESS Round 10 UA UKR Source Questionnaire.pdf"", ""pdf_pages"": [30], ""years"": [2022], ""url"": ""https://github.com/KSE-Sociological-Center/ESS10_Ukraine"", ""verification"": ""Ukrainian ESS Round 10 source questionnaire, D9; shared stem and item joined, interviewer instructions omitted."", ""excerpt"": ""Міркуючи про демократію швидше в цілому, аніж окремо про Україну, наскільки важливим для демократії в цілому, на Ваш погляд, є наступне… щоб влада вживала заходів по скороченню різниці у рівнях доходів громадян?"", ""sha256"": ""0bed74f5cb12ce3774890b1c19a47317ccb869ee5debe14cf991b3fcc2a45527""}]","[""English codebook wording and category labels checked across included rounds; the Ukrainian Round 10 form also checked. Earlier and Round 11 national forms not independently verified.""]",English question summary; codebook text below,,ess__grdfinc,ESS,grdfinc,"[2013, 2022]","{""Mean"": [0, 1, 2, 3, 4, 5, 6, 7, 8, 9, 10]}","{""Mean"": ""Mean""}",2026-09-29,[]
To what extent does this apply in Ukraine: government protects all citizens against poverty?,Perceived government protection of all citizens against poverty,0 = does not apply at all; 10 = applies completely,STILL CARD 38 And using the same card please tell me to what extent you think each of these statements applies in [country]. The government in [country] protects all citizens against poverty. READ OUT EACH STATEMENT AND CODE IN THE GRID,"{""0"": ""Does not apply at all"", ""1"": ""1"", ""2"": ""2"", ""3"": ""3"", ""4"": ""4"", ""5"": ""5"", ""6"": ""6"", ""7"": ""7"", ""8"": ""8"", ""9"": ""9"", ""10"": ""Applies completely"", ""77"": ""Refusal"", ""88"": ""Don't know"", ""99"": ""No answer""}","{""Mean"": [0, 1, 2, 3, 4, 5, 6, 7, 8, 9, 10]}","[{""file"": ""docs/ess_question_crosswalk.csv"", ""pdf_pages"": [], ""years"": [2013, 2022], ""url"": ""https://github.com/velgaks/promarket-attitudes/blob/main/docs/SOURCES.md#european-social-survey-ess"", ""verification"": ""English source wording and value labels from supplied codebooks, separately checked for each included round."", ""excerpt"": ""STILL CARD 38 And using the same card please tell me to what extent you think each of these statements applies in [country]. The government in [country] protects all citizens against poverty. READ OUT EACH STATEMENT AND CODE IN THE GRID"", ""sha256"": ""088c12919b24225ee3f5759a1f40aa2c23fd004384d59bae6590db8af3b9b551""}, {""file"": ""data/documentation/ess/ESS Round 10 UA UKR Source Questionnaire.pdf"", ""pdf_pages"": [32], ""years"": [2022], ""url"": ""https://github.com/KSE-Sociological-Center/ESS10_Ukraine"", ""verification"": ""Ukrainian ESS Round 10 source questionnaire, D20; shared stem and item joined, interviewer instructions omitted."", ""excerpt"": ""Наскільки кожне із таких тверджень відповідає стану справ в Україні сьогодні? …в Україні влада захищає всіх громадян від бідності."", ""sha256"": ""0bed74f5cb12ce3774890b1c19a47317ccb869ee5debe14cf991b3fcc2a45527""}]","[""English codebook wording and category labels checked across included rounds; the Ukrainian Round 10 form also checked. Earlier and Round 11 national forms not independently verified.""]",English question summary; codebook text below,,ess__gvctzpvc,ESS,gvctzpvc,"[2013, 2022]","{""Mean"": [0, 1, 2, 3, 4, 5, 6, 7, 8, 9, 10]}","{""Mean"": ""Mean""}",2026-09-29,[]
To what extent does this apply in Ukraine: government takes measures to reduce income differences?,Perceived government action to reduce income differences,0 = does not apply at all; 10 = applies completely,STILL CARD 38 And using the same card please tell me to what extent you think each of these statements applies in [country]. The government in [country] takes measures to reduce differences in income levels. READ OUT EACH STATEMENT AND CODE IN THE GRID,"{""0"": ""Does not apply at all"", ""1"": ""1"", ""2"": ""2"", ""3"": ""3"", ""4"": ""4"", ""5"": ""5"", ""6"": ""6"", ""7"": ""7"", ""8"": ""8"", ""9"": ""9"", ""10"": ""Applies completely"", ""77"": ""Refusal"", ""88"": ""Don't know"", ""99"": ""No answer""}","{""Mean"": [0, 1, 2, 3, 4, 5, 6, 7, 8, 9, 10]}","[{""file"": ""docs/ess_question_crosswalk.csv"", ""pdf_pages"": [], ""years"": [2013, 2022], ""url"": ""https://github.com/velgaks/promarket-attitudes/blob/main/docs/SOURCES.md#european-social-survey-ess"", ""verification"": ""English source wording and value labels from supplied codebooks, separately checked for each included round."", ""excerpt"": ""STILL CARD 38 And using the same card please tell me to what extent you think each of these statements applies in [country]. The government in [country] takes measures to reduce differences in income levels. READ OUT EACH STATEMENT AND CODE IN THE GRID"", ""sha256"": ""088c12919b24225ee3f5759a1f40aa2c23fd004384d59bae6590db8af3b9b551""}, {""file"": ""data/documentation/ess/ESS Round 10 UA UKR Source Questionnaire.pdf"", ""pdf_pages"": [32], ""years"": [2022], ""url"": ""https://github.com/KSE-Sociological-Center/ESS10_Ukraine"", ""verification"": ""Ukrainian ESS Round 10 source questionnaire, D21; shared stem and item joined, interviewer instructions omitted."", ""excerpt"": ""Наскільки кожне із таких тверджень відповідає стану справ в Україні сьогодні? …в Україні влада вживає заходів по скороченню різниці у рівнях доходів громадян."", ""sha256"": ""0bed74f5cb12ce3774890b1c19a47317ccb869ee5debe14cf991b3fcc2a45527""}]","[""English codebook wording and category labels checked across included rounds; the Ukrainian Round 10 form also checked. Earlier and Round 11 national forms not independently verified."", ""The applicability items ask whether government TAKES MEASURES, not whether income inequality actually falls.""]",English question summary; codebook text below,,ess__grdfincc,ESS,grdfincc,"[2013, 2022]","{""Mean"": [0, 1, 2, 3, 4, 5, 6, 7, 8, 9, 10]}","{""Mean"": ""Mean""}",2026-09-29,[]
Do you agree or disagree that income differences in Ukraine are too large?,Agreement that income differences in Ukraine are too large,,Наскільки ви погоджуєтесь чи ні з наступними твердженнями? В Україні надто велика різниця у доходах.,"{""1"": ""Повністю згоден"", ""2"": ""Скоріше згоден"", ""3"": ""Наскільки згоден, настільки й не згоден"", ""4"": ""Скоріше не згоден"", ""5"": ""Повністю не згоден"", ""8 (2009); −8 (2019)"": ""Важко сказати / ВС (hard to say)"", ""9 (2009); −9 (2019)"": ""No answer (archive category)""}","{""Completely / rather agree"": [1, 2], ""Completely / rather disagree"": [4, 5], ""Neither agree nor disagree"": [3], ""Hard to say"": [8], ""No answer"": [9]}","[{""file"": ""data/documentation/issp/2009_ua_questionnaire.pdf"", ""pdf_pages"": [4], ""years"": [2009], ""url"": ""https://doi.org/10.4232/1.12777"", ""verification"": ""Ukrainian national questionnaire, Q6a"", ""excerpt"": """", ""sha256"": ""0a6c2663615eb773a628e6b102d7bee998e7fd7d7c989764fb42a616e9bf66ef""}, {""file"": ""data/documentation/issp/ZA7810_q_ua-ua.pdf"", ""pdf_pages"": [3], ""years"": [2019], ""url"": ""https://doi.org/10.4232/1.13853"", ""verification"": ""Ukrainian national questionnaire, Q4a"", ""excerpt"": """", ""sha256"": ""de962a890533fb5272c33562ce5141c0fb7232abd81bd01fdf8deeba1079a356""}]","[""Ukrainian national questionnaires checked for 2009 and 2019, alongside the microdata value labels. Chart text is an English translation/summary. The Russian-language forms have not been independently compared here.""]",English translation/summary; Ukrainian 2019 wording below (shared stems and items joined),,issp__income_gap,ISSP,income_gap,"[2009, 2019]","{""Agree"": [1, 2], ""Disagree"": [4, 5], ""Neither agree nor disagree"": [3], ""Don't know"": [8], ""No answer"": [9]}","{""Agree"": ""Completely / rather agree"", ""Disagree"": ""Completely / rather disagree"", ""Neither agree nor disagree"": ""Neither agree nor disagree"", ""Don't know"": ""Hard to say"", ""No answer"": ""No answer""}",2026-09-29,[]
Do you agree that government is responsible for reducing differences between high and low incomes?,Government responsibility for reducing income differences,,Наскільки ви погоджуєтесь чи ні з наступними твердженнями? Уряд відповідальний за зменшення різниці у доходах між особами з високими та низьким доходами.,"{""1"": ""Повністю згоден"", ""2"": ""Скоріше згоден"", ""3"": ""Наскільки згоден, настільки й не згоден"", ""4"": ""Скоріше не згоден"", ""5"": ""Повністю не згоден"", ""8 (2009); −8 (2019)"": ""Важко сказати / ВС (hard to say)"", ""9 (2009); −9 (2019)"": ""No answer (archive category)""}","{""Completely / rather agree"": [1, 2], ""Completely / rather disagree"": [4, 5], ""Neither agree nor disagree"": [3], ""Hard to say"": [8], ""No answer"": [9]}","[{""file"": ""data/documentation/issp/2009_ua_questionnaire.pdf"", ""pdf_pages"": [4], ""years"": [2009], ""url"": ""https://doi.org/10.4232/1.12777"", ""verification"": ""Ukrainian national questionnaire, Q6b"", ""excerpt"": """", ""sha256"": ""0a6c2663615eb773a628e6b102d7bee998e7fd7d7c989764fb42a616e9bf66ef""}, {""file"": ""data/documentation/issp/ZA7810_q_ua-ua.pdf"", ""pdf_pages"": [3], ""years"": [2019], ""url"": ""https://doi.org/10.4232/1.13853"", ""verification"": ""Ukrainian national questionnaire, Q4b"", ""excerpt"": """", ""sha256"": ""de962a890533fb5272c33562ce5141c0fb7232abd81bd01fdf8deeba1079a356""}]","[""Ukrainian national questionnaires checked for 2009 and 2019, alongside the microdata value labels. Chart text is an English translation/summary. The Russian-language forms have not been independently compared here."", ""2009: “Зобов’язанням Уряду має бути…” (should be an obligation of government); 2019: “Уряд відповідальний…” (government is responsible). Both concern responsibility for reducing the gap; the modal wording differs.""]",English translation/summary; Ukrainian 2019 wording below (shared stems and items joined),,issp__redistribution,ISSP,redistribution,"[2009, 2019]","{""Agree"": [1, 2], ""Disagree"": [4, 5], ""Neither agree nor disagree"": [3], ""Don't know"": [8], ""No answer"": [9]}","{""Agree"": ""Completely / rather agree"", ""Disagree"": ""Completely / rather disagree"", ""Neither agree nor disagree"": ""Neither agree nor disagree"", ""Don't know"": ""Hard to say"", ""No answer"": ""No answer""}",2026-09-29,[]
Do you agree that government must provide an acceptable standard of living for unemployed people?,Government obligation to provide for unemployed people,,Наскільки ви погоджуєтесь чи ні з наступними твердженнями? Уряд зобов’язаний забезпечити прийнятний рівень життя для безробітних.,"{""1"": ""Повністю згоден"", ""2"": ""Скоріше згоден"", ""3"": ""Наскільки згоден, настільки й не згоден"", ""4"": ""Скоріше не згоден"", ""5"": ""Повністю не згоден"", ""8 (2009); −8 (2019)"": ""Важко сказати / ВС (hard to say)"", ""9 (2009); −9 (2019)"": ""No answer (archive category)""}","{""Completely / rather agree"": [1, 2], ""Completely / rather disagree"": [4, 5], ""Neither agree nor disagree"": [3], ""Hard to say"": [8], ""No answer"": [9]}","[{""file"": ""data/documentation/issp/2009_ua_questionnaire.pdf"", ""pdf_pages"": [4], ""years"": [2009], ""url"": ""https://doi.org/10.4232/1.12777"", ""verification"": ""Ukrainian national questionnaire, Q6c"", ""excerpt"": """", ""sha256"": ""0a6c2663615eb773a628e6b102d7bee998e7fd7d7c989764fb42a616e9bf66ef""}, {""file"": ""data/documentation/issp/ZA7810_q_ua-ua.pdf"", ""pdf_pages"": [3], ""years"": [2019], ""url"": ""https://doi.org/10.4232/1.13853"", ""verification"": ""Ukrainian national questionnaire, Q4c"", ""excerpt"": """", ""sha256"": ""de962a890533fb5272c33562ce5141c0fb7232abd81bd01fdf8deeba1079a356""}]","[""Ukrainian national questionnaires checked for 2009 and 2019, alongside the microdata value labels. Chart text is an English translation/summary. The Russian-language forms have not been independently compared here.""]",English translation/summary; Ukrainian 2019 wording below (shared stems and items joined),,issp__unemployed_living,ISSP,unemployed_living,"[2009, 2019]","{""Agree"": [1, 2], ""Disagree"": [4, 5], ""Neither agree nor disagree"": [3], ""Don't know"": [8], ""No answer"": [9]}","{""Agree"": ""Completely / rather agree"", ""Disagree"": ""Completely / rather disagree"", ""Neither agree nor disagree"": ""Neither agree nor disagree"", ""Don't know"": ""Hard to say"", ""No answer"": ""No answer""}",2026-09-29,[]
"Should people with high incomes pay higher, the same, or lower taxes than people with low incomes?",Preferred taxes on high versus low incomes,,"На вашу думку, чи мають люди з високими доходами платити більші податки, ніж особи з низькими доходами, або такі самі, чи навіть менші?","{""1"": ""Мають платити набагато більші податки"", ""2"": ""Більші податки"", ""3"": ""Такі самі податки"", ""4"": ""Менші податки"", ""5"": ""Набагато менші податки"", ""8 (2009); −8 (2019)"": ""Важко сказати / ВС (hard to say)"", ""9 (2009); −9 (2019)"": ""No answer (archive category)""}","{""Higher taxes"": [1, 2], ""Lower taxes"": [4, 5], ""The same taxes"": [3], ""Hard to say"": [8], ""No answer"": [9]}","[{""file"": ""data/documentation/issp/2009_ua_questionnaire.pdf"", ""pdf_pages"": [4], ""years"": [2009], ""url"": ""https://doi.org/10.4232/1.12777"", ""verification"": ""Ukrainian national questionnaire, Q7a"", ""excerpt"": """", ""sha256"": ""0a6c2663615eb773a628e6b102d7bee998e7fd7d7c989764fb42a616e9bf66ef""}, {""file"": ""data/documentation/issp/ZA7810_q_ua-ua.pdf"", ""pdf_pages"": [3], ""years"": [2019], ""url"": ""https://doi.org/10.4232/1.13853"", ""verification"": ""Ukrainian national questionnaire, Q8a"", ""excerpt"": """", ""sha256"": ""de962a890533fb5272c33562ce5141c0fb7232abd81bd01fdf8deeba1079a356""}]","[""Ukrainian national questionnaires checked for 2009 and 2019, alongside the microdata value labels. Chart text is an English translation/summary. The Russian-language forms have not been independently compared here."", ""Both Ukrainian questionnaires say higher taxes, not explicitly a higher share of income or tax rate. The chart preserves the national wording.""]",English translation/summary; Ukrainian 2019 wording below (shared stems and items joined),,issp__tax_rich,ISSP,tax_rich,"[2009, 2019]","{""Higher taxes"": [1, 2], ""Lower taxes"": [4, 5], ""The same taxes"": [3], ""Don't know"": [8], ""No answer"": [9]}","{""Higher taxes"": ""Higher taxes"", ""Lower taxes"": ""Lower taxes"", ""The same taxes"": ""The same taxes"", ""Don't know"": ""Hard to say"", ""No answer"": ""No answer""}",2026-09-29,[]
How would you rate the current level of taxation of people with high incomes in Ukraine?,Current taxation of high incomes judged too high or too low,,"Загалом, як би ви оцінили рівень оподаткування осіб з високими доходами в Україні? Рівень оподаткування доходів цих осіб…","{""1"": ""Занадто високий"", ""2"": ""Зависокий"", ""3"": ""Нормальний"", ""4"": ""Занизький"", ""5"": ""Занадто низький"", ""8 (2009); −8 (2019)"": ""Важко сказати / ВС (hard to say)"", ""9 (2009); −9 (2019)"": ""No answer (archive category)""}","{""Too high"": [1, 2], ""Too low"": [4, 5], ""About right"": [3], ""Hard to say"": [8], ""No answer"": [9]}","[{""file"": ""data/documentation/issp/2009_ua_questionnaire.pdf"", ""pdf_pages"": [4], ""years"": [2009], ""url"": ""https://doi.org/10.4232/1.12777"", ""verification"": ""Ukrainian national questionnaire, Q7b"", ""excerpt"": """", ""sha256"": ""0a6c2663615eb773a628e6b102d7bee998e7fd7d7c989764fb42a616e9bf66ef""}, {""file"": ""data/documentation/issp/ZA7810_q_ua-ua.pdf"", ""pdf_pages"": [4], ""years"": [2019], ""url"": ""https://doi.org/10.4232/1.13853"", ""verification"": ""Ukrainian national questionnaire, Q8b"", ""excerpt"": """", ""sha256"": ""de962a890533fb5272c33562ce5141c0fb7232abd81bd01fdf8deeba1079a356""}]","[""Ukrainian national questionnaires checked for 2009 and 2019, alongside the microdata value labels. Chart text is an English translation/summary. The Russian-language forms have not been independently compared here.""]",English translation/summary; Ukrainian 2019 wording below (shared stems and items joined),,issp__tax_level,ISSP,tax_level,"[2009, 2019]","{""Too high"": [1, 2], ""Too low"": [4, 5], ""About right"": [3], ""Don't know"": [8], ""No answer"": [9]}","{""Too high"": ""Too high"", ""Too low"": ""Too low"", ""About right"": ""About right"", ""Don't know"": ""Hard to say"", ""No answer"": ""No answer""}",2026-09-29,[]
Is it fair and right that high-income people can afford better healthcare than low-income people?,Fairness of richer people being able to afford better healthcare,,"Чи ви вважаєте справедливою та правильною ситуацію, коли особи з високими доходами можуть дозволити собі більш якісні послуги у сфері охорони здоров’я, ніж особи з низькими доходами?","{""1"": ""Повністю справедливою, правильною"", ""2"": ""Скоріше справедливою, правильною"", ""3"": ""Наскільки справедливою, правильною, настільки й несправедливою, неправильною"", ""4"": ""Скоріше несправедливою, неправильною"", ""5"": ""Повністю несправедливою, неправильною"", ""8 (2009); −8 (2019)"": ""Важко сказати / ВС (hard to say)"", ""9 (2009); −9 (2019)"": ""No answer (archive category)""}","{""Completely / rather fair"": [1, 2], ""Completely / rather unfair"": [4, 5], ""Equally fair and unfair"": [3], ""Hard to say"": [8], ""No answer"": [9]}","[{""file"": ""data/documentation/issp/2009_ua_questionnaire.pdf"", ""pdf_pages"": [4], ""years"": [2009], ""url"": ""https://doi.org/10.4232/1.12777"", ""verification"": ""Ukrainian national questionnaire, Q8a"", ""excerpt"": """", ""sha256"": ""0a6c2663615eb773a628e6b102d7bee998e7fd7d7c989764fb42a616e9bf66ef""}, {""file"": ""data/documentation/issp/ZA7810_q_ua-ua.pdf"", ""pdf_pages"": [4], ""years"": [2019], ""url"": ""https://doi.org/10.4232/1.13853"", ""verification"": ""Ukrainian national questionnaire, Q9a"", ""excerpt"": """", ""sha256"": ""de962a890533fb5272c33562ce5141c0fb7232abd81bd01fdf8deeba1079a356""}]","[""Ukrainian national questionnaires checked for 2009 and 2019, alongside the microdata value labels. Chart text is an English translation/summary. The Russian-language forms have not been independently compared here.""]",English translation/summary; Ukrainian 2019 wording below (shared stems and items joined),,issp__buy_health,ISSP,buy_health,"[2009, 2019]","{""Fair"": [1, 2], ""Unfair"": [4, 5], ""Mixed feelings"": [3], ""Don't know"": [8], ""No answer"": [9]}","{""Fair"": ""Completely / rather fair"", ""Unfair"": ""Completely / rather unfair"", ""Mixed feelings"": ""Equally fair and unfair"", ""Don't know"": ""Hard to say"", ""No answer"": ""No answer""}",2026-09-29,[]
Is it fair and right that high-income people can buy better education for their children than low-income people?,Fairness of richer people buying better education for children,,"Чи ви вважаєте справедливою та правильною ситуацію, коли особи з високими доходами можуть дозволити собі купити своїм дітям більш якісні послуги у сфері освіти, ніж особи з низькими доходами?","{""1"": ""Повністю справедливою, правильною"", ""2"": ""Скоріше справедливою, правильною"", ""3"": ""Наскільки справедливою, правильною, настільки й несправедливою, неправильною"", ""4"": ""Скоріше несправедливою, неправильною"", ""5"": ""Повністю несправедливою, неправильною"", ""8 (2009); −8 (2019)"": ""Важко сказати / ВС (hard to say)"", ""9 (2009); −9 (2019)"": ""No answer (archive category)""}","{""Completely / rather fair"": [1, 2], ""Completely / rather unfair"": [4, 5], ""Equally fair and unfair"": [3], ""Hard to say"": [8], ""No answer"": [9]}","[{""file"": ""data/documentation/issp/2009_ua_questionnaire.pdf"", ""pdf_pages"": [4], ""years"": [2009], ""url"": ""https://doi.org/10.4232/1.12777"", ""verification"": ""Ukrainian national questionnaire, Q8b"", ""excerpt"": """", ""sha256"": ""0a6c2663615eb773a628e6b102d7bee998e7fd7d7c989764fb42a616e9bf66ef""}, {""file"": ""data/documentation/issp/ZA7810_q_ua-ua.pdf"", ""pdf_pages"": [4], ""years"": [2019], ""url"": ""https://doi.org/10.4232/1.13853"", ""verification"": ""Ukrainian national questionnaire, Q9b"", ""excerpt"": """", ""sha256"": ""de962a890533fb5272c33562ce5141c0fb7232abd81bd01fdf8deeba1079a356""}]","[""Ukrainian national questionnaires checked for 2009 and 2019, alongside the microdata value labels. Chart text is an English translation/summary. The Russian-language forms have not been independently compared here.""]",English translation/summary; Ukrainian 2019 wording below (shared stems and items joined),,issp__buy_education,ISSP,buy_education,"[2009, 2019]","{""Fair"": [1, 2], ""Unfair"": [4, 5], ""Mixed feelings"": [3], ""Don't know"": [8], ""No answer"": [9]}","{""Fair"": ""Completely / rather fair"", ""Unfair"": ""Completely / rather unfair"", ""Mixed feelings"": ""Equally fair and unfair"", ""Don't know"": ""Hard to say"", ""No answer"": ""No answer""}",2026-09-29,[]
Which of the five diagrams best describes how people are distributed in Ukrainian society today?,Perceived shape of Ukrainian society,,"Якщо взяти до уваги тип суспільства, що існує в Україні на цей час, яка діаграма найкраще змальовує розподіл людей в українському суспільстві?","{""1"": ""A: Нечисленна еліта наверху, небагато людей посередині й переважна більшість внизу"", ""2"": ""B: Суспільство як піраміда: нечисленна еліта на верхівці, більш численний прошарок посередині та найбільше людей внизу"", ""3"": ""C: Схожа на піраміду типу В, проте дещо менше людей знаходиться на самому низу піраміди"", ""4"": ""D: Суспільство, де більшість людей знаходиться посередині"", ""5"": ""E: Велика кількість людей на верхівці та нечисленна кількість людей внизу"", ""8 (2009); −8 (2019)"": ""Важко сказати / ВС (hard to say)"", ""9 (2009); −9 (2019)"": ""No answer (archive category)""}","{""A: Small elite, most people at bottom"": [1], ""B: Pyramid"": [2], ""C: Pyramid with few at bottom"": [3], ""D: Most people in the middle"": [4], ""E: Many near top, few at bottom"": [5], ""Hard to say"": [8], ""No answer"": [9]}","[{""file"": ""data/documentation/issp/2009_ua_questionnaire.pdf"", ""pdf_pages"": [6], ""years"": [2009], ""url"": ""https://doi.org/10.4232/1.12777"", ""verification"": ""Ukrainian national questionnaire, Q14a"", ""excerpt"": """", ""sha256"": ""0a6c2663615eb773a628e6b102d7bee998e7fd7d7c989764fb42a616e9bf66ef""}, {""file"": ""data/documentation/issp/ZA7810_q_ua-ua.pdf"", ""pdf_pages"": [6, 7], ""years"": [2019], ""url"": ""https://doi.org/10.4232/1.13853"", ""verification"": ""Ukrainian national questionnaire, Q15a"", ""excerpt"": """", ""sha256"": ""de962a890533fb5272c33562ce5141c0fb7232abd81bd01fdf8deeba1079a356""}]","[""Ukrainian national questionnaires checked for 2009 and 2019, alongside the microdata value labels. Chart text is an English translation/summary. The Russian-language forms have not been independently compared here."", ""Respondents saw five diagrams and descriptions. The chart legend abbreviates those descriptions; the source link includes the original diagrams.""]",English translation/summary; Ukrainian 2019 wording below (shared stems and items joined),,issp__society_actual,ISSP,society_actual,"[2009, 2019]","{""A: Elite over a large bottom"": [1], ""B: Pyramid"": [2], ""C: Pyramid with few at bottom"": [3], ""D: Most people in the middle"": [4], ""E: Many near top, few at bottom"": [5], ""Don't know"": [8], ""No answer"": [9]}","{""A: Elite over a large bottom"": ""A: Small elite, most people at bottom"", ""B: Pyramid"": ""B: Pyramid"", ""C: Pyramid with few at bottom"": ""C: Pyramid with few at bottom"", ""D: Most people in the middle"": ""D: Most people in the middle"", ""E: Many near top, few at bottom"": ""E: Many near top, few at bottom"", ""Don't know"": ""Hard to say"", ""No answer"": ""No answer""}",2026-09-29,[]
Which of the five models of society would you choose for Ukraine?,Preferred shape of Ukrainian society,,На яку модель Україна має походити – яку б ви обрали?,"{""1"": ""A: Нечисленна еліта наверху, небагато людей посередині й переважна більшість внизу"", ""2"": ""B: Суспільство як піраміда: нечисленна еліта на верхівці, більш численний прошарок посередині та найбільше людей внизу"", ""3"": ""C: Схожа на піраміду типу В, проте дещо менше людей знаходиться на самому низу піраміди"", ""4"": ""D: Суспільство, де більшість людей знаходиться посередині"", ""5"": ""E: Велика кількість людей на верхівці та нечисленна кількість людей внизу"", ""8 (2009); −8 (2019)"": ""Важко сказати / ВС (hard to say)"", ""9 (2009); −9 (2019)"": ""No answer (archive category)""}","{""A: Small elite, most people at bottom"": [1], ""B: Pyramid"": [2], ""C: Pyramid with few at bottom"": [3], ""D: Most people in the middle"": [4], ""E: Many near top, few at bottom"": [5], ""Hard to say"": [8], ""No answer"": [9]}","[{""file"": ""data/documentation/issp/2009_ua_questionnaire.pdf"", ""pdf_pages"": [6], ""years"": [2009], ""url"": ""https://doi.org/10.4232/1.12777"", ""verification"": ""Ukrainian national questionnaire, Q14b"", ""excerpt"": """", ""sha256"": ""0a6c2663615eb773a628e6b102d7bee998e7fd7d7c989764fb42a616e9bf66ef""}, {""file"": ""data/documentation/issp/ZA7810_q_ua-ua.pdf"", ""pdf_pages"": [6, 7], ""years"": [2019], ""url"": ""https://doi.org/10.4232/1.13853"", ""verification"": ""Ukrainian national questionnaire, Q15b"", ""excerpt"": """", ""sha256"": ""de962a890533fb5272c33562ce5141c0fb7232abd81bd01fdf8deeba1079a356""}]","[""Ukrainian national questionnaires checked for 2009 and 2019, alongside the microdata value labels. Chart text is an English translation/summary. The Russian-language forms have not been independently compared here."", ""Respondents saw five diagrams and descriptions. The chart legend abbreviates those descriptions; the source link includes the original diagrams.""]",English translation/summary; Ukrainian 2019 wording below (shared stems and items joined),,issp__society_ideal,ISSP,society_ideal,"[2009, 2019]","{""A: Elite over a large bottom"": [1], ""B: Pyramid"": [2], ""C: Pyramid with few at bottom"": [3], ""D: Most people in the middle"": [4], ""E: Many near top, few at bottom"": [5], ""Don't know"": [8], ""No answer"": [9]}","{""A: Elite over a large bottom"": ""A: Small elite, most people at bottom"", ""B: Pyramid"": ""B: Pyramid"", ""C: Pyramid with few at bottom"": ""C: Pyramid with few at bottom"", ""D: Most people in the middle"": ""D: Most people in the middle"", ""E: Many near top, few at bottom"": ""E: Many near top, few at bottom"", ""Don't know"": ""Hard to say"", ""No answer"": ""No answer""}",2026-09-29,[]
How important is coming from a wealthy family for getting ahead in life?,Importance for success: coming from a wealthy family,,"Оцініть, будь ласка, наскільки важливим є те, що я зачитаю, для того, щоб досягти життєвого успіху… Пункт: походження з багатої родини.","{""1"": ""Надзвичайно важливо"", ""2"": ""Дуже важливо"", ""3"": ""Важливо"", ""4"": ""Не дуже важливо"", ""5"": ""Взагалі не важливо"", ""8 (2009); −8 (2019)"": ""Важко сказати / ВС (hard to say)"", ""9 (2009); −9 (2019)"": ""No answer (archive category)""}","{""Extremely / very important"": [1, 2], ""Not very / not at all important"": [4, 5], ""Important"": [3], ""Hard to say"": [8], ""No answer"": [9]}","[{""file"": ""data/documentation/issp/2009_ua_questionnaire.pdf"", ""pdf_pages"": [2], ""years"": [2009], ""url"": ""https://doi.org/10.4232/1.12777"", ""verification"": ""Ukrainian national questionnaire, Q1a"", ""excerpt"": """", ""sha256"": ""0a6c2663615eb773a628e6b102d7bee998e7fd7d7c989764fb42a616e9bf66ef""}, {""file"": ""data/documentation/issp/ZA7810_q_ua-ua.pdf"", ""pdf_pages"": [2], ""years"": [2019], ""url"": ""https://doi.org/10.4232/1.13853"", ""verification"": ""Ukrainian national questionnaire, Q1a"", ""excerpt"": """", ""sha256"": ""de962a890533fb5272c33562ce5141c0fb7232abd81bd01fdf8deeba1079a356""}]","[""Ukrainian national questionnaires checked for 2009 and 2019, alongside the microdata value labels. Chart text is an English translation/summary. The Russian-language forms have not been independently compared here.""]",English translation/summary; Ukrainian 2019 wording below (shared stems and items joined),,issp__ahead_wealth,ISSP,ahead_wealth,"[2009, 2019]","{""Essential / very important"": [1, 2], ""Not very / not at all important"": [4, 5], ""Important"": [3], ""Don't know"": [8], ""No answer"": [9]}","{""Essential / very important"": ""Extremely / very important"", ""Not very / not at all important"": ""Not very / not at all important"", ""Important"": ""Important"", ""Don't know"": ""Hard to say"", ""No answer"": ""No answer""}",2026-09-29,[]
How important is having well-educated parents for getting ahead in life?,Importance for success: having well-educated parents,,"Оцініть, будь ласка, наскільки важливим є те, що я зачитаю, для того, щоб досягти життєвого успіху… Пункт: мати батьків із хорошою освітою.","{""1"": ""Надзвичайно важливо"", ""2"": ""Дуже важливо"", ""3"": ""Важливо"", ""4"": ""Не дуже важливо"", ""5"": ""Взагалі не важливо"", ""8 (2009); −8 (2019)"": ""Важко сказати / ВС (hard to say)"", ""9 (2009); −9 (2019)"": ""No answer (archive category)""}","{""Extremely / very important"": [1, 2], ""Not very / not at all important"": [4, 5], ""Important"": [3], ""Hard to say"": [8], ""No answer"": [9]}","[{""file"": ""data/documentation/issp/2009_ua_questionnaire.pdf"", ""pdf_pages"": [2], ""years"": [2009], ""url"": ""https://doi.org/10.4232/1.12777"", ""verification"": ""Ukrainian national questionnaire, Q1b"", ""excerpt"": """", ""sha256"": ""0a6c2663615eb773a628e6b102d7bee998e7fd7d7c989764fb42a616e9bf66ef""}, {""file"": ""data/documentation/issp/ZA7810_q_ua-ua.pdf"", ""pdf_pages"": [2], ""years"": [2019], ""url"": ""https://doi.org/10.4232/1.13853"", ""verification"": ""Ukrainian national questionnaire, Q1b"", ""excerpt"": """", ""sha256"": ""de962a890533fb5272c33562ce5141c0fb7232abd81bd01fdf8deeba1079a356""}]","[""Ukrainian national questionnaires checked for 2009 and 2019, alongside the microdata value labels. Chart text is an English translation/summary. The Russian-language forms have not been independently compared here.""]",English translation/summary; Ukrainian 2019 wording below (shared stems and items joined),,issp__ahead_parents,ISSP,ahead_parents,"[2009, 2019]","{""Essential / very important"": [1, 2], ""Not very / not at all important"": [4, 5], ""Important"": [3], ""Don't know"": [8], ""No answer"": [9]}","{""Essential / very important"": ""Extremely / very important"", ""Not very / not at all important"": ""Not very / not at all important"", ""Important"": ""Important"", ""Don't know"": ""Hard to say"", ""No answer"": ""No answer""}",2026-09-29,[]
How important is personally obtaining a good education for getting ahead in life?,Importance for success: personally obtaining a good education,,"Оцініть, будь ласка, наскільки важливим є те, що я зачитаю, для того, щоб досягти життєвого успіху… Пункт: особисто здобути хорошу освіту.","{""1"": ""Надзвичайно важливо"", ""2"": ""Дуже важливо"", ""3"": ""Важливо"", ""4"": ""Не дуже важливо"", ""5"": ""Взагалі не важливо"", ""8 (2009); −8 (2019)"": ""Важко сказати / ВС (hard to say)"", ""9 (2009); −9 (2019)"": ""No answer (archive category)""}","{""Extremely / very important"": [1, 2], ""Not very / not at all important"": [4, 5], ""Important"": [3], ""Hard to say"": [8], ""No answer"": [9]}","[{""file"": ""data/documentation/issp/2009_ua_questionnaire.pdf"", ""pdf_pages"": [2], ""years"": [2009], ""url"": ""https://doi.org/10.4232/1.12777"", ""verification"": ""Ukrainian national questionnaire, Q1c"", ""excerpt"": """", ""sha256"": ""0a6c2663615eb773a628e6b102d7bee998e7fd7d7c989764fb42a616e9bf66ef""}, {""file"": ""data/documentation/issp/ZA7810_q_ua-ua.pdf"", ""pdf_pages"": [2], ""years"": [2019], ""url"": ""https://doi.org/10.4232/1.13853"", ""verification"": ""Ukrainian national questionnaire, Q1c"", ""excerpt"": """", ""sha256"": ""de962a890533fb5272c33562ce5141c0fb7232abd81bd01fdf8deeba1079a356""}]","[""Ukrainian national questionnaires checked for 2009 and 2019, alongside the microdata value labels. Chart text is an English translation/summary. The Russian-language forms have not been independently compared here.""]",English translation/summary; Ukrainian 2019 wording below (shared stems and items joined),,issp__ahead_education,ISSP,ahead_education,"[2009, 2019]","{""Essential / very important"": [1, 2], ""Not very / not at all important"": [4, 5], ""Important"": [3], ""Don't know"": [8], ""No answer"": [9]}","{""Essential / very important"": ""Extremely / very important"", ""Not very / not at all important"": ""Not very / not at all important"", ""Important"": ""Important"", ""Don't know"": ""Hard to say"", ""No answer"": ""No answer""}",2026-09-29,[]
How important is working hard and conscientiously for getting ahead in life?,Importance for success: working hard and conscientiously,,"Оцініть, будь ласка, наскільки важливим є те, що я зачитаю, для того, щоб досягти життєвого успіху… Пункт: тяжко й сумлінно працювати.","{""1"": ""Надзвичайно важливо"", ""2"": ""Дуже важливо"", ""3"": ""Важливо"", ""4"": ""Не дуже важливо"", ""5"": ""Взагалі не важливо"", ""8 (2009); −8 (2019)"": ""Важко сказати / ВС (hard to say)"", ""9 (2009); −9 (2019)"": ""No answer (archive category)""}","{""Extremely / very important"": [1, 2], ""Not very / not at all important"": [4, 5], ""Important"": [3], ""Hard to say"": [8], ""No answer"": [9]}","[{""file"": ""data/documentation/issp/2009_ua_questionnaire.pdf"", ""pdf_pages"": [2], ""years"": [2009], ""url"": ""https://doi.org/10.4232/1.12777"", ""verification"": ""Ukrainian national questionnaire, Q1e"", ""excerpt"": """", ""sha256"": ""0a6c2663615eb773a628e6b102d7bee998e7fd7d7c989764fb42a616e9bf66ef""}, {""file"": ""data/documentation/issp/ZA7810_q_ua-ua.pdf"", ""pdf_pages"": [2], ""years"": [2019], ""url"": ""https://doi.org/10.4232/1.13853"", ""verification"": ""Ukrainian national questionnaire, Q1d"", ""excerpt"": """", ""sha256"": ""de962a890533fb5272c33562ce5141c0fb7232abd81bd01fdf8deeba1079a356""}]","[""Ukrainian national questionnaires checked for 2009 and 2019, alongside the microdata value labels. Chart text is an English translation/summary. The Russian-language forms have not been independently compared here.""]",English translation/summary; Ukrainian 2019 wording below (shared stems and items joined),,issp__ahead_work,ISSP,ahead_work,"[2009, 2019]","{""Essential / very important"": [1, 2], ""Not very / not at all important"": [4, 5], ""Important"": [3], ""Don't know"": [8], ""No answer"": [9]}","{""Essential / very important"": ""Extremely / very important"", ""Not very / not at all important"": ""Not very / not at all important"", ""Important"": ""Important"", ""Don't know"": ""Hard to say"", ""No answer"": ""No answer""}",2026-09-29,[]
How important is having personal connections with the right people for getting ahead in life?,Importance for success: having personal connections with the right people,,"Оцініть, будь ласка, наскільки важливим є те, що я зачитаю, для того, щоб досягти життєвого успіху… Пункт: мати особисті зв’язки з «потрібними» людьми.","{""1"": ""Надзвичайно важливо"", ""2"": ""Дуже важливо"", ""3"": ""Важливо"", ""4"": ""Не дуже важливо"", ""5"": ""Взагалі не важливо"", ""8 (2009); −8 (2019)"": ""Важко сказати / ВС (hard to say)"", ""9 (2009); −9 (2019)"": ""No answer (archive category)""}","{""Extremely / very important"": [1, 2], ""Not very / not at all important"": [4, 5], ""Important"": [3], ""Hard to say"": [8], ""No answer"": [9]}","[{""file"": ""data/documentation/issp/2009_ua_questionnaire.pdf"", ""pdf_pages"": [2], ""years"": [2009], ""url"": ""https://doi.org/10.4232/1.12777"", ""verification"": ""Ukrainian national questionnaire, Q1f"", ""excerpt"": """", ""sha256"": ""0a6c2663615eb773a628e6b102d7bee998e7fd7d7c989764fb42a616e9bf66ef""}, {""file"": ""data/documentation/issp/ZA7810_q_ua-ua.pdf"", ""pdf_pages"": [2], ""years"": [2019], ""url"": ""https://doi.org/10.4232/1.13853"", ""verification"": ""Ukrainian national questionnaire, Q1e"", ""excerpt"": """", ""sha256"": ""de962a890533fb5272c33562ce5141c0fb7232abd81bd01fdf8deeba1079a356""}]","[""Ukrainian national questionnaires checked for 2009 and 2019, alongside the microdata value labels. Chart text is an English translation/summary. The Russian-language forms have not been independently compared here.""]",English translation/summary; Ukrainian 2019 wording below (shared stems and items joined),,issp__ahead_connections,ISSP,ahead_connections,"[2009, 2019]","{""Essential / very important"": [1, 2], ""Not very / not at all important"": [4, 5], ""Important"": [3], ""Don't know"": [8], ""No answer"": [9]}","{""Essential / very important"": ""Extremely / very important"", ""Not very / not at all important"": ""Not very / not at all important"", ""Important"": ""Important"", ""Don't know"": ""Hard to say"", ""No answer"": ""No answer""}",2026-09-29,[]
How important is having connections in political circles for getting ahead in life?,Importance for success: having connections in political circles,,"Оцініть, будь ласка, наскільки важливим є те, що я зачитаю, для того, щоб досягти життєвого успіху… Пункт: мати зв’язки у політичних колах.","{""1"": ""Надзвичайно важливо"", ""2"": ""Дуже важливо"", ""3"": ""Важливо"", ""4"": ""Не дуже важливо"", ""5"": ""Взагалі не важливо"", ""8 (2009); −8 (2019)"": ""Важко сказати / ВС (hard to say)"", ""9 (2009); −9 (2019)"": ""No answer (archive category)""}","{""Extremely / very important"": [1, 2], ""Not very / not at all important"": [4, 5], ""Important"": [3], ""Hard to say"": [8], ""No answer"": [9]}","[{""file"": ""data/documentation/issp/2009_ua_questionnaire.pdf"", ""pdf_pages"": [2], ""years"": [2009], ""url"": ""https://doi.org/10.4232/1.12777"", ""verification"": ""Ukrainian national questionnaire, Q1g"", ""excerpt"": """", ""sha256"": ""0a6c2663615eb773a628e6b102d7bee998e7fd7d7c989764fb42a616e9bf66ef""}, {""file"": ""data/documentation/issp/ZA7810_q_ua-ua.pdf"", ""pdf_pages"": [2], ""years"": [2019], ""url"": ""https://doi.org/10.4232/1.13853"", ""verification"": ""Ukrainian national questionnaire, Q1f"", ""excerpt"": """", ""sha256"": ""de962a890533fb5272c33562ce5141c0fb7232abd81bd01fdf8deeba1079a356""}]","[""Ukrainian national questionnaires checked for 2009 and 2019, alongside the microdata value labels. Chart text is an English translation/summary. The Russian-language forms have not been independently compared here.""]",English translation/summary; Ukrainian 2019 wording below (shared stems and items joined),,issp__ahead_political,ISSP,ahead_political,"[2009, 2019]","{""Essential / very important"": [1, 2], ""Not very / not at all important"": [4, 5], ""Important"": [3], ""Don't know"": [8], ""No answer"": [9]}","{""Essential / very important"": ""Extremely / very important"", ""Not very / not at all important"": ""Not very / not at all important"", ""Important"": ""Important"", ""Don't know"": ""Hard to say"", ""No answer"": ""No answer""}",2026-09-29,[]
How important is giving bribes for getting ahead in life?,Importance for success: giving bribes,,"Оцініть, будь ласка, наскільки важливим є те, що я зачитаю, для того, щоб досягти життєвого успіху… Пункт: давати хабарі.","{""1"": ""Надзвичайно важливо"", ""2"": ""Дуже важливо"", ""3"": ""Важливо"", ""4"": ""Не дуже важливо"", ""5"": ""Взагалі не важливо"", ""8 (2009); −8 (2019)"": ""Важко сказати / ВС (hard to say)"", ""9 (2009); −9 (2019)"": ""No answer (archive category)""}","{""Extremely / very important"": [1, 2], ""Not very / not at all important"": [4, 5], ""Important"": [3], ""Hard to say"": [8], ""No answer"": [9]}","[{""file"": ""data/documentation/issp/2009_ua_questionnaire.pdf"", ""pdf_pages"": [2], ""years"": [2009], ""url"": ""https://doi.org/10.4232/1.12777"", ""verification"": ""Ukrainian national questionnaire, Q1h"", ""excerpt"": """", ""sha256"": ""0a6c2663615eb773a628e6b102d7bee998e7fd7d7c989764fb42a616e9bf66ef""}, {""file"": ""data/documentation/issp/ZA7810_q_ua-ua.pdf"", ""pdf_pages"": [2], ""years"": [2019], ""url"": ""https://doi.org/10.4232/1.13853"", ""verification"": ""Ukrainian national questionnaire, Q1g"", ""excerpt"": """", ""sha256"": ""de962a890533fb5272c33562ce5141c0fb7232abd81bd01fdf8deeba1079a356""}]","[""Ukrainian national questionnaires checked for 2009 and 2019, alongside the microdata value labels. Chart text is an English translation/summary. The Russian-language forms have not been independently compared here.""]",English translation/summary; Ukrainian 2019 wording below (shared stems and items joined),,issp__ahead_bribes,ISSP,ahead_bribes,"[2009, 2019]","{""Essential / very important"": [1, 2], ""Not very / not at all important"": [4, 5], ""Important"": [3], ""Don't know"": [8], ""No answer"": [9]}","{""Essential / very important"": ""Extremely / very important"", ""Not very / not at all important"": ""Not very / not at all important"", ""Important"": ""Important"", ""Don't know"": ""Hard to say"", ""No answer"": ""No answer""}",2026-09-29,[]
How important is nationality / ethnic background for getting ahead in life?,Importance for success: nationality / ethnic background,,"Оцініть, будь ласка, наскільки важливим є те, що я зачитаю, для того, щоб досягти життєвого успіху… Пункт: національність.","{""1"": ""Надзвичайно важливо"", ""2"": ""Дуже важливо"", ""3"": ""Важливо"", ""4"": ""Не дуже важливо"", ""5"": ""Взагалі не важливо"", ""8 (2009); −8 (2019)"": ""Важко сказати / ВС (hard to say)"", ""9 (2009); −9 (2019)"": ""No answer (archive category)""}","{""Extremely / very important"": [1, 2], ""Not very / not at all important"": [4, 5], ""Important"": [3], ""Hard to say"": [8], ""No answer"": [9]}","[{""file"": ""data/documentation/issp/2009_ua_questionnaire.pdf"", ""pdf_pages"": [2], ""years"": [2009], ""url"": ""https://doi.org/10.4232/1.12777"", ""verification"": ""Ukrainian national questionnaire, Q1i"", ""excerpt"": """", ""sha256"": ""0a6c2663615eb773a628e6b102d7bee998e7fd7d7c989764fb42a616e9bf66ef""}, {""file"": ""data/documentation/issp/ZA7810_q_ua-ua.pdf"", ""pdf_pages"": [2], ""years"": [2019], ""url"": ""https://doi.org/10.4232/1.13853"", ""verification"": ""Ukrainian national questionnaire, Q1h"", ""excerpt"": """", ""sha256"": ""de962a890533fb5272c33562ce5141c0fb7232abd81bd01fdf8deeba1079a356""}]","[""Ukrainian national questionnaires checked for 2009 and 2019, alongside the microdata value labels. Chart text is an English translation/summary. The Russian-language forms have not been independently compared here."", ""National wording is “національність” (nationality/ethnic background), not “race” in the international source variable label.""]",English translation/summary; Ukrainian 2019 wording below (shared stems and items joined),,issp__ahead_race,ISSP,ahead_race,"[2009, 2019]","{""Essential / very important"": [1, 2], ""Not very / not at all important"": [4, 5], ""Important"": [3], ""Don't know"": [8], ""No answer"": [9]}","{""Essential / very important"": ""Extremely / very important"", ""Not very / not at all important"": ""Not very / not at all important"", ""Important"": ""Important"", ""Don't know"": ""Hard to say"", ""No answer"": ""No answer""}",2026-09-29,[]
How important is a person’s religion for getting ahead in life?,Importance for success: a person’s religion,,"Оцініть, будь ласка, наскільки важливим є те, що я зачитаю, для того, щоб досягти життєвого успіху… Пункт: релігія, котру сповідує людина.","{""1"": ""Надзвичайно важливо"", ""2"": ""Дуже важливо"", ""3"": ""Важливо"", ""4"": ""Не дуже важливо"", ""5"": ""Взагалі не важливо"", ""8 (2009); −8 (2019)"": ""Важко сказати / ВС (hard to say)"", ""9 (2009); −9 (2019)"": ""No answer (archive category)""}","{""Extremely / very important"": [1, 2], ""Not very / not at all important"": [4, 5], ""Important"": [3], ""Hard to say"": [8], ""No answer"": [9]}","[{""file"": ""data/documentation/issp/2009_ua_questionnaire.pdf"", ""pdf_pages"": [2], ""years"": [2009], ""url"": ""https://doi.org/10.4232/1.12777"", ""verification"": ""Ukrainian national questionnaire, Q1j"", ""excerpt"": """", ""sha256"": ""0a6c2663615eb773a628e6b102d7bee998e7fd7d7c989764fb42a616e9bf66ef""}, {""file"": ""data/documentation/issp/ZA7810_q_ua-ua.pdf"", ""pdf_pages"": [2], ""years"": [2019], ""url"": ""https://doi.org/10.4232/1.13853"", ""verification"": ""Ukrainian national questionnaire, Q1i"", ""excerpt"": """", ""sha256"": ""de962a890533fb5272c33562ce5141c0fb7232abd81bd01fdf8deeba1079a356""}]","[""Ukrainian national questionnaires checked for 2009 and 2019, alongside the microdata value labels. Chart text is an English translation/summary. The Russian-language forms have not been independently compared here.""]",English translation/summary; Ukrainian 2019 wording below (shared stems and items joined),,issp__ahead_religion,ISSP,ahead_religion,"[2009, 2019]","{""Essential / very important"": [1, 2], ""Not very / not at all important"": [4, 5], ""Important"": [3], ""Don't know"": [8], ""No answer"": [9]}","{""Essential / very important"": ""Extremely / very important"", ""Not very / not at all important"": ""Not very / not at all important"", ""Important"": ""Important"", ""Don't know"": ""Hard to say"", ""No answer"": ""No answer""}",2026-09-29,[]
How important is being a man or a woman for getting ahead in life?,Importance for success: being a man or a woman,,"Оцініть, будь ласка, наскільки важливим є те, що я зачитаю, для того, щоб досягти життєвого успіху… Пункт: бути чоловіком або жінкою.","{""1"": ""Надзвичайно важливо"", ""2"": ""Дуже важливо"", ""3"": ""Важливо"", ""4"": ""Не дуже важливо"", ""5"": ""Взагалі не важливо"", ""8 (2009); −8 (2019)"": ""Важко сказати / ВС (hard to say)"", ""9 (2009); −9 (2019)"": ""No answer (archive category)""}","{""Extremely / very important"": [1, 2], ""Not very / not at all important"": [4, 5], ""Important"": [3], ""Hard to say"": [8], ""No answer"": [9]}","[{""file"": ""data/documentation/issp/2009_ua_questionnaire.pdf"", ""pdf_pages"": [2], ""years"": [2009], ""url"": ""https://doi.org/10.4232/1.12777"", ""verification"": ""Ukrainian national questionnaire, Q1k"", ""excerpt"": """", ""sha256"": ""0a6c2663615eb773a628e6b102d7bee998e7fd7d7c989764fb42a616e9bf66ef""}, {""file"": ""data/documentation/issp/ZA7810_q_ua-ua.pdf"", ""pdf_pages"": [2], ""years"": [2019], ""url"": ""https://doi.org/10.4232/1.13853"", ""verification"": ""Ukrainian national questionnaire, Q1j"", ""excerpt"": """", ""sha256"": ""de962a890533fb5272c33562ce5141c0fb7232abd81bd01fdf8deeba1079a356""}]","[""Ukrainian national questionnaires checked for 2009 and 2019, alongside the microdata value labels. Chart text is an English translation/summary. The Russian-language forms have not been independently compared here.""]",English translation/summary; Ukrainian 2019 wording below (shared stems and items joined),,issp__ahead_gender,ISSP,ahead_gender,"[2009, 2019]","{""Essential / very important"": [1, 2], ""Not very / not at all important"": [4, 5], ""Important"": [3], ""Don't know"": [8], ""No answer"": [9]}","{""Essential / very important"": ""Extremely / very important"", ""Not very / not at all important"": ""Not very / not at all important"", ""Important"": ""Important"", ""Don't know"": ""Hard to say"", ""No answer"": ""No answer""}",2026-09-29,[]
"When deciding how much people should earn, how important is the responsibility of the job or position?",Pay-setting criterion: the responsibility of the job or position,,"При вирішенні питання щодо розміру заробітної плати працівників, наскільки важливим, на вашу думку, мають бути… ступінь відповідальності роботи чи посади?","{""1"": ""Надзвичайно важливо"", ""2"": ""Дуже важливо"", ""3"": ""Важливо"", ""4"": ""Не дуже важливо"", ""5"": ""Взагалі не важливо"", ""8 (2009); −8 (2019)"": ""Важко сказати / ВС (hard to say)"", ""9 (2009); −9 (2019)"": ""No answer (archive category)""}","{""Extremely / very important"": [1, 2], ""Not very / not at all important"": [4, 5], ""Important"": [3], ""Hard to say"": [8], ""No answer"": [9]}","[{""file"": ""data/documentation/issp/2009_ua_questionnaire.pdf"", ""pdf_pages"": [6], ""years"": [2009], ""url"": ""https://doi.org/10.4232/1.12777"", ""verification"": ""Ukrainian national questionnaire, Q12a"", ""excerpt"": """", ""sha256"": ""0a6c2663615eb773a628e6b102d7bee998e7fd7d7c989764fb42a616e9bf66ef""}, {""file"": ""data/documentation/issp/ZA7810_q_ua-ua.pdf"", ""pdf_pages"": [6], ""years"": [2019], ""url"": ""https://doi.org/10.4232/1.13853"", ""verification"": ""Ukrainian national questionnaire, Q14a"", ""excerpt"": """", ""sha256"": ""de962a890533fb5272c33562ce5141c0fb7232abd81bd01fdf8deeba1079a356""}]","[""Ukrainian national questionnaires checked for 2009 and 2019, alongside the microdata value labels. Chart text is an English translation/summary. The Russian-language forms have not been independently compared here."", ""The highest option is “Вкрай важливо” in the 2009 pay battery and “Надзвичайно важливо” in 2019; translated as “Extremely important”.""]",English translation/summary; Ukrainian 2019 wording below (shared stems and items joined),,issp__pay_responsibility,ISSP,pay_responsibility,"[2009, 2019]","{""Essential / very important"": [1, 2], ""Not very / not at all important"": [4, 5], ""Important"": [3], ""Don't know"": [8], ""No answer"": [9]}","{""Essential / very important"": ""Extremely / very important"", ""Not very / not at all important"": ""Not very / not at all important"", ""Important"": ""Important"", ""Don't know"": ""Hard to say"", ""No answer"": ""No answer""}",2026-09-29,[]
"When deciding how much people should earn, how important is years of general/specialised education and further training?",Pay-setting criterion: years of general/specialised education and further training,,"При вирішенні питання щодо розміру заробітної плати працівників, наскільки важливим, на вашу думку, мають бути… кількість років, проведених в закладах загальної та спеціальної освіти, а також підвищення кваліфікації?","{""1"": ""Надзвичайно важливо"", ""2"": ""Дуже важливо"", ""3"": ""Важливо"", ""4"": ""Не дуже важливо"", ""5"": ""Взагалі не важливо"", ""8 (2009); −8 (2019)"": ""Важко сказати / ВС (hard to say)"", ""9 (2009); −9 (2019)"": ""No answer (archive category)""}","{""Extremely / very important"": [1, 2], ""Not very / not at all important"": [4, 5], ""Important"": [3], ""Hard to say"": [8], ""No answer"": [9]}","[{""file"": ""data/documentation/issp/2009_ua_questionnaire.pdf"", ""pdf_pages"": [6], ""years"": [2009], ""url"": ""https://doi.org/10.4232/1.12777"", ""verification"": ""Ukrainian national questionnaire, Q12b"", ""excerpt"": """", ""sha256"": ""0a6c2663615eb773a628e6b102d7bee998e7fd7d7c989764fb42a616e9bf66ef""}, {""file"": ""data/documentation/issp/ZA7810_q_ua-ua.pdf"", ""pdf_pages"": [6], ""years"": [2019], ""url"": ""https://doi.org/10.4232/1.13853"", ""verification"": ""Ukrainian national questionnaire, Q14b"", ""excerpt"": """", ""sha256"": ""de962a890533fb5272c33562ce5141c0fb7232abd81bd01fdf8deeba1079a356""}]","[""Ukrainian national questionnaires checked for 2009 and 2019, alongside the microdata value labels. Chart text is an English translation/summary. The Russian-language forms have not been independently compared here."", ""The highest option is “Вкрай важливо” in the 2009 pay battery and “Надзвичайно важливо” in 2019; translated as “Extremely important”.""]",English translation/summary; Ukrainian 2019 wording below (shared stems and items joined),,issp__pay_education,ISSP,pay_education,"[2009, 2019]","{""Essential / very important"": [1, 2], ""Not very / not at all important"": [4, 5], ""Important"": [3], ""Don't know"": [8], ""No answer"": [9]}","{""Essential / very important"": ""Extremely / very important"", ""Not very / not at all important"": ""Not very / not at all important"", ""Important"": ""Important"", ""Don't know"": ""Hard to say"", ""No answer"": ""No answer""}",2026-09-29,[]
"When deciding how much people should earn, how important is whether the person has children?",Pay-setting criterion: whether the person has children,,"При вирішенні питання щодо розміру заробітної плати працівників, наскільки важливим, на вашу думку, мають бути… якщо людина має дітей?","{""1"": ""Надзвичайно важливо"", ""2"": ""Дуже важливо"", ""3"": ""Важливо"", ""4"": ""Не дуже важливо"", ""5"": ""Взагалі не важливо"", ""8 (2009); −8 (2019)"": ""Важко сказати / ВС (hard to say)"", ""9 (2009); −9 (2019)"": ""No answer (archive category)""}","{""Extremely / very important"": [1, 2], ""Not very / not at all important"": [4, 5], ""Important"": [3], ""Hard to say"": [8], ""No answer"": [9]}","[{""file"": ""data/documentation/issp/2009_ua_questionnaire.pdf"", ""pdf_pages"": [6], ""years"": [2009], ""url"": ""https://doi.org/10.4232/1.12777"", ""verification"": ""Ukrainian national questionnaire, Q12d"", ""excerpt"": """", ""sha256"": ""0a6c2663615eb773a628e6b102d7bee998e7fd7d7c989764fb42a616e9bf66ef""}, {""file"": ""data/documentation/issp/ZA7810_q_ua-ua.pdf"", ""pdf_pages"": [6], ""years"": [2019], ""url"": ""https://doi.org/10.4232/1.13853"", ""verification"": ""Ukrainian national questionnaire, Q14c"", ""excerpt"": """", ""sha256"": ""de962a890533fb5272c33562ce5141c0fb7232abd81bd01fdf8deeba1079a356""}]","[""Ukrainian national questionnaires checked for 2009 and 2019, alongside the microdata value labels. Chart text is an English translation/summary. The Russian-language forms have not been independently compared here."", ""The highest option is “Вкрай важливо” in the 2009 pay battery and “Надзвичайно важливо” in 2019; translated as “Extremely important”.""]",English translation/summary; Ukrainian 2019 wording below (shared stems and items joined),,issp__pay_children,ISSP,pay_children,"[2009, 2019]","{""Essential / very important"": [1, 2], ""Not very / not at all important"": [4, 5], ""Important"": [3], ""Don't know"": [8], ""No answer"": [9]}","{""Essential / very important"": ""Extremely / very important"", ""Not very / not at all important"": ""Not very / not at all important"", ""Important"": ""Important"", ""Don't know"": ""Hard to say"", ""No answer"": ""No answer""}",2026-09-29,[]
"When deciding how much people should earn, how important is how well the person does the job?",Pay-setting criterion: how well the person does the job,,"При вирішенні питання щодо розміру заробітної плати працівників, наскільки важливим, на вашу думку, мають бути… те, як добре він / вона виконують свою роботу?","{""1"": ""Надзвичайно важливо"", ""2"": ""Дуже важливо"", ""3"": ""Важливо"", ""4"": ""Не дуже важливо"", ""5"": ""Взагалі не важливо"", ""8 (2009); −8 (2019)"": ""Важко сказати / ВС (hard to say)"", ""9 (2009); −9 (2019)"": ""No answer (archive category)""}","{""Extremely / very important"": [1, 2], ""Not very / not at all important"": [4, 5], ""Important"": [3], ""Hard to say"": [8], ""No answer"": [9]}","[{""file"": ""data/documentation/issp/2009_ua_questionnaire.pdf"", ""pdf_pages"": [6], ""years"": [2009], ""url"": ""https://doi.org/10.4232/1.12777"", ""verification"": ""Ukrainian national questionnaire, Q12e"", ""excerpt"": """", ""sha256"": ""0a6c2663615eb773a628e6b102d7bee998e7fd7d7c989764fb42a616e9bf66ef""}, {""file"": ""data/documentation/issp/ZA7810_q_ua-ua.pdf"", ""pdf_pages"": [6], ""years"": [2019], ""url"": ""https://doi.org/10.4232/1.13853"", ""verification"": ""Ukrainian national questionnaire, Q14d"", ""excerpt"": """", ""sha256"": ""de962a890533fb5272c33562ce5141c0fb7232abd81bd01fdf8deeba1079a356""}]","[""Ukrainian national questionnaires checked for 2009 and 2019, alongside the microdata value labels. Chart text is an English translation/summary. The Russian-language forms have not been independently compared here."", ""The highest option is “Вкрай важливо” in the 2009 pay battery and “Надзвичайно важливо” in 2019; translated as “Extremely important”.""]",English translation/summary; Ukrainian 2019 wording below (shared stems and items joined),,issp__pay_performance,ISSP,pay_performance,"[2009, 2019]","{""Essential / very important"": [1, 2], ""Not very / not at all important"": [4, 5], ""Important"": [3], ""Don't know"": [8], ""No answer"": [9]}","{""Essential / very important"": ""Extremely / very important"", ""Not very / not at all important"": ""Not very / not at all important"", ""Important"": ""Important"", ""Don't know"": ""Hard to say"", ""No answer"": ""No answer""}",2026-09-29,[]
How strong is the conflict in Ukraine between rich and poor?,Perceived conflict: rich and poor,,"В багатьох країнах існують відмінності або навіть конфлікти між соціальними групами. На вашу думку, наскільки гострим є конфлікт в Україні між… бідними та багатими?","{""1"": ""Дуже гострий конфлікт"", ""2"": ""Гострий конфлікт"", ""3"": ""Не дуже гострий конфлікт"", ""4"": ""Немає конфлікту взагалі"", ""8 (2009); −8 (2019)"": ""Важко сказати / ВС (hard to say)"", ""9 (2009); −9 (2019)"": ""No answer (archive category)""}","{""Very strong / strong conflicts"": [1, 2], ""Not very strong / no conflicts"": [3, 4], ""Hard to say"": [8], ""No answer"": [9]}","[{""file"": ""data/documentation/issp/2009_ua_questionnaire.pdf"", ""pdf_pages"": [5], ""years"": [2009], ""url"": ""https://doi.org/10.4232/1.12777"", ""verification"": ""Ukrainian national questionnaire, Q9a"", ""excerpt"": """", ""sha256"": ""0a6c2663615eb773a628e6b102d7bee998e7fd7d7c989764fb42a616e9bf66ef""}, {""file"": ""data/documentation/issp/ZA7810_q_ua-ua.pdf"", ""pdf_pages"": [5], ""years"": [2019], ""url"": ""https://doi.org/10.4232/1.13853"", ""verification"": ""Ukrainian national questionnaire, Q12a"", ""excerpt"": """", ""sha256"": ""de962a890533fb5272c33562ce5141c0fb7232abd81bd01fdf8deeba1079a356""}]","[""Ukrainian national questionnaires checked for 2009 and 2019, alongside the microdata value labels. Chart text is an English translation/summary. The Russian-language forms have not been independently compared here.""]",English translation/summary; Ukrainian 2019 wording below (shared stems and items joined),,issp__conflict_rich_poor,ISSP,conflict_rich_poor,"[2009, 2019]","{""Strong conflicts"": [1, 2], ""Weak / no conflicts"": [3, 4], ""Don't know"": [8], ""No answer"": [9]}","{""Strong conflicts"": ""Very strong / strong conflicts"", ""Weak / no conflicts"": ""Not very strong / no conflicts"", ""Don't know"": ""Hard to say"", ""No answer"": ""No answer""}",2026-09-29,[]
How strong is the conflict in Ukraine between the working and middle classes?,Perceived conflict: the working and middle classes,,"В багатьох країнах існують відмінності або навіть конфлікти між соціальними групами. На вашу думку, наскільки гострим є конфлікт в Україні між… робітничим класом і середнім класом?","{""1"": ""Дуже гострий конфлікт"", ""2"": ""Гострий конфлікт"", ""3"": ""Не дуже гострий конфлікт"", ""4"": ""Немає конфлікту взагалі"", ""8 (2009); −8 (2019)"": ""Важко сказати / ВС (hard to say)"", ""9 (2009); −9 (2019)"": ""No answer (archive category)""}","{""Very strong / strong conflicts"": [1, 2], ""Not very strong / no conflicts"": [3, 4], ""Hard to say"": [8], ""No answer"": [9]}","[{""file"": ""data/documentation/issp/2009_ua_questionnaire.pdf"", ""pdf_pages"": [5], ""years"": [2009], ""url"": ""https://doi.org/10.4232/1.12777"", ""verification"": ""Ukrainian national questionnaire, Q9b"", ""excerpt"": """", ""sha256"": ""0a6c2663615eb773a628e6b102d7bee998e7fd7d7c989764fb42a616e9bf66ef""}, {""file"": ""data/documentation/issp/ZA7810_q_ua-ua.pdf"", ""pdf_pages"": [5], ""years"": [2019], ""url"": ""https://doi.org/10.4232/1.13853"", ""verification"": ""Ukrainian national questionnaire, Q12b"", ""excerpt"": """", ""sha256"": ""de962a890533fb5272c33562ce5141c0fb7232abd81bd01fdf8deeba1079a356""}]","[""Ukrainian national questionnaires checked for 2009 and 2019, alongside the microdata value labels. Chart text is an English translation/summary. The Russian-language forms have not been independently compared here.""]",English translation/summary; Ukrainian 2019 wording below (shared stems and items joined),,issp__conflict_class,ISSP,conflict_class,"[2009, 2019]","{""Strong conflicts"": [1, 2], ""Weak / no conflicts"": [3, 4], ""Don't know"": [8], ""No answer"": [9]}","{""Strong conflicts"": ""Very strong / strong conflicts"", ""Weak / no conflicts"": ""Not very strong / no conflicts"", ""Don't know"": ""Hard to say"", ""No answer"": ""No answer""}",2026-09-29,[]
How strong is the conflict in Ukraine between management and employees?,Perceived conflict: management and employees,,"В багатьох країнах існують відмінності або навіть конфлікти між соціальними групами. На вашу думку, наскільки гострим є конфлікт в Україні між… керівним персоналом та працівниками?","{""1"": ""Дуже гострий конфлікт"", ""2"": ""Гострий конфлікт"", ""3"": ""Не дуже гострий конфлікт"", ""4"": ""Немає конфлікту взагалі"", ""8 (2009); −8 (2019)"": ""Важко сказати / ВС (hard to say)"", ""9 (2009); −9 (2019)"": ""No answer (archive category)""}","{""Very strong / strong conflicts"": [1, 2], ""Not very strong / no conflicts"": [3, 4], ""Hard to say"": [8], ""No answer"": [9]}","[{""file"": ""data/documentation/issp/2009_ua_questionnaire.pdf"", ""pdf_pages"": [5], ""years"": [2009], ""url"": ""https://doi.org/10.4232/1.12777"", ""verification"": ""Ukrainian national questionnaire, Q9c"", ""excerpt"": """", ""sha256"": ""0a6c2663615eb773a628e6b102d7bee998e7fd7d7c989764fb42a616e9bf66ef""}, {""file"": ""data/documentation/issp/ZA7810_q_ua-ua.pdf"", ""pdf_pages"": [5], ""years"": [2019], ""url"": ""https://doi.org/10.4232/1.13853"", ""verification"": ""Ukrainian national questionnaire, Q12c"", ""excerpt"": """", ""sha256"": ""de962a890533fb5272c33562ce5141c0fb7232abd81bd01fdf8deeba1079a356""}]","[""Ukrainian national questionnaires checked for 2009 and 2019, alongside the microdata value labels. Chart text is an English translation/summary. The Russian-language forms have not been independently compared here.""]",English translation/summary; Ukrainian 2019 wording below (shared stems and items joined),,issp__conflict_management,ISSP,conflict_management,"[2009, 2019]","{""Strong conflicts"": [1, 2], ""Weak / no conflicts"": [3, 4], ""Don't know"": [8], ""No answer"": [9]}","{""Strong conflicts"": ""Very strong / strong conflicts"", ""Weak / no conflicts"": ""Not very strong / no conflicts"", ""Don't know"": ""Hard to say"", ""No answer"": ""No answer""}",2026-09-29,[]
How much do you think a general physician actually earns per month after all taxes?,Perceived monthly pay: a general physician,"Monthly UAH after all taxes, nominal prices; respondent estimates.","Нам було б цікаво дізнатися, скільки, на вашу думку, реально заробляють в місяць представники деяких професій та посад після вирахування усіх податків. Професія/посада: лікар-терапевт.","{""amount"": ""Open response: monthly UAH after all taxes"", ""special"": ""Do not know / refusal / other negative special codes excluded; archive labels retained in the crosswalk""}","{""Mean"": []}","[{""file"": ""data/documentation/issp/2009_ua_questionnaire.pdf"", ""pdf_pages"": [3], ""years"": [2009], ""url"": ""https://doi.org/10.4232/1.12777"", ""verification"": ""Ukrainian national questionnaire, Q4a"", ""excerpt"": """", ""sha256"": ""0a6c2663615eb773a628e6b102d7bee998e7fd7d7c989764fb42a616e9bf66ef""}, {""file"": ""data/documentation/issp/ZA7810_q_ua-ua.pdf"", ""pdf_pages"": [2], ""years"": [2019], ""url"": ""https://doi.org/10.4232/1.13853"", ""verification"": ""Ukrainian national questionnaire, Q2a"", ""excerpt"": """", ""sha256"": ""de962a890533fb5272c33562ce5141c0fb7232abd81bd01fdf8deeba1079a356""}]","[""Ukrainian national questionnaires checked for 2009 and 2019, alongside the microdata value labels. Chart text is an English translation/summary. The Russian-language forms have not been independently compared here."", ""Respondent estimates of actual/desired pay, not observed wages. Open monetary answers, monthly UAH after taxes; nominal prices, no inflation adjustment.""]",English translation/summary; Ukrainian 2019 wording below (shared stems and items joined),,issp__earn_actual_doctor,ISSP,earn_actual_doctor,"[2009, 2019]","{""Mean"": []}","{""Mean"": ""Mean""}",2026-09-29,[]
How much do you think a general physician should earn per month after all taxes?,Desired monthly pay: a general physician,"Monthly UAH after all taxes, nominal prices; respondent estimates.","Не зважаючи на ту платню, яку, на вашу думку, вони заробляють, будь ласка, вкажіть скільки, на вашу думку, вони мають заробляти на місяць після відрахування усіх податків. Професія/посада: лікар-терапевт.","{""amount"": ""Open response: monthly UAH after all taxes"", ""special"": ""Do not know / refusal / other negative special codes excluded; archive labels retained in the crosswalk""}","{""Mean"": []}","[{""file"": ""data/documentation/issp/2009_ua_questionnaire.pdf"", ""pdf_pages"": [3], ""years"": [2009], ""url"": ""https://doi.org/10.4232/1.12777"", ""verification"": ""Ukrainian national questionnaire, Q5a"", ""excerpt"": """", ""sha256"": ""0a6c2663615eb773a628e6b102d7bee998e7fd7d7c989764fb42a616e9bf66ef""}, {""file"": ""data/documentation/issp/ZA7810_q_ua-ua.pdf"", ""pdf_pages"": [2], ""years"": [2019], ""url"": ""https://doi.org/10.4232/1.13853"", ""verification"": ""Ukrainian national questionnaire, Q3a"", ""excerpt"": """", ""sha256"": ""de962a890533fb5272c33562ce5141c0fb7232abd81bd01fdf8deeba1079a356""}]","[""Ukrainian national questionnaires checked for 2009 and 2019, alongside the microdata value labels. Chart text is an English translation/summary. The Russian-language forms have not been independently compared here."", ""Respondent estimates of actual/desired pay, not observed wages. Open monetary answers, monthly UAH after taxes; nominal prices, no inflation adjustment.""]",English translation/summary; Ukrainian 2019 wording below (shared stems and items joined),,issp__earn_ideal_doctor,ISSP,earn_ideal_doctor,"[2009, 2019]","{""Mean"": []}","{""Mean"": ""Mean""}",2026-09-29,[]
How much do you think the chair of a large company’s board actually earns per month after all taxes?,Perceived monthly pay: the chair of a large company’s board,"Monthly UAH after all taxes, nominal prices; respondent estimates.","Нам було б цікаво дізнатися, скільки, на вашу думку, реально заробляють в місяць представники деяких професій та посад після вирахування усіх податків. Професія/посада: голова правління великої компанії.","{""amount"": ""Open response: monthly UAH after all taxes"", ""special"": ""Do not know / refusal / other negative special codes excluded; archive labels retained in the crosswalk""}","{""Mean"": []}","[{""file"": ""data/documentation/issp/2009_ua_questionnaire.pdf"", ""pdf_pages"": [3], ""years"": [2009], ""url"": ""https://doi.org/10.4232/1.12777"", ""verification"": ""Ukrainian national questionnaire, Q4b"", ""excerpt"": """", ""sha256"": ""0a6c2663615eb773a628e6b102d7bee998e7fd7d7c989764fb42a616e9bf66ef""}, {""file"": ""data/documentation/issp/ZA7810_q_ua-ua.pdf"", ""pdf_pages"": [2], ""years"": [2019], ""url"": ""https://doi.org/10.4232/1.13853"", ""verification"": ""Ukrainian national questionnaire, Q2b"", ""excerpt"": """", ""sha256"": ""de962a890533fb5272c33562ce5141c0fb7232abd81bd01fdf8deeba1079a356""}]","[""Ukrainian national questionnaires checked for 2009 and 2019, alongside the microdata value labels. Chart text is an English translation/summary. The Russian-language forms have not been independently compared here."", ""Respondent estimates of actual/desired pay, not observed wages. Open monetary answers, monthly UAH after taxes; nominal prices, no inflation adjustment.""]",English translation/summary; Ukrainian 2019 wording below (shared stems and items joined),,issp__earn_actual_chairman,ISSP,earn_actual_chairman,"[2009, 2019]","{""Mean"": []}","{""Mean"": ""Mean""}",2026-09-29,[]
How much do you think the chair of a large company’s board should earn per month after all taxes?,Desired monthly pay: the chair of a large company’s board,"Monthly UAH after all taxes, nominal prices; respondent estimates.","Не зважаючи на ту платню, яку, на вашу думку, вони заробляють, будь ласка, вкажіть скільки, на вашу думку, вони мають заробляти на місяць після відрахування усіх податків. Професія/посада: голова правління великої компанії.","{""amount"": ""Open response: monthly UAH after all taxes"", ""special"": ""Do not know / refusal / other negative special codes excluded; archive labels retained in the crosswalk""}","{""Mean"": []}","[{""file"": ""data/documentation/issp/2009_ua_questionnaire.pdf"", ""pdf_pages"": [3], ""years"": [2009], ""url"": ""https://doi.org/10.4232/1.12777"", ""verification"": ""Ukrainian national questionnaire, Q5b"", ""excerpt"": """", ""sha256"": ""0a6c2663615eb773a628e6b102d7bee998e7fd7d7c989764fb42a616e9bf66ef""}, {""file"": ""data/documentation/issp/ZA7810_q_ua-ua.pdf"", ""pdf_pages"": [2], ""years"": [2019], ""url"": ""https://doi.org/10.4232/1.13853"", ""verification"": ""Ukrainian national questionnaire, Q3b"", ""excerpt"": """", ""sha256"": ""de962a890533fb5272c33562ce5141c0fb7232abd81bd01fdf8deeba1079a356""}]","[""Ukrainian national questionnaires checked for 2009 and 2019, alongside the microdata value labels. Chart text is an English translation/summary. The Russian-language forms have not been independently compared here."", ""Respondent estimates of actual/desired pay, not observed wages. Open monetary answers, monthly UAH after taxes; nominal prices, no inflation adjustment.""]",English translation/summary; Ukrainian 2019 wording below (shared stems and items joined),,issp__earn_ideal_chairman,ISSP,earn_ideal_chairman,"[2009, 2019]","{""Mean"": []}","{""Mean"": ""Mean""}",2026-09-29,[]
How much do you think a shop assistant actually earns per month after all taxes?,Perceived monthly pay: a shop assistant,"Monthly UAH after all taxes, nominal prices; respondent estimates.","Нам було б цікаво дізнатися, скільки, на вашу думку, реально заробляють в місяць представники деяких професій та посад після вирахування усіх податків. Професія/посада: продавець у магазині.","{""amount"": ""Open response: monthly UAH after all taxes"", ""special"": ""Do not know / refusal / other negative special codes excluded; archive labels retained in the crosswalk""}","{""Mean"": []}","[{""file"": ""data/documentation/issp/2009_ua_questionnaire.pdf"", ""pdf_pages"": [3], ""years"": [2009], ""url"": ""https://doi.org/10.4232/1.12777"", ""verification"": ""Ukrainian national questionnaire, Q4c"", ""excerpt"": """", ""sha256"": ""0a6c2663615eb773a628e6b102d7bee998e7fd7d7c989764fb42a616e9bf66ef""}, {""file"": ""data/documentation/issp/ZA7810_q_ua-ua.pdf"", ""pdf_pages"": [2], ""years"": [2019], ""url"": ""https://doi.org/10.4232/1.13853"", ""verification"": ""Ukrainian national questionnaire, Q2c"", ""excerpt"": """", ""sha256"": ""de962a890533fb5272c33562ce5141c0fb7232abd81bd01fdf8deeba1079a356""}]","[""Ukrainian national questionnaires checked for 2009 and 2019, alongside the microdata value labels. Chart text is an English translation/summary. The Russian-language forms have not been independently compared here."", ""Respondent estimates of actual/desired pay, not observed wages. Open monetary answers, monthly UAH after taxes; nominal prices, no inflation adjustment.""]",English translation/summary; Ukrainian 2019 wording below (shared stems and items joined),,issp__earn_actual_shop,ISSP,earn_actual_shop,"[2009, 2019]","{""Mean"": []}","{""Mean"": ""Mean""}",2026-09-29,[]
How much do you think a shop assistant should earn per month after all taxes?,Desired monthly pay: a shop assistant,"Monthly UAH after all taxes, nominal prices; respondent estimates.","Не зважаючи на ту платню, яку, на вашу думку, вони заробляють, будь ласка, вкажіть скільки, на вашу думку, вони мають заробляти на місяць після відрахування усіх податків. Професія/посада: продавець у магазині.","{""amount"": ""Open response: monthly UAH after all taxes"", ""special"": ""Do not know / refusal / other negative special codes excluded; archive labels retained in the crosswalk""}","{""Mean"": []}","[{""file"": ""data/documentation/issp/2009_ua_questionnaire.pdf"", ""pdf_pages"": [3], ""years"": [2009], ""url"": ""https://doi.org/10.4232/1.12777"", ""verification"": ""Ukrainian national questionnaire, Q5c"", ""excerpt"": """", ""sha256"": ""0a6c2663615eb773a628e6b102d7bee998e7fd7d7c989764fb42a616e9bf66ef""}, {""file"": ""data/documentation/issp/ZA7810_q_ua-ua.pdf"", ""pdf_pages"": [2], ""years"": [2019], ""url"": ""https://doi.org/10.4232/1.13853"", ""verification"": ""Ukrainian national questionnaire, Q3c"", ""excerpt"": """", ""sha256"": ""de962a890533fb5272c33562ce5141c0fb7232abd81bd01fdf8deeba1079a356""}]","[""Ukrainian national questionnaires checked for 2009 and 2019, alongside the microdata value labels. Chart text is an English translation/summary. The Russian-language forms have not been independently compared here."", ""Respondent estimates of actual/desired pay, not observed wages. Open monetary answers, monthly UAH after taxes; nominal prices, no inflation adjustment.""]",English translation/summary; Ukrainian 2019 wording below (shared stems and items joined),,issp__earn_ideal_shop,ISSP,earn_ideal_shop,"[2009, 2019]","{""Mean"": []}","{""Mean"": ""Mean""}",2026-09-29,[]
How much do you think an unskilled factory worker actually earns per month after all taxes?,Perceived monthly pay: an unskilled factory worker,"Monthly UAH after all taxes, nominal prices; respondent estimates.","Нам було б цікаво дізнатися, скільки, на вашу думку, реально заробляють в місяць представники деяких професій та посад після вирахування усіх податків. Професія/посада: некваліфікований робітник на заводі.","{""amount"": ""Open response: monthly UAH after all taxes"", ""special"": ""Do not know / refusal / other negative special codes excluded; archive labels retained in the crosswalk""}","{""Mean"": []}","[{""file"": ""data/documentation/issp/2009_ua_questionnaire.pdf"", ""pdf_pages"": [3], ""years"": [2009], ""url"": ""https://doi.org/10.4232/1.12777"", ""verification"": ""Ukrainian national questionnaire, Q4d"", ""excerpt"": """", ""sha256"": ""0a6c2663615eb773a628e6b102d7bee998e7fd7d7c989764fb42a616e9bf66ef""}, {""file"": ""data/documentation/issp/ZA7810_q_ua-ua.pdf"", ""pdf_pages"": [2], ""years"": [2019], ""url"": ""https://doi.org/10.4232/1.13853"", ""verification"": ""Ukrainian national questionnaire, Q2d"", ""excerpt"": """", ""sha256"": ""de962a890533fb5272c33562ce5141c0fb7232abd81bd01fdf8deeba1079a356""}]","[""Ukrainian national questionnaires checked for 2009 and 2019, alongside the microdata value labels. Chart text is an English translation/summary. The Russian-language forms have not been independently compared here."", ""Respondent estimates of actual/desired pay, not observed wages. Open monetary answers, monthly UAH after taxes; nominal prices, no inflation adjustment.""]",English translation/summary; Ukrainian 2019 wording below (shared stems and items joined),,issp__earn_actual_worker,ISSP,earn_actual_worker,"[2009, 2019]","{""Mean"": []}","{""Mean"": ""Mean""}",2026-09-29,[]
How much do you think an unskilled factory worker should earn per month after all taxes?,Desired monthly pay: an unskilled factory worker,"Monthly UAH after all taxes, nominal prices; respondent estimates.","Не зважаючи на ту платню, яку, на вашу думку, вони заробляють, будь ласка, вкажіть скільки, на вашу думку, вони мають заробляти на місяць після відрахування усіх податків. Професія/посада: некваліфікований робітник на заводі.","{""amount"": ""Open response: monthly UAH after all taxes"", ""special"": ""Do not know / refusal / other negative special codes excluded; archive labels retained in the crosswalk""}","{""Mean"": []}","[{""file"": ""data/documentation/issp/2009_ua_questionnaire.pdf"", ""pdf_pages"": [3], ""years"": [2009], ""url"": ""https://doi.org/10.4232/1.12777"", ""verification"": ""Ukrainian national questionnaire, Q5d"", ""excerpt"": """", ""sha256"": ""0a6c2663615eb773a628e6b102d7bee998e7fd7d7c989764fb42a616e9bf66ef""}, {""file"": ""data/documentation/issp/ZA7810_q_ua-ua.pdf"", ""pdf_pages"": [2], ""years"": [2019], ""url"": ""https://doi.org/10.4232/1.13853"", ""verification"": ""Ukrainian national questionnaire, Q3d"", ""excerpt"": """", ""sha256"": ""de962a890533fb5272c33562ce5141c0fb7232abd81bd01fdf8deeba1079a356""}]","[""Ukrainian national questionnaires checked for 2009 and 2019, alongside the microdata value labels. Chart text is an English translation/summary. The Russian-language forms have not been independently compared here."", ""Respondent estimates of actual/desired pay, not observed wages. Open monetary answers, monthly UAH after taxes; nominal prices, no inflation adjustment.""]",English translation/summary; Ukrainian 2019 wording below (shared stems and items joined),,issp__earn_ideal_worker,ISSP,earn_ideal_worker,"[2009, 2019]","{""Mean"": []}","{""Mean"": ""Mean""}",2026-09-29,[]
How much do you think a minister in Ukraine’s government actually earns per month after all taxes?,Perceived monthly pay: a minister in Ukraine’s government,"Monthly UAH after all taxes, nominal prices; respondent estimates.","Нам було б цікаво дізнатися, скільки, на вашу думку, реально заробляють в місяць представники деяких професій та посад після вирахування усіх податків. Професія/посада: міністр Уряду України.","{""amount"": ""Open response: monthly UAH after all taxes"", ""special"": ""Do not know / refusal / other negative special codes excluded; archive labels retained in the crosswalk""}","{""Mean"": []}","[{""file"": ""data/documentation/issp/2009_ua_questionnaire.pdf"", ""pdf_pages"": [3], ""years"": [2009], ""url"": ""https://doi.org/10.4232/1.12777"", ""verification"": ""Ukrainian national questionnaire, Q4e"", ""excerpt"": """", ""sha256"": ""0a6c2663615eb773a628e6b102d7bee998e7fd7d7c989764fb42a616e9bf66ef""}, {""file"": ""data/documentation/issp/ZA7810_q_ua-ua.pdf"", ""pdf_pages"": [2], ""years"": [2019], ""url"": ""https://doi.org/10.4232/1.13853"", ""verification"": ""Ukrainian national questionnaire, Q2e"", ""excerpt"": """", ""sha256"": ""de962a890533fb5272c33562ce5141c0fb7232abd81bd01fdf8deeba1079a356""}]","[""Ukrainian national questionnaires checked for 2009 and 2019, alongside the microdata value labels. Chart text is an English translation/summary. The Russian-language forms have not been independently compared here."", ""Respondent estimates of actual/desired pay, not observed wages. Open monetary answers, monthly UAH after taxes; nominal prices, no inflation adjustment.""]",English translation/summary; Ukrainian 2019 wording below (shared stems and items joined),,issp__earn_actual_minister,ISSP,earn_actual_minister,"[2009, 2019]","{""Mean"": []}","{""Mean"": ""Mean""}",2026-09-29,[]
How much do you think a minister in Ukraine’s government should earn per month after all taxes?,Desired monthly pay: a minister in Ukraine’s government,"Monthly UAH after all taxes, nominal prices; respondent estimates.","Не зважаючи на ту платню, яку, на вашу думку, вони заробляють, будь ласка, вкажіть скільки, на вашу думку, вони мають заробляти на місяць після відрахування усіх податків. Професія/посада: міністр Уряду України.","{""amount"": ""Open response: monthly UAH after all taxes"", ""special"": ""Do not know / refusal / other negative special codes excluded; archive labels retained in the crosswalk""}","{""Mean"": []}","[{""file"": ""data/documentation/issp/2009_ua_questionnaire.pdf"", ""pdf_pages"": [3], ""years"": [2009], ""url"": ""https://doi.org/10.4232/1.12777"", ""verification"": ""Ukrainian national questionnaire, Q5e"", ""excerpt"": """", ""sha256"": ""0a6c2663615eb773a628e6b102d7bee998e7fd7d7c989764fb42a616e9bf66ef""}, {""file"": ""data/documentation/issp/ZA7810_q_ua-ua.pdf"", ""pdf_pages"": [2], ""years"": [2019], ""url"": ""https://doi.org/10.4232/1.13853"", ""verification"": ""Ukrainian national questionnaire, Q3e"", ""excerpt"": """", ""sha256"": ""de962a890533fb5272c33562ce5141c0fb7232abd81bd01fdf8deeba1079a356""}]","[""Ukrainian national questionnaires checked for 2009 and 2019, alongside the microdata value labels. Chart text is an English translation/summary. The Russian-language forms have not been independently compared here."", ""Respondent estimates of actual/desired pay, not observed wages. Open monetary answers, monthly UAH after taxes; nominal prices, no inflation adjustment.""]",English translation/summary; Ukrainian 2019 wording below (shared stems and items joined),,issp__earn_ideal_minister,ISSP,earn_ideal_minister,"[2009, 2019]","{""Mean"": []}","{""Mean"": ""Mean""}",2026-09-29,[]
