variable,label,included,reason
name,Title of dataset,False,"Reported experience, circumstances, general politics or other subject; not a selected market/state attitude"
essround,ESS round,False,"Reported experience, circumstances, general politics or other subject; not a selected market/state attitude"
edition,Edition,False,"Reported experience, circumstances, general politics or other subject; not a selected market/state attitude"
proddate,Production date,False,"Reported experience, circumstances, general politics or other subject; not a selected market/state attitude"
idno,Respondent's identification number,False,"Reported experience, circumstances, general politics or other subject; not a selected market/state attitude"
cntry,Country,False,"Reported experience, circumstances, general politics or other subject; not a selected market/state attitude"
dweight,Design weight,False,"Reported experience, circumstances, general politics or other subject; not a selected market/state attitude"
pspwght,Post-stratification weight including design weight,False,"Reported experience, circumstances, general politics or other subject; not a selected market/state attitude"
pweight,Population size weight (must be combined with dweight or pspwght),False,"Reported experience, circumstances, general politics or other subject; not a selected market/state attitude"
anweight,Analysis weight,False,"Reported experience, circumstances, general politics or other subject; not a selected market/state attitude"
prob,Sampling probability,False,"Reported experience, circumstances, general politics or other subject; not a selected market/state attitude"
stratum,Sampling stratum,False,"Reported experience, circumstances, general politics or other subject; not a selected market/state attitude"
psu,Primary sampling unit,False,"Reported experience, circumstances, general politics or other subject; not a selected market/state attitude"
netuse,Personal use of internet/e-mail/www,False,"Reported experience, circumstances, general politics or other subject; not a selected market/state attitude"
netusoft,"Internet use, how often",False,"Reported experience, circumstances, general politics or other subject; not a selected market/state attitude"
netustm,"Internet use, how much time on typical day, in minutes",False,"Reported experience, circumstances, general politics or other subject; not a selected market/state attitude"
nwspol,"News about politics and current affairs, watching, reading or listening, in minutes",False,"Reported experience, circumstances, general politics or other subject; not a selected market/state attitude"
nwsppol,"Newspaper reading, politics/current affairs on average weekday",False,"Reported experience, circumstances, general politics or other subject; not a selected market/state attitude"
nwsptot,"Newspaper reading, total time on average weekday",False,"Reported experience, circumstances, general politics or other subject; not a selected market/state attitude"
pplfair,"Most people try to take advantage of you, or try to be fair",False,"Reported experience, circumstances, general politics or other subject; not a selected market/state attitude"
pplhlp,Most of the time people helpful or mostly looking out for themselves,False,"Reported experience, circumstances, general politics or other subject; not a selected market/state attitude"
ppltrst,Most people can be trusted or you can't be too careful,False,"Reported experience, circumstances, general politics or other subject; not a selected market/state attitude"
rdpol,"Radio listening, news/politics/current affairs on average weekday",False,"Reported experience, circumstances, general politics or other subject; not a selected market/state attitude"
rdtot,"Radio listening, total time on average weekday",False,"Reported experience, circumstances, general politics or other subject; not a selected market/state attitude"
tvpol,"TV watching, news/politics/current affairs on average weekday",False,"Reported experience, circumstances, general politics or other subject; not a selected market/state attitude"
tvtot,"TV watching, total time on average weekday",False,"Reported experience, circumstances, general politics or other subject; not a selected market/state attitude"
actrolga,Able to take active role in political group,False,"Reported experience, circumstances, general politics or other subject; not a selected market/state attitude"
badge,Worn or displayed campaign badge/sticker last 12 months,False,"Reported experience, circumstances, general politics or other subject; not a selected market/state attitude"
bctprd,Boycotted certain products last 12 months,False,"Reported experience, circumstances, general politics or other subject; not a selected market/state attitude"
clsprty,Feel closer to a particular party than all other parties,False,"Reported experience, circumstances, general politics or other subject; not a selected market/state attitude"
contplt,Contacted politician or government official last 12 months,False,"Reported experience, circumstances, general politics or other subject; not a selected market/state attitude"
cptppola,Confident in own ability to participate in politics,False,"Reported experience, circumstances, general politics or other subject; not a selected market/state attitude"
dmcntov,How democratic [country] is overall,False,"Reported experience, circumstances, general politics or other subject; not a selected market/state attitude"
euftf,European Union: European unification go further or gone too far,False,"Reported experience, circumstances, general politics or other subject; not a selected market/state attitude"
freehms,Gays and lesbians free to live life as they wish,False,"Reported experience, circumstances, general politics or other subject; not a selected market/state attitude"
gincdif,Government should reduce differences in income levels,True,Direct economic attitude
hmsacld,Gay and lesbian couples right to adopt children,False,"Reported experience, circumstances, general politics or other subject; not a selected market/state attitude"
hmsfmlsh,Ashamed if close family member gay or lesbian,False,"Reported experience, circumstances, general politics or other subject; not a selected market/state attitude"
implvdm,How important for you to live in democratically governed country,False,"Personal values, not a specific economic institution or policy"
lrscale,Placement on left right scale,False,"Reported experience, circumstances, general politics or other subject; not a selected market/state attitude"
mmbprty,Member of political party,False,"Reported experience, circumstances, general politics or other subject; not a selected market/state attitude"
pbldmn,Taken part in lawful public demonstration last 12 months,False,"Reported experience, circumstances, general politics or other subject; not a selected market/state attitude"
pbldmna,Taken part in public demonstration last 12 months,False,"Reported experience, circumstances, general politics or other subject; not a selected market/state attitude"
polcmpl,Politics too complicated to understand,False,"Reported experience, circumstances, general politics or other subject; not a selected market/state attitude"
poldcs,Making mind up about political issues,False,"Reported experience, circumstances, general politics or other subject; not a selected market/state attitude"
polintr,How interested in politics,False,"Reported experience, circumstances, general politics or other subject; not a selected market/state attitude"
prtdgcl,How close to party,False,"Reported experience, circumstances, general politics or other subject; not a selected market/state attitude"
prtyban,Ban political parties that wish overthrow democracy,False,"Reported experience, circumstances, general politics or other subject; not a selected market/state attitude"
psppipla,Political system allows people to have influence on politics,False,"Reported experience, circumstances, general politics or other subject; not a selected market/state attitude"
psppsgva,Political system allows people to have a say in what government does,False,"Reported experience, circumstances, general politics or other subject; not a selected market/state attitude"
pstplonl,Posted or shared anything about politics online last 12 months,False,"Reported experience, circumstances, general politics or other subject; not a selected market/state attitude"
scnsenv,Modern science can be relied on to solve environmental problems,False,"Reported experience, circumstances, general politics or other subject; not a selected market/state attitude"
sgnptit,Signed petition last 12 months,False,"Reported experience, circumstances, general politics or other subject; not a selected market/state attitude"
stfdem,How satisfied with the way democracy works in country,False,"Reported experience, circumstances, general politics or other subject; not a selected market/state attitude"
stfeco,How satisfied with present state of economy in country,False,"Reported experience, circumstances, general politics or other subject; not a selected market/state attitude"
stfedu,State of education in country nowadays,False,"Reported experience, circumstances, general politics or other subject; not a selected market/state attitude"
stfgov,How satisfied with the national government,False,"Reported experience, circumstances, general politics or other subject; not a selected market/state attitude"
stfhlth,State of health services in country nowadays,False,"Reported experience, circumstances, general politics or other subject; not a selected market/state attitude"
stflife,How satisfied with life as a whole,False,"Reported experience, circumstances, general politics or other subject; not a selected market/state attitude"
trstep,Trust in the European Parliament,False,"Reported experience, circumstances, general politics or other subject; not a selected market/state attitude"
trstlgl,Trust in the legal system,False,"Reported experience, circumstances, general politics or other subject; not a selected market/state attitude"
trstplc,Trust in the police,False,"Reported experience, circumstances, general politics or other subject; not a selected market/state attitude"
trstplt,Trust in politicians,False,"Reported experience, circumstances, general politics or other subject; not a selected market/state attitude"
trstprl,Trust in country's parliament,False,"Reported experience, circumstances, general politics or other subject; not a selected market/state attitude"
trstprt,Trust in political parties,False,"Reported experience, circumstances, general politics or other subject; not a selected market/state attitude"
trstun,Trust in the United Nations,False,"Reported experience, circumstances, general politics or other subject; not a selected market/state attitude"
vote,Voted last national election,False,"Reported experience, circumstances, general politics or other subject; not a selected market/state attitude"
wrkorg,Worked in another organisation or association last 12 months,False,"Reported experience, circumstances, general politics or other subject; not a selected market/state attitude"
wrkprty,Worked in political party or action group last 12 months,False,"Reported experience, circumstances, general politics or other subject; not a selected market/state attitude"
imsmetn,Allow many/few immigrants of same race/ethnic group as majority,False,"Reported experience, circumstances, general politics or other subject; not a selected market/state attitude"
imdfetn,Allow many/few immigrants of different race/ethnic group from majority,False,"Reported experience, circumstances, general politics or other subject; not a selected market/state attitude"
impcntr,Allow many/few immigrants from poorer countries outside Europe,False,"Personal values, not a specific economic institution or policy"
imbgeco,Immigration bad or good for country's economy,True,"Related economic belief, evaluation or labour regulation"
imueclt,Country's cultural life undermined or enriched by immigrants,False,"Reported experience, circumstances, general politics or other subject; not a selected market/state attitude"
imwbcnt,Immigrants make country worse or better place to live,False,"Reported experience, circumstances, general politics or other subject; not a selected market/state attitude"
volunfp,Volunteered for not-for-profit or charitable organisation,False,"Reported experience, circumstances, general politics or other subject; not a selected market/state attitude"
lrnobed,Obedience and respect for authority most important virtues children should learn,False,"Reported experience, circumstances, general politics or other subject; not a selected market/state attitude"
loylead,Country needs most loyalty towards its leaders,False,"Reported experience, circumstances, general politics or other subject; not a selected market/state attitude"
donprty,Donated to or participated in political party or pressure group last 12 months,False,"Reported experience, circumstances, general politics or other subject; not a selected market/state attitude"
prtvade1,"Party voted for in last national election 1, Germany",False,"Reported experience, circumstances, general politics or other subject; not a selected market/state attitude"
prtvbde1,"Party voted for in last national election 1, Germany",False,"Reported experience, circumstances, general politics or other subject; not a selected market/state attitude"
prtvcde1,"Party voted for in last national election 1, Germany",False,"Reported experience, circumstances, general politics or other subject; not a selected market/state attitude"
prtvdde1,"Party voted for in last national election 1, Germany",False,"Reported experience, circumstances, general politics or other subject; not a selected market/state attitude"
prtvgde1,"Party voted for in last national election 1, Germany",False,"Reported experience, circumstances, general politics or other subject; not a selected market/state attitude"
prtvade2,"Party voted for in last national election 2, Germany",False,"Reported experience, circumstances, general politics or other subject; not a selected market/state attitude"
prtvbde2,"Party voted for in last national election 2, Germany",False,"Reported experience, circumstances, general politics or other subject; not a selected market/state attitude"
prtvcde2,"Party voted for in last national election 2, Germany",False,"Reported experience, circumstances, general politics or other subject; not a selected market/state attitude"
prtvdde2,"Party voted for in last national election 2, Germany",False,"Reported experience, circumstances, general politics or other subject; not a selected market/state attitude"
prtvgde2,"Party voted for in last national election 2, Germany",False,"Reported experience, circumstances, general politics or other subject; not a selected market/state attitude"
prtvlt1,"Party voted for in last national election 1, Lithuania (first vote, party)",False,"Reported experience, circumstances, general politics or other subject; not a selected market/state attitude"
prtvalt1,"Party voted for in last national election 1, Lithuania (first vote, party)",False,"Reported experience, circumstances, general politics or other subject; not a selected market/state attitude"
prtvclt1,"Party voted for in last national election 1, Lithuania (first vote, party)",False,"Reported experience, circumstances, general politics or other subject; not a selected market/state attitude"
prtvlt2,"Party voted for in last national election 2, Lithuania (second vote, party)",False,"Reported experience, circumstances, general politics or other subject; not a selected market/state attitude"
prtvalt2,"Party voted for in last national election 2, Lithuania (second vote, party)",False,"Reported experience, circumstances, general politics or other subject; not a selected market/state attitude"
prtvclt2,"Party voted for in last national election 2, Lithuania (second vote, party)",False,"Reported experience, circumstances, general politics or other subject; not a selected market/state attitude"
prtvlt3,"Party voted for in last national election 3, Lithuania (third vote, party)",False,"Reported experience, circumstances, general politics or other subject; not a selected market/state attitude"
prtvalt3,"Party voted for in last national election 3, Lithuania (third vote, party)",False,"Reported experience, circumstances, general politics or other subject; not a selected market/state attitude"
prtvclt3,"Party voted for in last national election 3, Lithuania (third vote, party)",False,"Reported experience, circumstances, general politics or other subject; not a selected market/state attitude"
prtvtal,"Party voted for in last national election, Albania",False,"Reported experience, circumstances, general politics or other subject; not a selected market/state attitude"
prtvtat,"Party voted for in last national election, Austria",False,"Reported experience, circumstances, general politics or other subject; not a selected market/state attitude"
prtvtaat,"Party voted for in last national election, Austria",False,"Reported experience, circumstances, general politics or other subject; not a selected market/state attitude"
prtvtdat,"Party voted for in last national election, Austria",False,"Reported experience, circumstances, general politics or other subject; not a selected market/state attitude"
prtvtabe,"Party voted for in last national election, Belgium",False,"Reported experience, circumstances, general politics or other subject; not a selected market/state attitude"
prtvtbbe,"Party voted for in last national election, Belgium",False,"Reported experience, circumstances, general politics or other subject; not a selected market/state attitude"
prtvtcbe,"Party voted for in last national election, Belgium",False,"Reported experience, circumstances, general politics or other subject; not a selected market/state attitude"
prtvtebe,"Party voted for in last national election, Belgium",False,"Reported experience, circumstances, general politics or other subject; not a selected market/state attitude"
prtvtbg,"Party voted for in last national election, Bulgaria",False,"Reported experience, circumstances, general politics or other subject; not a selected market/state attitude"
prtvtabg,"Party voted for in last national election, Bulgaria",False,"Reported experience, circumstances, general politics or other subject; not a selected market/state attitude"
prtvtbbg,"Party voted for in last national election, Bulgaria",False,"Reported experience, circumstances, general politics or other subject; not a selected market/state attitude"
prtvtcbg,"Party voted for in last national election, Bulgaria",False,"Reported experience, circumstances, general politics or other subject; not a selected market/state attitude"
prtvtfbg,"Party voted for in last national election, Bulgaria",False,"Reported experience, circumstances, general politics or other subject; not a selected market/state attitude"
prtvtch,"Party voted for in last national election, Switzerland",False,"Reported experience, circumstances, general politics or other subject; not a selected market/state attitude"
prtvtach,"Party voted for in last national election, Switzerland",False,"Reported experience, circumstances, general politics or other subject; not a selected market/state attitude"
prtvtbch,"Party voted for in last national election, Switzerland",False,"Reported experience, circumstances, general politics or other subject; not a selected market/state attitude"
prtvtcch,"Party voted for in last national election, Switzerland",False,"Reported experience, circumstances, general politics or other subject; not a selected market/state attitude"
prtvtdch,"Party voted for in last national election, Switzerland",False,"Reported experience, circumstances, general politics or other subject; not a selected market/state attitude"
prtvthch,"Party voted for in last national election, Switzerland",False,"Reported experience, circumstances, general politics or other subject; not a selected market/state attitude"
prtvtcy,"Party voted for in last national election, Cyprus",False,"Reported experience, circumstances, general politics or other subject; not a selected market/state attitude"
prtvtacy,"Party voted for in last national election, Cyprus",False,"Reported experience, circumstances, general politics or other subject; not a selected market/state attitude"
prtvtccy,"Party voted for in last national election, Cyprus",False,"Reported experience, circumstances, general politics or other subject; not a selected market/state attitude"
prtvtcz,"Party voted for in last national election, Czechia",False,"Reported experience, circumstances, general politics or other subject; not a selected market/state attitude"
prtvtacz,"Party voted for in last national election, Czechia",False,"Reported experience, circumstances, general politics or other subject; not a selected market/state attitude"
prtvtbcz,"Party voted for in last national election, Czechia",False,"Reported experience, circumstances, general politics or other subject; not a selected market/state attitude"
prtvtccz,"Party voted for in last national election, Czechia",False,"Reported experience, circumstances, general politics or other subject; not a selected market/state attitude"
prtvtdk,"Party voted for in last national election, Denmark",False,"Reported experience, circumstances, general politics or other subject; not a selected market/state attitude"
prtvtadk,"Party voted for in last national election, Denmark",False,"Reported experience, circumstances, general politics or other subject; not a selected market/state attitude"
prtvtbdk,"Party voted for in last national election, Denmark",False,"Reported experience, circumstances, general politics or other subject; not a selected market/state attitude"
prtvtcdk,"Party voted for in last national election, Denmark",False,"Reported experience, circumstances, general politics or other subject; not a selected market/state attitude"
prtvtee,"Party voted for in last national election, Estonia",False,"Reported experience, circumstances, general politics or other subject; not a selected market/state attitude"
prtvtaee,"Party voted for in last national election, Estonia",False,"Reported experience, circumstances, general politics or other subject; not a selected market/state attitude"
prtvtbee,"Party voted for in last national election, Estonia",False,"Reported experience, circumstances, general politics or other subject; not a selected market/state attitude"
prtvtcee,"Party voted for in last national election, Estonia",False,"Reported experience, circumstances, general politics or other subject; not a selected market/state attitude"
prtvtdee,"Party voted for in last national election, Estonia",False,"Reported experience, circumstances, general politics or other subject; not a selected market/state attitude"
prtvtiee,"Party voted for in last national election, Estonia",False,"Reported experience, circumstances, general politics or other subject; not a selected market/state attitude"
prtvtaes,"Party voted for in last national election, Spain",False,"Reported experience, circumstances, general politics or other subject; not a selected market/state attitude"
prtvtbes,"Party voted for in last national election, Spain",False,"Reported experience, circumstances, general politics or other subject; not a selected market/state attitude"
prtvtces,"Party voted for in last national election, Spain",False,"Reported experience, circumstances, general politics or other subject; not a selected market/state attitude"
prtvtges,"Party voted for in last national election, Spain",False,"Reported experience, circumstances, general politics or other subject; not a selected market/state attitude"
prtvtfi,"Party voted for in last national election, Finland",False,"Reported experience, circumstances, general politics or other subject; not a selected market/state attitude"
prtvtafi,"Party voted for in last national election, Finland",False,"Reported experience, circumstances, general politics or other subject; not a selected market/state attitude"
prtvtbfi,"Party voted for in last national election, Finland",False,"Reported experience, circumstances, general politics or other subject; not a selected market/state attitude"
prtvtcfi,"Party voted for in last national election, Finland",False,"Reported experience, circumstances, general politics or other subject; not a selected market/state attitude"
prtvtffi,"Party voted for in last national election, Finland",False,"Reported experience, circumstances, general politics or other subject; not a selected market/state attitude"
prtvtfr,"Party voted for in last national election, France (ballot 1)",False,"Reported experience, circumstances, general politics or other subject; not a selected market/state attitude"
prtvtafr,"Party voted for in last national election, France (ballot 1)",False,"Reported experience, circumstances, general politics or other subject; not a selected market/state attitude"
prtvtbfr,"Party voted for in last national election, France (ballot 1)",False,"Reported experience, circumstances, general politics or other subject; not a selected market/state attitude"
prtvtcfr,"Party voted for in last national election, France (ballot 1)",False,"Reported experience, circumstances, general politics or other subject; not a selected market/state attitude"
prtvtffr,"Party voted for in last national election, France (ballot 1)",False,"Reported experience, circumstances, general politics or other subject; not a selected market/state attitude"
prtvtgb,"Party voted for in last national election, United Kingdom",False,"Reported experience, circumstances, general politics or other subject; not a selected market/state attitude"
prtvtagb,"Party voted for in last national election, United Kingdom",False,"Reported experience, circumstances, general politics or other subject; not a selected market/state attitude"
prtvtdgb,"Party voted for in last national election, United Kingdom",False,"Reported experience, circumstances, general politics or other subject; not a selected market/state attitude"
prtvtagr,"Party voted for in last national election, Greece",False,"Reported experience, circumstances, general politics or other subject; not a selected market/state attitude"
prtvtbgr,"Party voted for in last national election, Greece",False,"Reported experience, circumstances, general politics or other subject; not a selected market/state attitude"
prtvtcgr,"Party voted for in last national election, Greece",False,"Reported experience, circumstances, general politics or other subject; not a selected market/state attitude"
prtvtegr,"Party voted for in last national election, Greece",False,"Reported experience, circumstances, general politics or other subject; not a selected market/state attitude"
prtvthr,"Party voted for in last national election, Croatia",False,"Reported experience, circumstances, general politics or other subject; not a selected market/state attitude"
prtvtchr,"Party voted for in last national election, Croatia",False,"Reported experience, circumstances, general politics or other subject; not a selected market/state attitude"
prtvthu,"Party voted for in last national election, Hungary",False,"Reported experience, circumstances, general politics or other subject; not a selected market/state attitude"
prtvtahu,"Party voted for in last national election, Hungary",False,"Reported experience, circumstances, general politics or other subject; not a selected market/state attitude"
prtvtbhu,"Party voted for in last national election, Hungary",False,"Reported experience, circumstances, general politics or other subject; not a selected market/state attitude"
prtvtchu,"Party voted for in last national election, Hungary",False,"Reported experience, circumstances, general politics or other subject; not a selected market/state attitude"
prtvtdhu,"Party voted for in last national election, Hungary",False,"Reported experience, circumstances, general politics or other subject; not a selected market/state attitude"
prtvthhu,"Party voted for in last national election, Hungary",False,"Reported experience, circumstances, general politics or other subject; not a selected market/state attitude"
prtvtie,"Party voted for in last national election, Ireland",False,"Reported experience, circumstances, general politics or other subject; not a selected market/state attitude"
prtvtaie,"Party voted for in last national election, Ireland",False,"Reported experience, circumstances, general politics or other subject; not a selected market/state attitude"
prtvteie,"Party voted for in last national election, Ireland (derived from 1st preference vote)",False,"Reported experience, circumstances, general politics or other subject; not a selected market/state attitude"
prtvtail,"Party voted for in last national election, Israel",False,"Reported experience, circumstances, general politics or other subject; not a selected market/state attitude"
prtvtbil,"Party voted for in last national election, Israel",False,"Reported experience, circumstances, general politics or other subject; not a selected market/state attitude"
prtvteil,"Party voted for in last national election, Israel",False,"Reported experience, circumstances, general politics or other subject; not a selected market/state attitude"
prtvtis,"Party voted for in last national election, Iceland",False,"Reported experience, circumstances, general politics or other subject; not a selected market/state attitude"
prtvtais,"Party voted for in last national election, Iceland",False,"Reported experience, circumstances, general politics or other subject; not a selected market/state attitude"
prtvteis,"Party voted for in last national election, Iceland",False,"Reported experience, circumstances, general politics or other subject; not a selected market/state attitude"
prtvtait,"Party voted for in last national election, Italy",False,"Reported experience, circumstances, general politics or other subject; not a selected market/state attitude"
prtvtbit,"Party voted for in last national election, Italy",False,"Reported experience, circumstances, general politics or other subject; not a selected market/state attitude"
prtvteit,"Party voted for in last national election, Italy",False,"Reported experience, circumstances, general politics or other subject; not a selected market/state attitude"
prtvtlu,"Party voted for in last national election, Luxembourg",False,"Reported experience, circumstances, general politics or other subject; not a selected market/state attitude"
prtvtlv,"Party voted for in last national election, Latvia",False,"Reported experience, circumstances, general politics or other subject; not a selected market/state attitude"
prtvtblv,"Party voted for in last national election, Latvia",False,"Reported experience, circumstances, general politics or other subject; not a selected market/state attitude"
prtvtanl,"Party voted for in last national election, Netherlands",False,"Reported experience, circumstances, general politics or other subject; not a selected market/state attitude"
prtvtbnl,"Party voted for in last national election, Netherlands",False,"Reported experience, circumstances, general politics or other subject; not a selected market/state attitude"
prtvtcnl,"Party voted for in last national election, Netherlands",False,"Reported experience, circumstances, general politics or other subject; not a selected market/state attitude"
prtvtdnl,"Party voted for in last national election, Netherlands",False,"Reported experience, circumstances, general politics or other subject; not a selected market/state attitude"
prtvtenl,"Party voted for in last national election, Netherlands",False,"Reported experience, circumstances, general politics or other subject; not a selected market/state attitude"
prtvtinl,"Party voted for in last national election, Netherlands",False,"Reported experience, circumstances, general politics or other subject; not a selected market/state attitude"
prtvtno,"Party voted for in last national election, Norway",False,"Reported experience, circumstances, general politics or other subject; not a selected market/state attitude"
prtvtano,"Party voted for in last national election, Norway",False,"Reported experience, circumstances, general politics or other subject; not a selected market/state attitude"
prtvtcno,"Party voted for in last national election, Norway",False,"Reported experience, circumstances, general politics or other subject; not a selected market/state attitude"
prtvtpl,"Party voted for in last national election, Poland",False,"Reported experience, circumstances, general politics or other subject; not a selected market/state attitude"
prtvtapl,"Party voted for in last national election, Poland",False,"Reported experience, circumstances, general politics or other subject; not a selected market/state attitude"
prtvtbpl,"Party voted for in last national election, Poland",False,"Reported experience, circumstances, general politics or other subject; not a selected market/state attitude"
prtvtcpl,"Party voted for in last national election, Poland",False,"Reported experience, circumstances, general politics or other subject; not a selected market/state attitude"
prtvtfpl,"Party voted for in last national election, Poland",False,"Reported experience, circumstances, general politics or other subject; not a selected market/state attitude"
prtvtpt,"Party voted for in last national election, Portugal",False,"Reported experience, circumstances, general politics or other subject; not a selected market/state attitude"
prtvtapt,"Party voted for in last national election, Portugal",False,"Reported experience, circumstances, general politics or other subject; not a selected market/state attitude"
prtvtbpt,"Party voted for in last national election, Portugal",False,"Reported experience, circumstances, general politics or other subject; not a selected market/state attitude"
prtvtept,"Party voted for in last national election, Portugal",False,"Reported experience, circumstances, general politics or other subject; not a selected market/state attitude"
prtvtro,"Party voted for in last national election, Romania",False,"Reported experience, circumstances, general politics or other subject; not a selected market/state attitude"
prtvtaro,"Party voted for in last national election, Romania",False,"Reported experience, circumstances, general politics or other subject; not a selected market/state attitude"
prtvtru,"Party voted for in last national election, Russian Federation",False,"Reported experience, circumstances, general politics or other subject; not a selected market/state attitude"
prtvtaru,"Party voted for in last national election, Russian Federation",False,"Reported experience, circumstances, general politics or other subject; not a selected market/state attitude"
prtvtbru,"Party voted for in last national election, Russian Federation",False,"Reported experience, circumstances, general politics or other subject; not a selected market/state attitude"
prtvtcru,"Party voted for in last national election, Russian Federation",False,"Reported experience, circumstances, general politics or other subject; not a selected market/state attitude"
prtvtse,"Party voted for in last national election, Sweden",False,"Reported experience, circumstances, general politics or other subject; not a selected market/state attitude"
prtvtase,"Party voted for in last national election, Sweden",False,"Reported experience, circumstances, general politics or other subject; not a selected market/state attitude"
prtvtbse,"Party voted for in last national election, Sweden",False,"Reported experience, circumstances, general politics or other subject; not a selected market/state attitude"
prtvtese,"Party voted for in last national election, Sweden",False,"Reported experience, circumstances, general politics or other subject; not a selected market/state attitude"
prtvtasi,"Party voted for in last national election, Slovenia",False,"Reported experience, circumstances, general politics or other subject; not a selected market/state attitude"
prtvtbsi,"Party voted for in last national election, Slovenia",False,"Reported experience, circumstances, general politics or other subject; not a selected market/state attitude"
prtvtcsi,"Party voted for in last national election, Slovenia",False,"Reported experience, circumstances, general politics or other subject; not a selected market/state attitude"
prtvtdsi,"Party voted for in last national election, Slovenia",False,"Reported experience, circumstances, general politics or other subject; not a selected market/state attitude"
prtvtgsi,"Party voted for in last national election, Slovenia",False,"Reported experience, circumstances, general politics or other subject; not a selected market/state attitude"
prtvtsk,"Party voted for in last national election, Slovakia",False,"Reported experience, circumstances, general politics or other subject; not a selected market/state attitude"
prtvtask,"Party voted for in last national election, Slovakia",False,"Reported experience, circumstances, general politics or other subject; not a selected market/state attitude"
prtvtbsk,"Party voted for in last national election, Slovakia",False,"Reported experience, circumstances, general politics or other subject; not a selected market/state attitude"
prtvtcsk,"Party voted for in last national election, Slovakia",False,"Reported experience, circumstances, general politics or other subject; not a selected market/state attitude"
prtvtesk,"Party voted for in last national election, Slovakia",False,"Reported experience, circumstances, general politics or other subject; not a selected market/state attitude"
prtvttr,"Party voted for in last national election, Turkey",False,"Reported experience, circumstances, general politics or other subject; not a selected market/state attitude"
prtvtatr,"Party voted for in last national election, Turkey",False,"Reported experience, circumstances, general politics or other subject; not a selected market/state attitude"
prtvtua,"Party voted for in last national election, Ukraine",False,"Reported experience, circumstances, general politics or other subject; not a selected market/state attitude"
prtvtaua,"Party voted for in last national election, Ukraine",False,"Reported experience, circumstances, general politics or other subject; not a selected market/state attitude"
prtvtbua,"Party voted for in last national election, Ukraine",False,"Reported experience, circumstances, general politics or other subject; not a selected market/state attitude"
prtvtcua,"Party voted for in last national election, Ukraine (ballot 2)",False,"Reported experience, circumstances, general politics or other subject; not a selected market/state attitude"
prtvtdua,"Party voted for in last national election, Ukraine (ballot 2)",False,"Reported experience, circumstances, general politics or other subject; not a selected market/state attitude"
prtvtxk,"Party voted for in last national election, Kosovo",False,"Reported experience, circumstances, general politics or other subject; not a selected market/state attitude"
prtvtbrs,"Party voted for in last national election, Serbia",False,"Reported experience, circumstances, general politics or other subject; not a selected market/state attitude"
prtvtbme,"Party voted for in last national election, Montenegro",False,"Reported experience, circumstances, general politics or other subject; not a selected market/state attitude"
prtclal,"Which party feel closer to, Albania",False,"Reported experience, circumstances, general politics or other subject; not a selected market/state attitude"
prtclat,"Which party feel closer to, Austria",False,"Reported experience, circumstances, general politics or other subject; not a selected market/state attitude"
prtclaat,"Which party feel closer to, Austria",False,"Reported experience, circumstances, general politics or other subject; not a selected market/state attitude"
prtcleat,"Which party feel closer to, Austria",False,"Reported experience, circumstances, general politics or other subject; not a selected market/state attitude"
prtclabe,"Which party feel closer to, Belgium",False,"Reported experience, circumstances, general politics or other subject; not a selected market/state attitude"
prtclbbe,"Which party feel closer to, Belgium",False,"Reported experience, circumstances, general politics or other subject; not a selected market/state attitude"
prtclcbe,"Which party feel closer to, Belgium",False,"Reported experience, circumstances, general politics or other subject; not a selected market/state attitude"
prtclebe,"Which party feel closer to, Belgium",False,"Reported experience, circumstances, general politics or other subject; not a selected market/state attitude"
prtclbg,"Which party feel closer to, Bulgaria",False,"Reported experience, circumstances, general politics or other subject; not a selected market/state attitude"
prtclabg,"Which party feel closer to, Bulgaria",False,"Reported experience, circumstances, general politics or other subject; not a selected market/state attitude"
prtclbbg,"Which party feel closer to, Bulgaria",False,"Reported experience, circumstances, general politics or other subject; not a selected market/state attitude"
prtclcbg,"Which party feel closer to, Bulgaria",False,"Reported experience, circumstances, general politics or other subject; not a selected market/state attitude"
prtclfbg,"Which party feel closer to, Bulgaria",False,"Reported experience, circumstances, general politics or other subject; not a selected market/state attitude"
prtclch,"Which party feel closer to, Switzerland",False,"Reported experience, circumstances, general politics or other subject; not a selected market/state attitude"
prtclach,"Which party feel closer to, Switzerland",False,"Reported experience, circumstances, general politics or other subject; not a selected market/state attitude"
prtclbch,"Which party feel closer to, Switzerland",False,"Reported experience, circumstances, general politics or other subject; not a selected market/state attitude"
prtclcch,"Which party feel closer to, Switzerland",False,"Reported experience, circumstances, general politics or other subject; not a selected market/state attitude"
prtcldch,"Which party feel closer to, Switzerland",False,"Reported experience, circumstances, general politics or other subject; not a selected market/state attitude"
prtclhch," Which party feel closer to, Switzerland",False,"Reported experience, circumstances, general politics or other subject; not a selected market/state attitude"
prtclsk,"Which party feel closer to, Slovakia",False,"Reported experience, circumstances, general politics or other subject; not a selected market/state attitude"
prtclask,"Which party feel closer to, Slovakia",False,"Reported experience, circumstances, general politics or other subject; not a selected market/state attitude"
prtclbsk,"Which party feel closer to, Slovakia",False,"Reported experience, circumstances, general politics or other subject; not a selected market/state attitude"
prtclcsk,"Which party feel closer to, Slovakia",False,"Reported experience, circumstances, general politics or other subject; not a selected market/state attitude"
prtclesk,"Which party feel closer to, Slovakia",False,"Reported experience, circumstances, general politics or other subject; not a selected market/state attitude"
prtclcy,"Which party feel closer to, Cyprus",False,"Reported experience, circumstances, general politics or other subject; not a selected market/state attitude"
prtclacy,"Which party feel closer to, Cyprus",False,"Reported experience, circumstances, general politics or other subject; not a selected market/state attitude"
prtclccy,"Which party feel closer to, Cyprus",False,"Reported experience, circumstances, general politics or other subject; not a selected market/state attitude"
prtclcz,"Which party feel closer to, Czechia",False,"Reported experience, circumstances, general politics or other subject; not a selected market/state attitude"
prtclacz,"Which party feel closer to, Czechia",False,"Reported experience, circumstances, general politics or other subject; not a selected market/state attitude"
prtclbcz,"Which party feel closer to, Czechia",False,"Reported experience, circumstances, general politics or other subject; not a selected market/state attitude"
prtclccz,"Which party feel closer to, Czechia",False,"Reported experience, circumstances, general politics or other subject; not a selected market/state attitude"
prtclade,"Which party feel closer to, Germany",False,"Reported experience, circumstances, general politics or other subject; not a selected market/state attitude"
prtclbde,"Which party feel closer to, Germany",False,"Reported experience, circumstances, general politics or other subject; not a selected market/state attitude"
prtclcde,"Which party feel closer to, Germany",False,"Reported experience, circumstances, general politics or other subject; not a selected market/state attitude"
prtcldde,"Which party feel closer to, Germany",False,"Reported experience, circumstances, general politics or other subject; not a selected market/state attitude"
prtclgde,"Which party feel closer to, Germany",False,"Reported experience, circumstances, general politics or other subject; not a selected market/state attitude"
prtcldk,"Which party feel closer to, Denmark",False,"Reported experience, circumstances, general politics or other subject; not a selected market/state attitude"
prtcladk,"Which party feel closer to, Denmark",False,"Reported experience, circumstances, general politics or other subject; not a selected market/state attitude"
prtclbdk,"Which party feel closer to, Denmark",False,"Reported experience, circumstances, general politics or other subject; not a selected market/state attitude"
prtclcdk,"Which party feel closer to, Denmark",False,"Reported experience, circumstances, general politics or other subject; not a selected market/state attitude"
prtclee,"Which party feel closer to, Estonia",False,"Reported experience, circumstances, general politics or other subject; not a selected market/state attitude"
prtclaee,"Which party feel closer to, Estonia",False,"Reported experience, circumstances, general politics or other subject; not a selected market/state attitude"
prtclbee,"Which party feel closer to, Estonia",False,"Reported experience, circumstances, general politics or other subject; not a selected market/state attitude"
prtclcee,"Which party feel closer to, Estonia",False,"Reported experience, circumstances, general politics or other subject; not a selected market/state attitude"
prtcldee,"Which party feel closer to, Estonia",False,"Reported experience, circumstances, general politics or other subject; not a selected market/state attitude"
prtcliee,"Which party feel closer to, Estonia",False,"Reported experience, circumstances, general politics or other subject; not a selected market/state attitude"
prtclaes,"Which party feel closer to, Spain",False,"Reported experience, circumstances, general politics or other subject; not a selected market/state attitude"
prtclbes,"Which party feel closer to, Spain",False,"Reported experience, circumstances, general politics or other subject; not a selected market/state attitude"
prtclces,"Which party feel closer to, Spain",False,"Reported experience, circumstances, general politics or other subject; not a selected market/state attitude"
prtclhes,"Which party feel closer to, Spain",False,"Reported experience, circumstances, general politics or other subject; not a selected market/state attitude"
prtclfi,"Which party feel closer to, Finland",False,"Reported experience, circumstances, general politics or other subject; not a selected market/state attitude"
prtclafi,"Which party feel closer to, Finland",False,"Reported experience, circumstances, general politics or other subject; not a selected market/state attitude"
prtclbfi,"Which party feel closer to, Finland",False,"Reported experience, circumstances, general politics or other subject; not a selected market/state attitude"
prtclcfi,"Which party feel closer to, Finland",False,"Reported experience, circumstances, general politics or other subject; not a selected market/state attitude"
prtclgfi,"Which party feel closer to, Finland",False,"Reported experience, circumstances, general politics or other subject; not a selected market/state attitude"
prtclfr,"Which party feel closer to, France",False,"Reported experience, circumstances, general politics or other subject; not a selected market/state attitude"
prtclafr,"Which party feel closer to, France",False,"Reported experience, circumstances, general politics or other subject; not a selected market/state attitude"
prtclbfr,"Which party feel closer to, France",False,"Reported experience, circumstances, general politics or other subject; not a selected market/state attitude"
prtclcfr,"Which party feel closer to, France",False,"Reported experience, circumstances, general politics or other subject; not a selected market/state attitude"
prtcldfr,"Which party feel closer to, France",False,"Reported experience, circumstances, general politics or other subject; not a selected market/state attitude"
prtclgfr,"Which party feel closer to, France",False,"Reported experience, circumstances, general politics or other subject; not a selected market/state attitude"
prtclgb,"Which party feel closer to, United Kingdom",False,"Reported experience, circumstances, general politics or other subject; not a selected market/state attitude"
prtclagb,"Which party feel closer to, United Kingdom",False,"Reported experience, circumstances, general politics or other subject; not a selected market/state attitude"
prtcldgb,"Which party feel closer to, United Kingdom",False,"Reported experience, circumstances, general politics or other subject; not a selected market/state attitude"
prtclagr,"Which party feel closer to, Greece",False,"Reported experience, circumstances, general politics or other subject; not a selected market/state attitude"
prtclbgr,"Which party feel closer to, Greece",False,"Reported experience, circumstances, general politics or other subject; not a selected market/state attitude"
prtclcgr,"Which party feel closer to, Greece",False,"Reported experience, circumstances, general politics or other subject; not a selected market/state attitude"
prtclegr,"Which party feel closer to, Greece",False,"Reported experience, circumstances, general politics or other subject; not a selected market/state attitude"
prtclhr,"Which party feel closer to, Croatia",False,"Reported experience, circumstances, general politics or other subject; not a selected market/state attitude"
prtclbhr,"Which party feel closer to, Croatia",False,"Reported experience, circumstances, general politics or other subject; not a selected market/state attitude"
prtclhu,"Which party feel closer to, Hungary",False,"Reported experience, circumstances, general politics or other subject; not a selected market/state attitude"
prtclahu,"Which party feel closer to, Hungary",False,"Reported experience, circumstances, general politics or other subject; not a selected market/state attitude"
prtclbhu,"Which party feel closer to, Hungary",False,"Reported experience, circumstances, general politics or other subject; not a selected market/state attitude"
prtclchu,"Which party feel closer to, Hungary",False,"Reported experience, circumstances, general politics or other subject; not a selected market/state attitude"
prtcldhu,"Which party feel closer to, Hungary",False,"Reported experience, circumstances, general politics or other subject; not a selected market/state attitude"
prtclihu,"Which party feel closer to, Hungary",False,"Reported experience, circumstances, general politics or other subject; not a selected market/state attitude"
prtclie,"Which party feel closer to, Ireland",False,"Reported experience, circumstances, general politics or other subject; not a selected market/state attitude"
prtclaie,"Which party feel closer to, Ireland",False,"Reported experience, circumstances, general politics or other subject; not a selected market/state attitude"
prtclbie,"Which party feel closer to, Ireland",False,"Reported experience, circumstances, general politics or other subject; not a selected market/state attitude"
prtclcie,"Which party feel closer to, Ireland",False,"Reported experience, circumstances, general politics or other subject; not a selected market/state attitude"
prtclfie,"Which party feel closer to, Ireland",False,"Reported experience, circumstances, general politics or other subject; not a selected market/state attitude"
prtclail,"Which party feel closer to, Israel",False,"Reported experience, circumstances, general politics or other subject; not a selected market/state attitude"
prtclbil,"Which party feel closer to, Israel",False,"Reported experience, circumstances, general politics or other subject; not a selected market/state attitude"
prtclcil,"Which party feel closer to, Israel",False,"Reported experience, circumstances, general politics or other subject; not a selected market/state attitude"
prtclfil,"Which party feel closer to, Israel",False,"Reported experience, circumstances, general politics or other subject; not a selected market/state attitude"
prtclis,"Which party feel closer to, Iceland",False,"Reported experience, circumstances, general politics or other subject; not a selected market/state attitude"
prtclais,"Which party feel closer to, Iceland",False,"Reported experience, circumstances, general politics or other subject; not a selected market/state attitude"
prtcleis,"Which party feel closer to, Iceland",False,"Reported experience, circumstances, general politics or other subject; not a selected market/state attitude"
prtclait,"Which party feel closer to, Italy",False,"Reported experience, circumstances, general politics or other subject; not a selected market/state attitude"
prtclbit,"Which party feel closer to, Italy",False,"Reported experience, circumstances, general politics or other subject; not a selected market/state attitude"
prtclfit,"Which party feel closer to, Italy",False,"Reported experience, circumstances, general politics or other subject; not a selected market/state attitude"
prtcllt,"Which party feel closer to, Lithuania",False,"Reported experience, circumstances, general politics or other subject; not a selected market/state attitude"
prtclalt,"Which party feel closer to, Lithuania",False,"Reported experience, circumstances, general politics or other subject; not a selected market/state attitude"
prtclclt,"Which party feel closer to, Lithuania",False,"Reported experience, circumstances, general politics or other subject; not a selected market/state attitude"
prtcllu,"Which party feel closer to, Luxembourg",False,"Reported experience, circumstances, general politics or other subject; not a selected market/state attitude"
prtcllv,"Which party feel closer to, Latvia",False,"Reported experience, circumstances, general politics or other subject; not a selected market/state attitude"
prtclblv,"Which party feel closer to, Latvia",False,"Reported experience, circumstances, general politics or other subject; not a selected market/state attitude"
prtclnl,"Which party feel closer to, Netherlands",False,"Reported experience, circumstances, general politics or other subject; not a selected market/state attitude"
prtclanl,"Which party feel closer to, Netherlands",False,"Reported experience, circumstances, general politics or other subject; not a selected market/state attitude"
prtclbnl,"Which party feel closer to, Netherlands",False,"Reported experience, circumstances, general politics or other subject; not a selected market/state attitude"
prtclcnl,"Which party feel closer to, Netherlands",False,"Reported experience, circumstances, general politics or other subject; not a selected market/state attitude"
prtcldnl,"Which party feel closer to, Netherlands",False,"Reported experience, circumstances, general politics or other subject; not a selected market/state attitude"
prtclhnl,"Which party feel closer to, Netherlands",False,"Reported experience, circumstances, general politics or other subject; not a selected market/state attitude"
prtclno,"Which party feel closer to, Norway",False,"Reported experience, circumstances, general politics or other subject; not a selected market/state attitude"
prtclano,"Which party feel closer to, Norway",False,"Reported experience, circumstances, general politics or other subject; not a selected market/state attitude"
prtclcno,"Which party feel closer to, Norway",False,"Reported experience, circumstances, general politics or other subject; not a selected market/state attitude"
prtclapl,"Which party feel closer to, Poland",False,"Reported experience, circumstances, general politics or other subject; not a selected market/state attitude"
prtclbpl,"Which party feel closer to, Poland",False,"Reported experience, circumstances, general politics or other subject; not a selected market/state attitude"
prtclcpl,"Which party feel closer to, Poland",False,"Reported experience, circumstances, general politics or other subject; not a selected market/state attitude"
prtcldpl,"Which party feel closer to, Poland",False,"Reported experience, circumstances, general politics or other subject; not a selected market/state attitude"
prtclepl,"Which party feel closer to, Poland",False,"Reported experience, circumstances, general politics or other subject; not a selected market/state attitude"
prtcljpl,"Which party feel closer to, Poland",False,"Reported experience, circumstances, general politics or other subject; not a selected market/state attitude"
prtclapt,"Which party feel closer to, Portugal",False,"Reported experience, circumstances, general politics or other subject; not a selected market/state attitude"
prtclbpt,"Which party feel closer to, Portugal",False,"Reported experience, circumstances, general politics or other subject; not a selected market/state attitude"
prtclcpt,"Which party feel closer to, Portugal",False,"Reported experience, circumstances, general politics or other subject; not a selected market/state attitude"
prtclgpt,"Which party feel closer to, Portugal",False,"Reported experience, circumstances, general politics or other subject; not a selected market/state attitude"
prtclro,"Which party feel closer to, Romania",False,"Reported experience, circumstances, general politics or other subject; not a selected market/state attitude"
prtclaro,"Which party feel closer to, Romania",False,"Reported experience, circumstances, general politics or other subject; not a selected market/state attitude"
prtclru,"Which party feel closer to, Russian Federation",False,"Reported experience, circumstances, general politics or other subject; not a selected market/state attitude"
prtclaru,"Which party feel closer to, Russian Federation",False,"Reported experience, circumstances, general politics or other subject; not a selected market/state attitude"
prtclbru,"Which party feel closer to, Russian Federation",False,"Reported experience, circumstances, general politics or other subject; not a selected market/state attitude"
prtclcru,"Which party feel closer to, Russian Federation",False,"Reported experience, circumstances, general politics or other subject; not a selected market/state attitude"
prtclse,"Which party feel closer to, Sweden",False,"Reported experience, circumstances, general politics or other subject; not a selected market/state attitude"
prtclase,"Which party feel closer to, Sweden",False,"Reported experience, circumstances, general politics or other subject; not a selected market/state attitude"
prtclbse,"Which party feel closer to, Sweden",False,"Reported experience, circumstances, general politics or other subject; not a selected market/state attitude"
prtclese,"Which party feel closer to, Sweden",False,"Reported experience, circumstances, general politics or other subject; not a selected market/state attitude"
prtclasi,"Which party feel closer to, Slovenia",False,"Reported experience, circumstances, general politics or other subject; not a selected market/state attitude"
prtclbsi,"Which party feel closer to, Slovenia",False,"Reported experience, circumstances, general politics or other subject; not a selected market/state attitude"
prtclcsi,"Which party feel closer to, Slovenia",False,"Reported experience, circumstances, general politics or other subject; not a selected market/state attitude"
prtcldsi,"Which party feel closer to, Slovenia",False,"Reported experience, circumstances, general politics or other subject; not a selected market/state attitude"
prtclgsi,"Which party feel closer to, Slovenia",False,"Reported experience, circumstances, general politics or other subject; not a selected market/state attitude"
prtcltr,"Which party feel closer to, Turkey",False,"Reported experience, circumstances, general politics or other subject; not a selected market/state attitude"
prtclatr,"Which party feel closer to, Turkey",False,"Reported experience, circumstances, general politics or other subject; not a selected market/state attitude"
prtclua,"Which party feel closer to, Ukraine",False,"Reported experience, circumstances, general politics or other subject; not a selected market/state attitude"
prtclaua,"Which party feel closer to, Ukraine",False,"Reported experience, circumstances, general politics or other subject; not a selected market/state attitude"
prtclbua,"Which party feel closer to, Ukraine",False,"Reported experience, circumstances, general politics or other subject; not a selected market/state attitude"
prtclcua,"Which party feel closer to, Ukraine",False,"Reported experience, circumstances, general politics or other subject; not a selected market/state attitude"
prtcldua,"Which party feel closer to, Ukraine",False,"Reported experience, circumstances, general politics or other subject; not a selected market/state attitude"
prtcleua,"Which party feel closer to, Ukraine",False,"Reported experience, circumstances, general politics or other subject; not a selected market/state attitude"
prtclxk,"Which party feel closer to, Kosovo",False,"Reported experience, circumstances, general politics or other subject; not a selected market/state attitude"
prtclbrs,"Which party feel closer to, Serbia",False,"Reported experience, circumstances, general politics or other subject; not a selected market/state attitude"
prtclbme,"Which party feel closer to, Montenegro",False,"Reported experience, circumstances, general politics or other subject; not a selected market/state attitude"
prtmbat,"Member of which party, Austria",False,"Reported experience, circumstances, general politics or other subject; not a selected market/state attitude"
prtmbaat,"Member of which party, Austria",False,"Reported experience, circumstances, general politics or other subject; not a selected market/state attitude"
prtmbabe,"Member of which party, Belgium",False,"Reported experience, circumstances, general politics or other subject; not a selected market/state attitude"
prtmbbbe,"Member of which party, Belgium",False,"Reported experience, circumstances, general politics or other subject; not a selected market/state attitude"
prtmbcbe,"Member of which party, Belgium",False,"Reported experience, circumstances, general politics or other subject; not a selected market/state attitude"
prtmbbg,"Member of which party, Bulgaria",False,"Reported experience, circumstances, general politics or other subject; not a selected market/state attitude"
prtmbabg,"Member of which party, Bulgaria",False,"Reported experience, circumstances, general politics or other subject; not a selected market/state attitude"
prtmbbbg,"Member of which party, Bulgaria",False,"Reported experience, circumstances, general politics or other subject; not a selected market/state attitude"
prtmbch,"Member of which party, Switzerland",False,"Reported experience, circumstances, general politics or other subject; not a selected market/state attitude"
prtmbach,"Member of which party, Switzerland",False,"Reported experience, circumstances, general politics or other subject; not a selected market/state attitude"
prtmbbch,"Member of which party, Switzerland",False,"Reported experience, circumstances, general politics or other subject; not a selected market/state attitude"
prtmbcch,"Member of which party, Switzerland",False,"Reported experience, circumstances, general politics or other subject; not a selected market/state attitude"
prtmbcy,"Member of which party, Cyprus",False,"Reported experience, circumstances, general politics or other subject; not a selected market/state attitude"
prtmbcz,"Member of which party, Czechia",False,"Reported experience, circumstances, general politics or other subject; not a selected market/state attitude"
prtmbacz,"Member of which party, Czechia",False,"Reported experience, circumstances, general politics or other subject; not a selected market/state attitude"
prtmbbcz,"Member of which party, Czechia",False,"Reported experience, circumstances, general politics or other subject; not a selected market/state attitude"
prtmbade,"Member of which party, Germany",False,"Reported experience, circumstances, general politics or other subject; not a selected market/state attitude"
prtmbbde,"Member of which party, Germany",False,"Reported experience, circumstances, general politics or other subject; not a selected market/state attitude"
prtmbcde,"Member of which party, Germany",False,"Reported experience, circumstances, general politics or other subject; not a selected market/state attitude"
prtmbdk,"Member of which party, Denmark",False,"Reported experience, circumstances, general politics or other subject; not a selected market/state attitude"
prtmbadk,"Member of which party, Denmark",False,"Reported experience, circumstances, general politics or other subject; not a selected market/state attitude"
prtmbbdk,"Member of which party, Denmark",False,"Reported experience, circumstances, general politics or other subject; not a selected market/state attitude"
prtmbee,"Member of which party, Estonia",False,"Reported experience, circumstances, general politics or other subject; not a selected market/state attitude"
prtmbaee,"Member of which party, Estonia",False,"Reported experience, circumstances, general politics or other subject; not a selected market/state attitude"
prtmbbee,"Member of which party, Estonia",False,"Reported experience, circumstances, general politics or other subject; not a selected market/state attitude"
prtmbcee,"Member of which party, Estonia",False,"Reported experience, circumstances, general politics or other subject; not a selected market/state attitude"
prtmbaes,"Member of which party, Spain",False,"Reported experience, circumstances, general politics or other subject; not a selected market/state attitude"
prtmbbes,"Member of which party, Spain",False,"Reported experience, circumstances, general politics or other subject; not a selected market/state attitude"
prtmbfi,"Member of which party, Finland",False,"Reported experience, circumstances, general politics or other subject; not a selected market/state attitude"
prtmbafi,"Member of which party, Finland",False,"Reported experience, circumstances, general politics or other subject; not a selected market/state attitude"
prtmbbfi,"Member of which party, Finland",False,"Reported experience, circumstances, general politics or other subject; not a selected market/state attitude"
prtmbfr,"Member of which party, France",False,"Reported experience, circumstances, general politics or other subject; not a selected market/state attitude"
prtmbafr,"Member of which party, France",False,"Reported experience, circumstances, general politics or other subject; not a selected market/state attitude"
prtmbbfr,"Member of which party, France",False,"Reported experience, circumstances, general politics or other subject; not a selected market/state attitude"
prtmbcfr,"Member of which party, France",False,"Reported experience, circumstances, general politics or other subject; not a selected market/state attitude"
prtmbgb,"Member of which party, United Kingdom",False,"Reported experience, circumstances, general politics or other subject; not a selected market/state attitude"
prtmbagb,"Member of which party, United Kingdom",False,"Reported experience, circumstances, general politics or other subject; not a selected market/state attitude"
prtmbagr,"Member of which party, Greece",False,"Reported experience, circumstances, general politics or other subject; not a selected market/state attitude"
prtmbbgr,"Member of which party, Greece",False,"Reported experience, circumstances, general politics or other subject; not a selected market/state attitude"
prtmbcgr,"Member of which party, Greece",False,"Reported experience, circumstances, general politics or other subject; not a selected market/state attitude"
prtmbhr,"Member of which party, Croatia",False,"Reported experience, circumstances, general politics or other subject; not a selected market/state attitude"
prtmbhu,"Member of which party, Hungary",False,"Reported experience, circumstances, general politics or other subject; not a selected market/state attitude"
prtmbahu,"Member of which party, Hungary",False,"Reported experience, circumstances, general politics or other subject; not a selected market/state attitude"
prtmbbhu,"Member of which party, Hungary",False,"Reported experience, circumstances, general politics or other subject; not a selected market/state attitude"
prtmbchu,"Member of which party, Hungary",False,"Reported experience, circumstances, general politics or other subject; not a selected market/state attitude"
prtmbie,"Member of which party, Ireland",False,"Reported experience, circumstances, general politics or other subject; not a selected market/state attitude"
prtmbaie,"Member of which party, Ireland",False,"Reported experience, circumstances, general politics or other subject; not a selected market/state attitude"
prtmbbie,"Member of which party, Ireland",False,"Reported experience, circumstances, general politics or other subject; not a selected market/state attitude"
prtmbail,"Member of which party, Israel",False,"Reported experience, circumstances, general politics or other subject; not a selected market/state attitude"
prtmbbil,"Member of which party, Israel",False,"Reported experience, circumstances, general politics or other subject; not a selected market/state attitude"
prtmbis,"Member of which party, Iceland",False,"Reported experience, circumstances, general politics or other subject; not a selected market/state attitude"
prtmbait,"Member of which party, Italy",False,"Reported experience, circumstances, general politics or other subject; not a selected market/state attitude"
prtmblt,"Member of which party, Lithuania",False,"Reported experience, circumstances, general politics or other subject; not a selected market/state attitude"
prtmblu,"Member of which party, Luxembourg",False,"Reported experience, circumstances, general politics or other subject; not a selected market/state attitude"
prtmblv,"Member of which party, Latvia",False,"Reported experience, circumstances, general politics or other subject; not a selected market/state attitude"
prtmbnl,"Member of which party, Netherlands",False,"Reported experience, circumstances, general politics or other subject; not a selected market/state attitude"
prtmbanl,"Member of which party, Netherlands",False,"Reported experience, circumstances, general politics or other subject; not a selected market/state attitude"
prtmbbnl,"Member of which party, Netherlands",False,"Reported experience, circumstances, general politics or other subject; not a selected market/state attitude"
prtmbcnl,"Member of which party, Netherlands",False,"Reported experience, circumstances, general politics or other subject; not a selected market/state attitude"
prtmbno,"Member of which party, Norway",False,"Reported experience, circumstances, general politics or other subject; not a selected market/state attitude"
prtmbano,"Member of which party, Norway",False,"Reported experience, circumstances, general politics or other subject; not a selected market/state attitude"
prtmbapl,"Member of which party, Poland",False,"Reported experience, circumstances, general politics or other subject; not a selected market/state attitude"
prtmbbpl,"Member of which party, Poland",False,"Reported experience, circumstances, general politics or other subject; not a selected market/state attitude"
prtmbcpl,"Member of which party, Poland",False,"Reported experience, circumstances, general politics or other subject; not a selected market/state attitude"
prtmbdpl,"Member of which party, Poland",False,"Reported experience, circumstances, general politics or other subject; not a selected market/state attitude"
prtmbpt,"Member of which party, Portugal",False,"Reported experience, circumstances, general politics or other subject; not a selected market/state attitude"
prtmbapt,"Member of which party, Portugal",False,"Reported experience, circumstances, general politics or other subject; not a selected market/state attitude"
prtmbbpt,"Member of which party, Portugal",False,"Reported experience, circumstances, general politics or other subject; not a selected market/state attitude"
prtmbro,"Member of which party, Romania",False,"Reported experience, circumstances, general politics or other subject; not a selected market/state attitude"
prtmbaro,"Member of which party, Romania",False,"Reported experience, circumstances, general politics or other subject; not a selected market/state attitude"
prtmbru,"Member of which party, Russian Federation",False,"Reported experience, circumstances, general politics or other subject; not a selected market/state attitude"
prtmbaru,"Member of which party, Russian Federation",False,"Reported experience, circumstances, general politics or other subject; not a selected market/state attitude"
prtmbbru,"Member of which party, Russian Federation",False,"Reported experience, circumstances, general politics or other subject; not a selected market/state attitude"
prtmbse,"Member of which party, Sweden",False,"Reported experience, circumstances, general politics or other subject; not a selected market/state attitude"
prtmbase,"Member of which party, Sweden",False,"Reported experience, circumstances, general politics or other subject; not a selected market/state attitude"
prtmbasi,"Member of which party, Slovenia",False,"Reported experience, circumstances, general politics or other subject; not a selected market/state attitude"
prtmbbsi,"Member of which party, Slovenia",False,"Reported experience, circumstances, general politics or other subject; not a selected market/state attitude"
prtmbcsi,"Member of which party, Slovenia",False,"Reported experience, circumstances, general politics or other subject; not a selected market/state attitude"
prtmbsk,"Member of which party, Slovakia",False,"Reported experience, circumstances, general politics or other subject; not a selected market/state attitude"
prtmbask,"Member of which party, Slovakia",False,"Reported experience, circumstances, general politics or other subject; not a selected market/state attitude"
prtmbbsk,"Member of which party, Slovakia",False,"Reported experience, circumstances, general politics or other subject; not a selected market/state attitude"
prtmbtr,"Member of which party, Turkey",False,"Reported experience, circumstances, general politics or other subject; not a selected market/state attitude"
prtmbatr,"Member of which party, Turkey",False,"Reported experience, circumstances, general politics or other subject; not a selected market/state attitude"
prtmbua,"Member of which party, Ukraine",False,"Reported experience, circumstances, general politics or other subject; not a selected market/state attitude"
prtmbaua,"Member of which party, Ukraine",False,"Reported experience, circumstances, general politics or other subject; not a selected market/state attitude"
prtmbbua,"Member of which party, Ukraine",False,"Reported experience, circumstances, general politics or other subject; not a selected market/state attitude"
prtmbcua,"Member of which party, Ukraine",False,"Reported experience, circumstances, general politics or other subject; not a selected market/state attitude"
aesfdrk,Feeling of safety of walking alone in local area after dark,False,"Reported experience, circumstances, general politics or other subject; not a selected market/state attitude"
atchctr,How emotionally attached to [country],False,"Reported experience, circumstances, general politics or other subject; not a selected market/state attitude"
atcherp,How emotionally attached to Europe,False,"Reported experience, circumstances, general politics or other subject; not a selected market/state attitude"
blgetmg,Belong to minority ethnic group in country,False,"Reported experience, circumstances, general politics or other subject; not a selected market/state attitude"
brghmef,Worry about home burgled has effect on quality of life,False,"Reported experience, circumstances, general politics or other subject; not a selected market/state attitude"
brghmwr,How often worry about your home being burgled,False,"Reported experience, circumstances, general politics or other subject; not a selected market/state attitude"
brncntr,Born in country,False,"Reported experience, circumstances, general politics or other subject; not a selected market/state attitude"
cntbrtha,Country of birth,False,"Reported experience, circumstances, general politics or other subject; not a selected market/state attitude"
cntbrthb,Country of birth,False,"Reported experience, circumstances, general politics or other subject; not a selected market/state attitude"
cntbrthc,Country of birth,False,"Reported experience, circumstances, general politics or other subject; not a selected market/state attitude"
cntbrthd,Country of birth,False,"Reported experience, circumstances, general politics or other subject; not a selected market/state attitude"
crmvct,Respondent or household member victim of burglary/assault last 5 years,False,"Reported experience, circumstances, general politics or other subject; not a selected market/state attitude"
crvctef,Worry about becoming victim of violent crime has effect on quality of life,False,"Reported experience, circumstances, general politics or other subject; not a selected market/state attitude"
crvctwr,How often worry about becoming a victim of violent crime,False,"Reported experience, circumstances, general politics or other subject; not a selected market/state attitude"
ctzcntr,Citizen of country,False,"Reported experience, circumstances, general politics or other subject; not a selected market/state attitude"
ctzshipa,Citizenship,False,"Reported experience, circumstances, general politics or other subject; not a selected market/state attitude"
ctzshipb,Citizenship,False,"Reported experience, circumstances, general politics or other subject; not a selected market/state attitude"
ctzshipc,Citizenship,False,"Reported experience, circumstances, general politics or other subject; not a selected market/state attitude"
dscrage,Discrimination of respondent's group: age,False,"Reported experience, circumstances, general politics or other subject; not a selected market/state attitude"
dscrdk,Discrimination of respondent's group: don't know,False,"Reported experience, circumstances, general politics or other subject; not a selected market/state attitude"
dscrdsb,Discrimination of respondent's group: disability,False,"Reported experience, circumstances, general politics or other subject; not a selected market/state attitude"
dscretn,Discrimination of respondent's group: ethnic group,False,"Reported experience, circumstances, general politics or other subject; not a selected market/state attitude"
dscrgnd,Discrimination of respondent's group: gender,False,"Reported experience, circumstances, general politics or other subject; not a selected market/state attitude"
dscrgrp,Member of a group discriminated against in this country,False,"Reported experience, circumstances, general politics or other subject; not a selected market/state attitude"
dscrlng,Discrimination of respondent's group: language,False,"Reported experience, circumstances, general politics or other subject; not a selected market/state attitude"
dscrna,Discrimination of respondent's group: no answer,False,"Reported experience, circumstances, general politics or other subject; not a selected market/state attitude"
dscrnap,Discrimination of respondent's group: not applicable,False,"Reported experience, circumstances, general politics or other subject; not a selected market/state attitude"
dscrntn,Discrimination of respondent's group: nationality,False,"Reported experience, circumstances, general politics or other subject; not a selected market/state attitude"
dscroth,Discrimination of respondent's group: other grounds,False,"Reported experience, circumstances, general politics or other subject; not a selected market/state attitude"
dscrrce,Discrimination of respondent's group: colour or race,False,"Reported experience, circumstances, general politics or other subject; not a selected market/state attitude"
dscrref,Discrimination of respondent's group: refusal,False,"Reported experience, circumstances, general politics or other subject; not a selected market/state attitude"
dscrrlg,Discrimination of respondent's group: religion,False,"Reported experience, circumstances, general politics or other subject; not a selected market/state attitude"
dscrsex,Discrimination of respondent's group: sexuality,False,"Reported experience, circumstances, general politics or other subject; not a selected market/state attitude"
facntr,Father born in country,False,"Reported experience, circumstances, general politics or other subject; not a selected market/state attitude"
fbrncnt,"Country of birth, father",False,"Reported experience, circumstances, general politics or other subject; not a selected market/state attitude"
fbrncnta,"Country of birth, father",False,"Reported experience, circumstances, general politics or other subject; not a selected market/state attitude"
fbrncntb,"Country of birth, father",False,"Reported experience, circumstances, general politics or other subject; not a selected market/state attitude"
fbrncntc,"Country of birth, father",False,"Reported experience, circumstances, general politics or other subject; not a selected market/state attitude"
happy,How happy are you,False,"Reported experience, circumstances, general politics or other subject; not a selected market/state attitude"
health,Subjective general health,False,"Reported experience, circumstances, general politics or other subject; not a selected market/state attitude"
hlthhmp,Hampered in daily activities by illness/disability/infirmity/mental problem,False,"Reported experience, circumstances, general politics or other subject; not a selected market/state attitude"
inmdisc,Anyone to discuss intimate and personal matters with,False,"Reported experience, circumstances, general politics or other subject; not a selected market/state attitude"
inprdsc,How many people with whom you can discuss intimate and personal matters,False,"Reported experience, circumstances, general politics or other subject; not a selected market/state attitude"
livecntr,How long ago first came to live in country,False,"Reported experience, circumstances, general politics or other subject; not a selected market/state attitude"
livecnta,What year you first came to live in country,False,"Reported experience, circumstances, general politics or other subject; not a selected market/state attitude"
lnghoma,Language most often spoken at home: first mentioned,False,"Reported experience, circumstances, general politics or other subject; not a selected market/state attitude"
lnghom1,Language most often spoken at home: first mentioned,False,"Reported experience, circumstances, general politics or other subject; not a selected market/state attitude"
lnghomb,Language most often spoken at home: second mentioned,False,"Reported experience, circumstances, general politics or other subject; not a selected market/state attitude"
lnghom2,Language most often spoken at home: second mentioned,False,"Reported experience, circumstances, general politics or other subject; not a selected market/state attitude"
mbrncnt,"Country of birth, mother",False,"Reported experience, circumstances, general politics or other subject; not a selected market/state attitude"
mbrncnta,"Country of birth, mother",False,"Reported experience, circumstances, general politics or other subject; not a selected market/state attitude"
mbrncntb,"Country of birth, mother",False,"Reported experience, circumstances, general politics or other subject; not a selected market/state attitude"
mbrncntc,"Country of birth, mother",False,"Reported experience, circumstances, general politics or other subject; not a selected market/state attitude"
mocntr,Mother born in country,False,"Reported experience, circumstances, general politics or other subject; not a selected market/state attitude"
pray,How often pray apart from at religious services,False,"Reported experience, circumstances, general politics or other subject; not a selected market/state attitude"
rlgatnd,How often attend religious services apart from special occasions,False,"Reported experience, circumstances, general politics or other subject; not a selected market/state attitude"
rlgblg,Belonging to particular religion or denomination,False,"Reported experience, circumstances, general politics or other subject; not a selected market/state attitude"
rlgblge,Ever belonging to particular religion or denomination,False,"Reported experience, circumstances, general politics or other subject; not a selected market/state attitude"
rlgdgr,How religious are you,False,"Reported experience, circumstances, general politics or other subject; not a selected market/state attitude"
rlgdnm,Religion or denomination belonging to at present,False,"Reported experience, circumstances, general politics or other subject; not a selected market/state attitude"
rlgdnme,Religion or denomination belonging to in the past,False,"Reported experience, circumstances, general politics or other subject; not a selected market/state attitude"
sclact,Take part in social activities compared to others of same age,False,"Reported experience, circumstances, general politics or other subject; not a selected market/state attitude"
sclmeet,"How often socially meet with friends, relatives or colleagues",False,"Reported experience, circumstances, general politics or other subject; not a selected market/state attitude"
trrcnyr,How likely terrorist attack in country during next twelve months,False,"Reported experience, circumstances, general politics or other subject; not a selected market/state attitude"
trrenyr,How likely terrorist attack in Europe during next twelve months,False,"Reported experience, circumstances, general politics or other subject; not a selected market/state attitude"
trrprsn,Terrorist suspect in prison until police satisfied,False,"Reported experience, circumstances, general politics or other subject; not a selected market/state attitude"
trrtort,Torture in country never justified even to prevent terrorist attack,False,"Reported experience, circumstances, general politics or other subject; not a selected market/state attitude"
feethngr,Feel part of same race or ethnic group as most people in country,False,"Reported experience, circumstances, general politics or other subject; not a selected market/state attitude"
ccnthum,"Climate change caused by natural processes, human activity, or both",False,"Reported experience, circumstances, general politics or other subject; not a selected market/state attitude"
ccrdprs,To what extent feel personal responsibility to reduce climate change,False,"Reported experience, circumstances, general politics or other subject; not a selected market/state attitude"
wrclmch,How worried about climate change,False,"Reported experience, circumstances, general politics or other subject; not a selected market/state attitude"
vteurmmb,Would vote for [country] to remain member of European Union or leave,False,"Reported experience, circumstances, general politics or other subject; not a selected market/state attitude"
vteubcmb,Would vote for [country] to become member of European Union or remain outside,False,"Reported experience, circumstances, general politics or other subject; not a selected market/state attitude"
rlgdnal,"Religion or denomination belonging to at present, Albania",False,"Reported experience, circumstances, general politics or other subject; not a selected market/state attitude"
rlgdnat,"Religion or denomination belonging to at present, Austria",False,"Reported experience, circumstances, general politics or other subject; not a selected market/state attitude"
rlgdnbat,"Religion or denomination belonging to at present, Austria",False,"Reported experience, circumstances, general politics or other subject; not a selected market/state attitude"
rlgdnbe,"Religion or denomination belonging to at present, Belgium",False,"Reported experience, circumstances, general politics or other subject; not a selected market/state attitude"
rlgdnch,"Religion or denomination belonging to at present, Switzerland",False,"Reported experience, circumstances, general politics or other subject; not a selected market/state attitude"
rlgdnach,"Religion or denomination belonging to at present, Switzerland",False,"Reported experience, circumstances, general politics or other subject; not a selected market/state attitude"
rlgdncy,"Religion or denomination belonging to at present, Cyprus",False,"Reported experience, circumstances, general politics or other subject; not a selected market/state attitude"
rlgdnde,"Religion or denomination belonging to at present, Germany",False,"Reported experience, circumstances, general politics or other subject; not a selected market/state attitude"
rlgdnade,"Religion or denomination belonging to at present, Germany",False,"Reported experience, circumstances, general politics or other subject; not a selected market/state attitude"
rlgdndk,"Religion or denomination belonging to at present, Denmark",False,"Reported experience, circumstances, general politics or other subject; not a selected market/state attitude"
rlgdnfi,"Religion or denomination belonging to at present, Finland",False,"Reported experience, circumstances, general politics or other subject; not a selected market/state attitude"
rlgdnafi,"Religion or denomination belonging to at present, Finland",False,"Reported experience, circumstances, general politics or other subject; not a selected market/state attitude"
rlgdngb,"Religion or denomination belonging to at present, United Kingdom",False,"Reported experience, circumstances, general politics or other subject; not a selected market/state attitude"
rlgdngr,"Religion or denomination belonging to at present, Greece",False,"Reported experience, circumstances, general politics or other subject; not a selected market/state attitude"
rlgdnagr,"Religion or denomination belonging to at present, Greece",False,"Reported experience, circumstances, general politics or other subject; not a selected market/state attitude"
rlgdnhu,"Religion or denomination belonging to at present, Hungary",False,"Reported experience, circumstances, general politics or other subject; not a selected market/state attitude"
rlgdnie,"Religion or denomination belonging to at present, Ireland",False,"Reported experience, circumstances, general politics or other subject; not a selected market/state attitude"
rlgdnil,"Religion or denomination belonging to at present, Israel",False,"Reported experience, circumstances, general politics or other subject; not a selected market/state attitude"
rlgdnis,"Religion or denomination belonging to at present, Iceland",False,"Reported experience, circumstances, general politics or other subject; not a selected market/state attitude"
rlgdnais,"Religion or denomination belonging to at present, Iceland",False,"Reported experience, circumstances, general politics or other subject; not a selected market/state attitude"
rlgdnlt,"Religion or denomination belonging to at present, Lithuania",False,"Reported experience, circumstances, general politics or other subject; not a selected market/state attitude"
rlgdnlv,"Religion or denomination belonging to at present, Latvia",False,"Reported experience, circumstances, general politics or other subject; not a selected market/state attitude"
rlgdnnl,"Religion or denomination belonging to at present, Netherlands",False,"Reported experience, circumstances, general politics or other subject; not a selected market/state attitude"
rlgdnanl,"Religion or denomination belonging to at present, Netherlands",False,"Reported experience, circumstances, general politics or other subject; not a selected market/state attitude"
rlgdnno,"Religion or denomination belonging to at present, Norway",False,"Reported experience, circumstances, general politics or other subject; not a selected market/state attitude"
rlgdnpl,"Religion or denomination belonging to at present, Poland",False,"Reported experience, circumstances, general politics or other subject; not a selected market/state attitude"
rlgdnapl,"Religion or denomination belonging to at present, Poland",False,"Reported experience, circumstances, general politics or other subject; not a selected market/state attitude"
rlgdnpt,"Religion or denomination belonging to at present, Portugal",False,"Reported experience, circumstances, general politics or other subject; not a selected market/state attitude"
rlgdnapt,"Religion or denomination belonging to at present, Portugal",False,"Reported experience, circumstances, general politics or other subject; not a selected market/state attitude"
rlgdnro,"Religion or denomination belonging to at present, Romania",False,"Reported experience, circumstances, general politics or other subject; not a selected market/state attitude"
rlgdnru,"Religion or denomination belonging to at present, Russian Federation",False,"Reported experience, circumstances, general politics or other subject; not a selected market/state attitude"
rlgdnaru,"Religion or denomination belonging to at present, Russian Federation",False,"Reported experience, circumstances, general politics or other subject; not a selected market/state attitude"
rlgdnse,"Religion or denomination belonging to at present, Sweden",False,"Reported experience, circumstances, general politics or other subject; not a selected market/state attitude"
rlgdnase," Religion or denomination belonging to at present, Sweden",False,"Reported experience, circumstances, general politics or other subject; not a selected market/state attitude"
rlgdnsi,"Religion or denomination belonging to at present, Slovenia",False,"Reported experience, circumstances, general politics or other subject; not a selected market/state attitude"
rlgdnsk,"Religion or denomination belonging to at present, Slovakia",False,"Reported experience, circumstances, general politics or other subject; not a selected market/state attitude"
rlgdnask,"Religion or denomination belonging to at present, Slovakia",False,"Reported experience, circumstances, general politics or other subject; not a selected market/state attitude"
rlgdnua,"Religion or denomination belonging to at present, Ukraine",False,"Reported experience, circumstances, general politics or other subject; not a selected market/state attitude"
rlgdnaua,"Religion or denomination belonging to at present, Ukraine",False,"Reported experience, circumstances, general politics or other subject; not a selected market/state attitude"
rlgdnrs,"Religion or denomination belonging to at present, Serbia",False,"Reported experience, circumstances, general politics or other subject; not a selected market/state attitude"
rlgdme,"Religion or denomination belonging to at present, Montenegro",False,"Reported experience, circumstances, general politics or other subject; not a selected market/state attitude"
rlgdeal,"Religion or denomination belonging to in the past, Albania",False,"Reported experience, circumstances, general politics or other subject; not a selected market/state attitude"
rlgdeat,"Religion or denomination belonging to in the past, Austria",False,"Reported experience, circumstances, general politics or other subject; not a selected market/state attitude"
rlgdebat,"Religion or denomination belonging to in the past, Austria",False,"Reported experience, circumstances, general politics or other subject; not a selected market/state attitude"
rlgdebe,"Religion or denomination belonging to in the past, Belgium",False,"Reported experience, circumstances, general politics or other subject; not a selected market/state attitude"
rlgdech,"Religion or denomination belonging to in the past, Switzerland",False,"Reported experience, circumstances, general politics or other subject; not a selected market/state attitude"
rlgdeach,"Religion or denomination belonging to in the past, Switzerland",False,"Reported experience, circumstances, general politics or other subject; not a selected market/state attitude"
rlgdecy,"Religion or denomination belonging to in the past, Cyprus",False,"Reported experience, circumstances, general politics or other subject; not a selected market/state attitude"
rlgdede,"Religion or denomination belonging to in the past, Germany",False,"Reported experience, circumstances, general politics or other subject; not a selected market/state attitude"
rlgdeade,"Religion or denomination belonging to in the past, Germany",False,"Reported experience, circumstances, general politics or other subject; not a selected market/state attitude"
rlgdedk,"Religion or denomination belonging to in the past, Denmark",False,"Reported experience, circumstances, general politics or other subject; not a selected market/state attitude"
rlgdefi,"Religion or denomination belonging to in the past, Finland",False,"Reported experience, circumstances, general politics or other subject; not a selected market/state attitude"
rlgdeafi,"Religion or denomination belonging to in the past, Finland",False,"Reported experience, circumstances, general politics or other subject; not a selected market/state attitude"
rlgdegb,"Religion or denomination belonging to in the past, United Kingdom",False,"Reported experience, circumstances, general politics or other subject; not a selected market/state attitude"
rlgdegr,"Religion or denomination belonging to in the past, Greece",False,"Reported experience, circumstances, general politics or other subject; not a selected market/state attitude"
rlgdeagr,"Religion or denomination belonging to in the past, Greece",False,"Reported experience, circumstances, general politics or other subject; not a selected market/state attitude"
rlgdehu,"Religion or denomination belonging to in the past, Hungary",False,"Reported experience, circumstances, general politics or other subject; not a selected market/state attitude"
rlgdeie,"Religion or denomination belonging to in the past, Ireland",False,"Reported experience, circumstances, general politics or other subject; not a selected market/state attitude"
rlgdeil,"Religion or denomination belonging to in the past, Israel",False,"Reported experience, circumstances, general politics or other subject; not a selected market/state attitude"
rlgdeis,"Religion or denomination belonging to in the past, Iceland",False,"Reported experience, circumstances, general politics or other subject; not a selected market/state attitude"
rlgdeais,"Religion or denomination belonging to in the past, Iceland",False,"Reported experience, circumstances, general politics or other subject; not a selected market/state attitude"
rlgdelt,"Religion or denomination belonging to in the past, Lithuania",False,"Reported experience, circumstances, general politics or other subject; not a selected market/state attitude"
rlgdelv,"Religion or denomination belonging to in the past, Latvia",False,"Reported experience, circumstances, general politics or other subject; not a selected market/state attitude"
rlgdenl,"Religion or denomination belonging to in the past, Netherlands",False,"Reported experience, circumstances, general politics or other subject; not a selected market/state attitude"
rlgdeanl,"Religion or denomination belonging to in the past, Netherlands",False,"Reported experience, circumstances, general politics or other subject; not a selected market/state attitude"
rlgdeno,"Religion or denomination belonging to in the past, Norway",False,"Reported experience, circumstances, general politics or other subject; not a selected market/state attitude"
rlgdepl,"Religion or denomination belonging to in the past, Poland",False,"Reported experience, circumstances, general politics or other subject; not a selected market/state attitude"
rlgdeapl,"Religion or denomination belonging to in the past, Poland",False,"Reported experience, circumstances, general politics or other subject; not a selected market/state attitude"
rlgdept,"Religion or denomination belonging to in the past, Portugal",False,"Reported experience, circumstances, general politics or other subject; not a selected market/state attitude"
rlgdeapt,"Religion or denomination belonging to in the past, Portugal",False,"Reported experience, circumstances, general politics or other subject; not a selected market/state attitude"
rlgdero,"Religion or denomination belonging to in the past, Romania",False,"Reported experience, circumstances, general politics or other subject; not a selected market/state attitude"
rlgderu,"Religion or denomination belonging to in the past, Russian Federation",False,"Reported experience, circumstances, general politics or other subject; not a selected market/state attitude"
rlgdearu,"Religion or denomination belonging to in the past, Russian Federation",False,"Reported experience, circumstances, general politics or other subject; not a selected market/state attitude"
rlgdese,"Religion or denomination belonging to in the past, Sweden",False,"Reported experience, circumstances, general politics or other subject; not a selected market/state attitude"
rlgdease,"Religion or denomination belonging to in the past, Sweden",False,"Reported experience, circumstances, general politics or other subject; not a selected market/state attitude"
rlgdesi,"Religion or denomination belonging to in the past, Slovenia",False,"Reported experience, circumstances, general politics or other subject; not a selected market/state attitude"
rlgdesk,"Religion or denomination belonging to in the past, Slovakia",False,"Reported experience, circumstances, general politics or other subject; not a selected market/state attitude"
rlgdeask,"Religion or denomination belonging to in the past, Slovakia",False,"Reported experience, circumstances, general politics or other subject; not a selected market/state attitude"
rlgdeua,"Religion or denomination belonging to in the past, Ukraine",False,"Reported experience, circumstances, general politics or other subject; not a selected market/state attitude"
rlgdeaua,"Religion or denomination belonging to in the past, Ukraine",False,"Reported experience, circumstances, general politics or other subject; not a selected market/state attitude"
rlgders,"Religion or denomination belonging to in the past, Serbia",False,"Reported experience, circumstances, general politics or other subject; not a selected market/state attitude"
rlgdeme,"Religion or denomination belonging to in the past, Montenegro",False,"Reported experience, circumstances, general politics or other subject; not a selected market/state attitude"
hhmmb,Number of people living regularly as member of household,False,"Reported experience, circumstances, general politics or other subject; not a selected market/state attitude"
gndr,Gender,False,"Reported experience, circumstances, general politics or other subject; not a selected market/state attitude"
gndr2,Gender of second person in household,False,"Reported experience, circumstances, general politics or other subject; not a selected market/state attitude"
gndr3,Gender of third person in household,False,"Reported experience, circumstances, general politics or other subject; not a selected market/state attitude"
gndr4,Gender of fourth person in household,False,"Reported experience, circumstances, general politics or other subject; not a selected market/state attitude"
gndr5,Gender of fifth person in household,False,"Reported experience, circumstances, general politics or other subject; not a selected market/state attitude"
gndr6,Gender of sixth person in household,False,"Reported experience, circumstances, general politics or other subject; not a selected market/state attitude"
gndr7,Gender of seventh person in household,False,"Reported experience, circumstances, general politics or other subject; not a selected market/state attitude"
gndr8,Gender of eighth person in household,False,"Reported experience, circumstances, general politics or other subject; not a selected market/state attitude"
gndr9,Gender of ninth person in household,False,"Reported experience, circumstances, general politics or other subject; not a selected market/state attitude"
gndr10,Gender of tenth person in household,False,"Reported experience, circumstances, general politics or other subject; not a selected market/state attitude"
gndr11,Gender of eleventh person in household,False,"Reported experience, circumstances, general politics or other subject; not a selected market/state attitude"
gndr12,Gender of twelfth person in household,False,"Reported experience, circumstances, general politics or other subject; not a selected market/state attitude"
gndr13,Gender of thirteenth person in household,False,"Reported experience, circumstances, general politics or other subject; not a selected market/state attitude"
gndr14,Gender of fourteenth person in household,False,"Reported experience, circumstances, general politics or other subject; not a selected market/state attitude"
gndr15,Gender of fifteenth person in household,False,"Reported experience, circumstances, general politics or other subject; not a selected market/state attitude"
gndr16,Gender of sixteenth person in household,False,"Reported experience, circumstances, general politics or other subject; not a selected market/state attitude"
gndr17,Gender of seventeenth person in household,False,"Reported experience, circumstances, general politics or other subject; not a selected market/state attitude"
gndr18,Gender of eighteenth person in household,False,"Reported experience, circumstances, general politics or other subject; not a selected market/state attitude"
gndr19,Gender of nineteenth person in household,False,"Reported experience, circumstances, general politics or other subject; not a selected market/state attitude"
gndr20,Gender of twentieth person in household,False,"Reported experience, circumstances, general politics or other subject; not a selected market/state attitude"
gndr21,Gender of twenty-first person in household,False,"Reported experience, circumstances, general politics or other subject; not a selected market/state attitude"
gndr22,Gender of twenty-second person in household,False,"Reported experience, circumstances, general politics or other subject; not a selected market/state attitude"
gndr23,Gender of twenty-third person in household,False,"Reported experience, circumstances, general politics or other subject; not a selected market/state attitude"
gndr24,Gender of twenty-fourth person in household,False,"Reported experience, circumstances, general politics or other subject; not a selected market/state attitude"
rshipa2,Second person in household: relationship to respondent,False,"Reported experience, circumstances, general politics or other subject; not a selected market/state attitude"
rshipa3,Third person in household: relationship to respondent,False,"Reported experience, circumstances, general politics or other subject; not a selected market/state attitude"
rshipa4,Fourth person in household: relationship to respondent,False,"Reported experience, circumstances, general politics or other subject; not a selected market/state attitude"
rshipa5,Fifth person in household: relationship to respondent,False,"Reported experience, circumstances, general politics or other subject; not a selected market/state attitude"
rshipa6,Sixth person in household: relationship to respondent,False,"Reported experience, circumstances, general politics or other subject; not a selected market/state attitude"
rshipa7,Seventh person in household: relationship to respondent,False,"Reported experience, circumstances, general politics or other subject; not a selected market/state attitude"
rshipa8,Eighth person in household: relationship to respondent,False,"Reported experience, circumstances, general politics or other subject; not a selected market/state attitude"
rshipa9,Ninth person in household: relationship to respondent,False,"Reported experience, circumstances, general politics or other subject; not a selected market/state attitude"
rshipa10,Tenth person in household: relationship to respondent,False,"Reported experience, circumstances, general politics or other subject; not a selected market/state attitude"
rshipa11,Eleventh person in household: relationship to respondent,False,"Reported experience, circumstances, general politics or other subject; not a selected market/state attitude"
rshipa12,Twelfth person in household: relationship to respondent,False,"Reported experience, circumstances, general politics or other subject; not a selected market/state attitude"
rshipa13,Thirteenth person in household: relationship to respondent,False,"Reported experience, circumstances, general politics or other subject; not a selected market/state attitude"
rshipa14,Fourteenth person in household: relationship to respondent,False,"Reported experience, circumstances, general politics or other subject; not a selected market/state attitude"
rshipa15,Fifteenth person in household: relationship to respondent,False,"Reported experience, circumstances, general politics or other subject; not a selected market/state attitude"
rshipa16,Sixteenth person in household: relationship to respondent,False,"Reported experience, circumstances, general politics or other subject; not a selected market/state attitude"
rshipa17,Seventeenth person in household: Relationship to respondent,False,"Reported experience, circumstances, general politics or other subject; not a selected market/state attitude"
rshipa18,Eighteenth person in household: Relationship to respondent,False,"Reported experience, circumstances, general politics or other subject; not a selected market/state attitude"
rshipa19,Nineteenth person in household: Relationship to respondent,False,"Reported experience, circumstances, general politics or other subject; not a selected market/state attitude"
rshipa20,Twentieth person in household: Relationship to respondent,False,"Reported experience, circumstances, general politics or other subject; not a selected market/state attitude"
rshipa21,Twenty-first person in household: Relationship to respondent,False,"Reported experience, circumstances, general politics or other subject; not a selected market/state attitude"
rshipa22,Twenty-second person in household: Relationship to respondent,False,"Reported experience, circumstances, general politics or other subject; not a selected market/state attitude"
rshipa23,Twenty-third person in household: Relationship to respondent,False,"Reported experience, circumstances, general politics or other subject; not a selected market/state attitude"
rshipa24,Twenty-fourth person in household: Relationship to respondent,False,"Reported experience, circumstances, general politics or other subject; not a selected market/state attitude"
yrbrn,Year of birth,False,"Reported experience, circumstances, general politics or other subject; not a selected market/state attitude"
yrbrn2,Year of birth of second person in household,False,"Reported experience, circumstances, general politics or other subject; not a selected market/state attitude"
yrbrn3,Year of birth of third person in household,False,"Reported experience, circumstances, general politics or other subject; not a selected market/state attitude"
yrbrn4,Year of birth of fourth person in household,False,"Reported experience, circumstances, general politics or other subject; not a selected market/state attitude"
yrbrn5,Year of birth of fifth person in household,False,"Reported experience, circumstances, general politics or other subject; not a selected market/state attitude"
yrbrn6,Year of birth of sixth person in household,False,"Reported experience, circumstances, general politics or other subject; not a selected market/state attitude"
yrbrn7,Year of birth of seventh person in household,False,"Reported experience, circumstances, general politics or other subject; not a selected market/state attitude"
yrbrn8,Year of birth of eighth person in household,False,"Reported experience, circumstances, general politics or other subject; not a selected market/state attitude"
yrbrn9,Year of birth of ninth person in household,False,"Reported experience, circumstances, general politics or other subject; not a selected market/state attitude"
yrbrn10,Year of birth of tenth person in household,False,"Reported experience, circumstances, general politics or other subject; not a selected market/state attitude"
yrbrn11,Year of birth of eleventh person in household,False,"Reported experience, circumstances, general politics or other subject; not a selected market/state attitude"
yrbrn12,Year of birth of twelfth person in household,False,"Reported experience, circumstances, general politics or other subject; not a selected market/state attitude"
yrbrn13,Year of birth of thirteenth person in household,False,"Reported experience, circumstances, general politics or other subject; not a selected market/state attitude"
yrbrn14,Year of birth of fourteenth person in household,False,"Reported experience, circumstances, general politics or other subject; not a selected market/state attitude"
yrbrn15,Year of birth of fifteenth person in household,False,"Reported experience, circumstances, general politics or other subject; not a selected market/state attitude"
yrbrn16,Year of birth of sixteenth person in household,False,"Reported experience, circumstances, general politics or other subject; not a selected market/state attitude"
yrbrn17,Year of birth of seventeenth person in household,False,"Reported experience, circumstances, general politics or other subject; not a selected market/state attitude"
yrbrn18,Year of birth of eighteenth person in household,False,"Reported experience, circumstances, general politics or other subject; not a selected market/state attitude"
yrbrn19,Year of birth of nineteenth person in household,False,"Reported experience, circumstances, general politics or other subject; not a selected market/state attitude"
yrbrn20,Year of birth of twentieth person in household,False,"Reported experience, circumstances, general politics or other subject; not a selected market/state attitude"
yrbrn21,Year of birth of twenty-first person in household,False,"Reported experience, circumstances, general politics or other subject; not a selected market/state attitude"
yrbrn22,Year of birth of twenty-second person in household,False,"Reported experience, circumstances, general politics or other subject; not a selected market/state attitude"
yrbrn23,Year of birth of twenty-third person in household,False,"Reported experience, circumstances, general politics or other subject; not a selected market/state attitude"
yrbrn24,Year of birth of twenty-fourth person in household,False,"Reported experience, circumstances, general politics or other subject; not a selected market/state attitude"
age,"Age of respondent, calculated",False,"Reported experience, circumstances, general politics or other subject; not a selected market/state attitude"
agea,"Age of respondent, calculated",False,"Reported experience, circumstances, general politics or other subject; not a selected market/state attitude"
agegroup,"Age group, post coded",False,"Reported experience, circumstances, general politics or other subject; not a selected market/state attitude"
ablrtr,Worried not being able to retire at the age you would like to,False,"Reported experience, circumstances, general politics or other subject; not a selected market/state attitude"
anctrya1,"First ancestry, European Standard Classification of Cultural and Ethnic Groups",False,"Reported experience, circumstances, general politics or other subject; not a selected market/state attitude"
anctrya2,"Second ancestry, European Standard Classification of Cultural and Ethnic Groups",False,"Reported experience, circumstances, general politics or other subject; not a selected market/state attitude"
atncrse,"Improve knowledge/skills: course/lecture/conference, last 12 months",False,"Reported experience, circumstances, general politics or other subject; not a selected market/state attitude"
brwmny,"Borrow money to make ends meet, difficult or easy",False,"Reported experience, circumstances, general politics or other subject; not a selected market/state attitude"
chldhhe,Ever had children living in household,False,"Reported experience, circumstances, general politics or other subject; not a selected market/state attitude"
chldhm,Children living at home or not,False,"Reported experience, circumstances, general politics or other subject; not a selected market/state attitude"
cmsrv,Doing last 7 days: community or military service,False,"Reported experience, circumstances, general politics or other subject; not a selected market/state attitude"
cmsrvp,Partner doing last 7 days: community or military service,False,"Reported experience, circumstances, general politics or other subject; not a selected market/state attitude"
crpdwk,Control paid work last 7 days,False,"Reported experience, circumstances, general politics or other subject; not a selected market/state attitude"
crpdwkp,"Partner, control paid work last 7 days",False,"Reported experience, circumstances, general politics or other subject; not a selected market/state attitude"
dngdk,Doing last 7 days: don't know,False,"Reported experience, circumstances, general politics or other subject; not a selected market/state attitude"
dngdkp,Partner doing last 7 days: don't know,False,"Reported experience, circumstances, general politics or other subject; not a selected market/state attitude"
dngna,Doing last 7 days: no answer,False,"Reported experience, circumstances, general politics or other subject; not a selected market/state attitude"
dngnap,Partner doing last 7 days: no answer,False,"Reported experience, circumstances, general politics or other subject; not a selected market/state attitude"
dngnapp,Partner doing last 7 days: not applicable,False,"Reported experience, circumstances, general politics or other subject; not a selected market/state attitude"
dngoth,Doing last 7 days: other,False,"Reported experience, circumstances, general politics or other subject; not a selected market/state attitude"
dngothp,Partner doing last 7 days: other,False,"Reported experience, circumstances, general politics or other subject; not a selected market/state attitude"
dngref,Doing last 7 days: refusal,False,"Reported experience, circumstances, general politics or other subject; not a selected market/state attitude"
dngrefp,Partner doing last 7 days: refusal,False,"Reported experience, circumstances, general politics or other subject; not a selected market/state attitude"
domicil,"Domicile, respondent's description",False,"Reported experience, circumstances, general politics or other subject; not a selected market/state attitude"
dsbld,Doing last 7 days: permanently sick or disabled,False,"Reported experience, circumstances, general politics or other subject; not a selected market/state attitude"
dsbldp,Partner doing last 7 days: permanently sick or disabled,False,"Reported experience, circumstances, general politics or other subject; not a selected market/state attitude"
dvrcdev,Ever been divorced,False,"Reported experience, circumstances, general politics or other subject; not a selected market/state attitude"
dvrcdeva,Ever been divorced/had civil union dissolved,False,"Reported experience, circumstances, general politics or other subject; not a selected market/state attitude"
edctn,Doing last 7 days: education,False,"Reported experience, circumstances, general politics or other subject; not a selected market/state attitude"
edctnp,Partner doing last 7 days: education,False,"Reported experience, circumstances, general politics or other subject; not a selected market/state attitude"
edufld,"Field or subject, highest qualification",False,"Reported experience, circumstances, general politics or other subject; not a selected market/state attitude"
edulvla,Highest level of education,False,"Reported experience, circumstances, general politics or other subject; not a selected market/state attitude"
edulvlb,Highest level of education,False,"Reported experience, circumstances, general politics or other subject; not a selected market/state attitude"
edulvlfa,Father's highest level of education,False,"Reported experience, circumstances, general politics or other subject; not a selected market/state attitude"
edulvlfb,Father's highest level of education,False,"Reported experience, circumstances, general politics or other subject; not a selected market/state attitude"
edulvlma,Mother's highest level of education,False,"Reported experience, circumstances, general politics or other subject; not a selected market/state attitude"
edulvlmb,Mother's highest level of education,False,"Reported experience, circumstances, general politics or other subject; not a selected market/state attitude"
edulvlpa,Partner's highest level of education,False,"Reported experience, circumstances, general politics or other subject; not a selected market/state attitude"
edulvlpb,Partner's highest level of education,False,"Reported experience, circumstances, general politics or other subject; not a selected market/state attitude"
eduyrs,Years of full-time education completed,False,"Reported experience, circumstances, general politics or other subject; not a selected market/state attitude"
eisced,"Highest level of education, ES - ISCED",False,"Reported experience, circumstances, general politics or other subject; not a selected market/state attitude"
eiscedf,"Father's highest level of education, ES - ISCED",False,"Reported experience, circumstances, general politics or other subject; not a selected market/state attitude"
eiscedm,"Mother's highest level of education, ES - ISCED",False,"Reported experience, circumstances, general politics or other subject; not a selected market/state attitude"
eiscedp,"Partner's highest level of education, ES - ISCED",False,"Reported experience, circumstances, general politics or other subject; not a selected market/state attitude"
emplno,Number of employees respondent has/had,False,"Reported experience, circumstances, general politics or other subject; not a selected market/state attitude"
emplnof,Number of employees father had,False,"Reported experience, circumstances, general politics or other subject; not a selected market/state attitude"
emplnom,Number of employees mother had,False,"Reported experience, circumstances, general politics or other subject; not a selected market/state attitude"
emplnop,Number of employees partner has,False,"Reported experience, circumstances, general politics or other subject; not a selected market/state attitude"
emplrel,Employment relation,False,"Reported experience, circumstances, general politics or other subject; not a selected market/state attitude"
emprelp,Partner's employment relation,False,"Reported experience, circumstances, general politics or other subject; not a selected market/state attitude"
emprf14,Father's employment status when respondent 14,False,"Reported experience, circumstances, general politics or other subject; not a selected market/state attitude"
emprm14,Mother's employment status when respondent 14,False,"Reported experience, circumstances, general politics or other subject; not a selected market/state attitude"
estsz,Establishment size,False,"Reported experience, circumstances, general politics or other subject; not a selected market/state attitude"
fxltph,Fixed-line telephone in accommodation,False,"Reported experience, circumstances, general politics or other subject; not a selected market/state attitude"
faalv,Father still alive,False,"Reported experience, circumstances, general politics or other subject; not a selected market/state attitude"
hhmodwl,Dwelling owned by any household member,False,"Reported experience, circumstances, general politics or other subject; not a selected market/state attitude"
hincfel,Feeling about household's income nowadays,False,"Reported experience, circumstances, general politics or other subject; not a selected market/state attitude"
hincsrca,Main source of household income,False,"Reported experience, circumstances, general politics or other subject; not a selected market/state attitude"
hinctnt,"Household's total net income, all sources",False,"Reported experience, circumstances, general politics or other subject; not a selected market/state attitude"
hinctnta,"Household's total net income, all sources",False,"Reported experience, circumstances, general politics or other subject; not a selected market/state attitude"
hswrk,"Doing last 7 days: housework, looking after children, others",False,"Reported experience, circumstances, general politics or other subject; not a selected market/state attitude"
hswrkp,"Partner doing last 7 days: housework, looking after children, others",False,"Reported experience, circumstances, general politics or other subject; not a selected market/state attitude"
iccohbt,"Interviewer code, respondent cohabiting",False,"Reported experience, circumstances, general politics or other subject; not a selected market/state attitude"
icmnart,Interviewer code: respondent's main activity is retired,False,"Reported experience, circumstances, general politics or other subject; not a selected market/state attitude"
icmsw,"Interviewer code, married/separated/widowed",False,"Reported experience, circumstances, general politics or other subject; not a selected market/state attitude"
icomdng,"Interviewer code, one/more than one doing last 7 days",False,"Reported experience, circumstances, general politics or other subject; not a selected market/state attitude"
icomdnp,"Interviewer code, one/more than one doing partner last 7 days",False,"Reported experience, circumstances, general politics or other subject; not a selected market/state attitude"
icpdwk2,"Interviewer code, in paid work",False,"Reported experience, circumstances, general politics or other subject; not a selected market/state attitude"
icpdwrk,"Interviewer code, respondent in paid work",False,"Reported experience, circumstances, general politics or other subject; not a selected market/state attitude"
icppdwk,"Interviewer code, respondents partner in paid work",False,"Reported experience, circumstances, general politics or other subject; not a selected market/state attitude"
inttph,Use the Internet for telephone calls at home,False,"Reported experience, circumstances, general politics or other subject; not a selected market/state attitude"
ioactp,Partner is allowed to influence policy decisions about activities of organisation,False,"Reported experience, circumstances, general politics or other subject; not a selected market/state attitude"
iorgact,Allowed to influence policy decisions about activities of organisation,False,"Reported experience, circumstances, general politics or other subject; not a selected market/state attitude"
isco08,"Occupation, ISCO08",False,"Reported experience, circumstances, general politics or other subject; not a selected market/state attitude"
isco08p,"Occupation partner, ISCO08",False,"Reported experience, circumstances, general politics or other subject; not a selected market/state attitude"
iscoco,"Occupation, ISCO88 (com)",False,"Reported experience, circumstances, general politics or other subject; not a selected market/state attitude"
iscocop,"Occupation partner, ISCO88 (com)",False,"Reported experience, circumstances, general politics or other subject; not a selected market/state attitude"
jbspv,Responsible for supervising other employees,False,"Reported experience, circumstances, general politics or other subject; not a selected market/state attitude"
jbspvf,Father responsible for supervising other employees,False,"Reported experience, circumstances, general politics or other subject; not a selected market/state attitude"
jbspvm,Mother responsible for supervising other employees,False,"Reported experience, circumstances, general politics or other subject; not a selected market/state attitude"
jbspvp,Partner responsible for supervising other employees,False,"Reported experience, circumstances, general politics or other subject; not a selected market/state attitude"
lvghw,Currently living with husband/wife,False,"Reported experience, circumstances, general politics or other subject; not a selected market/state attitude"
lvghwa,Currently living with husband/wife/civil partner,False,"Reported experience, circumstances, general politics or other subject; not a selected market/state attitude"
lvgoptn,Currently living with another partner than husband/wife,False,"Reported experience, circumstances, general politics or other subject; not a selected market/state attitude"
lvgptn,Currently living with partner,False,"Reported experience, circumstances, general politics or other subject; not a selected market/state attitude"
lvgptna,Currently living with partner,False,"Reported experience, circumstances, general politics or other subject; not a selected market/state attitude"
lvgptne,Ever lived with a partner without being married,False,"Reported experience, circumstances, general politics or other subject; not a selected market/state attitude"
lvgptnea,"Ever lived with a partner, without being married",False,"Reported experience, circumstances, general politics or other subject; not a selected market/state attitude"
mainact,Main activity last 7 days,False,"Reported experience, circumstances, general politics or other subject; not a selected market/state attitude"
marital,Legal marital status,False,"Reported experience, circumstances, general politics or other subject; not a selected market/state attitude"
maritala,Legal marital status,False,"Reported experience, circumstances, general politics or other subject; not a selected market/state attitude"
maritalb,"Legal marital status, post coded",False,"Reported experience, circumstances, general politics or other subject; not a selected market/state attitude"
marsts,Legal marital status,False,"Reported experience, circumstances, general politics or other subject; not a selected market/state attitude"
mbltph,Personally have mobile telephone,False,"Reported experience, circumstances, general politics or other subject; not a selected market/state attitude"
mbtru,Member of trade union or similar organisation,False,"Reported experience, circumstances, general politics or other subject; not a selected market/state attitude"
mnactic,"Main activity, last 7 days. All respondents. Post coded",False,"Reported experience, circumstances, general politics or other subject; not a selected market/state attitude"
mnactp,Partner's main activity last 7 days,False,"Reported experience, circumstances, general politics or other subject; not a selected market/state attitude"
moalv,Mother still alive,False,"Reported experience, circumstances, general politics or other subject; not a selected market/state attitude"
njbspv,Number of people responsible for in job,False,"Reported experience, circumstances, general politics or other subject; not a selected market/state attitude"
njbspvp,Number of people partner responsible for in job,False,"Reported experience, circumstances, general politics or other subject; not a selected market/state attitude"
occf14a,Father's occupation when respondent 14,False,"Reported experience, circumstances, general politics or other subject; not a selected market/state attitude"
occf14b,Father's occupation when respondent 14,False,"Reported experience, circumstances, general politics or other subject; not a selected market/state attitude"
occm14a,Mother's occupation when respondent 14,False,"Reported experience, circumstances, general politics or other subject; not a selected market/state attitude"
occm14b,Mother's occupation when respondent 14,False,"Reported experience, circumstances, general politics or other subject; not a selected market/state attitude"
partner,Lives with husband/wife/partner at household grid,False,"Reported experience, circumstances, general politics or other subject; not a selected market/state attitude"
paccmoro,"Problems with accomodation: mould or rot in windows, doors and floors",False,"Reported experience, circumstances, general politics or other subject; not a selected market/state attitude"
paccdwlr,Problems with accomodation: damp walls or leaking roof,False,"Reported experience, circumstances, general politics or other subject; not a selected market/state attitude"
pacclift,Problems with accomodation: lack of indoor flushing toilet,False,"Reported experience, circumstances, general politics or other subject; not a selected market/state attitude"
paccnbsh,Problems with accomodation: neither bath nor shower,False,"Reported experience, circumstances, general politics or other subject; not a selected market/state attitude"
paccocrw,Problems with accomodation: overcrowding,False,"Reported experience, circumstances, general politics or other subject; not a selected market/state attitude"
paccxhoc,Problems with accomodation: extremely hot or extremely cold,False,"Reported experience, circumstances, general politics or other subject; not a selected market/state attitude"
paccnois,Problems with accomodation: noise,False,"Reported experience, circumstances, general politics or other subject; not a selected market/state attitude"
paccinro,Problems with accomodation: presence of insects or rodents,False,"Reported experience, circumstances, general politics or other subject; not a selected market/state attitude"
paccnt,Problems with accomodation: none of these,False,"Reported experience, circumstances, general politics or other subject; not a selected market/state attitude"
paccref,Problems with accomodation: refusal,False,"Reported experience, circumstances, general politics or other subject; not a selected market/state attitude"
paccdk,Problems with accomodation: don't know,False,"Reported experience, circumstances, general politics or other subject; not a selected market/state attitude"
paccna,Problems with accomodation: no answer,False,"Reported experience, circumstances, general politics or other subject; not a selected market/state attitude"
pdjobev,Ever had a paid job,False,"Reported experience, circumstances, general politics or other subject; not a selected market/state attitude"
pdjobyr,Year last in paid job,False,"Reported experience, circumstances, general politics or other subject; not a selected market/state attitude"
pdwrk,Doing last 7 days: paid work,False,"Reported experience, circumstances, general politics or other subject; not a selected market/state attitude"
pdwrkp,Partner doing last 7 days: paid work,False,"Reported experience, circumstances, general politics or other subject; not a selected market/state attitude"
rmhhus,Number of rooms household have use of (not kitchens/bathrooms/toilets),False,"Reported experience, circumstances, general politics or other subject; not a selected market/state attitude"
rshpsts,Relationship with husband/wife/partner currently living with,False,"Reported experience, circumstances, general politics or other subject; not a selected market/state attitude"
rtdsbyr,Year become retired or permanently sick/disabled,False,"Reported experience, circumstances, general politics or other subject; not a selected market/state attitude"
rtrd,Doing last 7 days: retired,False,"Reported experience, circumstances, general politics or other subject; not a selected market/state attitude"
rtrdp,Partner doing last 7 days: retired,False,"Reported experience, circumstances, general politics or other subject; not a selected market/state attitude"
tporgwk,What type of organisation work/worked for,False,"Reported experience, circumstances, general politics or other subject; not a selected market/state attitude"
uemp12m,Any period of unemployment and work seeking lasted 12 months or more,False,"Reported experience, circumstances, general politics or other subject; not a selected market/state attitude"
uemp3m,Ever unemployed and seeking work for a period more than three months,False,"Reported experience, circumstances, general politics or other subject; not a selected market/state attitude"
uemp5yr,Any period of unemployment and work seeking within last 5 years,False,"Reported experience, circumstances, general politics or other subject; not a selected market/state attitude"
uempla,"Doing last 7 days: unemployed, actively looking for job",False,"Reported experience, circumstances, general politics or other subject; not a selected market/state attitude"
uemplap,"Partner doing last 7 days: unemployed, actively looking for job",False,"Reported experience, circumstances, general politics or other subject; not a selected market/state attitude"
uempli,"Doing last 7 days: unemployed, not actively looking for job",False,"Reported experience, circumstances, general politics or other subject; not a selected market/state attitude"
uemplip,"Partner doing last 7 days: unemployed, not actively looking for job",False,"Reported experience, circumstances, general politics or other subject; not a selected market/state attitude"
wkdcorp,Partner allowed to decide how daily work is organised,False,"Reported experience, circumstances, general politics or other subject; not a selected market/state attitude"
wkhct,Total contracted hours per week in main job overtime excluded,False,"Reported experience, circumstances, general politics or other subject; not a selected market/state attitude"
wkhtot,Total hours normally worked per week in main job overtime included,False,"Reported experience, circumstances, general politics or other subject; not a selected market/state attitude"
wkhtotp,"Hours normally worked a week in main job overtime included, partner",False,"Reported experience, circumstances, general politics or other subject; not a selected market/state attitude"
wrkac6m,"Paid work in another country, period more than 6 months last 10 years",False,"Reported experience, circumstances, general politics or other subject; not a selected market/state attitude"
wrkctra,Employment contract unlimited or limited duration,False,"Reported experience, circumstances, general politics or other subject; not a selected market/state attitude"
wkdcorga,Allowed to decide how daily work is organised,False,"Reported experience, circumstances, general politics or other subject; not a selected market/state attitude"
nacer11,"Industry, NACE rev.1.1",False,"Reported experience, circumstances, general politics or other subject; not a selected market/state attitude"
nacer2,"Industry, NACE rev.2",False,"Reported experience, circumstances, general politics or other subject; not a selected market/state attitude"
edagegb,"Age when completed full time education, United Kingdom",False,"Reported experience, circumstances, general politics or other subject; not a selected market/state attitude"
edlvat,"Highest level of education, Austria",False,"Reported experience, circumstances, general politics or other subject; not a selected market/state attitude"
edlveat,"Highest level of education, Austria",False,"Reported experience, circumstances, general politics or other subject; not a selected market/state attitude"
edlvbe,"Highest level of education, Belgium",False,"Reported experience, circumstances, general politics or other subject; not a selected market/state attitude"
edlvabe,"Highest level of education, Belgium",False,"Reported experience, circumstances, general politics or other subject; not a selected market/state attitude"
edlvdbe,"Highest level of education, Belgium",False,"Reported experience, circumstances, general politics or other subject; not a selected market/state attitude"
edlvebe,"Highest level of education, Belgium",False,"Reported experience, circumstances, general politics or other subject; not a selected market/state attitude"
edlvbg,"Highest level of education, Bulgaria",False,"Reported experience, circumstances, general politics or other subject; not a selected market/state attitude"
edlvdbg,"Highest level of education, Bulgaria",False,"Reported experience, circumstances, general politics or other subject; not a selected market/state attitude"
edlvebg,"Highest level of education, Bulgaria",False,"Reported experience, circumstances, general politics or other subject; not a selected market/state attitude"
edlvach,"Highest level of education, Switzerland",False,"Reported experience, circumstances, general politics or other subject; not a selected market/state attitude"
edlvbch,"Highest level of education, Switzerland",False,"Reported experience, circumstances, general politics or other subject; not a selected market/state attitude"
edlvcch,"Highest level of education, Switzerland",False,"Reported experience, circumstances, general politics or other subject; not a selected market/state attitude"
edlvdch,"Highest level of education, Switzerland",False,"Reported experience, circumstances, general politics or other subject; not a selected market/state attitude"
edlvcy,"Highest level of education, Cyprus",False,"Reported experience, circumstances, general politics or other subject; not a selected market/state attitude"
edlvacy,"Highest level of education, Cyprus",False,"Reported experience, circumstances, general politics or other subject; not a selected market/state attitude"
edlvdcy,"Highest level of education, Cyprus",False,"Reported experience, circumstances, general politics or other subject; not a selected market/state attitude"
edlvecy,"Highest level of education, Cyprus",False,"Reported experience, circumstances, general politics or other subject; not a selected market/state attitude"
edlvgcy,"Highest level of education, Cyprus",False,"Reported experience, circumstances, general politics or other subject; not a selected market/state attitude"
edlvcz,"Highest level of education, Czechia",False,"Reported experience, circumstances, general politics or other subject; not a selected market/state attitude"
edlvdcz,"Highest level of education, Czechia",False,"Reported experience, circumstances, general politics or other subject; not a selected market/state attitude"
edlvdal,"Highest level of education, Albania",False,"Reported experience, circumstances, general politics or other subject; not a selected market/state attitude"
edlvde,"Highest level of education, Germany",False,"Reported experience, circumstances, general politics or other subject; not a selected market/state attitude"
edlvade,"Highest level of education, Germany",False,"Reported experience, circumstances, general politics or other subject; not a selected market/state attitude"
edlvdfi,"Highest level of education, Finland",False,"Reported experience, circumstances, general politics or other subject; not a selected market/state attitude"
edlvdis,"Highest level of education, Iceland",False,"Reported experience, circumstances, general politics or other subject; not a selected market/state attitude"
edlvadk,"Highest level of education, Denmark",False,"Reported experience, circumstances, general politics or other subject; not a selected market/state attitude"
edlvddk,"Highest level of education, Denmark",False,"Reported experience, circumstances, general politics or other subject; not a selected market/state attitude"
edlvdxk,"Highest level of education, Kosovo",False,"Reported experience, circumstances, general politics or other subject; not a selected market/state attitude"
edlvee,"Highest level of education, Estonia",False,"Reported experience, circumstances, general politics or other subject; not a selected market/state attitude"
edlvaee,"Highest level of education, Estonia",False,"Reported experience, circumstances, general politics or other subject; not a selected market/state attitude"
edlvbee,"Highest level of education, Estonia",False,"Reported experience, circumstances, general politics or other subject; not a selected market/state attitude"
edlvdee,"Highest level of education, Estonia",False,"Reported experience, circumstances, general politics or other subject; not a selected market/state attitude"
edlvaes,"Highest level of education, Spain",False,"Reported experience, circumstances, general politics or other subject; not a selected market/state attitude"
edlvdes,"Highest level of education, Spain",False,"Reported experience, circumstances, general politics or other subject; not a selected market/state attitude"
edlvees,"Highest level of education, Spain",False,"Reported experience, circumstances, general politics or other subject; not a selected market/state attitude"
edlvies,"Highest level of education, Spain",False,"Reported experience, circumstances, general politics or other subject; not a selected market/state attitude"
edlvfr,"Highest level of education, France",False,"Reported experience, circumstances, general politics or other subject; not a selected market/state attitude"
edlvafr,"Highest level of education, France",False,"Reported experience, circumstances, general politics or other subject; not a selected market/state attitude"
edlvbfr,"Highest level of education, France",False,"Reported experience, circumstances, general politics or other subject; not a selected market/state attitude"
edlvdfr,"Highest level of education, France",False,"Reported experience, circumstances, general politics or other subject; not a selected market/state attitude"
edlvgb,"Highest level of education, United Kingdom",False,"Reported experience, circumstances, general politics or other subject; not a selected market/state attitude"
edlvagb,"Highest level of education, United Kingdom",False,"Reported experience, circumstances, general politics or other subject; not a selected market/state attitude"
edlvgr,"Highest level of education, Greece",False,"Reported experience, circumstances, general politics or other subject; not a selected market/state attitude"
edlvagr,"Highest level of education, Greece",False,"Reported experience, circumstances, general politics or other subject; not a selected market/state attitude"
edlvdgr,"Highest level of education, Greece",False,"Reported experience, circumstances, general politics or other subject; not a selected market/state attitude"
edlvegr,"Highest level of education, Greece",False,"Reported experience, circumstances, general politics or other subject; not a selected market/state attitude"
edlvhr,"Highest level of education, Croatia",False,"Reported experience, circumstances, general politics or other subject; not a selected market/state attitude"
edlvdhr,"Highest level of education, Croatia",False,"Reported experience, circumstances, general politics or other subject; not a selected market/state attitude"
edlvehr,"Highest level of education, Croatia",False,"Reported experience, circumstances, general politics or other subject; not a selected market/state attitude"
edlvahu,"Highest level of education, Hungary",False,"Reported experience, circumstances, general politics or other subject; not a selected market/state attitude"
edlvbhu,"Highest level of education, Hungary",False,"Reported experience, circumstances, general politics or other subject; not a selected market/state attitude"
edlvdhu,"Highest level of education, Hungary",False,"Reported experience, circumstances, general politics or other subject; not a selected market/state attitude"
edlvdahu,"Highest level of education, Hungary",False,"Reported experience, circumstances, general politics or other subject; not a selected market/state attitude"
edlvie,"Highest level of education, Ireland",False,"Reported experience, circumstances, general politics or other subject; not a selected market/state attitude"
edlvaie,"Highest level of education, Ireland",False,"Reported experience, circumstances, general politics or other subject; not a selected market/state attitude"
edlvbie,"Highest level of education, Ireland",False,"Reported experience, circumstances, general politics or other subject; not a selected market/state attitude"
edlvdie,"Highest level of education, Ireland",False,"Reported experience, circumstances, general politics or other subject; not a selected market/state attitude"
edlvail,"Highest level of education, Israel",False,"Reported experience, circumstances, general politics or other subject; not a selected market/state attitude"
eduil1,"Highest level of education, Israeli education, Israel",False,"Reported experience, circumstances, general politics or other subject; not a selected market/state attitude"
eduail1,"Highest level of education, Israeli education, Israel",False,"Reported experience, circumstances, general politics or other subject; not a selected market/state attitude"
edubil1,"Highest level of education, Israeli education, Israel",False,"Reported experience, circumstances, general politics or other subject; not a selected market/state attitude"
edlvait,"Highest level of education, Italy",False,"Reported experience, circumstances, general politics or other subject; not a selected market/state attitude"
edlvdit,"Highest level of education, Italy",False,"Reported experience, circumstances, general politics or other subject; not a selected market/state attitude"
edlvfit,"Highest level of education, Italy",False,"Reported experience, circumstances, general politics or other subject; not a selected market/state attitude"
edlvlt,"Highest level of education, Lithuania",False,"Reported experience, circumstances, general politics or other subject; not a selected market/state attitude"
edlvdlt,"Highest level of education, Lithuania",False,"Reported experience, circumstances, general politics or other subject; not a selected market/state attitude"
edlvlu,"Highest level of education, Luxembourg",False,"Reported experience, circumstances, general politics or other subject; not a selected market/state attitude"
edlvlv,"Highest level of education, Latvia",False,"Reported experience, circumstances, general politics or other subject; not a selected market/state attitude"
edlvelv,"Highest level of education, Latvia",False,"Reported experience, circumstances, general politics or other subject; not a selected market/state attitude"
edlvnl,"Highest level of education, Netherlands",False,"Reported experience, circumstances, general politics or other subject; not a selected market/state attitude"
edlvdnl,"Highest level of education, Netherlands",False,"Reported experience, circumstances, general politics or other subject; not a selected market/state attitude"
edlvenl,"Highest level of education, Netherlands",False,"Reported experience, circumstances, general politics or other subject; not a selected market/state attitude"
edlvno,"Highest level of education, Norway",False,"Reported experience, circumstances, general politics or other subject; not a selected market/state attitude"
edlvano,"Highest level of education, Norway",False,"Reported experience, circumstances, general politics or other subject; not a selected market/state attitude"
edlvdno,"Highest level of education, Norway",False,"Reported experience, circumstances, general politics or other subject; not a selected market/state attitude"
edlveno,"Highest level of education, Norway",False,"Reported experience, circumstances, general politics or other subject; not a selected market/state attitude"
edlvapl,"Highest level of education, Poland",False,"Reported experience, circumstances, general politics or other subject; not a selected market/state attitude"
edlvbpl,"Highest level of education, Poland",False,"Reported experience, circumstances, general politics or other subject; not a selected market/state attitude"
edlvdpl,"Highest level of education, Poland",False,"Reported experience, circumstances, general politics or other subject; not a selected market/state attitude"
edlvepl,"Highest level of education, Poland",False,"Reported experience, circumstances, general politics or other subject; not a selected market/state attitude"
edlvipl,"Highest level of education, Poland",False,"Reported experience, circumstances, general politics or other subject; not a selected market/state attitude"
edlvpt,"Highest level of education, Portugal",False,"Reported experience, circumstances, general politics or other subject; not a selected market/state attitude"
edlvapt,"Highest level of education, Portugal",False,"Reported experience, circumstances, general politics or other subject; not a selected market/state attitude"
edlvbpt,"Highest level of education, Portugal",False,"Reported experience, circumstances, general politics or other subject; not a selected market/state attitude"
edlvdpt,"Highest level of education, Portugal",False,"Reported experience, circumstances, general politics or other subject; not a selected market/state attitude"
edlvept,"Highest level of education, Portugal",False,"Reported experience, circumstances, general politics or other subject; not a selected market/state attitude"
edlvro,"Highest level of education, Romania",False,"Reported experience, circumstances, general politics or other subject; not a selected market/state attitude"
edlvru,"Highest level of education, Russian Federation",False,"Reported experience, circumstances, general politics or other subject; not a selected market/state attitude"
edlvdru,"Highest level of education, Russian Federation",False,"Reported experience, circumstances, general politics or other subject; not a selected market/state attitude"
edlvse,"Highest level of education, Sweden",False,"Reported experience, circumstances, general politics or other subject; not a selected market/state attitude"
edlvase,"Highest level of education, Sweden",False,"Reported experience, circumstances, general politics or other subject; not a selected market/state attitude"
edlvdse,"Highest level of education, Sweden",False,"Reported experience, circumstances, general politics or other subject; not a selected market/state attitude"
edlvsi,"Highest level of education, Slovenia",False,"Reported experience, circumstances, general politics or other subject; not a selected market/state attitude"
edlvasi,"Highest level of education, Slovenia",False,"Reported experience, circumstances, general politics or other subject; not a selected market/state attitude"
edlvdsi,"Highest level of education, Slovenia",False,"Reported experience, circumstances, general politics or other subject; not a selected market/state attitude"
edlvesi,"Highest level of education, Slovenia",False,"Reported experience, circumstances, general politics or other subject; not a selected market/state attitude"
edlvsk,"Highest level of education, Slovakia",False,"Reported experience, circumstances, general politics or other subject; not a selected market/state attitude"
edlvask,"Highest level of education, Slovakia",False,"Reported experience, circumstances, general politics or other subject; not a selected market/state attitude"
edlvdsk,"Highest level of education, Slovakia",False,"Reported experience, circumstances, general politics or other subject; not a selected market/state attitude"
edlvtr,"Highest level of education, Turkey",False,"Reported experience, circumstances, general politics or other subject; not a selected market/state attitude"
edlvua,"Highest level of education, Ukraine",False,"Reported experience, circumstances, general politics or other subject; not a selected market/state attitude"
edlvaua,"Highest level of education, Ukraine",False,"Reported experience, circumstances, general politics or other subject; not a selected market/state attitude"
edlvdua,"Highest level of education, Ukraine",False,"Reported experience, circumstances, general politics or other subject; not a selected market/state attitude"
edude1,"Highest level of education, Germany: höchster allgemeinbildender schulabschluss",False,"Reported experience, circumstances, general politics or other subject; not a selected market/state attitude"
eduade1,"Highest level of education, Germany: höchster allgemeinbildender schulabschluss",False,"Reported experience, circumstances, general politics or other subject; not a selected market/state attitude"
edudde1,"Highest level of education, Germany: höchster allgemeinbildender Schulabschluss",False,"Reported experience, circumstances, general politics or other subject; not a selected market/state attitude"
edude2,"Highest level of education, Germany: höchster studienabschluss",False,"Reported experience, circumstances, general politics or other subject; not a selected market/state attitude"
educde2,"Highest level of education, Germany: höchster Studienabschluss",False,"Reported experience, circumstances, general politics or other subject; not a selected market/state attitude"
edude3,"Highest level of education, Germany: höchster ausbildungsabschluss",False,"Reported experience, circumstances, general politics or other subject; not a selected market/state attitude"
edugb2,"Highest level of education, United Kingdom: Up to Ph.D or equivalent",False,"Reported experience, circumstances, general politics or other subject; not a selected market/state attitude"
edubgb2,"Highest level of education, United Kingdom: Up to Ph.D or equivalent",False,"Reported experience, circumstances, general politics or other subject; not a selected market/state attitude"
eduil2,"Highest level of education, Russian education, Israel",False,"Reported experience, circumstances, general politics or other subject; not a selected market/state attitude"
eduail2,"Highest level of education, Russian education, Israel",False,"Reported experience, circumstances, general politics or other subject; not a selected market/state attitude"
edupl2,"Tertiary education: lower or higher/single tier, Poland",False,"Reported experience, circumstances, general politics or other subject; not a selected market/state attitude"
eduyrpl,"Year of school completion, Poland",False,"Reported experience, circumstances, general politics or other subject; not a selected market/state attitude"
edugb1,"Highest level of education, United Kingdom: Up to 2 or more A-levels or equivalent",False,"Reported experience, circumstances, general politics or other subject; not a selected market/state attitude"
eduagb1,"Highest level of education, United Kingdom: Up to 2 or more A-levels or equivalent",False,"Reported experience, circumstances, general politics or other subject; not a selected market/state attitude"
educgb1,"Highest level of education, United Kingdom: Up to 2 or more A-levels or equivalent",False,"Reported experience, circumstances, general politics or other subject; not a selected market/state attitude"
edlvdrs,"Highest level of education, Serbia",False,"Reported experience, circumstances, general politics or other subject; not a selected market/state attitude"
edlveme,"Highest level of education, Montenegro",False,"Reported experience, circumstances, general politics or other subject; not a selected market/state attitude"
edagepgb,"Partner's age when completed full time education, United Kingdom",False,"Reported experience, circumstances, general politics or other subject; not a selected market/state attitude"
edlvpat,"Partner's highest level of education, Austria",False,"Reported experience, circumstances, general politics or other subject; not a selected market/state attitude"
edlvpfat,"Partner's highest level of education, Austria",False,"Reported experience, circumstances, general politics or other subject; not a selected market/state attitude"
edlvpbe,"Partner's highest level of education, Belgium",False,"Reported experience, circumstances, general politics or other subject; not a selected market/state attitude"
edlvpdbe,"Partner's highest level of education, Belgium",False,"Reported experience, circumstances, general politics or other subject; not a selected market/state attitude"
edlvpebe,"Partner's highest level of education, Belgium",False,"Reported experience, circumstances, general politics or other subject; not a selected market/state attitude"
edlvpch,"Partner's highest level of education, Switzerland",False,"Reported experience, circumstances, general politics or other subject; not a selected market/state attitude"
edlvpdch,"Partner's highest level of education, Switzerland",False,"Reported experience, circumstances, general politics or other subject; not a selected market/state attitude"
edlvpcy,"Partner's highest level of education, Cyprus",False,"Reported experience, circumstances, general politics or other subject; not a selected market/state attitude"
edlvpdcy,"Partner's highest level of education, Cyprus",False,"Reported experience, circumstances, general politics or other subject; not a selected market/state attitude"
edlvpecy,"Partner's highest level of education, Cyprus",False,"Reported experience, circumstances, general politics or other subject; not a selected market/state attitude"
edlvpgcy,"Partner's highest level of education, Cyprus",False,"Reported experience, circumstances, general politics or other subject; not a selected market/state attitude"
edlvpcz,"Partner's highest level of education, Czechia",False,"Reported experience, circumstances, general politics or other subject; not a selected market/state attitude"
edlvpdcz,"Partner's highest level of education, Czechia",False,"Reported experience, circumstances, general politics or other subject; not a selected market/state attitude"
edlvpdbg,"Partner's highest level of education, Bulgaria",False,"Reported experience, circumstances, general politics or other subject; not a selected market/state attitude"
edlvpebg,"Partner's highest level of education, Bulgaria",False,"Reported experience, circumstances, general politics or other subject; not a selected market/state attitude"
edlvpdfi,"Partner's highest level of education, Finland",False,"Reported experience, circumstances, general politics or other subject; not a selected market/state attitude"
edlvpdis,"Partner's highest level of education, Iceland",False,"Reported experience, circumstances, general politics or other subject; not a selected market/state attitude"
edlvpdit,"Partner's highest level of education, Italy",False,"Reported experience, circumstances, general politics or other subject; not a selected market/state attitude"
edlvpfit,"Partner's highest level of education, Italy",False,"Reported experience, circumstances, general politics or other subject; not a selected market/state attitude"
edlvpdk,"Partner's highest level of education, Denmark",False,"Reported experience, circumstances, general politics or other subject; not a selected market/state attitude"
edlvpddk,"Partner's highest level of education, Denmark",False,"Reported experience, circumstances, general politics or other subject; not a selected market/state attitude"
edlvpdxk,"Partner's highest level of education, Kosovo",False,"Reported experience, circumstances, general politics or other subject; not a selected market/state attitude"
edlvpee,"Partner's highest level of education, Estonia",False,"Reported experience, circumstances, general politics or other subject; not a selected market/state attitude"
edlvpdee,"Partner's highest level of education, Estonia",False,"Reported experience, circumstances, general politics or other subject; not a selected market/state attitude"
edlvpes,"Partner's highest level of education, Spain",False,"Reported experience, circumstances, general politics or other subject; not a selected market/state attitude"
edlvpdes,"Partner's highest level of education, Spain",False,"Reported experience, circumstances, general politics or other subject; not a selected market/state attitude"
edlvpees,"Partner's highest level of education, Spain",False,"Reported experience, circumstances, general politics or other subject; not a selected market/state attitude"
edlvphes,"Partner's highest level of education, Spain",False,"Reported experience, circumstances, general politics or other subject; not a selected market/state attitude"
edlvpfr,"Partner's highest level of education, France",False,"Reported experience, circumstances, general politics or other subject; not a selected market/state attitude"
edlvpdfr,"Partner's highest level of education, France",False,"Reported experience, circumstances, general politics or other subject; not a selected market/state attitude"
edlvpgb,"Partner's highest level of education, United Kingdom",False,"Reported experience, circumstances, general politics or other subject; not a selected market/state attitude"
edlvpgr,"Partner's highest level of education, Greece",False,"Reported experience, circumstances, general politics or other subject; not a selected market/state attitude"
edlvpdgr,"Partner's highest level of education, Greece",False,"Reported experience, circumstances, general politics or other subject; not a selected market/state attitude"
edlvpegr,"Partner's highest level of education, Greece",False,"Reported experience, circumstances, general politics or other subject; not a selected market/state attitude"
edlvphr,"Partner's highest level of education, Croatia",False,"Reported experience, circumstances, general politics or other subject; not a selected market/state attitude"
edlvpdhr,"Partner's highest level of education, Croatia",False,"Reported experience, circumstances, general politics or other subject; not a selected market/state attitude"
edlvpehr,"Partner's highest level of education, Croatia",False,"Reported experience, circumstances, general politics or other subject; not a selected market/state attitude"
edlvphu,"Partner's highest level of education, Hungary",False,"Reported experience, circumstances, general politics or other subject; not a selected market/state attitude"
edlvpdhu,"Partner's highest level of education, Hungary",False,"Reported experience, circumstances, general politics or other subject; not a selected market/state attitude"
edlvpdahu,"Partner's highest level of education, Hungary",False,"Reported experience, circumstances, general politics or other subject; not a selected market/state attitude"
edlvpie,"Partner's highest level of education, Ireland",False,"Reported experience, circumstances, general politics or other subject; not a selected market/state attitude"
edlvpdie,"Partner's highest level of education, Ireland",False,"Reported experience, circumstances, general politics or other subject; not a selected market/state attitude"
edlvpil,"Partner's highest level of education, Israel",False,"Reported experience, circumstances, general politics or other subject; not a selected market/state attitude"
edupil1,"Partner's highest level of education, Israeli education, Israel",False,"Reported experience, circumstances, general politics or other subject; not a selected market/state attitude"
edupail1,"Partner's highest level of education, Israeli education, Israel",False,"Reported experience, circumstances, general politics or other subject; not a selected market/state attitude"
edupbil1,"Partner's highest level of education, Israeli education, Israel",False,"Reported experience, circumstances, general politics or other subject; not a selected market/state attitude"
edlvplt,"Partner's highest level of education, Lithuania",False,"Reported experience, circumstances, general politics or other subject; not a selected market/state attitude"
edlvpdlt,"Partner's highest level of education, Lithuania",False,"Reported experience, circumstances, general politics or other subject; not a selected market/state attitude"
edlvplv,"Partner's highest level of education, Latvia",False,"Reported experience, circumstances, general politics or other subject; not a selected market/state attitude"
edlvpelv,"Partner's highest level of education, Latvia",False,"Reported experience, circumstances, general politics or other subject; not a selected market/state attitude"
edlvpnl,"Partner's highest level of education, Netherlands",False,"Reported experience, circumstances, general politics or other subject; not a selected market/state attitude"
edlvpdnl,"Partner's highest level of education, Netherlands",False,"Reported experience, circumstances, general politics or other subject; not a selected market/state attitude"
edlvpenl,"Partner's highest level of education, Netherlands",False,"Reported experience, circumstances, general politics or other subject; not a selected market/state attitude"
edlvpno,"Partner's highest level of education, Norway",False,"Reported experience, circumstances, general politics or other subject; not a selected market/state attitude"
edlvpdno,"Partner's highest level of education, Norway",False,"Reported experience, circumstances, general politics or other subject; not a selected market/state attitude"
edlvpeno,"Partner's highest level of education, Norway",False,"Reported experience, circumstances, general politics or other subject; not a selected market/state attitude"
edlvppl,"Partner's highest level of education, Poland",False,"Reported experience, circumstances, general politics or other subject; not a selected market/state attitude"
edlvpdpl,"Partner's highest level of education, Poland",False,"Reported experience, circumstances, general politics or other subject; not a selected market/state attitude"
edlvpepl,"Partner's highest level of education, Poland",False,"Reported experience, circumstances, general politics or other subject; not a selected market/state attitude"
edlvphpl," Partner's highest level of education, Poland",False,"Reported experience, circumstances, general politics or other subject; not a selected market/state attitude"
edlvppt,"Partner's highest level of education, Portugal",False,"Reported experience, circumstances, general politics or other subject; not a selected market/state attitude"
edlvpdpt,"Partner's highest level of education, Portugal",False,"Reported experience, circumstances, general politics or other subject; not a selected market/state attitude"
edlvpept,"Partner's highest level of education, Portugal",False,"Reported experience, circumstances, general politics or other subject; not a selected market/state attitude"
edlvpro,"Partner's highest level of education, Romania",False,"Reported experience, circumstances, general politics or other subject; not a selected market/state attitude"
edlvpru,"Partner's highest level of education, Russian Federation",False,"Reported experience, circumstances, general politics or other subject; not a selected market/state attitude"
edlvpdru,"Partner's highest level of education, Russian Federation",False,"Reported experience, circumstances, general politics or other subject; not a selected market/state attitude"
edlvpse,"Partner's highest level of education, Sweden",False,"Reported experience, circumstances, general politics or other subject; not a selected market/state attitude"
edlvpdse,"Partner's highest level of education, Sweden",False,"Reported experience, circumstances, general politics or other subject; not a selected market/state attitude"
edlvpsi,"Partner's highest level of education, Slovenia",False,"Reported experience, circumstances, general politics or other subject; not a selected market/state attitude"
edlvpdsi,"Partner's highest level of education, Slovenia",False,"Reported experience, circumstances, general politics or other subject; not a selected market/state attitude"
edlvpesi,"Partner's highest level of education, Slovenia",False,"Reported experience, circumstances, general politics or other subject; not a selected market/state attitude"
edlvpsk,"Partner's highest level of education, Slovakia",False,"Reported experience, circumstances, general politics or other subject; not a selected market/state attitude"
edlvpdsk,"Partner's highest level of education, Slovakia",False,"Reported experience, circumstances, general politics or other subject; not a selected market/state attitude"
edlvptr,"Partner's highest level of education, Turkey",False,"Reported experience, circumstances, general politics or other subject; not a selected market/state attitude"
edlvpua,"Partner's highest level of education, Ukraine",False,"Reported experience, circumstances, general politics or other subject; not a selected market/state attitude"
edlvpdua,"Partner's highest level of education, Ukraine",False,"Reported experience, circumstances, general politics or other subject; not a selected market/state attitude"
edupde1,"Partner's highest level of education, Germany: höchster allgemeinbildender schulabschluss",False,"Reported experience, circumstances, general politics or other subject; not a selected market/state attitude"
edupade1,"Partner's highest level of education, Germany: höchster allgemeinbildender schulabschluss",False,"Reported experience, circumstances, general politics or other subject; not a selected market/state attitude"
edupdde1,"Partner's highest level of education, Germany: höchster allgemeinbildender Schulabschluss",False,"Reported experience, circumstances, general politics or other subject; not a selected market/state attitude"
edupde2,"Partner's highest level of education, Germany: höchster studienabschluss",False,"Reported experience, circumstances, general politics or other subject; not a selected market/state attitude"
edupcde2,"Partner's highest level of education, Germany: höchster Studienabschluss",False,"Reported experience, circumstances, general politics or other subject; not a selected market/state attitude"
edupde3,"Partner's highest level of education, Germany: höchster ausbildungsabschluss",False,"Reported experience, circumstances, general politics or other subject; not a selected market/state attitude"
edupgb2,"Partner's highest level of education, United Kingdom: Up to Ph.D or equivalent",False,"Reported experience, circumstances, general politics or other subject; not a selected market/state attitude"
edupbgb2,"Partner's highest level of education, United Kingdom: Up to Ph.D or equivalent",False,"Reported experience, circumstances, general politics or other subject; not a selected market/state attitude"
edupil2,"Partner's highest level of education, Russian education, Israel",False,"Reported experience, circumstances, general politics or other subject; not a selected market/state attitude"
edupail2,"Partner's highest level of education, Russian education, Israel",False,"Reported experience, circumstances, general politics or other subject; not a selected market/state attitude"
eduppl2,"Partner's tertiary education: lower or higher/single tier, Poland",False,"Reported experience, circumstances, general politics or other subject; not a selected market/state attitude"
eduyrppl,"Partner's year of school completion, Poland",False,"Reported experience, circumstances, general politics or other subject; not a selected market/state attitude"
edlvpdal,"Partner's highest level of education, Albania",False,"Reported experience, circumstances, general politics or other subject; not a selected market/state attitude"
edupgb1,"Partner's highest level of education, United Kingdom: Up to 2 or more A-levels or equivalent",False,"Reported experience, circumstances, general politics or other subject; not a selected market/state attitude"
edupagb1,"Partner's highest level of education, United Kingdom: Up to 2 or more A-levels or equivalent",False,"Reported experience, circumstances, general politics or other subject; not a selected market/state attitude"
edupcgb1,"Partner's highest level of education, United Kingdom: Up to 2 or more A-levels or equivalent",False,"Reported experience, circumstances, general politics or other subject; not a selected market/state attitude"
edlvpdrs,"Partner's highest level of education, Serbia",False,"Reported experience, circumstances, general politics or other subject; not a selected market/state attitude"
edlvpeme,"Partner's highest level of education, Montenegro",False,"Reported experience, circumstances, general politics or other subject; not a selected market/state attitude"
edlvfdal,"Father's highest level of education, Albania",False,"Reported experience, circumstances, general politics or other subject; not a selected market/state attitude"
edlvfat,"Father's highest level of education, Austria",False,"Reported experience, circumstances, general politics or other subject; not a selected market/state attitude"
edlvfeat,"Father's highest level of education, Austria",False,"Reported experience, circumstances, general politics or other subject; not a selected market/state attitude"
edlvfbe,"Father's highest level of education, Belgium",False,"Reported experience, circumstances, general politics or other subject; not a selected market/state attitude"
edlvfdbe,"Father's highest level of education, Belgium",False,"Reported experience, circumstances, general politics or other subject; not a selected market/state attitude"
edlvfebe,"Father's highest level of education, Belgium",False,"Reported experience, circumstances, general politics or other subject; not a selected market/state attitude"
edlvfdbg,"Father's highest level of education, Bulgaria",False,"Reported experience, circumstances, general politics or other subject; not a selected market/state attitude"
edlvfebg,"Father's highest level of education, Bulgaria",False,"Reported experience, circumstances, general politics or other subject; not a selected market/state attitude"
edlvfhr,"Father's highest level of education, Croatia",False,"Reported experience, circumstances, general politics or other subject; not a selected market/state attitude"
edlvfdhr,"Father's highest level of education, Croatia",False,"Reported experience, circumstances, general politics or other subject; not a selected market/state attitude"
edlvfehr,"Father's highest level of education, Croatia",False,"Reported experience, circumstances, general politics or other subject; not a selected market/state attitude"
edlvfcy,"Father's highest level of education, Cyprus",False,"Reported experience, circumstances, general politics or other subject; not a selected market/state attitude"
edlvfdcy,"Father's highest level of education, Cyprus",False,"Reported experience, circumstances, general politics or other subject; not a selected market/state attitude"
edlvfecy,"Father's highest level of education, Cyprus",False,"Reported experience, circumstances, general politics or other subject; not a selected market/state attitude"
edlvfgcy,"Father's highest level of education, Cyprus",False,"Reported experience, circumstances, general politics or other subject; not a selected market/state attitude"
edlvfcz,"Father's highest level of education, Czechia",False,"Reported experience, circumstances, general politics or other subject; not a selected market/state attitude"
edlvfdcz,"Father's highest level of education, Czechia",False,"Reported experience, circumstances, general politics or other subject; not a selected market/state attitude"
edlvfdk,"Father's highest level of education, Denmark",False,"Reported experience, circumstances, general politics or other subject; not a selected market/state attitude"
edlvfddk,"Father's highest level of education, Denmark",False,"Reported experience, circumstances, general politics or other subject; not a selected market/state attitude"
edlvfee,"Father's highest level of education, Estonia",False,"Reported experience, circumstances, general politics or other subject; not a selected market/state attitude"
edlvfdee,"Father's highest level of education, Estonia",False,"Reported experience, circumstances, general politics or other subject; not a selected market/state attitude"
edlvfdfi,"Father's highest level of education, Finland",False,"Reported experience, circumstances, general politics or other subject; not a selected market/state attitude"
edlvffr,"Father's highest level of education, France",False,"Reported experience, circumstances, general politics or other subject; not a selected market/state attitude"
edlvfdfr,"Father's highest level of education, France",False,"Reported experience, circumstances, general politics or other subject; not a selected market/state attitude"
edufde1,"Father's highest level of education, Germany: höchster allgemeinbildender schulabschluss",False,"Reported experience, circumstances, general politics or other subject; not a selected market/state attitude"
edufade1,"Father's highest level of education, Germany: höchster allgemeinbildender schulabschluss",False,"Reported experience, circumstances, general politics or other subject; not a selected market/state attitude"
edufcde1,"Father's highest level of education, Germany: höchster allgemeinbildender Schulabschluss",False,"Reported experience, circumstances, general politics or other subject; not a selected market/state attitude"
edufde2,"Father's highest level of education, Germany: höchster studienabschluss",False,"Reported experience, circumstances, general politics or other subject; not a selected market/state attitude"
edufbde2,"Father's highest level of education, Germany: höchster Studienabschluss",False,"Reported experience, circumstances, general politics or other subject; not a selected market/state attitude"
edufde3,"Father's highest level of education, Germany: höchster ausbildungsabschluss",False,"Reported experience, circumstances, general politics or other subject; not a selected market/state attitude"
edlvfgr,"Father's highest level of education, Greece",False,"Reported experience, circumstances, general politics or other subject; not a selected market/state attitude"
edlvfdgr,"Father's highest level of education, Greece",False,"Reported experience, circumstances, general politics or other subject; not a selected market/state attitude"
edlvfegr,"Father's highest level of education, Greece",False,"Reported experience, circumstances, general politics or other subject; not a selected market/state attitude"
edlvfhu,"Father's highest level of education, Hungary",False,"Reported experience, circumstances, general politics or other subject; not a selected market/state attitude"
edlvfdhu,"Father's highest level of education, Hungary",False,"Reported experience, circumstances, general politics or other subject; not a selected market/state attitude"
edlvfdahu,"Father's highest level of education, Hungary",False,"Reported experience, circumstances, general politics or other subject; not a selected market/state attitude"
edlvfdis,"Father's highest level of education, Iceland",False,"Reported experience, circumstances, general politics or other subject; not a selected market/state attitude"
edlvfie,"Father's highest level of education, Ireland",False,"Reported experience, circumstances, general politics or other subject; not a selected market/state attitude"
edlvfdie,"Father's highest level of education, Ireland",False,"Reported experience, circumstances, general politics or other subject; not a selected market/state attitude"
edlvfil,"Father's highest level of education, Israel",False,"Reported experience, circumstances, general politics or other subject; not a selected market/state attitude"
edufil1,"Father's highest level of education, Israeli education, Israel",False,"Reported experience, circumstances, general politics or other subject; not a selected market/state attitude"
edufail1,"Father's highest level of education, Israeli education, Israel",False,"Reported experience, circumstances, general politics or other subject; not a selected market/state attitude"
edufbil1,"Father's highest level of education, Israeli education, Israel",False,"Reported experience, circumstances, general politics or other subject; not a selected market/state attitude"
edufil2,"Father's highest level of education, Russian education, Israel",False,"Reported experience, circumstances, general politics or other subject; not a selected market/state attitude"
edufail2,"Father's highest level of education, Russian education, Israel",False,"Reported experience, circumstances, general politics or other subject; not a selected market/state attitude"
edlvfdit,"Father's highest level of education, Italy",False,"Reported experience, circumstances, general politics or other subject; not a selected market/state attitude"
edlvffit,"Father's highest level of education, Italy",False,"Reported experience, circumstances, general politics or other subject; not a selected market/state attitude"
edlvfdxk,"Father's highest level of education, Kosovo",False,"Reported experience, circumstances, general politics or other subject; not a selected market/state attitude"
edlvflv,"Father's highest level of education, Latvia",False,"Reported experience, circumstances, general politics or other subject; not a selected market/state attitude"
edlvfelv,"Father's highest level of education, Latvia",False,"Reported experience, circumstances, general politics or other subject; not a selected market/state attitude"
edlvflt,"Father's highest level of education, Lithuania",False,"Reported experience, circumstances, general politics or other subject; not a selected market/state attitude"
edlvfdlt,"Father's highest level of education, Lithuania",False,"Reported experience, circumstances, general politics or other subject; not a selected market/state attitude"
edlvfnl,"Father's highest level of education, Netherlands",False,"Reported experience, circumstances, general politics or other subject; not a selected market/state attitude"
edlvfdnl,"Father's highest level of education, Netherlands",False,"Reported experience, circumstances, general politics or other subject; not a selected market/state attitude"
edlvfenl,"Father's highest level of education, Netherlands",False,"Reported experience, circumstances, general politics or other subject; not a selected market/state attitude"
edlvfno,"Father's highest level of education, Norway",False,"Reported experience, circumstances, general politics or other subject; not a selected market/state attitude"
edlvfdno,"Father's highest level of education, Norway",False,"Reported experience, circumstances, general politics or other subject; not a selected market/state attitude"
edlvfeno,"Father's highest level of education, Norway",False,"Reported experience, circumstances, general politics or other subject; not a selected market/state attitude"
edlvfpl,"Father's highest level of education, Poland",False,"Reported experience, circumstances, general politics or other subject; not a selected market/state attitude"
edlvfdpl,"Father's highest level of education, Poland",False,"Reported experience, circumstances, general politics or other subject; not a selected market/state attitude"
edlvfepl,"Father's highest level of education, Poland",False,"Reported experience, circumstances, general politics or other subject; not a selected market/state attitude"
edlvfgpl,"Father's highest level of education, Poland",False,"Reported experience, circumstances, general politics or other subject; not a selected market/state attitude"
edlvfpt,"Father's highest level of education, Portugal",False,"Reported experience, circumstances, general politics or other subject; not a selected market/state attitude"
edlvfdpt,"Father's highest level of education, Portugal",False,"Reported experience, circumstances, general politics or other subject; not a selected market/state attitude"
edlvfept,"Father's highest level of education, Portugal",False,"Reported experience, circumstances, general politics or other subject; not a selected market/state attitude"
edlvfro,"Father's highest level of education, Romania",False,"Reported experience, circumstances, general politics or other subject; not a selected market/state attitude"
edlvfru,"Father's highest level of education, Russian Federation",False,"Reported experience, circumstances, general politics or other subject; not a selected market/state attitude"
edlvfdru,"Father's highest level of education, Russian Federation",False,"Reported experience, circumstances, general politics or other subject; not a selected market/state attitude"
edlvfsk,"Father's highest level of education, Slovakia",False,"Reported experience, circumstances, general politics or other subject; not a selected market/state attitude"
edlvfdsk,"Father's highest level of education, Slovakia",False,"Reported experience, circumstances, general politics or other subject; not a selected market/state attitude"
edlvfsi,"Father's highest level of education, Slovenia",False,"Reported experience, circumstances, general politics or other subject; not a selected market/state attitude"
edlvfdsi,"Father's highest level of education, Slovenia",False,"Reported experience, circumstances, general politics or other subject; not a selected market/state attitude"
edlvfesi,"Father's highest level of education, Slovenia",False,"Reported experience, circumstances, general politics or other subject; not a selected market/state attitude"
edlvfes,"Father's highest level of education, Spain",False,"Reported experience, circumstances, general politics or other subject; not a selected market/state attitude"
edlvfdes,"Father's highest level of education, Spain",False,"Reported experience, circumstances, general politics or other subject; not a selected market/state attitude"
edlvfees,"Father's highest level of education, Spain",False,"Reported experience, circumstances, general politics or other subject; not a selected market/state attitude"
edlvfges,"Father's highest level of education, Spain",False,"Reported experience, circumstances, general politics or other subject; not a selected market/state attitude"
edlvfse,"Father's highest level of education, Sweden",False,"Reported experience, circumstances, general politics or other subject; not a selected market/state attitude"
edlvfdse,"Father's highest level of education, Sweden",False,"Reported experience, circumstances, general politics or other subject; not a selected market/state attitude"
edlvfch,"Father's highest level of education, Switzerland",False,"Reported experience, circumstances, general politics or other subject; not a selected market/state attitude"
edlvfdch,"Father's highest level of education, Switzerland",False,"Reported experience, circumstances, general politics or other subject; not a selected market/state attitude"
edlvftr,"Father's highest level of education, Turkey",False,"Reported experience, circumstances, general politics or other subject; not a selected market/state attitude"
edlvfua,"Father's highest level of education, Ukraine",False,"Reported experience, circumstances, general politics or other subject; not a selected market/state attitude"
edlvfdua,"Father's highest level of education, Ukraine",False,"Reported experience, circumstances, general politics or other subject; not a selected market/state attitude"
edlvfgb,"Father's highest level of education, United Kingdom",False,"Reported experience, circumstances, general politics or other subject; not a selected market/state attitude"
edufgb1,"Father's highest level of education, United Kingdom: Up to 2 or more A-levels or equivalent",False,"Reported experience, circumstances, general politics or other subject; not a selected market/state attitude"
edufagb1,"Father's highest level of education, United Kingdom: Up to 2 or more A-levels or equivalent",False,"Reported experience, circumstances, general politics or other subject; not a selected market/state attitude"
edufcgb1,"Father's highest level of education, United Kingdom: Up to 2 or more A-levels or equivalent",False,"Reported experience, circumstances, general politics or other subject; not a selected market/state attitude"
edufgb2,"Father's highest level of education, United Kingdom: Up to Ph.D or equivalent",False,"Reported experience, circumstances, general politics or other subject; not a selected market/state attitude"
edufbgb2,"Father's highest level of education, United Kingdom: Up to Ph.D or equivalent",False,"Reported experience, circumstances, general politics or other subject; not a selected market/state attitude"
edagefgb,"Father's age when completed full time education, United Kingdom",False,"Reported experience, circumstances, general politics or other subject; not a selected market/state attitude"
edlvfdrs,"Father's highest level of education, Serbia",False,"Reported experience, circumstances, general politics or other subject; not a selected market/state attitude"
edlvfeme,"Father's highest level of education, Montenegro",False,"Reported experience, circumstances, general politics or other subject; not a selected market/state attitude"
edagemgb,"Mother's age when completed full time education, United Kingdom",False,"Reported experience, circumstances, general politics or other subject; not a selected market/state attitude"
edlvmat,"Mother's highest level of education, Austria",False,"Reported experience, circumstances, general politics or other subject; not a selected market/state attitude"
edlvmeat,"Mother's highest level of education, Austria",False,"Reported experience, circumstances, general politics or other subject; not a selected market/state attitude"
edlvmbe,"Mother's highest level of education, Belgium",False,"Reported experience, circumstances, general politics or other subject; not a selected market/state attitude"
edlvmdbe,"Mother's highest level of education, Belgium",False,"Reported experience, circumstances, general politics or other subject; not a selected market/state attitude"
edlvmebe,"Mother's highest level of education, Belgium",False,"Reported experience, circumstances, general politics or other subject; not a selected market/state attitude"
edlvmch,"Mother's highest level of education, Switzerland",False,"Reported experience, circumstances, general politics or other subject; not a selected market/state attitude"
edlvmdch,"Mother's highest level of education, Switzerland",False,"Reported experience, circumstances, general politics or other subject; not a selected market/state attitude"
edlvmcy,"Mother's highest level of education, Cyprus",False,"Reported experience, circumstances, general politics or other subject; not a selected market/state attitude"
edlvmdcy,"Mother's highest level of education, Cyprus",False,"Reported experience, circumstances, general politics or other subject; not a selected market/state attitude"
edlvmecy,"Mother's highest level of education, Cyprus",False,"Reported experience, circumstances, general politics or other subject; not a selected market/state attitude"
edlvmgcy,"Mother's highest level of education, Cyprus",False,"Reported experience, circumstances, general politics or other subject; not a selected market/state attitude"
edlvmcz,"Mother's highest level of education, Czechia",False,"Reported experience, circumstances, general politics or other subject; not a selected market/state attitude"
edlvmdcz,"Mother's highest level of education, Czechia",False,"Reported experience, circumstances, general politics or other subject; not a selected market/state attitude"
edlvmdal,"Mother's highest level of education, Albania",False,"Reported experience, circumstances, general politics or other subject; not a selected market/state attitude"
edlvmdfi,"Mother's highest level of education, Finland",False,"Reported experience, circumstances, general politics or other subject; not a selected market/state attitude"
edlvmdis,"Mother's highest level of education, Iceland",False,"Reported experience, circumstances, general politics or other subject; not a selected market/state attitude"
edlvmdit,"Mother's highest level of education, Italy",False,"Reported experience, circumstances, general politics or other subject; not a selected market/state attitude"
edlvmfit,"Mother's highest level of education, Italy",False,"Reported experience, circumstances, general politics or other subject; not a selected market/state attitude"
edlvmdk,"Mother's highest level of education, Denmark",False,"Reported experience, circumstances, general politics or other subject; not a selected market/state attitude"
edlvmddk,"Mother's highest level of education, Denmark",False,"Reported experience, circumstances, general politics or other subject; not a selected market/state attitude"
edlvmdxk,"Mother's highest level of education, Kosovo",False,"Reported experience, circumstances, general politics or other subject; not a selected market/state attitude"
edlvmee,"Mother's highest level of education, Estonia",False,"Reported experience, circumstances, general politics or other subject; not a selected market/state attitude"
edlvmdee,"Mother's highest level of education, Estonia",False,"Reported experience, circumstances, general politics or other subject; not a selected market/state attitude"
edlvmes,"Mother's highest level of education, Spain",False,"Reported experience, circumstances, general politics or other subject; not a selected market/state attitude"
edlvmdes,"Mother's highest level of education, Spain",False,"Reported experience, circumstances, general politics or other subject; not a selected market/state attitude"
edlvmees,"Mother's highest level of education, Spain",False,"Reported experience, circumstances, general politics or other subject; not a selected market/state attitude"
edlvmges,"Mother's highest level of education, Spain",False,"Reported experience, circumstances, general politics or other subject; not a selected market/state attitude"
edlvmfr,"Mother's highest level of education, France",False,"Reported experience, circumstances, general politics or other subject; not a selected market/state attitude"
edlvmdfr,"Mother's highest level of education, France",False,"Reported experience, circumstances, general politics or other subject; not a selected market/state attitude"
edlvmgb,"Mother's highest level of education, United Kingdom",False,"Reported experience, circumstances, general politics or other subject; not a selected market/state attitude"
edlvmgr,"Mother's highest level of education, Greece",False,"Reported experience, circumstances, general politics or other subject; not a selected market/state attitude"
edlvmdgr,"Mother's highest level of education, Greece",False,"Reported experience, circumstances, general politics or other subject; not a selected market/state attitude"
edlvmegr,"Mother's highest level of education, Greece",False,"Reported experience, circumstances, general politics or other subject; not a selected market/state attitude"
edlvmhr,"Mother's highest level of education, Croatia",False,"Reported experience, circumstances, general politics or other subject; not a selected market/state attitude"
edlvmdhr,"Mother's highest level of education, Croatia",False,"Reported experience, circumstances, general politics or other subject; not a selected market/state attitude"
edlvmehr,"Mother's highest level of education, Croatia",False,"Reported experience, circumstances, general politics or other subject; not a selected market/state attitude"
edlvmhu,"Mother's highest level of education, Hungary",False,"Reported experience, circumstances, general politics or other subject; not a selected market/state attitude"
edlvmdhu,"Mother's highest level of education, Hungary",False,"Reported experience, circumstances, general politics or other subject; not a selected market/state attitude"
edlvmdahu,"Mother's highest level of education, Hungary",False,"Reported experience, circumstances, general politics or other subject; not a selected market/state attitude"
edlvmie,"Mother's highest level of education, Ireland",False,"Reported experience, circumstances, general politics or other subject; not a selected market/state attitude"
edlvmdie,"Mother's highest level of education, Ireland",False,"Reported experience, circumstances, general politics or other subject; not a selected market/state attitude"
edlvmil,"Mother's highest level of education, Israel",False,"Reported experience, circumstances, general politics or other subject; not a selected market/state attitude"
edumil1,"Mother's highest level of education, Israeli education, Israel",False,"Reported experience, circumstances, general politics or other subject; not a selected market/state attitude"
edumail1,"Mother's highest level of education, Israeli education, Israel",False,"Reported experience, circumstances, general politics or other subject; not a selected market/state attitude"
edumbil1,"Mother's highest level of education, Israeli education, Israel",False,"Reported experience, circumstances, general politics or other subject; not a selected market/state attitude"
edlvmlt,"Mother's highest level of education, Lithuania",False,"Reported experience, circumstances, general politics or other subject; not a selected market/state attitude"
edlvmdlt,"Mother's highest level of education, Lithuania",False,"Reported experience, circumstances, general politics or other subject; not a selected market/state attitude"
edlvmlv,"Mother's highest level of education, Latvia",False,"Reported experience, circumstances, general politics or other subject; not a selected market/state attitude"
edlvmelv,"Mother's highest level of education, Latvia",False,"Reported experience, circumstances, general politics or other subject; not a selected market/state attitude"
edlvmnl,"Mother's highest level of education, Netherlands",False,"Reported experience, circumstances, general politics or other subject; not a selected market/state attitude"
edlvmdnl,"Mother's highest level of education, Netherlands",False,"Reported experience, circumstances, general politics or other subject; not a selected market/state attitude"
edlvmenl,"Mother's highest level of education, Netherlands",False,"Reported experience, circumstances, general politics or other subject; not a selected market/state attitude"
edlvmno,"Mother's highest level of education, Norway",False,"Reported experience, circumstances, general politics or other subject; not a selected market/state attitude"
edlvmdno,"Mother's highest level of education, Norway",False,"Reported experience, circumstances, general politics or other subject; not a selected market/state attitude"
edlvmeno,"Mother's highest level of education, Norway",False,"Reported experience, circumstances, general politics or other subject; not a selected market/state attitude"
edlvmpl,"Mother's highest level of education, Poland",False,"Reported experience, circumstances, general politics or other subject; not a selected market/state attitude"
edlvmdpl,"Mother's highest level of education, Poland",False,"Reported experience, circumstances, general politics or other subject; not a selected market/state attitude"
edlvmepl,"Mother's highest level of education, Poland",False,"Reported experience, circumstances, general politics or other subject; not a selected market/state attitude"
edlvmgpl,"Mother's highest level of education, Poland",False,"Reported experience, circumstances, general politics or other subject; not a selected market/state attitude"
edlvmpt,"Mother's highest level of education, Portugal",False,"Reported experience, circumstances, general politics or other subject; not a selected market/state attitude"
edlvmdpt,"Mother's highest level of education, Portugal",False,"Reported experience, circumstances, general politics or other subject; not a selected market/state attitude"
edlvmept,"Mother's highest level of education, Portugal",False,"Reported experience, circumstances, general politics or other subject; not a selected market/state attitude"
edlvmro,"Mother's highest level of education, Romania",False,"Reported experience, circumstances, general politics or other subject; not a selected market/state attitude"
edlvmru,"Mother's highest level of education, Russian Federation",False,"Reported experience, circumstances, general politics or other subject; not a selected market/state attitude"
edlvmdru,"Mother's highest level of education, Russian Federation",False,"Reported experience, circumstances, general politics or other subject; not a selected market/state attitude"
edlvmse,"Mother's highest level of education, Sweden",False,"Reported experience, circumstances, general politics or other subject; not a selected market/state attitude"
edlvmdse,"Mother's highest level of education, Sweden",False,"Reported experience, circumstances, general politics or other subject; not a selected market/state attitude"
edlvmsi,"Mother's highest level of education, Slovenia",False,"Reported experience, circumstances, general politics or other subject; not a selected market/state attitude"
edlvmdsi,"Mother's highest level of education, Slovenia",False,"Reported experience, circumstances, general politics or other subject; not a selected market/state attitude"
edlvmesi,"Mother's highest level of education, Slovenia",False,"Reported experience, circumstances, general politics or other subject; not a selected market/state attitude"
edlvmsk,"Mother's highest level of education, Slovakia",False,"Reported experience, circumstances, general politics or other subject; not a selected market/state attitude"
edlvmdsk,"Mother's highest level of education, Slovakia",False,"Reported experience, circumstances, general politics or other subject; not a selected market/state attitude"
edlvmtr,"Mother's highest level of education, Turkey",False,"Reported experience, circumstances, general politics or other subject; not a selected market/state attitude"
edlvmua,"Mother's highest level of education, Ukraine",False,"Reported experience, circumstances, general politics or other subject; not a selected market/state attitude"
edlvmdua,"Mother's highest level of education, Ukraine",False,"Reported experience, circumstances, general politics or other subject; not a selected market/state attitude"
edumde1,"Mother's highest level of education, Germany: höchster allgemeinbildender schulabschluss",False,"Reported experience, circumstances, general politics or other subject; not a selected market/state attitude"
edumade1,"Mother's highest level of education, Germany: höchster allgemeinbildender schulabschluss",False,"Reported experience, circumstances, general politics or other subject; not a selected market/state attitude"
edumcde1,"Mother's highest level of education, Germany: höchster allgemeinbildender Schulabschluss",False,"Reported experience, circumstances, general politics or other subject; not a selected market/state attitude"
edumde2,"Mother's highest level of education, Germany: höchster studienabschluss",False,"Reported experience, circumstances, general politics or other subject; not a selected market/state attitude"
edumbde2,"Mother's highest level of education, Germany: höchster Studienabschluss",False,"Reported experience, circumstances, general politics or other subject; not a selected market/state attitude"
edumde3,"Mother's highest level of education, Germany: höchster ausbildungsabschluss",False,"Reported experience, circumstances, general politics or other subject; not a selected market/state attitude"
edumgb1,"Mother's highest level of education, United Kingdom: Up to 2 or more A-levels or equivalent",False,"Reported experience, circumstances, general politics or other subject; not a selected market/state attitude"
edumagb1,"Mother's highest level of education, United Kingdom: Up to 2 or more A-levels or equivalent",False,"Reported experience, circumstances, general politics or other subject; not a selected market/state attitude"
edumcgb1,"Mother's highest level of education, United Kingdom: Up to 2 or more A-levels or equivalent",False,"Reported experience, circumstances, general politics or other subject; not a selected market/state attitude"
edumgb2,"Mother's highest level of education, United Kingdom: Up to Ph.D or equivalent",False,"Reported experience, circumstances, general politics or other subject; not a selected market/state attitude"
edumbgb2,"Mother's highest level of education, United Kingdom: Up to Ph.D or equivalent",False,"Reported experience, circumstances, general politics or other subject; not a selected market/state attitude"
edumil2,"Mother's highest level of education, Russian education, Israel",False,"Reported experience, circumstances, general politics or other subject; not a selected market/state attitude"
edumail2,"Mother's highest level of education, Russian education, Israel",False,"Reported experience, circumstances, general politics or other subject; not a selected market/state attitude"
edlvmdbg,"Mother's highest level of education, Bulgaria",False,"Reported experience, circumstances, general politics or other subject; not a selected market/state attitude"
edlvmebg,"Mother's highest level of education, Bulgaria",False,"Reported experience, circumstances, general politics or other subject; not a selected market/state attitude"
edlvmdrs,"Mother's highest level of education, Serbia",False,"Reported experience, circumstances, general politics or other subject; not a selected market/state attitude"
edlvmeme,"Mother's highest level of education, Montenegro",False,"Reported experience, circumstances, general politics or other subject; not a selected market/state attitude"
marstfi,"Legal marital status, Finland",False,"Reported experience, circumstances, general politics or other subject; not a selected market/state attitude"
marstgb,"Legal marital status, United Kingdom",False,"Reported experience, circumstances, general politics or other subject; not a selected market/state attitude"
marstie,"Legal marital status, Ireland",False,"Reported experience, circumstances, general politics or other subject; not a selected market/state attitude"
martlfr,"Legal marital status, France",False,"Reported experience, circumstances, general politics or other subject; not a selected market/state attitude"
rshpsfi,"Relationship with husband/wife/partner currently living with, Finland",False,"Reported experience, circumstances, general politics or other subject; not a selected market/state attitude"
rshpsgb,"Relationship with husband/wife/partner currently living with, United Kingdom",False,"Reported experience, circumstances, general politics or other subject; not a selected market/state attitude"
impdiff,Important to try new and different things in life,False,"Personal values, not a specific economic institution or policy"
impdiffa,Important to try new and different things in life,False,"Personal values, not a specific economic institution or policy"
impenv,Important to care for nature and environment,False,"Personal values, not a specific economic institution or policy"
impenva,Important to care for nature and environment,False,"Personal values, not a specific economic institution or policy"
impfree,Important to make own decisions and be free,False,"Personal values, not a specific economic institution or policy"
impfreea,Important to make own decisions and be free,False,"Personal values, not a specific economic institution or policy"
impfun,Important to seek fun and things that give pleasure,False,"Personal values, not a specific economic institution or policy"
impfuna,Important to seek fun and things that give pleasure,False,"Personal values, not a specific economic institution or policy"
imprich,"Important to be rich, have money and expensive things",False,"Personal values, not a specific economic institution or policy"
impricha,"Important to be rich, have money and expensive things",False,"Personal values, not a specific economic institution or policy"
impsafe,Important to live in secure and safe surroundings,False,"Personal values, not a specific economic institution or policy"
impsafea,Important to live in secure and safe surroundings,False,"Personal values, not a specific economic institution or policy"
imptrad,Important to follow traditions and customs,False,"Personal values, not a specific economic institution or policy"
imptrada,Important to follow traditions and customs,False,"Personal values, not a specific economic institution or policy"
ipadvnt,Important to seek adventures and have an exciting life,False,"Personal values, not a specific economic institution or policy"
ipadvnta,Important to seek adventures and have an exciting life,False,"Personal values, not a specific economic institution or policy"
ipbhprp,Important to behave properly,False,"Personal values, not a specific economic institution or policy"
ipbhprpa,Important to behave properly,False,"Personal values, not a specific economic institution or policy"
ipcrtiv,Important to think new ideas and being creative,False,"Personal values, not a specific economic institution or policy"
ipcrtiva,Important to think new ideas and being creative,False,"Personal values, not a specific economic institution or policy"
ipeqopt,Important that people are treated equally and have equal opportunities,False,"Personal values, not a specific economic institution or policy"
ipeqopta,Important that people are treated equally and have equal opportunities,False,"Personal values, not a specific economic institution or policy"
ipfrule,Important to do what is told and follow rules,False,"Personal values, not a specific economic institution or policy"
ipfrulea,Important to do what is told and follow rules,False,"Personal values, not a specific economic institution or policy"
ipgdtim,Important to have a good time,False,"Personal values, not a specific economic institution or policy"
ipgdtima,Important to have a good time,False,"Personal values, not a specific economic institution or policy"
iphlppl,Important to help people and care for others well-being,False,"Personal values, not a specific economic institution or policy"
iphlppla,Important to help people and care for others well-being,False,"Personal values, not a specific economic institution or policy"
iplylfr,Important to be loyal to friends and devote to people close,False,"Personal values, not a specific economic institution or policy"
iplylfra,Important to be loyal to friends and devote to people close,False,"Personal values, not a specific economic institution or policy"
ipmodst,"Important to be humble and modest, not draw attention",False,"Personal values, not a specific economic institution or policy"
ipmodsta,"Important to be humble and modest, not draw attention",False,"Personal values, not a specific economic institution or policy"
iprspot,Important to get respect from others,False,"Personal values, not a specific economic institution or policy"
iprspota,Important to get respect from others,False,"Personal values, not a specific economic institution or policy"
ipshabt,Important to show abilities and be admired,False,"Personal values, not a specific economic institution or policy"
ipshabta,Important to show abilities and be admired,False,"Personal values, not a specific economic institution or policy"
ipstrgv,Important that government is strong and ensures safety,False,"Personal values, not a specific economic institution or policy"
ipstrgva,Important that government is strong and ensures safety,False,"Personal values, not a specific economic institution or policy"
ipsuces,Important to be successful and that people recognise achievements,False,"Personal values, not a specific economic institution or policy"
ipsucesa,Important to be successful and that people recognise achievements,False,"Personal values, not a specific economic institution or policy"
ipudrst,Important to understand different people,False,"Personal values, not a specific economic institution or policy"
ipudrsta,Important to understand different people,False,"Personal values, not a specific economic institution or policy"
region,Region,False,"Reported experience, circumstances, general politics or other subject; not a selected market/state attitude"
regionat,"Region, Austria",False,"Reported experience, circumstances, general politics or other subject; not a selected market/state attitude"
regionbe,"Region, Belgium",False,"Reported experience, circumstances, general politics or other subject; not a selected market/state attitude"
regionbg,"Region, Bulgaria",False,"Reported experience, circumstances, general politics or other subject; not a selected market/state attitude"
regioach,"Region, Switzerland",False,"Reported experience, circumstances, general politics or other subject; not a selected market/state attitude"
regioncy,"Region, Cyprus",False,"Reported experience, circumstances, general politics or other subject; not a selected market/state attitude"
regioncz,"Region, Czechia",False,"Reported experience, circumstances, general politics or other subject; not a selected market/state attitude"
regioacz,"Region, Czechia",False,"Reported experience, circumstances, general politics or other subject; not a selected market/state attitude"
regionde,"Region, Germany",False,"Reported experience, circumstances, general politics or other subject; not a selected market/state attitude"
regiondk,"Region, Denmark",False,"Reported experience, circumstances, general politics or other subject; not a selected market/state attitude"
regioadk,"Region, Denmark",False,"Reported experience, circumstances, general politics or other subject; not a selected market/state attitude"
regionee,"Region, Estonia",False,"Reported experience, circumstances, general politics or other subject; not a selected market/state attitude"
regiones,"Region, Spain",False,"Reported experience, circumstances, general politics or other subject; not a selected market/state attitude"
regioaes,"Region, Spain",False,"Reported experience, circumstances, general politics or other subject; not a selected market/state attitude"
regioafi,"Region, Finland",False,"Reported experience, circumstances, general politics or other subject; not a selected market/state attitude"
regionfr,"Region, France",False,"Reported experience, circumstances, general politics or other subject; not a selected market/state attitude"
regiongb,"Region, United Kingdom",False,"Reported experience, circumstances, general politics or other subject; not a selected market/state attitude"
regiongr,"Region, Greece",False,"Reported experience, circumstances, general politics or other subject; not a selected market/state attitude"
regioagr,"Region, Greece",False,"Reported experience, circumstances, general politics or other subject; not a selected market/state attitude"
regionhr,"Region, Croatia",False,"Reported experience, circumstances, general politics or other subject; not a selected market/state attitude"
regionhu,"Region, Hungary",False,"Reported experience, circumstances, general politics or other subject; not a selected market/state attitude"
regionie,"Region, Ireland",False,"Reported experience, circumstances, general politics or other subject; not a selected market/state attitude"
regioaie,"Region, Ireland",False,"Reported experience, circumstances, general politics or other subject; not a selected market/state attitude"
regiobie,"Region, Ireland",False,"Reported experience, circumstances, general politics or other subject; not a selected market/state attitude"
regionil,"Region, Israel",False,"Reported experience, circumstances, general politics or other subject; not a selected market/state attitude"
regionis,"Region, Iceland",False,"Reported experience, circumstances, general politics or other subject; not a selected market/state attitude"
regionit,"Region, Italy",False,"Reported experience, circumstances, general politics or other subject; not a selected market/state attitude"
regionlt,"Region, Lithuania",False,"Reported experience, circumstances, general politics or other subject; not a selected market/state attitude"
regionlu,"Region, Luxembourg",False,"Reported experience, circumstances, general politics or other subject; not a selected market/state attitude"
regionlv,"Region, Latvia",False,"Reported experience, circumstances, general politics or other subject; not a selected market/state attitude"
regionnl,"Region, Netherlands",False,"Reported experience, circumstances, general politics or other subject; not a selected market/state attitude"
regionno,"Region, Norway",False,"Reported experience, circumstances, general politics or other subject; not a selected market/state attitude"
regionpl,"Region, Poland",False,"Reported experience, circumstances, general politics or other subject; not a selected market/state attitude"
regionpt,"Region, Portugal",False,"Reported experience, circumstances, general politics or other subject; not a selected market/state attitude"
regioapt,"Region, Portugal",False,"Reported experience, circumstances, general politics or other subject; not a selected market/state attitude"
regionro,"Region, Romania",False,"Reported experience, circumstances, general politics or other subject; not a selected market/state attitude"
regionru,"Region, Russian Federation",False,"Reported experience, circumstances, general politics or other subject; not a selected market/state attitude"
regionse,"Region, Sweden",False,"Reported experience, circumstances, general politics or other subject; not a selected market/state attitude"
regionsi,"Region, Slovenia",False,"Reported experience, circumstances, general politics or other subject; not a selected market/state attitude"
regionsk,"Region, Slovakia",False,"Reported experience, circumstances, general politics or other subject; not a selected market/state attitude"
regiontr,"Region, Turkey",False,"Reported experience, circumstances, general politics or other subject; not a selected market/state attitude"
regionua,"Region, Ukraine",False,"Reported experience, circumstances, general politics or other subject; not a selected market/state attitude"
regunit,Regional unit,False,"Reported experience, circumstances, general politics or other subject; not a selected market/state attitude"
inwtm,"Interview length in minutes, main questionnaire",False,"Reported experience, circumstances, general politics or other subject; not a selected market/state attitude"
inwshh,"Start of interview, hour",False,"Reported experience, circumstances, general politics or other subject; not a selected market/state attitude"
inwsmm,"Start of interview, minute",False,"Reported experience, circumstances, general politics or other subject; not a selected market/state attitude"
inwyys,"Start of interview, year",False,"Reported experience, circumstances, general politics or other subject; not a selected market/state attitude"
inwdd,Day of month of interview,False,"Reported experience, circumstances, general politics or other subject; not a selected market/state attitude"
inwdds,"Start of interview, day of month",False,"Reported experience, circumstances, general politics or other subject; not a selected market/state attitude"
inwmm,Month of interview,False,"Reported experience, circumstances, general politics or other subject; not a selected market/state attitude"
inwmms,"Start of interview, month",False,"Reported experience, circumstances, general politics or other subject; not a selected market/state attitude"
inwyr,Year of interview,False,"Reported experience, circumstances, general politics or other subject; not a selected market/state attitude"
inwyye,"End of interview, year",False,"Reported experience, circumstances, general politics or other subject; not a selected market/state attitude"
inwds,Start of interview,False,"Reported experience, circumstances, general politics or other subject; not a selected market/state attitude"
ainws,Start of section A,False,"Reported experience, circumstances, general politics or other subject; not a selected market/state attitude"
ainwe,End of section A,False,"Reported experience, circumstances, general politics or other subject; not a selected market/state attitude"
binwe,End of section B,False,"Reported experience, circumstances, general politics or other subject; not a selected market/state attitude"
cinwe,End of section C,False,"Reported experience, circumstances, general politics or other subject; not a selected market/state attitude"
dinwe,End of section D,False,"Reported experience, circumstances, general politics or other subject; not a selected market/state attitude"
einwe,End of section E,False,"Reported experience, circumstances, general politics or other subject; not a selected market/state attitude"
finwe,End of section F,False,"Reported experience, circumstances, general politics or other subject; not a selected market/state attitude"
hinwe,End of section H,False,"Reported experience, circumstances, general politics or other subject; not a selected market/state attitude"
iinwe,End of section I,False,"Reported experience, circumstances, general politics or other subject; not a selected market/state attitude"
kinwe,End of section K,False,"Reported experience, circumstances, general politics or other subject; not a selected market/state attitude"
rinwe,End of section R,False,"Reported experience, circumstances, general politics or other subject; not a selected market/state attitude"
inwehh,"End of interview, hour",False,"Reported experience, circumstances, general politics or other subject; not a selected market/state attitude"
inwemm,"End of interview, minute",False,"Reported experience, circumstances, general politics or other subject; not a selected market/state attitude"
inwdde,"End of interview, day of month",False,"Reported experience, circumstances, general politics or other subject; not a selected market/state attitude"
inwmme,"End of interview, month",False,"Reported experience, circumstances, general politics or other subject; not a selected market/state attitude"
inwde,End of interview,False,"Reported experience, circumstances, general politics or other subject; not a selected market/state attitude"
jinws,Start of section J,False,"Reported experience, circumstances, general politics or other subject; not a selected market/state attitude"
jinwe,End of section J,False,"Reported experience, circumstances, general politics or other subject; not a selected market/state attitude"
spltadma,Administration of split ballot and MTMM,False,"Reported experience, circumstances, general politics or other subject; not a selected market/state attitude"
spltadmb,Administration of split ballot and MTMM,False,"Reported experience, circumstances, general politics or other subject; not a selected market/state attitude"
spltadmc,Administration of split ballot and MTMM,False,"Reported experience, circumstances, general politics or other subject; not a selected market/state attitude"
spltadmd,Administration of split ballot and MTMM,False,"Reported experience, circumstances, general politics or other subject; not a selected market/state attitude"
spltadme,Administration of split ballot and MTMM,False,"Reported experience, circumstances, general politics or other subject; not a selected market/state attitude"
supqad1,Administration of supplementary questionnaire 1,False,"Reported experience, circumstances, general politics or other subject; not a selected market/state attitude"
supqad2,Administration of supplementary questionnaire 2,False,"Reported experience, circumstances, general politics or other subject; not a selected market/state attitude"
supqdd,"Day of month, supplementary questionnaire",False,"Reported experience, circumstances, general politics or other subject; not a selected market/state attitude"
supqmm,"Month, supplementary questionnaire",False,"Reported experience, circumstances, general politics or other subject; not a selected market/state attitude"
supqyr,"Year, supplementary questionnaire",False,"Reported experience, circumstances, general politics or other subject; not a selected market/state attitude"
intewde,"Place of interview: East, West Germany",False,"Reported experience, circumstances, general politics or other subject; not a selected market/state attitude"
mode,Mode of data collection,False,"Reported experience, circumstances, general politics or other subject; not a selected market/state attitude"
actvgrs,Have felt active and vigorous last 2 weeks,False,"Reported experience, circumstances, general politics or other subject; not a selected market/state attitude"
agertr,What age you would like to/would have liked to retire,False,"Reported experience, circumstances, general politics or other subject; not a selected market/state attitude"
bseftwk,How difficult/easy for immediate boss to know how much effort put into work,False,"Reported experience, circumstances, general politics or other subject; not a selected market/state attitude"
bsmw,"Immediate supervisor/boss, man or woman",False,"Reported experience, circumstances, general politics or other subject; not a selected market/state attitude"
chdohwk,Can choose myself when and how to do housework,False,"Reported experience, circumstances, general politics or other subject; not a selected market/state attitude"
cld12hh,"Own children/adopted/foster/partner's, aged 12 or under live with you",False,"Reported experience, circumstances, general politics or other subject; not a selected market/state attitude"
cldcrmr,Would you ideally like more or less childcare in present situation,False,"Reported experience, circumstances, general politics or other subject; not a selected market/state attitude"
cldcrot,"Care of youngest child in household, other than yourself/partner",False,"Reported experience, circumstances, general politics or other subject; not a selected market/state attitude"
cldnhh,Children/adopted/foster/partner's of any age not living in household,False,"Reported experience, circumstances, general politics or other subject; not a selected market/state attitude"
cldnhhd,Number of daughters not living in household,False,"Reported experience, circumstances, general politics or other subject; not a selected market/state attitude"
cldnhhg,"Child not living in household, son or daughter",False,"Reported experience, circumstances, general politics or other subject; not a selected market/state attitude"
cldnhhn,Number of children not living in household,False,"Reported experience, circumstances, general politics or other subject; not a selected market/state attitude"
clfncrc,Financial support you receive from grown up children not in household,False,"Reported experience, circumstances, general politics or other subject; not a selected market/state attitude"
clfncsp,Your financial support to children not living in household,False,"Reported experience, circumstances, general politics or other subject; not a selected market/state attitude"
clhwkrc,Everyday housework/care you receive from grown children not in household,False,"Reported experience, circumstances, general politics or other subject; not a selected market/state attitude"
clhwksp,Your everyday housework/care support to grown up children not in household,False,"Reported experience, circumstances, general politics or other subject; not a selected market/state attitude"
clmrlx,Have felt calm and relaxed last 2 weeks,False,"Reported experience, circumstances, general politics or other subject; not a selected market/state attitude"
clnhhbo,Year of birth of oldest child not living in household,False,"Reported experience, circumstances, general politics or other subject; not a selected market/state attitude"
clnhhby,Year of birth of youngest child not living in household,False,"Reported experience, circumstances, general politics or other subject; not a selected market/state attitude"
clnhhyb,Year of birth child not living in household,False,"Reported experience, circumstances, general politics or other subject; not a selected market/state attitude"
crspce,Find pace of course slow/fast,False,"Reported experience, circumstances, general politics or other subject; not a selected market/state attitude"
cuthheq,To what extent had to cut back on holidays or household equipment last 3 years,False,"Reported experience, circumstances, general politics or other subject; not a selected market/state attitude"
dcsfwrk,Current job: can decide time start/finish work,False,"Reported experience, circumstances, general politics or other subject; not a selected market/state attitude"
dfcnswk,Difficult to concentrate on work because of family responsibilities,False,"Reported experience, circumstances, general politics or other subject; not a selected market/state attitude"
dfcnswka,Difficult concentrate on work because of family responsibilities,False,"Reported experience, circumstances, general politics or other subject; not a selected market/state attitude"
dsdclve,To what extent had to draw on savings/debt to cover ordinary living expenses last 3 years,False,"Reported experience, circumstances, general politics or other subject; not a selected market/state attitude"
dsgrhwk,How often disagree with partner about how to divide housework,False,"Reported experience, circumstances, general politics or other subject; not a selected market/state attitude"
dsgrmny,How often disagree with partner about money,False,"Reported experience, circumstances, general politics or other subject; not a selected market/state attitude"
dsgrmnya,How often disagree with husband/wife/partner about money,False,"Reported experience, circumstances, general politics or other subject; not a selected market/state attitude"
dsgrpwk,How often disagree with partner about time spent on paid work,False,"Reported experience, circumstances, general politics or other subject; not a selected market/state attitude"
edul12m,Number of days on education or training last 12 months,False,"Reported experience, circumstances, general politics or other subject; not a selected market/state attitude"
edupdem,How much of education/training paid for by employer/firm,False,"Reported experience, circumstances, general politics or other subject; not a selected market/state attitude"
emplrjb,Know other employers who would have good use of what learnt in present job,False,"Reported experience, circumstances, general politics or other subject; not a selected market/state attitude"
flthmcc,Total time spent full-time at home caring for your children,False,"Reported experience, circumstances, general politics or other subject; not a selected market/state attitude"
fmpvtst,Family responsibilities prevent from time on studies as would like to,False,"Reported experience, circumstances, general politics or other subject; not a selected market/state attitude"
frshrst,Have woken up feeling fresh and rested last 2 weeks,False,"Reported experience, circumstances, general politics or other subject; not a selected market/state attitude"
frsptjb,"Family responsibilities prevent you  from giving the time you should  to your job, how often",False,"Reported experience, circumstances, general politics or other subject; not a selected market/state attitude"
fstjbyr,Year started working in first job,False,"Reported experience, circumstances, general politics or other subject; not a selected market/state attitude"
fthcncr,Full-time home caring for children negative consequences for career,False,"Reported experience, circumstances, general politics or other subject; not a selected market/state attitude"
gdsprt,Have felt cheerful and in good spirits last 2 weeks,False,"Reported experience, circumstances, general politics or other subject; not a selected market/state attitude"
grspay,"Usual gross pay in euro, before deductions for tax and insurance",False,"Reported experience, circumstances, general politics or other subject; not a selected market/state attitude"
grspaya,"Usual gross pay in euro, before deductions for tax and insurance",False,"Reported experience, circumstances, general politics or other subject; not a selected market/state attitude"
gvprppv,Government do more to prevent people falling into poverty,True,Direct economic attitude
gwdvhwk,Who generally get their way on how to divide housework,False,"Reported experience, circumstances, general politics or other subject; not a selected market/state attitude"
gwhhprc,Who generally get their way on occasional expensive household purchases,False,"Reported experience, circumstances, general politics or other subject; not a selected market/state attitude"
hlpcowk,Current job: can get support/help from co-workers when needed,False,"Reported experience, circumstances, general politics or other subject; not a selected market/state attitude"
hlthrwk,Current job: health/safety at risk because of work,False,"Reported experience, circumstances, general politics or other subject; not a selected market/state attitude"
hmeqphw,How well is home equipped for housework,False,"Reported experience, circumstances, general politics or other subject; not a selected market/state attitude"
hwkmono,Find my housework monotonous,False,"Reported experience, circumstances, general politics or other subject; not a selected market/state attitude"
hwkpwd1,Part you spend of total time housework on typical weekday 1,False,"Reported experience, circumstances, general politics or other subject; not a selected market/state attitude"
hwkpwd2,Part you spend of total time housework on typical weekday 2,False,"Reported experience, circumstances, general politics or other subject; not a selected market/state attitude"
hwkpwdp,Part your partner spend of total time housework on typical weekday,False,"Reported experience, circumstances, general politics or other subject; not a selected market/state attitude"
hwkpwe1,Part you spend of total time housework a typical weekend 1,False,"Reported experience, circumstances, general politics or other subject; not a selected market/state attitude"
hwkpwe2,Part you spend of total time housework a typical weekend 2,False,"Reported experience, circumstances, general politics or other subject; not a selected market/state attitude"
hwkpwep,Part your partner spend of total time housework a typical weekend,False,"Reported experience, circumstances, general politics or other subject; not a selected market/state attitude"
hwkstrs,Find my housework stressful,False,"Reported experience, circumstances, general politics or other subject; not a selected market/state attitude"
hwktwd1,"Total time people in home spend on housework, hours typical weekday 1",False,"Reported experience, circumstances, general politics or other subject; not a selected market/state attitude"
hwktwd2,"Total time people in home spend on housework, hours typical weekday 2",False,"Reported experience, circumstances, general politics or other subject; not a selected market/state attitude"
hwktwe1,"Total time people in home spend on housework, hours typical weekend 1",False,"Reported experience, circumstances, general politics or other subject; not a selected market/state attitude"
hwktwe2,"Total time people in home spend on housework, hours typical weekend 2",False,"Reported experience, circumstances, general politics or other subject; not a selected market/state attitude"
hwwkhs,Total hours a week you personally spend on housework,False,"Reported experience, circumstances, general politics or other subject; not a selected market/state attitude"
icag45y,"Interviewer code, respondent 45 years or younger",False,"Reported experience, circumstances, general politics or other subject; not a selected market/state attitude"
icago45,"Interviewer code, respondent over 45 years",False,"Reported experience, circumstances, general politics or other subject; not a selected market/state attitude"
icagu70,"Interviewer code, respondent under 70 years",False,"Reported experience, circumstances, general politics or other subject; not a selected market/state attitude"
icagu70a,"Interviewer code, respondent under 70 years",False,"Reported experience, circumstances, general politics or other subject; not a selected market/state attitude"
icchld,"Interviewer code, has son/daughter",False,"Reported experience, circumstances, general politics or other subject; not a selected market/state attitude"
iccldnh,"Interviewer code, respondent has children not living in household",False,"Reported experience, circumstances, general politics or other subject; not a selected market/state attitude"
icempl,"Interviewer code, employee",False,"Reported experience, circumstances, general politics or other subject; not a selected market/state attitude"
icemplr,"Interviewer code, employee",False,"Reported experience, circumstances, general politics or other subject; not a selected market/state attitude"
icgndr,"Interviewer code, gender",False,"Reported experience, circumstances, general politics or other subject; not a selected market/state attitude"
ichwk1,"Interviewer code, respondent does no/nearly no housework 1",False,"Reported experience, circumstances, general politics or other subject; not a selected market/state attitude"
ichwk2,"Interviewer code, respondent does no/nearly no housework 2",False,"Reported experience, circumstances, general politics or other subject; not a selected market/state attitude"
icmnac,"Interviewer code, main activity",False,"Reported experience, circumstances, general politics or other subject; not a selected market/state attitude"
icmnact,"Interviewer code, main activity of respondent",False,"Reported experience, circumstances, general politics or other subject; not a selected market/state attitude"
icnopfm,"Interviewer code, don't have partner/family",False,"Reported experience, circumstances, general politics or other subject; not a selected market/state attitude"
icnopfma,"Interviewer code, don't have partner/family",False,"Reported experience, circumstances, general politics or other subject; not a selected market/state attitude"
icpart1,"Interviewer code, lives with husband/wife/partner",False,"Reported experience, circumstances, general politics or other subject; not a selected market/state attitude"
icpart2,"Interviewer code, lives with husband/wife/partner",False,"Reported experience, circumstances, general politics or other subject; not a selected market/state attitude"
icpart3,"Interviewer code, lives with husband/wife/partner",False,"Reported experience, circumstances, general politics or other subject; not a selected market/state attitude"
icptn,"Interviewer code, lives with husband/wife/partner",False,"Reported experience, circumstances, general politics or other subject; not a selected market/state attitude"
icptnwk,"Interviewer code, respondent's partner is working",False,"Reported experience, circumstances, general politics or other subject; not a selected market/state attitude"
icptnwka,"Interviewer code, partner is in paid work",False,"Reported experience, circumstances, general politics or other subject; not a selected market/state attitude"
indisdc,How much influence discussions have on decisions that affect working conditions/ practices,False,"Reported experience, circumstances, general politics or other subject; not a selected market/state attitude"
ipjbhin,Important if choosing job: High income,False,"Personal values, not a specific economic institution or policy"
ipjbini,Important if choosing job: Job enabled you to use own initiative,False,"Personal values, not a specific economic institution or policy"
ipjbprm,Important if choosing job: good promotion opportunities,False,"Personal values, not a specific economic institution or policy"
ipjbscr,Important if choosing job: Secure job,False,"Personal values, not a specific economic institution or policy"
ipjbtro,Important if choosing job: job offered good training opportunities,False,"Personal values, not a specific economic institution or policy"
ipjbwfm,Important if choosing job: Job allowed you to combine work/family,False,"Personal values, not a specific economic institution or policy"
jbcoedu,Would someone applying for your job need education beyond compulsory,False,"Reported experience, circumstances, general politics or other subject; not a selected market/state attitude"
jbedyrs,Years of education beyond compulsory needed by applicant for your job,False,"Reported experience, circumstances, general politics or other subject; not a selected market/state attitude"
jblrn,"Somebody with right qualification, how long to learn to do your job well",False,"Reported experience, circumstances, general politics or other subject; not a selected market/state attitude"
jbprtfp,"Job prevents you from giving time to partner/family, how often",False,"Reported experience, circumstances, general politics or other subject; not a selected market/state attitude"
jbrqlrn,Current job: Job requires learning new things,False,"Reported experience, circumstances, general politics or other subject; not a selected market/state attitude"
jbscr,Current job: Job is secure,False,"Reported experience, circumstances, general politics or other subject; not a selected market/state attitude"
jbtmppm,You think employer considered job to be temporary or permanent,False,"Reported experience, circumstances, general politics or other subject; not a selected market/state attitude"
jbtsktm,Which task spend most time on in main job,False,"Reported experience, circumstances, general politics or other subject; not a selected market/state attitude"
lfintr,Daily life been filled with things that interest me last 2 weeks,False,"Reported experience, circumstances, general politics or other subject; not a selected market/state attitude"
linwk3y,"Had to do less interesting work, last 3 years",False,"Reported experience, circumstances, general politics or other subject; not a selected market/state attitude"
lkafohh,"Look after others in household, children/ill/disabled/elderly",False,"Reported experience, circumstances, general politics or other subject; not a selected market/state attitude"
lscjb3y,"Had less security in job, last 3 years",False,"Reported experience, circumstances, general politics or other subject; not a selected market/state attitude"
lsintjb,Move to less interesting job in organisation next 12 months,False,"Reported experience, circumstances, general politics or other subject; not a selected market/state attitude"
mlohinc,To what extent had to manage on lower household income last 3 years,False,"Reported experience, circumstances, general politics or other subject; not a selected market/state attitude"
mnrsefw,Main reason I put effort into my work,False,"Reported experience, circumstances, general politics or other subject; not a selected market/state attitude"
mnrsphm,Men should take as much responsibility as women for home and children,False,"Reported experience, circumstances, general politics or other subject; not a selected market/state attitude"
nbsrsp,Number of people immediate supervisor/boss responsible for,False,"Reported experience, circumstances, general politics or other subject; not a selected market/state attitude"
netpay,"Usual net pay in euro, after deduction for tax/insurance",False,"Reported experience, circumstances, general politics or other subject; not a selected market/state attitude"
nevdnjb,Current job: Never enough time to get everything done in job,False,"Reported experience, circumstances, general politics or other subject; not a selected market/state attitude"
npemp3y,"Number of people employed in the organisation for which you work, last 3 years",False,"Reported experience, circumstances, general politics or other subject; not a selected market/state attitude"
oprtad,Current job: Good opportunities for advancement,False,"Reported experience, circumstances, general politics or other subject; not a selected market/state attitude"
orgfd3y,"Financial difficulty in the organisation for which you work, last 3 years",False,"Reported experience, circumstances, general politics or other subject; not a selected market/state attitude"
payprd,How long period pay cover,False,"Reported experience, circumstances, general politics or other subject; not a selected market/state attitude"
payprda,How long period pay cover,False,"Reported experience, circumstances, general politics or other subject; not a selected market/state attitude"
pdjbndm,I would enjoy having paid job even if did not need money,False,"Reported experience, circumstances, general politics or other subject; not a selected market/state attitude"
pfmfdjb,"Partner/family fed up with pressure of your job, how often",False,"Reported experience, circumstances, general politics or other subject; not a selected market/state attitude"
pfmfdjba,"Partner/family fed up with pressure of your job, how often",False,"Reported experience, circumstances, general politics or other subject; not a selected market/state attitude"
phwwkhs,Total hours a week your partner spends on housework,False,"Reported experience, circumstances, general politics or other subject; not a selected market/state attitude"
plnchld,Plan having child within next 3 years,False,"Reported experience, circumstances, general politics or other subject; not a selected market/state attitude"
pphincr,Proportion of household income respondent provides,False,"Reported experience, circumstances, general politics or other subject; not a selected market/state attitude"
ppwwkp,Proportion of women at workplace,False,"Reported experience, circumstances, general politics or other subject; not a selected market/state attitude"
prmpls,Study place: premises pleasant,False,"Reported experience, circumstances, general politics or other subject; not a selected market/state attitude"
prntghr,"Children in home, parents should stay together even if don't get along",False,"Reported experience, circumstances, general politics or other subject; not a selected market/state attitude"
prrfmly,A person's family should be main priority in life,False,"Reported experience, circumstances, general politics or other subject; not a selected market/state attitude"
pthcncr,Part-time work rather than full-time negative consequences for career,False,"Reported experience, circumstances, general politics or other subject; not a selected market/state attitude"
ptmhmcc,Total time part-time work rather than full-time caring for children,False,"Reported experience, circumstances, general politics or other subject; not a selected market/state attitude"
ptnwkwe,"Partner's work involve working at weekends, how often",False,"Reported experience, circumstances, general politics or other subject; not a selected market/state attitude"
puemp3y,"Partner's longest period in months unemployed and seeking work, last 3 years",False,"Reported experience, circumstances, general politics or other subject; not a selected market/state attitude"
pwkhsch,How many hours a week would you like your partner to work,False,"Reported experience, circumstances, general politics or other subject; not a selected market/state attitude"
quclss,Study place: usually peace/quiet during classes/lectures,False,"Reported experience, circumstances, general politics or other subject; not a selected market/state attitude"
rdpay3y,"Had to take a reduction in pay, last 3 years",False,"Reported experience, circumstances, general politics or other subject; not a selected market/state attitude"
rpljbde,How difficult/easy for employer to replace you if you left,False,"Reported experience, circumstances, general politics or other subject; not a selected market/state attitude"
rsnlvem,Main reason for leaving last employer,False,"Reported experience, circumstances, general politics or other subject; not a selected market/state attitude"
rtryr,Year of retirement,False,"Reported experience, circumstances, general politics or other subject; not a selected market/state attitude"
scrsefw,Second most important reason I put effort into my work,False,"Reported experience, circumstances, general politics or other subject; not a selected market/state attitude"
smblvjb,How difficult/easy to get similar or better job if had to leave employer,False,"Reported experience, circumstances, general politics or other subject; not a selected market/state attitude"
stdask,Study place: there are students in class/course I can ask/discuss with,False,"Reported experience, circumstances, general politics or other subject; not a selected market/state attitude"
stdhrsw,"Hours you spend studying, how many an average term-time week",False,"Reported experience, circumstances, general politics or other subject; not a selected market/state attitude"
stdlvl,Level studying at,False,"Reported experience, circumstances, general politics or other subject; not a selected market/state attitude"
stdmcdo,Feel you have much to do in studies,False,"Reported experience, circumstances, general politics or other subject; not a selected market/state attitude"
stdtruf,Study place: there are students who treat me badly or unfairly,False,"Reported experience, circumstances, general politics or other subject; not a selected market/state attitude"
stpvtfm,Studies prevent from time with family as would like to,False,"Reported experience, circumstances, general politics or other subject; not a selected market/state attitude"
tchints,Study place: teachers interested in students,False,"Reported experience, circumstances, general politics or other subject; not a selected market/state attitude"
tchlcrt,Study place: when criticise something teachers listen to what I say,False,"Reported experience, circumstances, general politics or other subject; not a selected market/state attitude"
tchlp,Get help you need from teachers about course,False,"Reported experience, circumstances, general politics or other subject; not a selected market/state attitude"
tchtruf,Study place: there are teachers who treat me badly or unfairly,False,"Reported experience, circumstances, general politics or other subject; not a selected market/state attitude"
tmtowrk,"Time usually take to get to work, minutes on normal weekday",False,"Reported experience, circumstances, general politics or other subject; not a selected market/state attitude"
tngdohm,"Many things to do at home, often run out of time before I get all done",False,"Reported experience, circumstances, general politics or other subject; not a selected market/state attitude"
trdawrk,"Too tired after work to enjoy things like doing at home, how often",False,"Reported experience, circumstances, general politics or other subject; not a selected market/state attitude"
trndnjb,Would turn down job with higher pay to stay with organisation work for,False,"Reported experience, circumstances, general politics or other subject; not a selected market/state attitude"
truinwk,How much influence trade unions have over decisions that affect working conditions/practices,False,"Reported experience, circumstances, general politics or other subject; not a selected market/state attitude"
uemp3y,"Longest period in months continuously unemployed and seeking work, last 3 years",False,"Reported experience, circumstances, general politics or other subject; not a selected market/state attitude"
updhlrl,"Give unpaid house/care help to relative outside household, not own child",False,"Reported experience, circumstances, general politics or other subject; not a selected market/state attitude"
updhlrp,Can count on unpaid house/care help from anyone outside household,False,"Reported experience, circumstances, general politics or other subject; not a selected market/state attitude"
useknwl,How useful would obtained knowledge be if change firm/employer,False,"Reported experience, circumstances, general politics or other subject; not a selected market/state attitude"
vrtywrk,Current job: Variety in work,False,"Reported experience, circumstances, general politics or other subject; not a selected market/state attitude"
wgdpeft,Current job: Wage/salary depends on effort put into work,False,"Reported experience, circumstances, general politics or other subject; not a selected market/state attitude"
wkdcpce,Allowed to choose/change pace of work,False,"Reported experience, circumstances, general politics or other subject; not a selected market/state attitude"
wkengtp,"Partner's work involve working evenings/nights, how often",False,"Reported experience, circumstances, general politics or other subject; not a selected market/state attitude"
wkhsch,How many hours would choose to work weekly,False,"Reported experience, circumstances, general politics or other subject; not a selected market/state attitude"
wkjbndm,I would enjoy working in current job even if did not need money,False,"Reported experience, circumstances, general politics or other subject; not a selected market/state attitude"
wkovrtm,"Work involve having to work overtime at short notice, how often",False,"Reported experience, circumstances, general politics or other subject; not a selected market/state attitude"
wkovtmp,"Partner's work involve working overtime at short notice, how often",False,"Reported experience, circumstances, general politics or other subject; not a selected market/state attitude"
wkshr3y,"Had to work shorter hours, last 3 years",False,"Reported experience, circumstances, general politics or other subject; not a selected market/state attitude"
wmcpwrk,Women should be prepared to cut down on paid work for sake of family,False,"Reported experience, circumstances, general politics or other subject; not a selected market/state attitude"
wntrtr,"Wanted to retire or preferred to continue paid work, year of retirement",False,"Reported experience, circumstances, general politics or other subject; not a selected market/state attitude"
wpmwkcp,Regular meetings between representatives of employer and employees at workplace,False,"Reported experience, circumstances, general politics or other subject; not a selected market/state attitude"
wrkengt,"Work involve working evenings/nights, how often",False,"Reported experience, circumstances, general politics or other subject; not a selected market/state attitude"
wrkhrd,Current job: Job requires work very hard,False,"Reported experience, circumstances, general politics or other subject; not a selected market/state attitude"
wrkspv,My work closely supervised,False,"Reported experience, circumstances, general politics or other subject; not a selected market/state attitude"
wrkwe,"Work involve working at weekends, how often",False,"Reported experience, circumstances, general politics or other subject; not a selected market/state attitude"
wrywprb,"Worry about work problems when not working, how often",False,"Reported experience, circumstances, general politics or other subject; not a selected market/state attitude"
yrcremp,Year first started working for current employer,False,"Reported experience, circumstances, general politics or other subject; not a selected market/state attitude"
yrlvptn,Which year first start living in same household as partner,False,"Reported experience, circumstances, general politics or other subject; not a selected market/state attitude"
yrskdwk,"Total years doing kind of work currently doing, including all jobs",False,"Reported experience, circumstances, general politics or other subject; not a selected market/state attitude"
yrspdwk,Total number of years in full- or part-time work,False,"Reported experience, circumstances, general politics or other subject; not a selected market/state attitude"
yrspdwka,Total number of years in full- or part-time work,False,"Reported experience, circumstances, general politics or other subject; not a selected market/state attitude"
stfmjob,How satisfied are you in your main job,False,"Reported experience, circumstances, general politics or other subject; not a selected market/state attitude"
absddng,"Absorbed in doing, how often past week",False,"Reported experience, circumstances, general politics or other subject; not a selected market/state attitude"
accdng,Feel accomplishment from what I do,False,"Reported experience, circumstances, general politics or other subject; not a selected market/state attitude"
atnoact,"Help or attend activities organised in local area, how often past 12 months",False,"Reported experience, circumstances, general politics or other subject; not a selected market/state attitude"
chlrnnw,Chance to learn new things,False,"Reported experience, circumstances, general politics or other subject; not a selected market/state attitude"
dclvlf,Free to decide how to live my life,False,"Reported experience, circumstances, general politics or other subject; not a selected market/state attitude"
deaimpp,Deal with important problems in life,False,"Reported experience, circumstances, general politics or other subject; not a selected market/state attitude"
dngval,Feel what I do in life is valuable and worthwhile,False,"Reported experience, circumstances, general politics or other subject; not a selected market/state attitude"
enjstm,Seldom time to do things I really enjoy,False,"Reported experience, circumstances, general politics or other subject; not a selected market/state attitude"
enrglot,"Had lot of energy, how often past week",False,"Reported experience, circumstances, general politics or other subject; not a selected market/state attitude"
flapppl,Feel appreciated by people you are close to,False,"Reported experience, circumstances, general politics or other subject; not a selected market/state attitude"
flclpla,Feel close to the people in local area,False,"Reported experience, circumstances, general politics or other subject; not a selected market/state attitude"
flrms,At times feel as if I am a failure,False,"Reported experience, circumstances, general politics or other subject; not a selected market/state attitude"
fltanx,"Felt anxious, how often past week",False,"Reported experience, circumstances, general politics or other subject; not a selected market/state attitude"
fltbrd,"Felt bored, how often past week",False,"Reported experience, circumstances, general politics or other subject; not a selected market/state attitude"
fltpcfl,"Felt calm and peaceful, how often past week",False,"Reported experience, circumstances, general politics or other subject; not a selected market/state attitude"
fltrstm,"Felt rested when woke up in morning, how often past week",False,"Reported experience, circumstances, general politics or other subject; not a selected market/state attitude"
flttrd,"Felt tired, how often past week",False,"Reported experience, circumstances, general politics or other subject; not a selected market/state attitude"
fmlenj,How much of the time spent with immediate family is enjoyable,False,"Reported experience, circumstances, general politics or other subject; not a selected market/state attitude"
fmlstrs,How much of the time spent with immediate family is stressful,False,"Reported experience, circumstances, general politics or other subject; not a selected market/state attitude"
fstwttv,Ever feel frustrated by having watched too much television,False,"Reported experience, circumstances, general politics or other subject; not a selected market/state attitude"
hlpoth,"Help others not counting family/work/voluntary organisations, how often past 12 months",False,"Reported experience, circumstances, general politics or other subject; not a selected market/state attitude"
hlprtrn,If I help someone I expect some help in return,False,"Reported experience, circumstances, general politics or other subject; not a selected market/state attitude"
inccmp,Important to compare income with other people's income,False,"Reported experience, circumstances, general politics or other subject; not a selected market/state attitude"
inccmpw,Whose income most likely to compare with,False,"Reported experience, circumstances, general politics or other subject; not a selected market/state attitude"
jbintr,"Find job interesting, how much of the time",False,"Reported experience, circumstances, general politics or other subject; not a selected market/state attitude"
jbstrs,"Find job stressful, how much of the time",False,"Reported experience, circumstances, general politics or other subject; not a selected market/state attitude"
lchshcp,Little chance to show how capable I am,False,"Reported experience, circumstances, general politics or other subject; not a selected market/state attitude"
lfcllk,On the whole life is close to how I would like it to be,False,"Reported experience, circumstances, general politics or other subject; not a selected market/state attitude"
lfwrs,For most people in country life is getting worse,False,"Reported experience, circumstances, general politics or other subject; not a selected market/state attitude"
lotsgot,There are lots of things I am good at,False,"Reported experience, circumstances, general politics or other subject; not a selected market/state attitude"
lrnnew,Love learning new things,False,"Reported experience, circumstances, general politics or other subject; not a selected market/state attitude"
lrnntlf,Learn new things in life,False,"Reported experience, circumstances, general politics or other subject; not a selected market/state attitude"
nhpftr,Hard to be hopeful about the future of the world,False,"Reported experience, circumstances, general politics or other subject; not a selected market/state attitude"
optftr,Always optimistic about my future,False,"Reported experience, circumstances, general politics or other subject; not a selected market/state attitude"
pactlot,My life involves a lot of physical activity,False,"Reported experience, circumstances, general politics or other subject; not a selected market/state attitude"
pdwrkcr,Currently in paid work of any kind,False,"Reported experience, circumstances, general politics or other subject; not a selected market/state attitude"
physact,Physically active for 20 minutes or longer last 7 days,False,"Reported experience, circumstances, general politics or other subject; not a selected market/state attitude"
plinsoc,Your place in society,False,"Reported experience, circumstances, general politics or other subject; not a selected market/state attitude"
plprftr,Like planning and preparing for future,False,"Reported experience, circumstances, general politics or other subject; not a selected market/state attitude"
pplahlp,Feel people in local area help one another,False,"Reported experience, circumstances, general politics or other subject; not a selected market/state attitude"
ppllfcr,There are people in my life who care about me,False,"Reported experience, circumstances, general politics or other subject; not a selected market/state attitude"
prhlppl,Provide help and support to people you are close to,False,"Reported experience, circumstances, general politics or other subject; not a selected market/state attitude"
pstvms,In general feel very positive about myself,False,"Reported experience, circumstances, general politics or other subject; not a selected market/state attitude"
rcndsrv,Feel you get the recognition you deserve for what you do,False,"Reported experience, circumstances, general politics or other subject; not a selected market/state attitude"
rehlppl,Receive help and support from people you are close to,False,"Reported experience, circumstances, general politics or other subject; not a selected market/state attitude"
sedirlf,Have a sense of direction in your life,False,"Reported experience, circumstances, general politics or other subject; not a selected market/state attitude"
stfjb,How satisfied with job,False,"Reported experience, circumstances, general politics or other subject; not a selected market/state attitude"
stflfsf,Satisfied with how life turned out so far,False,"Reported experience, circumstances, general politics or other subject; not a selected market/state attitude"
stfsdlv,Satisfied with standard of living,False,"Reported experience, circumstances, general politics or other subject; not a selected market/state attitude"
tmabdng,"Absorbed in what you are doing, how much of the time",False,"Reported experience, circumstances, general politics or other subject; not a selected market/state attitude"
tmdotwa,Make time to do things you really want to do,False,"Reported experience, circumstances, general politics or other subject; not a selected market/state attitude"
tmendng,"Enthusiastic about what you are doing, how much of the time",False,"Reported experience, circumstances, general politics or other subject; not a selected market/state attitude"
tmimdng,"Interested in what you are doing, how much of the time",False,"Reported experience, circumstances, general politics or other subject; not a selected market/state attitude"
tnapsur,Take notice of and appreciate your surroundings,False,"Reported experience, circumstances, general politics or other subject; not a selected market/state attitude"
trtrsp,Feel people treat you with respect,False,"Reported experience, circumstances, general politics or other subject; not a selected market/state attitude"
trtunf,Feel people treat you unfairly,False,"Reported experience, circumstances, general politics or other subject; not a selected market/state attitude"
uempnyr,"Become unemployed in the next 12 months, how likely",False,"Reported experience, circumstances, general politics or other subject; not a selected market/state attitude"
wkvlorg,"Involved in work for voluntary or charitable organisations, how often past 12 months",False,"Reported experience, circumstances, general politics or other subject; not a selected market/state attitude"
wrbknrm,When things go wrong in my life it takes a long time to get back to normal,False,"Reported experience, circumstances, general politics or other subject; not a selected market/state attitude"
advbach,Who would you go to first for advise/treatment if serious backache,False,"Reported experience, circumstances, general politics or other subject; not a selected market/state attitude"
advhach,Who would you go to first for advise/treatment if serious headache,False,"Reported experience, circumstances, general politics or other subject; not a selected market/state attitude"
advslep,Who would go to first for advise/treatment if serious sleeping problem,False,"Reported experience, circumstances, general politics or other subject; not a selected market/state attitude"
advsthr,Who would you go to first for advise/treatment if very sore throat,False,"Reported experience, circumstances, general politics or other subject; not a selected market/state attitude"
chsrgp,Feel that have choice in choosing regular general practitioner/doctor,False,"Reported experience, circumstances, general politics or other subject; not a selected market/state attitude"
dcadmms,Doctors are willing to admit mistakes to their patients,False,"Reported experience, circumstances, general politics or other subject; not a selected market/state attitude"
dcdfcwr,Doctors use words that patients find difficult to understand,False,"Reported experience, circumstances, general politics or other subject; not a selected market/state attitude"
dcdisc,Doctors discuss treatment with patient before they decide,False,"Reported experience, circumstances, general politics or other subject; not a selected market/state attitude"
dckptrt,Doctors keep whole truth from patients,False,"Reported experience, circumstances, general politics or other subject; not a selected market/state attitude"
dctreql,Regular general practitioner/doctor treat patients as equals,False,"Reported experience, circumstances, general politics or other subject; not a selected market/state attitude"
ddprsmd,Did last time doctor prescribed medicine you not had before,False,"Reported experience, circumstances, general politics or other subject; not a selected market/state attitude"
dsplvpr,Generally feel disappointed when leave doctor without prescription,False,"Reported experience, circumstances, general politics or other subject; not a selected market/state attitude"
follwdc,It is best to follow doctors' orders,False,"Reported experience, circumstances, general politics or other subject; not a selected market/state attitude"
hltherb,"Use herbal remedies if health problem, how often",False,"Reported experience, circumstances, general politics or other subject; not a selected market/state attitude"
illcure,Most illnesses cure themselves without having to visit doctor,False,"Reported experience, circumstances, general politics or other subject; not a selected market/state attitude"
mdhair,Approve if healthy people use medicines to reduce hair loss,False,"Reported experience, circumstances, general politics or other subject; not a selected market/state attitude"
mdhappy,Approve if healthy people use medicines to feel happier,False,"Reported experience, circumstances, general politics or other subject; not a selected market/state attitude"
mdlswgt,Approve if healthy people use medicines to loose weight,False,"Reported experience, circumstances, general politics or other subject; not a selected market/state attitude"
mdmemo,Approve if healthy people use medicines to improve memory,False,"Reported experience, circumstances, general politics or other subject; not a selected market/state attitude"
mdsdeff,"When prescribed medicine, how often worry about side effects",False,"Reported experience, circumstances, general politics or other subject; not a selected market/state attitude"
mdsexlf,Approve if healthy people use medicines to improve sex life,False,"Reported experience, circumstances, general politics or other subject; not a selected market/state attitude"
pplcure,People can cure themselves when suffer from illness like common cold,False,"Reported experience, circumstances, general politics or other subject; not a selected market/state attitude"
pprlydc,People rely too much on doctors rather than themselves to keep healthy,False,"Reported experience, circumstances, general politics or other subject; not a selected market/state attitude"
prcbach,Other practitioner to first for advise/treatment if serious backache,False,"Reported experience, circumstances, general politics or other subject; not a selected market/state attitude"
prchach,Other practitioner to first for advise/treatment if serious headache,False,"Reported experience, circumstances, general politics or other subject; not a selected market/state attitude"
prcslep,Other practitioner to first for advise/treatment if serious sleeping problem,False,"Reported experience, circumstances, general politics or other subject; not a selected market/state attitude"
prcsthr,Other practitioner go to first for advise/treatment if very sore throat,False,"Reported experience, circumstances, general politics or other subject; not a selected market/state attitude"
prfmddc,"When health problem, how often prefer medicine prescribed by doctor",False,"Reported experience, circumstances, general politics or other subject; not a selected market/state attitude"
prfsmdc,Prefer same doctor for all everyday health problems,False,"Reported experience, circumstances, general politics or other subject; not a selected market/state attitude"
psmdcpr,"When people sure of medicine need, doctor should prescribe it for them",False,"Reported experience, circumstances, general politics or other subject; not a selected market/state attitude"
ptnrlcq,Patients are reluctant to ask doctor questions they would like to,False,"Reported experience, circumstances, general politics or other subject; not a selected market/state attitude"
tmcnsdc,"Consulted doctor/specialist/GP, how many times last 12 months",False,"Reported experience, circumstances, general politics or other subject; not a selected market/state attitude"
usmdprs,Regularly taking pills or use medication prescribed for you,False,"Reported experience, circumstances, general politics or other subject; not a selected market/state attitude"
usmprse,"Used medicine prescribed for someone else, how often last 5 years",False,"Reported experience, circumstances, general politics or other subject; not a selected market/state attitude"
bnkfldl,"Bank/insurance company failed to offer best deal, how often last 5 years",False,"Reported experience, circumstances, general politics or other subject; not a selected market/state attitude"
bsnprft,"Businesses only interested in profit, not improve service/quality",True,Direct economic attitude
cmprcti,Nowadays customer/consumer are in better position to protect interest,True,"Related economic belief, evaluation or labour regulation"
ctzchtx,Citizens should not cheat on taxes,True,Direct economic attitude
ctzhlpo,Citizens should spend some free time helping others,False,"Reported experience, circumstances, general politics or other subject; not a selected market/state attitude"
flgvbnf,"Falsely claim government benefit: social security or other, last 5 years",False,"Reported experience, circumstances, general politics or other subject; not a selected market/state attitude"
flinsr,"Made an exaggeration or false insurance claim, last 5 years",False,"Reported experience, circumstances, general politics or other subject; not a selected market/state attitude"
flinsrw,"Someone making exaggerated/false insurance claim, how wrong",False,"Reported experience, circumstances, general politics or other subject; not a selected market/state attitude"
fodcncl,"You were sold food packed to conceal worse bits, how often last 5 years",False,"Reported experience, circumstances, general politics or other subject; not a selected market/state attitude"
frdbnft,"Get benefits/services not entitled to, how many friends could you ask",False,"Reported experience, circumstances, general politics or other subject; not a selected market/state attitude"
frmwktg,Nowadays large firms work together in order to keep prices high,True,Direct economic attitude
ignrlaw,Occasionally alright to ignore law and do what you want,False,"Reported experience, circumstances, general politics or other subject; not a selected market/state attitude"
kptchng,"Kept change from shop assistant/waiter when given too much, last 5 years",False,"Reported experience, circumstances, general politics or other subject; not a selected market/state attitude"
mnyacth,"If you want to make money, you can't always act honestly",True,Direct economic attitude
musdocm,"Misused/altered card/document to pretend eligible, last 5 years",False,"Reported experience, circumstances, general politics or other subject; not a selected market/state attitude"
olwmsop,You should always obey law even if it means missing good opportunities,False,"Reported experience, circumstances, general politics or other subject; not a selected market/state attitude"
payavtx,"Paid cash with no receipt to avoid VAT or tax, last 5 years",False,"Reported experience, circumstances, general politics or other subject; not a selected market/state attitude"
pboafvr,"Public official asked favour/bribe for service, how often last 5 years",False,"Reported experience, circumstances, general politics or other subject; not a selected market/state attitude"
pbofvr,"Offered favour/bribe to public official for service, last 5 years",False,"Reported experience, circumstances, general politics or other subject; not a selected market/state attitude"
pbofvrw,"Public official asking favour/bribe in return for service, how wrong",False,"Reported experience, circumstances, general politics or other subject; not a selected market/state attitude"
pyavtxw,"Someone paying cash without receipt to avoid VAT or tax, how wrong",True,Direct economic attitude
rprochg,"Plumber/builder/mechanic/repairer overcharged you, how often last 5 years",False,"Reported experience, circumstances, general politics or other subject; not a selected market/state attitude"
scbevts,Society better off if everyone looked after themselves,True,Direct economic attitude
scndhfl,"You were sold things second-hand that proved faulty, how often last 5 years",False,"Reported experience, circumstances, general politics or other subject; not a selected market/state attitude"
slcnflw,"Someone selling something second-hand and conceal faults, how wrong",False,"Reported experience, circumstances, general politics or other subject; not a selected market/state attitude"
slcnsfl,"Sold something second-hand and concealed its faults, last 5 years",False,"Reported experience, circumstances, general politics or other subject; not a selected market/state attitude"
tstfnch,Trust financial companies/bank/insurers deal honestly with you,True,"Related economic belief, evaluation or labour regulation"
tstpboh,Trust public officials deal honestly with you,True,"Related economic belief, evaluation or labour regulation"
tstrprh,Trust plumber/builder/mechanic/other repairer deal honestly with you,True,"Related economic belief, evaluation or labour regulation"
wrytrdh,How worried are you of being treated dishonestly,False,"Reported experience, circumstances, general politics or other subject; not a selected market/state attitude"
acldnmr,Approve if person have child with partner not married to. SPLIT BALLOT,False,"Reported experience, circumstances, general politics or other subject; not a selected market/state attitude"
adftjob,"To be considered as adult, how important to have full-time job. SPLIT BALLOT",False,"Reported experience, circumstances, general politics or other subject; not a selected market/state attitude"
adllvhm,"To be considered as adult, how important to have left parental home. SPLIT BALLOT",False,"Reported experience, circumstances, general politics or other subject; not a selected market/state attitude"
adlvptn,"To be considered as adult, how important to have lived with spouse, partner. SPLIT BALLOT",False,"Reported experience, circumstances, general politics or other subject; not a selected market/state attitude"
adpnt,"To be considered as adult, how important to have become mother/ father. SPLIT BALLOT",False,"Reported experience, circumstances, general politics or other subject; not a selected market/state attitude"
advcyc,Approve if person gets divorced while children aged under 12. SPLIT BALLOT,False,"Reported experience, circumstances, general politics or other subject; not a selected market/state attitude"
aftjbyc,Approve if person has full-time job while children aged under 3. SPLIT BALLOT,False,"Reported experience, circumstances, general politics or other subject; not a selected market/state attitude"
ageadlt,Age become adults. SPLIT BALLOT,False,"Reported experience, circumstances, general politics or other subject; not a selected market/state attitude"
agemage,Age reach middle age. SPLIT BALLOT,False,"Reported experience, circumstances, general politics or other subject; not a selected market/state attitude"
ageoage,Age reach old age. SPLIT BALLOT,False,"Reported experience, circumstances, general politics or other subject; not a selected market/state attitude"
alvgptn,Approve if person lives with partner not married to. SPLIT BALLOT,False,"Reported experience, circumstances, general politics or other subject; not a selected market/state attitude"
anvcld,Approve if person chooses never to have children. SPLIT BALLOT,False,"Reported experience, circumstances, general politics or other subject; not a selected market/state attitude"
brnmm,Month born,False,"Reported experience, circumstances, general politics or other subject; not a selected market/state attitude"
bthcld,Ever given birth to/ fathered a child,False,"Reported experience, circumstances, general politics or other subject; not a selected market/state attitude"
evlvptn,Ever lived with a spouse or partner for 3 months or more,False,"Reported experience, circumstances, general politics or other subject; not a selected market/state attitude"
evmar,Are or ever been married,False,"Reported experience, circumstances, general politics or other subject; not a selected market/state attitude"
evpdemp,Paid employment or apprenticeship at least 3 months 20 hours weekly,False,"Reported experience, circumstances, general politics or other subject; not a selected market/state attitude"
fcldbrn,Year (first) child was born,False,"Reported experience, circumstances, general politics or other subject; not a selected market/state attitude"
ggchld,Have any great grandchildren,False,"Reported experience, circumstances, general politics or other subject; not a selected market/state attitude"
iaglptn,"Start living with partner not married to, ideal age. SPLIT BALLOT",False,"Reported experience, circumstances, general politics or other subject; not a selected market/state attitude"
iaglvmr,"Get married and live with husband/ wife, ideal age. SPLIT BALLOT",False,"Reported experience, circumstances, general politics or other subject; not a selected market/state attitude"
iagpnt,"Become mother/ father, ideal age. SPLIT BALLOT",False,"Reported experience, circumstances, general politics or other subject; not a selected market/state attitude"
iagrtr,"Retire permanently, ideal age. SPLIT BALLOT",False,"Reported experience, circumstances, general politics or other subject; not a selected market/state attitude"
lvpntyr,Year first left parents for living separately for 2 months or more,False,"Reported experience, circumstances, general politics or other subject; not a selected market/state attitude"
lvptnyr,Year first lived with spouse or partner for 3 months or more,False,"Reported experience, circumstances, general politics or other subject; not a selected market/state attitude"
maryr,Year first married,False,"Reported experience, circumstances, general politics or other subject; not a selected market/state attitude"
nbthcld,Number of children ever given birth to/ fathered,False,"Reported experience, circumstances, general politics or other subject; not a selected market/state attitude"
ngchld,Number of grandchildren,False,"Reported experience, circumstances, general politics or other subject; not a selected market/state attitude"
oldfrl,"To be considered as old, how important to be physically frail. SPLIT BALLOT",False,"Reported experience, circumstances, general politics or other subject; not a selected market/state attitude"
oldgpnt,"To be considered as old, how important to be a grandmother/ grandfather. SPLIT BALLOT",False,"Reported experience, circumstances, general politics or other subject; not a selected market/state attitude"
oldhlpo,"To be considered as old, how important to need others look after. SPLIT BALLOT",False,"Reported experience, circumstances, general politics or other subject; not a selected market/state attitude"
pdempyr,Year first started in paid employment or apprenticeship,False,"Reported experience, circumstances, general politics or other subject; not a selected market/state attitude"
plnftr,Plan for future or take each day as it comes,False,"Reported experience, circumstances, general politics or other subject; not a selected market/state attitude"
rcldnmr,Most people react if person had child with partner not married to. SPLIT BALLOT,False,"Reported experience, circumstances, general politics or other subject; not a selected market/state attitude"
rdvcyc,Most people react if person got divorced while children aged under 12. SPLIT BALLOT,False,"Reported experience, circumstances, general politics or other subject; not a selected market/state attitude"
rftjbyc,Most people react if person had full-time job while children aged under 3. SPLIT BALLOT,False,"Reported experience, circumstances, general politics or other subject; not a selected market/state attitude"
rlvgptn,Most people react if person lived with partner not being married to. SPLIT BALLOT,False,"Reported experience, circumstances, general politics or other subject; not a selected market/state attitude"
rnvcld,Most people react if person chose never to have children. SPLIT BALLOT,False,"Reported experience, circumstances, general politics or other subject; not a selected market/state attitude"
rpntyng,Most people react if person became mother/ father before age of 18. SPLIT BALLOT,False,"Reported experience, circumstances, general politics or other subject; not a selected market/state attitude"
rspslvo,Mainly responsible for providing people adequate living standard when old,False,"Reported experience, circumstances, general politics or other subject; not a selected market/state attitude"
rwkold,Most people react if person carried on working after age of 70. SPLIT BALLOT,False,"Reported experience, circumstances, general politics or other subject; not a selected market/state attitude"
svclvo,Saving or saved to live comfortably in old age,False,"Reported experience, circumstances, general politics or other subject; not a selected market/state attitude"
tochld,"Consider having more children, age too old. SPLIT BALLOT",False,"Reported experience, circumstances, general politics or other subject; not a selected market/state attitude"
tolvpnt,"Still be living with parents, age too old. SPLIT BALLOT",False,"Reported experience, circumstances, general politics or other subject; not a selected market/state attitude"
towkht,"Be working 20 hours or more per week, age too old. SPLIT BALLOT",False,"Reported experience, circumstances, general politics or other subject; not a selected market/state attitude"
tygledu,"Leave full-time education, age too young. SPLIT BALLOT",False,"Reported experience, circumstances, general politics or other subject; not a selected market/state attitude"
tyglvmr,"Get married and live with husband/ wife, age too young. SPLIT BALLOT",False,"Reported experience, circumstances, general politics or other subject; not a selected market/state attitude"
tyglvp,"Start living with partner not married to, age too young. SPLIT BALLOT",False,"Reported experience, circumstances, general politics or other subject; not a selected market/state attitude"
tygpnt,"Become mother/ father, age too young. SPLIT BALLOT",False,"Reported experience, circumstances, general politics or other subject; not a selected market/state attitude"
tygrtr,"Retire permanently, age too young. SPLIT BALLOT",False,"Reported experience, circumstances, general politics or other subject; not a selected market/state attitude"
tygsexi,"Have sexual intercourse, age too young. SPLIT BALLOT",False,"Reported experience, circumstances, general politics or other subject; not a selected market/state attitude"
wrinco,Worried that income in old age will not be adequate to cover later years,False,"Reported experience, circumstances, general politics or other subject; not a selected market/state attitude"
ycldbyr,Year youngest child was born,False,"Reported experience, circumstances, general politics or other subject; not a selected market/state attitude"
ygcdbyr,Year first grandchild was born,False,"Reported experience, circumstances, general politics or other subject; not a selected market/state attitude"
bennent,Many manage to obtain benefits/services not entitled to,True,"Related economic belief, evaluation or labour regulation"
brnocnt,Of every 100 working age how many born outside country,False,"Reported experience, circumstances, general politics or other subject; not a selected market/state attitude"
cldcrsv,Provision of affordable child care services for working parents,False,"Reported experience, circumstances, general politics or other subject; not a selected market/state attitude"
dcndleq,"Doctors, nurses give special advantages or deal with everyone equally",False,"Reported experience, circumstances, general politics or other subject; not a selected market/state attitude"
dfincac,Large differences in income acceptable to reward talents and efforts,True,Direct economic attitude
ditxssp,Government decrease/increase taxes and social spending,True,Direct economic attitude
earnpen,Higher or lower earners should get larger old age pensions,True,Direct economic attitude
earnueb,Higher or lower earners should get larger unemployment benefits,True,Direct economic attitude
gvcldcr,"Child care services for working parents, governments' responsibility",True,Direct economic attitude
gvhlthc,"Health care for the sick, governments' responsibility",True,Direct economic attitude
gvjbevn,"Job for everyone, governments' responsibility",True,Direct economic attitude
gvpdlwk,"Paid leave from work to care for sick family, governments' responsibility",True,Direct economic attitude
gvslvol,"Standard of living for the old, governments' responsibility",True,Direct economic attitude
gvslvue,"Standard of living for the unemployed, governments' responsibility",True,Direct economic attitude
hlthcef,"Provision of health care, how efficient",False,"Reported experience, circumstances, general politics or other subject; not a selected market/state attitude"
imrccon,Immigrants receive more or less than they contribute,True,"Related economic belief, evaluation or labour regulation"
imsclbn,When should immigrants obtain rights to social benefits/services,True,Direct economic attitude
insfben,Insufficient benefits in country to help people in real need,True,"Related economic belief, evaluation or labour regulation"
lbenent,Many with very low incomes get less benefit than legally entitled to,True,"Related economic belief, evaluation or labour regulation"
lklpwcf,How likely less time paid work than like because care for family next 12 months,False,"Reported experience, circumstances, general politics or other subject; not a selected market/state attitude"
lknemny,How likely not enough money for household necessities next 12 months,False,"Reported experience, circumstances, general politics or other subject; not a selected market/state attitude"
lknhlcn,How likely not receive health care needed if become ill next 12 months,False,"Reported experience, circumstances, general politics or other subject; not a selected market/state attitude"
lkuemp,How likely unemployed and looking for work next 12 months,False,"Reported experience, circumstances, general politics or other subject; not a selected market/state attitude"
lvoapen,Level of old age pension affordable 10 years from now,False,"Reported experience, circumstances, general politics or other subject; not a selected market/state attitude"
lvpbhlt,Level of public health care affordable 10 years from now,False,"Reported experience, circumstances, general politics or other subject; not a selected market/state attitude"
nmnybsc,Of every 100 working age how many not money for basic necessities,False,"Reported experience, circumstances, general politics or other subject; not a selected market/state attitude"
prtsick,Employees often pretend they are sick to stay at home,True,"Related economic belief, evaluation or labour regulation"
sbbsntx,Social benefits/services cost businesses too much in taxes/charges,True,Direct economic attitude
sbcwkfm,Social benefits/services make it easier to combine work and family,True,Direct economic attitude
sbenccm,Social benefits/services encourage people other countries to come live here,True,Direct economic attitude
sbeqsoc,Social benefits/services lead to a more equal society,True,Direct economic attitude
sblazy,Social benefits/services make people lazy,True,Direct economic attitude
sblwcoa,Social benefits/services make people less willing care for one another,True,Direct economic attitude
sblwlka,Social benefits/services make people less willing look after themselves/family,True,Direct economic attitude
sbprvpv,Social benefits/services prevent widespread poverty,True,Direct economic attitude
sbstrec,Social benefits/services place too great strain on economy,True,Direct economic attitude
schtaut,Schools teach children obey authority,False,"Reported experience, circumstances, general politics or other subject; not a selected market/state attitude"
sickdsb,"Of every 100 working age how many long-term sick, disabled",False,"Reported experience, circumstances, general politics or other subject; not a selected market/state attitude"
slvpens,Standard of living of pensioners,False,"Reported experience, circumstances, general politics or other subject; not a selected market/state attitude"
slvuemp,Standard of living of unemployed,False,"Reported experience, circumstances, general politics or other subject; not a selected market/state attitude"
smdfslv,"For fair society, differences in standard of living should be small",True,Direct economic attitude
txadleq,Tax authorities give special advantages or deal with everyone equally,False,"Reported experience, circumstances, general politics or other subject; not a selected market/state attitude"
txautef,"Tax authorities, how efficient in doing their job",False,"Reported experience, circumstances, general politics or other subject; not a selected market/state attitude"
txearn,Taxation for higher versus lower earners,True,Direct economic attitude
uemplwk,Of every 100 working age how many unemployed and looking for work,False,"Reported experience, circumstances, general politics or other subject; not a selected market/state attitude"
uentrjb,Most unemployed people do not really try to find a job,True,Direct economic attitude
yngfnjb,Opportunities for young people to find first full-time job,False,"Reported experience, circumstances, general politics or other subject; not a selected market/state attitude"
acq30bs,How acceptable for most people if qualified 30 year old appointed as their boss,False,"Reported experience, circumstances, general politics or other subject; not a selected market/state attitude"
acq70bs,How acceptable for most people if qualified 70 year old appointed as their boss,False,"Reported experience, circumstances, general politics or other subject; not a selected market/state attitude"
agdcold,Age people start being described as old,False,"Reported experience, circumstances, general politics or other subject; not a selected market/state attitude"
agdcyng,Age people stop being described as young,False,"Reported experience, circumstances, general politics or other subject; not a selected market/state attitude"
agegrbl,Which age group belonging to,False,"Reported experience, circumstances, general politics or other subject; not a selected market/state attitude"
ageyo30,"Respondents age, younger or older than 30",False,"Reported experience, circumstances, general politics or other subject; not a selected market/state attitude"
agrpblg,Strong or weak sense of belonging to age group,False,"Reported experience, circumstances, general politics or other subject; not a selected market/state attitude"
buproag,How important to be unprejudiced against other age groups,False,"Reported experience, circumstances, general politics or other subject; not a selected market/state attitude"
chg1530,Any children or grandchildren between age 15 and 30,False,"Reported experience, circumstances, general politics or other subject; not a selected market/state attitude"
dprschg,Can discuss personal issues with children or grandchildren age 15 to 30,False,"Reported experience, circumstances, general politics or other subject; not a selected market/state attitude"
dprsf70,Can discuss personal issues with members of family aged over 70,False,"Reported experience, circumstances, general politics or other subject; not a selected market/state attitude"
dprso70,Can discuss personal issues with friends aged over 70,False,"Reported experience, circumstances, general politics or other subject; not a selected market/state attitude"
dprsy30,Can discuss personal issues with friends younger than 30,False,"Reported experience, circumstances, general politics or other subject; not a selected market/state attitude"
frndo70,How many  friends other than family aged over 70,False,"Reported experience, circumstances, general politics or other subject; not a selected market/state attitude"
frndy30,How many friends other than family younger than 30,False,"Reported experience, circumstances, general politics or other subject; not a selected market/state attitude"
lkrspag,How often past year felt lack of respect because of age,False,"Reported experience, circumstances, general politics or other subject; not a selected market/state attitude"
mbfmo70,Any members of family aged over 70,False,"Reported experience, circumstances, general politics or other subject; not a selected market/state attitude"
oafl20,Overall how negative or positive feel towards people in their 20s,False,"Reported experience, circumstances, general politics or other subject; not a selected market/state attitude"
oafl70,Overall how negative or positive feel towards people over 70,False,"Reported experience, circumstances, general politics or other subject; not a selected market/state attitude"
p20cnec,People in their 20s contribution to the economy these days,False,"Reported experience, circumstances, general politics or other subject; not a selected market/state attitude"
p20cust,People in their 20s effect on customs and way of life,False,"Reported experience, circumstances, general politics or other subject; not a selected market/state attitude"
p70cnec,People over 70 contribution to the economy these days,False,"Reported experience, circumstances, general politics or other subject; not a selected market/state attitude"
p70cust,People over 70 effect on customs and way of life,False,"Reported experience, circumstances, general politics or other subject; not a selected market/state attitude"
p70hltb,People over 70 a burden on health service these days,False,"Reported experience, circumstances, general politics or other subject; not a selected market/state attitude"
predage,How often past year treated with prejudice because of age,False,"Reported experience, circumstances, general politics or other subject; not a selected market/state attitude"
predetn,How often past year treated with prejudice because of ethnic background,False,"Reported experience, circumstances, general politics or other subject; not a selected market/state attitude"
predsex,How often past year treated with prejudice because of sex,False,"Reported experience, circumstances, general politics or other subject; not a selected market/state attitude"
pvolwrk,Done paid or voluntary work last month,False,"Reported experience, circumstances, general politics or other subject; not a selected market/state attitude"
sgr2070,How see people in their 20s and over 70,False,"Reported experience, circumstances, general politics or other subject; not a selected market/state attitude"
srdscag,How serious is discrimination against people because of age,False,"Reported experience, circumstances, general politics or other subject; not a selected market/state attitude"
stsp20,How most people view status of people in their 20s,False,"Reported experience, circumstances, general politics or other subject; not a selected market/state attitude"
stsp40,How most people view status of people in their 40s,False,"Reported experience, circumstances, general politics or other subject; not a selected market/state attitude"
stsp70,How most people view status of people over 70,False,"Reported experience, circumstances, general politics or other subject; not a selected market/state attitude"
suproag,How important to be seen as being unprejudiced against other age groups,False,"Reported experience, circumstances, general politics or other subject; not a selected market/state attitude"
trtbdag,How often past year treated badly because of age,False,"Reported experience, circumstances, general politics or other subject; not a selected market/state attitude"
twcol20,Time spent working with colleagues in their 20s last month,False,"Reported experience, circumstances, general politics or other subject; not a selected market/state attitude"
twcol70,Time spent working with colleagues aged over 70 last month,False,"Reported experience, circumstances, general politics or other subject; not a selected market/state attitude"
v20adm,Most people view those in their 20s with admiration,False,"Reported experience, circumstances, general politics or other subject; not a selected market/state attitude"
v20cntm,Most people view those in their 20s with contempt,False,"Reported experience, circumstances, general politics or other subject; not a selected market/state attitude"
v20comp,Most people view those in their 20s as competent,False,"Reported experience, circumstances, general politics or other subject; not a selected market/state attitude"
v20envy,Most people view those in their 20s with envy,False,"Reported experience, circumstances, general politics or other subject; not a selected market/state attitude"
v20frnd,Most people view those in their 20s as friendly,False,"Reported experience, circumstances, general politics or other subject; not a selected market/state attitude"
v20mrst,Most people view those in their 20s as having high moral standards,False,"Reported experience, circumstances, general politics or other subject; not a selected market/state attitude"
v20pity,Most people view those in their 20s with pity,False,"Reported experience, circumstances, general politics or other subject; not a selected market/state attitude"
v20resp,Most people view those in their 20s with respect,False,"Reported experience, circumstances, general politics or other subject; not a selected market/state attitude"
v70adm,Most people view those over 70 with admiration,False,"Reported experience, circumstances, general politics or other subject; not a selected market/state attitude"
v70cntm,Most people view those over 70 with contempt,False,"Reported experience, circumstances, general politics or other subject; not a selected market/state attitude"
v70comp,Most people view those over 70 as competent,False,"Reported experience, circumstances, general politics or other subject; not a selected market/state attitude"
v70envy,Most people view those over 70 with envy,False,"Reported experience, circumstances, general politics or other subject; not a selected market/state attitude"
v70frnd,Most people view those over 70 as friendly,False,"Reported experience, circumstances, general politics or other subject; not a selected market/state attitude"
v70mrst,Most people view those over 70 as having high moral standards,False,"Reported experience, circumstances, general politics or other subject; not a selected market/state attitude"
v70pity,Most people view those over 70 with pity,False,"Reported experience, circumstances, general politics or other subject; not a selected market/state attitude"
v70resp,Most people view those over 70 with respect,False,"Reported experience, circumstances, general politics or other subject; not a selected market/state attitude"
wr20crm,How worried about level of crime committed by people in their 20s,False,"Reported experience, circumstances, general politics or other subject; not a selected market/state attitude"
wr20emp,How worried that employers prefer people in 20s rather than 40 or older,False,"Reported experience, circumstances, general politics or other subject; not a selected market/state attitude"
bplcdc,"Duty to: back decisions made by police, even if disagree",False,"Reported experience, circumstances, general politics or other subject; not a selected market/state attitude"
bstln5y,How often bought something that might be stolen last 5 years,False,"Reported experience, circumstances, general politics or other subject; not a selected market/state attitude"
bystlct,How likely to be caught if bought something that might be stolen,False,"Reported experience, circumstances, general politics or other subject; not a selected market/state attitude"
bystlwr,How wrong to buy something that might be stolen,False,"Reported experience, circumstances, general politics or other subject; not a selected market/state attitude"
caplcst,How likely to call police if you see a man get his wallet stolen,False,"Reported experience, circumstances, general politics or other subject; not a selected market/state attitude"
ctfrdc,"How often the courts make fair, impartial decisions based on available evidence",False,"Reported experience, circumstances, general politics or other subject; not a selected market/state attitude"
ctinplt,The courts' decisions are unduly influenced by political pressure,False,"Reported experience, circumstances, general politics or other subject; not a selected market/state attitude"
ctjbcnt,Courts doing good or bad job in country,False,"Reported experience, circumstances, general politics or other subject; not a selected market/state attitude"
ctmtgfr,How often the courts make mistakes that let guilty people go free,False,"Reported experience, circumstances, general politics or other subject; not a selected market/state attitude"
ctprpwr,Courts protect rich and powerful over ordinary people,False,"Reported experience, circumstances, general politics or other subject; not a selected market/state attitude"
dbctvrd,Everyone's duty to back the court's final verdict,False,"Reported experience, circumstances, general politics or other subject; not a selected market/state attitude"
doplcsy,"Duty to: do what police say, even when don't understand or agree",False,"Reported experience, circumstances, general politics or other subject; not a selected market/state attitude"
dpcstrb,Duty to: do what police say even if treated badly,False,"Reported experience, circumstances, general politics or other subject; not a selected market/state attitude"
flsin5y,How often made an exaggerated or false insurance claim last 5 years,False,"Reported experience, circumstances, general politics or other subject; not a selected market/state attitude"
gsupplc,I generally support how the police act,False,"Reported experience, circumstances, general politics or other subject; not a selected market/state attitude"
insclct,How likely be caught if made exaggerated or false insurance claim,False,"Reported experience, circumstances, general politics or other subject; not a selected market/state attitude"
insclwr,How wrong to make exaggerated or false insurance claim,False,"Reported experience, circumstances, general politics or other subject; not a selected market/state attitude"
jdgcbrb,How often judges in country take bribes,False,"Reported experience, circumstances, general politics or other subject; not a selected market/state attitude"
lwstrob,All laws should be strictly obeyed,False,"Reported experience, circumstances, general politics or other subject; not a selected market/state attitude"
plcarcr,How quickly would police arrive at a violent crime scene near to where you live,False,"Reported experience, circumstances, general politics or other subject; not a selected market/state attitude"
plccbrb,How often do police in country take bribes,False,"Reported experience, circumstances, general politics or other subject; not a selected market/state attitude"
plccbrg,How successful police are at catching house burglars in country,False,"Reported experience, circumstances, general politics or other subject; not a selected market/state attitude"
plccont,"Approached, stopped or contacted by police last 2 years",False,"Reported experience, circumstances, general politics or other subject; not a selected market/state attitude"
plcexdc,How often do the police explain their decisions and actions when asked,False,"Reported experience, circumstances, general politics or other subject; not a selected market/state attitude"
plcfrdc,"How often do police make fair, impartial decisions",False,"Reported experience, circumstances, general politics or other subject; not a selected market/state attitude"
plciplt,Decisions and actions of police unduly influenced by political pressure,False,"Reported experience, circumstances, general politics or other subject; not a selected market/state attitude"
plcipvl,Police stand up for values that are important to people like me,False,"Reported experience, circumstances, general politics or other subject; not a selected market/state attitude"
plcjbcn,Police doing good or bad job in country,False,"Reported experience, circumstances, general politics or other subject; not a selected market/state attitude"
plcpvcr,How successful police are at preventing crimes in country,False,"Reported experience, circumstances, general politics or other subject; not a selected market/state attitude"
plcrgwr,Police have the same sense of right and wrong as me,False,"Reported experience, circumstances, general politics or other subject; not a selected market/state attitude"
plcrspc,How often do police treat people in country with respect,False,"Reported experience, circumstances, general politics or other subject; not a selected market/state attitude"
plcstf,How satisfied with treatment from police when contacted,False,"Reported experience, circumstances, general politics or other subject; not a selected market/state attitude"
plcvcrc,How police treat victims of crime: Different races/ethnic groups,False,"Reported experience, circumstances, general politics or other subject; not a selected market/state attitude"
plcvcrp,How police treat victims of crime: Rich/poor,False,"Reported experience, circumstances, general politics or other subject; not a selected market/state attitude"
rgbrklw,Doing the right thing sometimes means breaking the law,False,"Reported experience, circumstances, general politics or other subject; not a selected market/state attitude"
stcbg2t,"Which sentence: 25 year old male, house burglary, second time",False,"Reported experience, circumstances, general politics or other subject; not a selected market/state attitude"
tmprs,How long should he spend in prison,False,"Reported experience, circumstances, general politics or other subject; not a selected market/state attitude"
trfoct,How likely to be caught if committed traffic offence,False,"Reported experience, circumstances, general politics or other subject; not a selected market/state attitude"
trfowr,How wrong to commit traffic offence,False,"Reported experience, circumstances, general politics or other subject; not a selected market/state attitude"
troff5y,How often committed a traffic offence last 5 years,False,"Reported experience, circumstances, general politics or other subject; not a selected market/state attitude"
wevdct,How willing to give evidence in court against the accused,False,"Reported experience, circumstances, general politics or other subject; not a selected market/state attitude"
widprsn,How willing to identify person who had done it,False,"Reported experience, circumstances, general politics or other subject; not a selected market/state attitude"
wraccrc,More likely to be found guilty: Two different races/ethnic groups falsely accused of crime,False,"Reported experience, circumstances, general politics or other subject; not a selected market/state attitude"
wraccrp,More likely to be found guilty: Rich or poor falsely accused of crime,False,"Reported experience, circumstances, general politics or other subject; not a selected market/state attitude"
chpldm,Best for democracy: government changes policies in response to what most people think,False,"Reported experience, circumstances, general politics or other subject; not a selected market/state attitude"
chpldmc,In country government changes policies in response to what most people think,False,"Reported experience, circumstances, general politics or other subject; not a selected market/state attitude"
chpldmi,Important for democracy: government changes policies in response to what most people think,False,"Reported experience, circumstances, general politics or other subject; not a selected market/state attitude"
ctstogv,The courts able to stop the government acting beyond its authority,False,"Reported experience, circumstances, general politics or other subject; not a selected market/state attitude"
cttresa,The courts treat everyone the same,False,"Reported experience, circumstances, general politics or other subject; not a selected market/state attitude"
cttresac,In country the courts treat everyone the same,False,"Reported experience, circumstances, general politics or other subject; not a selected market/state attitude"
dfprtal,Different political parties offer clear alternatives to one another,False,"Reported experience, circumstances, general politics or other subject; not a selected market/state attitude"
dfprtalc,In country different political parties offer clear alternatives to one another,False,"Reported experience, circumstances, general politics or other subject; not a selected market/state attitude"
dspplvt,Voters discuss politics with people they know before deciding how to vote,False,"Reported experience, circumstances, general politics or other subject; not a selected market/state attitude"
dspplvtc,In country voters discuss politics with people they know before deciding how to vote,False,"Reported experience, circumstances, general politics or other subject; not a selected market/state attitude"
fairelc,National elections are free and fair,False,"Reported experience, circumstances, general politics or other subject; not a selected market/state attitude"
fairelcc,In country national elections are free and fair,False,"Reported experience, circumstances, general politics or other subject; not a selected market/state attitude"
fplvdm,"Best for democracy: everyone free to express political views, even extreme",False,"Reported experience, circumstances, general politics or other subject; not a selected market/state attitude"
fplvdmc,"In country everyone is free to express political views, even extreme",False,"Reported experience, circumstances, general politics or other subject; not a selected market/state attitude"
fplvdmi,"Important for democracy: everyone free to express political views, even extreme",False,"Reported experience, circumstances, general politics or other subject; not a selected market/state attitude"
gptpelc,Governing parties are punished in elections when they have done a bad job,False,"Reported experience, circumstances, general politics or other subject; not a selected market/state attitude"
gptpelcc,In country governing parties are punished in elections when they have done a bad job,False,"Reported experience, circumstances, general politics or other subject; not a selected market/state attitude"
grdfinc,The government takes measures to reduce differences in income levels,True,Direct economic attitude
grdfincc,In country the government takes measures to reduce differences in income levels,True,"Related economic belief, evaluation or labour regulation"
gvcodmc,In country government formed by coalition,False,"Reported experience, circumstances, general politics or other subject; not a selected market/state attitude"
gvcodmi,Important for democracy: government formed by coalition,False,"Reported experience, circumstances, general politics or other subject; not a selected market/state attitude"
gvctzpv,The government protects all citizens against poverty,True,Direct economic attitude
gvctzpvc,In country the government protects all citizens against poverty,True,"Related economic belief, evaluation or labour regulation"
gvexpdc,The government explains its decisions to voters,False,"Reported experience, circumstances, general politics or other subject; not a selected market/state attitude"
gvexpdcc,In country the government explains its decisions to voters,False,"Reported experience, circumstances, general politics or other subject; not a selected market/state attitude"
gvspcdm,Best for democracy: government formed by single party or coalition,False,"Reported experience, circumstances, general politics or other subject; not a selected market/state attitude"
gvspdmc,In country government formed by single party,False,"Reported experience, circumstances, general politics or other subject; not a selected market/state attitude"
gvspdmi,Important for democracy: government formed by single party,False,"Reported experience, circumstances, general politics or other subject; not a selected market/state attitude"
imvtctz,Immigrants only get the right to vote in national elections once they become citizens,False,"Reported experience, circumstances, general politics or other subject; not a selected market/state attitude"
medcrgv,The media are free to criticise the government,False,"Reported experience, circumstances, general politics or other subject; not a selected market/state attitude"
medcrgvc,In country the media are free to criticise the government,False,"Reported experience, circumstances, general politics or other subject; not a selected market/state attitude"
meprinf,The media provide citizens with reliable information to judge the government,False,"Reported experience, circumstances, general politics or other subject; not a selected market/state attitude"
meprinfc,In country the media provide citizens with reliable information to judge the government,False,"Reported experience, circumstances, general politics or other subject; not a selected market/state attitude"
oppcrgv,Opposition parties are free to criticise the government,False,"Reported experience, circumstances, general politics or other subject; not a selected market/state attitude"
oppcrgvc,In country opposition parties are free to criticise the government,False,"Reported experience, circumstances, general politics or other subject; not a selected market/state attitude"
pltavie,Politicians take into account the views of other European governments,False,"Reported experience, circumstances, general politics or other subject; not a selected market/state attitude"
pltaviec,In country politicians take into account the views of other European governments,False,"Reported experience, circumstances, general politics or other subject; not a selected market/state attitude"
pplvdmc,In country people with extreme political views are prevented from expressing them,False,"Reported experience, circumstances, general politics or other subject; not a selected market/state attitude"
pplvdmi,Important for democracy: prevent people from expressing extreme political views,False,"Reported experience, circumstances, general politics or other subject; not a selected market/state attitude"
rghmgpr,The rights of minority groups are protected,False,"Reported experience, circumstances, general politics or other subject; not a selected market/state attitude"
rghmgprc,In country the rights of minority groups are protected,False,"Reported experience, circumstances, general politics or other subject; not a selected market/state attitude"
stpldmc,In country government sticks to policies regardless of what most people think,False,"Reported experience, circumstances, general politics or other subject; not a selected market/state attitude"
stpldmi,Important for democracy: government sticks to policies regardless of what most people think,False,"Reported experience, circumstances, general politics or other subject; not a selected market/state attitude"
votedir,Citizens have the final say on political issues by voting directly in referendums,False,"Reported experience, circumstances, general politics or other subject; not a selected market/state attitude"
votedirc,In country citizens have the final say on political issues by voting directly in referendums,False,"Reported experience, circumstances, general politics or other subject; not a selected market/state attitude"
ctrlife,How much control over life in general nowadays,False,"Reported experience, circumstances, general politics or other subject; not a selected market/state attitude"
alcbnge,"Frequency of binge drinking for men and women, last 12 months",False,"Reported experience, circumstances, general politics or other subject; not a selected market/state attitude"
alcfreq,How often drink alcohol,False,"Reported experience, circumstances, general politics or other subject; not a selected market/state attitude"
alcwkdy,"Grams alcohol, last time drinking on a weekday, Monday to Thursday",False,"Reported experience, circumstances, general politics or other subject; not a selected market/state attitude"
alcwknd,"Grams alcohol, last time drinking on a weekend day, Friday to Sunday",False,"Reported experience, circumstances, general politics or other subject; not a selected market/state attitude"
cgtsmok,Cigarette smoking behaviour,False,"Reported experience, circumstances, general politics or other subject; not a selected market/state attitude"
cnfpplh,"Serious conflict between people in household when growing up, how often",False,"Reported experience, circumstances, general politics or other subject; not a selected market/state attitude"
dosprt,"Do sports or other physical activity, how many of last 7 days",False,"Reported experience, circumstances, general politics or other subject; not a selected market/state attitude"
dshltdk,"Discussed health, last 12 months: don't know",False,"Reported experience, circumstances, general politics or other subject; not a selected market/state attitude"
dshltgp,"Discussed health, last 12 months: general practitioner",False,"Reported experience, circumstances, general politics or other subject; not a selected market/state attitude"
dshltms,"Discussed health, last 12 months: medical specialist",False,"Reported experience, circumstances, general politics or other subject; not a selected market/state attitude"
dshltna,"Discussed health, last 12 months: no answer",False,"Reported experience, circumstances, general politics or other subject; not a selected market/state attitude"
dshltnt,"Discussed health, last 12 months: none of these",False,"Reported experience, circumstances, general politics or other subject; not a selected market/state attitude"
dshltref,"Discussed health, last 12 months: refusal",False,"Reported experience, circumstances, general politics or other subject; not a selected market/state attitude"
eatveg,"How often eat vegetables or salad, excluding potatoes",False,"Reported experience, circumstances, general politics or other subject; not a selected market/state attitude"
etfruit,"How often eat fruit, excluding drinking juice",False,"Reported experience, circumstances, general politics or other subject; not a selected market/state attitude"
fnsdfml,"Severe financial difficulties in family when growing up, how often",False,"Reported experience, circumstances, general politics or other subject; not a selected market/state attitude"
height,Height of respondent (cm),False,"Reported experience, circumstances, general politics or other subject; not a selected market/state attitude"
hlpfmhr,"Hours a week looking after or helping family members, friends, neighbours or others",False,"Reported experience, circumstances, general politics or other subject; not a selected market/state attitude"
hlpfmly,"Looking after or helping family members, friends, neighbours or others",False,"Reported experience, circumstances, general politics or other subject; not a selected market/state attitude"
hltphal,"Health problems, hampered, last 12 month: allergies",False,"Reported experience, circumstances, general politics or other subject; not a selected market/state attitude"
hltphbn,"Health problems, hampered, last 12 month: back or neck pain",False,"Reported experience, circumstances, general politics or other subject; not a selected market/state attitude"
hltphbp,"Health problems, hampered, last 12 month: breathing problems",False,"Reported experience, circumstances, general politics or other subject; not a selected market/state attitude"
hltphdi,"Health problems, hampered, last 12 month: diabetes",False,"Reported experience, circumstances, general politics or other subject; not a selected market/state attitude"
hltphdk,"Health problems, hampered, last 12 month: don't know",False,"Reported experience, circumstances, general politics or other subject; not a selected market/state attitude"
hltphhb,"Health problems, hampered, last 12 month: high blood pressure",False,"Reported experience, circumstances, general politics or other subject; not a selected market/state attitude"
hltphhc,"Health problems, hampered, last 12 month: heart or circulation problem",False,"Reported experience, circumstances, general politics or other subject; not a selected market/state attitude"
hltphna,"Health problems, hampered, last 12 month: no answer",False,"Reported experience, circumstances, general politics or other subject; not a selected market/state attitude"
hltphnap,"Health problems, hampered, last 12 month: not applicable",False,"Reported experience, circumstances, general politics or other subject; not a selected market/state attitude"
hltphnt,"Health problems, hampered, last 12 month: none of these",False,"Reported experience, circumstances, general politics or other subject; not a selected market/state attitude"
hltphpa,"Health problems, hampered, last 12 month: muscular or joint pain in hand or arm",False,"Reported experience, circumstances, general politics or other subject; not a selected market/state attitude"
hltphpf,"Health problems, hampered, last 12 month: muscular or joint pain in foot or leg",False,"Reported experience, circumstances, general politics or other subject; not a selected market/state attitude"
hltphref,"Health problems, hampered, last 12 month: refusal",False,"Reported experience, circumstances, general politics or other subject; not a selected market/state attitude"
hltphsc,"Health problems, hampered, last 12 month: skin condition related",False,"Reported experience, circumstances, general politics or other subject; not a selected market/state attitude"
hltphsd,"Health problems, hampered, last 12 month: stomach or digestion related",False,"Reported experience, circumstances, general politics or other subject; not a selected market/state attitude"
hltphsh,"Health problems, hampered, last 12 month: severe headaches",False,"Reported experience, circumstances, general politics or other subject; not a selected market/state attitude"
hltpral,"Health problems, last 12 months: allergies",False,"Reported experience, circumstances, general politics or other subject; not a selected market/state attitude"
hltprbn,"Health problems, last 12 months: back or neck pain",False,"Reported experience, circumstances, general politics or other subject; not a selected market/state attitude"
hltprbp,"Health problems, last 12 months: breathing problems",False,"Reported experience, circumstances, general politics or other subject; not a selected market/state attitude"
hltprca,Have or had any health problems listed on showcard (cancer),False,"Reported experience, circumstances, general politics or other subject; not a selected market/state attitude"
hltprdi,"Health problems, last 12 months: diabetes",False,"Reported experience, circumstances, general politics or other subject; not a selected market/state attitude"
hltprdk,"Health problems, last 12 months: don't know",False,"Reported experience, circumstances, general politics or other subject; not a selected market/state attitude"
hltprhb,"Health problems, last 12 months: high blood pressure",False,"Reported experience, circumstances, general politics or other subject; not a selected market/state attitude"
hltprhc,"Health problems, last 12 months: heart or circulation problem",False,"Reported experience, circumstances, general politics or other subject; not a selected market/state attitude"
hltprna,"Health problems, last 12 months: no answer",False,"Reported experience, circumstances, general politics or other subject; not a selected market/state attitude"
hltprnt,"Health problems, last 12 months: none of these",False,"Reported experience, circumstances, general politics or other subject; not a selected market/state attitude"
hltprpa,"Health problems, last 12 months: muscular or joint pain in hand or arm",False,"Reported experience, circumstances, general politics or other subject; not a selected market/state attitude"
hltprpf,"Health problems, last 12 months: muscular or joint pain in foot or leg",False,"Reported experience, circumstances, general politics or other subject; not a selected market/state attitude"
hltprref,"Health problems, last 12 months: refusal",False,"Reported experience, circumstances, general politics or other subject; not a selected market/state attitude"
hltprsc,"Health problems, last 12 months: skin condition related",False,"Reported experience, circumstances, general politics or other subject; not a selected market/state attitude"
hltprsd,"Health problems, last 12 months: stomach or digestion related",False,"Reported experience, circumstances, general politics or other subject; not a selected market/state attitude"
hltprsh,"Health problems, last 12 months: severe headaches",False,"Reported experience, circumstances, general politics or other subject; not a selected market/state attitude"
cancfre,For how long respondent have been cancer-free,False,"Reported experience, circumstances, general politics or other subject; not a selected market/state attitude"
jbexebs,"In any job, ever exposed to: breathing in other types of smoke, fumes, powder, dust",False,"Reported experience, circumstances, general politics or other subject; not a selected market/state attitude"
jbexecp,"In any job, ever exposed to: contact with chemical products, vapours, substances",False,"Reported experience, circumstances, general politics or other subject; not a selected market/state attitude"
jbexedk,"In any job, ever exposed to: don't know",False,"Reported experience, circumstances, general politics or other subject; not a selected market/state attitude"
jbexena,"In any job, ever exposed to: no answer",False,"Reported experience, circumstances, general politics or other subject; not a selected market/state attitude"
jbexenap,"In any job, ever exposed to: not applicable",False,"Reported experience, circumstances, general politics or other subject; not a selected market/state attitude"
jbexent,"In any job, ever exposed to: none of these",False,"Reported experience, circumstances, general politics or other subject; not a selected market/state attitude"
jbexera,"In any job, ever exposed to: radiation such as X-rays",False,"Reported experience, circumstances, general politics or other subject; not a selected market/state attitude"
jbexeref,"In any job, ever exposed to: refusal",False,"Reported experience, circumstances, general politics or other subject; not a selected market/state attitude"
jbexevc,"In any job, ever exposed to: very cold temperatures",False,"Reported experience, circumstances, general politics or other subject; not a selected market/state attitude"
jbexevh,"In any job, ever exposed to: very hot temperatures",False,"Reported experience, circumstances, general politics or other subject; not a selected market/state attitude"
jbexevl,"In any job, ever exposed to: very loud noise",False,"Reported experience, circumstances, general politics or other subject; not a selected market/state attitude"
jbexpdk,"In any job, ever exposed to: don't know",False,"Reported experience, circumstances, general politics or other subject; not a selected market/state attitude"
jbexpmc,"In any job, ever exposed to: manually carrying or moving heavy loads",False,"Reported experience, circumstances, general politics or other subject; not a selected market/state attitude"
jbexpml,"In any job, ever exposed to: manually lifting or moving people",False,"Reported experience, circumstances, general politics or other subject; not a selected market/state attitude"
jbexpna,"In any job, ever exposed to: no answer",False,"Reported experience, circumstances, general politics or other subject; not a selected market/state attitude"
jbexpnap,"In any job, ever exposed to: not applicable",False,"Reported experience, circumstances, general politics or other subject; not a selected market/state attitude"
jbexpnt,"In any job, ever exposed to: none of these",False,"Reported experience, circumstances, general politics or other subject; not a selected market/state attitude"
jbexpref,"In any job, ever exposed to: refusal",False,"Reported experience, circumstances, general politics or other subject; not a selected market/state attitude"
jbexpti,"In any job, ever exposed to: tiring or painful positions",False,"Reported experience, circumstances, general politics or other subject; not a selected market/state attitude"
jbexpvi,"In any job, ever exposed to: vibrations from hand tools or machinery",False,"Reported experience, circumstances, general politics or other subject; not a selected market/state attitude"
medtrdk,"No medical consultation or treatment, reason: don't know",False,"Reported experience, circumstances, general politics or other subject; not a selected market/state attitude"
medtrna,"No medical consultation or treatment, reason: no answer",False,"Reported experience, circumstances, general politics or other subject; not a selected market/state attitude"
medtrnap,"No medical consultation or treatment, reason: not applicable",False,"Reported experience, circumstances, general politics or other subject; not a selected market/state attitude"
medtrnl,"No medical consultation or treatment, reason: not available where you live",False,"Reported experience, circumstances, general politics or other subject; not a selected market/state attitude"
medtrnp,"No medical consultation or treatment, reason: could not pay",False,"Reported experience, circumstances, general politics or other subject; not a selected market/state attitude"
medtrnt,"No medical consultation or treatment, reason: could not take time off work",False,"Reported experience, circumstances, general politics or other subject; not a selected market/state attitude"
medtrnu,"Never unable to get medical consultation or treatment, reason, last 12 months",False,"Reported experience, circumstances, general politics or other subject; not a selected market/state attitude"
medtrnaa,"No medical consultation or treatment, reason: no appointments available",False,"Reported experience, circumstances, general politics or other subject; not a selected market/state attitude"
medtroc,"No medical consultation or treatment, reason: other commitments",False,"Reported experience, circumstances, general politics or other subject; not a selected market/state attitude"
medtroth,"No medical consultation or treatment, reason: other",False,"Reported experience, circumstances, general politics or other subject; not a selected market/state attitude"
medtrref,"No medical consultation or treatment, reason: refusal",False,"Reported experience, circumstances, general politics or other subject; not a selected market/state attitude"
medtrun,"Unable to get medical consultation or treatment, last 12 months",False,"Reported experience, circumstances, general politics or other subject; not a selected market/state attitude"
medtrwl,"No medical consultation or treatment, reason: waiting list too long",False,"Reported experience, circumstances, general politics or other subject; not a selected market/state attitude"
trhltacp,"Treatments used for own health, last 12 months: acupressure",False,"Reported experience, circumstances, general politics or other subject; not a selected market/state attitude"
trhltacu,"Treatments used for own health, last 12 months: acupuncture",False,"Reported experience, circumstances, general politics or other subject; not a selected market/state attitude"
trhltch,"Treatments used for own health, last 12 months: chiropractics",False,"Reported experience, circumstances, general politics or other subject; not a selected market/state attitude"
trhltcm,"Treatments used for own health, last 12 months: chinese medicine",False,"Reported experience, circumstances, general politics or other subject; not a selected market/state attitude"
trhltdk,"Treatments used for own health, last 12 months: don't know",False,"Reported experience, circumstances, general politics or other subject; not a selected market/state attitude"
trhltho,"Treatments used for own health, last 12 months: homeopathy",False,"Reported experience, circumstances, general politics or other subject; not a selected market/state attitude"
trhltht,"Treatments used for own health, last 12 months: herbal treatment",False,"Reported experience, circumstances, general politics or other subject; not a selected market/state attitude"
trhlthy,"Treatments used for own health, last 12 months: hypnotherapy",False,"Reported experience, circumstances, general politics or other subject; not a selected market/state attitude"
trhltmt,"Treatments used for own health, last 12 months: massage therapy",False,"Reported experience, circumstances, general politics or other subject; not a selected market/state attitude"
trhltna,"Treatments used for own health, last 12 months: no answer",False,"Reported experience, circumstances, general politics or other subject; not a selected market/state attitude"
trhltnt,"Treatments used for own health, last 12 months: none of these",False,"Reported experience, circumstances, general politics or other subject; not a selected market/state attitude"
trhltos,"Treatments used for own health, last 12 months: osteopathy",False,"Reported experience, circumstances, general politics or other subject; not a selected market/state attitude"
trhltpt,"Treatments used for own health, last 12 months: physiotherapy",False,"Reported experience, circumstances, general politics or other subject; not a selected market/state attitude"
trhltre,"Treatments used for own health, last 12 months: reflexology",False,"Reported experience, circumstances, general politics or other subject; not a selected market/state attitude"
trhltref,"Treatments used for own health, last 12 months: refusal",False,"Reported experience, circumstances, general politics or other subject; not a selected market/state attitude"
trhltsh,"Treatments used for own health, last 12 months: spiritual healing",False,"Reported experience, circumstances, general politics or other subject; not a selected market/state attitude"
weighta,Weight of respondent (kg),False,"Reported experience, circumstances, general politics or other subject; not a selected market/state attitude"
icgndra,"Interviewer code, gender of respondent",False,"Reported experience, circumstances, general politics or other subject; not a selected market/state attitude"
nobingnd,Non-binary gender: which option respondent says best describes them,False,"Reported experience, circumstances, general politics or other subject; not a selected market/state attitude"
likrisk,"I like to take risks, to what extent",False,"Reported experience, circumstances, general politics or other subject; not a selected market/state attitude"
liklead,"I like to be a leader, to what extent",False,"Reported experience, circumstances, general politics or other subject; not a selected market/state attitude"
sothnds,I am sensitive to others’ needs,False,"Reported experience, circumstances, general politics or other subject; not a selected market/state attitude"
actcomp,"I act compassionately towards others, to what extent",False,"Reported experience, circumstances, general politics or other subject; not a selected market/state attitude"
mascfel,How masculine respondent feels,False,"Reported experience, circumstances, general politics or other subject; not a selected market/state attitude"
femifel,How feminine respondent feels,False,"Reported experience, circumstances, general politics or other subject; not a selected market/state attitude"
impbemw,How important being a man/woman is to the way respondent think about him/herself,False,"Personal values, not a specific economic institution or policy"
trmedmw,Unfairly treated when visiting a doctor or seeking medical treatment because being a man/woman,False,"Reported experience, circumstances, general politics or other subject; not a selected market/state attitude"
trwrkmw,Unfairly treated in hiring pay or promotion at work because being a man/woman,False,"Reported experience, circumstances, general politics or other subject; not a selected market/state attitude"
trplcmw,Unfairly treated by the police because being a man/woman,False,"Reported experience, circumstances, general politics or other subject; not a selected market/state attitude"
trmdcnt,Women/men: treated equally fairly when seeking medical treatment in [country],False,"Reported experience, circumstances, general politics or other subject; not a selected market/state attitude"
trwkcnt,"Women/men: treated equally fairly in hiring, pay or promotions at work in [country]",False,"Reported experience, circumstances, general politics or other subject; not a selected market/state attitude"
trplcnt,How fair the police in [country] treat women/men,False,"Reported experience, circumstances, general politics or other subject; not a selected market/state attitude"
eqwrkbg,Bad or good for family life in [country] if equal numbers of women and men are in paid work,False,"Reported experience, circumstances, general politics or other subject; not a selected market/state attitude"
eqpolbg,Bad or good for politics in [country] if equal numbers of women and men are in positions of political leadership,False,"Reported experience, circumstances, general politics or other subject; not a selected market/state attitude"
eqmgmbg,Bad or good for businesses in [country] if equal numbers of women and men are in higher management positions,False,"Reported experience, circumstances, general politics or other subject; not a selected market/state attitude"
eqpaybg,Bad or good for economy in [country] if women and men receive equal pay for doing the same work,False,"Reported experience, circumstances, general politics or other subject; not a selected market/state attitude"
eqparep,Dividing the number of seats in parliament equally between women and men,False,"Reported experience, circumstances, general politics or other subject; not a selected market/state attitude"
eqparlv,Require both parents to take equal periods of paid leave to care for their child,True,"Related economic belief, evaluation or labour regulation"
freinsw,Firing employees who make insulting comments directed at women in the workplace,False,"Reported experience, circumstances, general politics or other subject; not a selected market/state attitude"
fineqpy,Making businesses pay a fine when they pay men more than women for doing the same work,True,"Related economic belief, evaluation or labour regulation"
wsekpwr,How often women seek to gain power by getting control over men,False,"Reported experience, circumstances, general politics or other subject; not a selected market/state attitude"
weasoff,How often women get easily offended?,False,"Reported experience, circumstances, general politics or other subject; not a selected market/state attitude"
wlespdm,How often women paid less than men for same work in [country],False,"Reported experience, circumstances, general politics or other subject; not a selected market/state attitude"
wexashr,How often women exaggerate claims of sexual harassment in the workplace,False,"Reported experience, circumstances, general politics or other subject; not a selected market/state attitude"
wprtbym,Women should be protected by men,False,"Reported experience, circumstances, general politics or other subject; not a selected market/state attitude"
wbrgwrm,Women tend to have better sense of what is right and wrong compared with men,False,"Reported experience, circumstances, general politics or other subject; not a selected market/state attitude"
cldgng,"Could not get going, how often past week",False,"Reported experience, circumstances, general politics or other subject; not a selected market/state attitude"
enjlf,"Enjoyed life, how often past week",False,"Reported experience, circumstances, general politics or other subject; not a selected market/state attitude"
fltdpr,"Felt depressed, how often past week",False,"Reported experience, circumstances, general politics or other subject; not a selected market/state attitude"
flteeff,"Felt everything did as effort, how often past week",False,"Reported experience, circumstances, general politics or other subject; not a selected market/state attitude"
fltlnl,"Felt lonely, how often past week",False,"Reported experience, circumstances, general politics or other subject; not a selected market/state attitude"
fltlnla,How much time during past week you felt lonely,False,"Reported experience, circumstances, general politics or other subject; not a selected market/state attitude"
fltsd,"Felt sad, how often past week",False,"Reported experience, circumstances, general politics or other subject; not a selected market/state attitude"
hrshsnt,People who break the law much harsher sentences,False,"Reported experience, circumstances, general politics or other subject; not a selected market/state attitude"
hrshsnta,People who break the law much harsher sentences,False,"Reported experience, circumstances, general politics or other subject; not a selected market/state attitude"
mnrgtjb,Men should have more right to job than women when jobs are scarce,False,"Reported experience, circumstances, general politics or other subject; not a selected market/state attitude"
pdaprp,"Get paid appropriately, considering efforts and achievements",False,"Reported experience, circumstances, general politics or other subject; not a selected market/state attitude"
pdaprpa,Considering efforts and achievements in job I feel I get paid appropriately,False,"Reported experience, circumstances, general politics or other subject; not a selected market/state attitude"
slprl,"Sleep was restless, how often past week",False,"Reported experience, circumstances, general politics or other subject; not a selected market/state attitude"
smbtjoba,Get similar or better job with another employer,False,"Reported experience, circumstances, general politics or other subject; not a selected market/state attitude"
stfjbot,Satisfied with balance between time on job and time on other aspects,False,"Reported experience, circumstances, general politics or other subject; not a selected market/state attitude"
wrhpp,"Were happy, how often past week",False,"Reported experience, circumstances, general politics or other subject; not a selected market/state attitude"
icsbfm,"Interviewer code, split ballot, ask about male or female",False,"Reported experience, circumstances, general politics or other subject; not a selected market/state attitude"
admrclc,Administration of reduce climate change,False,"Reported experience, circumstances, general politics or other subject; not a selected market/state attitude"
testjc34,"Imagine large numbers of people limit energy use, how likely reduce climate change",False,"Reported experience, circumstances, general politics or other subject; not a selected market/state attitude"
testjc35,"How likely, large numbers of people limit energy use",False,"Reported experience, circumstances, general politics or other subject; not a selected market/state attitude"
testjc36,"How likely, governments in enough countries take action to reduce climate change",False,"Reported experience, circumstances, general politics or other subject; not a selected market/state attitude"
testjc37,"Imagine large numbers of people limit energy use, how likely reduce climate change",False,"Reported experience, circumstances, general politics or other subject; not a selected market/state attitude"
testjc38,"How likely, large numbers of  people limit energy use",False,"Reported experience, circumstances, general politics or other subject; not a selected market/state attitude"
testjc39,"How likely, governments in enough countries take action to reduce climate change",False,"Reported experience, circumstances, general politics or other subject; not a selected market/state attitude"
testjc40,"Imagine large numbers of people limit energy use, how likely reduce climate change",False,"Reported experience, circumstances, general politics or other subject; not a selected market/state attitude"
testjc41,"How likely, large numbers of people limit energy use",False,"Reported experience, circumstances, general politics or other subject; not a selected market/state attitude"
testjc42,"How likely, governments in enough countries take action to reduce climate change",False,"Reported experience, circumstances, general politics or other subject; not a selected market/state attitude"
testji1,"Imagine large numbers of people limit energy use, how likely reduce climate change",False,"Reported experience, circumstances, general politics or other subject; not a selected market/state attitude"
testji2,"How likely, large numbers of people limit energy use",False,"Reported experience, circumstances, general politics or other subject; not a selected market/state attitude"
testji3,"How likely, governments in enough countries take action to reduce climate change",False,"Reported experience, circumstances, general politics or other subject; not a selected market/state attitude"
testji4,"Imagine large numbers of people limit energy use, how likely reduce climate change",False,"Reported experience, circumstances, general politics or other subject; not a selected market/state attitude"
testji5,"How likely, large numbers of people limit energy use",False,"Reported experience, circumstances, general politics or other subject; not a selected market/state attitude"
testji6,"How likely, governments in enough countries take action to reduce climate change",False,"Reported experience, circumstances, general politics or other subject; not a selected market/state attitude"
testji7,"Imagine large numbers of people limit energy use, how likely reduce climate change",False,"Reported experience, circumstances, general politics or other subject; not a selected market/state attitude"
testji8,"How likely, large numbers of  people limit energy use",False,"Reported experience, circumstances, general politics or other subject; not a selected market/state attitude"
testji9,"How likely, governments in enough countries take action to reduce climate change",False,"Reported experience, circumstances, general politics or other subject; not a selected market/state attitude"
respc19a,Respondent had coronavirus,False,"Reported experience, circumstances, general politics or other subject; not a selected market/state attitude"
symtc19,Respondent had symptoms lasting 3 months or longer,False,"Reported experience, circumstances, general politics or other subject; not a selected market/state attitude"
symtnc19,Respondent still has symptoms,False,"Reported experience, circumstances, general politics or other subject; not a selected market/state attitude"
vacc19,Respondent received at least one dose of a vaccine against coronavirus approved by the national regulatory authority in [country]?,False,"Reported experience, circumstances, general politics or other subject; not a selected market/state attitude"
recon,Agreed to be recontacted,False,"Reported experience, circumstances, general politics or other subject; not a selected market/state attitude"
domain,Sampling domain,False,"Reported experience, circumstances, general politics or other subject; not a selected market/state attitude"
trstsci,Trust in scientists,False,"Reported experience, circumstances, general politics or other subject; not a selected market/state attitude"
prtvteua,"Party voted for in last national election, Ukraine",False,"Reported experience, circumstances, general politics or other subject; not a selected market/state attitude"
lnghomua,"Language most often spoken at home, Ukraine: Ukrainian",False,"Reported experience, circumstances, general politics or other subject; not a selected market/state attitude"
lnghomru,"Language most often spoken at home, Ukraine: Russian",False,"Reported experience, circumstances, general politics or other subject; not a selected market/state attitude"
lnghomoth,"Language most often spoken at home, Ukraine: other",False,"Reported experience, circumstances, general politics or other subject; not a selected market/state attitude"
lnghomref,"Language most often spoken at home, Ukraine: refusal",False,"Reported experience, circumstances, general politics or other subject; not a selected market/state attitude"
lnghomdk,"Language most often spoken at home, Ukraine: don't know",False,"Reported experience, circumstances, general politics or other subject; not a selected market/state attitude"
testic34,"Imagine large numbers of people limit energy use, how likely reduce climate change",False,"Reported experience, circumstances, general politics or other subject; not a selected market/state attitude"
testic35,"How likely, large numbers of people limit energy use",False,"Reported experience, circumstances, general politics or other subject; not a selected market/state attitude"
testic36,"How likely, governments in enough countries take action to reduce climate change",False,"Reported experience, circumstances, general politics or other subject; not a selected market/state attitude"
testic37,"Imagine large numbers of people limit energy use, how likely reduce climate change",False,"Reported experience, circumstances, general politics or other subject; not a selected market/state attitude"
testic38,"How likely, large numbers of people limit energy use",False,"Reported experience, circumstances, general politics or other subject; not a selected market/state attitude"
testic39,"How likely, governments in enough countries take action to reduce climate change",False,"Reported experience, circumstances, general politics or other subject; not a selected market/state attitude"
testic40,"Imagine large numbers of people limit energy use, how likely reduce climate change",False,"Reported experience, circumstances, general politics or other subject; not a selected market/state attitude"
testic41,"How likely, large numbers of people limit energy use",False,"Reported experience, circumstances, general politics or other subject; not a selected market/state attitude"
testic42,"How likely, governments in enough countries take action to reduce climate change",False,"Reported experience, circumstances, general politics or other subject; not a selected market/state attitude"
viepol,The views of ordinary people prevail over the views of the political elite,False,"Reported experience, circumstances, general politics or other subject; not a selected market/state attitude"
wpestop,The will of the people cannot be stopped,False,"Reported experience, circumstances, general politics or other subject; not a selected market/state attitude"
keydec,Key decisions are made by national governments rather than the European Union,False,"Reported experience, circumstances, general politics or other subject; not a selected market/state attitude"
viepolc,In country the views of ordinary people prevail over the views of the political elite,False,"Reported experience, circumstances, general politics or other subject; not a selected market/state attitude"
wpestopc,In country the will of the people cannot be stopped,False,"Reported experience, circumstances, general politics or other subject; not a selected market/state attitude"
keydecc,In country key decisions are made by national governments rather than the European Union,False,"Reported experience, circumstances, general politics or other subject; not a selected market/state attitude"
admit,Administration of how important things are for democracy,False,"Reported experience, circumstances, general politics or other subject; not a selected market/state attitude"
showcv,Using correct version of showcard,False,"Reported experience, circumstances, general politics or other subject; not a selected market/state attitude"
impdema,"How important things are for democracy, order A",False,"Personal values, not a specific economic institution or policy"
impdemb,"How important things are for democracy, order B",False,"Personal values, not a specific economic institution or policy"
impdemc,"How important things are for democracy, order C",False,"Personal values, not a specific economic institution or policy"
impdemd,"How important things are for democracy, order D",False,"Personal values, not a specific economic institution or policy"
impdeme,"How important things are for democracy, order E",False,"Personal values, not a specific economic institution or policy"
accalaw,Acceptable for country to have a strong leader above the law,False,"Reported experience, circumstances, general politics or other subject; not a selected market/state attitude"
edlveua,"Highest level of education, Ukraine",False,"Reported experience, circumstances, general politics or other subject; not a selected market/state attitude"
edlvpeua,"Partner's highest level of education, Ukraine",False,"Reported experience, circumstances, general politics or other subject; not a selected market/state attitude"
edlvfeua,"Father's highest level of education, Ukraine",False,"Reported experience, circumstances, general politics or other subject; not a selected market/state attitude"
edlvmeua,"Mother's highest level of education, Ukraine",False,"Reported experience, circumstances, general politics or other subject; not a selected market/state attitude"
anctry1,"First ancestry, European Standard Classification of Cultural and Ethnic Groups",False,"Reported experience, circumstances, general politics or other subject; not a selected market/state attitude"
anctry2,"Second ancestry, European Standard Classification of Cultural and Ethnic Groups",False,"Reported experience, circumstances, general politics or other subject; not a selected market/state attitude"
acchome,Location able to access the internet: Home,False,"Reported experience, circumstances, general politics or other subject; not a selected market/state attitude"
accwrk,Location able to access the internet: Workplace,False,"Reported experience, circumstances, general politics or other subject; not a selected market/state attitude"
accmove,Location able to access the internet: On the move,False,"Reported experience, circumstances, general politics or other subject; not a selected market/state attitude"
accoth,Location able to access the internet: Some other place,False,"Reported experience, circumstances, general politics or other subject; not a selected market/state attitude"
accnone,Location able to access the internet: None of the above,False,"Reported experience, circumstances, general politics or other subject; not a selected market/state attitude"
accref,Location able to access the internet: Refusal,False,"Reported experience, circumstances, general politics or other subject; not a selected market/state attitude"
accdk,Location able to access the internet: Don't know,False,"Reported experience, circumstances, general politics or other subject; not a selected market/state attitude"
accna,Location able to access the internet: No answer,False,"Reported experience, circumstances, general politics or other subject; not a selected market/state attitude"
fampref,"Preference settings, how familiar",False,"Reported experience, circumstances, general politics or other subject; not a selected market/state attitude"
famadvs,"Advanced search, how familiar",False,"Reported experience, circumstances, general politics or other subject; not a selected market/state attitude"
fampdf,"PDF, how familiar",False,"Reported experience, circumstances, general politics or other subject; not a selected market/state attitude"
mcclose,Online/mobile communication makes people feel closer to one another,False,"Reported experience, circumstances, general politics or other subject; not a selected market/state attitude"
mcinter,Online/mobile communication makes work and personal life interrupt each other,False,"Reported experience, circumstances, general politics or other subject; not a selected market/state attitude"
mccoord,Online/mobile communication makes it easy to coordinate and manage activities,False,"Reported experience, circumstances, general politics or other subject; not a selected market/state attitude"
mcpriv,Online/mobile communication undermines personal privacy,False,"Reported experience, circumstances, general politics or other subject; not a selected market/state attitude"
mcmsinf,Online/mobile communication exposes people to misinformation,False,"Reported experience, circumstances, general politics or other subject; not a selected market/state attitude"
chldo12,Number of children aged 12 or over,False,"Reported experience, circumstances, general politics or other subject; not a selected market/state attitude"
gndro12a,Gender of child aged 12 or over,False,"Reported experience, circumstances, general politics or other subject; not a selected market/state attitude"
gndro12b,Gender of child aged 12 or over,False,"Reported experience, circumstances, general politics or other subject; not a selected market/state attitude"
ageo12,Age of child aged 12 or over,False,"Reported experience, circumstances, general politics or other subject; not a selected market/state attitude"
hhlio12,Child aged 12 or over lives in same household,False,"Reported experience, circumstances, general politics or other subject; not a selected market/state attitude"
closeo12,How close to child aged 12 or over,False,"Reported experience, circumstances, general politics or other subject; not a selected market/state attitude"
ttmino12,"Travel time to child aged 12 or over, in minutes",False,"Reported experience, circumstances, general politics or other subject; not a selected market/state attitude"
speako12,"Speak with child aged 12 or over in person, how often",False,"Reported experience, circumstances, general politics or other subject; not a selected market/state attitude"
scrno12,"Speak with child aged 12 or over and see each other on a screen, how often",False,"Reported experience, circumstances, general politics or other subject; not a selected market/state attitude"
phoneo12,"Speak with child aged 12 or over using a phone, how often",False,"Reported experience, circumstances, general politics or other subject; not a selected market/state attitude"
como12,"Communicate with child aged 12 or over via text, email or messaging apps, how often",False,"Reported experience, circumstances, general politics or other subject; not a selected market/state attitude"
c19spo12,"Speak with child aged 12 or over in person, how often compared with before COVID-19",False,"Reported experience, circumstances, general politics or other subject; not a selected market/state attitude"
c19mco12,"Online/mobile communication with child aged 12 or over, how often compared with before COVID-19",False,"Reported experience, circumstances, general politics or other subject; not a selected market/state attitude"
livpnt,Parents still alive,False,"Reported experience, circumstances, general politics or other subject; not a selected market/state attitude"
pntmofa,"Parents still alive, mother or father",False,"Reported experience, circumstances, general politics or other subject; not a selected market/state attitude"
agepnt,Age of parent,False,"Reported experience, circumstances, general politics or other subject; not a selected market/state attitude"
hhlipnt,Parent lives in same household,False,"Reported experience, circumstances, general politics or other subject; not a selected market/state attitude"
closepnt,How close to parent,False,"Reported experience, circumstances, general politics or other subject; not a selected market/state attitude"
ttminpnt,"Travel time to parent, in minutes",False,"Reported experience, circumstances, general politics or other subject; not a selected market/state attitude"
speakpnt,"Speak with parent in person, how often",False,"Reported experience, circumstances, general politics or other subject; not a selected market/state attitude"
scrnpnt,"Speak with parent and see each other on a screen, how often",False,"Reported experience, circumstances, general politics or other subject; not a selected market/state attitude"
phonepnt,"Speak with parent using a phone, how often",False,"Reported experience, circumstances, general politics or other subject; not a selected market/state attitude"
compnt,"Communicate with parent via text, email or messaging apps, how often",False,"Reported experience, circumstances, general politics or other subject; not a selected market/state attitude"
c19sppnt,"Speak with parent in person, how often compared with before COVID-19",False,"Reported experience, circumstances, general politics or other subject; not a selected market/state attitude"
c19mcpnt,"Online/mobile communication with parent, how often compared with before COVID-19",False,"Reported experience, circumstances, general politics or other subject; not a selected market/state attitude"
dcsfwrka,Current job: can decide time start/finish work,False,"Reported experience, circumstances, general politics or other subject; not a selected market/state attitude"
wrkhome,"Work from home or place of choice, how often",False,"Reported experience, circumstances, general politics or other subject; not a selected market/state attitude"
c19whome,"Work from home or place of choice, how often compared with before COVID-19",False,"Reported experience, circumstances, general politics or other subject; not a selected market/state attitude"
c19wplch,Work place change occurred as a result of COVID-19,False,"Reported experience, circumstances, general politics or other subject; not a selected market/state attitude"
wrklong,"Employees expected to work overtime, how often",False,"Reported experience, circumstances, general politics or other subject; not a selected market/state attitude"
wrkresp,"Employees expected to be responsive outside working hours, how often",False,"Reported experience, circumstances, general politics or other subject; not a selected market/state attitude"
c19whacc,"Work from home or place of choice,  how accepted compared with before COVID-19",False,"Reported experience, circumstances, general politics or other subject; not a selected market/state attitude"
mansupp,"Line manager supports employees in balancing work, how much",False,"Reported experience, circumstances, general politics or other subject; not a selected market/state attitude"
manhlp,"Line manager gives work-related help, how likely",False,"Reported experience, circumstances, general politics or other subject; not a selected market/state attitude"
manwrkpl,"Line manager and respondent are at the same workplace, how often",False,"Reported experience, circumstances, general politics or other subject; not a selected market/state attitude"
manspeak,"Speak with line manager about work in person, how often",False,"Reported experience, circumstances, general politics or other subject; not a selected market/state attitude"
manscrn,"Speak with line manager about work and see each other on a screen, how often",False,"Reported experience, circumstances, general politics or other subject; not a selected market/state attitude"
manphone,"Speak with line about work manager using a phone, how often",False,"Reported experience, circumstances, general politics or other subject; not a selected market/state attitude"
mancom,"Communicate with line manager about work via text, email or messaging apps, how often",False,"Reported experience, circumstances, general politics or other subject; not a selected market/state attitude"
teamfeel,"Feel like part of your team, how much",False,"Reported experience, circumstances, general politics or other subject; not a selected market/state attitude"
wrkextra,Take on extra responsibilities at work without being paid more,False,"Reported experience, circumstances, general politics or other subject; not a selected market/state attitude"
colprop,Proportion of colleagues based at the same location,False,"Reported experience, circumstances, general politics or other subject; not a selected market/state attitude"
colhlp,"Colleagues give work-related help, how likely",False,"Reported experience, circumstances, general politics or other subject; not a selected market/state attitude"
colspeak,"Speak with colleagues in person, how often",False,"Reported experience, circumstances, general politics or other subject; not a selected market/state attitude"
colscrn,"Speak with colleagues about work and see each other on a screen, how often",False,"Reported experience, circumstances, general politics or other subject; not a selected market/state attitude"
colphone,"Speak with colleagues about work using a phone, how often",False,"Reported experience, circumstances, general politics or other subject; not a selected market/state attitude"
colcom,"Communicate with colleagues about work via text, email or messaging apps, how often",False,"Reported experience, circumstances, general politics or other subject; not a selected market/state attitude"
c19spwrk,"Speak with people you work with in person, how often compared with before COVID-19",False,"Reported experience, circumstances, general politics or other subject; not a selected market/state attitude"
c19mcwrk,"Online/mobile communication with people you work with, how often compared with before COVID-19",False,"Reported experience, circumstances, general politics or other subject; not a selected market/state attitude"
mcwrkhom,Online/mobile communication makes it easy to work from home or place of choice,False,"Reported experience, circumstances, general politics or other subject; not a selected market/state attitude"
testii1,"Imagine large numbers of people limit energy use, how likely reduce climate change",False,"Reported experience, circumstances, general politics or other subject; not a selected market/state attitude"
testii2,"How likely, large numbers of people limit energy use",False,"Reported experience, circumstances, general politics or other subject; not a selected market/state attitude"
testii3,"How likely, governments in enough countries take action to reduce climate change",False,"Reported experience, circumstances, general politics or other subject; not a selected market/state attitude"
testii4,"Imagine large numbers of people limit energy use, how likely reduce climate change",False,"Reported experience, circumstances, general politics or other subject; not a selected market/state attitude"
testii5,"How likely, large numbers of people limit energy use",False,"Reported experience, circumstances, general politics or other subject; not a selected market/state attitude"
testii6,"How likely, governments in enough countries take action to reduce climate change",False,"Reported experience, circumstances, general politics or other subject; not a selected market/state attitude"
testii7,"Imagine large numbers of people limit energy use, how likely reduce climate change",False,"Reported experience, circumstances, general politics or other subject; not a selected market/state attitude"
testii8,"How likely, large numbers of people limit energy use",False,"Reported experience, circumstances, general politics or other subject; not a selected market/state attitude"
testii9,"How likely, governments in enough countries take action to reduce climate change",False,"Reported experience, circumstances, general politics or other subject; not a selected market/state attitude"
secgrdec,Small secret group of people responsible for making all major decisions in world politics,False,"Reported experience, circumstances, general politics or other subject; not a selected market/state attitude"
scidecpb,"Groups of scientists manipulate, fabricate, or suppress evidence in order to deceive the public",False,"Reported experience, circumstances, general politics or other subject; not a selected market/state attitude"
admc19,Administration of COVID-19 questions,False,"Reported experience, circumstances, general politics or other subject; not a selected market/state attitude"
panpriph,More important for governments to prioritise public health or economic activity when fighting a pandemic,False,"Reported experience, circumstances, general politics or other subject; not a selected market/state attitude"
panmonpb,More important for governments to monitor and track the public or to maintain public privacy when fighting a pandemic,False,"Reported experience, circumstances, general politics or other subject; not a selected market/state attitude"
govpriph,More important for governments to prioritise public health or economic activity,False,"Reported experience, circumstances, general politics or other subject; not a selected market/state attitude"
govmonpb,More important for governments to monitor and track the public or to maintain public privacy,False,"Reported experience, circumstances, general politics or other subject; not a selected market/state attitude"
panfolru,More important to follow government rules or to make own decisions when fighting a pandemic,False,"Reported experience, circumstances, general politics or other subject; not a selected market/state attitude"
panclobo,How important for country to close its borders when fighting a pandemic,False,"Reported experience, circumstances, general politics or other subject; not a selected market/state attitude"
panresmo,How important to restrict people's movement between different parts of country when fighting a pandemic,False,"Reported experience, circumstances, general politics or other subject; not a selected market/state attitude"
gvhanc19,How satisfied with government's handling of COVID-19 in country,False,"Reported experience, circumstances, general politics or other subject; not a selected market/state attitude"
gvjobc19,How satisfied with government's response to COVID-19: people who have experienced job/income losses,False,"Reported experience, circumstances, general politics or other subject; not a selected market/state attitude"
gveldc19,How satisfied with government's response to COVID-19: elderly people in care homes,False,"Reported experience, circumstances, general politics or other subject; not a selected market/state attitude"
gvfamc19,How satisfied with government's response to COVID-19: families with school-aged children,False,"Reported experience, circumstances, general politics or other subject; not a selected market/state attitude"
hscopc19,How satisfied with the way health services coped with COVID-19 and its consequences in country,False,"Reported experience, circumstances, general politics or other subject; not a selected market/state attitude"
gvbalc19,How the government balanced protecting the economy and people's health when responding to COVID-19 in country,False,"Reported experience, circumstances, general politics or other subject; not a selected market/state attitude"
gvimpc19,To what extent trust the government to deal with the impact of COVID-19 in country,False,"Reported experience, circumstances, general politics or other subject; not a selected market/state attitude"
gvconc19,COVID-19 is result of deliberate and concealed efforts of some government or organisation,False,"Reported experience, circumstances, general politics or other subject; not a selected market/state attitude"
respc19,Respondent had COVID-19,False,"Reported experience, circumstances, general politics or other subject; not a selected market/state attitude"
reshhc19,Anyone living with respondent had COVID-19,False,"Reported experience, circumstances, general politics or other subject; not a selected market/state attitude"
hapljc19,Things happened since start of COVID-19: was made redundant/lost job,False,"Reported experience, circumstances, general politics or other subject; not a selected market/state attitude"
hapirc19,Things happened since start of COVID-19: income from job was reduced,False,"Reported experience, circumstances, general politics or other subject; not a selected market/state attitude"
hapwrc19,Things happened since start of COVID-19: working hours were reduced,False,"Reported experience, circumstances, general politics or other subject; not a selected market/state attitude"
hapfuc19,Things happened since start of COVID-19: was furloughed,False,"Reported experience, circumstances, general politics or other subject; not a selected market/state attitude"
hapfoc19,Things happened since start of COVID-19: was forced to take unpaid leave/holiday,False,"Reported experience, circumstances, general politics or other subject; not a selected market/state attitude"
hapnoc19,Things happened since start of COVID-19: none of these,False,"Reported experience, circumstances, general politics or other subject; not a selected market/state attitude"
hapnwc19,Things happened since start of COVID-19: not in work since start of COVID-19,False,"Reported experience, circumstances, general politics or other subject; not a selected market/state attitude"
hapnpc19,Things happened since start of COVID-19: not applicable,False,"Reported experience, circumstances, general politics or other subject; not a selected market/state attitude"
haprec19,Things happened since start of COVID-19: refusal,False,"Reported experience, circumstances, general politics or other subject; not a selected market/state attitude"
hapdkc19,Things happened since start of COVID-19: don't know,False,"Reported experience, circumstances, general politics or other subject; not a selected market/state attitude"
hapnac19,Things happened since start of COVID-19: no answer,False,"Reported experience, circumstances, general politics or other subject; not a selected market/state attitude"
icvacc19,COVID-19 vaccine approved by national regulatory authority and available to the public in country,False,"Reported experience, circumstances, general politics or other subject; not a selected market/state attitude"
getavc19,Whether respondent will get vaccinated against COVID-19 with vaccine approved by the national regulatory authority in country,False,"Reported experience, circumstances, general politics or other subject; not a selected market/state attitude"
getnvc19,Whether respondent would get vaccinated against COVID-19 if vaccine is approved by the national regulatory authority in country,False,"Reported experience, circumstances, general politics or other subject; not a selected market/state attitude"
vdcond,"Interview conducted, how",False,"Reported experience, circumstances, general politics or other subject; not a selected market/state attitude"
vdovexre,Respondent's overall experience of taking part in survey,False,"Reported experience, circumstances, general politics or other subject; not a selected market/state attitude"
vdtype,Type of device used for video interview,False,"Reported experience, circumstances, general politics or other subject; not a selected market/state attitude"
vdtpsvre,Respondent's experience of technical problems: starting video call,False,"Reported experience, circumstances, general politics or other subject; not a selected market/state attitude"
vdtpitre,Respondent's experience of technical problems: internet connection affecting video call,False,"Reported experience, circumstances, general politics or other subject; not a selected market/state attitude"
vdtpscre,Respondent's experience of technical problems: displaying showcards,False,"Reported experience, circumstances, general politics or other subject; not a selected market/state attitude"
vdtpaure,Respondent's experience of technical problems: audio not being clear,False,"Reported experience, circumstances, general politics or other subject; not a selected market/state attitude"
vdtpvire,Respondent's experience of technical problems: video display not being clear,False,"Reported experience, circumstances, general politics or other subject; not a selected market/state attitude"
vdtpoire,Respondent's experience of technical problems: other issue,False,"Reported experience, circumstances, general politics or other subject; not a selected market/state attitude"
vdtpntre,Respondent's experience of technical problems: no technical issues,False,"Reported experience, circumstances, general politics or other subject; not a selected market/state attitude"
vdtpapre,Respondent's experience of technical problems: not applicable,False,"Reported experience, circumstances, general politics or other subject; not a selected market/state attitude"
vdtprere,Respondent's experience of technical problems: refusal,False,"Reported experience, circumstances, general politics or other subject; not a selected market/state attitude"
vdtpdkre,Respondent's experience of technical problems: don't know,False,"Reported experience, circumstances, general politics or other subject; not a selected market/state attitude"
vdtpnare,Respondent's experience of technical problems: no answer,False,"Reported experience, circumstances, general politics or other subject; not a selected market/state attitude"
ginwe,End of section G,False,"Reported experience, circumstances, general politics or other subject; not a selected market/state attitude"
vinwe,End of section V,False,"Reported experience, circumstances, general politics or other subject; not a selected market/state attitude"
intlnga,Language of questionnaire,False,"Reported experience, circumstances, general politics or other subject; not a selected market/state attitude"
