year,field,label,selected,item,reason
2008,V1,GESIS Data Archive Study Number,False,,"Not a general market/state attitude: demographic, personal circumstance, social relation, general politics or religion; optional v66 unavailable in Ukraine"
2008,V2,GESIS Archive version,False,,"Not a general market/state attitude: demographic, personal circumstance, social relation, general politics or religion; optional v66 unavailable in Ukraine"
2008,DOI,Digital Object Identifier,False,,"Not a general market/state attitude: demographic, personal circumstance, social relation, general politics or religion; optional v66 unavailable in Ukraine"
2008,V3,Respondent Number,False,,"Not a general market/state attitude: demographic, personal circumstance, social relation, general politics or religion; optional v66 unavailable in Ukraine"
2008,V4,Country/Sample Code ISO 3166 (see V5 for codes for whole nation states),False,,"Not a general market/state attitude: demographic, personal circumstance, social relation, general politics or religion; optional v66 unavailable in Ukraine"
2008,V5,Country Code ISO 3166 (see V4 for codes for the sample),False,,"Not a general market/state attitude: demographic, personal circumstance, social relation, general politics or religion; optional v66 unavailable in Ukraine"
2008,C_ALPHAN,Country Prefix ISO 3166,False,,"Not a general market/state attitude: demographic, personal circumstance, social relation, general politics or religion; optional v66 unavailable in Ukraine"
2008,V6,Q1 How happy or unhappy,False,,"Not a general market/state attitude: demographic, personal circumstance, social relation, general politics or religion; optional v66 unavailable in Ukraine"
2008,V7,Q2 Sexual relations before marriage,False,,"Not a general market/state attitude: demographic, personal circumstance, social relation, general politics or religion; optional v66 unavailable in Ukraine"
2008,V8,Q3 Sexual relations with someone other than spouse,False,,"Not a general market/state attitude: demographic, personal circumstance, social relation, general politics or religion; optional v66 unavailable in Ukraine"
2008,V9,Q4 Sexual relations between two adults of the same sex,False,,"Not a general market/state attitude: demographic, personal circumstance, social relation, general politics or religion; optional v66 unavailable in Ukraine"
2008,V10,Q5a Opinion: Abortion if defect in the baby,False,,"Not a general market/state attitude: demographic, personal circumstance, social relation, general politics or religion; optional v66 unavailable in Ukraine"
2008,V11,Q5b Opinion: Abortion if family has very low income,False,,"Not a general market/state attitude: demographic, personal circumstance, social relation, general politics or religion; optional v66 unavailable in Ukraine"
2008,V12,"Q6 Husband earn money, wife's job is family",False,,"Not a general market/state attitude: demographic, personal circumstance, social relation, general politics or religion; optional v66 unavailable in Ukraine"
2008,V13,Q7 People can be trusted,False,,"Not a general market/state attitude: demographic, personal circumstance, social relation, general politics or religion; optional v66 unavailable in Ukraine"
2008,V14,Q8a Confidence in parliament,False,,"Not a general market/state attitude: demographic, personal circumstance, social relation, general politics or religion; optional v66 unavailable in Ukraine"
2008,V15,Q8b Confidence in business and industry,True,business_confidence,Economic attitude/belief
2008,V16,Q8c Confidence in churches and religious organizations,False,,"Not a general market/state attitude: demographic, personal circumstance, social relation, general politics or religion; optional v66 unavailable in Ukraine"
2008,V17,Q8d Confidence in courts and legal system,False,,"Not a general market/state attitude: demographic, personal circumstance, social relation, general politics or religion; optional v66 unavailable in Ukraine"
2008,V18,Q8e Confidence in schools and educational system,False,,"Not a general market/state attitude: demographic, personal circumstance, social relation, general politics or religion; optional v66 unavailable in Ukraine"
2008,V19,Q9 Moved from one place to another,False,,"Not a general market/state attitude: demographic, personal circumstance, social relation, general politics or religion; optional v66 unavailable in Ukraine"
2008,V20,Q10a Religious leaders should not influence vote,False,,"Not a general market/state attitude: demographic, personal circumstance, social relation, general politics or religion; optional v66 unavailable in Ukraine"
2008,V21,Q10b Religious leaders should not influence government,False,,"Not a general market/state attitude: demographic, personal circumstance, social relation, general politics or religion; optional v66 unavailable in Ukraine"
2008,V22,Q11a Modern science does more harm than good,False,,"Not a general market/state attitude: demographic, personal circumstance, social relation, general politics or religion; optional v66 unavailable in Ukraine"
2008,V23,Q11b Too much trust in science,False,,"Not a general market/state attitude: demographic, personal circumstance, social relation, general politics or religion; optional v66 unavailable in Ukraine"
2008,V24,Q11c Religions bring conflict,False,,"Not a general market/state attitude: demographic, personal circumstance, social relation, general politics or religion; optional v66 unavailable in Ukraine"
2008,V25,Q11d Religious people too intolerant,False,,"Not a general market/state attitude: demographic, personal circumstance, social relation, general politics or religion; optional v66 unavailable in Ukraine"
2008,V26,Q12 Power of churches and religious organizations,False,,"Not a general market/state attitude: demographic, personal circumstance, social relation, general politics or religion; optional v66 unavailable in Ukraine"
2008,V27,Q13a Equal rights for religious groups,False,,"Not a general market/state attitude: demographic, personal circumstance, social relation, general politics or religion; optional v66 unavailable in Ukraine"
2008,V28,Q13b Respect all religions,False,,"Not a general market/state attitude: demographic, personal circumstance, social relation, general politics or religion; optional v66 unavailable in Ukraine"
2008,V29,Q14a Accept person from different religion: Marrying a relative,False,,"Not a general market/state attitude: demographic, personal circumstance, social relation, general politics or religion; optional v66 unavailable in Ukraine"
2008,V30,Q14b Accept person from different religion: Candidate of a political party,False,,"Not a general market/state attitude: demographic, personal circumstance, social relation, general politics or religion; optional v66 unavailable in Ukraine"
2008,V31,Q15a Religious extremists: Hold public meetings,False,,"Not a general market/state attitude: demographic, personal circumstance, social relation, general politics or religion; optional v66 unavailable in Ukraine"
2008,V32,Q15b Religious extremists: Publish books,False,,"Not a general market/state attitude: demographic, personal circumstance, social relation, general politics or religion; optional v66 unavailable in Ukraine"
2008,V33,Q16 Closest to Rs belief about God,False,,"Not a general market/state attitude: demographic, personal circumstance, social relation, general politics or religion; optional v66 unavailable in Ukraine"
2008,V34,Q17 Best describes beliefs about God,False,,"Not a general market/state attitude: demographic, personal circumstance, social relation, general politics or religion; optional v66 unavailable in Ukraine"
2008,V35,Q18a Belief in life after death,False,,"Not a general market/state attitude: demographic, personal circumstance, social relation, general politics or religion; optional v66 unavailable in Ukraine"
2008,V36,Q18b Belief in heaven,False,,"Not a general market/state attitude: demographic, personal circumstance, social relation, general politics or religion; optional v66 unavailable in Ukraine"
2008,V37,Q18c Belief in hell,False,,"Not a general market/state attitude: demographic, personal circumstance, social relation, general politics or religion; optional v66 unavailable in Ukraine"
2008,V38,Q18d Belief in religious miracles,False,,"Not a general market/state attitude: demographic, personal circumstance, social relation, general politics or religion; optional v66 unavailable in Ukraine"
2008,V39,Q18e Belief in reincarnation,False,,"Not a general market/state attitude: demographic, personal circumstance, social relation, general politics or religion; optional v66 unavailable in Ukraine"
2008,V40,Q18f Belief in Nirvana,False,,"Not a general market/state attitude: demographic, personal circumstance, social relation, general politics or religion; optional v66 unavailable in Ukraine"
2008,V41,Q18g Belief in supernatural powers of deceased ancestors,False,,"Not a general market/state attitude: demographic, personal circumstance, social relation, general politics or religion; optional v66 unavailable in Ukraine"
2008,V42,Q19a God concerns Himself with human beings,False,,"Not a general market/state attitude: demographic, personal circumstance, social relation, general politics or religion; optional v66 unavailable in Ukraine"
2008,V43,Q19b People can do little to change life,False,,"Not a general market/state attitude: demographic, personal circumstance, social relation, general politics or religion; optional v66 unavailable in Ukraine"
2008,V44,Q19c Life meaningful because God exists,False,,"Not a general market/state attitude: demographic, personal circumstance, social relation, general politics or religion; optional v66 unavailable in Ukraine"
2008,V45,Q19d Life does not serve any purpose,False,,"Not a general market/state attitude: demographic, personal circumstance, social relation, general politics or religion; optional v66 unavailable in Ukraine"
2008,V46,"Q19e Life meaningful, provide meaning yourself",False,,"Not a general market/state attitude: demographic, personal circumstance, social relation, general politics or religion; optional v66 unavailable in Ukraine"
2008,V47,Q19f Own way of connecting with God,False,,"Not a general market/state attitude: demographic, personal circumstance, social relation, general politics or religion; optional v66 unavailable in Ukraine"
2008,V48,Q20a Mothers religion,False,,"Not a general market/state attitude: demographic, personal circumstance, social relation, general politics or religion; optional v66 unavailable in Ukraine"
2008,V49,Q20b Mothers religion: religgrp (derived from Q20),False,,"Not a general market/state attitude: demographic, personal circumstance, social relation, general politics or religion; optional v66 unavailable in Ukraine"
2008,V50,Q21a Fathers religion,False,,"Not a general market/state attitude: demographic, personal circumstance, social relation, general politics or religion; optional v66 unavailable in Ukraine"
2008,V51,Q21b Fathers religion: religgrp (derived from Q21),False,,"Not a general market/state attitude: demographic, personal circumstance, social relation, general politics or religion; optional v66 unavailable in Ukraine"
2008,V52,Q22a Religion respondent raised in,False,,"Not a general market/state attitude: demographic, personal circumstance, social relation, general politics or religion; optional v66 unavailable in Ukraine"
2008,V53,Q22b Religion respondent raised in: religgrp (derived from Q22),False,,"Not a general market/state attitude: demographic, personal circumstance, social relation, general politics or religion; optional v66 unavailable in Ukraine"
2008,V54,Q23a Spouse religion,False,,"Not a general market/state attitude: demographic, personal circumstance, social relation, general politics or religion; optional v66 unavailable in Ukraine"
2008,V55,Q23b Spouse religion: religgrp (derived from Q23),False,,"Not a general market/state attitude: demographic, personal circumstance, social relation, general politics or religion; optional v66 unavailable in Ukraine"
2008,V56,"Q24 R child, mother attend church",False,,"Not a general market/state attitude: demographic, personal circumstance, social relation, general politics or religion; optional v66 unavailable in Ukraine"
2008,V57,"Q25 R child, father attend church",False,,"Not a general market/state attitude: demographic, personal circumstance, social relation, general politics or religion; optional v66 unavailable in Ukraine"
2008,V58,"Q26 R age 11-12, R attend church",False,,"Not a general market/state attitude: demographic, personal circumstance, social relation, general politics or religion; optional v66 unavailable in Ukraine"
2008,V59,Q27 How often R pray,False,,"Not a general market/state attitude: demographic, personal circumstance, social relation, general politics or religion; optional v66 unavailable in Ukraine"
2008,V60,Q28 Take part in church activities,False,,"Not a general market/state attitude: demographic, personal circumstance, social relation, general politics or religion; optional v66 unavailable in Ukraine"
2008,V61,"Q29 Shrine, altar in Rs home",False,,"Not a general market/state attitude: demographic, personal circumstance, social relation, general politics or religion; optional v66 unavailable in Ukraine"
2008,V62,Q30 Visit holy place,False,,"Not a general market/state attitude: demographic, personal circumstance, social relation, general politics or religion; optional v66 unavailable in Ukraine"
2008,V63,Q31 R describes self as religious,False,,"Not a general market/state attitude: demographic, personal circumstance, social relation, general politics or religion; optional v66 unavailable in Ukraine"
2008,V64,Q32 Best describes R,False,,"Not a general market/state attitude: demographic, personal circumstance, social relation, general politics or religion; optional v66 unavailable in Ukraine"
2008,V65,Q33 Closest to Rs own views,False,,"Not a general market/state attitude: demographic, personal circumstance, social relation, general politics or religion; optional v66 unavailable in Ukraine"
2008,V66,Q34a Religion helps people: Find inner peace,False,,"Not a general market/state attitude: demographic, personal circumstance, social relation, general politics or religion; optional v66 unavailable in Ukraine"
2008,V67,Q34b Religion helps people: Make friends,False,,"Not a general market/state attitude: demographic, personal circumstance, social relation, general politics or religion; optional v66 unavailable in Ukraine"
2008,V68,Q34c Religion helps people: Gain comfort,False,,"Not a general market/state attitude: demographic, personal circumstance, social relation, general politics or religion; optional v66 unavailable in Ukraine"
2008,V69,Q34d Religion helps people: Meet right kind of people,False,,"Not a general market/state attitude: demographic, personal circumstance, social relation, general politics or religion; optional v66 unavailable in Ukraine"
2008,V70,Optional Q1 Born again experience,False,,"Not a general market/state attitude: demographic, personal circumstance, social relation, general politics or religion; optional v66 unavailable in Ukraine"
2008,V71,Optional Q2 Feelings about Bible,False,,"Not a general market/state attitude: demographic, personal circumstance, social relation, general politics or religion; optional v66 unavailable in Ukraine"
2008,V72,Optional Q3 Turning point new commitment to religion,False,,"Not a general market/state attitude: demographic, personal circumstance, social relation, general politics or religion; optional v66 unavailable in Ukraine"
2008,V73,Optional Q4 Personal sacrifice as expression of faith,False,,"Not a general market/state attitude: demographic, personal circumstance, social relation, general politics or religion; optional v66 unavailable in Ukraine"
2008,V74,Optional Q5a Picture of God: Mother - Father,False,,"Not a general market/state attitude: demographic, personal circumstance, social relation, general politics or religion; optional v66 unavailable in Ukraine"
2008,V75,Optional Q5b Picture of God: Master - Spouse,False,,"Not a general market/state attitude: demographic, personal circumstance, social relation, general politics or religion; optional v66 unavailable in Ukraine"
2008,V76,Optional Q5c Picture of God: Judge - Lover,False,,"Not a general market/state attitude: demographic, personal circumstance, social relation, general politics or religion; optional v66 unavailable in Ukraine"
2008,V77,Optional Q5d Picture of God: Friend - King,False,,"Not a general market/state attitude: demographic, personal circumstance, social relation, general politics or religion; optional v66 unavailable in Ukraine"
2008,V78,Optional Q6a Good luck charms do bring good luck,False,,"Not a general market/state attitude: demographic, personal circumstance, social relation, general politics or religion; optional v66 unavailable in Ukraine"
2008,V79,Optional Q6b Fortune tellers can see future,False,,"Not a general market/state attitude: demographic, personal circumstance, social relation, general politics or religion; optional v66 unavailable in Ukraine"
2008,V80,Optional Q6c Faithhealers have God-given healing powers,False,,"Not a general market/state attitude: demographic, personal circumstance, social relation, general politics or religion; optional v66 unavailable in Ukraine"
2008,V81,Optional Q6d Horoscope affect course of future,False,,"Not a general market/state attitude: demographic, personal circumstance, social relation, general politics or religion; optional v66 unavailable in Ukraine"
2008,V82,Optional Q7 Law conflicts with religious principles,False,,"Not a general market/state attitude: demographic, personal circumstance, social relation, general politics or religion; optional v66 unavailable in Ukraine"
2008,V83,Optional Q8a Personal attitude towards Christians,False,,"Not a general market/state attitude: demographic, personal circumstance, social relation, general politics or religion; optional v66 unavailable in Ukraine"
2008,V84,Optional Q8b Personal attitude towards Muslims,False,,"Not a general market/state attitude: demographic, personal circumstance, social relation, general politics or religion; optional v66 unavailable in Ukraine"
2008,V85,Optional Q8c Personal attitude towards Hindus,False,,"Not a general market/state attitude: demographic, personal circumstance, social relation, general politics or religion; optional v66 unavailable in Ukraine"
2008,V86,Optional Q8d Personal attitude towards Buddhists,False,,"Not a general market/state attitude: demographic, personal circumstance, social relation, general politics or religion; optional v66 unavailable in Ukraine"
2008,V87,Optional Q8e Personal attitude towards Jews,False,,"Not a general market/state attitude: demographic, personal circumstance, social relation, general politics or religion; optional v66 unavailable in Ukraine"
2008,V88,Optional Q8f Personal attitude towards Atheists or non-believers,False,,"Not a general market/state attitude: demographic, personal circumstance, social relation, general politics or religion; optional v66 unavailable in Ukraine"
2008,SEX,R: Sex,False,,"Not a general market/state attitude: demographic, personal circumstance, social relation, general politics or religion; optional v66 unavailable in Ukraine"
2008,AGE,R: Age,False,,"Not a general market/state attitude: demographic, personal circumstance, social relation, general politics or religion; optional v66 unavailable in Ukraine"
2008,MARITAL,R: Marital status,False,,"Not a general market/state attitude: demographic, personal circumstance, social relation, general politics or religion; optional v66 unavailable in Ukraine"
2008,COHAB,R: Steady life-partner,False,,"Not a general market/state attitude: demographic, personal circumstance, social relation, general politics or religion; optional v66 unavailable in Ukraine"
2008,EDUCYRS,R: Education I: years of schooling,False,,"Not a general market/state attitude: demographic, personal circumstance, social relation, general politics or religion; optional v66 unavailable in Ukraine"
2008,DEGREE,R: Education II-highest education level,False,,"Not a general market/state attitude: demographic, personal circumstance, social relation, general politics or religion; optional v66 unavailable in Ukraine"
2008,AT_DEGR,Country specific education: Austria,False,,"Not a general market/state attitude: demographic, personal circumstance, social relation, general politics or religion; optional v66 unavailable in Ukraine"
2008,AU_DEGR,Country specific education: Australia,False,,"Not a general market/state attitude: demographic, personal circumstance, social relation, general politics or religion; optional v66 unavailable in Ukraine"
2008,BE_DEGR,Country specific education: Belgium/ Flanders (BE-FLA),False,,"Not a general market/state attitude: demographic, personal circumstance, social relation, general politics or religion; optional v66 unavailable in Ukraine"
2008,CH_DEGR,Country specific education: Switzerland,False,,"Not a general market/state attitude: demographic, personal circumstance, social relation, general politics or religion; optional v66 unavailable in Ukraine"
2008,CL_DEGR,Country specific education: Rep.o Chile,False,,"Not a general market/state attitude: demographic, personal circumstance, social relation, general politics or religion; optional v66 unavailable in Ukraine"
2008,CY_DEGR,Country specific education: Cyprus,False,,"Not a general market/state attitude: demographic, personal circumstance, social relation, general politics or religion; optional v66 unavailable in Ukraine"
2008,CZ_DEGR,Country specific education: Czech Republic,False,,"Not a general market/state attitude: demographic, personal circumstance, social relation, general politics or religion; optional v66 unavailable in Ukraine"
2008,DE_DEGR,Country specific education: Germany,False,,"Not a general market/state attitude: demographic, personal circumstance, social relation, general politics or religion; optional v66 unavailable in Ukraine"
2008,DK_DEGR,Country specific education: Denmark,False,,"Not a general market/state attitude: demographic, personal circumstance, social relation, general politics or religion; optional v66 unavailable in Ukraine"
2008,DO_DEGR,Country specific education: Dominican Republic,False,,"Not a general market/state attitude: demographic, personal circumstance, social relation, general politics or religion; optional v66 unavailable in Ukraine"
2008,ES_DEGR,Country specific education: Spain,False,,"Not a general market/state attitude: demographic, personal circumstance, social relation, general politics or religion; optional v66 unavailable in Ukraine"
2008,FI_DEGR,Country specific education: Finland,False,,"Not a general market/state attitude: demographic, personal circumstance, social relation, general politics or religion; optional v66 unavailable in Ukraine"
2008,FR_DEGR,Country specific education: France,False,,"Not a general market/state attitude: demographic, personal circumstance, social relation, general politics or religion; optional v66 unavailable in Ukraine"
2008,GB_DEGR,Country specific education: Great Britain (GB-GBN),False,,"Not a general market/state attitude: demographic, personal circumstance, social relation, general politics or religion; optional v66 unavailable in Ukraine"
2008,HR_DEGR,Country specific education: Croatia,False,,"Not a general market/state attitude: demographic, personal circumstance, social relation, general politics or religion; optional v66 unavailable in Ukraine"
2008,HU_DEGR,Country specific education: Hungary,False,,"Not a general market/state attitude: demographic, personal circumstance, social relation, general politics or religion; optional v66 unavailable in Ukraine"
2008,IE_DEGR,Country specific education: Ireland,False,,"Not a general market/state attitude: demographic, personal circumstance, social relation, general politics or religion; optional v66 unavailable in Ukraine"
2008,IL_DEGR,Country specific education: Israel,False,,"Not a general market/state attitude: demographic, personal circumstance, social relation, general politics or religion; optional v66 unavailable in Ukraine"
2008,IT_DEGR,Country specific education: Italy,False,,"Not a general market/state attitude: demographic, personal circumstance, social relation, general politics or religion; optional v66 unavailable in Ukraine"
2008,JP_DEGR,Country specific education: Japan,False,,"Not a general market/state attitude: demographic, personal circumstance, social relation, general politics or religion; optional v66 unavailable in Ukraine"
2008,KR_DEGR,Country specific education: South Korea,False,,"Not a general market/state attitude: demographic, personal circumstance, social relation, general politics or religion; optional v66 unavailable in Ukraine"
2008,LV_DEGR,Country specific education: Latvia,False,,"Not a general market/state attitude: demographic, personal circumstance, social relation, general politics or religion; optional v66 unavailable in Ukraine"
2008,MX_DEGR,Country specific education: Mexico,False,,"Not a general market/state attitude: demographic, personal circumstance, social relation, general politics or religion; optional v66 unavailable in Ukraine"
2008,NIR_DEGR,Country specific education: Northern Ireland (GB-NIR),False,,"Not a general market/state attitude: demographic, personal circumstance, social relation, general politics or religion; optional v66 unavailable in Ukraine"
2008,NL_DEGR,Country specific education: Netherlands,False,,"Not a general market/state attitude: demographic, personal circumstance, social relation, general politics or religion; optional v66 unavailable in Ukraine"
2008,NO_DEGR,Country specific education: Norway,False,,"Not a general market/state attitude: demographic, personal circumstance, social relation, general politics or religion; optional v66 unavailable in Ukraine"
2008,NZ_DEGR,Country specific education: New Zealand,False,,"Not a general market/state attitude: demographic, personal circumstance, social relation, general politics or religion; optional v66 unavailable in Ukraine"
2008,PH_DEGR,Country specific education: Philippines,False,,"Not a general market/state attitude: demographic, personal circumstance, social relation, general politics or religion; optional v66 unavailable in Ukraine"
2008,PL_DEGR,Country specific education: Poland,False,,"Not a general market/state attitude: demographic, personal circumstance, social relation, general politics or religion; optional v66 unavailable in Ukraine"
2008,PT_DEGR,Country specific education: Portugal,False,,"Not a general market/state attitude: demographic, personal circumstance, social relation, general politics or religion; optional v66 unavailable in Ukraine"
2008,RU_DEGR,Country specific education: Russia,False,,"Not a general market/state attitude: demographic, personal circumstance, social relation, general politics or religion; optional v66 unavailable in Ukraine"
2008,SE_DEGR,Country specific education: Sweden,False,,"Not a general market/state attitude: demographic, personal circumstance, social relation, general politics or religion; optional v66 unavailable in Ukraine"
2008,SI_DEGR,Country specific education: Slovenia,False,,"Not a general market/state attitude: demographic, personal circumstance, social relation, general politics or religion; optional v66 unavailable in Ukraine"
2008,SK_DEGR,Country specific education: Slovakia,False,,"Not a general market/state attitude: demographic, personal circumstance, social relation, general politics or religion; optional v66 unavailable in Ukraine"
2008,TR_DEGR,Country specific education: Turkey,False,,"Not a general market/state attitude: demographic, personal circumstance, social relation, general politics or religion; optional v66 unavailable in Ukraine"
2008,TW_DEGR,Country specific education: Taiwan,False,,"Not a general market/state attitude: demographic, personal circumstance, social relation, general politics or religion; optional v66 unavailable in Ukraine"
2008,UA_DEGR,Country specific education: Ukraine,False,,"Not a general market/state attitude: demographic, personal circumstance, social relation, general politics or religion; optional v66 unavailable in Ukraine"
2008,US_DEGR,Country specific education: United States,False,,"Not a general market/state attitude: demographic, personal circumstance, social relation, general politics or religion; optional v66 unavailable in Ukraine"
2008,UY_DEGR,Country specific education: Uruguay,False,,"Not a general market/state attitude: demographic, personal circumstance, social relation, general politics or religion; optional v66 unavailable in Ukraine"
2008,VE_DEGR,Country specific education: Venezuela,False,,"Not a general market/state attitude: demographic, personal circumstance, social relation, general politics or religion; optional v66 unavailable in Ukraine"
2008,ZA_DEGR,Country specific education:South Africa,False,,"Not a general market/state attitude: demographic, personal circumstance, social relation, general politics or religion; optional v66 unavailable in Ukraine"
2008,WRKST,R: Current employment status,False,,"Not a general market/state attitude: demographic, personal circumstance, social relation, general politics or religion; optional v66 unavailable in Ukraine"
2008,WRKHRS,R: Hours worked weekly,False,,"Not a general market/state attitude: demographic, personal circumstance, social relation, general politics or religion; optional v66 unavailable in Ukraine"
2008,ISCO88,"R: Occupation ILO,ISCO 1988 4-digit",False,,"Not a general market/state attitude: demographic, personal circumstance, social relation, general politics or religion; optional v66 unavailable in Ukraine"
2008,WRKTYPE,"R: Workg f priv.,pub sector, selfempl.",False,,"Not a general market/state attitude: demographic, personal circumstance, social relation, general politics or religion; optional v66 unavailable in Ukraine"
2008,NEMPLOY,R: Self-employed - number of employees,False,,"Not a general market/state attitude: demographic, personal circumstance, social relation, general politics or religion; optional v66 unavailable in Ukraine"
2008,WRKSUP,R: Supervises others at work,False,,"Not a general market/state attitude: demographic, personal circumstance, social relation, general politics or religion; optional v66 unavailable in Ukraine"
2008,UNION,R: Trade union membership,False,,"Not a general market/state attitude: demographic, personal circumstance, social relation, general politics or religion; optional v66 unavailable in Ukraine"
2008,SPWRKST,S-P: Current employment status,False,,"Not a general market/state attitude: demographic, personal circumstance, social relation, general politics or religion; optional v66 unavailable in Ukraine"
2008,SPISCO88,"S-P: Occupation ILO,ISCO 1988 4-digit",False,,"Not a general market/state attitude: demographic, personal circumstance, social relation, general politics or religion; optional v66 unavailable in Ukraine"
2008,SPWRKTYP,"S-P:Workg f priv,pub sector,self-empl.",False,,"Not a general market/state attitude: demographic, personal circumstance, social relation, general politics or religion; optional v66 unavailable in Ukraine"
2008,AT_RINC,R: Earnings: Austria,False,,"Not a general market/state attitude: demographic, personal circumstance, social relation, general politics or religion; optional v66 unavailable in Ukraine"
2008,AU_RINC,R: Earnings: Australia,False,,"Not a general market/state attitude: demographic, personal circumstance, social relation, general politics or religion; optional v66 unavailable in Ukraine"
2008,BE_RINC,R: Earnings: Belgium/ Flanders (BE-FLA),False,,"Not a general market/state attitude: demographic, personal circumstance, social relation, general politics or religion; optional v66 unavailable in Ukraine"
2008,CH_RINC,R: Earnings: Switzerland,False,,"Not a general market/state attitude: demographic, personal circumstance, social relation, general politics or religion; optional v66 unavailable in Ukraine"
2008,CL_RINC,R: Earnings: Chile,False,,"Not a general market/state attitude: demographic, personal circumstance, social relation, general politics or religion; optional v66 unavailable in Ukraine"
2008,CY_RINC,R: Earnings: Cyprus,False,,"Not a general market/state attitude: demographic, personal circumstance, social relation, general politics or religion; optional v66 unavailable in Ukraine"
2008,CZ_RINC,R: Earnings: Czech Republic,False,,"Not a general market/state attitude: demographic, personal circumstance, social relation, general politics or religion; optional v66 unavailable in Ukraine"
2008,DE_RINC,R: Earnings: Germany,False,,"Not a general market/state attitude: demographic, personal circumstance, social relation, general politics or religion; optional v66 unavailable in Ukraine"
2008,DK_RINC,R: Earnings: Denmark,False,,"Not a general market/state attitude: demographic, personal circumstance, social relation, general politics or religion; optional v66 unavailable in Ukraine"
2008,DO_RINC,R: Earnings: Dominican Republic,False,,"Not a general market/state attitude: demographic, personal circumstance, social relation, general politics or religion; optional v66 unavailable in Ukraine"
2008,ES_RINC,R: Earnings: Spain,False,,"Not a general market/state attitude: demographic, personal circumstance, social relation, general politics or religion; optional v66 unavailable in Ukraine"
2008,FI_RINC,R: Earnings: Finland,False,,"Not a general market/state attitude: demographic, personal circumstance, social relation, general politics or religion; optional v66 unavailable in Ukraine"
2008,FR_RINC,R: Earnings: France,False,,"Not a general market/state attitude: demographic, personal circumstance, social relation, general politics or religion; optional v66 unavailable in Ukraine"
2008,GB_RINC,R: Earnings: Great Britain (GB-GBN),False,,"Not a general market/state attitude: demographic, personal circumstance, social relation, general politics or religion; optional v66 unavailable in Ukraine"
2008,HR_RINC,R: Earnings: Croatia,False,,"Not a general market/state attitude: demographic, personal circumstance, social relation, general politics or religion; optional v66 unavailable in Ukraine"
2008,HU_RINC,R: Earnings: Hungary,False,,"Not a general market/state attitude: demographic, personal circumstance, social relation, general politics or religion; optional v66 unavailable in Ukraine"
2008,IE_RINC,R: Earnings: Ireland,False,,"Not a general market/state attitude: demographic, personal circumstance, social relation, general politics or religion; optional v66 unavailable in Ukraine"
2008,IL_RINC,R: Earnings: Israel,False,,"Not a general market/state attitude: demographic, personal circumstance, social relation, general politics or religion; optional v66 unavailable in Ukraine"
2008,IT_RINC,R: Earnings: Italy,False,,"Not a general market/state attitude: demographic, personal circumstance, social relation, general politics or religion; optional v66 unavailable in Ukraine"
2008,JP_RINC,R: Earnings: Japan,False,,"Not a general market/state attitude: demographic, personal circumstance, social relation, general politics or religion; optional v66 unavailable in Ukraine"
2008,KR_RINC,R: Earnings: South Korea,False,,"Not a general market/state attitude: demographic, personal circumstance, social relation, general politics or religion; optional v66 unavailable in Ukraine"
2008,LV_RINC,R: Earnings: Latvia,False,,"Not a general market/state attitude: demographic, personal circumstance, social relation, general politics or religion; optional v66 unavailable in Ukraine"
2008,MX_RINC,R: Earnings: Mexico,False,,"Not a general market/state attitude: demographic, personal circumstance, social relation, general politics or religion; optional v66 unavailable in Ukraine"
2008,NIR_RINC,R: Earnings: Northern Ireland (GB-NIR),False,,"Not a general market/state attitude: demographic, personal circumstance, social relation, general politics or religion; optional v66 unavailable in Ukraine"
2008,NL_RINC,R: Earnings: Netherlands,False,,"Not a general market/state attitude: demographic, personal circumstance, social relation, general politics or religion; optional v66 unavailable in Ukraine"
2008,NO_RINC,R: Earnings: Norway,False,,"Not a general market/state attitude: demographic, personal circumstance, social relation, general politics or religion; optional v66 unavailable in Ukraine"
2008,NZ_RINC,R: Earnings: New Zealand,False,,"Not a general market/state attitude: demographic, personal circumstance, social relation, general politics or religion; optional v66 unavailable in Ukraine"
2008,PH_RINC,R: Earnings: Philippines,False,,"Not a general market/state attitude: demographic, personal circumstance, social relation, general politics or religion; optional v66 unavailable in Ukraine"
2008,PL_RINC,R: Earnings: Poland,False,,"Not a general market/state attitude: demographic, personal circumstance, social relation, general politics or religion; optional v66 unavailable in Ukraine"
2008,PT_RINC,R: Earnings: Portugal,False,,"Not a general market/state attitude: demographic, personal circumstance, social relation, general politics or religion; optional v66 unavailable in Ukraine"
2008,RU_RINC,R: Earnings: Russia,False,,"Not a general market/state attitude: demographic, personal circumstance, social relation, general politics or religion; optional v66 unavailable in Ukraine"
2008,SE_RINC,R: Earnings: Sweden,False,,"Not a general market/state attitude: demographic, personal circumstance, social relation, general politics or religion; optional v66 unavailable in Ukraine"
2008,SI_RINC,R: Earnings: Slovenia,False,,"Not a general market/state attitude: demographic, personal circumstance, social relation, general politics or religion; optional v66 unavailable in Ukraine"
2008,SK_RINC,R: Earnings: Slovakia,False,,"Not a general market/state attitude: demographic, personal circumstance, social relation, general politics or religion; optional v66 unavailable in Ukraine"
2008,TR_RINC,R: Earnings: Turkey,False,,"Not a general market/state attitude: demographic, personal circumstance, social relation, general politics or religion; optional v66 unavailable in Ukraine"
2008,TW_RINC,R: Earnings: Taiwan,False,,"Not a general market/state attitude: demographic, personal circumstance, social relation, general politics or religion; optional v66 unavailable in Ukraine"
2008,UA_RINC,R: Earnings: Ukraine,False,,"Not a general market/state attitude: demographic, personal circumstance, social relation, general politics or religion; optional v66 unavailable in Ukraine"
2008,US_RINC,R: Earnings: United States,False,,"Not a general market/state attitude: demographic, personal circumstance, social relation, general politics or religion; optional v66 unavailable in Ukraine"
2008,UY_RINC,R: Earnings: Uruguay,False,,"Not a general market/state attitude: demographic, personal circumstance, social relation, general politics or religion; optional v66 unavailable in Ukraine"
2008,VE_RINC,R: Earnings: Venezuela,False,,"Not a general market/state attitude: demographic, personal circumstance, social relation, general politics or religion; optional v66 unavailable in Ukraine"
2008,ZA_RINC,R: Earnings: South Africa,False,,"Not a general market/state attitude: demographic, personal circumstance, social relation, general politics or religion; optional v66 unavailable in Ukraine"
2008,AT_INC,Family income: Austria,False,,"Not a general market/state attitude: demographic, personal circumstance, social relation, general politics or religion; optional v66 unavailable in Ukraine"
2008,AU_INC,Family income: Australia,False,,"Not a general market/state attitude: demographic, personal circumstance, social relation, general politics or religion; optional v66 unavailable in Ukraine"
2008,BE_INC,Family income: Belgium/ Flanders (BE-FLA),False,,"Not a general market/state attitude: demographic, personal circumstance, social relation, general politics or religion; optional v66 unavailable in Ukraine"
2008,CH_INC,Family income: Switzerland,False,,"Not a general market/state attitude: demographic, personal circumstance, social relation, general politics or religion; optional v66 unavailable in Ukraine"
2008,CL_INC,Family income: Chile,False,,"Not a general market/state attitude: demographic, personal circumstance, social relation, general politics or religion; optional v66 unavailable in Ukraine"
2008,CY_INC,Family income: Cyprus,False,,"Not a general market/state attitude: demographic, personal circumstance, social relation, general politics or religion; optional v66 unavailable in Ukraine"
2008,CZ_INC,Family income: Czech Republic,False,,"Not a general market/state attitude: demographic, personal circumstance, social relation, general politics or religion; optional v66 unavailable in Ukraine"
2008,DE_INC,Family income: Germany,False,,"Not a general market/state attitude: demographic, personal circumstance, social relation, general politics or religion; optional v66 unavailable in Ukraine"
2008,DK_INC,Family income: Denmark,False,,"Not a general market/state attitude: demographic, personal circumstance, social relation, general politics or religion; optional v66 unavailable in Ukraine"
2008,DO_INC,Family income: Dominican Republic,False,,"Not a general market/state attitude: demographic, personal circumstance, social relation, general politics or religion; optional v66 unavailable in Ukraine"
2008,ES_INC,Family income: Spain,False,,"Not a general market/state attitude: demographic, personal circumstance, social relation, general politics or religion; optional v66 unavailable in Ukraine"
2008,FI_INC,Family income: Finland,False,,"Not a general market/state attitude: demographic, personal circumstance, social relation, general politics or religion; optional v66 unavailable in Ukraine"
2008,FR_INC,Family income: France,False,,"Not a general market/state attitude: demographic, personal circumstance, social relation, general politics or religion; optional v66 unavailable in Ukraine"
2008,GB_INC,Family income: Great Britain (GB-GBN),False,,"Not a general market/state attitude: demographic, personal circumstance, social relation, general politics or religion; optional v66 unavailable in Ukraine"
2008,HR_INC,Family income: Croatia,False,,"Not a general market/state attitude: demographic, personal circumstance, social relation, general politics or religion; optional v66 unavailable in Ukraine"
2008,HU_INC,Family income: Hungary,False,,"Not a general market/state attitude: demographic, personal circumstance, social relation, general politics or religion; optional v66 unavailable in Ukraine"
2008,IE_INC,Family income: Ireland,False,,"Not a general market/state attitude: demographic, personal circumstance, social relation, general politics or religion; optional v66 unavailable in Ukraine"
2008,IL_INC,Family income: Israel,False,,"Not a general market/state attitude: demographic, personal circumstance, social relation, general politics or religion; optional v66 unavailable in Ukraine"
2008,IT_INC,Family income: Italy,False,,"Not a general market/state attitude: demographic, personal circumstance, social relation, general politics or religion; optional v66 unavailable in Ukraine"
2008,JP_INC,Family income: Japan,False,,"Not a general market/state attitude: demographic, personal circumstance, social relation, general politics or religion; optional v66 unavailable in Ukraine"
2008,KR_INC,Family income: South Korea,False,,"Not a general market/state attitude: demographic, personal circumstance, social relation, general politics or religion; optional v66 unavailable in Ukraine"
2008,LV_INC,Family income: Latvia,False,,"Not a general market/state attitude: demographic, personal circumstance, social relation, general politics or religion; optional v66 unavailable in Ukraine"
2008,MX_INC,Family income: Mexico,False,,"Not a general market/state attitude: demographic, personal circumstance, social relation, general politics or religion; optional v66 unavailable in Ukraine"
2008,NIR_INC,Family income: Northern Ireland (GB-NIR),False,,"Not a general market/state attitude: demographic, personal circumstance, social relation, general politics or religion; optional v66 unavailable in Ukraine"
2008,NL_INC,Family income: Netherlands,False,,"Not a general market/state attitude: demographic, personal circumstance, social relation, general politics or religion; optional v66 unavailable in Ukraine"
2008,NO_INC,Family income: Norway,False,,"Not a general market/state attitude: demographic, personal circumstance, social relation, general politics or religion; optional v66 unavailable in Ukraine"
2008,NZ_INC,Family income: New Zealand,False,,"Not a general market/state attitude: demographic, personal circumstance, social relation, general politics or religion; optional v66 unavailable in Ukraine"
2008,PH_INC,Family income: Philippines,False,,"Not a general market/state attitude: demographic, personal circumstance, social relation, general politics or religion; optional v66 unavailable in Ukraine"
2008,PL_INC,Family income: Poland,False,,"Not a general market/state attitude: demographic, personal circumstance, social relation, general politics or religion; optional v66 unavailable in Ukraine"
2008,PT_INC,Family income: Portugal,False,,"Not a general market/state attitude: demographic, personal circumstance, social relation, general politics or religion; optional v66 unavailable in Ukraine"
2008,RU_INC,Family income: Russia,False,,"Not a general market/state attitude: demographic, personal circumstance, social relation, general politics or religion; optional v66 unavailable in Ukraine"
2008,SE_INC,Family income: Sweden,False,,"Not a general market/state attitude: demographic, personal circumstance, social relation, general politics or religion; optional v66 unavailable in Ukraine"
2008,SI_INC,Family income: Slovenia,False,,"Not a general market/state attitude: demographic, personal circumstance, social relation, general politics or religion; optional v66 unavailable in Ukraine"
2008,SK_INC,Family income: Slovakia,False,,"Not a general market/state attitude: demographic, personal circumstance, social relation, general politics or religion; optional v66 unavailable in Ukraine"
2008,TR_INC,Family income: Turkey,False,,"Not a general market/state attitude: demographic, personal circumstance, social relation, general politics or religion; optional v66 unavailable in Ukraine"
2008,TW_INC,Family income: Taiwan,False,,"Not a general market/state attitude: demographic, personal circumstance, social relation, general politics or religion; optional v66 unavailable in Ukraine"
2008,UA_INC,Family income: Ukraine,False,,"Not a general market/state attitude: demographic, personal circumstance, social relation, general politics or religion; optional v66 unavailable in Ukraine"
2008,US_INC,Family income: United States,False,,"Not a general market/state attitude: demographic, personal circumstance, social relation, general politics or religion; optional v66 unavailable in Ukraine"
2008,UY_INC,Family income: Uruguay,False,,"Not a general market/state attitude: demographic, personal circumstance, social relation, general politics or religion; optional v66 unavailable in Ukraine"
2008,VE_INC,Family income: Venezuela,False,,"Not a general market/state attitude: demographic, personal circumstance, social relation, general politics or religion; optional v66 unavailable in Ukraine"
2008,ZA_INC,Family income: South Africa,False,,"Not a general market/state attitude: demographic, personal circumstance, social relation, general politics or religion; optional v66 unavailable in Ukraine"
2008,HOMPOP,How many persons in household,False,,"Not a general market/state attitude: demographic, personal circumstance, social relation, general politics or religion; optional v66 unavailable in Ukraine"
2008,HHCYCLE,Household composition: children+adults,False,,"Not a general market/state attitude: demographic, personal circumstance, social relation, general politics or religion; optional v66 unavailable in Ukraine"
2008,PARTY_LR,R: Party affiliation: left-right (derived),False,,"Not a general market/state attitude: demographic, personal circumstance, social relation, general politics or religion; optional v66 unavailable in Ukraine"
2008,AT_PRTY,R: Party affiliation: Austria,False,,"Not a general market/state attitude: demographic, personal circumstance, social relation, general politics or religion; optional v66 unavailable in Ukraine"
2008,AU_PRTY,R: Party affiliation: Australia,False,,"Not a general market/state attitude: demographic, personal circumstance, social relation, general politics or religion; optional v66 unavailable in Ukraine"
2008,BE_PRTY,R: Party affiliation: Belgium/ Flanders (BE-FLA),False,,"Not a general market/state attitude: demographic, personal circumstance, social relation, general politics or religion; optional v66 unavailable in Ukraine"
2008,CH_PRTY,R: Party affiliation: Switzerland,False,,"Not a general market/state attitude: demographic, personal circumstance, social relation, general politics or religion; optional v66 unavailable in Ukraine"
2008,CL_PRTY,R: Party affiliation: Republic Chile,False,,"Not a general market/state attitude: demographic, personal circumstance, social relation, general politics or religion; optional v66 unavailable in Ukraine"
2008,CY_PRTY,R: Party affiliation: Cyprus,False,,"Not a general market/state attitude: demographic, personal circumstance, social relation, general politics or religion; optional v66 unavailable in Ukraine"
2008,CZ_PRTY,R: Party affiliation: Czech Republic,False,,"Not a general market/state attitude: demographic, personal circumstance, social relation, general politics or religion; optional v66 unavailable in Ukraine"
2008,DE_PRTY,R: Party affiliation: Germany,False,,"Not a general market/state attitude: demographic, personal circumstance, social relation, general politics or religion; optional v66 unavailable in Ukraine"
2008,DK_PRTY,R: Party affiliation: Denmark,False,,"Not a general market/state attitude: demographic, personal circumstance, social relation, general politics or religion; optional v66 unavailable in Ukraine"
2008,DO_PRTY,R: Party affiliation: Dominican Republic,False,,"Not a general market/state attitude: demographic, personal circumstance, social relation, general politics or religion; optional v66 unavailable in Ukraine"
2008,ES_PRTY,R: Party affiliation: Spain,False,,"Not a general market/state attitude: demographic, personal circumstance, social relation, general politics or religion; optional v66 unavailable in Ukraine"
2008,FI_PRTY,R: Party affiliation: Finland,False,,"Not a general market/state attitude: demographic, personal circumstance, social relation, general politics or religion; optional v66 unavailable in Ukraine"
2008,FR_PRTY,R: Party affiliation: France,False,,"Not a general market/state attitude: demographic, personal circumstance, social relation, general politics or religion; optional v66 unavailable in Ukraine"
2008,GB_PRTY,R: Party affiliation: Great Britain (GB-GBN),False,,"Not a general market/state attitude: demographic, personal circumstance, social relation, general politics or religion; optional v66 unavailable in Ukraine"
2008,HR_PRTY,R: Party affiliation: Croatia,False,,"Not a general market/state attitude: demographic, personal circumstance, social relation, general politics or religion; optional v66 unavailable in Ukraine"
2008,HU_PRTY,R: Party affiliation: Hungary,False,,"Not a general market/state attitude: demographic, personal circumstance, social relation, general politics or religion; optional v66 unavailable in Ukraine"
2008,IE_PRTY,R: Party affiliation: Ireland,False,,"Not a general market/state attitude: demographic, personal circumstance, social relation, general politics or religion; optional v66 unavailable in Ukraine"
2008,IL_PRTY,R: Party affiliation: Israel,False,,"Not a general market/state attitude: demographic, personal circumstance, social relation, general politics or religion; optional v66 unavailable in Ukraine"
2008,IT_PRTY,R: Party affiliation: Italy,False,,"Not a general market/state attitude: demographic, personal circumstance, social relation, general politics or religion; optional v66 unavailable in Ukraine"
2008,JP_PRTY,R: Party affiliation: Japan,False,,"Not a general market/state attitude: demographic, personal circumstance, social relation, general politics or religion; optional v66 unavailable in Ukraine"
2008,KR_PRTY,R: Party affiliation: South Korea,False,,"Not a general market/state attitude: demographic, personal circumstance, social relation, general politics or religion; optional v66 unavailable in Ukraine"
2008,LV_PRTY,R: Party affiliation: Latvia,False,,"Not a general market/state attitude: demographic, personal circumstance, social relation, general politics or religion; optional v66 unavailable in Ukraine"
2008,MX_PRTY,R: Party affiliation: Mexico,False,,"Not a general market/state attitude: demographic, personal circumstance, social relation, general politics or religion; optional v66 unavailable in Ukraine"
2008,NIR_PRTY,R: Party affiliation: Northern Ireland (GB-NIR),False,,"Not a general market/state attitude: demographic, personal circumstance, social relation, general politics or religion; optional v66 unavailable in Ukraine"
2008,NL_PRTY,R: Party affiliation: Netherlands,False,,"Not a general market/state attitude: demographic, personal circumstance, social relation, general politics or religion; optional v66 unavailable in Ukraine"
2008,NO_PRTY,R: Party affiliation: Norway,False,,"Not a general market/state attitude: demographic, personal circumstance, social relation, general politics or religion; optional v66 unavailable in Ukraine"
2008,NZ_PRTY,R: Party affiliation: New Zealand,False,,"Not a general market/state attitude: demographic, personal circumstance, social relation, general politics or religion; optional v66 unavailable in Ukraine"
2008,PH_PRTY,R: Party affiliation: Philippines,False,,"Not a general market/state attitude: demographic, personal circumstance, social relation, general politics or religion; optional v66 unavailable in Ukraine"
2008,PL_PRTY,R: Party affiliation: Poland,False,,"Not a general market/state attitude: demographic, personal circumstance, social relation, general politics or religion; optional v66 unavailable in Ukraine"
2008,PT_PRTY,R: Party affiliation: Portugal,False,,"Not a general market/state attitude: demographic, personal circumstance, social relation, general politics or religion; optional v66 unavailable in Ukraine"
2008,RU_PRTY,R: Party affiliation: Russia,False,,"Not a general market/state attitude: demographic, personal circumstance, social relation, general politics or religion; optional v66 unavailable in Ukraine"
2008,SE_PRTY,R: Party affiliation: Sweden,False,,"Not a general market/state attitude: demographic, personal circumstance, social relation, general politics or religion; optional v66 unavailable in Ukraine"
2008,SI_PRTY,R: Party affiliation: Slovenia,False,,"Not a general market/state attitude: demographic, personal circumstance, social relation, general politics or religion; optional v66 unavailable in Ukraine"
2008,SK_PRTY,R: Party affiliation: Slovakia,False,,"Not a general market/state attitude: demographic, personal circumstance, social relation, general politics or religion; optional v66 unavailable in Ukraine"
2008,TR_PRTY,R: Party affiliation: Turkey,False,,"Not a general market/state attitude: demographic, personal circumstance, social relation, general politics or religion; optional v66 unavailable in Ukraine"
2008,TW_PRTY,R: Party affiliation: Taiwan,False,,"Not a general market/state attitude: demographic, personal circumstance, social relation, general politics or religion; optional v66 unavailable in Ukraine"
2008,UA_PRTY,R: Party affiliation: Ukraine,False,,"Not a general market/state attitude: demographic, personal circumstance, social relation, general politics or religion; optional v66 unavailable in Ukraine"
2008,US_PRTY,R: Party affiliation: United States,False,,"Not a general market/state attitude: demographic, personal circumstance, social relation, general politics or religion; optional v66 unavailable in Ukraine"
2008,UY_PRTY,R: Party affiliation: Uruguay,False,,"Not a general market/state attitude: demographic, personal circumstance, social relation, general politics or religion; optional v66 unavailable in Ukraine"
2008,VE_PRTY,R: Party affiliation: Venezuela,False,,"Not a general market/state attitude: demographic, personal circumstance, social relation, general politics or religion; optional v66 unavailable in Ukraine"
2008,ZA_PRTY,R: Party affiliation: South Africa,False,,"Not a general market/state attitude: demographic, personal circumstance, social relation, general politics or religion; optional v66 unavailable in Ukraine"
2008,VOTE_LE,"R: Vote last election: yes, no",False,,"Not a general market/state attitude: demographic, personal circumstance, social relation, general politics or religion; optional v66 unavailable in Ukraine"
2008,RELIG,R: Religious denomination,False,,"Not a general market/state attitude: demographic, personal circumstance, social relation, general politics or religion; optional v66 unavailable in Ukraine"
2008,RELIGGRP,R: Religious main groups (derived),False,,"Not a general market/state attitude: demographic, personal circumstance, social relation, general politics or religion; optional v66 unavailable in Ukraine"
2008,ATTEND,R: Attendance of religious services,False,,"Not a general market/state attitude: demographic, personal circumstance, social relation, general politics or religion; optional v66 unavailable in Ukraine"
2008,ATTD_EXT,R: Attendance of religious services: extended 9 pt answer scale,False,,"Not a general market/state attitude: demographic, personal circumstance, social relation, general politics or religion; optional v66 unavailable in Ukraine"
2008,TOPBOT,R: Top Bottom self-placement 10 pt scale,False,,"Not a general market/state attitude: demographic, personal circumstance, social relation, general politics or religion; optional v66 unavailable in Ukraine"
2008,AT_REG,Region: Austria,False,,"Not a general market/state attitude: demographic, personal circumstance, social relation, general politics or religion; optional v66 unavailable in Ukraine"
2008,AU_REG,Region: Australia,False,,"Not a general market/state attitude: demographic, personal circumstance, social relation, general politics or religion; optional v66 unavailable in Ukraine"
2008,BE_REG,Region: Belgium/ Flanders (BE-FLA),False,,"Not a general market/state attitude: demographic, personal circumstance, social relation, general politics or religion; optional v66 unavailable in Ukraine"
2008,CH_REG,Region: Switzerland,False,,"Not a general market/state attitude: demographic, personal circumstance, social relation, general politics or religion; optional v66 unavailable in Ukraine"
2008,CL_REG,Region: Republic of Chile,False,,"Not a general market/state attitude: demographic, personal circumstance, social relation, general politics or religion; optional v66 unavailable in Ukraine"
2008,CY_REG,Region: Cyprus,False,,"Not a general market/state attitude: demographic, personal circumstance, social relation, general politics or religion; optional v66 unavailable in Ukraine"
2008,CZ_REG,Region: Czech Republic,False,,"Not a general market/state attitude: demographic, personal circumstance, social relation, general politics or religion; optional v66 unavailable in Ukraine"
2008,DE_REG,Region: Germany,False,,"Not a general market/state attitude: demographic, personal circumstance, social relation, general politics or religion; optional v66 unavailable in Ukraine"
2008,DK_REG,Region: Denmark,False,,"Not a general market/state attitude: demographic, personal circumstance, social relation, general politics or religion; optional v66 unavailable in Ukraine"
2008,DO_REG,Region: Dominican Republic,False,,"Not a general market/state attitude: demographic, personal circumstance, social relation, general politics or religion; optional v66 unavailable in Ukraine"
2008,ES_REG,Region: Spain,False,,"Not a general market/state attitude: demographic, personal circumstance, social relation, general politics or religion; optional v66 unavailable in Ukraine"
2008,FI_REG,Region: Finland,False,,"Not a general market/state attitude: demographic, personal circumstance, social relation, general politics or religion; optional v66 unavailable in Ukraine"
2008,FR_REG,Region: France,False,,"Not a general market/state attitude: demographic, personal circumstance, social relation, general politics or religion; optional v66 unavailable in Ukraine"
2008,GB_REG,Region: Great Britain incl. added Northern Ireland,False,,"Not a general market/state attitude: demographic, personal circumstance, social relation, general politics or religion; optional v66 unavailable in Ukraine"
2008,HR_REG,Region: Croatia,False,,"Not a general market/state attitude: demographic, personal circumstance, social relation, general politics or religion; optional v66 unavailable in Ukraine"
2008,HU_REG,Region: Hungary,False,,"Not a general market/state attitude: demographic, personal circumstance, social relation, general politics or religion; optional v66 unavailable in Ukraine"
2008,IE_REG,Region: Ireland,False,,"Not a general market/state attitude: demographic, personal circumstance, social relation, general politics or religion; optional v66 unavailable in Ukraine"
2008,IL_REG,Region: Israel,False,,"Not a general market/state attitude: demographic, personal circumstance, social relation, general politics or religion; optional v66 unavailable in Ukraine"
2008,IT_REG,Region: Italy,False,,"Not a general market/state attitude: demographic, personal circumstance, social relation, general politics or religion; optional v66 unavailable in Ukraine"
2008,JP_REG,Region: Japan,False,,"Not a general market/state attitude: demographic, personal circumstance, social relation, general politics or religion; optional v66 unavailable in Ukraine"
2008,KR_REG,Region: South Korea,False,,"Not a general market/state attitude: demographic, personal circumstance, social relation, general politics or religion; optional v66 unavailable in Ukraine"
2008,LV_REG,Region: Latvia,False,,"Not a general market/state attitude: demographic, personal circumstance, social relation, general politics or religion; optional v66 unavailable in Ukraine"
2008,MX_REG,Region: Mexico,False,,"Not a general market/state attitude: demographic, personal circumstance, social relation, general politics or religion; optional v66 unavailable in Ukraine"
2008,NL_REG,Region: Netherlands,False,,"Not a general market/state attitude: demographic, personal circumstance, social relation, general politics or religion; optional v66 unavailable in Ukraine"
2008,NO_REG,Region: Norway,False,,"Not a general market/state attitude: demographic, personal circumstance, social relation, general politics or religion; optional v66 unavailable in Ukraine"
2008,NZ_REG,Region: New Zealand,False,,"Not a general market/state attitude: demographic, personal circumstance, social relation, general politics or religion; optional v66 unavailable in Ukraine"
2008,PH_REG,Region: Philippines,False,,"Not a general market/state attitude: demographic, personal circumstance, social relation, general politics or religion; optional v66 unavailable in Ukraine"
2008,PL_REG,Region: Poland,False,,"Not a general market/state attitude: demographic, personal circumstance, social relation, general politics or religion; optional v66 unavailable in Ukraine"
2008,PT_REG,Region: Portugal,False,,"Not a general market/state attitude: demographic, personal circumstance, social relation, general politics or religion; optional v66 unavailable in Ukraine"
2008,RU_REG,Region: Russia,False,,"Not a general market/state attitude: demographic, personal circumstance, social relation, general politics or religion; optional v66 unavailable in Ukraine"
2008,SE_REG,Region: Sweden,False,,"Not a general market/state attitude: demographic, personal circumstance, social relation, general politics or religion; optional v66 unavailable in Ukraine"
2008,SI_REG,Region: Slovenia,False,,"Not a general market/state attitude: demographic, personal circumstance, social relation, general politics or religion; optional v66 unavailable in Ukraine"
2008,SK_REG,Region: Slovakia,False,,"Not a general market/state attitude: demographic, personal circumstance, social relation, general politics or religion; optional v66 unavailable in Ukraine"
2008,TR_REG,Region: Turkey,False,,"Not a general market/state attitude: demographic, personal circumstance, social relation, general politics or religion; optional v66 unavailable in Ukraine"
2008,TW_REG,Region: Taiwan,False,,"Not a general market/state attitude: demographic, personal circumstance, social relation, general politics or religion; optional v66 unavailable in Ukraine"
2008,UA_REG,Region: Ukraine,False,,"Not a general market/state attitude: demographic, personal circumstance, social relation, general politics or religion; optional v66 unavailable in Ukraine"
2008,US_REG,Region: United States,False,,"Not a general market/state attitude: demographic, personal circumstance, social relation, general politics or religion; optional v66 unavailable in Ukraine"
2008,UY_REG,Region: Uruguay,False,,"Not a general market/state attitude: demographic, personal circumstance, social relation, general politics or religion; optional v66 unavailable in Ukraine"
2008,VE_REG,Region: Venezuela,False,,"Not a general market/state attitude: demographic, personal circumstance, social relation, general politics or religion; optional v66 unavailable in Ukraine"
2008,ZA_REG,Region: South Africa,False,,"Not a general market/state attitude: demographic, personal circumstance, social relation, general politics or religion; optional v66 unavailable in Ukraine"
2008,AT_SIZE,Size of community: Austria,False,,"Not a general market/state attitude: demographic, personal circumstance, social relation, general politics or religion; optional v66 unavailable in Ukraine"
2008,AU_SIZE,Size of community: Australia,False,,"Not a general market/state attitude: demographic, personal circumstance, social relation, general politics or religion; optional v66 unavailable in Ukraine"
2008,BE_SIZE,Size of community: Belgium/ Flanders (BE-FLA),False,,"Not a general market/state attitude: demographic, personal circumstance, social relation, general politics or religion; optional v66 unavailable in Ukraine"
2008,CH_SIZE,Size of community: Switzerland,False,,"Not a general market/state attitude: demographic, personal circumstance, social relation, general politics or religion; optional v66 unavailable in Ukraine"
2008,CL_SIZE,Size of community: Republic of Chile,False,,"Not a general market/state attitude: demographic, personal circumstance, social relation, general politics or religion; optional v66 unavailable in Ukraine"
2008,CY_SIZE,Size of community: Cyprus,False,,"Not a general market/state attitude: demographic, personal circumstance, social relation, general politics or religion; optional v66 unavailable in Ukraine"
2008,CZ_SIZE,Size of community: Czech Republic,False,,"Not a general market/state attitude: demographic, personal circumstance, social relation, general politics or religion; optional v66 unavailable in Ukraine"
2008,DE_SIZE,Size of community: Germany,False,,"Not a general market/state attitude: demographic, personal circumstance, social relation, general politics or religion; optional v66 unavailable in Ukraine"
2008,DK_SIZE,Size of community: Denmark,False,,"Not a general market/state attitude: demographic, personal circumstance, social relation, general politics or religion; optional v66 unavailable in Ukraine"
2008,DO_SIZE,Size of community: Dominican Republic,False,,"Not a general market/state attitude: demographic, personal circumstance, social relation, general politics or religion; optional v66 unavailable in Ukraine"
2008,ES_SIZE,Size of community: Spain,False,,"Not a general market/state attitude: demographic, personal circumstance, social relation, general politics or religion; optional v66 unavailable in Ukraine"
2008,FI_SIZE,Size of community: Finland,False,,"Not a general market/state attitude: demographic, personal circumstance, social relation, general politics or religion; optional v66 unavailable in Ukraine"
2008,FR_SIZE,Size of community: France,False,,"Not a general market/state attitude: demographic, personal circumstance, social relation, general politics or religion; optional v66 unavailable in Ukraine"
2008,GB_SIZE,Size of community: Great Britain (GB-GBN),False,,"Not a general market/state attitude: demographic, personal circumstance, social relation, general politics or religion; optional v66 unavailable in Ukraine"
2008,HR_SIZE,Size of community: Croatia,False,,"Not a general market/state attitude: demographic, personal circumstance, social relation, general politics or religion; optional v66 unavailable in Ukraine"
2008,HU_SIZE,Size of community: Hungary,False,,"Not a general market/state attitude: demographic, personal circumstance, social relation, general politics or religion; optional v66 unavailable in Ukraine"
2008,IE_SIZE,Size of community: Ireland,False,,"Not a general market/state attitude: demographic, personal circumstance, social relation, general politics or religion; optional v66 unavailable in Ukraine"
2008,IL_SIZE,Size of community: Israel,False,,"Not a general market/state attitude: demographic, personal circumstance, social relation, general politics or religion; optional v66 unavailable in Ukraine"
2008,IT_SIZE,Size of community: Italy,False,,"Not a general market/state attitude: demographic, personal circumstance, social relation, general politics or religion; optional v66 unavailable in Ukraine"
2008,JP_SIZE,Size of community: Japan,False,,"Not a general market/state attitude: demographic, personal circumstance, social relation, general politics or religion; optional v66 unavailable in Ukraine"
2008,KR_SIZE,Size of community: South Korea,False,,"Not a general market/state attitude: demographic, personal circumstance, social relation, general politics or religion; optional v66 unavailable in Ukraine"
2008,LV_SIZE,Size of community: Latvia,False,,"Not a general market/state attitude: demographic, personal circumstance, social relation, general politics or religion; optional v66 unavailable in Ukraine"
2008,MX_SIZE,Size of community: Mexico,False,,"Not a general market/state attitude: demographic, personal circumstance, social relation, general politics or religion; optional v66 unavailable in Ukraine"
2008,NL_SIZE,Size of community: Netherlands,False,,"Not a general market/state attitude: demographic, personal circumstance, social relation, general politics or religion; optional v66 unavailable in Ukraine"
2008,NO_SIZE,Size of community: Norway,False,,"Not a general market/state attitude: demographic, personal circumstance, social relation, general politics or religion; optional v66 unavailable in Ukraine"
2008,NZ_SIZE,Size of community: New Zealand,False,,"Not a general market/state attitude: demographic, personal circumstance, social relation, general politics or religion; optional v66 unavailable in Ukraine"
2008,PH_SIZE,Size of community: Philippines,False,,"Not a general market/state attitude: demographic, personal circumstance, social relation, general politics or religion; optional v66 unavailable in Ukraine"
2008,PL_SIZE,Size of community: Poland,False,,"Not a general market/state attitude: demographic, personal circumstance, social relation, general politics or religion; optional v66 unavailable in Ukraine"
2008,PT_SIZE,Size of community: Portugal,False,,"Not a general market/state attitude: demographic, personal circumstance, social relation, general politics or religion; optional v66 unavailable in Ukraine"
2008,RU_SIZE,Size of community: Russia,False,,"Not a general market/state attitude: demographic, personal circumstance, social relation, general politics or religion; optional v66 unavailable in Ukraine"
2008,SE_SIZE,Size of community: Sweden,False,,"Not a general market/state attitude: demographic, personal circumstance, social relation, general politics or religion; optional v66 unavailable in Ukraine"
2008,SI_SIZE,Size of community: Slovenia,False,,"Not a general market/state attitude: demographic, personal circumstance, social relation, general politics or religion; optional v66 unavailable in Ukraine"
2008,SK_SIZE,Size of community: Slovakia,False,,"Not a general market/state attitude: demographic, personal circumstance, social relation, general politics or religion; optional v66 unavailable in Ukraine"
2008,TR_SIZE,Size of community: Turkey,False,,"Not a general market/state attitude: demographic, personal circumstance, social relation, general politics or religion; optional v66 unavailable in Ukraine"
2008,TW_SIZE,Size of community: Taiwan,False,,"Not a general market/state attitude: demographic, personal circumstance, social relation, general politics or religion; optional v66 unavailable in Ukraine"
2008,UA_SIZE,Size of community: Ukraine,False,,"Not a general market/state attitude: demographic, personal circumstance, social relation, general politics or religion; optional v66 unavailable in Ukraine"
2008,US_SIZE,Size of community: United States,False,,"Not a general market/state attitude: demographic, personal circumstance, social relation, general politics or religion; optional v66 unavailable in Ukraine"
2008,UY_SIZE,Size of community: Uruguay,False,,"Not a general market/state attitude: demographic, personal circumstance, social relation, general politics or religion; optional v66 unavailable in Ukraine"
2008,VE_SIZE,Size of community: Venezuela,False,,"Not a general market/state attitude: demographic, personal circumstance, social relation, general politics or religion; optional v66 unavailable in Ukraine"
2008,ZA_SIZE,Size of community: South Africa,False,,"Not a general market/state attitude: demographic, personal circumstance, social relation, general politics or religion; optional v66 unavailable in Ukraine"
2008,URBRURAL,Type of community: R.s self-assessment,False,,"Not a general market/state attitude: demographic, personal circumstance, social relation, general politics or religion; optional v66 unavailable in Ukraine"
2008,ETHNIC,"Family origin, ethnic group, identity",False,,"Not a general market/state attitude: demographic, personal circumstance, social relation, general politics or religion; optional v66 unavailable in Ukraine"
2008,MODE,Administrative mode of data-collection,False,,"Not a general market/state attitude: demographic, personal circumstance, social relation, general politics or religion; optional v66 unavailable in Ukraine"
2008,SUBSCASE,Case substitution flag,False,,"Not a general market/state attitude: demographic, personal circumstance, social relation, general politics or religion; optional v66 unavailable in Ukraine"
2008,WEIGHT,Weighting factor,False,,"Not a general market/state attitude: demographic, personal circumstance, social relation, general politics or religion; optional v66 unavailable in Ukraine"
2009,V1,ZA Study number,False,,"Not a general market/state attitude: demographic, personal circumstance, social relation, general politics or religion; optional v66 unavailable in Ukraine"
2009,V2,GESIS Archive Version,False,,"Not a general market/state attitude: demographic, personal circumstance, social relation, general politics or religion; optional v66 unavailable in Ukraine"
2009,DOI,Digital Object Identifier,False,,"Not a general market/state attitude: demographic, personal circumstance, social relation, general politics or religion; optional v66 unavailable in Ukraine"
2009,V3,Respondent Number,False,,"Not a general market/state attitude: demographic, personal circumstance, social relation, general politics or religion; optional v66 unavailable in Ukraine"
2009,V4,Country/Sample (see V5 for codes for whole nation states),False,,"Not a general market/state attitude: demographic, personal circumstance, social relation, general politics or religion; optional v66 unavailable in Ukraine"
2009,V5,Country (see V4 for codes for the sample),False,,"Not a general market/state attitude: demographic, personal circumstance, social relation, general politics or religion; optional v66 unavailable in Ukraine"
2009,C_ALPHAN,Country/Sample Prefix ISO 3166 Code - alphanumeric,False,,"Not a general market/state attitude: demographic, personal circumstance, social relation, general politics or religion; optional v66 unavailable in Ukraine"
2009,V6,Q1a Getting ahead: How important is coming from a wealthy family?,True,ahead_wealth,Economic attitude/belief
2009,V7,Q1b Getting ahead: How important is having well-educated parents?,True,ahead_parents,Economic attitude/belief
2009,V8,Q1c Getting ahead: How important is having a good education yourself?,True,ahead_education,Economic attitude/belief
2009,V9,Q1d Getting ahead: How Important is having ambition?,True,ahead_ambition,Economic attitude/belief
2009,V10,Q1e Getting ahead: How important is hard work?,True,ahead_work,Economic attitude/belief
2009,V11,Q1f Getting ahead: How important is knowing the right people?,True,ahead_connections,Economic attitude/belief
2009,V12,Q1g Getting ahead: How important is having political connections?,True,ahead_political,Economic attitude/belief
2009,V13,Q1h Getting ahead: How important is giving bribes?,True,ahead_bribes,Economic attitude/belief
2009,V14,Q1i Getting ahead: How important is a person's race?,True,ahead_race,Economic attitude/belief
2009,V15,Q1j Getting ahead: How important is a person's religion?,True,ahead_religion,Economic attitude/belief
2009,V16,Q1k Getting ahead: How important is being born a man or a woman?,True,ahead_gender,Economic attitude/belief
2009,V17,"Q2a Getting ahead: To get all the way to the top in [Rs country] today, you have to be corrupt.",True,corrupt_to_top,Economic attitude/belief
2009,V18,Q2b Getting ahead: In [Rs country] only stud from best sec schools good chance to obtain uni educ,True,elite_school_access,Economic attitude/belief
2009,V19,Q2c Getting ahead: In [Rs country] only the rich can afford the costs of attending university.,True,rich_university,Economic attitude/belief
2009,V20,"Q2d Getting ahead: In [Rs country] people same chances to enter uni, regardl of gender, ethnicity",True,equal_university,Economic attitude/belief
2009,V21,Q3 Just pay: Would you say you earn much less or much more than deserved?,False,,"Not a general market/state attitude: demographic, personal circumstance, social relation, general politics or religion; optional v66 unavailable in Ukraine"
2009,V22,Q4a Actually earn: About how much do you think a doctor in general practice earns?,True,earn_actual_doctor,Economic attitude/belief
2009,V23,Q4b Actually earn: How much do you think a chairman of a large national corporation earns?,True,earn_actual_chairman,Economic attitude/belief
2009,V24,Q4c Actually earn: How much do you think a shop assistant earns?,True,earn_actual_shop,Economic attitude/belief
2009,V25,Q4d Actually earn: How much do you think an unskilled worker in a factory earns?,True,earn_actual_worker,Economic attitude/belief
2009,V26,Q4e Actually earn: How much do you think a cabinet minister in the [national] government earns?,True,earn_actual_minister,Economic attitude/belief
2009,V27,Q5a Should earn: About how much do you think a doctor in general practice should earn?,True,earn_ideal_doctor,Economic attitude/belief
2009,V28,Q5b Should earn: How much do you think a chairman of a large national company should earn?,True,earn_ideal_chairman,Economic attitude/belief
2009,V29,Q5c Should earn: How much do you think a shop assistant should earn?,True,earn_ideal_shop,Economic attitude/belief
2009,V30,Q5d Should earn: How much do you think an unskilled worker in a factory should earn?,True,earn_ideal_worker,Economic attitude/belief
2009,V31,Q5e Should earn: How much do you think a cabinet minister in the [national] government should earn?,True,earn_ideal_minister,Economic attitude/belief
2009,V32,Q6a Differences in income in [Rs country] are too large.,True,income_gap,Economic attitude/belief
2009,V33,Q6b It is responsib of governm to reduce differences in income betwn people with high+low incomes.,True,redistribution,Economic attitude/belief
2009,V34,Q6c The government should provide a decent standard of living for the unemployed.,True,unemployed_living,Economic attitude/belief
2009,V35,Q6d The government should spend less on benefits for the poor.,True,cut_poor_benefits,Economic attitude/belief
2009,V36,Q7a Tax: Do you think people with high incomes should pay larger share of their income in taxes,True,tax_rich,Economic attitude/belief
2009,V37,"Q7b Tax: Generally, how would you describe taxes in [Rs country] for those with high incomes?",True,tax_level,Economic attitude/belief
2009,V38,Q8a Just or unjust - that people with higher incomes can buy better health care?,True,buy_health,Economic attitude/belief
2009,V39,Q8b Just or unjust - that people with higher incomes can buy better education for children?,True,buy_education,Economic attitude/belief
2009,V40,Q9a Conflicts: between poor people and rich people?,True,conflict_rich_poor,Economic attitude/belief
2009,V41,Q9b Conflicts: between the working class and the middle class?,True,conflict_class,Economic attitude/belief
2009,V42,Q9c Conflicts: between management and workers?,True,conflict_management,Economic attitude/belief
2009,V43,Q9d Conflicts: between people at the top of society and people at the bottom?,True,conflict_top_bottom,Economic attitude/belief
2009,V44,Q10a [TOPBOT] Groups tending towards top+bottom. Where would you put yourself on this scale?,False,,"Not a general market/state attitude: demographic, personal circumstance, social relation, general politics or religion; optional v66 unavailable in Ukraine"
2009,V45,"Q10b Where did the family that you grew up in, fit in then?",False,,"Not a general market/state attitude: demographic, personal circumstance, social relation, general politics or religion; optional v66 unavailable in Ukraine"
2009,V46,Q11 Level of status of Rs job compared to the job of father,False,,"Not a general market/state attitude: demographic, personal circumstance, social relation, general politics or religion; optional v66 unavailable in Ukraine"
2009,V47,Q12a Important for pay: How much responsibility goes with the job?,True,pay_responsibility,Economic attitude/belief
2009,V48,Q12b Important for pay: the number of years spent in education and training?,True,pay_education,Economic attitude/belief
2009,V49,Q12c Important for pay: what is needed to support a family?,True,pay_family,Economic attitude/belief
2009,V50,Q12d Important for pay: whether the person has children to support?,True,pay_children,Economic attitude/belief
2009,V51,Q12e Important for pay: how well he or she does the job?,True,pay_performance,Economic attitude/belief
2009,V52,Q12f Important for pay: How hard he or she works at the job?,True,pay_effort,Economic attitude/belief
2009,V53,Q13  Is your pay just?,False,,"Not a general market/state attitude: demographic, personal circumstance, social relation, general politics or religion; optional v66 unavailable in Ukraine"
2009,V54,Q14a Type of society: What type of society is [Rs country] today - which diagram comes closest?,True,society_actual,Economic attitude/belief
2009,V55,Q14b Type of society: What do you think [Rs country] ought to be like - which would you prefer?,True,society_ideal,Economic attitude/belief
2009,V56,"Q15a When you were [14-15-16] years old, for whom did your father work?",False,,"Not a general market/state attitude: demographic, personal circumstance, social relation, general politics or religion; optional v66 unavailable in Ukraine"
2009,V57,"Q15b When you were [14-15-16] years old, what kind of work did your father do?",False,,"Not a general market/state attitude: demographic, personal circumstance, social relation, general politics or religion; optional v66 unavailable in Ukraine"
2009,V58,"Q16a When you were [14-15-16] years old, did your mother work outside the household?",False,,"Not a general market/state attitude: demographic, personal circumstance, social relation, general politics or religion; optional v66 unavailable in Ukraine"
2009,V59,Q16b In her last job - for whom did your mother work?,False,,"Not a general market/state attitude: demographic, personal circumstance, social relation, general politics or religion; optional v66 unavailable in Ukraine"
2009,V60,"Q16c When you were [14-15-16] years old, what kind of work did your mother do?",False,,"Not a general market/state attitude: demographic, personal circumstance, social relation, general politics or religion; optional v66 unavailable in Ukraine"
2009,V61,Q17 About how many books around your family's house when you were [14-15-16]?,False,,"Not a general market/state attitude: demographic, personal circumstance, social relation, general politics or religion; optional v66 unavailable in Ukraine"
2009,V62,"Q18a In your first job, after leaving full-time education, for whom did you work?",False,,"Not a general market/state attitude: demographic, personal circumstance, social relation, general politics or religion; optional v66 unavailable in Ukraine"
2009,V63,"Q18b In this first job, what was your main occupation?",False,,"Not a general market/state attitude: demographic, personal circumstance, social relation, general politics or religion; optional v66 unavailable in Ukraine"
2009,V64,"Q19a [WRKTYPE]: In your current job, for whom do you work?",False,,"Not a general market/state attitude: demographic, personal circumstance, social relation, general politics or religion; optional v66 unavailable in Ukraine"
2009,V65,"Q19b [ISCO88]: And in your current job, what is your main occupation?",False,,"Not a general market/state attitude: demographic, personal circumstance, social relation, general politics or religion; optional v66 unavailable in Ukraine"
2009,V66,Q20 Which social class would you say you belong to?,False,,"Not a general market/state attitude: demographic, personal circumstance, social relation, general politics or religion; optional v66 unavailable in Ukraine"
2009,V67,Q21a How much money would be left if the home you and your family live in was sold without any debts?,False,,"Not a general market/state attitude: demographic, personal circumstance, social relation, general politics or religion; optional v66 unavailable in Ukraine"
2009,V68,Q21b About how much money would be left if you and/or your immediate family converted to cash all savings?,False,,"Not a general market/state attitude: demographic, personal circumstance, social relation, general politics or religion; optional v66 unavailable in Ukraine"
2009,V69,Q22a Which type of job did your father have when you were [14-15-16] years?,False,,"Not a general market/state attitude: demographic, personal circumstance, social relation, general politics or religion; optional v66 unavailable in Ukraine"
2009,V70,Q22b Which type of job did your mother have when you were [14-15-16] years?,False,,"Not a general market/state attitude: demographic, personal circumstance, social relation, general politics or religion; optional v66 unavailable in Ukraine"
2009,V71,Q23a Which type of job did you have in your first job - after leaving full-time education?,False,,"Not a general market/state attitude: demographic, personal circumstance, social relation, general politics or religion; optional v66 unavailable in Ukraine"
2009,V72,Q23b And which type of job do you have now in your current or last job?,False,,"Not a general market/state attitude: demographic, personal circumstance, social relation, general politics or religion; optional v66 unavailable in Ukraine"
2009,V73,Q24a Describe yourself: I work hard to complete my daily tasks,False,,"Not a general market/state attitude: demographic, personal circumstance, social relation, general politics or religion; optional v66 unavailable in Ukraine"
2009,V74,Q24b Describe yourself: I perform to the best of my ability,False,,"Not a general market/state attitude: demographic, personal circumstance, social relation, general politics or religion; optional v66 unavailable in Ukraine"
2009,V75,Q24c Describe yourself: I work hard to maintain my performance on a task,False,,"Not a general market/state attitude: demographic, personal circumstance, social relation, general politics or religion; optional v66 unavailable in Ukraine"
2009,V73_TR,Q24a Describe yourself: I work hard to complete my daily tasks,False,,"Not a general market/state attitude: demographic, personal circumstance, social relation, general politics or religion; optional v66 unavailable in Ukraine"
2009,V74_TR,Q24b Describe yourself: I perform to the best of my ability,False,,"Not a general market/state attitude: demographic, personal circumstance, social relation, general politics or religion; optional v66 unavailable in Ukraine"
2009,V75_TR,Q24c Describe yourself: I work hard to maintain my performance on a task,False,,"Not a general market/state attitude: demographic, personal circumstance, social relation, general politics or religion; optional v66 unavailable in Ukraine"
2009,V76,Q25a Describe yourself as [14-15-16]: I tried hard to go to school everyday,False,,"Not a general market/state attitude: demographic, personal circumstance, social relation, general politics or religion; optional v66 unavailable in Ukraine"
2009,V77,Q25b Describe yourself as [14-15-16]: I performed to the best of my ability,False,,"Not a general market/state attitude: demographic, personal circumstance, social relation, general politics or religion; optional v66 unavailable in Ukraine"
2009,V78,Q25c Describe yourself as [14-15-16]: I worked hard to maintain my perform on a school assignm,False,,"Not a general market/state attitude: demographic, personal circumstance, social relation, general politics or religion; optional v66 unavailable in Ukraine"
2009,SEX,R: Sex,False,,"Not a general market/state attitude: demographic, personal circumstance, social relation, general politics or religion; optional v66 unavailable in Ukraine"
2009,AGE,R: Age,False,,"Not a general market/state attitude: demographic, personal circumstance, social relation, general politics or religion; optional v66 unavailable in Ukraine"
2009,MARITAL,R: Marital status,False,,"Not a general market/state attitude: demographic, personal circumstance, social relation, general politics or religion; optional v66 unavailable in Ukraine"
2009,COHAB,R: Steady life-partner,False,,"Not a general market/state attitude: demographic, personal circumstance, social relation, general politics or religion; optional v66 unavailable in Ukraine"
2009,EDUCYRS,R: Education I: years of schooling,False,,"Not a general market/state attitude: demographic, personal circumstance, social relation, general politics or religion; optional v66 unavailable in Ukraine"
2009,DEGREE,R: Education II-highest education level,False,,"Not a general market/state attitude: demographic, personal circumstance, social relation, general politics or religion; optional v66 unavailable in Ukraine"
2009,AR_DEGR,Country specific education: Argentina,False,,"Not a general market/state attitude: demographic, personal circumstance, social relation, general politics or religion; optional v66 unavailable in Ukraine"
2009,AT_DEGR,Country specific education: Austria,False,,"Not a general market/state attitude: demographic, personal circumstance, social relation, general politics or religion; optional v66 unavailable in Ukraine"
2009,AU_DEGR,Country specific education: Australia,False,,"Not a general market/state attitude: demographic, personal circumstance, social relation, general politics or religion; optional v66 unavailable in Ukraine"
2009,BE_DEGR,Country specific education: Belgium (BE-FLA),False,,"Not a general market/state attitude: demographic, personal circumstance, social relation, general politics or religion; optional v66 unavailable in Ukraine"
2009,BG_DEGR,Country specific education: Bulgaria,False,,"Not a general market/state attitude: demographic, personal circumstance, social relation, general politics or religion; optional v66 unavailable in Ukraine"
2009,CH_DEGR,Country specific education: Switzerland,False,,"Not a general market/state attitude: demographic, personal circumstance, social relation, general politics or religion; optional v66 unavailable in Ukraine"
2009,CL_DEGR,Country specific education: Chile,False,,"Not a general market/state attitude: demographic, personal circumstance, social relation, general politics or religion; optional v66 unavailable in Ukraine"
2009,CN_DEGR,Country specific education: China,False,,"Not a general market/state attitude: demographic, personal circumstance, social relation, general politics or religion; optional v66 unavailable in Ukraine"
2009,CY_DEGR,Country specific education: Cyprus,False,,"Not a general market/state attitude: demographic, personal circumstance, social relation, general politics or religion; optional v66 unavailable in Ukraine"
2009,CZ_DEGR,Country specific education: Czech Republic,False,,"Not a general market/state attitude: demographic, personal circumstance, social relation, general politics or religion; optional v66 unavailable in Ukraine"
2009,DE_DEGR,Country specific education: Germany,False,,"Not a general market/state attitude: demographic, personal circumstance, social relation, general politics or religion; optional v66 unavailable in Ukraine"
2009,DK_DEGR,Country specific education: Denmark,False,,"Not a general market/state attitude: demographic, personal circumstance, social relation, general politics or religion; optional v66 unavailable in Ukraine"
2009,EE_DEGR,Country specific education: Estonia,False,,"Not a general market/state attitude: demographic, personal circumstance, social relation, general politics or religion; optional v66 unavailable in Ukraine"
2009,ES_DEGR,Country specific education: Spain,False,,"Not a general market/state attitude: demographic, personal circumstance, social relation, general politics or religion; optional v66 unavailable in Ukraine"
2009,FI_DEGR,Country specific education: Finland,False,,"Not a general market/state attitude: demographic, personal circumstance, social relation, general politics or religion; optional v66 unavailable in Ukraine"
2009,FR_DEGR,Country specific education: France,False,,"Not a general market/state attitude: demographic, personal circumstance, social relation, general politics or religion; optional v66 unavailable in Ukraine"
2009,GB_DEGR,Country specific education: Great Britain (GB-GBN),False,,"Not a general market/state attitude: demographic, personal circumstance, social relation, general politics or religion; optional v66 unavailable in Ukraine"
2009,HR_DEGR,Country specific education: Croatia,False,,"Not a general market/state attitude: demographic, personal circumstance, social relation, general politics or religion; optional v66 unavailable in Ukraine"
2009,HU_DEGR,Country specific education: Hungary,False,,"Not a general market/state attitude: demographic, personal circumstance, social relation, general politics or religion; optional v66 unavailable in Ukraine"
2009,IL_DEGR,Country specific education: Israel,False,,"Not a general market/state attitude: demographic, personal circumstance, social relation, general politics or religion; optional v66 unavailable in Ukraine"
2009,IS_DEGR,Country specific education: Iceland,False,,"Not a general market/state attitude: demographic, personal circumstance, social relation, general politics or religion; optional v66 unavailable in Ukraine"
2009,IT_DEGR,Country specific education: Italy,False,,"Not a general market/state attitude: demographic, personal circumstance, social relation, general politics or religion; optional v66 unavailable in Ukraine"
2009,JP_DEGR,Country specific education: Japan,False,,"Not a general market/state attitude: demographic, personal circumstance, social relation, general politics or religion; optional v66 unavailable in Ukraine"
2009,KR_DEGR,Country specific education: South Korea,False,,"Not a general market/state attitude: demographic, personal circumstance, social relation, general politics or religion; optional v66 unavailable in Ukraine"
2009,LT_DEGR,Country specific education: Lithuania,False,,"Not a general market/state attitude: demographic, personal circumstance, social relation, general politics or religion; optional v66 unavailable in Ukraine"
2009,LV_DEGR,Country specific education: Latvia,False,,"Not a general market/state attitude: demographic, personal circumstance, social relation, general politics or religion; optional v66 unavailable in Ukraine"
2009,NO_DEGR,Country specific education: Norway,False,,"Not a general market/state attitude: demographic, personal circumstance, social relation, general politics or religion; optional v66 unavailable in Ukraine"
2009,NZ_DEGR,Country specific education: New Zealand,False,,"Not a general market/state attitude: demographic, personal circumstance, social relation, general politics or religion; optional v66 unavailable in Ukraine"
2009,PH_DEGR,Country specific education: Philippines,False,,"Not a general market/state attitude: demographic, personal circumstance, social relation, general politics or religion; optional v66 unavailable in Ukraine"
2009,PL_DEGR,Country specific education: Poland,False,,"Not a general market/state attitude: demographic, personal circumstance, social relation, general politics or religion; optional v66 unavailable in Ukraine"
2009,PT_DEGR,Country specific education: Portugal,False,,"Not a general market/state attitude: demographic, personal circumstance, social relation, general politics or religion; optional v66 unavailable in Ukraine"
2009,RU_DEGR,Country specific education: Russia,False,,"Not a general market/state attitude: demographic, personal circumstance, social relation, general politics or religion; optional v66 unavailable in Ukraine"
2009,SE_DEGR,Country specific education: Sweden,False,,"Not a general market/state attitude: demographic, personal circumstance, social relation, general politics or religion; optional v66 unavailable in Ukraine"
2009,SI_DEGR,Country specific education: Slovenia,False,,"Not a general market/state attitude: demographic, personal circumstance, social relation, general politics or religion; optional v66 unavailable in Ukraine"
2009,SK_DEGR,Country specific education: Slovakia,False,,"Not a general market/state attitude: demographic, personal circumstance, social relation, general politics or religion; optional v66 unavailable in Ukraine"
2009,TR_DEGR,Country specific education: Turkey,False,,"Not a general market/state attitude: demographic, personal circumstance, social relation, general politics or religion; optional v66 unavailable in Ukraine"
2009,TW_DEGR,Country specific education: Taiwan,False,,"Not a general market/state attitude: demographic, personal circumstance, social relation, general politics or religion; optional v66 unavailable in Ukraine"
2009,UA_DEGR,Country specific education: Ukraine,False,,"Not a general market/state attitude: demographic, personal circumstance, social relation, general politics or religion; optional v66 unavailable in Ukraine"
2009,US_DEGR,Country specific education: United States,False,,"Not a general market/state attitude: demographic, personal circumstance, social relation, general politics or religion; optional v66 unavailable in Ukraine"
2009,VE_DEGR,Country specific education: Venezuela,False,,"Not a general market/state attitude: demographic, personal circumstance, social relation, general politics or religion; optional v66 unavailable in Ukraine"
2009,ZA_DEGR,Country specific education: South Africa,False,,"Not a general market/state attitude: demographic, personal circumstance, social relation, general politics or religion; optional v66 unavailable in Ukraine"
2009,WRKST,R: Current employment status,False,,"Not a general market/state attitude: demographic, personal circumstance, social relation, general politics or religion; optional v66 unavailable in Ukraine"
2009,WRKHRS,R: Hours worked weekly,False,,"Not a general market/state attitude: demographic, personal circumstance, social relation, general politics or religion; optional v66 unavailable in Ukraine"
2009,ISCO88,"R: Occupation ILO,ISCO 1988 4-digit",False,,"Not a general market/state attitude: demographic, personal circumstance, social relation, general politics or religion; optional v66 unavailable in Ukraine"
2009,WRKTYPE,R: Working for private or public sector or self employed,False,,"Not a general market/state attitude: demographic, personal circumstance, social relation, general politics or religion; optional v66 unavailable in Ukraine"
2009,NEMPLOY,R: Self-employed - number of employees,False,,"Not a general market/state attitude: demographic, personal circumstance, social relation, general politics or religion; optional v66 unavailable in Ukraine"
2009,WRKSUP,R: Supervises others at work,False,,"Not a general market/state attitude: demographic, personal circumstance, social relation, general politics or religion; optional v66 unavailable in Ukraine"
2009,UNION,R: Trade union membership,False,,"Not a general market/state attitude: demographic, personal circumstance, social relation, general politics or religion; optional v66 unavailable in Ukraine"
2009,SPWRKST,"Spouse, partner: Current employment status",False,,"Not a general market/state attitude: demographic, personal circumstance, social relation, general politics or religion; optional v66 unavailable in Ukraine"
2009,SPISCO88,"Spouse, partner: Occupation ILO,ISCO 1988 4-digit",False,,"Not a general market/state attitude: demographic, personal circumstance, social relation, general politics or religion; optional v66 unavailable in Ukraine"
2009,SPWRKTYP,"Spouse, partner: Working for private or public sector, self employed",False,,"Not a general market/state attitude: demographic, personal circumstance, social relation, general politics or religion; optional v66 unavailable in Ukraine"
2009,AR_RINC,R: Earnings: Argentina,False,,"Not a general market/state attitude: demographic, personal circumstance, social relation, general politics or religion; optional v66 unavailable in Ukraine"
2009,AT_RINC,R: Earnings: Austria,False,,"Not a general market/state attitude: demographic, personal circumstance, social relation, general politics or religion; optional v66 unavailable in Ukraine"
2009,AU_RINC,R: Earnings: Australia,False,,"Not a general market/state attitude: demographic, personal circumstance, social relation, general politics or religion; optional v66 unavailable in Ukraine"
2009,BE_RINC,R: Earnings: Belgium (BE-FLA),False,,"Not a general market/state attitude: demographic, personal circumstance, social relation, general politics or religion; optional v66 unavailable in Ukraine"
2009,BG_RINC,R: Earnings: Bulgaria,False,,"Not a general market/state attitude: demographic, personal circumstance, social relation, general politics or religion; optional v66 unavailable in Ukraine"
2009,CH_RINC,R: Earnings: Switzerland,False,,"Not a general market/state attitude: demographic, personal circumstance, social relation, general politics or religion; optional v66 unavailable in Ukraine"
2009,CL_RINC,R: Earnings: Chile,False,,"Not a general market/state attitude: demographic, personal circumstance, social relation, general politics or religion; optional v66 unavailable in Ukraine"
2009,CN_RINC,R: Earnings: China,False,,"Not a general market/state attitude: demographic, personal circumstance, social relation, general politics or religion; optional v66 unavailable in Ukraine"
2009,CY_RINC,R: Earnings: Cyprus,False,,"Not a general market/state attitude: demographic, personal circumstance, social relation, general politics or religion; optional v66 unavailable in Ukraine"
2009,CZ_RINC,R: Earnings: Czech Republic,False,,"Not a general market/state attitude: demographic, personal circumstance, social relation, general politics or religion; optional v66 unavailable in Ukraine"
2009,DE_RINC,R: Earnings: Germany,False,,"Not a general market/state attitude: demographic, personal circumstance, social relation, general politics or religion; optional v66 unavailable in Ukraine"
2009,DK_RINC,R: Earnings: Denmark,False,,"Not a general market/state attitude: demographic, personal circumstance, social relation, general politics or religion; optional v66 unavailable in Ukraine"
2009,EE_RINC,R: Earnings: Estonia,False,,"Not a general market/state attitude: demographic, personal circumstance, social relation, general politics or religion; optional v66 unavailable in Ukraine"
2009,ES_RINC,R: Earnings: Spain,False,,"Not a general market/state attitude: demographic, personal circumstance, social relation, general politics or religion; optional v66 unavailable in Ukraine"
2009,FI_RINC,R: Earnings: Finland,False,,"Not a general market/state attitude: demographic, personal circumstance, social relation, general politics or religion; optional v66 unavailable in Ukraine"
2009,FR_RINC,R: Earnings: France,False,,"Not a general market/state attitude: demographic, personal circumstance, social relation, general politics or religion; optional v66 unavailable in Ukraine"
2009,GB_RINC,R: Earnings: Great Britain (GB-GBN),False,,"Not a general market/state attitude: demographic, personal circumstance, social relation, general politics or religion; optional v66 unavailable in Ukraine"
2009,HR_RINC,R: Earnings: Croatia,False,,"Not a general market/state attitude: demographic, personal circumstance, social relation, general politics or religion; optional v66 unavailable in Ukraine"
2009,HU_RINC,R: Earnings: Hungary,False,,"Not a general market/state attitude: demographic, personal circumstance, social relation, general politics or religion; optional v66 unavailable in Ukraine"
2009,IL_RINC,R: Earnings: Israel,False,,"Not a general market/state attitude: demographic, personal circumstance, social relation, general politics or religion; optional v66 unavailable in Ukraine"
2009,IS_RINC,R: Earnings: Iceland,False,,"Not a general market/state attitude: demographic, personal circumstance, social relation, general politics or religion; optional v66 unavailable in Ukraine"
2009,IT_RINC,R: Earnings: Italy,False,,"Not a general market/state attitude: demographic, personal circumstance, social relation, general politics or religion; optional v66 unavailable in Ukraine"
2009,JP_RINC,R: Earnings: Japan,False,,"Not a general market/state attitude: demographic, personal circumstance, social relation, general politics or religion; optional v66 unavailable in Ukraine"
2009,KR_RINC,R: Earnings: South Korea,False,,"Not a general market/state attitude: demographic, personal circumstance, social relation, general politics or religion; optional v66 unavailable in Ukraine"
2009,LT_RINC,R: Earnings: Lithuania,False,,"Not a general market/state attitude: demographic, personal circumstance, social relation, general politics or religion; optional v66 unavailable in Ukraine"
2009,LV_RINC,R: Earnings: Latvia,False,,"Not a general market/state attitude: demographic, personal circumstance, social relation, general politics or religion; optional v66 unavailable in Ukraine"
2009,NO_RINC,R: Earnings: Norway,False,,"Not a general market/state attitude: demographic, personal circumstance, social relation, general politics or religion; optional v66 unavailable in Ukraine"
2009,NZ_RINC,R: Earnings: New Zealand,False,,"Not a general market/state attitude: demographic, personal circumstance, social relation, general politics or religion; optional v66 unavailable in Ukraine"
2009,PH_RINC,R: Earnings: Philippines,False,,"Not a general market/state attitude: demographic, personal circumstance, social relation, general politics or religion; optional v66 unavailable in Ukraine"
2009,PL_RINC,R: Earnings: Poland,False,,"Not a general market/state attitude: demographic, personal circumstance, social relation, general politics or religion; optional v66 unavailable in Ukraine"
2009,PT_RINC,R: Earnings: Portugal,False,,"Not a general market/state attitude: demographic, personal circumstance, social relation, general politics or religion; optional v66 unavailable in Ukraine"
2009,RU_RINC,R: Earnings: Russia,False,,"Not a general market/state attitude: demographic, personal circumstance, social relation, general politics or religion; optional v66 unavailable in Ukraine"
2009,SE_RINC,R: Earnings: Sweden,False,,"Not a general market/state attitude: demographic, personal circumstance, social relation, general politics or religion; optional v66 unavailable in Ukraine"
2009,SI_RINC,R: Earnings: Slovenia,False,,"Not a general market/state attitude: demographic, personal circumstance, social relation, general politics or religion; optional v66 unavailable in Ukraine"
2009,SK_RINC,R: Earnings: Slovakia,False,,"Not a general market/state attitude: demographic, personal circumstance, social relation, general politics or religion; optional v66 unavailable in Ukraine"
2009,TR_RINC,R: Earnings: Turkey,False,,"Not a general market/state attitude: demographic, personal circumstance, social relation, general politics or religion; optional v66 unavailable in Ukraine"
2009,TW_RINC,R: Earnings: Taiwan,False,,"Not a general market/state attitude: demographic, personal circumstance, social relation, general politics or religion; optional v66 unavailable in Ukraine"
2009,UA_RINC,R: Earnings: Ukraine,False,,"Not a general market/state attitude: demographic, personal circumstance, social relation, general politics or religion; optional v66 unavailable in Ukraine"
2009,US_RINC,R: Earnings: United States,False,,"Not a general market/state attitude: demographic, personal circumstance, social relation, general politics or religion; optional v66 unavailable in Ukraine"
2009,VE_RINC,R: Earnings: Venezuela,False,,"Not a general market/state attitude: demographic, personal circumstance, social relation, general politics or religion; optional v66 unavailable in Ukraine"
2009,ZA_RINC,R: Earnings: South Africa,False,,"Not a general market/state attitude: demographic, personal circumstance, social relation, general politics or religion; optional v66 unavailable in Ukraine"
2009,AR_INC,Family income: Argentina,False,,"Not a general market/state attitude: demographic, personal circumstance, social relation, general politics or religion; optional v66 unavailable in Ukraine"
2009,AT_INC,Family income: Austria,False,,"Not a general market/state attitude: demographic, personal circumstance, social relation, general politics or religion; optional v66 unavailable in Ukraine"
2009,AU_INC,Family income: Australia,False,,"Not a general market/state attitude: demographic, personal circumstance, social relation, general politics or religion; optional v66 unavailable in Ukraine"
2009,BE_INC,Family income: Belgium (BE-FLA),False,,"Not a general market/state attitude: demographic, personal circumstance, social relation, general politics or religion; optional v66 unavailable in Ukraine"
2009,BG_INC,Family income: Bulgaria,False,,"Not a general market/state attitude: demographic, personal circumstance, social relation, general politics or religion; optional v66 unavailable in Ukraine"
2009,CH_INC,Family income: Switzerland,False,,"Not a general market/state attitude: demographic, personal circumstance, social relation, general politics or religion; optional v66 unavailable in Ukraine"
2009,CL_INC,Family income: Chile,False,,"Not a general market/state attitude: demographic, personal circumstance, social relation, general politics or religion; optional v66 unavailable in Ukraine"
2009,CN_INC,Family income: China,False,,"Not a general market/state attitude: demographic, personal circumstance, social relation, general politics or religion; optional v66 unavailable in Ukraine"
2009,CY_INC,Family income: Cyprus,False,,"Not a general market/state attitude: demographic, personal circumstance, social relation, general politics or religion; optional v66 unavailable in Ukraine"
2009,CZ_INC,Family income: Czech Republic,False,,"Not a general market/state attitude: demographic, personal circumstance, social relation, general politics or religion; optional v66 unavailable in Ukraine"
2009,DE_INC,Family income: Germany,False,,"Not a general market/state attitude: demographic, personal circumstance, social relation, general politics or religion; optional v66 unavailable in Ukraine"
2009,DK_INC,Family income: Denmark,False,,"Not a general market/state attitude: demographic, personal circumstance, social relation, general politics or religion; optional v66 unavailable in Ukraine"
2009,EE_INC,Family income: Estonia,False,,"Not a general market/state attitude: demographic, personal circumstance, social relation, general politics or religion; optional v66 unavailable in Ukraine"
2009,ES_INC,Family income: Spain,False,,"Not a general market/state attitude: demographic, personal circumstance, social relation, general politics or religion; optional v66 unavailable in Ukraine"
2009,FI_INC,Family income: Finland,False,,"Not a general market/state attitude: demographic, personal circumstance, social relation, general politics or religion; optional v66 unavailable in Ukraine"
2009,FR_INC,Family income: France,False,,"Not a general market/state attitude: demographic, personal circumstance, social relation, general politics or religion; optional v66 unavailable in Ukraine"
2009,GB_INC,Family income: Great Britain (GB-GBN),False,,"Not a general market/state attitude: demographic, personal circumstance, social relation, general politics or religion; optional v66 unavailable in Ukraine"
2009,HR_INC,Family income: Croatia,False,,"Not a general market/state attitude: demographic, personal circumstance, social relation, general politics or religion; optional v66 unavailable in Ukraine"
2009,HU_INC,Family income: Hungary,False,,"Not a general market/state attitude: demographic, personal circumstance, social relation, general politics or religion; optional v66 unavailable in Ukraine"
2009,IL_INC,Family income: Israel,False,,"Not a general market/state attitude: demographic, personal circumstance, social relation, general politics or religion; optional v66 unavailable in Ukraine"
2009,IS_INC,Family income: Iceland,False,,"Not a general market/state attitude: demographic, personal circumstance, social relation, general politics or religion; optional v66 unavailable in Ukraine"
2009,IT_INC,Family income: Italy,False,,"Not a general market/state attitude: demographic, personal circumstance, social relation, general politics or religion; optional v66 unavailable in Ukraine"
2009,JP_INC,Family income: Japan,False,,"Not a general market/state attitude: demographic, personal circumstance, social relation, general politics or religion; optional v66 unavailable in Ukraine"
2009,KR_INC,Family income: South Korea,False,,"Not a general market/state attitude: demographic, personal circumstance, social relation, general politics or religion; optional v66 unavailable in Ukraine"
2009,LT_INC,Family income: Lithuania,False,,"Not a general market/state attitude: demographic, personal circumstance, social relation, general politics or religion; optional v66 unavailable in Ukraine"
2009,LV_INC,Family income: Latvia,False,,"Not a general market/state attitude: demographic, personal circumstance, social relation, general politics or religion; optional v66 unavailable in Ukraine"
2009,NO_INC,Family income: Norway,False,,"Not a general market/state attitude: demographic, personal circumstance, social relation, general politics or religion; optional v66 unavailable in Ukraine"
2009,NZ_INC,Family income: New Zealand,False,,"Not a general market/state attitude: demographic, personal circumstance, social relation, general politics or religion; optional v66 unavailable in Ukraine"
2009,PH_INC,Family income: Philippines,False,,"Not a general market/state attitude: demographic, personal circumstance, social relation, general politics or religion; optional v66 unavailable in Ukraine"
2009,PL_INC,Family income: Poland,False,,"Not a general market/state attitude: demographic, personal circumstance, social relation, general politics or religion; optional v66 unavailable in Ukraine"
2009,PT_INC,Family income: Portugal,False,,"Not a general market/state attitude: demographic, personal circumstance, social relation, general politics or religion; optional v66 unavailable in Ukraine"
2009,RU_INC,Family income: Russia,False,,"Not a general market/state attitude: demographic, personal circumstance, social relation, general politics or religion; optional v66 unavailable in Ukraine"
2009,SE_INC,Family income: Sweden,False,,"Not a general market/state attitude: demographic, personal circumstance, social relation, general politics or religion; optional v66 unavailable in Ukraine"
2009,SI_INC,Family income: Slovenia,False,,"Not a general market/state attitude: demographic, personal circumstance, social relation, general politics or religion; optional v66 unavailable in Ukraine"
2009,SK_INC,Family income: Slovakia,False,,"Not a general market/state attitude: demographic, personal circumstance, social relation, general politics or religion; optional v66 unavailable in Ukraine"
2009,TR_INC,Family income: Turkey,False,,"Not a general market/state attitude: demographic, personal circumstance, social relation, general politics or religion; optional v66 unavailable in Ukraine"
2009,TW_INC,Family income: Taiwan,False,,"Not a general market/state attitude: demographic, personal circumstance, social relation, general politics or religion; optional v66 unavailable in Ukraine"
2009,UA_INC,Family income: Ukraine,False,,"Not a general market/state attitude: demographic, personal circumstance, social relation, general politics or religion; optional v66 unavailable in Ukraine"
2009,US_INC,Family income: United States,False,,"Not a general market/state attitude: demographic, personal circumstance, social relation, general politics or religion; optional v66 unavailable in Ukraine"
2009,VE_INC,Family income: Venezuela,False,,"Not a general market/state attitude: demographic, personal circumstance, social relation, general politics or religion; optional v66 unavailable in Ukraine"
2009,ZA_INC,Family income: South Africa,False,,"Not a general market/state attitude: demographic, personal circumstance, social relation, general politics or religion; optional v66 unavailable in Ukraine"
2009,HOMPOP,How many persons in household,False,,"Not a general market/state attitude: demographic, personal circumstance, social relation, general politics or religion; optional v66 unavailable in Ukraine"
2009,HHCYCLE,Household composition: children and adults,False,,"Not a general market/state attitude: demographic, personal circumstance, social relation, general politics or religion; optional v66 unavailable in Ukraine"
2009,PARTY_LR,R: Party affiliation: left-right (derived from nat_party affiliation),False,,"Not a general market/state attitude: demographic, personal circumstance, social relation, general politics or religion; optional v66 unavailable in Ukraine"
2009,AR_PRTY,R: Party affiliation: Argentina,False,,"Not a general market/state attitude: demographic, personal circumstance, social relation, general politics or religion; optional v66 unavailable in Ukraine"
2009,AT_PRTY,R: Party affiliation: Austria,False,,"Not a general market/state attitude: demographic, personal circumstance, social relation, general politics or religion; optional v66 unavailable in Ukraine"
2009,AU_PRTY,R: Party affiliation: Australia,False,,"Not a general market/state attitude: demographic, personal circumstance, social relation, general politics or religion; optional v66 unavailable in Ukraine"
2009,BE_PRTY,R: Party affiliation: Belgium (BE-FLA),False,,"Not a general market/state attitude: demographic, personal circumstance, social relation, general politics or religion; optional v66 unavailable in Ukraine"
2009,BG_PRTY,R: Party affiliation: Bulgaria,False,,"Not a general market/state attitude: demographic, personal circumstance, social relation, general politics or religion; optional v66 unavailable in Ukraine"
2009,CH_PRTY,R: Party affiliation: Switzerland,False,,"Not a general market/state attitude: demographic, personal circumstance, social relation, general politics or religion; optional v66 unavailable in Ukraine"
2009,CL_PRTY,R: Party affiliation: Chile,False,,"Not a general market/state attitude: demographic, personal circumstance, social relation, general politics or religion; optional v66 unavailable in Ukraine"
2009,CN_PRTY,R: Party affiliation: China,False,,"Not a general market/state attitude: demographic, personal circumstance, social relation, general politics or religion; optional v66 unavailable in Ukraine"
2009,CY_PRTY,R: Party affiliation: Cyprus,False,,"Not a general market/state attitude: demographic, personal circumstance, social relation, general politics or religion; optional v66 unavailable in Ukraine"
2009,CZ_PRTY,R: Party affiliation: Czech Republic,False,,"Not a general market/state attitude: demographic, personal circumstance, social relation, general politics or religion; optional v66 unavailable in Ukraine"
2009,DE_PRTY,R: Party affiliation: Germany,False,,"Not a general market/state attitude: demographic, personal circumstance, social relation, general politics or religion; optional v66 unavailable in Ukraine"
2009,DK_PRTY,R: Party affiliation: Denmark,False,,"Not a general market/state attitude: demographic, personal circumstance, social relation, general politics or religion; optional v66 unavailable in Ukraine"
2009,EE_PRTY,R: Party affiliation: Estonia,False,,"Not a general market/state attitude: demographic, personal circumstance, social relation, general politics or religion; optional v66 unavailable in Ukraine"
2009,ES_PRTY,R: Party affiliation: Spain,False,,"Not a general market/state attitude: demographic, personal circumstance, social relation, general politics or religion; optional v66 unavailable in Ukraine"
2009,FI_PRTY,R: Party affiliation: Finland,False,,"Not a general market/state attitude: demographic, personal circumstance, social relation, general politics or religion; optional v66 unavailable in Ukraine"
2009,FR_PRTY,R: Party affiliation: France,False,,"Not a general market/state attitude: demographic, personal circumstance, social relation, general politics or religion; optional v66 unavailable in Ukraine"
2009,GB_PRTY,R: Party affiliation: Great Britain (GB-GBN),False,,"Not a general market/state attitude: demographic, personal circumstance, social relation, general politics or religion; optional v66 unavailable in Ukraine"
2009,HR_PRTY,R: Party affiliation: Croatia,False,,"Not a general market/state attitude: demographic, personal circumstance, social relation, general politics or religion; optional v66 unavailable in Ukraine"
2009,HU_PRTY,R: Party affiliation: Hungary,False,,"Not a general market/state attitude: demographic, personal circumstance, social relation, general politics or religion; optional v66 unavailable in Ukraine"
2009,IL_PRTY,R: Party affiliation: Israel,False,,"Not a general market/state attitude: demographic, personal circumstance, social relation, general politics or religion; optional v66 unavailable in Ukraine"
2009,IS_PRTY,R: Party affiliation: Iceland,False,,"Not a general market/state attitude: demographic, personal circumstance, social relation, general politics or religion; optional v66 unavailable in Ukraine"
2009,IT_PRTY,R: Party affiliation: Italy,False,,"Not a general market/state attitude: demographic, personal circumstance, social relation, general politics or religion; optional v66 unavailable in Ukraine"
2009,JP_PRTY,R: Party affiliation: Japan,False,,"Not a general market/state attitude: demographic, personal circumstance, social relation, general politics or religion; optional v66 unavailable in Ukraine"
2009,KR_PRTY,R: Party affiliation: South Korea,False,,"Not a general market/state attitude: demographic, personal circumstance, social relation, general politics or religion; optional v66 unavailable in Ukraine"
2009,LT_PRTY,R: Party affiliation: Lithuania,False,,"Not a general market/state attitude: demographic, personal circumstance, social relation, general politics or religion; optional v66 unavailable in Ukraine"
2009,LV_PRTY,R: Party affiliation: Latvia,False,,"Not a general market/state attitude: demographic, personal circumstance, social relation, general politics or religion; optional v66 unavailable in Ukraine"
2009,NO_PRTY,R: Party affiliation: Norway,False,,"Not a general market/state attitude: demographic, personal circumstance, social relation, general politics or religion; optional v66 unavailable in Ukraine"
2009,NZ_PRTY,R: Party affiliation: New Zealand,False,,"Not a general market/state attitude: demographic, personal circumstance, social relation, general politics or religion; optional v66 unavailable in Ukraine"
2009,PH_PRTY,R: Party affiliation: Philippines,False,,"Not a general market/state attitude: demographic, personal circumstance, social relation, general politics or religion; optional v66 unavailable in Ukraine"
2009,PL_PRTY,R: Party affiliation: Poland,False,,"Not a general market/state attitude: demographic, personal circumstance, social relation, general politics or religion; optional v66 unavailable in Ukraine"
2009,PT_PRTY,R: Party affiliation: Portugal,False,,"Not a general market/state attitude: demographic, personal circumstance, social relation, general politics or religion; optional v66 unavailable in Ukraine"
2009,RU_PRTY,R: Party affiliation: Russia,False,,"Not a general market/state attitude: demographic, personal circumstance, social relation, general politics or religion; optional v66 unavailable in Ukraine"
2009,SE_PRTY,R: Party affiliation: Sweden,False,,"Not a general market/state attitude: demographic, personal circumstance, social relation, general politics or religion; optional v66 unavailable in Ukraine"
2009,SI_PRTY,R: Party affiliation: Slovenia,False,,"Not a general market/state attitude: demographic, personal circumstance, social relation, general politics or religion; optional v66 unavailable in Ukraine"
2009,SK_PRTY,R: Party affiliation: Slovakia,False,,"Not a general market/state attitude: demographic, personal circumstance, social relation, general politics or religion; optional v66 unavailable in Ukraine"
2009,TR_PRTY,R: Party affiliation: Turkey,False,,"Not a general market/state attitude: demographic, personal circumstance, social relation, general politics or religion; optional v66 unavailable in Ukraine"
2009,TW_PRTY,R: Party affiliation: Taiwan,False,,"Not a general market/state attitude: demographic, personal circumstance, social relation, general politics or religion; optional v66 unavailable in Ukraine"
2009,UA_PRTY,R: Party affiliation: Ukraine,False,,"Not a general market/state attitude: demographic, personal circumstance, social relation, general politics or religion; optional v66 unavailable in Ukraine"
2009,US_PRTY,R: Party affiliation: United States,False,,"Not a general market/state attitude: demographic, personal circumstance, social relation, general politics or religion; optional v66 unavailable in Ukraine"
2009,VE_PRTY,R: Party affiliation: Venezuela,False,,"Not a general market/state attitude: demographic, personal circumstance, social relation, general politics or religion; optional v66 unavailable in Ukraine"
2009,ZA_PRTY,R: Party affiliation: South Africa,False,,"Not a general market/state attitude: demographic, personal circumstance, social relation, general politics or religion; optional v66 unavailable in Ukraine"
2009,VOTE_LE,"R: Vote last election: yes, no",False,,"Not a general market/state attitude: demographic, personal circumstance, social relation, general politics or religion; optional v66 unavailable in Ukraine"
2009,RELIG,R: Religious denomination,False,,"Not a general market/state attitude: demographic, personal circumstance, social relation, general politics or religion; optional v66 unavailable in Ukraine"
2009,RELIGGRP,R: Religious main groups (derived from RELIG),False,,"Not a general market/state attitude: demographic, personal circumstance, social relation, general politics or religion; optional v66 unavailable in Ukraine"
2009,ATTEND,R: Attendance of religious services,False,,"Not a general market/state attitude: demographic, personal circumstance, social relation, general politics or religion; optional v66 unavailable in Ukraine"
2009,TOPBOT,R: Top Bottom self-placement 10 pt scale,False,,"Not a general market/state attitude: demographic, personal circumstance, social relation, general politics or religion; optional v66 unavailable in Ukraine"
2009,AR_REG,Region: Argentina,False,,"Not a general market/state attitude: demographic, personal circumstance, social relation, general politics or religion; optional v66 unavailable in Ukraine"
2009,AT_REG,Region: Austria,False,,"Not a general market/state attitude: demographic, personal circumstance, social relation, general politics or religion; optional v66 unavailable in Ukraine"
2009,AU_REG,Region: Australia,False,,"Not a general market/state attitude: demographic, personal circumstance, social relation, general politics or religion; optional v66 unavailable in Ukraine"
2009,BE_REG,Region: Belgium (BE-FLA),False,,"Not a general market/state attitude: demographic, personal circumstance, social relation, general politics or religion; optional v66 unavailable in Ukraine"
2009,BG_REG,Region: Bulgaria,False,,"Not a general market/state attitude: demographic, personal circumstance, social relation, general politics or religion; optional v66 unavailable in Ukraine"
2009,CH_REG,Region: Switzerland,False,,"Not a general market/state attitude: demographic, personal circumstance, social relation, general politics or religion; optional v66 unavailable in Ukraine"
2009,CL_REG,Region: Chile,False,,"Not a general market/state attitude: demographic, personal circumstance, social relation, general politics or religion; optional v66 unavailable in Ukraine"
2009,CN_REG,Region: China,False,,"Not a general market/state attitude: demographic, personal circumstance, social relation, general politics or religion; optional v66 unavailable in Ukraine"
2009,CY_REG,Region: Cyprus,False,,"Not a general market/state attitude: demographic, personal circumstance, social relation, general politics or religion; optional v66 unavailable in Ukraine"
2009,CZ_REG,Region: Czech Republic,False,,"Not a general market/state attitude: demographic, personal circumstance, social relation, general politics or religion; optional v66 unavailable in Ukraine"
2009,DE_REG,Region: Germany,False,,"Not a general market/state attitude: demographic, personal circumstance, social relation, general politics or religion; optional v66 unavailable in Ukraine"
2009,DK_REG,Region: Denmark,False,,"Not a general market/state attitude: demographic, personal circumstance, social relation, general politics or religion; optional v66 unavailable in Ukraine"
2009,EE_REG,Region: Estonia,False,,"Not a general market/state attitude: demographic, personal circumstance, social relation, general politics or religion; optional v66 unavailable in Ukraine"
2009,ES_REG,Region: Spain,False,,"Not a general market/state attitude: demographic, personal circumstance, social relation, general politics or religion; optional v66 unavailable in Ukraine"
2009,FI_REG,Region: Finland,False,,"Not a general market/state attitude: demographic, personal circumstance, social relation, general politics or religion; optional v66 unavailable in Ukraine"
2009,FR_REG,Region: France,False,,"Not a general market/state attitude: demographic, personal circumstance, social relation, general politics or religion; optional v66 unavailable in Ukraine"
2009,GB_REG,Region: Great Britain (GB-GBN),False,,"Not a general market/state attitude: demographic, personal circumstance, social relation, general politics or religion; optional v66 unavailable in Ukraine"
2009,HR_REG,Region: Croatia,False,,"Not a general market/state attitude: demographic, personal circumstance, social relation, general politics or religion; optional v66 unavailable in Ukraine"
2009,HU_REG,Region: Hungary,False,,"Not a general market/state attitude: demographic, personal circumstance, social relation, general politics or religion; optional v66 unavailable in Ukraine"
2009,IL_REG,Region: Israel,False,,"Not a general market/state attitude: demographic, personal circumstance, social relation, general politics or religion; optional v66 unavailable in Ukraine"
2009,IS_REG,Region: Iceland,False,,"Not a general market/state attitude: demographic, personal circumstance, social relation, general politics or religion; optional v66 unavailable in Ukraine"
2009,IT_REG,Region: Italy,False,,"Not a general market/state attitude: demographic, personal circumstance, social relation, general politics or religion; optional v66 unavailable in Ukraine"
2009,JP_REG,Region: Japan,False,,"Not a general market/state attitude: demographic, personal circumstance, social relation, general politics or religion; optional v66 unavailable in Ukraine"
2009,KR_REG,Region: South Korea,False,,"Not a general market/state attitude: demographic, personal circumstance, social relation, general politics or religion; optional v66 unavailable in Ukraine"
2009,LT_REG,Region: Lithuania,False,,"Not a general market/state attitude: demographic, personal circumstance, social relation, general politics or religion; optional v66 unavailable in Ukraine"
2009,LV_REG,Region: Latvia,False,,"Not a general market/state attitude: demographic, personal circumstance, social relation, general politics or religion; optional v66 unavailable in Ukraine"
2009,NO_REG,Region: Norway,False,,"Not a general market/state attitude: demographic, personal circumstance, social relation, general politics or religion; optional v66 unavailable in Ukraine"
2009,NZ_REG,Region: New Zealand,False,,"Not a general market/state attitude: demographic, personal circumstance, social relation, general politics or religion; optional v66 unavailable in Ukraine"
2009,PH_REG,Region: Philippines,False,,"Not a general market/state attitude: demographic, personal circumstance, social relation, general politics or religion; optional v66 unavailable in Ukraine"
2009,PL_REG,Region: Poland,False,,"Not a general market/state attitude: demographic, personal circumstance, social relation, general politics or religion; optional v66 unavailable in Ukraine"
2009,PT_REG,Region: Portugal,False,,"Not a general market/state attitude: demographic, personal circumstance, social relation, general politics or religion; optional v66 unavailable in Ukraine"
2009,RU_REG,Region: Russia,False,,"Not a general market/state attitude: demographic, personal circumstance, social relation, general politics or religion; optional v66 unavailable in Ukraine"
2009,SE_REG,Region: Sweden,False,,"Not a general market/state attitude: demographic, personal circumstance, social relation, general politics or religion; optional v66 unavailable in Ukraine"
2009,SI_REG,Region: Slovenia,False,,"Not a general market/state attitude: demographic, personal circumstance, social relation, general politics or religion; optional v66 unavailable in Ukraine"
2009,SK_REG,Region: Slovakia,False,,"Not a general market/state attitude: demographic, personal circumstance, social relation, general politics or religion; optional v66 unavailable in Ukraine"
2009,TR_REG,Region: Turkey,False,,"Not a general market/state attitude: demographic, personal circumstance, social relation, general politics or religion; optional v66 unavailable in Ukraine"
2009,TW_REG,Region: Taiwan,False,,"Not a general market/state attitude: demographic, personal circumstance, social relation, general politics or religion; optional v66 unavailable in Ukraine"
2009,UA_REG,Region: Ukraine,False,,"Not a general market/state attitude: demographic, personal circumstance, social relation, general politics or religion; optional v66 unavailable in Ukraine"
2009,US_REG,Region: USA,False,,"Not a general market/state attitude: demographic, personal circumstance, social relation, general politics or religion; optional v66 unavailable in Ukraine"
2009,VE_REG,Region: Venezuela,False,,"Not a general market/state attitude: demographic, personal circumstance, social relation, general politics or religion; optional v66 unavailable in Ukraine"
2009,ZA_REG,Region: South Africa,False,,"Not a general market/state attitude: demographic, personal circumstance, social relation, general politics or religion; optional v66 unavailable in Ukraine"
2009,AR_SIZE,Size of community: Argentina,False,,"Not a general market/state attitude: demographic, personal circumstance, social relation, general politics or religion; optional v66 unavailable in Ukraine"
2009,AT_SIZE,Size of community: Austria,False,,"Not a general market/state attitude: demographic, personal circumstance, social relation, general politics or religion; optional v66 unavailable in Ukraine"
2009,AU_SIZE,Size of community: Australia,False,,"Not a general market/state attitude: demographic, personal circumstance, social relation, general politics or religion; optional v66 unavailable in Ukraine"
2009,BE_SIZE,Size of community: Belgium (BE-FLA),False,,"Not a general market/state attitude: demographic, personal circumstance, social relation, general politics or religion; optional v66 unavailable in Ukraine"
2009,BG_SIZE,Size of community: Bulgaria,False,,"Not a general market/state attitude: demographic, personal circumstance, social relation, general politics or religion; optional v66 unavailable in Ukraine"
2009,CH_SIZE,Size of community: Switzerland,False,,"Not a general market/state attitude: demographic, personal circumstance, social relation, general politics or religion; optional v66 unavailable in Ukraine"
2009,CL_SIZE,Size of community: Chile,False,,"Not a general market/state attitude: demographic, personal circumstance, social relation, general politics or religion; optional v66 unavailable in Ukraine"
2009,CN_SIZE,Size of community: China,False,,"Not a general market/state attitude: demographic, personal circumstance, social relation, general politics or religion; optional v66 unavailable in Ukraine"
2009,CY_SIZE,Size of community: Cyprus,False,,"Not a general market/state attitude: demographic, personal circumstance, social relation, general politics or religion; optional v66 unavailable in Ukraine"
2009,CZ_SIZE,Size of community: Czech Republic,False,,"Not a general market/state attitude: demographic, personal circumstance, social relation, general politics or religion; optional v66 unavailable in Ukraine"
2009,DE_SIZE,Size of community: Germany,False,,"Not a general market/state attitude: demographic, personal circumstance, social relation, general politics or religion; optional v66 unavailable in Ukraine"
2009,DK_SIZE,Size of community: Denmark,False,,"Not a general market/state attitude: demographic, personal circumstance, social relation, general politics or religion; optional v66 unavailable in Ukraine"
2009,EE_SIZE,Size of community: Estonia,False,,"Not a general market/state attitude: demographic, personal circumstance, social relation, general politics or religion; optional v66 unavailable in Ukraine"
2009,ES_SIZE,Size of community: Spain,False,,"Not a general market/state attitude: demographic, personal circumstance, social relation, general politics or religion; optional v66 unavailable in Ukraine"
2009,FI_SIZE,Size of community: Finland,False,,"Not a general market/state attitude: demographic, personal circumstance, social relation, general politics or religion; optional v66 unavailable in Ukraine"
2009,FR_SIZE,Size of community: France,False,,"Not a general market/state attitude: demographic, personal circumstance, social relation, general politics or religion; optional v66 unavailable in Ukraine"
2009,GB_SIZE,Size of community: Great Britain (GB-GBN),False,,"Not a general market/state attitude: demographic, personal circumstance, social relation, general politics or religion; optional v66 unavailable in Ukraine"
2009,HR_SIZE,Size of community: Croatia,False,,"Not a general market/state attitude: demographic, personal circumstance, social relation, general politics or religion; optional v66 unavailable in Ukraine"
2009,HU_SIZE,Size of community: Hungary,False,,"Not a general market/state attitude: demographic, personal circumstance, social relation, general politics or religion; optional v66 unavailable in Ukraine"
2009,IL_SIZE,Size of community: Israel,False,,"Not a general market/state attitude: demographic, personal circumstance, social relation, general politics or religion; optional v66 unavailable in Ukraine"
2009,IT_SIZE,Size of community: Italy,False,,"Not a general market/state attitude: demographic, personal circumstance, social relation, general politics or religion; optional v66 unavailable in Ukraine"
2009,JP_SIZE,Size of community: Japan,False,,"Not a general market/state attitude: demographic, personal circumstance, social relation, general politics or religion; optional v66 unavailable in Ukraine"
2009,KR_SIZE,Size of community: South Korea,False,,"Not a general market/state attitude: demographic, personal circumstance, social relation, general politics or religion; optional v66 unavailable in Ukraine"
2009,LT_SIZE,Size of community: Lithuania,False,,"Not a general market/state attitude: demographic, personal circumstance, social relation, general politics or religion; optional v66 unavailable in Ukraine"
2009,LV_SIZE,Size of community: Latvia,False,,"Not a general market/state attitude: demographic, personal circumstance, social relation, general politics or religion; optional v66 unavailable in Ukraine"
2009,NO_SIZE,Size of community: Norway,False,,"Not a general market/state attitude: demographic, personal circumstance, social relation, general politics or religion; optional v66 unavailable in Ukraine"
2009,NZ_SIZE,Size of community: New Zealand,False,,"Not a general market/state attitude: demographic, personal circumstance, social relation, general politics or religion; optional v66 unavailable in Ukraine"
2009,PH_SIZE,Size of community: Philippines,False,,"Not a general market/state attitude: demographic, personal circumstance, social relation, general politics or religion; optional v66 unavailable in Ukraine"
2009,PL_SIZE,Size of community: Poland,False,,"Not a general market/state attitude: demographic, personal circumstance, social relation, general politics or religion; optional v66 unavailable in Ukraine"
2009,PT_SIZE,Size of community: Portugal,False,,"Not a general market/state attitude: demographic, personal circumstance, social relation, general politics or religion; optional v66 unavailable in Ukraine"
2009,RU_SIZE,Size of community: Russia,False,,"Not a general market/state attitude: demographic, personal circumstance, social relation, general politics or religion; optional v66 unavailable in Ukraine"
2009,SE_SIZE,Size of community: Sweden,False,,"Not a general market/state attitude: demographic, personal circumstance, social relation, general politics or religion; optional v66 unavailable in Ukraine"
2009,SI_SIZE,Size of community: Slovenia,False,,"Not a general market/state attitude: demographic, personal circumstance, social relation, general politics or religion; optional v66 unavailable in Ukraine"
2009,SK_SIZE,Size of community: Slovakia,False,,"Not a general market/state attitude: demographic, personal circumstance, social relation, general politics or religion; optional v66 unavailable in Ukraine"
2009,TR_SIZE,Size of community: Turkey,False,,"Not a general market/state attitude: demographic, personal circumstance, social relation, general politics or religion; optional v66 unavailable in Ukraine"
2009,TW_SIZE,Size of community: Taiwan,False,,"Not a general market/state attitude: demographic, personal circumstance, social relation, general politics or religion; optional v66 unavailable in Ukraine"
2009,UA_SIZE,Size of community: Ukraine,False,,"Not a general market/state attitude: demographic, personal circumstance, social relation, general politics or religion; optional v66 unavailable in Ukraine"
2009,US_SIZE,Size of community: United States,False,,"Not a general market/state attitude: demographic, personal circumstance, social relation, general politics or religion; optional v66 unavailable in Ukraine"
2009,VE_SIZE,Size of community: Venezuela,False,,"Not a general market/state attitude: demographic, personal circumstance, social relation, general politics or religion; optional v66 unavailable in Ukraine"
2009,ZA_SIZE,Size of community: South Africa,False,,"Not a general market/state attitude: demographic, personal circumstance, social relation, general politics or religion; optional v66 unavailable in Ukraine"
2009,URBRURAL,Type of community: R self-assessment,False,,"Not a general market/state attitude: demographic, personal circumstance, social relation, general politics or religion; optional v66 unavailable in Ukraine"
2009,ETHNIC,"Family origin, ethnic group, identity",False,,"Not a general market/state attitude: demographic, personal circumstance, social relation, general politics or religion; optional v66 unavailable in Ukraine"
2009,MODE,Administrative mode of data-collection,False,,"Not a general market/state attitude: demographic, personal circumstance, social relation, general politics or religion; optional v66 unavailable in Ukraine"
2009,SUBSCASE,Case substitution flag,False,,"Not a general market/state attitude: demographic, personal circumstance, social relation, general politics or religion; optional v66 unavailable in Ukraine"
2009,WEIGHT,Weighting factor,False,,"Not a general market/state attitude: demographic, personal circumstance, social relation, general politics or religion; optional v66 unavailable in Ukraine"
2019,studyno,GESIS Data Archive Study Number,False,,"Not a general market/state attitude: demographic, personal circumstance, social relation, general politics or religion; optional v66 unavailable in Ukraine"
2019,version,GESIS Archive version,False,,"Not a general market/state attitude: demographic, personal circumstance, social relation, general politics or religion; optional v66 unavailable in Ukraine"
2019,doi,Digital Object Identifier,False,,"Not a general market/state attitude: demographic, personal circumstance, social relation, general politics or religion; optional v66 unavailable in Ukraine"
2019,country,Country ISO 3166 Code (see c_sample for codes for the sample),False,,"Not a general market/state attitude: demographic, personal circumstance, social relation, general politics or religion; optional v66 unavailable in Ukraine"
2019,c_sample,Country/ Sample ISO 3166 Code (see country for codes for whole nation states),False,,"Not a general market/state attitude: demographic, personal circumstance, social relation, general politics or religion; optional v66 unavailable in Ukraine"
2019,c_alphan,Country/ Sample Prefix ISO 3166 Code - alphanumeric,False,,"Not a general market/state attitude: demographic, personal circumstance, social relation, general politics or religion; optional v66 unavailable in Ukraine"
2019,v1,Q1a. Getting ahead: How important is coming from a wealthy family?,True,ahead_wealth,Economic attitude/belief
2019,v2,Q1b. Getting ahead: How important is having well-educated parents?,True,ahead_parents,Economic attitude/belief
2019,v3,Q1c. Getting ahead: How important is having a good education yourself?,True,ahead_education,Economic attitude/belief
2019,v4,Q1d. Getting ahead: How important is hard work?,True,ahead_work,Economic attitude/belief
2019,v5,Q1e. Getting ahead: How important is knowing the right people?,True,ahead_connections,Economic attitude/belief
2019,v6,Q1f. Getting ahead: How important is having political connections?,True,ahead_political,Economic attitude/belief
2019,v7,Q1g. Getting ahead: How important is giving bribes?,True,ahead_bribes,Economic attitude/belief
2019,v8,Q1h. Getting ahead: How important is a person's race?,True,ahead_race,Economic attitude/belief
2019,v9,Q1i. Getting ahead: How important is a person's religion?,True,ahead_religion,Economic attitude/belief
2019,v10,Q1j. Getting ahead: How important is being born a man or a woman?,True,ahead_gender,Economic attitude/belief
2019,v11,Q2a. Actually earn: About how much do you think a doctor in general practice earns?,True,earn_actual_doctor,Economic attitude/belief
2019,v12,Q2b. Actually earn: How much do you think a chairman of a large national corporation earns?,True,earn_actual_chairman,Economic attitude/belief
2019,v13,Q2c. Actually earn: How much do you think a shop assistant earns?,True,earn_actual_shop,Economic attitude/belief
2019,v14,Q2d. Actually earn: How much do you think an unskilled worker in a factory earns?,True,earn_actual_worker,Economic attitude/belief
2019,v15,Q2e. Actually earn: How much do you think a cabinet minister in the Ukrainian government earns?,True,earn_actual_minister,Economic attitude/belief
2019,v16,Q3a. Should earn: About how much do you think a doctor in general practice should earn?,True,earn_ideal_doctor,Economic attitude/belief
2019,v17,Q3b. Should earn: How much do you think a chairman of a large national company should earn?,True,earn_ideal_chairman,Economic attitude/belief
2019,v18,Q3c. Should earn: How much do you think a shop assistant should earn?,True,earn_ideal_shop,Economic attitude/belief
2019,v19,Q3d. Should earn: How much do you think an unskilled worker in a factory should earn?,True,earn_ideal_worker,Economic attitude/belief
2019,v20,Q3e. Should earn: How much do you think a cabinet minister in the Ukrainian government should earn?,True,earn_ideal_minister,Economic attitude/belief
2019,v21,Q4a. Differences in income in Ukraine are too large.,True,income_gap,Economic attitude/belief
2019,v22,Q4b. It is the responsibility of the government to reduce the differences in income between people with high and low incomes.,True,redistribution,Economic attitude/belief
2019,v23,Q4c. The government should provide a decent standard of living for the unemployed.,True,unemployed_living,Economic attitude/belief
2019,v24,Q4d. It is the responsibility of private companies to reduce the differences in pay between their employees with high and low pay.,True,company_pay_gap,Economic attitude/belief
2019,v25,Q5. Who has greatest responsibility for reducing differences in income between people with high and low incomes?,True,responsibility,Economic attitude/belief
2019,v26,Q6. Most politicians in Ukraine do not care about reducing the differences in income between people with high and low incomes.,True,politicians_indifferent,Economic attitude/belief
2019,v27,Q7. How successful is the government in Ukraine nowadays in reducing the differences in income between people with high and low incomes?,True,gov_success,Economic attitude/belief
2019,v28,Q8a. Tax: Do you think people with high incomes should pay a larger share of their income in taxes than those with low incomes?,True,tax_rich,Economic attitude/belief
2019,v29,"Q8b. Generally, how would you describe taxes in Ukraine today for those with high incomes?",True,tax_level,Economic attitude/belief
2019,v30,Q9a. Just or unjust that people with higher incomes can buy better health care than people with lower incomes?,True,buy_health,Economic attitude/belief
2019,v31,Q9b. Just or unjust that people with higher incomes can buy better education for children than people with lower incomes?,True,buy_education,Economic attitude/belief
2019,v32,Q10. Do you feel angry about differences in wealth between the rich and the poor?,True,anger,Economic attitude/belief
2019,v33,Q11a. Present economic differences between rich and poor countries are too large.,True,global_gap,Economic attitude/belief
2019,v34,Q11b. People in wealthy countries should make an additional tax contribution to help people in poor countries.,True,aid_tax,Economic attitude/belief
2019,v35,Q11c. People from poor countries should be allowed to work in wealthy countries.,True,labour_migration,Economic attitude/belief
2019,v36,Q12a. Conflicts in Ukraine: Between poor people and rich people?,True,conflict_rich_poor,Economic attitude/belief
2019,v37,Q12b. Conflicts in Ukraine: Between the working class and the middle class?,True,conflict_class,Economic attitude/belief
2019,v38,Q12c. Conflicts in Ukraine: Between management and workers?,True,conflict_management,Economic attitude/belief
2019,v39,Q12d. Conflicts in Ukraine: Between young people and older people?,False,,"Not a general market/state attitude: demographic, personal circumstance, social relation, general politics or religion; optional v66 unavailable in Ukraine"
2019,v40,Q12e. Conflicts in Ukraine: Between people born in Ukraine and people from other countries who have come to live in Ukraine?,False,,"Not a general market/state attitude: demographic, personal circumstance, social relation, general politics or religion; optional v66 unavailable in Ukraine"
2019,v41,Q13а. In our society there are groups which tend to be towards the top and groups which tend to be  towards the bottom. Below is a scale that runs from top to bottom. Where would you put yourself now on this scale?,False,,"Not a general market/state attitude: demographic, personal circumstance, social relation, general politics or religion; optional v66 unavailable in Ukraine"
2019,v42,"Q13b. And if you think about the family that you grew up in, where did they fit in then?",False,,"Not a general market/state attitude: demographic, personal circumstance, social relation, general politics or religion; optional v66 unavailable in Ukraine"
2019,v43,"Q13c. And thinking ahead 10 years from now, where do you think you will be on a scale of 1 to 10, where 10 is the top and 1 the bottom?",False,,"Not a general market/state attitude: demographic, personal circumstance, social relation, general politics or religion; optional v66 unavailable in Ukraine"
2019,v44,Q14a. Important for pay: How much responsibility goes with the job?,True,pay_responsibility,Economic attitude/belief
2019,v45,Q14b. Important for pay: The number of years spent in education and training?,True,pay_education,Economic attitude/belief
2019,v46,"Q14c. Important for pay: Whether the person has children to support?""",True,pay_children,Economic attitude/belief
2019,v47,Q14d. Important for pay: How well he or she does the job?,True,pay_performance,Economic attitude/belief
2019,v48,Q15a. Type of society: What type of society is Ukraine today - which diagram comes closest?,True,society_actual,Economic attitude/belief
2019,v49,Q15b. Type of society: What do you think Ukraine ought to be like - which would you prefer?,True,society_ideal,Economic attitude/belief
2019,v50,Q16. How fair or unfair do you think the income distribution is in Ukraine?,True,income_fair,Economic attitude/belief
2019,v51,Q17a. Contact with people: How often contact with people who are a lot poorer when you are out and about?,False,,"Not a general market/state attitude: demographic, personal circumstance, social relation, general politics or religion; optional v66 unavailable in Ukraine"
2019,v52,Q17b. Contact with people: How often contact with people who are a lot richer when you are out and about?,False,,"Not a general market/state attitude: demographic, personal circumstance, social relation, general politics or religion; optional v66 unavailable in Ukraine"
2019,v53,"Q18a. Currently, how difficult to make ends meet from total household's income?",False,,"Not a general market/state attitude: demographic, personal circumstance, social relation, general politics or religion; optional v66 unavailable in Ukraine"
2019,v54,"Q18b. During next 12 months, how difficult to make ends meet from total household's income?",False,,"Not a general market/state attitude: demographic, personal circumstance, social relation, general politics or religion; optional v66 unavailable in Ukraine"
2019,v55,Q18c. How often is a meal skipped because there is not enough money for food?,False,,"Not a general market/state attitude: demographic, personal circumstance, social relation, general politics or religion; optional v66 unavailable in Ukraine"
2019,v56,Q19. People can be trusted or can't be too careful in dealing with people?,False,,"Not a general market/state attitude: demographic, personal circumstance, social relation, general politics or religion; optional v66 unavailable in Ukraine"
2019,v57,Q20a. Father's employment relationship when R was [14-15-16] years old.,False,,"Not a general market/state attitude: demographic, personal circumstance, social relation, general politics or religion; optional v66 unavailable in Ukraine"
2019,v58,Q20b. Mother's employment relationship when R was [14-15-16] years old.,False,,"Not a general market/state attitude: demographic, personal circumstance, social relation, general politics or religion; optional v66 unavailable in Ukraine"
2019,v59,"Q21a When you were [14-15-16] years old, what kind of work did your father do?",False,,"Not a general market/state attitude: demographic, personal circumstance, social relation, general politics or religion; optional v66 unavailable in Ukraine"
2019,v60,"Q21b. When you were [14-15-16] years old, what kind of work did your mother do?",False,,"Not a general market/state attitude: demographic, personal circumstance, social relation, general politics or religion; optional v66 unavailable in Ukraine"
2019,v61,Q22. Which social class would you say you belong to?,False,,"Not a general market/state attitude: demographic, personal circumstance, social relation, general politics or religion; optional v66 unavailable in Ukraine"
2019,v62,Q23a OPTIONAL Not extra qualification unless more pay,True,skill_premium,Economic attitude/belief
2019,v63,Q23b OPTIONAL Large income difference necessary for prosperity,True,inequality_prosperity,Economic attitude/belief
2019,v64,Q23c OPTIONAL Inequality continues because it benefits the rich,True,inequality_power,Economic attitude/belief
2019,v65,Q23d OPTIONAL Inequality continues because of lack of union,True,inequality_collective,Economic attitude/belief
2019,v66,Q24 OPTIONAL Differences in wealth between countries fair or unfair,False,,"Not a general market/state attitude: demographic, personal circumstance, social relation, general politics or religion; optional v66 unavailable in Ukraine"
2019,v67,Q25a OPTIONAL Which type of job did your father have when you were [14-15-16] years?,False,,"Not a general market/state attitude: demographic, personal circumstance, social relation, general politics or religion; optional v66 unavailable in Ukraine"
2019,v68,Q25b OPTIONAL Which type of job did your mother have when you were [14-15-16] years?,False,,"Not a general market/state attitude: demographic, personal circumstance, social relation, general politics or religion; optional v66 unavailable in Ukraine"
2019,v69,Q26a OPTIONAL Which type of job do you have now in your current or last job?,False,,"Not a general market/state attitude: demographic, personal circumstance, social relation, general politics or religion; optional v66 unavailable in Ukraine"
2019,v70,Q26b OPTIONAL Which type of job does spouse/ partner have now in current or last job?,False,,"Not a general market/state attitude: demographic, personal circumstance, social relation, general politics or religion; optional v66 unavailable in Ukraine"
2019,SEX,Sex of Respondent,False,,"Not a general market/state attitude: demographic, personal circumstance, social relation, general politics or religion; optional v66 unavailable in Ukraine"
2019,BIRTH,Year of birth,False,,"Not a general market/state attitude: demographic, personal circumstance, social relation, general politics or religion; optional v66 unavailable in Ukraine"
2019,AGE,Age of respondent,False,,"Not a general market/state attitude: demographic, personal circumstance, social relation, general politics or religion; optional v66 unavailable in Ukraine"
2019,EDUCYRS,Years of full-time schooling,False,,"Not a general market/state attitude: demographic, personal circumstance, social relation, general politics or religion; optional v66 unavailable in Ukraine"
2019,UA_DEGR,What is the highest level of education that you have attained?,False,,"Not a general market/state attitude: demographic, personal circumstance, social relation, general politics or religion; optional v66 unavailable in Ukraine"
2019,DEGREE,Comparatve: highest completed degree of education,False,,"Not a general market/state attitude: demographic, personal circumstance, social relation, general politics or religion; optional v66 unavailable in Ukraine"
2019,WORK,"Are you currently working for pay, did you work for pay in the past, or have you never been in paid work?",False,,"Not a general market/state attitude: demographic, personal circumstance, social relation, general politics or religion; optional v66 unavailable in Ukraine"
2019,WRKHRS,"How many hours, on average, do you usually work for pay in a normal week, including overtime?",False,,"Not a general market/state attitude: demographic, personal circumstance, social relation, general politics or religion; optional v66 unavailable in Ukraine"
2019,EMPREL,"Are/were you an employee, self-employed, or working for your own family’s business?",False,,"Not a general market/state attitude: demographic, personal circumstance, social relation, general politics or religion; optional v66 unavailable in Ukraine"
2019,WRKSUP,Do/did you supervise other employees?,False,,"Not a general market/state attitude: demographic, personal circumstance, social relation, general politics or religion; optional v66 unavailable in Ukraine"
2019,NSUP,How many other employees do/did you supervise?,False,,"Not a general market/state attitude: demographic, personal circumstance, social relation, general politics or religion; optional v66 unavailable in Ukraine"
2019,TYPORG1,Do/did you work for a for-profit organisation or for a non-profit organisation?,False,,"Not a general market/state attitude: demographic, personal circumstance, social relation, general politics or religion; optional v66 unavailable in Ukraine"
2019,TYPORG2,Do/did you work for a public or a private employer?,False,,"Not a general market/state attitude: demographic, personal circumstance, social relation, general politics or religion; optional v66 unavailable in Ukraine"
2019,ISCO08,Occupation ISCO/ ILO 2008,False,,"Not a general market/state attitude: demographic, personal circumstance, social relation, general politics or religion; optional v66 unavailable in Ukraine"
2019,MAINSTAT,Which of the following best describes your current situation?,False,,"Not a general market/state attitude: demographic, personal circumstance, social relation, general politics or religion; optional v66 unavailable in Ukraine"
2019,PARTLIV,"Do you have a spouse or a steady partner and, if yes, do you share the same household?",False,,"Not a general market/state attitude: demographic, personal circumstance, social relation, general politics or religion; optional v66 unavailable in Ukraine"
2019,SPWORK,"Is your spouse/partner currently working for pay, did he/she work for pay in the past, or has he/she never been in paid work?",False,,"Not a general market/state attitude: demographic, personal circumstance, social relation, general politics or religion; optional v66 unavailable in Ukraine"
2019,SPWRKHRS,"How many hours, on average, does your spouse/partner usually work for pay in a normal week, including overtime?",False,,"Not a general market/state attitude: demographic, personal circumstance, social relation, general politics or religion; optional v66 unavailable in Ukraine"
2019,SPEMPREL,"Is/was your spouse/partner an employee, self-employed, or working for his/her own family’s business?",False,,"Not a general market/state attitude: demographic, personal circumstance, social relation, general politics or religion; optional v66 unavailable in Ukraine"
2019,SPWRKSUP,Does/did your spouse/partner supervise other employees?,False,,"Not a general market/state attitude: demographic, personal circumstance, social relation, general politics or religion; optional v66 unavailable in Ukraine"
2019,SPISCO08,"Spouse, partner: occupation ISCO/ ILO 2008",False,,"Not a general market/state attitude: demographic, personal circumstance, social relation, general politics or religion; optional v66 unavailable in Ukraine"
2019,SPMAINST,Which of the following best describes your spouse’s/partner’s current situation?,False,,"Not a general market/state attitude: demographic, personal circumstance, social relation, general politics or religion; optional v66 unavailable in Ukraine"
2019,UNION,Are you or have you ever been a member of a trade union?,False,,"Not a general market/state attitude: demographic, personal circumstance, social relation, general politics or religion; optional v66 unavailable in Ukraine"
2019,UA_RELIG,"Do you belong to a religion and, if yes, which religion do you belong to?",False,,"Not a general market/state attitude: demographic, personal circumstance, social relation, general politics or religion; optional v66 unavailable in Ukraine"
2019,RELIGGRP,Comparative: groups of religious affiliations (derived from nat_RELIG),False,,"Not a general market/state attitude: demographic, personal circumstance, social relation, general politics or religion; optional v66 unavailable in Ukraine"
2019,ATTEND,"Apart from such special occasions as weddings, funerals, etc., how often do you attend religious services?",False,,"Not a general market/state attitude: demographic, personal circumstance, social relation, general politics or religion; optional v66 unavailable in Ukraine"
2019,TOPBOT,Top-Bottom self-placement,False,,"Not a general market/state attitude: demographic, personal circumstance, social relation, general politics or religion; optional v66 unavailable in Ukraine"
2019,VOTE_LE,Some people don't vote nowadays for one reason or another. Did you vote in the last election to Verkhovna Rada of Ukraine in july 2019?,False,,"Not a general market/state attitude: demographic, personal circumstance, social relation, general politics or religion; optional v66 unavailable in Ukraine"
2019,UA_PRTY,Which party did you vote for in last election to Verkhovna Rada of Ukraine in july 2019?,False,,"Not a general market/state attitude: demographic, personal circumstance, social relation, general politics or religion; optional v66 unavailable in Ukraine"
2019,PARTY_LR,Party respondent voted for in last general election: left – right scale,False,,"Not a general market/state attitude: demographic, personal circumstance, social relation, general politics or religion; optional v66 unavailable in Ukraine"
2019,UA_ETHN1,Please indicate which of the following group or groups you consider yourself to belong to.,False,,"Not a general market/state attitude: demographic, personal circumstance, social relation, general politics or religion; optional v66 unavailable in Ukraine"
2019,UA_ETHN2,Country specific ethnic group 2: Ukraine,False,,"Not a general market/state attitude: demographic, personal circumstance, social relation, general politics or religion; optional v66 unavailable in Ukraine"
2019,HOMPOP,How many persons in household,False,,"Not a general market/state attitude: demographic, personal circumstance, social relation, general politics or religion; optional v66 unavailable in Ukraine"
2019,HHADULT,How many adults in household,False,,"Not a general market/state attitude: demographic, personal circumstance, social relation, general politics or religion; optional v66 unavailable in Ukraine"
2019,HHCHILDR,How many children above school entry age in household,False,,"Not a general market/state attitude: demographic, personal circumstance, social relation, general politics or religion; optional v66 unavailable in Ukraine"
2019,HHTODD,How many children below school age in household,False,,"Not a general market/state attitude: demographic, personal circumstance, social relation, general politics or religion; optional v66 unavailable in Ukraine"
2019,UA_RINC,"Before taxes and other deductions, how many hryvnas on average is your own total monthly income?",False,,"Not a general market/state attitude: demographic, personal circumstance, social relation, general politics or religion; optional v66 unavailable in Ukraine"
2019,UA_INC,"Before taxes and other deductions, how many hryvnas on average is the total monthly income of your household in?",False,,"Not a general market/state attitude: demographic, personal circumstance, social relation, general politics or religion; optional v66 unavailable in Ukraine"
2019,MARITAL,Legal partnership status,False,,"Not a general market/state attitude: demographic, personal circumstance, social relation, general politics or religion; optional v66 unavailable in Ukraine"
2019,F_BORN,Father's country of birth,False,,"Not a general market/state attitude: demographic, personal circumstance, social relation, general politics or religion; optional v66 unavailable in Ukraine"
2019,M_BORN,Mother's country of birth,False,,"Not a general market/state attitude: demographic, personal circumstance, social relation, general politics or religion; optional v66 unavailable in Ukraine"
2019,URBRURAL,Would you describe the place where you live as,False,,"Not a general market/state attitude: demographic, personal circumstance, social relation, general politics or religion; optional v66 unavailable in Ukraine"
2019,UA_REG,Country specific region: Ukraine,False,,"Not a general market/state attitude: demographic, personal circumstance, social relation, general politics or religion; optional v66 unavailable in Ukraine"
2019,CASEID,ID No. of respondent,False,,"Not a general market/state attitude: demographic, personal circumstance, social relation, general politics or religion; optional v66 unavailable in Ukraine"
2019,SUBSCASE,Case substitution flag,False,,"Not a general market/state attitude: demographic, personal circumstance, social relation, general politics or religion; optional v66 unavailable in Ukraine"
2019,DATEYR,Year of interview,False,,"Not a general market/state attitude: demographic, personal circumstance, social relation, general politics or religion; optional v66 unavailable in Ukraine"
2019,DATEMO,Month of interview: MM (two digits),False,,"Not a general market/state attitude: demographic, personal circumstance, social relation, general politics or religion; optional v66 unavailable in Ukraine"
2019,DATEDY,Day of interview: DD (two digits),False,,"Not a general market/state attitude: demographic, personal circumstance, social relation, general politics or religion; optional v66 unavailable in Ukraine"
2019,INTLANG,Language of the interview,False,,"Not a general market/state attitude: demographic, personal circumstance, social relation, general politics or religion; optional v66 unavailable in Ukraine"
2019,WEIGHT,Weight,False,,"Not a general market/state attitude: demographic, personal circumstance, social relation, general politics or religion; optional v66 unavailable in Ukraine"
2019,MODE,Administrative mode of data-collection,False,,"Not a general market/state attitude: demographic, personal circumstance, social relation, general politics or religion; optional v66 unavailable in Ukraine"
2019,PARTIALS,Flag variable indicating partially completed interviews,False,,"Not a general market/state attitude: demographic, personal circumstance, social relation, general politics or religion; optional v66 unavailable in Ukraine"
2019,F_BORN_UA,Father's country of birth: Ukraine,False,,"Not a general market/state attitude: demographic, personal circumstance, social relation, general politics or religion; optional v66 unavailable in Ukraine"
2019,M_BORN_UA,Mother's country of birth: Ukraine,False,,"Not a general market/state attitude: demographic, personal circumstance, social relation, general politics or religion; optional v66 unavailable in Ukraine"
