survey,item,year,question_type,source_file,source_field,source_table,source_sha256,response,estimate,se,ci_low,ci_high,n_valid,n_domain,n_psu,kish_n,weight_sum,weighted,variance_method,denominator,excluded_non_numeric_pct,spontaneous_against_democracy_pct,round,fieldwork_period,question,study_status,age_group,design_df,chart_id,plotted_metric
WVS,E040,1996,numeric,WVS_Time_Series_1981-2022_spss_v5_0.sav,E040,original microdata,9e939f64e98bf702c956ec4ce4728b0ac8cd16c18d5a71fc8b9fafeb30dd81f7,Mean,5.854166666666667,0.060623043176803,5.7352964842633085,5.973036849070025,2544.0,2811.0,2811.0,2544.0,2544.0,True,Weighted respondent linearization; approximate,valid 1–10 ratings,9.498399146211312,,,,Does hard work bring a better life?,,,,wvs__e040,Weighted mean (1–10)
WVS,E040,2006,numeric,WVS_Time_Series_1981-2022_spss_v5_0.sav,E040,original microdata,9e939f64e98bf702c956ec4ce4728b0ac8cd16c18d5a71fc8b9fafeb30dd81f7,Mean,6.079569557822481,0.1007317920236536,5.881899385880193,6.277239729764768,966.0,1000.0,1000.0,730.2052072670878,965.918262,True,Weighted respondent linearization; approximate,valid 1–10 ratings,3.4081725443062423,,,,Does hard work bring a better life?,,,,wvs__e040,Weighted mean (1–10)
WVS,E040,2011,numeric,WVS_Time_Series_1981-2022_spss_v5_0.sav,E040,original microdata,9e939f64e98bf702c956ec4ce4728b0ac8cd16c18d5a71fc8b9fafeb30dd81f7,Mean,6.287512630447122,0.0804983277919226,6.129611311808551,6.445413949085692,1500.0,1500.0,1500.0,1366.4216831899291,1500.0003419999998,True,Weighted respondent linearization; approximate,valid 1–10 ratings,0.0,,,,Does hard work bring a better life?,,,,wvs__e040,Weighted mean (1–10)
WVS,E040,2020,numeric,WVS_Time_Series_1981-2022_spss_v5_0.sav,E040,original microdata,9e939f64e98bf702c956ec4ce4728b0ac8cd16c18d5a71fc8b9fafeb30dd81f7,Mean,5.933476015783041,0.0800332407633737,5.776466202795022,6.090485828771061,1245.0,1289.0,1289.0,1209.809740961162,1245.4916520000002,True,Weighted respondent linearization; approximate,valid 1–10 ratings,3.375353562269084,,,,Does hard work bring a better life?,,,,wvs__e040,Weighted mean (1–10)
WVS,E039,1996,numeric,WVS_Time_Series_1981-2022_spss_v5_0.sav,E039,original microdata,9e939f64e98bf702c956ec4ce4728b0ac8cd16c18d5a71fc8b9fafeb30dd81f7,Mean,7.220228384991843,0.0531794588587101,7.115953646486706,7.324503123496981,2452.0,2811.0,2811.0,2452.0,2452.0,True,Weighted respondent linearization; approximate,valid 1–10 ratings,12.771255780860905,,,,Is competition beneficial?,,,,wvs__e039,Weighted mean (1–10)
WVS,E039,2006,numeric,WVS_Time_Series_1981-2022_spss_v5_0.sav,E039,original microdata,9e939f64e98bf702c956ec4ce4728b0ac8cd16c18d5a71fc8b9fafeb30dd81f7,Mean,6.420079968837575,0.098759707281614,6.226279700549461,6.613880237125689,938.0,1000.0,1000.0,714.6452769729699,932.695063,True,Weighted respondent linearization; approximate,valid 1–10 ratings,6.7304924874964,,,,Is competition beneficial?,,,,wvs__e039,Weighted mean (1–10)
WVS,E039,2011,numeric,WVS_Time_Series_1981-2022_spss_v5_0.sav,E039,original microdata,9e939f64e98bf702c956ec4ce4728b0ac8cd16c18d5a71fc8b9fafeb30dd81f7,Mean,6.559419693785643,0.0743593216377674,6.41356032922812,6.705279058343167,1500.0,1500.0,1500.0,1366.4216831899291,1500.0003419999998,True,Weighted respondent linearization; approximate,valid 1–10 ratings,0.0,,,,Is competition beneficial?,,,,wvs__e039,Weighted mean (1–10)
WVS,E039,2020,numeric,WVS_Time_Series_1981-2022_spss_v5_0.sav,E039,original microdata,9e939f64e98bf702c956ec4ce4728b0ac8cd16c18d5a71fc8b9fafeb30dd81f7,Mean,6.859523335352248,0.0760561001621067,6.710315906674496,7.008730764029999,1215.0,1289.0,1289.0,1180.2599431317558,1214.3485,True,Weighted respondent linearization; approximate,valid 1–10 ratings,5.791424393514217,,,,Is competition beneficial?,,,,wvs__e039,Weighted mean (1–10)
WVS,E069_41,2011,ordinal,WVS_Time_Series_1981-2022_spss_v5_0.sav,E069_41,original microdata,9e939f64e98bf702c956ec4ce4728b0ac8cd16c18d5a71fc8b9fafeb30dd81f7,Confidence,32.55609171054443,1.2649254248134294,30.07488001290795,35.037303408180904,1500.0,1500.0,1500.0,1366.4216831899291,1500.0003419999998,True,Weighted respondent linearization; approximate,all eligible adults,,,,,Do you have confidence in banks?,,,,wvs__e069_41,Response shares (%)
WVS,E069_41,2020,ordinal,WVS_Time_Series_1981-2022_spss_v5_0.sav,E069_41,original microdata,9e939f64e98bf702c956ec4ce4728b0ac8cd16c18d5a71fc8b9fafeb30dd81f7,Confidence,30.54313055299572,1.2962202891055008,28.000195851832537,33.0860652541589,1289.0,1289.0,1289.0,1253.0848479968222,1288.999958,True,Weighted respondent linearization; approximate,all eligible adults,,,,,Do you have confidence in banks?,,,,wvs__e069_41,Response shares (%)
WVS,E069_41,2011,ordinal,WVS_Time_Series_1981-2022_spss_v5_0.sav,E069_41,original microdata,9e939f64e98bf702c956ec4ce4728b0ac8cd16c18d5a71fc8b9fafeb30dd81f7,No confidence,67.44390828945559,1.2649254248134294,64.96269659181911,69.92511998709207,1500.0,1500.0,1500.0,1366.4216831899291,1500.0003419999998,True,Weighted respondent linearization; approximate,all eligible adults,,,,,Do you have confidence in banks?,,,,wvs__e069_41,Response shares (%)
WVS,E069_41,2020,ordinal,WVS_Time_Series_1981-2022_spss_v5_0.sav,E069_41,original microdata,9e939f64e98bf702c956ec4ce4728b0ac8cd16c18d5a71fc8b9fafeb30dd81f7,No confidence,60.99906537002385,1.3758711951835685,58.299870922930616,63.69825981711708,1289.0,1289.0,1289.0,1253.0848479968222,1288.999958,True,Weighted respondent linearization; approximate,all eligible adults,,,,,Do you have confidence in banks?,,,,wvs__e069_41,Response shares (%)
WVS,E069_41,2011,ordinal,WVS_Time_Series_1981-2022_spss_v5_0.sav,E069_41,original microdata,9e939f64e98bf702c956ec4ce4728b0ac8cd16c18d5a71fc8b9fafeb30dd81f7,Don't know,0.0,0.0,0.0,0.0,1500.0,1500.0,1500.0,1366.4216831899291,1500.0003419999998,True,Weighted respondent linearization; approximate,all eligible adults,,,,,Do you have confidence in banks?,,,,wvs__e069_41,Response shares (%)
WVS,E069_41,2020,ordinal,WVS_Time_Series_1981-2022_spss_v5_0.sav,E069_41,original microdata,9e939f64e98bf702c956ec4ce4728b0ac8cd16c18d5a71fc8b9fafeb30dd81f7,Don't know,8.159572182080709,0.7766753846453485,6.635884577625099,9.683259786536318,1289.0,1289.0,1289.0,1253.0848479968222,1288.999958,True,Weighted respondent linearization; approximate,all eligible adults,,,,,Do you have confidence in banks?,,,,wvs__e069_41,Response shares (%)
WVS,E069_41,2011,ordinal,WVS_Time_Series_1981-2022_spss_v5_0.sav,E069_41,original microdata,9e939f64e98bf702c956ec4ce4728b0ac8cd16c18d5a71fc8b9fafeb30dd81f7,No answer / other missing,0.0,0.0,0.0,0.0,1500.0,1500.0,1500.0,1366.4216831899291,1500.0003419999998,True,Weighted respondent linearization; approximate,all eligible adults,,,,,Do you have confidence in banks?,,,,wvs__e069_41,Response shares (%)
WVS,E069_41,2020,ordinal,WVS_Time_Series_1981-2022_spss_v5_0.sav,E069_41,original microdata,9e939f64e98bf702c956ec4ce4728b0ac8cd16c18d5a71fc8b9fafeb30dd81f7,No answer / other missing,0.2982318948997204,0.150230058191511,0.0035094381199499,0.5929543516794908,1289.0,1289.0,1289.0,1253.0848479968222,1288.999958,True,Weighted respondent linearization; approximate,all eligible adults,,,,,Do you have confidence in banks?,,,,wvs__e069_41,Response shares (%)
WVS,E069_05,1996,ordinal,WVS_Time_Series_1981-2022_spss_v5_0.sav,E069_05,original microdata,9e939f64e98bf702c956ec4ce4728b0ac8cd16c18d5a71fc8b9fafeb30dd81f7,Confidence,34.22269654927072,0.895039054760052,32.46769630312394,35.97769679541751,2811.0,2811.0,2811.0,2811.0,2811.0,True,Weighted respondent linearization; approximate,all eligible adults,,,,,Do you have confidence in labour unions?,,,,wvs__e069_05,Response shares (%)
WVS,E069_05,2006,ordinal,WVS_Time_Series_1981-2022_spss_v5_0.sav,E069_05,original microdata,9e939f64e98bf702c956ec4ce4728b0ac8cd16c18d5a71fc8b9fafeb30dd81f7,Confidence,32.26704501947158,1.6897091375413325,28.95125872161818,35.58283131732498,1000.0,1000.0,1000.0,759.1969643649808,999.999987,True,Weighted respondent linearization; approximate,all eligible adults,,,,,Do you have confidence in labour unions?,,,,wvs__e069_05,Response shares (%)
WVS,E069_05,2011,ordinal,WVS_Time_Series_1981-2022_spss_v5_0.sav,E069_05,original microdata,9e939f64e98bf702c956ec4ce4728b0ac8cd16c18d5a71fc8b9fafeb30dd81f7,Confidence,39.23980398665803,1.3204146106617964,36.64974759800777,41.82986037530829,1500.0,1500.0,1500.0,1366.4216831899291,1500.0003419999998,True,Weighted respondent linearization; approximate,all eligible adults,,,,,Do you have confidence in labour unions?,,,,wvs__e069_05,Response shares (%)
WVS,E069_05,2020,ordinal,WVS_Time_Series_1981-2022_spss_v5_0.sav,E069_05,original microdata,9e939f64e98bf702c956ec4ce4728b0ac8cd16c18d5a71fc8b9fafeb30dd81f7,Confidence,20.603775070099733,1.1466631576256356,18.35424267303798,22.85330746716149,1289.0,1289.0,1289.0,1253.0848479968222,1288.999958,True,Weighted respondent linearization; approximate,all eligible adults,,,,,Do you have confidence in labour unions?,,,,wvs__e069_05,Response shares (%)
WVS,E069_05,1996,ordinal,WVS_Time_Series_1981-2022_spss_v5_0.sav,E069_05,original microdata,9e939f64e98bf702c956ec4ce4728b0ac8cd16c18d5a71fc8b9fafeb30dd81f7,No confidence,53.89541088580577,0.9403614384301316,52.05154212149328,55.73927965011825,2811.0,2811.0,2811.0,2811.0,2811.0,True,Weighted respondent linearization; approximate,all eligible adults,,,,,Do you have confidence in labour unions?,,,,wvs__e069_05,Response shares (%)
WVS,E069_05,2006,ordinal,WVS_Time_Series_1981-2022_spss_v5_0.sav,E069_05,original microdata,9e939f64e98bf702c956ec4ce4728b0ac8cd16c18d5a71fc8b9fafeb30dd81f7,No confidence,49.46847334309015,1.8148641454996413,45.90709018405167,53.029856502128624,1000.0,1000.0,1000.0,759.1969643649808,999.999987,True,Weighted respondent linearization; approximate,all eligible adults,,,,,Do you have confidence in labour unions?,,,,wvs__e069_05,Response shares (%)
WVS,E069_05,2011,ordinal,WVS_Time_Series_1981-2022_spss_v5_0.sav,E069_05,original microdata,9e939f64e98bf702c956ec4ce4728b0ac8cd16c18d5a71fc8b9fafeb30dd81f7,No confidence,60.760196013341975,1.3204146106617964,58.170139624691714,63.35025240199224,1500.0,1500.0,1500.0,1366.4216831899291,1500.0003419999998,True,Weighted respondent linearization; approximate,all eligible adults,,,,,Do you have confidence in labour unions?,,,,wvs__e069_05,Response shares (%)
WVS,E069_05,2020,ordinal,WVS_Time_Series_1981-2022_spss_v5_0.sav,E069_05,original microdata,9e939f64e98bf702c956ec4ce4728b0ac8cd16c18d5a71fc8b9fafeb30dd81f7,No confidence,51.67709757210094,1.412414086223904,48.90621300683233,54.44798213736955,1289.0,1289.0,1289.0,1253.0848479968222,1288.999958,True,Weighted respondent linearization; approximate,all eligible adults,,,,,Do you have confidence in labour unions?,,,,wvs__e069_05,Response shares (%)
WVS,E069_05,1996,ordinal,WVS_Time_Series_1981-2022_spss_v5_0.sav,E069_05,original microdata,9e939f64e98bf702c956ec4ce4728b0ac8cd16c18d5a71fc8b9fafeb30dd81f7,Don't know,11.881892564923517,0.6104108311329354,10.684993778002802,13.078791351844227,2811.0,2811.0,2811.0,2811.0,2811.0,True,Weighted respondent linearization; approximate,all eligible adults,,,,,Do you have confidence in labour unions?,,,,wvs__e069_05,Response shares (%)
WVS,E069_05,2006,ordinal,WVS_Time_Series_1981-2022_spss_v5_0.sav,E069_05,original microdata,9e939f64e98bf702c956ec4ce4728b0ac8cd16c18d5a71fc8b9fafeb30dd81f7,Don't know,14.41486688739327,1.3319789158050537,11.801069435553432,17.028664339233107,1000.0,1000.0,1000.0,759.1969643649808,999.999987,True,Weighted respondent linearization; approximate,all eligible adults,,,,,Do you have confidence in labour unions?,,,,wvs__e069_05,Response shares (%)
WVS,E069_05,2011,ordinal,WVS_Time_Series_1981-2022_spss_v5_0.sav,E069_05,original microdata,9e939f64e98bf702c956ec4ce4728b0ac8cd16c18d5a71fc8b9fafeb30dd81f7,Don't know,0.0,0.0,0.0,0.0,1500.0,1500.0,1500.0,1366.4216831899291,1500.0003419999998,True,Weighted respondent linearization; approximate,all eligible adults,,,,,Do you have confidence in labour unions?,,,,wvs__e069_05,Response shares (%)
WVS,E069_05,2020,ordinal,WVS_Time_Series_1981-2022_spss_v5_0.sav,E069_05,original microdata,9e939f64e98bf702c956ec4ce4728b0ac8cd16c18d5a71fc8b9fafeb30dd81f7,Don't know,26.441674639682184,1.2475074029694833,23.9943052445015,28.889044034862867,1289.0,1289.0,1289.0,1253.0848479968222,1288.999958,True,Weighted respondent linearization; approximate,all eligible adults,,,,,Do you have confidence in labour unions?,,,,wvs__e069_05,Response shares (%)
WVS,E069_05,1996,ordinal,WVS_Time_Series_1981-2022_spss_v5_0.sav,E069_05,original microdata,9e939f64e98bf702c956ec4ce4728b0ac8cd16c18d5a71fc8b9fafeb30dd81f7,No answer / other missing,0.0,0.0,0.0,0.0,2811.0,2811.0,2811.0,2811.0,2811.0,True,Weighted respondent linearization; approximate,all eligible adults,,,,,Do you have confidence in labour unions?,,,,wvs__e069_05,Response shares (%)
WVS,E069_05,2006,ordinal,WVS_Time_Series_1981-2022_spss_v5_0.sav,E069_05,original microdata,9e939f64e98bf702c956ec4ce4728b0ac8cd16c18d5a71fc8b9fafeb30dd81f7,No answer / other missing,3.849614750044992,0.7429338000146796,2.39172495139876,5.307504548691224,1000.0,1000.0,1000.0,759.1969643649808,999.999987,True,Weighted respondent linearization; approximate,all eligible adults,,,,,Do you have confidence in labour unions?,,,,wvs__e069_05,Response shares (%)
WVS,E069_05,2011,ordinal,WVS_Time_Series_1981-2022_spss_v5_0.sav,E069_05,original microdata,9e939f64e98bf702c956ec4ce4728b0ac8cd16c18d5a71fc8b9fafeb30dd81f7,No answer / other missing,0.0,0.0,0.0,0.0,1500.0,1500.0,1500.0,1366.4216831899291,1500.0003419999998,True,Weighted respondent linearization; approximate,all eligible adults,,,,,Do you have confidence in labour unions?,,,,wvs__e069_05,Response shares (%)
WVS,E069_05,2020,ordinal,WVS_Time_Series_1981-2022_spss_v5_0.sav,E069_05,original microdata,9e939f64e98bf702c956ec4ce4728b0ac8cd16c18d5a71fc8b9fafeb30dd81f7,No answer / other missing,1.2774527181171562,0.3105024118367251,0.6683067538927031,1.8865986823416088,1289.0,1289.0,1289.0,1253.0848479968222,1288.999958,True,Weighted respondent linearization; approximate,all eligible adults,,,,,Do you have confidence in labour unions?,,,,wvs__e069_05,Response shares (%)
WVS,E069_13,1996,ordinal,WVS_Time_Series_1981-2022_spss_v5_0.sav,E069_13,original microdata,9e939f64e98bf702c956ec4ce4728b0ac8cd16c18d5a71fc8b9fafeb30dd81f7,Confidence,43.40092493774458,0.9349771550909104,41.56761372232943,45.23423615315972,2811.0,2811.0,2811.0,2811.0,2811.0,True,Weighted respondent linearization; approximate,all eligible adults,,,,,Do you have confidence in major companies?,,,,wvs__e069_13,Response shares (%)
WVS,E069_13,2006,ordinal,WVS_Time_Series_1981-2022_spss_v5_0.sav,E069_13,original microdata,9e939f64e98bf702c956ec4ce4728b0ac8cd16c18d5a71fc8b9fafeb30dd81f7,Confidence,42.95101315836316,1.786312133370978,39.445658796523546,46.456367520202775,1000.0,1000.0,1000.0,759.1969643649808,999.999987,True,Weighted respondent linearization; approximate,all eligible adults,,,,,Do you have confidence in major companies?,,,,wvs__e069_13,Response shares (%)
WVS,E069_13,2011,ordinal,WVS_Time_Series_1981-2022_spss_v5_0.sav,E069_13,original microdata,9e939f64e98bf702c956ec4ce4728b0ac8cd16c18d5a71fc8b9fafeb30dd81f7,Confidence,41.47233081097525,1.3349543347362665,38.85375405839974,44.09090756355075,1500.0,1500.0,1500.0,1366.4216831899291,1500.0003419999998,True,Weighted respondent linearization; approximate,all eligible adults,,,,,Do you have confidence in major companies?,,,,wvs__e069_13,Response shares (%)
WVS,E069_13,2020,ordinal,WVS_Time_Series_1981-2022_spss_v5_0.sav,E069_13,original microdata,9e939f64e98bf702c956ec4ce4728b0ac8cd16c18d5a71fc8b9fafeb30dd81f7,Confidence,34.719044343056524,1.3455910222895124,32.07925376662994,37.35883491948311,1289.0,1289.0,1289.0,1253.0848479968222,1288.999958,True,Weighted respondent linearization; approximate,all eligible adults,,,,,Do you have confidence in major companies?,,,,wvs__e069_13,Response shares (%)
WVS,E069_13,1996,ordinal,WVS_Time_Series_1981-2022_spss_v5_0.sav,E069_13,original microdata,9e939f64e98bf702c956ec4ce4728b0ac8cd16c18d5a71fc8b9fafeb30dd81f7,No confidence,31.483457844183565,0.8761647390945922,29.765466517885105,33.20144917048203,2811.0,2811.0,2811.0,2811.0,2811.0,True,Weighted respondent linearization; approximate,all eligible adults,,,,,Do you have confidence in major companies?,,,,wvs__e069_13,Response shares (%)
WVS,E069_13,2006,ordinal,WVS_Time_Series_1981-2022_spss_v5_0.sav,E069_13,original microdata,9e939f64e98bf702c956ec4ce4728b0ac8cd16c18d5a71fc8b9fafeb30dd81f7,No confidence,38.83474570485169,1.7931959403509137,35.31588296316491,42.35360844653847,1000.0,1000.0,1000.0,759.1969643649808,999.999987,True,Weighted respondent linearization; approximate,all eligible adults,,,,,Do you have confidence in major companies?,,,,wvs__e069_13,Response shares (%)
WVS,E069_13,2011,ordinal,WVS_Time_Series_1981-2022_spss_v5_0.sav,E069_13,original microdata,9e939f64e98bf702c956ec4ce4728b0ac8cd16c18d5a71fc8b9fafeb30dd81f7,No confidence,58.52766918902476,1.3349543347362665,55.90909243644926,61.14624594160027,1500.0,1500.0,1500.0,1366.4216831899291,1500.0003419999998,True,Weighted respondent linearization; approximate,all eligible adults,,,,,Do you have confidence in major companies?,,,,wvs__e069_13,Response shares (%)
WVS,E069_13,2020,ordinal,WVS_Time_Series_1981-2022_spss_v5_0.sav,E069_13,original microdata,9e939f64e98bf702c956ec4ce4728b0ac8cd16c18d5a71fc8b9fafeb30dd81f7,No confidence,44.456952573461614,1.4028939010690036,41.70474477895131,47.20916036797192,1289.0,1289.0,1289.0,1253.0848479968222,1288.999958,True,Weighted respondent linearization; approximate,all eligible adults,,,,,Do you have confidence in major companies?,,,,wvs__e069_13,Response shares (%)
WVS,E069_13,1996,ordinal,WVS_Time_Series_1981-2022_spss_v5_0.sav,E069_13,original microdata,9e939f64e98bf702c956ec4ce4728b0ac8cd16c18d5a71fc8b9fafeb30dd81f7,Don't know,25.11561721807186,0.81811507460084,23.511450171209543,26.719784264934177,2811.0,2811.0,2811.0,2811.0,2811.0,True,Weighted respondent linearization; approximate,all eligible adults,,,,,Do you have confidence in major companies?,,,,wvs__e069_13,Response shares (%)
WVS,E069_13,2006,ordinal,WVS_Time_Series_1981-2022_spss_v5_0.sav,E069_13,original microdata,9e939f64e98bf702c956ec4ce4728b0ac8cd16c18d5a71fc8b9fafeb30dd81f7,Don't know,15.916761506917895,1.3147889760468232,13.336696586580022,18.496826427255773,1000.0,1000.0,1000.0,759.1969643649808,999.999987,True,Weighted respondent linearization; approximate,all eligible adults,,,,,Do you have confidence in major companies?,,,,wvs__e069_13,Response shares (%)
WVS,E069_13,2011,ordinal,WVS_Time_Series_1981-2022_spss_v5_0.sav,E069_13,original microdata,9e939f64e98bf702c956ec4ce4728b0ac8cd16c18d5a71fc8b9fafeb30dd81f7,Don't know,0.0,0.0,0.0,0.0,1500.0,1500.0,1500.0,1366.4216831899291,1500.0003419999998,True,Weighted respondent linearization; approximate,all eligible adults,,,,,Do you have confidence in major companies?,,,,wvs__e069_13,Response shares (%)
WVS,E069_13,2020,ordinal,WVS_Time_Series_1981-2022_spss_v5_0.sav,E069_13,original microdata,9e939f64e98bf702c956ec4ce4728b0ac8cd16c18d5a71fc8b9fafeb30dd81f7,Don't know,20.485251249325486,1.1488759419012795,18.23137779544799,22.739124703202982,1289.0,1289.0,1289.0,1253.0848479968222,1288.999958,True,Weighted respondent linearization; approximate,all eligible adults,,,,,Do you have confidence in major companies?,,,,wvs__e069_13,Response shares (%)
WVS,E069_13,1996,ordinal,WVS_Time_Series_1981-2022_spss_v5_0.sav,E069_13,original microdata,9e939f64e98bf702c956ec4ce4728b0ac8cd16c18d5a71fc8b9fafeb30dd81f7,No answer / other missing,0.0,0.0,0.0,0.0,2811.0,2811.0,2811.0,2811.0,2811.0,True,Weighted respondent linearization; approximate,all eligible adults,,,,,Do you have confidence in major companies?,,,,wvs__e069_13,Response shares (%)
WVS,E069_13,2006,ordinal,WVS_Time_Series_1981-2022_spss_v5_0.sav,E069_13,original microdata,9e939f64e98bf702c956ec4ce4728b0ac8cd16c18d5a71fc8b9fafeb30dd81f7,No answer / other missing,2.2974796298672344,0.5082005614642373,1.3002165975346636,3.294742662199805,1000.0,1000.0,1000.0,759.1969643649808,999.999987,True,Weighted respondent linearization; approximate,all eligible adults,,,,,Do you have confidence in major companies?,,,,wvs__e069_13,Response shares (%)
WVS,E069_13,2011,ordinal,WVS_Time_Series_1981-2022_spss_v5_0.sav,E069_13,original microdata,9e939f64e98bf702c956ec4ce4728b0ac8cd16c18d5a71fc8b9fafeb30dd81f7,No answer / other missing,0.0,0.0,0.0,0.0,1500.0,1500.0,1500.0,1366.4216831899291,1500.0003419999998,True,Weighted respondent linearization; approximate,all eligible adults,,,,,Do you have confidence in major companies?,,,,wvs__e069_13,Response shares (%)
WVS,E069_13,2020,ordinal,WVS_Time_Series_1981-2022_spss_v5_0.sav,E069_13,original microdata,9e939f64e98bf702c956ec4ce4728b0ac8cd16c18d5a71fc8b9fafeb30dd81f7,No answer / other missing,0.3387518341563825,0.1703753649022722,0.0045081633276313,0.6729955049851337,1289.0,1289.0,1289.0,1253.0848479968222,1288.999958,True,Weighted respondent linearization; approximate,all eligible adults,,,,,Do you have confidence in major companies?,,,,wvs__e069_13,Response shares (%)
WVS,E233A,2011,numeric,WVS_Time_Series_1981-2022_spss_v5_0.sav,E233A,original microdata,9e939f64e98bf702c956ec4ce4728b0ac8cd16c18d5a71fc8b9fafeb30dd81f7,Mean,7.577236716390029,0.0642287051347175,7.451249040454263,7.7032243923257955,1500.0,1500.0,1500.0,1366.4216831899291,1500.0003419999998,True,Weighted respondent linearization; approximate,valid 1–10 ratings,0.0,0.0,,,Is state equalisation of incomes essential to democracy?,,,,wvs__e233a,Weighted mean (1–10)
WVS,E233A,2020,numeric,WVS_Time_Series_1981-2022_spss_v5_0.sav,E233A,original microdata,9e939f64e98bf702c956ec4ce4728b0ac8cd16c18d5a71fc8b9fafeb30dd81f7,Mean,7.509491824750976,0.0723418118014218,7.367571114883212,7.651412534618741,1197.0,1289.0,1289.0,1162.5344899006143,1199.646148,True,Weighted respondent linearization; approximate,valid 1–10 ratings,6.93202582711023,0.0,,,Is state equalisation of incomes essential to democracy?,,,,wvs__e233a,Weighted mean (1–10)
WVS,E035,1996,numeric,WVS_Time_Series_1981-2022_spss_v5_0.sav,E035,original microdata,9e939f64e98bf702c956ec4ce4728b0ac8cd16c18d5a71fc8b9fafeb30dd81f7,Mean,6.671367019193106,0.0553392874818788,6.562857270220954,6.779876768165257,2553.0,2811.0,2811.0,2553.0,2553.0,True,Weighted respondent linearization; approximate,valid 1–10 ratings,9.178228388473851,,,,Should income differences provide incentives for effort?,,,,wvs__e035,Weighted mean (1–10)
WVS,E035,2006,numeric,WVS_Time_Series_1981-2022_spss_v5_0.sav,E035,original microdata,9e939f64e98bf702c956ec4ce4728b0ac8cd16c18d5a71fc8b9fafeb30dd81f7,Mean,6.940826305858634,0.094142411119195,6.756086749268367,7.125565862448901,967.0,1000.0,1000.0,739.6895098648409,963.377001,True,Weighted respondent linearization; approximate,valid 1–10 ratings,3.6622986476098816,,,,Should income differences provide incentives for effort?,,,,wvs__e035,Weighted mean (1–10)
WVS,E035,2011,numeric,WVS_Time_Series_1981-2022_spss_v5_0.sav,E035,original microdata,9e939f64e98bf702c956ec4ce4728b0ac8cd16c18d5a71fc8b9fafeb30dd81f7,Mean,3.514745351304727,0.069284878703825,3.378839749174379,3.650650953435075,1500.0,1500.0,1500.0,1366.4216831899291,1500.0003419999998,True,Weighted respondent linearization; approximate,valid 1–10 ratings,0.0,,,,Should income differences provide incentives for effort?,,,,wvs__e035,Weighted mean (1–10)
WVS,E035,2020,numeric,WVS_Time_Series_1981-2022_spss_v5_0.sav,E035,original microdata,9e939f64e98bf702c956ec4ce4728b0ac8cd16c18d5a71fc8b9fafeb30dd81f7,Mean,6.159962650464011,0.0766610717457802,6.009568383988493,6.310356916939528,1236.0,1289.0,1289.0,1200.7256883134485,1236.086039,True,Weighted respondent linearization; approximate,valid 1–10 ratings,4.105036518550453,,,,Should income differences provide incentives for effort?,,,,wvs__e035,Weighted mean (1–10)
WVS,E037,1996,numeric,WVS_Time_Series_1981-2022_spss_v5_0.sav,E037,original microdata,9e939f64e98bf702c956ec4ce4728b0ac8cd16c18d5a71fc8b9fafeb30dd81f7,Mean,3.4507617985878856,0.0514205946978635,3.349935855997081,3.55158774117869,2691.0,2811.0,2811.0,2691.0,2691.0,True,Weighted respondent linearization; approximate,valid 1–10 ratings,4.268943436499466,,,,Should individuals take more responsibility for providing for themselves?,,,,wvs__e037,Weighted mean (1–10)
WVS,E037,2006,numeric,WVS_Time_Series_1981-2022_spss_v5_0.sav,E037,original microdata,9e939f64e98bf702c956ec4ce4728b0ac8cd16c18d5a71fc8b9fafeb30dd81f7,Mean,3.960113525881104,0.0935484782216666,3.776539468440788,4.14368758332142,975.0,1000.0,1000.0,745.7505998197923,965.405588,True,Weighted respondent linearization; approximate,valid 1–10 ratings,3.459439944972718,,,,Should individuals take more responsibility for providing for themselves?,,,,wvs__e037,Weighted mean (1–10)
WVS,E037,2011,numeric,WVS_Time_Series_1981-2022_spss_v5_0.sav,E037,original microdata,9e939f64e98bf702c956ec4ce4728b0ac8cd16c18d5a71fc8b9fafeb30dd81f7,Mean,3.0146019766707504,0.0704339679059751,2.876442381131721,3.1527615722097795,1500.0,1500.0,1500.0,1366.4216831899291,1500.0003419999998,True,Weighted respondent linearization; approximate,valid 1–10 ratings,0.0,,,,Should individuals take more responsibility for providing for themselves?,,,,wvs__e037,Weighted mean (1–10)
WVS,E037,2020,numeric,WVS_Time_Series_1981-2022_spss_v5_0.sav,E037,original microdata,9e939f64e98bf702c956ec4ce4728b0ac8cd16c18d5a71fc8b9fafeb30dd81f7,Mean,4.441620571181438,0.0772335964070831,4.290103121524222,4.593138020838653,1240.0,1289.0,1289.0,1204.4854211503643,1240.8604959999998,True,Weighted respondent linearization; approximate,valid 1–10 ratings,3.734636428902041,,,,Should individuals take more responsibility for providing for themselves?,,,,wvs__e037,Weighted mean (1–10)
WVS,B008,1996,nominal,WVS_Time_Series_1981-2022_spss_v5_0.sav,B008,original microdata,9e939f64e98bf702c956ec4ce4728b0ac8cd16c18d5a71fc8b9fafeb30dd81f7,Protect the environment,44.85948061188189,0.9382301541805502,43.019790887984165,46.69917033577962,2811.0,2811.0,2811.0,2811.0,2811.0,True,Weighted respondent linearization; approximate,all eligible adults,,,,,Should economic growth and jobs take priority over environmental protection?,,,,wvs__b008,Response shares (%)
WVS,B008,2006,nominal,WVS_Time_Series_1981-2022_spss_v5_0.sav,B008,original microdata,9e939f64e98bf702c956ec4ce4728b0ac8cd16c18d5a71fc8b9fafeb30dd81f7,Protect the environment,43.51339756567416,1.807086338645864,39.96727711950154,47.059518011846784,1000.0,1000.0,1000.0,759.1969643649808,999.999987,True,Weighted respondent linearization; approximate,all eligible adults,,,,,Should economic growth and jobs take priority over environmental protection?,,,,wvs__b008,Response shares (%)
WVS,B008,2011,nominal,WVS_Time_Series_1981-2022_spss_v5_0.sav,B008,original microdata,9e939f64e98bf702c956ec4ce4728b0ac8cd16c18d5a71fc8b9fafeb30dd81f7,Protect the environment,47.71865552014654,1.3507018270662394,45.06918930846847,50.368121731824615,1500.0,1500.0,1500.0,1366.4216831899291,1500.0003419999998,True,Weighted respondent linearization; approximate,all eligible adults,,,,,Should economic growth and jobs take priority over environmental protection?,,,,wvs__b008,Response shares (%)
WVS,B008,2020,nominal,WVS_Time_Series_1981-2022_spss_v5_0.sav,B008,original microdata,9e939f64e98bf702c956ec4ce4728b0ac8cd16c18d5a71fc8b9fafeb30dd81f7,Protect the environment,44.108466526420166,1.3987802335056263,41.36432895584007,46.85260409700026,1289.0,1289.0,1289.0,1253.0848479968222,1288.999958,True,Weighted respondent linearization; approximate,all eligible adults,,,,,Should economic growth and jobs take priority over environmental protection?,,,,wvs__b008,Response shares (%)
WVS,B008,1996,nominal,WVS_Time_Series_1981-2022_spss_v5_0.sav,B008,original microdata,9e939f64e98bf702c956ec4ce4728b0ac8cd16c18d5a71fc8b9fafeb30dd81f7,Growth and jobs,28.88651725364639,0.8550084485481793,27.210009363091924,30.563025144200854,2811.0,2811.0,2811.0,2811.0,2811.0,True,Weighted respondent linearization; approximate,all eligible adults,,,,,Should economic growth and jobs take priority over environmental protection?,,,,wvs__b008,Response shares (%)
WVS,B008,2006,nominal,WVS_Time_Series_1981-2022_spss_v5_0.sav,B008,original microdata,9e939f64e98bf702c956ec4ce4728b0ac8cd16c18d5a71fc8b9fafeb30dd81f7,Growth and jobs,34.22851614497071,1.6914626586518535,30.909288839939165,37.54774345000226,1000.0,1000.0,1000.0,759.1969643649808,999.999987,True,Weighted respondent linearization; approximate,all eligible adults,,,,,Should economic growth and jobs take priority over environmental protection?,,,,wvs__b008,Response shares (%)
WVS,B008,2011,nominal,WVS_Time_Series_1981-2022_spss_v5_0.sav,B008,original microdata,9e939f64e98bf702c956ec4ce4728b0ac8cd16c18d5a71fc8b9fafeb30dd81f7,Growth and jobs,45.01086320418987,1.3478521830417003,42.36698670550916,47.65473970287057,1500.0,1500.0,1500.0,1366.4216831899291,1500.0003419999998,True,Weighted respondent linearization; approximate,all eligible adults,,,,,Should economic growth and jobs take priority over environmental protection?,,,,wvs__b008,Response shares (%)
WVS,B008,2020,nominal,WVS_Time_Series_1981-2022_spss_v5_0.sav,B008,original microdata,9e939f64e98bf702c956ec4ce4728b0ac8cd16c18d5a71fc8b9fafeb30dd81f7,Growth and jobs,43.94129126883959,1.4063039674963371,41.18239358039365,46.70018895728553,1289.0,1289.0,1289.0,1253.0848479968222,1288.999958,True,Weighted respondent linearization; approximate,all eligible adults,,,,,Should economic growth and jobs take priority over environmental protection?,,,,wvs__b008,Response shares (%)
WVS,B008,1996,nominal,WVS_Time_Series_1981-2022_spss_v5_0.sav,B008,original microdata,9e939f64e98bf702c956ec4ce4728b0ac8cd16c18d5a71fc8b9fafeb30dd81f7,Other answer,4.980434009249377,0.4103807267975075,4.1757559645169,5.785112053981854,2811.0,2811.0,2811.0,2811.0,2811.0,True,Weighted respondent linearization; approximate,all eligible adults,,,,,Should economic growth and jobs take priority over environmental protection?,,,,wvs__b008,Response shares (%)
WVS,B008,2006,nominal,WVS_Time_Series_1981-2022_spss_v5_0.sav,B008,original microdata,9e939f64e98bf702c956ec4ce4728b0ac8cd16c18d5a71fc8b9fafeb30dd81f7,Other answer,0.4615441060000734,0.1943134372396592,0.0802347916493376,0.8428534203508091,1000.0,1000.0,1000.0,759.1969643649808,999.999987,True,Weighted respondent linearization; approximate,all eligible adults,,,,,Should economic growth and jobs take priority over environmental protection?,,,,wvs__b008,Response shares (%)
WVS,B008,2011,nominal,WVS_Time_Series_1981-2022_spss_v5_0.sav,B008,original microdata,9e939f64e98bf702c956ec4ce4728b0ac8cd16c18d5a71fc8b9fafeb30dd81f7,Other answer,7.270481275663602,0.7122829327668727,5.873304248354934,8.66765830297227,1500.0,1500.0,1500.0,1366.4216831899291,1500.0003419999998,True,Weighted respondent linearization; approximate,all eligible adults,,,,,Should economic growth and jobs take priority over environmental protection?,,,,wvs__b008,Response shares (%)
WVS,B008,2020,nominal,WVS_Time_Series_1981-2022_spss_v5_0.sav,B008,original microdata,9e939f64e98bf702c956ec4ce4728b0ac8cd16c18d5a71fc8b9fafeb30dd81f7,Other answer,0.1205663344172118,0.0852515888366438,0.0,0.2878135418587801,1289.0,1289.0,1289.0,1253.0848479968222,1288.999958,True,Weighted respondent linearization; approximate,all eligible adults,,,,,Should economic growth and jobs take priority over environmental protection?,,,,wvs__b008,Response shares (%)
WVS,B008,1996,nominal,WVS_Time_Series_1981-2022_spss_v5_0.sav,B008,original microdata,9e939f64e98bf702c956ec4ce4728b0ac8cd16c18d5a71fc8b9fafeb30dd81f7,Don't know,21.27356812522234,0.772017763828539,19.75978908022636,22.78734717021832,2811.0,2811.0,2811.0,2811.0,2811.0,True,Weighted respondent linearization; approximate,all eligible adults,,,,,Should economic growth and jobs take priority over environmental protection?,,,,wvs__b008,Response shares (%)
WVS,B008,2006,nominal,WVS_Time_Series_1981-2022_spss_v5_0.sav,B008,original microdata,9e939f64e98bf702c956ec4ce4728b0ac8cd16c18d5a71fc8b9fafeb30dd81f7,Don't know,14.595595789742744,1.25916599290645,12.124682155413147,17.066509424072336,1000.0,1000.0,1000.0,759.1969643649808,999.999987,True,Weighted respondent linearization; approximate,all eligible adults,,,,,Should economic growth and jobs take priority over environmental protection?,,,,wvs__b008,Response shares (%)
WVS,B008,2011,nominal,WVS_Time_Series_1981-2022_spss_v5_0.sav,B008,original microdata,9e939f64e98bf702c956ec4ce4728b0ac8cd16c18d5a71fc8b9fafeb30dd81f7,Don't know,0.0,0.0,0.0,0.0,1500.0,1500.0,1500.0,1366.4216831899291,1500.0003419999998,True,Weighted respondent linearization; approximate,all eligible adults,,,,,Should economic growth and jobs take priority over environmental protection?,,,,wvs__b008,Response shares (%)
WVS,B008,2020,nominal,WVS_Time_Series_1981-2022_spss_v5_0.sav,B008,original microdata,9e939f64e98bf702c956ec4ce4728b0ac8cd16c18d5a71fc8b9fafeb30dd81f7,Don't know,9.442520943821474,0.8411107096222417,7.792423634748803,11.092618252894145,1289.0,1289.0,1289.0,1253.0848479968222,1288.999958,True,Weighted respondent linearization; approximate,all eligible adults,,,,,Should economic growth and jobs take priority over environmental protection?,,,,wvs__b008,Response shares (%)
WVS,B008,1996,nominal,WVS_Time_Series_1981-2022_spss_v5_0.sav,B008,original microdata,9e939f64e98bf702c956ec4ce4728b0ac8cd16c18d5a71fc8b9fafeb30dd81f7,No answer / other missing,0.0,0.0,0.0,0.0,2811.0,2811.0,2811.0,2811.0,2811.0,True,Weighted respondent linearization; approximate,all eligible adults,,,,,Should economic growth and jobs take priority over environmental protection?,,,,wvs__b008,Response shares (%)
WVS,B008,2006,nominal,WVS_Time_Series_1981-2022_spss_v5_0.sav,B008,original microdata,9e939f64e98bf702c956ec4ce4728b0ac8cd16c18d5a71fc8b9fafeb30dd81f7,No answer / other missing,7.200946393612302,1.0480546111802287,5.144305376561243,9.257587410663362,1000.0,1000.0,1000.0,759.1969643649808,999.999987,True,Weighted respondent linearization; approximate,all eligible adults,,,,,Should economic growth and jobs take priority over environmental protection?,,,,wvs__b008,Response shares (%)
WVS,B008,2011,nominal,WVS_Time_Series_1981-2022_spss_v5_0.sav,B008,original microdata,9e939f64e98bf702c956ec4ce4728b0ac8cd16c18d5a71fc8b9fafeb30dd81f7,No answer / other missing,0.0,0.0,0.0,0.0,1500.0,1500.0,1500.0,1366.4216831899291,1500.0003419999998,True,Weighted respondent linearization; approximate,all eligible adults,,,,,Should economic growth and jobs take priority over environmental protection?,,,,wvs__b008,Response shares (%)
WVS,B008,2020,nominal,WVS_Time_Series_1981-2022_spss_v5_0.sav,B008,original microdata,9e939f64e98bf702c956ec4ce4728b0ac8cd16c18d5a71fc8b9fafeb30dd81f7,No answer / other missing,2.387154926501557,0.4212847990101242,1.560675242855588,3.213634610147527,1289.0,1289.0,1289.0,1253.0848479968222,1288.999958,True,Weighted respondent linearization; approximate,all eligible adults,,,,,Should economic growth and jobs take priority over environmental protection?,,,,wvs__b008,Response shares (%)
WVS,F116,1996,numeric,WVS_Time_Series_1981-2022_spss_v5_0.sav,F116,original microdata,9e939f64e98bf702c956ec4ce4728b0ac8cd16c18d5a71fc8b9fafeb30dd81f7,Mean,7.548839071257006,0.0578486599111508,7.435408923328378,7.662269219185633,2498.0,2811.0,2811.0,2498.0,2498.0,True,Weighted respondent linearization; approximate,valid 1–10 ratings,11.134827463536109,,,,Is cheating on taxes never justifiable?,,,,wvs__f116,Weighted mean (1–10)
WVS,F116,2006,numeric,WVS_Time_Series_1981-2022_spss_v5_0.sav,F116,original microdata,9e939f64e98bf702c956ec4ce4728b0ac8cd16c18d5a71fc8b9fafeb30dd81f7,Mean,7.867912304863851,0.0849863024595239,7.7011401599191,8.034684449808603,940.0,1000.0,1000.0,717.0543933409392,930.58616,True,Weighted respondent linearization; approximate,valid 1–10 ratings,6.941382790237974,,,,Is cheating on taxes never justifiable?,,,,wvs__f116,Weighted mean (1–10)
WVS,F116,2011,numeric,WVS_Time_Series_1981-2022_spss_v5_0.sav,F116,original microdata,9e939f64e98bf702c956ec4ce4728b0ac8cd16c18d5a71fc8b9fafeb30dd81f7,Mean,8.405910335452443,0.0594117798910515,8.289371288682295,8.522449382222591,1500.0,1500.0,1500.0,1366.4216831899291,1500.0003419999998,True,Weighted respondent linearization; approximate,valid 1–10 ratings,0.0,,,,Is cheating on taxes never justifiable?,,,,wvs__f116,Weighted mean (1–10)
WVS,F116,2020,numeric,WVS_Time_Series_1981-2022_spss_v5_0.sav,F116,original microdata,9e939f64e98bf702c956ec4ce4728b0ac8cd16c18d5a71fc8b9fafeb30dd81f7,Mean,7.895712013998421,0.0699592333561487,7.758465464423972,8.032958563572869,1211.0,1289.0,1289.0,1177.019634008639,1209.469037,True,Weighted respondent linearization; approximate,valid 1–10 ratings,6.169970798400913,,,,Is cheating on taxes never justifiable?,,,,wvs__f116,Weighted mean (1–10)
WVS,F114A,1996,numeric,WVS_Time_Series_1981-2022_spss_v5_0.sav,F114A,original microdata,9e939f64e98bf702c956ec4ce4728b0ac8cd16c18d5a71fc8b9fafeb30dd81f7,Mean,7.8126333760136575,0.0567167205167866,7.701422744546538,7.923844007480777,2343.0,2811.0,2811.0,2343.0,2343.0,True,Weighted respondent linearization; approximate,valid 1–10 ratings,16.64887940234792,,,,Is claiming benefits to which you are not entitled never justifiable?,,,,wvs__f114a,Weighted mean (1–10)
WVS,F114A,2006,numeric,WVS_Time_Series_1981-2022_spss_v5_0.sav,F114A,original microdata,9e939f64e98bf702c956ec4ce4728b0ac8cd16c18d5a71fc8b9fafeb30dd81f7,Mean,7.631229648813854,0.1089136031519318,7.417503969667383,7.844955327960324,923.0,1000.0,1000.0,697.6614221376691,919.480804,True,Weighted respondent linearization; approximate,valid 1–10 ratings,8.051918404674934,,,,Is claiming benefits to which you are not entitled never justifiable?,,,,wvs__f114a,Weighted mean (1–10)
WVS,F114A,2011,numeric,WVS_Time_Series_1981-2022_spss_v5_0.sav,F114A,original microdata,9e939f64e98bf702c956ec4ce4728b0ac8cd16c18d5a71fc8b9fafeb30dd81f7,Mean,8.286136948094109,0.0616253432157175,8.165255891030801,8.407018005157417,1500.0,1500.0,1500.0,1366.4216831899291,1500.0003419999998,True,Weighted respondent linearization; approximate,valid 1–10 ratings,0.0,,,,Is claiming benefits to which you are not entitled never justifiable?,,,,wvs__f114a,Weighted mean (1–10)
WVS,F114A,2020,numeric,WVS_Time_Series_1981-2022_spss_v5_0.sav,F114A,original microdata,9e939f64e98bf702c956ec4ce4728b0ac8cd16c18d5a71fc8b9fafeb30dd81f7,Mean,7.595934136961708,0.0794959699944181,7.439978345804532,7.751889928118885,1213.0,1289.0,1289.0,1178.4844784789166,1214.954944,True,Weighted respondent linearization; approximate,valid 1–10 ratings,5.744376758156574,,,,Is claiming benefits to which you are not entitled never justifiable?,,,,wvs__f114a,Weighted mean (1–10)
WVS,E036,1996,numeric,WVS_Time_Series_1981-2022_spss_v5_0.sav,E036,original microdata,9e939f64e98bf702c956ec4ce4728b0ac8cd16c18d5a71fc8b9fafeb30dd81f7,Mean,5.140208574739281,0.0588626601963291,5.0247901663647925,5.25562698311377,2589.0,2811.0,2811.0,2589.0,2589.0,True,Weighted respondent linearization; approximate,valid 1–10 ratings,7.897545357524013,,,,Should private ownership of business increase?,,,,wvs__e036,Weighted mean (1–10)
WVS,E036,2006,numeric,WVS_Time_Series_1981-2022_spss_v5_0.sav,E036,original microdata,9e939f64e98bf702c956ec4ce4728b0ac8cd16c18d5a71fc8b9fafeb30dd81f7,Mean,4.222692339462401,0.094484237562754,4.037282002669426,4.408102676255376,947.0,1000.0,1000.0,724.5475165540121,941.451446,True,Weighted respondent linearization; approximate,valid 1–10 ratings,5.854854176113104,,,,Should private ownership of business increase?,,,,wvs__e036,Weighted mean (1–10)
WVS,E036,2011,numeric,WVS_Time_Series_1981-2022_spss_v5_0.sav,E036,original microdata,9e939f64e98bf702c956ec4ce4728b0ac8cd16c18d5a71fc8b9fafeb30dd81f7,Mean,4.339502620593403,0.0776962963290422,4.187097620636125,4.4919076205506805,1500.0,1500.0,1500.0,1366.4216831899291,1500.0003419999998,True,Weighted respondent linearization; approximate,valid 1–10 ratings,0.0,,,,Should private ownership of business increase?,,,,wvs__e036,Weighted mean (1–10)
WVS,E036,2020,numeric,WVS_Time_Series_1981-2022_spss_v5_0.sav,E036,original microdata,9e939f64e98bf702c956ec4ce4728b0ac8cd16c18d5a71fc8b9fafeb30dd81f7,Mean,4.832280099564021,0.0735646798370569,4.687960357997018,4.976599841131024,1129.0,1289.0,1289.0,1096.4967827332212,1131.847017,True,Weighted respondent linearization; approximate,valid 1–10 ratings,12.191849970564546,,,,Should private ownership of business increase?,,,,wvs__e036,Weighted mean (1–10)
WVS,E224,2006,numeric,WVS_Time_Series_1981-2022_spss_v5_0.sav,E224,original microdata,9e939f64e98bf702c956ec4ce4728b0ac8cd16c18d5a71fc8b9fafeb30dd81f7,Mean,7.059999662346951,0.1018535911397877,6.860128137488011,7.259871187205891,887.0,1000.0,1000.0,677.2527730048062,879.7195839999999,True,Weighted respondent linearization; approximate,valid 1–10 ratings,12.02804045636452,0.0,,,Is taxing the rich to subsidise the poor essential to democracy?,,,,wvs__e224,Weighted mean (1–10)
WVS,E224,2011,numeric,WVS_Time_Series_1981-2022_spss_v5_0.sav,E224,original microdata,9e939f64e98bf702c956ec4ce4728b0ac8cd16c18d5a71fc8b9fafeb30dd81f7,Mean,7.571075845794708,0.0697456759902566,7.434266367756021,7.707885323833394,1500.0,1500.0,1500.0,1366.4216831899291,1500.0003419999998,True,Weighted respondent linearization; approximate,valid 1–10 ratings,0.0,0.0,,,Is taxing the rich to subsidise the poor essential to democracy?,,,,wvs__e224,Weighted mean (1–10)
WVS,E224,2020,numeric,WVS_Time_Series_1981-2022_spss_v5_0.sav,E224,original microdata,9e939f64e98bf702c956ec4ce4728b0ac8cd16c18d5a71fc8b9fafeb30dd81f7,Mean,7.616530254440982,0.0806420430600847,7.458326088533582,7.774734420348382,1194.0,1289.0,1289.0,1162.40794828114,1193.067673,True,Weighted respondent linearization; approximate,valid 1–10 ratings,7.442380770038786,0.0,,,Is taxing the rich to subsidise the poor essential to democracy?,,,,wvs__e224,Weighted mean (1–10)
WVS,E227,2006,numeric,WVS_Time_Series_1981-2022_spss_v5_0.sav,E227,original microdata,9e939f64e98bf702c956ec4ce4728b0ac8cd16c18d5a71fc8b9fafeb30dd81f7,Mean,7.98938282902452,0.0821114489867384,7.828252128244099,8.150513529804941,929.0,1000.0,1000.0,706.0115586433708,923.270994,True,Weighted respondent linearization; approximate,valid 1–10 ratings,7.672899399747688,0.0,,,Is state aid for unemployment essential to democracy?,,,,wvs__e227,Weighted mean (1–10)
WVS,E227,2011,numeric,WVS_Time_Series_1981-2022_spss_v5_0.sav,E227,original microdata,9e939f64e98bf702c956ec4ce4728b0ac8cd16c18d5a71fc8b9fafeb30dd81f7,Mean,8.330566407964193,0.0584947311163075,8.215826196210374,8.445306619718012,1500.0,1500.0,1500.0,1366.4216831899291,1500.0003419999998,True,Weighted respondent linearization; approximate,valid 1–10 ratings,0.0,0.0,,,Is state aid for unemployment essential to democracy?,,,,wvs__e227,Weighted mean (1–10)
WVS,E227,2020,numeric,WVS_Time_Series_1981-2022_spss_v5_0.sav,E227,original microdata,9e939f64e98bf702c956ec4ce4728b0ac8cd16c18d5a71fc8b9fafeb30dd81f7,Mean,8.229724742793092,0.0645577372130682,8.103074888931467,8.356374596654717,1230.0,1289.0,1289.0,1195.7205442993586,1229.878134,True,Weighted respondent linearization; approximate,valid 1–10 ratings,4.586642818183863,0.0,,,Is state aid for unemployment essential to democracy?,,,,wvs__e227,Weighted mean (1–10)
EVS,E039,1999,numeric,ZA7503_v3-0-0.sav,E039,original microdata,6e3cab793a87a21c00cc2ca5570e244fd4a6e152dc1394cb005b15a1b3843025,Mean,6.950504283784256,0.0904781974683854,6.772990331584004,7.128018235984508,1101.0,1195.0,1195.0,1047.598004824085,1110.1983,True,Weighted respondent linearization; approximate,valid 1–10 ratings,7.995048597865432,,,,Is competition beneficial?,,,,evs__e039,Weighted mean (1–10)
EVS,E039,2008,numeric,ZA7503_v3-0-0.sav,E039,original microdata,6e3cab793a87a21c00cc2ca5570e244fd4a6e152dc1394cb005b15a1b3843025,Mean,6.325603011691181,0.0769157734638414,6.174729611332835,6.476476412049528,1385.0,1507.0,1507.0,1324.371540559793,1393.0376595402238,True,Weighted respondent linearization; approximate,valid 1–10 ratings,7.562199101511368,,,,Is competition beneficial?,,,,evs__e039,Weighted mean (1–10)
EVS,E039,2020,numeric,ZA7503_v3-0-0.sav,E039,original microdata,6e3cab793a87a21c00cc2ca5570e244fd4a6e152dc1394cb005b15a1b3843025,Mean,6.386647354733971,0.197442147571442,5.9993768990194125,6.77391781044853,1538.0,1612.0,1612.0,238.72714010387207,1587.3431455358443,True,Weighted respondent linearization; approximate,valid 1–10 ratings,3.660604049284774,,,,Is competition beneficial?,,,,evs__e039,Weighted mean (1–10)
EVS,E069_05,1999,ordinal,ZA7503_v3-0-0.sav,E069_05,original microdata,6e3cab793a87a21c00cc2ca5570e244fd4a6e152dc1394cb005b15a1b3843025,Confidence,33.62306291035063,1.3937933518600203,30.88850615124234,36.35761966945893,1195.0,1195.0,1195.0,1137.7897446801076,1206.6723399999998,True,Weighted respondent linearization; approximate,all eligible adults,,,,,Do you have confidence in labour unions?,,,,evs__e069_05,Response shares (%)
EVS,E069_05,2008,ordinal,ZA7503_v3-0-0.sav,E069_05,original microdata,6e3cab793a87a21c00cc2ca5570e244fd4a6e152dc1394cb005b15a1b3843025,Confidence,30.960395683402307,1.211128547944187,28.58471805486872,33.3360733119359,1507.0,1507.0,1507.0,1442.0921637738231,1507.0,True,Weighted respondent linearization; approximate,all eligible adults,,,,,Do you have confidence in labour unions?,,,,evs__e069_05,Response shares (%)
EVS,E069_05,2020,ordinal,ZA7503_v3-0-0.sav,E069_05,original microdata,6e3cab793a87a21c00cc2ca5570e244fd4a6e152dc1394cb005b15a1b3843025,Confidence,32.03221864986356,2.9514723432650025,26.24308976596319,37.82134753376393,1612.0,1612.0,1612.0,250.18176388553107,1647.6573574821757,True,Weighted respondent linearization; approximate,all eligible adults,,,,,Do you have confidence in labour unions?,,,,evs__e069_05,Response shares (%)
EVS,E069_05,1999,ordinal,ZA7503_v3-0-0.sav,E069_05,original microdata,6e3cab793a87a21c00cc2ca5570e244fd4a6e152dc1394cb005b15a1b3843025,No confidence,55.69927044155169,1.4711866269100906,52.81287173032384,58.585669152779545,1195.0,1195.0,1195.0,1137.7897446801076,1206.6723399999998,True,Weighted respondent linearization; approximate,all eligible adults,,,,,Do you have confidence in labour unions?,,,,evs__e069_05,Response shares (%)
EVS,E069_05,2008,ordinal,ZA7503_v3-0-0.sav,E069_05,original microdata,6e3cab793a87a21c00cc2ca5570e244fd4a6e152dc1394cb005b15a1b3843025,No confidence,52.342069228263945,1.3146790750688293,49.76327305287548,54.92086540365241,1507.0,1507.0,1507.0,1442.0921637738231,1507.0,True,Weighted respondent linearization; approximate,all eligible adults,,,,,Do you have confidence in labour unions?,,,,evs__e069_05,Response shares (%)
EVS,E069_05,2020,ordinal,ZA7503_v3-0-0.sav,E069_05,original microdata,6e3cab793a87a21c00cc2ca5570e244fd4a6e152dc1394cb005b15a1b3843025,No confidence,53.364558802716246,3.1462249155593174,47.19343489722753,59.53568270820496,1612.0,1612.0,1612.0,250.18176388553107,1647.6573574821757,True,Weighted respondent linearization; approximate,all eligible adults,,,,,Do you have confidence in labour unions?,,,,evs__e069_05,Response shares (%)
EVS,E069_05,1999,ordinal,ZA7503_v3-0-0.sav,E069_05,original microdata,6e3cab793a87a21c00cc2ca5570e244fd4a6e152dc1394cb005b15a1b3843025,Don't know,9.983215493279644,0.8919662841696026,8.233219751071756,11.733211235487532,1195.0,1195.0,1195.0,1137.7897446801076,1206.6723399999998,True,Weighted respondent linearization; approximate,all eligible adults,,,,,Do you have confidence in labour unions?,,,,evs__e069_05,Response shares (%)
EVS,E069_05,2008,ordinal,ZA7503_v3-0-0.sav,E069_05,original microdata,6e3cab793a87a21c00cc2ca5570e244fd4a6e152dc1394cb005b15a1b3843025,Don't know,16.113295641090374,0.9629788609439828,14.224373659539657,18.002217622641094,1507.0,1507.0,1507.0,1442.0921637738231,1507.0,True,Weighted respondent linearization; approximate,all eligible adults,,,,,Do you have confidence in labour unions?,,,,evs__e069_05,Response shares (%)
EVS,E069_05,2020,ordinal,ZA7503_v3-0-0.sav,E069_05,original microdata,6e3cab793a87a21c00cc2ca5570e244fd4a6e152dc1394cb005b15a1b3843025,Don't know,12.90425376555246,1.9737555977242367,9.032855286546118,16.775652244558803,1612.0,1612.0,1612.0,250.18176388553107,1647.6573574821757,True,Weighted respondent linearization; approximate,all eligible adults,,,,,Do you have confidence in labour unions?,,,,evs__e069_05,Response shares (%)
EVS,E069_05,1999,ordinal,ZA7503_v3-0-0.sav,E069_05,original microdata,6e3cab793a87a21c00cc2ca5570e244fd4a6e152dc1394cb005b15a1b3843025,No answer / other missing,0.6944511548180511,0.2512598588117635,0.2014911731325394,1.187411136503563,1195.0,1195.0,1195.0,1137.7897446801076,1206.6723399999998,True,Weighted respondent linearization; approximate,all eligible adults,,,,,Do you have confidence in labour unions?,,,,evs__e069_05,Response shares (%)
EVS,E069_05,2008,ordinal,ZA7503_v3-0-0.sav,E069_05,original microdata,6e3cab793a87a21c00cc2ca5570e244fd4a6e152dc1394cb005b15a1b3843025,No answer / other missing,0.5842394472433723,0.2105248474562274,0.1712864446895471,0.9971924497971976,1507.0,1507.0,1507.0,1442.0921637738231,1507.0,True,Weighted respondent linearization; approximate,all eligible adults,,,,,Do you have confidence in labour unions?,,,,evs__e069_05,Response shares (%)
EVS,E069_05,2020,ordinal,ZA7503_v3-0-0.sav,E069_05,original microdata,6e3cab793a87a21c00cc2ca5570e244fd4a6e152dc1394cb005b15a1b3843025,No answer / other missing,1.6989687818677386,0.8065681351737403,0.1169356996933637,3.281001864042113,1612.0,1612.0,1612.0,250.18176388553107,1647.6573574821757,True,Weighted respondent linearization; approximate,all eligible adults,,,,,Do you have confidence in labour unions?,,,,evs__e069_05,Response shares (%)
EVS,E069_13,1999,ordinal,ZA7503_v3-0-0.sav,E069_13,original microdata,6e3cab793a87a21c00cc2ca5570e244fd4a6e152dc1394cb005b15a1b3843025,Confidence,15.713554849529409,1.0893955816576413,13.57621214575692,17.8508975533019,1195.0,1195.0,1195.0,1137.7897446801076,1206.6723399999998,True,Weighted respondent linearization; approximate,all eligible adults,,,,,Do you have confidence in major companies?,,,,evs__e069_13,Response shares (%)
EVS,E069_13,2008,ordinal,ZA7503_v3-0-0.sav,E069_13,original microdata,6e3cab793a87a21c00cc2ca5570e244fd4a6e152dc1394cb005b15a1b3843025,Confidence,19.832135840046348,1.0551895645730718,17.762338834044414,21.90193284604828,1507.0,1507.0,1507.0,1442.0921637738231,1507.0,True,Weighted respondent linearization; approximate,all eligible adults,,,,,Do you have confidence in major companies?,,,,evs__e069_13,Response shares (%)
EVS,E069_13,2020,ordinal,ZA7503_v3-0-0.sav,E069_13,original microdata,6e3cab793a87a21c00cc2ca5570e244fd4a6e152dc1394cb005b15a1b3843025,Confidence,26.25699395231529,2.746747520178323,20.86942003784805,31.644567866782538,1612.0,1612.0,1612.0,250.18176388553107,1647.6573574821757,True,Weighted respondent linearization; approximate,all eligible adults,,,,,Do you have confidence in major companies?,,,,evs__e069_13,Response shares (%)
EVS,E069_13,1999,ordinal,ZA7503_v3-0-0.sav,E069_13,original microdata,6e3cab793a87a21c00cc2ca5570e244fd4a6e152dc1394cb005b15a1b3843025,No confidence,57.68948843229472,1.4650760814305894,54.815078322835205,60.56389854175424,1195.0,1195.0,1195.0,1137.7897446801076,1206.6723399999998,True,Weighted respondent linearization; approximate,all eligible adults,,,,,Do you have confidence in major companies?,,,,evs__e069_13,Response shares (%)
EVS,E069_13,2008,ordinal,ZA7503_v3-0-0.sav,E069_13,original microdata,6e3cab793a87a21c00cc2ca5570e244fd4a6e152dc1394cb005b15a1b3843025,No confidence,59.81752381884202,1.288937427910647,57.28922092542524,62.3458267122588,1507.0,1507.0,1507.0,1442.0921637738231,1507.0,True,Weighted respondent linearization; approximate,all eligible adults,,,,,Do you have confidence in major companies?,,,,evs__e069_13,Response shares (%)
EVS,E069_13,2020,ordinal,ZA7503_v3-0-0.sav,E069_13,original microdata,6e3cab793a87a21c00cc2ca5570e244fd4a6e152dc1394cb005b15a1b3843025,No confidence,56.98953863464188,3.127213372711134,50.85570468448041,63.12337258480336,1612.0,1612.0,1612.0,250.18176388553107,1647.6573574821757,True,Weighted respondent linearization; approximate,all eligible adults,,,,,Do you have confidence in major companies?,,,,evs__e069_13,Response shares (%)
EVS,E069_13,1999,ordinal,ZA7503_v3-0-0.sav,E069_13,original microdata,6e3cab793a87a21c00cc2ca5570e244fd4a6e152dc1394cb005b15a1b3843025,Don't know,23.90337214491881,1.2563374532367106,21.43849736998562,26.368246919852005,1195.0,1195.0,1195.0,1137.7897446801076,1206.6723399999998,True,Weighted respondent linearization; approximate,all eligible adults,,,,,Do you have confidence in major companies?,,,,evs__e069_13,Response shares (%)
EVS,E069_13,2008,ordinal,ZA7503_v3-0-0.sav,E069_13,original microdata,6e3cab793a87a21c00cc2ca5570e244fd4a6e152dc1394cb005b15a1b3843025,Don't know,19.608806252951343,1.0323815869837063,17.58374801741529,21.6338644884874,1507.0,1507.0,1507.0,1442.0921637738231,1507.0,True,Weighted respondent linearization; approximate,all eligible adults,,,,,Do you have confidence in major companies?,,,,evs__e069_13,Response shares (%)
EVS,E069_13,2020,ordinal,ZA7503_v3-0-0.sav,E069_13,original microdata,6e3cab793a87a21c00cc2ca5570e244fd4a6e152dc1394cb005b15a1b3843025,Don't know,14.035985598551536,2.1674451002705566,9.784677242951608,18.287293954151465,1612.0,1612.0,1612.0,250.18176388553107,1647.6573574821757,True,Weighted respondent linearization; approximate,all eligible adults,,,,,Do you have confidence in major companies?,,,,evs__e069_13,Response shares (%)
EVS,E069_13,1999,ordinal,ZA7503_v3-0-0.sav,E069_13,original microdata,6e3cab793a87a21c00cc2ca5570e244fd4a6e152dc1394cb005b15a1b3843025,No answer / other missing,2.693584573257062,0.4857136764464411,1.74063726930741,3.6465318772067135,1195.0,1195.0,1195.0,1137.7897446801076,1206.6723399999998,True,Weighted respondent linearization; approximate,all eligible adults,,,,,Do you have confidence in major companies?,,,,evs__e069_13,Response shares (%)
EVS,E069_13,2008,ordinal,ZA7503_v3-0-0.sav,E069_13,original microdata,6e3cab793a87a21c00cc2ca5570e244fd4a6e152dc1394cb005b15a1b3843025,No answer / other missing,0.7415340881602909,0.2173146419392308,0.3152626291280083,1.1678055471925737,1507.0,1507.0,1507.0,1442.0921637738231,1507.0,True,Weighted respondent linearization; approximate,all eligible adults,,,,,Do you have confidence in major companies?,,,,evs__e069_13,Response shares (%)
EVS,E069_13,2020,ordinal,ZA7503_v3-0-0.sav,E069_13,original microdata,6e3cab793a87a21c00cc2ca5570e244fd4a6e152dc1394cb005b15a1b3843025,No answer / other missing,2.717481814491293,1.2084376499192062,0.3472067483861489,5.087756880596437,1612.0,1612.0,1612.0,250.18176388553107,1647.6573574821757,True,Weighted respondent linearization; approximate,all eligible adults,,,,,Do you have confidence in major companies?,,,,evs__e069_13,Response shares (%)
EVS,E069_09,1999,ordinal,ZA7503_v3-0-0.sav,E069_09,original microdata,6e3cab793a87a21c00cc2ca5570e244fd4a6e152dc1394cb005b15a1b3843025,Confidence,40.37700739871107,1.4487882380391357,37.53455326908024,43.2194615283419,1195.0,1195.0,1195.0,1137.7897446801076,1206.6723399999998,True,Weighted respondent linearization; approximate,all eligible adults,,,,,Do you have confidence in the social security system?,,,,evs__e069_09,Response shares (%)
EVS,E069_09,2008,ordinal,ZA7503_v3-0-0.sav,E069_09,original microdata,6e3cab793a87a21c00cc2ca5570e244fd4a6e152dc1394cb005b15a1b3843025,Confidence,44.78062443773567,1.3075409366643564,42.21583000951572,47.345418865955615,1507.0,1507.0,1507.0,1442.0921637738231,1507.0,True,Weighted respondent linearization; approximate,all eligible adults,,,,,Do you have confidence in the social security system?,,,,evs__e069_09,Response shares (%)
EVS,E069_09,2020,ordinal,ZA7503_v3-0-0.sav,E069_09,original microdata,6e3cab793a87a21c00cc2ca5570e244fd4a6e152dc1394cb005b15a1b3843025,Confidence,40.3539122199465,3.082462983900538,34.30785336583848,46.39997107405452,1612.0,1612.0,1612.0,250.18176388553107,1647.6573574821757,True,Weighted respondent linearization; approximate,all eligible adults,,,,,Do you have confidence in the social security system?,,,,evs__e069_09,Response shares (%)
EVS,E069_09,1999,ordinal,ZA7503_v3-0-0.sav,E069_09,original microdata,6e3cab793a87a21c00cc2ca5570e244fd4a6e152dc1394cb005b15a1b3843025,No confidence,51.24038477587048,1.4817356281630414,48.33328942217435,54.14748012956661,1195.0,1195.0,1195.0,1137.7897446801076,1206.6723399999998,True,Weighted respondent linearization; approximate,all eligible adults,,,,,Do you have confidence in the social security system?,,,,evs__e069_09,Response shares (%)
EVS,E069_09,2008,ordinal,ZA7503_v3-0-0.sav,E069_09,original microdata,6e3cab793a87a21c00cc2ca5570e244fd4a6e152dc1394cb005b15a1b3843025,No confidence,46.674269851948,1.3157115921351263,44.093448352575855,49.25509135132016,1507.0,1507.0,1507.0,1442.0921637738231,1507.0,True,Weighted respondent linearization; approximate,all eligible adults,,,,,Do you have confidence in the social security system?,,,,evs__e069_09,Response shares (%)
EVS,E069_09,2020,ordinal,ZA7503_v3-0-0.sav,E069_09,original microdata,6e3cab793a87a21c00cc2ca5570e244fd4a6e152dc1394cb005b15a1b3843025,No confidence,52.8629969378301,3.1578490522848983,46.66907301328581,59.05692086237439,1612.0,1612.0,1612.0,250.18176388553107,1647.6573574821757,True,Weighted respondent linearization; approximate,all eligible adults,,,,,Do you have confidence in the social security system?,,,,evs__e069_09,Response shares (%)
EVS,E069_09,1999,ordinal,ZA7503_v3-0-0.sav,E069_09,original microdata,6e3cab793a87a21c00cc2ca5570e244fd4a6e152dc1394cb005b15a1b3843025,Don't know,7.402031772767743,0.7785395275828645,5.874573972410468,8.929489573125018,1195.0,1195.0,1195.0,1137.7897446801076,1206.6723399999998,True,Weighted respondent linearization; approximate,all eligible adults,,,,,Do you have confidence in the social security system?,,,,evs__e069_09,Response shares (%)
EVS,E069_09,2008,ordinal,ZA7503_v3-0-0.sav,E069_09,original microdata,6e3cab793a87a21c00cc2ca5570e244fd4a6e152dc1394cb005b15a1b3843025,Don't know,8.328000700957832,0.7263528659301576,6.903230178505368,9.752771223410296,1507.0,1507.0,1507.0,1442.0921637738231,1507.0,True,Weighted respondent linearization; approximate,all eligible adults,,,,,Do you have confidence in the social security system?,,,,evs__e069_09,Response shares (%)
EVS,E069_09,2020,ordinal,ZA7503_v3-0-0.sav,E069_09,original microdata,6e3cab793a87a21c00cc2ca5570e244fd4a6e152dc1394cb005b15a1b3843025,Don't know,5.982179853325217,1.6832514593839796,2.6805871195754114,9.283772587075022,1612.0,1612.0,1612.0,250.18176388553107,1647.6573574821757,True,Weighted respondent linearization; approximate,all eligible adults,,,,,Do you have confidence in the social security system?,,,,evs__e069_09,Response shares (%)
EVS,E069_09,1999,ordinal,ZA7503_v3-0-0.sav,E069_09,original microdata,6e3cab793a87a21c00cc2ca5570e244fd4a6e152dc1394cb005b15a1b3843025,No answer / other missing,0.9805760526507138,0.3002633971195366,0.3914734421307942,1.5696786631706332,1195.0,1195.0,1195.0,1137.7897446801076,1206.6723399999998,True,Weighted respondent linearization; approximate,all eligible adults,,,,,Do you have confidence in the social security system?,,,,evs__e069_09,Response shares (%)
EVS,E069_09,2008,ordinal,ZA7503_v3-0-0.sav,E069_09,original microdata,6e3cab793a87a21c00cc2ca5570e244fd4a6e152dc1394cb005b15a1b3843025,No answer / other missing,0.2171050093584814,0.1274171327935942,0.0,0.4670388684714986,1507.0,1507.0,1507.0,1442.0921637738231,1507.0,True,Weighted respondent linearization; approximate,all eligible adults,,,,,Do you have confidence in the social security system?,,,,evs__e069_09,Response shares (%)
EVS,E069_09,2020,ordinal,ZA7503_v3-0-0.sav,E069_09,original microdata,6e3cab793a87a21c00cc2ca5570e244fd4a6e152dc1394cb005b15a1b3843025,No answer / other missing,0.8009109888981768,0.6359747511137426,0.0,2.0483357901182586,1612.0,1612.0,1612.0,250.18176388553107,1647.6573574821757,True,Weighted respondent linearization; approximate,all eligible adults,,,,,Do you have confidence in the social security system?,,,,evs__e069_09,Response shares (%)
EVS,E035,1999,numeric,ZA7503_v3-0-0.sav,E035,original microdata,6e3cab793a87a21c00cc2ca5570e244fd4a6e152dc1394cb005b15a1b3843025,Mean,7.349931712958366,0.0907332371614801,7.171917384920001,7.52794604099673,1160.0,1195.0,1195.0,1104.0275332543229,1170.46365,True,Weighted respondent linearization; approximate,valid 1–10 ratings,3.0007060574538413,,,,Should income differences provide incentives for effort?,,,,evs__e035,Weighted mean (1–10)
EVS,E035,2008,numeric,ZA7503_v3-0-0.sav,E035,original microdata,6e3cab793a87a21c00cc2ca5570e244fd4a6e152dc1394cb005b15a1b3843025,Mean,7.685821091854502,0.0689186163280871,7.55063443864742,7.821007745061583,1479.0,1507.0,1507.0,1415.0764022704343,1478.8687574952123,True,Weighted respondent linearization; approximate,valid 1–10 ratings,1.8667048775572328,,,,Should income differences provide incentives for effort?,,,,evs__e035,Weighted mean (1–10)
EVS,E035,2020,numeric,ZA7503_v3-0-0.sav,E035,original microdata,6e3cab793a87a21c00cc2ca5570e244fd4a6e152dc1394cb005b15a1b3843025,Mean,6.523819372865405,0.2125151438669224,6.106984175194104,6.940654570536705,1570.0,1612.0,1612.0,240.74221638269907,1600.7085094442996,True,Weighted respondent linearization; approximate,valid 1–10 ratings,2.8494303032530945,,,,Should income differences provide incentives for effort?,,,,evs__e035,Weighted mean (1–10)
EVS,E037,1999,numeric,ZA7503_v3-0-0.sav,E037,original microdata,6e3cab793a87a21c00cc2ca5570e244fd4a6e152dc1394cb005b15a1b3843025,Mean,4.933525196210143,0.0909483211876376,4.755088883465996,5.111961508954289,1171.0,1195.0,1195.0,1114.8810037960022,1181.41319,True,Weighted respondent linearization; approximate,valid 1–10 ratings,2.0932898818249206,,,,Should individuals take more responsibility for providing for themselves?,,,,evs__e037,Weighted mean (1–10)
EVS,E037,2008,numeric,ZA7503_v3-0-0.sav,E037,original microdata,6e3cab793a87a21c00cc2ca5570e244fd4a6e152dc1394cb005b15a1b3843025,Mean,5.182351854103145,0.0760026111965596,5.033269658463146,5.3314340497431445,1487.0,1507.0,1507.0,1422.7146217571867,1487.9755831129685,True,Weighted respondent linearization; approximate,valid 1–10 ratings,1.2624032439967936,,,,Should individuals take more responsibility for providing for themselves?,,,,evs__e037,Weighted mean (1–10)
EVS,E037,2020,numeric,ZA7503_v3-0-0.sav,E037,original microdata,6e3cab793a87a21c00cc2ca5570e244fd4a6e152dc1394cb005b15a1b3843025,Mean,4.987533325319497,0.1966098349563245,4.601895398878542,5.373171251760452,1572.0,1612.0,1612.0,242.36934831243087,1607.2619229427694,True,Weighted respondent linearization; approximate,valid 1–10 ratings,2.4516890211406266,,,,Should individuals take more responsibility for providing for themselves?,,,,evs__e037,Weighted mean (1–10)
EVS,F116,1999,numeric,ZA7503_v3-0-0.sav,F116,original microdata,6e3cab793a87a21c00cc2ca5570e244fd4a6e152dc1394cb005b15a1b3843025,Mean,7.5516519712104415,0.086527767762957,7.381888575603063,7.72141536681782,1106.0,1195.0,1195.0,1052.310880824795,1118.93203,True,Weighted respondent linearization; approximate,valid 1–10 ratings,7.271262221855521,,,,Is cheating on taxes never justifiable?,,,,evs__f116,Weighted mean (1–10)
EVS,F116,2008,numeric,ZA7503_v3-0-0.sav,F116,original microdata,6e3cab793a87a21c00cc2ca5570e244fd4a6e152dc1394cb005b15a1b3843025,Mean,8.568946133078589,0.0625616923109631,8.446228843424537,8.69166342273264,1415.0,1507.0,1507.0,1353.4298503110506,1417.8016988332708,True,Weighted respondent linearization; approximate,valid 1–10 ratings,5.918931729709963,,,,Is cheating on taxes never justifiable?,,,,evs__f116,Weighted mean (1–10)
EVS,F116,2020,numeric,ZA7503_v3-0-0.sav,F116,original microdata,6e3cab793a87a21c00cc2ca5570e244fd4a6e152dc1394cb005b15a1b3843025,Mean,8.038009634757353,0.1714608101738781,7.701699951592068,8.37431931792264,1554.0,1612.0,1612.0,237.1446903775197,1551.7098848997507,True,Weighted respondent linearization; approximate,valid 1–10 ratings,5.823266114566712,,,,Is cheating on taxes never justifiable?,,,,evs__f116,Weighted mean (1–10)
EVS,E036,1999,numeric,ZA7503_v3-0-0.sav,E036,original microdata,6e3cab793a87a21c00cc2ca5570e244fd4a6e152dc1394cb005b15a1b3843025,Mean,5.395927560798378,0.0963008430833098,5.206989852773107,5.584865268823648,1023.0,1195.0,1195.0,972.132804867308,1036.01694,True,Weighted respondent linearization; approximate,valid 1–10 ratings,14.142646213304268,,,,Should private ownership of business increase?,,,,evs__e036,Weighted mean (1–10)
EVS,E036,2008,numeric,ZA7503_v3-0-0.sav,E036,original microdata,6e3cab793a87a21c00cc2ca5570e244fd4a6e152dc1394cb005b15a1b3843025,Mean,4.3415088051927935,0.0737530613751055,4.196839192506249,4.486178417879338,1341.0,1507.0,1507.0,1282.0932292663986,1349.2439114780177,True,Weighted respondent linearization; approximate,valid 1–10 ratings,10.468220870735417,,,,Should private ownership of business increase?,,,,evs__e036,Weighted mean (1–10)
EVS,E036,2020,numeric,ZA7503_v3-0-0.sav,E036,original microdata,6e3cab793a87a21c00cc2ca5570e244fd4a6e152dc1394cb005b15a1b3843025,Mean,4.452141149746535,0.1662800858295657,4.125993134201013,4.778289165292057,1435.0,1612.0,1612.0,221.68043020421408,1400.957821228969,True,Weighted respondent linearization; approximate,valid 1–10 ratings,14.97274509975753,,,,Should private ownership of business increase?,,,,evs__e036,Weighted mean (1–10)
EVS,E038,1999,numeric,ZA7503_v3-0-0.sav,E038,original microdata,6e3cab793a87a21c00cc2ca5570e244fd4a6e152dc1394cb005b15a1b3843025,Mean,4.715837773139428,0.0966799902375271,4.526156196296101,4.905519349982754,1151.0,1195.0,1195.0,1095.126837252016,1161.4471199999998,True,Weighted respondent linearization; approximate,valid 1–10 ratings,3.7479287873624423,,,,Should unemployed people accept any available job?,,,,evs__e038,Weighted mean (1–10)
EVS,E038,2008,numeric,ZA7503_v3-0-0.sav,E038,original microdata,6e3cab793a87a21c00cc2ca5570e244fd4a6e152dc1394cb005b15a1b3843025,Mean,4.846645413091986,0.0803794984885632,4.688977776014019,5.004313050169953,1466.0,1507.0,1507.0,1402.5537966931026,1468.4644446349114,True,Weighted respondent linearization; approximate,valid 1–10 ratings,2.557103872932222,,,,Should unemployed people accept any available job?,,,,evs__e038,Weighted mean (1–10)
EVS,E038,2020,numeric,ZA7503_v3-0-0.sav,E038,original microdata,6e3cab793a87a21c00cc2ca5570e244fd4a6e152dc1394cb005b15a1b3843025,Mean,5.124211245401154,0.1985683749511879,4.734731764937032,5.513690725865277,1549.0,1612.0,1612.0,237.6681595557797,1568.391997692667,True,Weighted respondent linearization; approximate,valid 1–10 ratings,4.81079148098097,,,,Should unemployed people accept any available job?,,,,evs__e038,Weighted mean (1–10)
Pew,transition_approval,1991,ordinal,pew_2019_europe_topline.pdf,Q16a,question_trend_source_cells.csv,,Approve,52.0,,,,,,,,,,,all respondents as published,,,,,Do you approve of the move from a state-controlled to a market economy?,,,,pew__transition_approval,Response shares (%)
Pew,transition_approval,2009,ordinal,pew_2019_europe_topline.pdf,Q16a,question_trend_source_cells.csv,,Approve,36.0,,,,,,,,,,,all respondents as published,,,,,Do you approve of the move from a state-controlled to a market economy?,,,,pew__transition_approval,Response shares (%)
Pew,transition_approval,2011,ordinal,pew_2019_europe_topline.pdf,Q16a,question_trend_source_cells.csv,,Approve,34.0,,,,,,,,,,,all respondents as published,,,,,Do you approve of the move from a state-controlled to a market economy?,,,,pew__transition_approval,Response shares (%)
Pew,transition_approval,2019,ordinal,pew_2019_europe_topline.pdf,Q16a,question_trend_source_cells.csv,,Approve,47.0,,,,,,,,,,,all respondents as published,,,,,Do you approve of the move from a state-controlled to a market economy?,,,,pew__transition_approval,Response shares (%)
Pew,transition_approval,1991,ordinal,pew_2019_europe_topline.pdf,Q16a,question_trend_source_cells.csv,,Disapprove,34.0,,,,,,,,,,,all respondents as published,,,,,Do you approve of the move from a state-controlled to a market economy?,,,,pew__transition_approval,Response shares (%)
Pew,transition_approval,2009,ordinal,pew_2019_europe_topline.pdf,Q16a,question_trend_source_cells.csv,,Disapprove,47.0,,,,,,,,,,,all respondents as published,,,,,Do you approve of the move from a state-controlled to a market economy?,,,,pew__transition_approval,Response shares (%)
Pew,transition_approval,2011,ordinal,pew_2019_europe_topline.pdf,Q16a,question_trend_source_cells.csv,,Disapprove,51.0,,,,,,,,,,,all respondents as published,,,,,Do you approve of the move from a state-controlled to a market economy?,,,,pew__transition_approval,Response shares (%)
Pew,transition_approval,2019,ordinal,pew_2019_europe_topline.pdf,Q16a,question_trend_source_cells.csv,,Disapprove,38.0,,,,,,,,,,,all respondents as published,,,,,Do you approve of the move from a state-controlled to a market economy?,,,,pew__transition_approval,Response shares (%)
Pew,transition_approval,1991,ordinal,pew_2019_europe_topline.pdf,Q16a,question_trend_source_cells.csv,,Don't know / refused,13.0,,,,,,,,,,,all respondents as published,,,,,Do you approve of the move from a state-controlled to a market economy?,,,,pew__transition_approval,Response shares (%)
Pew,transition_approval,2009,ordinal,pew_2019_europe_topline.pdf,Q16a,question_trend_source_cells.csv,,Don't know / refused,17.0,,,,,,,,,,,all respondents as published,,,,,Do you approve of the move from a state-controlled to a market economy?,,,,pew__transition_approval,Response shares (%)
Pew,transition_approval,2011,ordinal,pew_2019_europe_topline.pdf,Q16a,question_trend_source_cells.csv,,Don't know / refused,15.0,,,,,,,,,,,all respondents as published,,,,,Do you approve of the move from a state-controlled to a market economy?,,,,pew__transition_approval,Response shares (%)
Pew,transition_approval,2019,ordinal,pew_2019_europe_topline.pdf,Q16a,question_trend_source_cells.csv,,Don't know / refused,16.0,,,,,,,,,,,all respondents as published,,,,,Do you approve of the move from a state-controlled to a market economy?,,,,pew__transition_approval,Response shares (%)
Pew,transition_business,2009,ordinal,pew_2019_europe_topline.pdf,Q20b,question_trend_source_cells.csv,,Benefited substantially,82.0,,,,,,,,,,,all respondents as published,,,,,Have business people benefited from the post-1991 changes?,,,,pew__transition_business,Response shares (%)
Pew,transition_business,2011,ordinal,pew_2019_europe_topline.pdf,Q20b,question_trend_source_cells.csv,,Benefited substantially,76.0,,,,,,,,,,,all respondents as published,,,,,Have business people benefited from the post-1991 changes?,,,,pew__transition_business,Response shares (%)
Pew,transition_business,2019,ordinal,pew_2019_europe_topline.pdf,Q20b,question_trend_source_cells.csv,,Benefited substantially,89.0,,,,,,,,,,,all respondents as published,,,,,Have business people benefited from the post-1991 changes?,,,,pew__transition_business,Response shares (%)
Pew,transition_business,2009,ordinal,pew_2019_europe_topline.pdf,Q20b,question_trend_source_cells.csv,,Benefited little or not at all,13.0,,,,,,,,,,,all respondents as published,,,,,Have business people benefited from the post-1991 changes?,,,,pew__transition_business,Response shares (%)
Pew,transition_business,2011,ordinal,pew_2019_europe_topline.pdf,Q20b,question_trend_source_cells.csv,,Benefited little or not at all,19.0,,,,,,,,,,,all respondents as published,,,,,Have business people benefited from the post-1991 changes?,,,,pew__transition_business,Response shares (%)
Pew,transition_business,2019,ordinal,pew_2019_europe_topline.pdf,Q20b,question_trend_source_cells.csv,,Benefited little or not at all,4.0,,,,,,,,,,,all respondents as published,,,,,Have business people benefited from the post-1991 changes?,,,,pew__transition_business,Response shares (%)
Pew,transition_business,2009,ordinal,pew_2019_europe_topline.pdf,Q20b,question_trend_source_cells.csv,,Don't know / refused,6.0,,,,,,,,,,,all respondents as published,,,,,Have business people benefited from the post-1991 changes?,,,,pew__transition_business,Response shares (%)
Pew,transition_business,2011,ordinal,pew_2019_europe_topline.pdf,Q20b,question_trend_source_cells.csv,,Don't know / refused,5.0,,,,,,,,,,,all respondents as published,,,,,Have business people benefited from the post-1991 changes?,,,,pew__transition_business,Response shares (%)
Pew,transition_business,2019,ordinal,pew_2019_europe_topline.pdf,Q20b,question_trend_source_cells.csv,,Don't know / refused,6.0,,,,,,,,,,,all respondents as published,,,,,Have business people benefited from the post-1991 changes?,,,,pew__transition_business,Response shares (%)
Pew,better_than_communism,2009,ordinal,pew_2019_europe_topline.pdf,Q17,question_trend_source_cells.csv,,Better,12.0,,,,,,,,,,,all respondents as published,,,,,Is the economic situation better than under communism?,,,,pew__better_than_communism,Response shares (%)
Pew,better_than_communism,2019,ordinal,pew_2019_europe_topline.pdf,Q17,question_trend_source_cells.csv,,Better,25.0,,,,,,,,,,,all respondents as published,,,,,Is the economic situation better than under communism?,,,,pew__better_than_communism,Response shares (%)
Pew,better_than_communism,2009,ordinal,pew_2019_europe_topline.pdf,Q17,question_trend_source_cells.csv,,Worse,62.0,,,,,,,,,,,all respondents as published,,,,,Is the economic situation better than under communism?,,,,pew__better_than_communism,Response shares (%)
Pew,better_than_communism,2019,ordinal,pew_2019_europe_topline.pdf,Q17,question_trend_source_cells.csv,,Worse,54.0,,,,,,,,,,,all respondents as published,,,,,Is the economic situation better than under communism?,,,,pew__better_than_communism,Response shares (%)
Pew,better_than_communism,2009,ordinal,pew_2019_europe_topline.pdf,Q17,question_trend_source_cells.csv,,About the same,13.0,,,,,,,,,,,all respondents as published,,,,,Is the economic situation better than under communism?,,,,pew__better_than_communism,Response shares (%)
Pew,better_than_communism,2019,ordinal,pew_2019_europe_topline.pdf,Q17,question_trend_source_cells.csv,,About the same,12.0,,,,,,,,,,,all respondents as published,,,,,Is the economic situation better than under communism?,,,,pew__better_than_communism,Response shares (%)
Pew,better_than_communism,2009,ordinal,pew_2019_europe_topline.pdf,Q17,question_trend_source_cells.csv,,Don't know / refused,12.0,,,,,,,,,,,all respondents as published,,,,,Is the economic situation better than under communism?,,,,pew__better_than_communism,Response shares (%)
Pew,better_than_communism,2019,ordinal,pew_2019_europe_topline.pdf,Q17,question_trend_source_cells.csv,,Don't know / refused,9.0,,,,,,,,,,,all respondents as published,,,,,Is the economic situation better than under communism?,,,,pew__better_than_communism,Response shares (%)
Pew,transition_ordinary,2009,ordinal,pew_2019_europe_topline.pdf,Q20a,question_trend_source_cells.csv,,Benefited substantially,10.0,,,,,,,,,,,all respondents as published,,,,,Have ordinary people benefited from the post-1991 changes?,,,,pew__transition_ordinary,Response shares (%)
Pew,transition_ordinary,2011,ordinal,pew_2019_europe_topline.pdf,Q20a,question_trend_source_cells.csv,,Benefited substantially,11.0,,,,,,,,,,,all respondents as published,,,,,Have ordinary people benefited from the post-1991 changes?,,,,pew__transition_ordinary,Response shares (%)
Pew,transition_ordinary,2019,ordinal,pew_2019_europe_topline.pdf,Q20a,question_trend_source_cells.csv,,Benefited substantially,21.0,,,,,,,,,,,all respondents as published,,,,,Have ordinary people benefited from the post-1991 changes?,,,,pew__transition_ordinary,Response shares (%)
Pew,transition_ordinary,2009,ordinal,pew_2019_europe_topline.pdf,Q20a,question_trend_source_cells.csv,,Benefited little or not at all,85.0,,,,,,,,,,,all respondents as published,,,,,Have ordinary people benefited from the post-1991 changes?,,,,pew__transition_ordinary,Response shares (%)
Pew,transition_ordinary,2011,ordinal,pew_2019_europe_topline.pdf,Q20a,question_trend_source_cells.csv,,Benefited little or not at all,87.0,,,,,,,,,,,all respondents as published,,,,,Have ordinary people benefited from the post-1991 changes?,,,,pew__transition_ordinary,Response shares (%)
Pew,transition_ordinary,2019,ordinal,pew_2019_europe_topline.pdf,Q20a,question_trend_source_cells.csv,,Benefited little or not at all,75.0,,,,,,,,,,,all respondents as published,,,,,Have ordinary people benefited from the post-1991 changes?,,,,pew__transition_ordinary,Response shares (%)
Pew,transition_ordinary,2009,ordinal,pew_2019_europe_topline.pdf,Q20a,question_trend_source_cells.csv,,Don't know / refused,5.0,,,,,,,,,,,all respondents as published,,,,,Have ordinary people benefited from the post-1991 changes?,,,,pew__transition_ordinary,Response shares (%)
Pew,transition_ordinary,2011,ordinal,pew_2019_europe_topline.pdf,Q20a,question_trend_source_cells.csv,,Don't know / refused,2.0,,,,,,,,,,,all respondents as published,,,,,Have ordinary people benefited from the post-1991 changes?,,,,pew__transition_ordinary,Response shares (%)
Pew,transition_ordinary,2019,ordinal,pew_2019_europe_topline.pdf,Q20a,question_trend_source_cells.csv,,Don't know / refused,4.0,,,,,,,,,,,all respondents as published,,,,,Have ordinary people benefited from the post-1991 changes?,,,,pew__transition_ordinary,Response shares (%)
Pew,transition_politicians,2009,ordinal,pew_2019_europe_topline.pdf,Q20c,question_trend_source_cells.csv,,Benefited substantially,92.0,,,,,,,,,,,all respondents as published,,,,,Have politicians benefited from the post-1991 changes?,,,,pew__transition_politicians,Response shares (%)
Pew,transition_politicians,2011,ordinal,pew_2019_europe_topline.pdf,Q20c,question_trend_source_cells.csv,,Benefited substantially,95.0,,,,,,,,,,,all respondents as published,,,,,Have politicians benefited from the post-1991 changes?,,,,pew__transition_politicians,Response shares (%)
Pew,transition_politicians,2019,ordinal,pew_2019_europe_topline.pdf,Q20c,question_trend_source_cells.csv,,Benefited substantially,88.0,,,,,,,,,,,all respondents as published,,,,,Have politicians benefited from the post-1991 changes?,,,,pew__transition_politicians,Response shares (%)
Pew,transition_politicians,2009,ordinal,pew_2019_europe_topline.pdf,Q20c,question_trend_source_cells.csv,,Benefited little or not at all,3.0,,,,,,,,,,,all respondents as published,,,,,Have politicians benefited from the post-1991 changes?,,,,pew__transition_politicians,Response shares (%)
Pew,transition_politicians,2011,ordinal,pew_2019_europe_topline.pdf,Q20c,question_trend_source_cells.csv,,Benefited little or not at all,4.0,,,,,,,,,,,all respondents as published,,,,,Have politicians benefited from the post-1991 changes?,,,,pew__transition_politicians,Response shares (%)
Pew,transition_politicians,2019,ordinal,pew_2019_europe_topline.pdf,Q20c,question_trend_source_cells.csv,,Benefited little or not at all,5.0,,,,,,,,,,,all respondents as published,,,,,Have politicians benefited from the post-1991 changes?,,,,pew__transition_politicians,Response shares (%)
Pew,transition_politicians,2009,ordinal,pew_2019_europe_topline.pdf,Q20c,question_trend_source_cells.csv,,Don't know / refused,6.0,,,,,,,,,,,all respondents as published,,,,,Have politicians benefited from the post-1991 changes?,,,,pew__transition_politicians,Response shares (%)
Pew,transition_politicians,2011,ordinal,pew_2019_europe_topline.pdf,Q20c,question_trend_source_cells.csv,,Don't know / refused,2.0,,,,,,,,,,,all respondents as published,,,,,Have politicians benefited from the post-1991 changes?,,,,pew__transition_politicians,Response shares (%)
Pew,transition_politicians,2019,ordinal,pew_2019_europe_topline.pdf,Q20c,question_trend_source_cells.csv,,Don't know / refused,7.0,,,,,,,,,,,all respondents as published,,,,,Have politicians benefited from the post-1991 changes?,,,,pew__transition_politicians,Response shares (%)
Monitoring,accept_market_values,2013,ordinal,mon2019.pdf,dn7,question_trend_source_cells.csv,,Accept,26.0,,,,,,,,,,,all respondents as published,,,,,"Do you accept the post-independence values of private property, enrichment, individualism and personal success?",,,,monitoring__accept_market_values,Response shares (%)
Monitoring,accept_market_values,2015,ordinal,mon2019.pdf,dn7,question_trend_source_cells.csv,,Accept,31.6,,,,,,,,,,,all respondents as published,,,,,"Do you accept the post-independence values of private property, enrichment, individualism and personal success?",,,,monitoring__accept_market_values,Response shares (%)
Monitoring,accept_market_values,2019,ordinal,mon2019.pdf,dn7,question_trend_source_cells.csv,,Accept,44.2,,,,,,,,,,,all respondents as published,,,,,"Do you accept the post-independence values of private property, enrichment, individualism and personal success?",,,,monitoring__accept_market_values,Response shares (%)
Monitoring,accept_market_values,2013,ordinal,mon2019.pdf,dn7,question_trend_source_cells.csv,,Reject,48.0,,,,,,,,,,,all respondents as published,,,,,"Do you accept the post-independence values of private property, enrichment, individualism and personal success?",,,,monitoring__accept_market_values,Response shares (%)
Monitoring,accept_market_values,2015,ordinal,mon2019.pdf,dn7,question_trend_source_cells.csv,,Reject,44.1,,,,,,,,,,,all respondents as published,,,,,"Do you accept the post-independence values of private property, enrichment, individualism and personal success?",,,,monitoring__accept_market_values,Response shares (%)
Monitoring,accept_market_values,2019,ordinal,mon2019.pdf,dn7,question_trend_source_cells.csv,,Reject,40.2,,,,,,,,,,,all respondents as published,,,,,"Do you accept the post-independence values of private property, enrichment, individualism and personal success?",,,,monitoring__accept_market_values,Response shares (%)
Monitoring,accept_market_values,2013,ordinal,mon2019.pdf,dn7,question_trend_source_cells.csv,,Don't know,25.7,,,,,,,,,,,all respondents as published,,,,,"Do you accept the post-independence values of private property, enrichment, individualism and personal success?",,,,monitoring__accept_market_values,Response shares (%)
Monitoring,accept_market_values,2015,ordinal,mon2019.pdf,dn7,question_trend_source_cells.csv,,Don't know,24.0,,,,,,,,,,,all respondents as published,,,,,"Do you accept the post-independence values of private property, enrichment, individualism and personal success?",,,,monitoring__accept_market_values,Response shares (%)
Monitoring,accept_market_values,2019,ordinal,mon2019.pdf,dn7,question_trend_source_cells.csv,,Don't know,15.6,,,,,,,,,,,all respondents as published,,,,,"Do you accept the post-independence values of private property, enrichment, individualism and personal success?",,,,monitoring__accept_market_values,Response shares (%)
Monitoring,accept_market_values,2013,ordinal,mon2019.pdf,dn7,question_trend_source_cells.csv,,No answer,0.2,,,,,,,,,,,all respondents as published,,,,,"Do you accept the post-independence values of private property, enrichment, individualism and personal success?",,,,monitoring__accept_market_values,Response shares (%)
Monitoring,accept_market_values,2015,ordinal,mon2019.pdf,dn7,question_trend_source_cells.csv,,No answer,0.3,,,,,,,,,,,all respondents as published,,,,,"Do you accept the post-independence values of private property, enrichment, individualism and personal success?",,,,monitoring__accept_market_values,Response shares (%)
Monitoring,accept_market_values,2019,ordinal,mon2019.pdf,dn7,question_trend_source_cells.csv,,No answer,0.0,,,,,,,,,,,all respondents as published,,,,,"Do you accept the post-independence values of private property, enrichment, individualism and personal success?",,,,monitoring__accept_market_values,Response shares (%)
Monitoring,market_relations_natural,2003,nominal,monitoring-2021dlya-tipografii.pdf,r5,question_trend_source_cells.csv,,Adapted; markets feel natural,8.3,,,,,,,,,,,all respondents as published,,,,,How have you adapted to the current life situation?,,,,monitoring__market_relations_natural,Response shares (%)
Monitoring,market_relations_natural,2007,nominal,monitoring-2021dlya-tipografii.pdf,r5,question_trend_source_cells.csv,,Adapted; markets feel natural,16.0,,,,,,,,,,,all respondents as published,,,,,How have you adapted to the current life situation?,,,,monitoring__market_relations_natural,Response shares (%)
Monitoring,market_relations_natural,2009,nominal,monitoring-2021dlya-tipografii.pdf,r5,question_trend_source_cells.csv,,Adapted; markets feel natural,18.0,,,,,,,,,,,all respondents as published,,,,,How have you adapted to the current life situation?,,,,monitoring__market_relations_natural,Response shares (%)
Monitoring,market_relations_natural,2012,nominal,monitoring-2021dlya-tipografii.pdf,r5,question_trend_source_cells.csv,,Adapted; markets feel natural,15.4,,,,,,,,,,,all respondents as published,,,,,How have you adapted to the current life situation?,,,,monitoring__market_relations_natural,Response shares (%)
Monitoring,market_relations_natural,2013,nominal,monitoring-2021dlya-tipografii.pdf,r5,question_trend_source_cells.csv,,Adapted; markets feel natural,16.5,,,,,,,,,,,all respondents as published,,,,,How have you adapted to the current life situation?,,,,monitoring__market_relations_natural,Response shares (%)
Monitoring,market_relations_natural,2014,nominal,monitoring-2021dlya-tipografii.pdf,r5,question_trend_source_cells.csv,,Adapted; markets feel natural,15.8,,,,,,,,,,,all respondents as published,,,,,How have you adapted to the current life situation?,,,,monitoring__market_relations_natural,Response shares (%)
Monitoring,market_relations_natural,2015,nominal,monitoring-2021dlya-tipografii.pdf,r5,question_trend_source_cells.csv,,Adapted; markets feel natural,18.0,,,,,,,,,,,all respondents as published,,,,,How have you adapted to the current life situation?,,,,monitoring__market_relations_natural,Response shares (%)
Monitoring,market_relations_natural,2019,nominal,monitoring-2021dlya-tipografii.pdf,r5,question_trend_source_cells.csv,,Adapted; markets feel natural,25.4,,,,,,,,,,,all respondents as published,,,,,How have you adapted to the current life situation?,,,,monitoring__market_relations_natural,Response shares (%)
Monitoring,market_relations_natural,2021,nominal,monitoring-2021dlya-tipografii.pdf,r5,question_trend_source_cells.csv,,Adapted; markets feel natural,23.3,,,,,,,,,,,all respondents as published,,,,,How have you adapted to the current life situation?,,,,monitoring__market_relations_natural,Response shares (%)
Monitoring,market_relations_natural,2003,nominal,monitoring-2021dlya-tipografii.pdf,r5,question_trend_source_cells.csv,,Still finding a place in life,30.6,,,,,,,,,,,all respondents as published,,,,,How have you adapted to the current life situation?,,,,monitoring__market_relations_natural,Response shares (%)
Monitoring,market_relations_natural,2007,nominal,monitoring-2021dlya-tipografii.pdf,r5,question_trend_source_cells.csv,,Still finding a place in life,32.5,,,,,,,,,,,all respondents as published,,,,,How have you adapted to the current life situation?,,,,monitoring__market_relations_natural,Response shares (%)
Monitoring,market_relations_natural,2009,nominal,monitoring-2021dlya-tipografii.pdf,r5,question_trend_source_cells.csv,,Still finding a place in life,33.4,,,,,,,,,,,all respondents as published,,,,,How have you adapted to the current life situation?,,,,monitoring__market_relations_natural,Response shares (%)
Monitoring,market_relations_natural,2012,nominal,monitoring-2021dlya-tipografii.pdf,r5,question_trend_source_cells.csv,,Still finding a place in life,26.1,,,,,,,,,,,all respondents as published,,,,,How have you adapted to the current life situation?,,,,monitoring__market_relations_natural,Response shares (%)
Monitoring,market_relations_natural,2013,nominal,monitoring-2021dlya-tipografii.pdf,r5,question_trend_source_cells.csv,,Still finding a place in life,34.4,,,,,,,,,,,all respondents as published,,,,,How have you adapted to the current life situation?,,,,monitoring__market_relations_natural,Response shares (%)
Monitoring,market_relations_natural,2014,nominal,monitoring-2021dlya-tipografii.pdf,r5,question_trend_source_cells.csv,,Still finding a place in life,27.2,,,,,,,,,,,all respondents as published,,,,,How have you adapted to the current life situation?,,,,monitoring__market_relations_natural,Response shares (%)
Monitoring,market_relations_natural,2015,nominal,monitoring-2021dlya-tipografii.pdf,r5,question_trend_source_cells.csv,,Still finding a place in life,33.9,,,,,,,,,,,all respondents as published,,,,,How have you adapted to the current life situation?,,,,monitoring__market_relations_natural,Response shares (%)
Monitoring,market_relations_natural,2019,nominal,monitoring-2021dlya-tipografii.pdf,r5,question_trend_source_cells.csv,,Still finding a place in life,35.6,,,,,,,,,,,all respondents as published,,,,,How have you adapted to the current life situation?,,,,monitoring__market_relations_natural,Response shares (%)
Monitoring,market_relations_natural,2021,nominal,monitoring-2021dlya-tipografii.pdf,r5,question_trend_source_cells.csv,,Still finding a place in life,28.1,,,,,,,,,,,all respondents as published,,,,,How have you adapted to the current life situation?,,,,monitoring__market_relations_natural,Response shares (%)
Monitoring,market_relations_natural,2003,nominal,monitoring-2021dlya-tipografii.pdf,r5,question_trend_source_cells.csv,,Not adapting; waiting for change,36.1,,,,,,,,,,,all respondents as published,,,,,How have you adapted to the current life situation?,,,,monitoring__market_relations_natural,Response shares (%)
Monitoring,market_relations_natural,2007,nominal,monitoring-2021dlya-tipografii.pdf,r5,question_trend_source_cells.csv,,Not adapting; waiting for change,37.6,,,,,,,,,,,all respondents as published,,,,,How have you adapted to the current life situation?,,,,monitoring__market_relations_natural,Response shares (%)
Monitoring,market_relations_natural,2009,nominal,monitoring-2021dlya-tipografii.pdf,r5,question_trend_source_cells.csv,,Not adapting; waiting for change,33.9,,,,,,,,,,,all respondents as published,,,,,How have you adapted to the current life situation?,,,,monitoring__market_relations_natural,Response shares (%)
Monitoring,market_relations_natural,2012,nominal,monitoring-2021dlya-tipografii.pdf,r5,question_trend_source_cells.csv,,Not adapting; waiting for change,31.8,,,,,,,,,,,all respondents as published,,,,,How have you adapted to the current life situation?,,,,monitoring__market_relations_natural,Response shares (%)
Monitoring,market_relations_natural,2013,nominal,monitoring-2021dlya-tipografii.pdf,r5,question_trend_source_cells.csv,,Not adapting; waiting for change,30.6,,,,,,,,,,,all respondents as published,,,,,How have you adapted to the current life situation?,,,,monitoring__market_relations_natural,Response shares (%)
Monitoring,market_relations_natural,2014,nominal,monitoring-2021dlya-tipografii.pdf,r5,question_trend_source_cells.csv,,Not adapting; waiting for change,32.1,,,,,,,,,,,all respondents as published,,,,,How have you adapted to the current life situation?,,,,monitoring__market_relations_natural,Response shares (%)
Monitoring,market_relations_natural,2015,nominal,monitoring-2021dlya-tipografii.pdf,r5,question_trend_source_cells.csv,,Not adapting; waiting for change,32.6,,,,,,,,,,,all respondents as published,,,,,How have you adapted to the current life situation?,,,,monitoring__market_relations_natural,Response shares (%)
Monitoring,market_relations_natural,2019,nominal,monitoring-2021dlya-tipografii.pdf,r5,question_trend_source_cells.csv,,Not adapting; waiting for change,25.3,,,,,,,,,,,all respondents as published,,,,,How have you adapted to the current life situation?,,,,monitoring__market_relations_natural,Response shares (%)
Monitoring,market_relations_natural,2021,nominal,monitoring-2021dlya-tipografii.pdf,r5,question_trend_source_cells.csv,,Not adapting; waiting for change,30.1,,,,,,,,,,,all respondents as published,,,,,How have you adapted to the current life situation?,,,,monitoring__market_relations_natural,Response shares (%)
Monitoring,market_relations_natural,2003,nominal,monitoring-2021dlya-tipografii.pdf,r5,question_trend_source_cells.csv,,Don't know,24.9,,,,,,,,,,,all respondents as published,,,,,How have you adapted to the current life situation?,,,,monitoring__market_relations_natural,Response shares (%)
Monitoring,market_relations_natural,2007,nominal,monitoring-2021dlya-tipografii.pdf,r5,question_trend_source_cells.csv,,Don't know,13.9,,,,,,,,,,,all respondents as published,,,,,How have you adapted to the current life situation?,,,,monitoring__market_relations_natural,Response shares (%)
Monitoring,market_relations_natural,2009,nominal,monitoring-2021dlya-tipografii.pdf,r5,question_trend_source_cells.csv,,Don't know,14.3,,,,,,,,,,,all respondents as published,,,,,How have you adapted to the current life situation?,,,,monitoring__market_relations_natural,Response shares (%)
Monitoring,market_relations_natural,2012,nominal,monitoring-2021dlya-tipografii.pdf,r5,question_trend_source_cells.csv,,Don't know,24.8,,,,,,,,,,,all respondents as published,,,,,How have you adapted to the current life situation?,,,,monitoring__market_relations_natural,Response shares (%)
Monitoring,market_relations_natural,2013,nominal,monitoring-2021dlya-tipografii.pdf,r5,question_trend_source_cells.csv,,Don't know,18.4,,,,,,,,,,,all respondents as published,,,,,How have you adapted to the current life situation?,,,,monitoring__market_relations_natural,Response shares (%)
Monitoring,market_relations_natural,2014,nominal,monitoring-2021dlya-tipografii.pdf,r5,question_trend_source_cells.csv,,Don't know,24.7,,,,,,,,,,,all respondents as published,,,,,How have you adapted to the current life situation?,,,,monitoring__market_relations_natural,Response shares (%)
Monitoring,market_relations_natural,2015,nominal,monitoring-2021dlya-tipografii.pdf,r5,question_trend_source_cells.csv,,Don't know,15.1,,,,,,,,,,,all respondents as published,,,,,How have you adapted to the current life situation?,,,,monitoring__market_relations_natural,Response shares (%)
Monitoring,market_relations_natural,2019,nominal,monitoring-2021dlya-tipografii.pdf,r5,question_trend_source_cells.csv,,Don't know,13.7,,,,,,,,,,,all respondents as published,,,,,How have you adapted to the current life situation?,,,,monitoring__market_relations_natural,Response shares (%)
Monitoring,market_relations_natural,2021,nominal,monitoring-2021dlya-tipografii.pdf,r5,question_trend_source_cells.csv,,Don't know,18.1,,,,,,,,,,,all respondents as published,,,,,How have you adapted to the current life situation?,,,,monitoring__market_relations_natural,Response shares (%)
Monitoring,market_relations_natural,2003,nominal,monitoring-2021dlya-tipografii.pdf,r5,question_trend_source_cells.csv,,No answer,0.1,,,,,,,,,,,all respondents as published,,,,,How have you adapted to the current life situation?,,,,monitoring__market_relations_natural,Response shares (%)
Monitoring,market_relations_natural,2007,nominal,monitoring-2021dlya-tipografii.pdf,r5,question_trend_source_cells.csv,,No answer,0.0,,,,,,,,,,,all respondents as published,,,,,How have you adapted to the current life situation?,,,,monitoring__market_relations_natural,Response shares (%)
Monitoring,market_relations_natural,2009,nominal,monitoring-2021dlya-tipografii.pdf,r5,question_trend_source_cells.csv,,No answer,0.4,,,,,,,,,,,all respondents as published,,,,,How have you adapted to the current life situation?,,,,monitoring__market_relations_natural,Response shares (%)
Monitoring,market_relations_natural,2012,nominal,monitoring-2021dlya-tipografii.pdf,r5,question_trend_source_cells.csv,,No answer,1.9,,,,,,,,,,,all respondents as published,,,,,How have you adapted to the current life situation?,,,,monitoring__market_relations_natural,Response shares (%)
Monitoring,market_relations_natural,2013,nominal,monitoring-2021dlya-tipografii.pdf,r5,question_trend_source_cells.csv,,No answer,0.1,,,,,,,,,,,all respondents as published,,,,,How have you adapted to the current life situation?,,,,monitoring__market_relations_natural,Response shares (%)
Monitoring,market_relations_natural,2014,nominal,monitoring-2021dlya-tipografii.pdf,r5,question_trend_source_cells.csv,,No answer,0.2,,,,,,,,,,,all respondents as published,,,,,How have you adapted to the current life situation?,,,,monitoring__market_relations_natural,Response shares (%)
Monitoring,market_relations_natural,2015,nominal,monitoring-2021dlya-tipografii.pdf,r5,question_trend_source_cells.csv,,No answer,0.4,,,,,,,,,,,all respondents as published,,,,,How have you adapted to the current life situation?,,,,monitoring__market_relations_natural,Response shares (%)
Monitoring,market_relations_natural,2019,nominal,monitoring-2021dlya-tipografii.pdf,r5,question_trend_source_cells.csv,,No answer,0.0,,,,,,,,,,,all respondents as published,,,,,How have you adapted to the current life situation?,,,,monitoring__market_relations_natural,Response shares (%)
Monitoring,market_relations_natural,2021,nominal,monitoring-2021dlya-tipografii.pdf,r5,question_trend_source_cells.csv,,No answer,0.4,,,,,,,,,,,all respondents as published,,,,,How have you adapted to the current life situation?,,,,monitoring__market_relations_natural,Response shares (%)
Monitoring,existing_private_land,2013,ordinal,soc-mon-2013.pdf,an6,question_trend_source_cells.csv,,Positive,27.0,,,,,,,,,,,all respondents as published,,,,,Do you favour existing private ownership of land?,,,,monitoring__existing_private_land,Response shares (%)
Monitoring,existing_private_land,2017,ordinal,mon2020.pdf,a8r,question_trend_source_cells.csv,,Positive,47.6,,,,,,,,,,,all respondents as published,,,,,Do you favour existing private ownership of land?,,,,monitoring__existing_private_land,Response shares (%)
Monitoring,existing_private_land,2020,ordinal,mon2020.pdf,a8r,question_trend_source_cells.csv,,Positive,39.7,,,,,,,,,,,all respondents as published,,,,,Do you favour existing private ownership of land?,,,,monitoring__existing_private_land,Response shares (%)
Monitoring,existing_private_land,2013,ordinal,soc-mon-2013.pdf,an6,question_trend_source_cells.csv,,Negative,53.3,,,,,,,,,,,all respondents as published,,,,,Do you favour existing private ownership of land?,,,,monitoring__existing_private_land,Response shares (%)
Monitoring,existing_private_land,2017,ordinal,mon2020.pdf,a8r,question_trend_source_cells.csv,,Negative,35.400000000000006,,,,,,,,,,,all respondents as published,,,,,Do you favour existing private ownership of land?,,,,monitoring__existing_private_land,Response shares (%)
Monitoring,existing_private_land,2020,ordinal,mon2020.pdf,a8r,question_trend_source_cells.csv,,Negative,34.1,,,,,,,,,,,all respondents as published,,,,,Do you favour existing private ownership of land?,,,,monitoring__existing_private_land,Response shares (%)
Monitoring,existing_private_land,2013,ordinal,soc-mon-2013.pdf,an6,question_trend_source_cells.csv,,Don't know,19.4,,,,,,,,,,,all respondents as published,,,,,Do you favour existing private ownership of land?,,,,monitoring__existing_private_land,Response shares (%)
Monitoring,existing_private_land,2017,ordinal,mon2020.pdf,a8r,question_trend_source_cells.csv,,Don't know,16.9,,,,,,,,,,,all respondents as published,,,,,Do you favour existing private ownership of land?,,,,monitoring__existing_private_land,Response shares (%)
Monitoring,existing_private_land,2020,ordinal,mon2020.pdf,a8r,question_trend_source_cells.csv,,Don't know,25.7,,,,,,,,,,,all respondents as published,,,,,Do you favour existing private ownership of land?,,,,monitoring__existing_private_land,Response shares (%)
Monitoring,existing_private_land,2013,ordinal,soc-mon-2013.pdf,an6,question_trend_source_cells.csv,,No answer,0.3,,,,,,,,,,,all respondents as published,,,,,Do you favour existing private ownership of land?,,,,monitoring__existing_private_land,Response shares (%)
Monitoring,existing_private_land,2017,ordinal,mon2020.pdf,a8r,question_trend_source_cells.csv,,No answer,0.2,,,,,,,,,,,all respondents as published,,,,,Do you favour existing private ownership of land?,,,,monitoring__existing_private_land,Response shares (%)
Monitoring,existing_private_land,2020,ordinal,mon2020.pdf,a8r,question_trend_source_cells.csv,,No answer,0.5,,,,,,,,,,,all respondents as published,,,,,Do you favour existing private ownership of land?,,,,monitoring__existing_private_land,Response shares (%)
Monitoring,existing_private_large,2013,ordinal,soc-mon-2013.pdf,an5,question_trend_source_cells.csv,,Positive,36.8,,,,,,,,,,,all respondents as published,,,,,Do you favour existing private ownership of large enterprises?,,,,monitoring__existing_private_large,Response shares (%)
Monitoring,existing_private_large,2017,ordinal,mon2020.pdf,a7r,question_trend_source_cells.csv,,Positive,53.7,,,,,,,,,,,all respondents as published,,,,,Do you favour existing private ownership of large enterprises?,,,,monitoring__existing_private_large,Response shares (%)
Monitoring,existing_private_large,2020,ordinal,mon2020.pdf,a7r,question_trend_source_cells.csv,,Positive,49.1,,,,,,,,,,,all respondents as published,,,,,Do you favour existing private ownership of large enterprises?,,,,monitoring__existing_private_large,Response shares (%)
Monitoring,existing_private_large,2013,ordinal,soc-mon-2013.pdf,an5,question_trend_source_cells.csv,,Negative,43.1,,,,,,,,,,,all respondents as published,,,,,Do you favour existing private ownership of large enterprises?,,,,monitoring__existing_private_large,Response shares (%)
Monitoring,existing_private_large,2017,ordinal,mon2020.pdf,a7r,question_trend_source_cells.csv,,Negative,32.0,,,,,,,,,,,all respondents as published,,,,,Do you favour existing private ownership of large enterprises?,,,,monitoring__existing_private_large,Response shares (%)
Monitoring,existing_private_large,2020,ordinal,mon2020.pdf,a7r,question_trend_source_cells.csv,,Negative,28.8,,,,,,,,,,,all respondents as published,,,,,Do you favour existing private ownership of large enterprises?,,,,monitoring__existing_private_large,Response shares (%)
Monitoring,existing_private_large,2013,ordinal,soc-mon-2013.pdf,an5,question_trend_source_cells.csv,,Don't know,19.9,,,,,,,,,,,all respondents as published,,,,,Do you favour existing private ownership of large enterprises?,,,,monitoring__existing_private_large,Response shares (%)
Monitoring,existing_private_large,2017,ordinal,mon2020.pdf,a7r,question_trend_source_cells.csv,,Don't know,14.2,,,,,,,,,,,all respondents as published,,,,,Do you favour existing private ownership of large enterprises?,,,,monitoring__existing_private_large,Response shares (%)
Monitoring,existing_private_large,2020,ordinal,mon2020.pdf,a7r,question_trend_source_cells.csv,,Don't know,21.6,,,,,,,,,,,all respondents as published,,,,,Do you favour existing private ownership of large enterprises?,,,,monitoring__existing_private_large,Response shares (%)
Monitoring,existing_private_large,2013,ordinal,soc-mon-2013.pdf,an5,question_trend_source_cells.csv,,No answer,0.1,,,,,,,,,,,all respondents as published,,,,,Do you favour existing private ownership of large enterprises?,,,,monitoring__existing_private_large,Response shares (%)
Monitoring,existing_private_large,2017,ordinal,mon2020.pdf,a7r,question_trend_source_cells.csv,,No answer,0.2,,,,,,,,,,,all respondents as published,,,,,Do you favour existing private ownership of large enterprises?,,,,monitoring__existing_private_large,Response shares (%)
Monitoring,existing_private_large,2020,ordinal,mon2020.pdf,a7r,question_trend_source_cells.csv,,No answer,0.5,,,,,,,,,,,all respondents as published,,,,,Do you favour existing private ownership of large enterprises?,,,,monitoring__existing_private_large,Response shares (%)
Monitoring,existing_private_small,2013,ordinal,soc-mon-2013.pdf,an4,question_trend_source_cells.csv,,Positive,62.0,,,,,,,,,,,all respondents as published,,,,,Do you favour existing private ownership of small enterprises?,,,,monitoring__existing_private_small,Response shares (%)
Monitoring,existing_private_small,2017,ordinal,mon2020.pdf,a6r,question_trend_source_cells.csv,,Positive,77.9,,,,,,,,,,,all respondents as published,,,,,Do you favour existing private ownership of small enterprises?,,,,monitoring__existing_private_small,Response shares (%)
Monitoring,existing_private_small,2020,ordinal,mon2020.pdf,a6r,question_trend_source_cells.csv,,Positive,71.4,,,,,,,,,,,all respondents as published,,,,,Do you favour existing private ownership of small enterprises?,,,,monitoring__existing_private_small,Response shares (%)
Monitoring,existing_private_small,2013,ordinal,soc-mon-2013.pdf,an4,question_trend_source_cells.csv,,Negative,22.1,,,,,,,,,,,all respondents as published,,,,,Do you favour existing private ownership of small enterprises?,,,,monitoring__existing_private_small,Response shares (%)
Monitoring,existing_private_small,2017,ordinal,mon2020.pdf,a6r,question_trend_source_cells.csv,,Negative,11.6,,,,,,,,,,,all respondents as published,,,,,Do you favour existing private ownership of small enterprises?,,,,monitoring__existing_private_small,Response shares (%)
Monitoring,existing_private_small,2020,ordinal,mon2020.pdf,a6r,question_trend_source_cells.csv,,Negative,10.1,,,,,,,,,,,all respondents as published,,,,,Do you favour existing private ownership of small enterprises?,,,,monitoring__existing_private_small,Response shares (%)
Monitoring,existing_private_small,2013,ordinal,soc-mon-2013.pdf,an4,question_trend_source_cells.csv,,Don't know,15.7,,,,,,,,,,,all respondents as published,,,,,Do you favour existing private ownership of small enterprises?,,,,monitoring__existing_private_small,Response shares (%)
Monitoring,existing_private_small,2017,ordinal,mon2020.pdf,a6r,question_trend_source_cells.csv,,Don't know,10.4,,,,,,,,,,,all respondents as published,,,,,Do you favour existing private ownership of small enterprises?,,,,monitoring__existing_private_small,Response shares (%)
Monitoring,existing_private_small,2020,ordinal,mon2020.pdf,a6r,question_trend_source_cells.csv,,Don't know,18.3,,,,,,,,,,,all respondents as published,,,,,Do you favour existing private ownership of small enterprises?,,,,monitoring__existing_private_small,Response shares (%)
Monitoring,existing_private_small,2013,ordinal,soc-mon-2013.pdf,an4,question_trend_source_cells.csv,,No answer,0.1,,,,,,,,,,,all respondents as published,,,,,Do you favour existing private ownership of small enterprises?,,,,monitoring__existing_private_small,Response shares (%)
Monitoring,existing_private_small,2017,ordinal,mon2020.pdf,a6r,question_trend_source_cells.csv,,No answer,0.1,,,,,,,,,,,all respondents as published,,,,,Do you favour existing private ownership of small enterprises?,,,,monitoring__existing_private_small,Response shares (%)
Monitoring,existing_private_small,2020,ordinal,mon2020.pdf,a6r,question_trend_source_cells.csv,,No answer,0.2,,,,,,,,,,,all respondents as published,,,,,Do you favour existing private ownership of small enterprises?,,,,monitoring__existing_private_small,Response shares (%)
Monitoring,enterprise_initiative,2002,ordinal,mon2020.pdf,r3.9,question_trend_source_cells.csv,,Important,49.3,,,,,,,,,,,all respondents as published,,,,,Is the opportunity for entrepreneurial initiative important?,,,,monitoring__enterprise_initiative,Response shares (%)
Monitoring,enterprise_initiative,2003,ordinal,mon2020.pdf,r3.9,question_trend_source_cells.csv,,Important,51.8,,,,,,,,,,,all respondents as published,,,,,Is the opportunity for entrepreneurial initiative important?,,,,monitoring__enterprise_initiative,Response shares (%)
Monitoring,enterprise_initiative,2006,ordinal,mon2020.pdf,r3.9,question_trend_source_cells.csv,,Important,46.3,,,,,,,,,,,all respondents as published,,,,,Is the opportunity for entrepreneurial initiative important?,,,,monitoring__enterprise_initiative,Response shares (%)
Monitoring,enterprise_initiative,2009,ordinal,mon2020.pdf,r3.9,question_trend_source_cells.csv,,Important,46.0,,,,,,,,,,,all respondents as published,,,,,Is the opportunity for entrepreneurial initiative important?,,,,monitoring__enterprise_initiative,Response shares (%)
Monitoring,enterprise_initiative,2012,ordinal,mon2020.pdf,r3.9,question_trend_source_cells.csv,,Important,49.0,,,,,,,,,,,all respondents as published,,,,,Is the opportunity for entrepreneurial initiative important?,,,,monitoring__enterprise_initiative,Response shares (%)
Monitoring,enterprise_initiative,2014,ordinal,mon2020.pdf,r3.9,question_trend_source_cells.csv,,Important,57.6,,,,,,,,,,,all respondents as published,,,,,Is the opportunity for entrepreneurial initiative important?,,,,monitoring__enterprise_initiative,Response shares (%)
Monitoring,enterprise_initiative,2016,ordinal,mon2020.pdf,r3.9,question_trend_source_cells.csv,,Important,63.1,,,,,,,,,,,all respondents as published,,,,,Is the opportunity for entrepreneurial initiative important?,,,,monitoring__enterprise_initiative,Response shares (%)
Monitoring,enterprise_initiative,2018,ordinal,mon2020.pdf,r3.9,question_trend_source_cells.csv,,Important,63.8,,,,,,,,,,,all respondents as published,,,,,Is the opportunity for entrepreneurial initiative important?,,,,monitoring__enterprise_initiative,Response shares (%)
Monitoring,enterprise_initiative,2020,ordinal,mon2020.pdf,r3.9,question_trend_source_cells.csv,,Important,53.1,,,,,,,,,,,all respondents as published,,,,,Is the opportunity for entrepreneurial initiative important?,,,,monitoring__enterprise_initiative,Response shares (%)
Monitoring,enterprise_initiative,2002,ordinal,mon2020.pdf,r3.9,question_trend_source_cells.csv,,Not important,21.8,,,,,,,,,,,all respondents as published,,,,,Is the opportunity for entrepreneurial initiative important?,,,,monitoring__enterprise_initiative,Response shares (%)
Monitoring,enterprise_initiative,2003,ordinal,mon2020.pdf,r3.9,question_trend_source_cells.csv,,Not important,20.5,,,,,,,,,,,all respondents as published,,,,,Is the opportunity for entrepreneurial initiative important?,,,,monitoring__enterprise_initiative,Response shares (%)
Monitoring,enterprise_initiative,2006,ordinal,mon2020.pdf,r3.9,question_trend_source_cells.csv,,Not important,25.6,,,,,,,,,,,all respondents as published,,,,,Is the opportunity for entrepreneurial initiative important?,,,,monitoring__enterprise_initiative,Response shares (%)
Monitoring,enterprise_initiative,2009,ordinal,mon2020.pdf,r3.9,question_trend_source_cells.csv,,Not important,28.7,,,,,,,,,,,all respondents as published,,,,,Is the opportunity for entrepreneurial initiative important?,,,,monitoring__enterprise_initiative,Response shares (%)
Monitoring,enterprise_initiative,2012,ordinal,mon2020.pdf,r3.9,question_trend_source_cells.csv,,Not important,18.9,,,,,,,,,,,all respondents as published,,,,,Is the opportunity for entrepreneurial initiative important?,,,,monitoring__enterprise_initiative,Response shares (%)
Monitoring,enterprise_initiative,2014,ordinal,mon2020.pdf,r3.9,question_trend_source_cells.csv,,Not important,13.5,,,,,,,,,,,all respondents as published,,,,,Is the opportunity for entrepreneurial initiative important?,,,,monitoring__enterprise_initiative,Response shares (%)
Monitoring,enterprise_initiative,2016,ordinal,mon2020.pdf,r3.9,question_trend_source_cells.csv,,Not important,13.7,,,,,,,,,,,all respondents as published,,,,,Is the opportunity for entrepreneurial initiative important?,,,,monitoring__enterprise_initiative,Response shares (%)
Monitoring,enterprise_initiative,2018,ordinal,mon2020.pdf,r3.9,question_trend_source_cells.csv,,Not important,15.9,,,,,,,,,,,all respondents as published,,,,,Is the opportunity for entrepreneurial initiative important?,,,,monitoring__enterprise_initiative,Response shares (%)
Monitoring,enterprise_initiative,2020,ordinal,mon2020.pdf,r3.9,question_trend_source_cells.csv,,Not important,20.9,,,,,,,,,,,all respondents as published,,,,,Is the opportunity for entrepreneurial initiative important?,,,,monitoring__enterprise_initiative,Response shares (%)
Monitoring,enterprise_initiative,2002,ordinal,mon2020.pdf,r3.9,question_trend_source_cells.csv,,Undecided,28.5,,,,,,,,,,,all respondents as published,,,,,Is the opportunity for entrepreneurial initiative important?,,,,monitoring__enterprise_initiative,Response shares (%)
Monitoring,enterprise_initiative,2003,ordinal,mon2020.pdf,r3.9,question_trend_source_cells.csv,,Undecided,27.6,,,,,,,,,,,all respondents as published,,,,,Is the opportunity for entrepreneurial initiative important?,,,,monitoring__enterprise_initiative,Response shares (%)
Monitoring,enterprise_initiative,2006,ordinal,mon2020.pdf,r3.9,question_trend_source_cells.csv,,Undecided,28.1,,,,,,,,,,,all respondents as published,,,,,Is the opportunity for entrepreneurial initiative important?,,,,monitoring__enterprise_initiative,Response shares (%)
Monitoring,enterprise_initiative,2009,ordinal,mon2020.pdf,r3.9,question_trend_source_cells.csv,,Undecided,24.7,,,,,,,,,,,all respondents as published,,,,,Is the opportunity for entrepreneurial initiative important?,,,,monitoring__enterprise_initiative,Response shares (%)
Monitoring,enterprise_initiative,2012,ordinal,mon2020.pdf,r3.9,question_trend_source_cells.csv,,Undecided,32.2,,,,,,,,,,,all respondents as published,,,,,Is the opportunity for entrepreneurial initiative important?,,,,monitoring__enterprise_initiative,Response shares (%)
Monitoring,enterprise_initiative,2014,ordinal,mon2020.pdf,r3.9,question_trend_source_cells.csv,,Undecided,28.7,,,,,,,,,,,all respondents as published,,,,,Is the opportunity for entrepreneurial initiative important?,,,,monitoring__enterprise_initiative,Response shares (%)
Monitoring,enterprise_initiative,2016,ordinal,mon2020.pdf,r3.9,question_trend_source_cells.csv,,Undecided,22.9,,,,,,,,,,,all respondents as published,,,,,Is the opportunity for entrepreneurial initiative important?,,,,monitoring__enterprise_initiative,Response shares (%)
Monitoring,enterprise_initiative,2018,ordinal,mon2020.pdf,r3.9,question_trend_source_cells.csv,,Undecided,20.3,,,,,,,,,,,all respondents as published,,,,,Is the opportunity for entrepreneurial initiative important?,,,,monitoring__enterprise_initiative,Response shares (%)
Monitoring,enterprise_initiative,2020,ordinal,mon2020.pdf,r3.9,question_trend_source_cells.csv,,Undecided,25.9,,,,,,,,,,,all respondents as published,,,,,Is the opportunity for entrepreneurial initiative important?,,,,monitoring__enterprise_initiative,Response shares (%)
Monitoring,enterprise_initiative,2002,ordinal,mon2020.pdf,r3.9,question_trend_source_cells.csv,,No answer,0.4,,,,,,,,,,,all respondents as published,,,,,Is the opportunity for entrepreneurial initiative important?,,,,monitoring__enterprise_initiative,Response shares (%)
Monitoring,enterprise_initiative,2003,ordinal,mon2020.pdf,r3.9,question_trend_source_cells.csv,,No answer,0.2,,,,,,,,,,,all respondents as published,,,,,Is the opportunity for entrepreneurial initiative important?,,,,monitoring__enterprise_initiative,Response shares (%)
Monitoring,enterprise_initiative,2006,ordinal,mon2020.pdf,r3.9,question_trend_source_cells.csv,,No answer,0.0,,,,,,,,,,,all respondents as published,,,,,Is the opportunity for entrepreneurial initiative important?,,,,monitoring__enterprise_initiative,Response shares (%)
Monitoring,enterprise_initiative,2009,ordinal,mon2020.pdf,r3.9,question_trend_source_cells.csv,,No answer,0.6,,,,,,,,,,,all respondents as published,,,,,Is the opportunity for entrepreneurial initiative important?,,,,monitoring__enterprise_initiative,Response shares (%)
Monitoring,enterprise_initiative,2012,ordinal,mon2020.pdf,r3.9,question_trend_source_cells.csv,,No answer,0.1,,,,,,,,,,,all respondents as published,,,,,Is the opportunity for entrepreneurial initiative important?,,,,monitoring__enterprise_initiative,Response shares (%)
Monitoring,enterprise_initiative,2014,ordinal,mon2020.pdf,r3.9,question_trend_source_cells.csv,,No answer,0.2,,,,,,,,,,,all respondents as published,,,,,Is the opportunity for entrepreneurial initiative important?,,,,monitoring__enterprise_initiative,Response shares (%)
Monitoring,enterprise_initiative,2016,ordinal,mon2020.pdf,r3.9,question_trend_source_cells.csv,,No answer,0.3,,,,,,,,,,,all respondents as published,,,,,Is the opportunity for entrepreneurial initiative important?,,,,monitoring__enterprise_initiative,Response shares (%)
Monitoring,enterprise_initiative,2018,ordinal,mon2020.pdf,r3.9,question_trend_source_cells.csv,,No answer,0.0,,,,,,,,,,,all respondents as published,,,,,Is the opportunity for entrepreneurial initiative important?,,,,monitoring__enterprise_initiative,Response shares (%)
Monitoring,enterprise_initiative,2020,ordinal,mon2020.pdf,r3.9,question_trend_source_cells.csv,,No answer,0.1,,,,,,,,,,,all respondents as published,,,,,Is the opportunity for entrepreneurial initiative important?,,,,monitoring__enterprise_initiative,Response shares (%)
Monitoring,retrospective_land,2013,ordinal,soc-mon-2013.pdf,an3,question_trend_source_cells.csv,,Yes,19.5,,,,,,,,,,,all respondents as published,,,,,Was privatisation of land worth doing?,,,,monitoring__retrospective_land,Response shares (%)
Monitoring,retrospective_land,2017,ordinal,mon2020.pdf,a5r,question_trend_source_cells.csv,,Yes,33.2,,,,,,,,,,,all respondents as published,,,,,Was privatisation of land worth doing?,,,,monitoring__retrospective_land,Response shares (%)
Monitoring,retrospective_land,2020,ordinal,mon2020.pdf,a5r,question_trend_source_cells.csv,,Yes,27.9,,,,,,,,,,,all respondents as published,,,,,Was privatisation of land worth doing?,,,,monitoring__retrospective_land,Response shares (%)
Monitoring,retrospective_land,2013,ordinal,soc-mon-2013.pdf,an3,question_trend_source_cells.csv,,No,63.3,,,,,,,,,,,all respondents as published,,,,,Was privatisation of land worth doing?,,,,monitoring__retrospective_land,Response shares (%)
Monitoring,retrospective_land,2017,ordinal,mon2020.pdf,a5r,question_trend_source_cells.csv,,No,52.8,,,,,,,,,,,all respondents as published,,,,,Was privatisation of land worth doing?,,,,monitoring__retrospective_land,Response shares (%)
Monitoring,retrospective_land,2020,ordinal,mon2020.pdf,a5r,question_trend_source_cells.csv,,No,51.0,,,,,,,,,,,all respondents as published,,,,,Was privatisation of land worth doing?,,,,monitoring__retrospective_land,Response shares (%)
Monitoring,retrospective_land,2013,ordinal,soc-mon-2013.pdf,an3,question_trend_source_cells.csv,,Don't know,17.0,,,,,,,,,,,all respondents as published,,,,,Was privatisation of land worth doing?,,,,monitoring__retrospective_land,Response shares (%)
Monitoring,retrospective_land,2017,ordinal,mon2020.pdf,a5r,question_trend_source_cells.csv,,Don't know,14.0,,,,,,,,,,,all respondents as published,,,,,Was privatisation of land worth doing?,,,,monitoring__retrospective_land,Response shares (%)
Monitoring,retrospective_land,2020,ordinal,mon2020.pdf,a5r,question_trend_source_cells.csv,,Don't know,20.7,,,,,,,,,,,all respondents as published,,,,,Was privatisation of land worth doing?,,,,monitoring__retrospective_land,Response shares (%)
Monitoring,retrospective_land,2013,ordinal,soc-mon-2013.pdf,an3,question_trend_source_cells.csv,,No answer,0.2,,,,,,,,,,,all respondents as published,,,,,Was privatisation of land worth doing?,,,,monitoring__retrospective_land,Response shares (%)
Monitoring,retrospective_land,2017,ordinal,mon2020.pdf,a5r,question_trend_source_cells.csv,,No answer,0.0,,,,,,,,,,,all respondents as published,,,,,Was privatisation of land worth doing?,,,,monitoring__retrospective_land,Response shares (%)
Monitoring,retrospective_land,2020,ordinal,mon2020.pdf,a5r,question_trend_source_cells.csv,,No answer,0.4,,,,,,,,,,,all respondents as published,,,,,Was privatisation of land worth doing?,,,,monitoring__retrospective_land,Response shares (%)
Monitoring,retrospective_large,2013,ordinal,soc-mon-2013.pdf,an2,question_trend_source_cells.csv,,Yes,16.9,,,,,,,,,,,all respondents as published,,,,,Was privatisation of large enterprises worth doing?,,,,monitoring__retrospective_large,Response shares (%)
Monitoring,retrospective_large,2017,ordinal,mon2020.pdf,a4r,question_trend_source_cells.csv,,Yes,26.7,,,,,,,,,,,all respondents as published,,,,,Was privatisation of large enterprises worth doing?,,,,monitoring__retrospective_large,Response shares (%)
Monitoring,retrospective_large,2020,ordinal,mon2020.pdf,a4r,question_trend_source_cells.csv,,Yes,21.700000000000003,,,,,,,,,,,all respondents as published,,,,,Was privatisation of large enterprises worth doing?,,,,monitoring__retrospective_large,Response shares (%)
Monitoring,retrospective_large,2013,ordinal,soc-mon-2013.pdf,an2,question_trend_source_cells.csv,,No,65.8,,,,,,,,,,,all respondents as published,,,,,Was privatisation of large enterprises worth doing?,,,,monitoring__retrospective_large,Response shares (%)
Monitoring,retrospective_large,2017,ordinal,mon2020.pdf,a4r,question_trend_source_cells.csv,,No,56.9,,,,,,,,,,,all respondents as published,,,,,Was privatisation of large enterprises worth doing?,,,,monitoring__retrospective_large,Response shares (%)
Monitoring,retrospective_large,2020,ordinal,mon2020.pdf,a4r,question_trend_source_cells.csv,,No,54.900000000000006,,,,,,,,,,,all respondents as published,,,,,Was privatisation of large enterprises worth doing?,,,,monitoring__retrospective_large,Response shares (%)
Monitoring,retrospective_large,2013,ordinal,soc-mon-2013.pdf,an2,question_trend_source_cells.csv,,Don't know,17.1,,,,,,,,,,,all respondents as published,,,,,Was privatisation of large enterprises worth doing?,,,,monitoring__retrospective_large,Response shares (%)
Monitoring,retrospective_large,2017,ordinal,mon2020.pdf,a4r,question_trend_source_cells.csv,,Don't know,16.3,,,,,,,,,,,all respondents as published,,,,,Was privatisation of large enterprises worth doing?,,,,monitoring__retrospective_large,Response shares (%)
Monitoring,retrospective_large,2020,ordinal,mon2020.pdf,a4r,question_trend_source_cells.csv,,Don't know,23.0,,,,,,,,,,,all respondents as published,,,,,Was privatisation of large enterprises worth doing?,,,,monitoring__retrospective_large,Response shares (%)
Monitoring,retrospective_large,2013,ordinal,soc-mon-2013.pdf,an2,question_trend_source_cells.csv,,No answer,0.2,,,,,,,,,,,all respondents as published,,,,,Was privatisation of large enterprises worth doing?,,,,monitoring__retrospective_large,Response shares (%)
Monitoring,retrospective_large,2017,ordinal,mon2020.pdf,a4r,question_trend_source_cells.csv,,No answer,0.1,,,,,,,,,,,all respondents as published,,,,,Was privatisation of large enterprises worth doing?,,,,monitoring__retrospective_large,Response shares (%)
Monitoring,retrospective_large,2020,ordinal,mon2020.pdf,a4r,question_trend_source_cells.csv,,No answer,0.4,,,,,,,,,,,all respondents as published,,,,,Was privatisation of large enterprises worth doing?,,,,monitoring__retrospective_large,Response shares (%)
Monitoring,retrospective_small,2013,ordinal,soc-mon-2013.pdf,an1,question_trend_source_cells.csv,,Yes,48.1,,,,,,,,,,,all respondents as published,,,,,Was privatisation of small enterprises worth doing?,,,,monitoring__retrospective_small,Response shares (%)
Monitoring,retrospective_small,2017,ordinal,mon2020.pdf,a3r,question_trend_source_cells.csv,,Yes,56.9,,,,,,,,,,,all respondents as published,,,,,Was privatisation of small enterprises worth doing?,,,,monitoring__retrospective_small,Response shares (%)
Monitoring,retrospective_small,2020,ordinal,mon2020.pdf,a3r,question_trend_source_cells.csv,,Yes,49.7,,,,,,,,,,,all respondents as published,,,,,Was privatisation of small enterprises worth doing?,,,,monitoring__retrospective_small,Response shares (%)
Monitoring,retrospective_small,2013,ordinal,soc-mon-2013.pdf,an1,question_trend_source_cells.csv,,No,34.7,,,,,,,,,,,all respondents as published,,,,,Was privatisation of small enterprises worth doing?,,,,monitoring__retrospective_small,Response shares (%)
Monitoring,retrospective_small,2017,ordinal,mon2020.pdf,a3r,question_trend_source_cells.csv,,No,28.6,,,,,,,,,,,all respondents as published,,,,,Was privatisation of small enterprises worth doing?,,,,monitoring__retrospective_small,Response shares (%)
Monitoring,retrospective_small,2020,ordinal,mon2020.pdf,a3r,question_trend_source_cells.csv,,No,28.6,,,,,,,,,,,all respondents as published,,,,,Was privatisation of small enterprises worth doing?,,,,monitoring__retrospective_small,Response shares (%)
Monitoring,retrospective_small,2013,ordinal,soc-mon-2013.pdf,an1,question_trend_source_cells.csv,,Don't know,17.0,,,,,,,,,,,all respondents as published,,,,,Was privatisation of small enterprises worth doing?,,,,monitoring__retrospective_small,Response shares (%)
Monitoring,retrospective_small,2017,ordinal,mon2020.pdf,a3r,question_trend_source_cells.csv,,Don't know,14.2,,,,,,,,,,,all respondents as published,,,,,Was privatisation of small enterprises worth doing?,,,,monitoring__retrospective_small,Response shares (%)
Monitoring,retrospective_small,2020,ordinal,mon2020.pdf,a3r,question_trend_source_cells.csv,,Don't know,21.5,,,,,,,,,,,all respondents as published,,,,,Was privatisation of small enterprises worth doing?,,,,monitoring__retrospective_small,Response shares (%)
Monitoring,retrospective_small,2013,ordinal,soc-mon-2013.pdf,an1,question_trend_source_cells.csv,,No answer,0.2,,,,,,,,,,,all respondents as published,,,,,Was privatisation of small enterprises worth doing?,,,,monitoring__retrospective_small,Response shares (%)
Monitoring,retrospective_small,2017,ordinal,mon2020.pdf,a3r,question_trend_source_cells.csv,,No answer,0.3,,,,,,,,,,,all respondents as published,,,,,Was privatisation of small enterprises worth doing?,,,,monitoring__retrospective_small,Response shares (%)
Monitoring,retrospective_small,2020,ordinal,mon2020.pdf,a3r,question_trend_source_cells.csv,,No answer,0.2,,,,,,,,,,,all respondents as published,,,,,Was privatisation of small enterprises worth doing?,,,,monitoring__retrospective_small,Response shares (%)
Monitoring,land_ownership_rights,2017,nominal,mon2020.pdf,a12r,question_trend_source_cells.csv,,"Full ownership, including sale",27.3,,,,,,,,,,,all respondents as published,,,,,What rights should people have over land?,,,,monitoring__land_ownership_rights,Response shares (%)
Monitoring,land_ownership_rights,2019,nominal,mon2020.pdf,a12r,question_trend_source_cells.csv,,"Full ownership, including sale",34.3,,,,,,,,,,,all respondents as published,,,,,What rights should people have over land?,,,,monitoring__land_ownership_rights,Response shares (%)
Monitoring,land_ownership_rights,2020,nominal,mon2020.pdf,a12r,question_trend_source_cells.csv,,"Full ownership, including sale",37.4,,,,,,,,,,,all respondents as published,,,,,What rights should people have over land?,,,,monitoring__land_ownership_rights,Response shares (%)
Monitoring,land_ownership_rights,2017,nominal,mon2020.pdf,a12r,question_trend_source_cells.csv,,"Inheritable use, no sale",23.6,,,,,,,,,,,all respondents as published,,,,,What rights should people have over land?,,,,monitoring__land_ownership_rights,Response shares (%)
Monitoring,land_ownership_rights,2019,nominal,mon2020.pdf,a12r,question_trend_source_cells.csv,,"Inheritable use, no sale",25.1,,,,,,,,,,,all respondents as published,,,,,What rights should people have over land?,,,,monitoring__land_ownership_rights,Response shares (%)
Monitoring,land_ownership_rights,2020,nominal,mon2020.pdf,a12r,question_trend_source_cells.csv,,"Inheritable use, no sale",19.2,,,,,,,,,,,all respondents as published,,,,,What rights should people have over land?,,,,monitoring__land_ownership_rights,Response shares (%)
Monitoring,land_ownership_rights,2017,nominal,mon2020.pdf,a12r,question_trend_source_cells.csv,,Community ownership,21.4,,,,,,,,,,,all respondents as published,,,,,What rights should people have over land?,,,,monitoring__land_ownership_rights,Response shares (%)
Monitoring,land_ownership_rights,2019,nominal,mon2020.pdf,a12r,question_trend_source_cells.csv,,Community ownership,15.4,,,,,,,,,,,all respondents as published,,,,,What rights should people have over land?,,,,monitoring__land_ownership_rights,Response shares (%)
Monitoring,land_ownership_rights,2020,nominal,mon2020.pdf,a12r,question_trend_source_cells.csv,,Community ownership,11.3,,,,,,,,,,,all respondents as published,,,,,What rights should people have over land?,,,,monitoring__land_ownership_rights,Response shares (%)
Monitoring,land_ownership_rights,2017,nominal,mon2020.pdf,a12r,question_trend_source_cells.csv,,State ownership,17.6,,,,,,,,,,,all respondents as published,,,,,What rights should people have over land?,,,,monitoring__land_ownership_rights,Response shares (%)
Monitoring,land_ownership_rights,2019,nominal,mon2020.pdf,a12r,question_trend_source_cells.csv,,State ownership,12.8,,,,,,,,,,,all respondents as published,,,,,What rights should people have over land?,,,,monitoring__land_ownership_rights,Response shares (%)
Monitoring,land_ownership_rights,2020,nominal,mon2020.pdf,a12r,question_trend_source_cells.csv,,State ownership,16.3,,,,,,,,,,,all respondents as published,,,,,What rights should people have over land?,,,,monitoring__land_ownership_rights,Response shares (%)
Monitoring,land_ownership_rights,2017,nominal,mon2020.pdf,a12r,question_trend_source_cells.csv,,Don't know,10.0,,,,,,,,,,,all respondents as published,,,,,What rights should people have over land?,,,,monitoring__land_ownership_rights,Response shares (%)
Monitoring,land_ownership_rights,2019,nominal,mon2020.pdf,a12r,question_trend_source_cells.csv,,Don't know,12.4,,,,,,,,,,,all respondents as published,,,,,What rights should people have over land?,,,,monitoring__land_ownership_rights,Response shares (%)
Monitoring,land_ownership_rights,2020,nominal,mon2020.pdf,a12r,question_trend_source_cells.csv,,Don't know,15.8,,,,,,,,,,,all respondents as published,,,,,What rights should people have over land?,,,,monitoring__land_ownership_rights,Response shares (%)
Monitoring,land_ownership_rights,2017,nominal,mon2020.pdf,a12r,question_trend_source_cells.csv,,No answer,0.1,,,,,,,,,,,all respondents as published,,,,,What rights should people have over land?,,,,monitoring__land_ownership_rights,Response shares (%)
Monitoring,land_ownership_rights,2019,nominal,mon2020.pdf,a12r,question_trend_source_cells.csv,,No answer,0.0,,,,,,,,,,,all respondents as published,,,,,What rights should people have over land?,,,,monitoring__land_ownership_rights,Response shares (%)
Monitoring,land_ownership_rights,2020,nominal,mon2020.pdf,a12r,question_trend_source_cells.csv,,No answer,0.0,,,,,,,,,,,all respondents as published,,,,,What rights should people have over land?,,,,monitoring__land_ownership_rights,Response shares (%)
Monitoring,ownership_policy,2023,nominal,monitoring-2025.pdf,a2,question_trend_source_cells.csv,,Broad privatisation,9.9,,,,,,,,,,,all respondents as published,,,,,Which ownership policy should the state pursue?,,,,monitoring__ownership_policy,Response shares (%)
Monitoring,ownership_policy,2024,nominal,monitoring-2025.pdf,a2,question_trend_source_cells.csv,,Broad privatisation,7.6,,,,,,,,,,,all respondents as published,,,,,Which ownership policy should the state pursue?,,,,monitoring__ownership_policy,Response shares (%)
Monitoring,ownership_policy,2025,nominal,monitoring-2025.pdf,a2,question_trend_source_cells.csv,,Broad privatisation,9.8,,,,,,,,,,,all respondents as published,,,,,Which ownership policy should the state pursue?,,,,monitoring__ownership_policy,Response shares (%)
Monitoring,ownership_policy,2023,nominal,monitoring-2025.pdf,a2,question_trend_source_cells.csv,,Privatise except efficient state firms,37.4,,,,,,,,,,,all respondents as published,,,,,Which ownership policy should the state pursue?,,,,monitoring__ownership_policy,Response shares (%)
Monitoring,ownership_policy,2024,nominal,monitoring-2025.pdf,a2,question_trend_source_cells.csv,,Privatise except efficient state firms,34.0,,,,,,,,,,,all respondents as published,,,,,Which ownership policy should the state pursue?,,,,monitoring__ownership_policy,Response shares (%)
Monitoring,ownership_policy,2025,nominal,monitoring-2025.pdf,a2,question_trend_source_cells.csv,,Privatise except efficient state firms,36.2,,,,,,,,,,,all respondents as published,,,,,Which ownership policy should the state pursue?,,,,monitoring__ownership_policy,Response shares (%)
Monitoring,ownership_policy,2023,nominal,monitoring-2025.pdf,a2,question_trend_source_cells.csv,,Retain state enterprises,18.3,,,,,,,,,,,all respondents as published,,,,,Which ownership policy should the state pursue?,,,,monitoring__ownership_policy,Response shares (%)
Monitoring,ownership_policy,2024,nominal,monitoring-2025.pdf,a2,question_trend_source_cells.csv,,Retain state enterprises,20.9,,,,,,,,,,,all respondents as published,,,,,Which ownership policy should the state pursue?,,,,monitoring__ownership_policy,Response shares (%)
Monitoring,ownership_policy,2025,nominal,monitoring-2025.pdf,a2,question_trend_source_cells.csv,,Retain state enterprises,18.1,,,,,,,,,,,all respondents as published,,,,,Which ownership policy should the state pursue?,,,,monitoring__ownership_policy,Response shares (%)
Monitoring,ownership_policy,2023,nominal,monitoring-2025.pdf,a2,question_trend_source_cells.csv,,Nationalise private firms,23.5,,,,,,,,,,,all respondents as published,,,,,Which ownership policy should the state pursue?,,,,monitoring__ownership_policy,Response shares (%)
Monitoring,ownership_policy,2024,nominal,monitoring-2025.pdf,a2,question_trend_source_cells.csv,,Nationalise private firms,20.8,,,,,,,,,,,all respondents as published,,,,,Which ownership policy should the state pursue?,,,,monitoring__ownership_policy,Response shares (%)
Monitoring,ownership_policy,2025,nominal,monitoring-2025.pdf,a2,question_trend_source_cells.csv,,Nationalise private firms,25.6,,,,,,,,,,,all respondents as published,,,,,Which ownership policy should the state pursue?,,,,monitoring__ownership_policy,Response shares (%)
Monitoring,ownership_policy,2023,nominal,monitoring-2025.pdf,a2,question_trend_source_cells.csv,,Don't know / no answer,10.9,,,,,,,,,,,all respondents as published,,,,,Which ownership policy should the state pursue?,,,,monitoring__ownership_policy,Response shares (%)
Monitoring,ownership_policy,2024,nominal,monitoring-2025.pdf,a2,question_trend_source_cells.csv,,Don't know / no answer,16.7,,,,,,,,,,,all respondents as published,,,,,Which ownership policy should the state pursue?,,,,monitoring__ownership_policy,Response shares (%)
Monitoring,ownership_policy,2025,nominal,monitoring-2025.pdf,a2,question_trend_source_cells.csv,,Don't know / no answer,10.4,,,,,,,,,,,all respondents as published,,,,,Which ownership policy should the state pursue?,,,,monitoring__ownership_policy,Response shares (%)
Monitoring,state_market_role,2002,nominal,monitoring-2021dlya-tipografii.pdf,a7,question_trend_source_cells.csv,,Minimal state involvement,6.5,,,,,,,,,,,all respondents as published,,,,,What should be the relationship between the state and the economy?,,,,monitoring__state_market_role,Response shares (%)
Monitoring,state_market_role,2003,nominal,panina-1994-2005.pdf,a7,question_trend_source_cells.csv,,Minimal state involvement,4.9,,,,,,,,,,,all respondents as published,,,,,What should be the relationship between the state and the economy?,,,,monitoring__state_market_role,Response shares (%)
Monitoring,state_market_role,2004,nominal,monitoring-2021dlya-tipografii.pdf,a7,question_trend_source_cells.csv,,Minimal state involvement,6.1,,,,,,,,,,,all respondents as published,,,,,What should be the relationship between the state and the economy?,,,,monitoring__state_market_role,Response shares (%)
Monitoring,state_market_role,2005,nominal,soc-mon-2013.pdf,a7,question_trend_source_cells.csv,,Minimal state involvement,5.7,,,,,,,,,,,all respondents as published,,,,,What should be the relationship between the state and the economy?,,,,monitoring__state_market_role,Response shares (%)
Monitoring,state_market_role,2006,nominal,monitoring-2021dlya-tipografii.pdf,a7,question_trend_source_cells.csv,,Minimal state involvement,4.7,,,,,,,,,,,all respondents as published,,,,,What should be the relationship between the state and the economy?,,,,monitoring__state_market_role,Response shares (%)
Monitoring,state_market_role,2008,nominal,monitoring-2021dlya-tipografii.pdf,a7,question_trend_source_cells.csv,,Minimal state involvement,6.6,,,,,,,,,,,all respondents as published,,,,,What should be the relationship between the state and the economy?,,,,monitoring__state_market_role,Response shares (%)
Monitoring,state_market_role,2010,nominal,monitoring-2021dlya-tipografii.pdf,a7,question_trend_source_cells.csv,,Minimal state involvement,5.3,,,,,,,,,,,all respondents as published,,,,,What should be the relationship between the state and the economy?,,,,monitoring__state_market_role,Response shares (%)
Monitoring,state_market_role,2012,nominal,monitoring-2021dlya-tipografii.pdf,a7,question_trend_source_cells.csv,,Minimal state involvement,6.1,,,,,,,,,,,all respondents as published,,,,,What should be the relationship between the state and the economy?,,,,monitoring__state_market_role,Response shares (%)
Monitoring,state_market_role,2013,nominal,monitoring-2021dlya-tipografii.pdf,a7,question_trend_source_cells.csv,,Minimal state involvement,8.1,,,,,,,,,,,all respondents as published,,,,,What should be the relationship between the state and the economy?,,,,monitoring__state_market_role,Response shares (%)
Monitoring,state_market_role,2014,nominal,monitoring-2021dlya-tipografii.pdf,a7,question_trend_source_cells.csv,,Minimal state involvement,9.0,,,,,,,,,,,all respondents as published,,,,,What should be the relationship between the state and the economy?,,,,monitoring__state_market_role,Response shares (%)
Monitoring,state_market_role,2015,nominal,monitoring-2021dlya-tipografii.pdf,a7,question_trend_source_cells.csv,,Minimal state involvement,12.7,,,,,,,,,,,all respondents as published,,,,,What should be the relationship between the state and the economy?,,,,monitoring__state_market_role,Response shares (%)
Monitoring,state_market_role,2016,nominal,monitoring-2021dlya-tipografii.pdf,a7,question_trend_source_cells.csv,,Minimal state involvement,11.5,,,,,,,,,,,all respondents as published,,,,,What should be the relationship between the state and the economy?,,,,monitoring__state_market_role,Response shares (%)
Monitoring,state_market_role,2017,nominal,monitoring-2021dlya-tipografii.pdf,a7,question_trend_source_cells.csv,,Minimal state involvement,14.2,,,,,,,,,,,all respondents as published,,,,,What should be the relationship between the state and the economy?,,,,monitoring__state_market_role,Response shares (%)
Monitoring,state_market_role,2019,nominal,monitoring-2021dlya-tipografii.pdf,a7,question_trend_source_cells.csv,,Minimal state involvement,12.1,,,,,,,,,,,all respondents as published,,,,,What should be the relationship between the state and the economy?,,,,monitoring__state_market_role,Response shares (%)
Monitoring,state_market_role,2020,nominal,monitoring-2021dlya-tipografii.pdf,a7,question_trend_source_cells.csv,,Minimal state involvement,8.1,,,,,,,,,,,all respondents as published,,,,,What should be the relationship between the state and the economy?,,,,monitoring__state_market_role,Response shares (%)
Monitoring,state_market_role,2021,nominal,monitoring-2021dlya-tipografii.pdf,a7,question_trend_source_cells.csv,,Minimal state involvement,9.9,,,,,,,,,,,all respondents as published,,,,,What should be the relationship between the state and the economy?,,,,monitoring__state_market_role,Response shares (%)
Monitoring,state_market_role,2002,nominal,monitoring-2021dlya-tipografii.pdf,a7,question_trend_source_cells.csv,,State and market combined,46.1,,,,,,,,,,,all respondents as published,,,,,What should be the relationship between the state and the economy?,,,,monitoring__state_market_role,Response shares (%)
Monitoring,state_market_role,2003,nominal,panina-1994-2005.pdf,a7,question_trend_source_cells.csv,,State and market combined,46.4,,,,,,,,,,,all respondents as published,,,,,What should be the relationship between the state and the economy?,,,,monitoring__state_market_role,Response shares (%)
Monitoring,state_market_role,2004,nominal,monitoring-2021dlya-tipografii.pdf,a7,question_trend_source_cells.csv,,State and market combined,45.5,,,,,,,,,,,all respondents as published,,,,,What should be the relationship between the state and the economy?,,,,monitoring__state_market_role,Response shares (%)
Monitoring,state_market_role,2005,nominal,soc-mon-2013.pdf,a7,question_trend_source_cells.csv,,State and market combined,46.2,,,,,,,,,,,all respondents as published,,,,,What should be the relationship between the state and the economy?,,,,monitoring__state_market_role,Response shares (%)
Monitoring,state_market_role,2006,nominal,monitoring-2021dlya-tipografii.pdf,a7,question_trend_source_cells.csv,,State and market combined,49.5,,,,,,,,,,,all respondents as published,,,,,What should be the relationship between the state and the economy?,,,,monitoring__state_market_role,Response shares (%)
Monitoring,state_market_role,2008,nominal,monitoring-2021dlya-tipografii.pdf,a7,question_trend_source_cells.csv,,State and market combined,49.9,,,,,,,,,,,all respondents as published,,,,,What should be the relationship between the state and the economy?,,,,monitoring__state_market_role,Response shares (%)
Monitoring,state_market_role,2010,nominal,monitoring-2021dlya-tipografii.pdf,a7,question_trend_source_cells.csv,,State and market combined,48.4,,,,,,,,,,,all respondents as published,,,,,What should be the relationship between the state and the economy?,,,,monitoring__state_market_role,Response shares (%)
Monitoring,state_market_role,2012,nominal,monitoring-2021dlya-tipografii.pdf,a7,question_trend_source_cells.csv,,State and market combined,42.4,,,,,,,,,,,all respondents as published,,,,,What should be the relationship between the state and the economy?,,,,monitoring__state_market_role,Response shares (%)
Monitoring,state_market_role,2013,nominal,monitoring-2021dlya-tipografii.pdf,a7,question_trend_source_cells.csv,,State and market combined,41.3,,,,,,,,,,,all respondents as published,,,,,What should be the relationship between the state and the economy?,,,,monitoring__state_market_role,Response shares (%)
Monitoring,state_market_role,2014,nominal,monitoring-2021dlya-tipografii.pdf,a7,question_trend_source_cells.csv,,State and market combined,48.9,,,,,,,,,,,all respondents as published,,,,,What should be the relationship between the state and the economy?,,,,monitoring__state_market_role,Response shares (%)
Monitoring,state_market_role,2015,nominal,monitoring-2021dlya-tipografii.pdf,a7,question_trend_source_cells.csv,,State and market combined,49.4,,,,,,,,,,,all respondents as published,,,,,What should be the relationship between the state and the economy?,,,,monitoring__state_market_role,Response shares (%)
Monitoring,state_market_role,2016,nominal,monitoring-2021dlya-tipografii.pdf,a7,question_trend_source_cells.csv,,State and market combined,51.4,,,,,,,,,,,all respondents as published,,,,,What should be the relationship between the state and the economy?,,,,monitoring__state_market_role,Response shares (%)
Monitoring,state_market_role,2017,nominal,monitoring-2021dlya-tipografii.pdf,a7,question_trend_source_cells.csv,,State and market combined,46.6,,,,,,,,,,,all respondents as published,,,,,What should be the relationship between the state and the economy?,,,,monitoring__state_market_role,Response shares (%)
Monitoring,state_market_role,2019,nominal,monitoring-2021dlya-tipografii.pdf,a7,question_trend_source_cells.csv,,State and market combined,48.1,,,,,,,,,,,all respondents as published,,,,,What should be the relationship between the state and the economy?,,,,monitoring__state_market_role,Response shares (%)
Monitoring,state_market_role,2020,nominal,monitoring-2021dlya-tipografii.pdf,a7,question_trend_source_cells.csv,,State and market combined,40.3,,,,,,,,,,,all respondents as published,,,,,What should be the relationship between the state and the economy?,,,,monitoring__state_market_role,Response shares (%)
Monitoring,state_market_role,2021,nominal,monitoring-2021dlya-tipografii.pdf,a7,question_trend_source_cells.csv,,State and market combined,44.6,,,,,,,,,,,all respondents as published,,,,,What should be the relationship between the state and the economy?,,,,monitoring__state_market_role,Response shares (%)
Monitoring,state_market_role,2002,nominal,monitoring-2021dlya-tipografii.pdf,a7,question_trend_source_cells.csv,,Planned economy,29.3,,,,,,,,,,,all respondents as published,,,,,What should be the relationship between the state and the economy?,,,,monitoring__state_market_role,Response shares (%)
Monitoring,state_market_role,2003,nominal,panina-1994-2005.pdf,a7,question_trend_source_cells.csv,,Planned economy,31.5,,,,,,,,,,,all respondents as published,,,,,What should be the relationship between the state and the economy?,,,,monitoring__state_market_role,Response shares (%)
Monitoring,state_market_role,2004,nominal,monitoring-2021dlya-tipografii.pdf,a7,question_trend_source_cells.csv,,Planned economy,31.6,,,,,,,,,,,all respondents as published,,,,,What should be the relationship between the state and the economy?,,,,monitoring__state_market_role,Response shares (%)
Monitoring,state_market_role,2005,nominal,soc-mon-2013.pdf,a7,question_trend_source_cells.csv,,Planned economy,29.3,,,,,,,,,,,all respondents as published,,,,,What should be the relationship between the state and the economy?,,,,monitoring__state_market_role,Response shares (%)
Monitoring,state_market_role,2006,nominal,monitoring-2021dlya-tipografii.pdf,a7,question_trend_source_cells.csv,,Planned economy,29.6,,,,,,,,,,,all respondents as published,,,,,What should be the relationship between the state and the economy?,,,,monitoring__state_market_role,Response shares (%)
Monitoring,state_market_role,2008,nominal,monitoring-2021dlya-tipografii.pdf,a7,question_trend_source_cells.csv,,Planned economy,28.8,,,,,,,,,,,all respondents as published,,,,,What should be the relationship between the state and the economy?,,,,monitoring__state_market_role,Response shares (%)
Monitoring,state_market_role,2010,nominal,monitoring-2021dlya-tipografii.pdf,a7,question_trend_source_cells.csv,,Planned economy,31.6,,,,,,,,,,,all respondents as published,,,,,What should be the relationship between the state and the economy?,,,,monitoring__state_market_role,Response shares (%)
Monitoring,state_market_role,2012,nominal,monitoring-2021dlya-tipografii.pdf,a7,question_trend_source_cells.csv,,Planned economy,33.4,,,,,,,,,,,all respondents as published,,,,,What should be the relationship between the state and the economy?,,,,monitoring__state_market_role,Response shares (%)
Monitoring,state_market_role,2013,nominal,monitoring-2021dlya-tipografii.pdf,a7,question_trend_source_cells.csv,,Planned economy,27.2,,,,,,,,,,,all respondents as published,,,,,What should be the relationship between the state and the economy?,,,,monitoring__state_market_role,Response shares (%)
Monitoring,state_market_role,2014,nominal,monitoring-2021dlya-tipografii.pdf,a7,question_trend_source_cells.csv,,Planned economy,26.1,,,,,,,,,,,all respondents as published,,,,,What should be the relationship between the state and the economy?,,,,monitoring__state_market_role,Response shares (%)
Monitoring,state_market_role,2015,nominal,monitoring-2021dlya-tipografii.pdf,a7,question_trend_source_cells.csv,,Planned economy,24.8,,,,,,,,,,,all respondents as published,,,,,What should be the relationship between the state and the economy?,,,,monitoring__state_market_role,Response shares (%)
Monitoring,state_market_role,2016,nominal,monitoring-2021dlya-tipografii.pdf,a7,question_trend_source_cells.csv,,Planned economy,25.8,,,,,,,,,,,all respondents as published,,,,,What should be the relationship between the state and the economy?,,,,monitoring__state_market_role,Response shares (%)
Monitoring,state_market_role,2017,nominal,monitoring-2021dlya-tipografii.pdf,a7,question_trend_source_cells.csv,,Planned economy,28.0,,,,,,,,,,,all respondents as published,,,,,What should be the relationship between the state and the economy?,,,,monitoring__state_market_role,Response shares (%)
Monitoring,state_market_role,2019,nominal,monitoring-2021dlya-tipografii.pdf,a7,question_trend_source_cells.csv,,Planned economy,26.6,,,,,,,,,,,all respondents as published,,,,,What should be the relationship between the state and the economy?,,,,monitoring__state_market_role,Response shares (%)
Monitoring,state_market_role,2020,nominal,monitoring-2021dlya-tipografii.pdf,a7,question_trend_source_cells.csv,,Planned economy,25.0,,,,,,,,,,,all respondents as published,,,,,What should be the relationship between the state and the economy?,,,,monitoring__state_market_role,Response shares (%)
Monitoring,state_market_role,2021,nominal,monitoring-2021dlya-tipografii.pdf,a7,question_trend_source_cells.csv,,Planned economy,27.2,,,,,,,,,,,all respondents as published,,,,,What should be the relationship between the state and the economy?,,,,monitoring__state_market_role,Response shares (%)
Monitoring,state_market_role,2002,nominal,monitoring-2021dlya-tipografii.pdf,a7,question_trend_source_cells.csv,,Don't know,17.8,,,,,,,,,,,all respondents as published,,,,,What should be the relationship between the state and the economy?,,,,monitoring__state_market_role,Response shares (%)
Monitoring,state_market_role,2003,nominal,panina-1994-2005.pdf,a7,question_trend_source_cells.csv,,Don't know,17.0,,,,,,,,,,,all respondents as published,,,,,What should be the relationship between the state and the economy?,,,,monitoring__state_market_role,Response shares (%)
Monitoring,state_market_role,2004,nominal,monitoring-2021dlya-tipografii.pdf,a7,question_trend_source_cells.csv,,Don't know,16.5,,,,,,,,,,,all respondents as published,,,,,What should be the relationship between the state and the economy?,,,,monitoring__state_market_role,Response shares (%)
Monitoring,state_market_role,2005,nominal,soc-mon-2013.pdf,a7,question_trend_source_cells.csv,,Don't know,17.1,,,,,,,,,,,all respondents as published,,,,,What should be the relationship between the state and the economy?,,,,monitoring__state_market_role,Response shares (%)
Monitoring,state_market_role,2006,nominal,monitoring-2021dlya-tipografii.pdf,a7,question_trend_source_cells.csv,,Don't know,14.6,,,,,,,,,,,all respondents as published,,,,,What should be the relationship between the state and the economy?,,,,monitoring__state_market_role,Response shares (%)
Monitoring,state_market_role,2008,nominal,monitoring-2021dlya-tipografii.pdf,a7,question_trend_source_cells.csv,,Don't know,13.7,,,,,,,,,,,all respondents as published,,,,,What should be the relationship between the state and the economy?,,,,monitoring__state_market_role,Response shares (%)
Monitoring,state_market_role,2010,nominal,monitoring-2021dlya-tipografii.pdf,a7,question_trend_source_cells.csv,,Don't know,13.8,,,,,,,,,,,all respondents as published,,,,,What should be the relationship between the state and the economy?,,,,monitoring__state_market_role,Response shares (%)
Monitoring,state_market_role,2012,nominal,monitoring-2021dlya-tipografii.pdf,a7,question_trend_source_cells.csv,,Don't know,16.3,,,,,,,,,,,all respondents as published,,,,,What should be the relationship between the state and the economy?,,,,monitoring__state_market_role,Response shares (%)
Monitoring,state_market_role,2013,nominal,monitoring-2021dlya-tipografii.pdf,a7,question_trend_source_cells.csv,,Don't know,16.8,,,,,,,,,,,all respondents as published,,,,,What should be the relationship between the state and the economy?,,,,monitoring__state_market_role,Response shares (%)
Monitoring,state_market_role,2014,nominal,monitoring-2021dlya-tipografii.pdf,a7,question_trend_source_cells.csv,,Don't know,14.4,,,,,,,,,,,all respondents as published,,,,,What should be the relationship between the state and the economy?,,,,monitoring__state_market_role,Response shares (%)
Monitoring,state_market_role,2015,nominal,monitoring-2021dlya-tipografii.pdf,a7,question_trend_source_cells.csv,,Don't know,12.3,,,,,,,,,,,all respondents as published,,,,,What should be the relationship between the state and the economy?,,,,monitoring__state_market_role,Response shares (%)
Monitoring,state_market_role,2016,nominal,monitoring-2021dlya-tipografii.pdf,a7,question_trend_source_cells.csv,,Don't know,10.9,,,,,,,,,,,all respondents as published,,,,,What should be the relationship between the state and the economy?,,,,monitoring__state_market_role,Response shares (%)
Monitoring,state_market_role,2017,nominal,monitoring-2021dlya-tipografii.pdf,a7,question_trend_source_cells.csv,,Don't know,10.3,,,,,,,,,,,all respondents as published,,,,,What should be the relationship between the state and the economy?,,,,monitoring__state_market_role,Response shares (%)
Monitoring,state_market_role,2019,nominal,monitoring-2021dlya-tipografii.pdf,a7,question_trend_source_cells.csv,,Don't know,13.2,,,,,,,,,,,all respondents as published,,,,,What should be the relationship between the state and the economy?,,,,monitoring__state_market_role,Response shares (%)
Monitoring,state_market_role,2020,nominal,monitoring-2021dlya-tipografii.pdf,a7,question_trend_source_cells.csv,,Don't know,23.1,,,,,,,,,,,all respondents as published,,,,,What should be the relationship between the state and the economy?,,,,monitoring__state_market_role,Response shares (%)
Monitoring,state_market_role,2021,nominal,monitoring-2021dlya-tipografii.pdf,a7,question_trend_source_cells.csv,,Don't know,16.2,,,,,,,,,,,all respondents as published,,,,,What should be the relationship between the state and the economy?,,,,monitoring__state_market_role,Response shares (%)
Monitoring,state_market_role,2002,nominal,monitoring-2021dlya-tipografii.pdf,a7,question_trend_source_cells.csv,,No answer,0.3,,,,,,,,,,,all respondents as published,,,,,What should be the relationship between the state and the economy?,,,,monitoring__state_market_role,Response shares (%)
Monitoring,state_market_role,2003,nominal,panina-1994-2005.pdf,a7,question_trend_source_cells.csv,,No answer,0.2,,,,,,,,,,,all respondents as published,,,,,What should be the relationship between the state and the economy?,,,,monitoring__state_market_role,Response shares (%)
Monitoring,state_market_role,2004,nominal,monitoring-2021dlya-tipografii.pdf,a7,question_trend_source_cells.csv,,No answer,0.3,,,,,,,,,,,all respondents as published,,,,,What should be the relationship between the state and the economy?,,,,monitoring__state_market_role,Response shares (%)
Monitoring,state_market_role,2005,nominal,soc-mon-2013.pdf,a7,question_trend_source_cells.csv,,No answer,1.8,,,,,,,,,,,all respondents as published,,,,,What should be the relationship between the state and the economy?,,,,monitoring__state_market_role,Response shares (%)
Monitoring,state_market_role,2006,nominal,monitoring-2021dlya-tipografii.pdf,a7,question_trend_source_cells.csv,,No answer,1.6,,,,,,,,,,,all respondents as published,,,,,What should be the relationship between the state and the economy?,,,,monitoring__state_market_role,Response shares (%)
Monitoring,state_market_role,2008,nominal,monitoring-2021dlya-tipografii.pdf,a7,question_trend_source_cells.csv,,No answer,1.0,,,,,,,,,,,all respondents as published,,,,,What should be the relationship between the state and the economy?,,,,monitoring__state_market_role,Response shares (%)
Monitoring,state_market_role,2010,nominal,monitoring-2021dlya-tipografii.pdf,a7,question_trend_source_cells.csv,,No answer,0.8,,,,,,,,,,,all respondents as published,,,,,What should be the relationship between the state and the economy?,,,,monitoring__state_market_role,Response shares (%)
Monitoring,state_market_role,2012,nominal,monitoring-2021dlya-tipografii.pdf,a7,question_trend_source_cells.csv,,No answer,1.8,,,,,,,,,,,all respondents as published,,,,,What should be the relationship between the state and the economy?,,,,monitoring__state_market_role,Response shares (%)
Monitoring,state_market_role,2013,nominal,monitoring-2021dlya-tipografii.pdf,a7,question_trend_source_cells.csv,,No answer,6.6,,,,,,,,,,,all respondents as published,,,,,What should be the relationship between the state and the economy?,,,,monitoring__state_market_role,Response shares (%)
Monitoring,state_market_role,2014,nominal,monitoring-2021dlya-tipografii.pdf,a7,question_trend_source_cells.csv,,No answer,1.6,,,,,,,,,,,all respondents as published,,,,,What should be the relationship between the state and the economy?,,,,monitoring__state_market_role,Response shares (%)
Monitoring,state_market_role,2015,nominal,monitoring-2021dlya-tipografii.pdf,a7,question_trend_source_cells.csv,,No answer,0.8,,,,,,,,,,,all respondents as published,,,,,What should be the relationship between the state and the economy?,,,,monitoring__state_market_role,Response shares (%)
Monitoring,state_market_role,2016,nominal,monitoring-2021dlya-tipografii.pdf,a7,question_trend_source_cells.csv,,No answer,0.4,,,,,,,,,,,all respondents as published,,,,,What should be the relationship between the state and the economy?,,,,monitoring__state_market_role,Response shares (%)
Monitoring,state_market_role,2017,nominal,monitoring-2021dlya-tipografii.pdf,a7,question_trend_source_cells.csv,,No answer,0.9,,,,,,,,,,,all respondents as published,,,,,What should be the relationship between the state and the economy?,,,,monitoring__state_market_role,Response shares (%)
Monitoring,state_market_role,2019,nominal,monitoring-2021dlya-tipografii.pdf,a7,question_trend_source_cells.csv,,No answer,0.0,,,,,,,,,,,all respondents as published,,,,,What should be the relationship between the state and the economy?,,,,monitoring__state_market_role,Response shares (%)
Monitoring,state_market_role,2020,nominal,monitoring-2021dlya-tipografii.pdf,a7,question_trend_source_cells.csv,,No answer,3.5,,,,,,,,,,,all respondents as published,,,,,What should be the relationship between the state and the economy?,,,,monitoring__state_market_role,Response shares (%)
Monitoring,state_market_role,2021,nominal,monitoring-2021dlya-tipografii.pdf,a7,question_trend_source_cells.csv,,No answer,2.1,,,,,,,,,,,all respondents as published,,,,,What should be the relationship between the state and the economy?,,,,monitoring__state_market_role,Response shares (%)
Monitoring,land_sales_agricultural,2017,ordinal,monitoring-2021dlya-tipografii.pdf,an11,question_trend_source_cells.csv,,Yes,23.4,,,,,,,,,,,all respondents as published,,,,,Allow buying and selling agricultural land?,,,,monitoring__land_sales_agricultural,Response shares (%)
Monitoring,land_sales_agricultural,2019,ordinal,monitoring-2021dlya-tipografii.pdf,an11,question_trend_source_cells.csv,,Yes,31.7,,,,,,,,,,,all respondents as published,,,,,Allow buying and selling agricultural land?,,,,monitoring__land_sales_agricultural,Response shares (%)
Monitoring,land_sales_agricultural,2021,ordinal,monitoring-2021dlya-tipografii.pdf,an11,question_trend_source_cells.csv,,Yes,22.5,,,,,,,,,,,all respondents as published,,,,,Allow buying and selling agricultural land?,,,,monitoring__land_sales_agricultural,Response shares (%)
Monitoring,land_sales_agricultural,2017,ordinal,monitoring-2021dlya-tipografii.pdf,an11,question_trend_source_cells.csv,,No,63.9,,,,,,,,,,,all respondents as published,,,,,Allow buying and selling agricultural land?,,,,monitoring__land_sales_agricultural,Response shares (%)
Monitoring,land_sales_agricultural,2019,ordinal,monitoring-2021dlya-tipografii.pdf,an11,question_trend_source_cells.csv,,No,51.2,,,,,,,,,,,all respondents as published,,,,,Allow buying and selling agricultural land?,,,,monitoring__land_sales_agricultural,Response shares (%)
Monitoring,land_sales_agricultural,2021,ordinal,monitoring-2021dlya-tipografii.pdf,an11,question_trend_source_cells.csv,,No,59.4,,,,,,,,,,,all respondents as published,,,,,Allow buying and selling agricultural land?,,,,monitoring__land_sales_agricultural,Response shares (%)
Monitoring,land_sales_agricultural,2017,ordinal,monitoring-2021dlya-tipografii.pdf,an11,question_trend_source_cells.csv,,Don't know,12.2,,,,,,,,,,,all respondents as published,,,,,Allow buying and selling agricultural land?,,,,monitoring__land_sales_agricultural,Response shares (%)
Monitoring,land_sales_agricultural,2019,ordinal,monitoring-2021dlya-tipografii.pdf,an11,question_trend_source_cells.csv,,Don't know,17.1,,,,,,,,,,,all respondents as published,,,,,Allow buying and selling agricultural land?,,,,monitoring__land_sales_agricultural,Response shares (%)
Monitoring,land_sales_agricultural,2021,ordinal,monitoring-2021dlya-tipografii.pdf,an11,question_trend_source_cells.csv,,Don't know,17.7,,,,,,,,,,,all respondents as published,,,,,Allow buying and selling agricultural land?,,,,monitoring__land_sales_agricultural,Response shares (%)
Monitoring,land_sales_agricultural,2017,ordinal,monitoring-2021dlya-tipografii.pdf,an11,question_trend_source_cells.csv,,No answer,0.5,,,,,,,,,,,all respondents as published,,,,,Allow buying and selling agricultural land?,,,,monitoring__land_sales_agricultural,Response shares (%)
Monitoring,land_sales_agricultural,2019,ordinal,monitoring-2021dlya-tipografii.pdf,an11,question_trend_source_cells.csv,,No answer,0.0,,,,,,,,,,,all respondents as published,,,,,Allow buying and selling agricultural land?,,,,monitoring__land_sales_agricultural,Response shares (%)
Monitoring,land_sales_agricultural,2021,ordinal,monitoring-2021dlya-tipografii.pdf,an11,question_trend_source_cells.csv,,No answer,0.4,,,,,,,,,,,all respondents as published,,,,,Allow buying and selling agricultural land?,,,,monitoring__land_sales_agricultural,Response shares (%)
Monitoring,privatise_land,1992,ordinal,monitoring-2021dlya-tipografii.pdf,a5,question_trend_source_cells.csv,,Positive,63.5,,,,,,,,,,,all respondents as published,,,,,Do you favour privatisation of land?,,,,monitoring__privatise_land,Response shares (%)
Monitoring,privatise_land,1994,ordinal,monitoring-2021dlya-tipografii.pdf,a5,question_trend_source_cells.csv,,Positive,52.6,,,,,,,,,,,all respondents as published,,,,,Do you favour privatisation of land?,,,,monitoring__privatise_land,Response shares (%)
Monitoring,privatise_land,1995,ordinal,panina-1994-2005.pdf,a5,question_trend_source_cells.csv,,Positive,48.7,,,,,,,,,,,all respondents as published,,,,,Do you favour privatisation of land?,,,,monitoring__privatise_land,Response shares (%)
Monitoring,privatise_land,1996,ordinal,monitoring-2021dlya-tipografii.pdf,a5,question_trend_source_cells.csv,,Positive,49.8,,,,,,,,,,,all respondents as published,,,,,Do you favour privatisation of land?,,,,monitoring__privatise_land,Response shares (%)
Monitoring,privatise_land,1997,ordinal,panina-1994-2005.pdf,a5,question_trend_source_cells.csv,,Positive,46.1,,,,,,,,,,,all respondents as published,,,,,Do you favour privatisation of land?,,,,monitoring__privatise_land,Response shares (%)
Monitoring,privatise_land,1998,ordinal,monitoring-2021dlya-tipografii.pdf,a5,question_trend_source_cells.csv,,Positive,40.1,,,,,,,,,,,all respondents as published,,,,,Do you favour privatisation of land?,,,,monitoring__privatise_land,Response shares (%)
Monitoring,privatise_land,1999,ordinal,panina-1994-2005.pdf,a5,question_trend_source_cells.csv,,Positive,37.3,,,,,,,,,,,all respondents as published,,,,,Do you favour privatisation of land?,,,,monitoring__privatise_land,Response shares (%)
Monitoring,privatise_land,2000,ordinal,monitoring-2021dlya-tipografii.pdf,a5,question_trend_source_cells.csv,,Positive,39.5,,,,,,,,,,,all respondents as published,,,,,Do you favour privatisation of land?,,,,monitoring__privatise_land,Response shares (%)
Monitoring,privatise_land,2001,ordinal,panina-1994-2005.pdf,a5,question_trend_source_cells.csv,,Positive,42.1,,,,,,,,,,,all respondents as published,,,,,Do you favour privatisation of land?,,,,monitoring__privatise_land,Response shares (%)
Monitoring,privatise_land,2002,ordinal,monitoring-2021dlya-tipografii.pdf,a5,question_trend_source_cells.csv,,Positive,48.0,,,,,,,,,,,all respondents as published,,,,,Do you favour privatisation of land?,,,,monitoring__privatise_land,Response shares (%)
Monitoring,privatise_land,2003,ordinal,panina-1994-2005.pdf,a5,question_trend_source_cells.csv,,Positive,45.2,,,,,,,,,,,all respondents as published,,,,,Do you favour privatisation of land?,,,,monitoring__privatise_land,Response shares (%)
Monitoring,privatise_land,2004,ordinal,monitoring-2021dlya-tipografii.pdf,a5,question_trend_source_cells.csv,,Positive,42.1,,,,,,,,,,,all respondents as published,,,,,Do you favour privatisation of land?,,,,monitoring__privatise_land,Response shares (%)
Monitoring,privatise_land,2005,ordinal,monitoring-2021dlya-tipografii.pdf,a5,question_trend_source_cells.csv,,Positive,27.8,,,,,,,,,,,all respondents as published,,,,,Do you favour privatisation of land?,,,,monitoring__privatise_land,Response shares (%)
Monitoring,privatise_land,2006,ordinal,monitoring-2021dlya-tipografii.pdf,a5,question_trend_source_cells.csv,,Positive,23.8,,,,,,,,,,,all respondents as published,,,,,Do you favour privatisation of land?,,,,monitoring__privatise_land,Response shares (%)
Monitoring,privatise_land,2008,ordinal,monitoring-2021dlya-tipografii.pdf,a5,question_trend_source_cells.csv,,Positive,25.7,,,,,,,,,,,all respondents as published,,,,,Do you favour privatisation of land?,,,,monitoring__privatise_land,Response shares (%)
Monitoring,privatise_land,2010,ordinal,monitoring-2021dlya-tipografii.pdf,a5,question_trend_source_cells.csv,,Positive,24.0,,,,,,,,,,,all respondents as published,,,,,Do you favour privatisation of land?,,,,monitoring__privatise_land,Response shares (%)
Monitoring,privatise_land,2012,ordinal,monitoring-2021dlya-tipografii.pdf,a5,question_trend_source_cells.csv,,Positive,18.6,,,,,,,,,,,all respondents as published,,,,,Do you favour privatisation of land?,,,,monitoring__privatise_land,Response shares (%)
Monitoring,privatise_land,2014,ordinal,monitoring-2021dlya-tipografii.pdf,a5,question_trend_source_cells.csv,,Positive,21.6,,,,,,,,,,,all respondents as published,,,,,Do you favour privatisation of land?,,,,monitoring__privatise_land,Response shares (%)
Monitoring,privatise_land,2016,ordinal,monitoring-2021dlya-tipografii.pdf,a5,question_trend_source_cells.csv,,Positive,16.7,,,,,,,,,,,all respondents as published,,,,,Do you favour privatisation of land?,,,,monitoring__privatise_land,Response shares (%)
Monitoring,privatise_land,2018,ordinal,monitoring-2021dlya-tipografii.pdf,a5,question_trend_source_cells.csv,,Positive,20.4,,,,,,,,,,,all respondents as published,,,,,Do you favour privatisation of land?,,,,monitoring__privatise_land,Response shares (%)
Monitoring,privatise_land,2021,ordinal,monitoring-2021dlya-tipografii.pdf,a5,question_trend_source_cells.csv,,Positive,20.7,,,,,,,,,,,all respondents as published,,,,,Do you favour privatisation of land?,,,,monitoring__privatise_land,Response shares (%)
Monitoring,privatise_land,1992,ordinal,monitoring-2021dlya-tipografii.pdf,a5,question_trend_source_cells.csv,,Negative,13.9,,,,,,,,,,,all respondents as published,,,,,Do you favour privatisation of land?,,,,monitoring__privatise_land,Response shares (%)
Monitoring,privatise_land,1994,ordinal,monitoring-2021dlya-tipografii.pdf,a5,question_trend_source_cells.csv,,Negative,26.8,,,,,,,,,,,all respondents as published,,,,,Do you favour privatisation of land?,,,,monitoring__privatise_land,Response shares (%)
Monitoring,privatise_land,1995,ordinal,panina-1994-2005.pdf,a5,question_trend_source_cells.csv,,Negative,30.2,,,,,,,,,,,all respondents as published,,,,,Do you favour privatisation of land?,,,,monitoring__privatise_land,Response shares (%)
Monitoring,privatise_land,1996,ordinal,monitoring-2021dlya-tipografii.pdf,a5,question_trend_source_cells.csv,,Negative,27.4,,,,,,,,,,,all respondents as published,,,,,Do you favour privatisation of land?,,,,monitoring__privatise_land,Response shares (%)
Monitoring,privatise_land,1997,ordinal,panina-1994-2005.pdf,a5,question_trend_source_cells.csv,,Negative,29.7,,,,,,,,,,,all respondents as published,,,,,Do you favour privatisation of land?,,,,monitoring__privatise_land,Response shares (%)
Monitoring,privatise_land,1998,ordinal,monitoring-2021dlya-tipografii.pdf,a5,question_trend_source_cells.csv,,Negative,36.7,,,,,,,,,,,all respondents as published,,,,,Do you favour privatisation of land?,,,,monitoring__privatise_land,Response shares (%)
Monitoring,privatise_land,1999,ordinal,panina-1994-2005.pdf,a5,question_trend_source_cells.csv,,Negative,38.7,,,,,,,,,,,all respondents as published,,,,,Do you favour privatisation of land?,,,,monitoring__privatise_land,Response shares (%)
Monitoring,privatise_land,2000,ordinal,monitoring-2021dlya-tipografii.pdf,a5,question_trend_source_cells.csv,,Negative,37.3,,,,,,,,,,,all respondents as published,,,,,Do you favour privatisation of land?,,,,monitoring__privatise_land,Response shares (%)
Monitoring,privatise_land,2001,ordinal,panina-1994-2005.pdf,a5,question_trend_source_cells.csv,,Negative,36.2,,,,,,,,,,,all respondents as published,,,,,Do you favour privatisation of land?,,,,monitoring__privatise_land,Response shares (%)
Monitoring,privatise_land,2002,ordinal,monitoring-2021dlya-tipografii.pdf,a5,question_trend_source_cells.csv,,Negative,27.0,,,,,,,,,,,all respondents as published,,,,,Do you favour privatisation of land?,,,,monitoring__privatise_land,Response shares (%)
Monitoring,privatise_land,2003,ordinal,panina-1994-2005.pdf,a5,question_trend_source_cells.csv,,Negative,29.4,,,,,,,,,,,all respondents as published,,,,,Do you favour privatisation of land?,,,,monitoring__privatise_land,Response shares (%)
Monitoring,privatise_land,2004,ordinal,monitoring-2021dlya-tipografii.pdf,a5,question_trend_source_cells.csv,,Negative,31.4,,,,,,,,,,,all respondents as published,,,,,Do you favour privatisation of land?,,,,monitoring__privatise_land,Response shares (%)
Monitoring,privatise_land,2005,ordinal,monitoring-2021dlya-tipografii.pdf,a5,question_trend_source_cells.csv,,Negative,45.2,,,,,,,,,,,all respondents as published,,,,,Do you favour privatisation of land?,,,,monitoring__privatise_land,Response shares (%)
Monitoring,privatise_land,2006,ordinal,monitoring-2021dlya-tipografii.pdf,a5,question_trend_source_cells.csv,,Negative,52.8,,,,,,,,,,,all respondents as published,,,,,Do you favour privatisation of land?,,,,monitoring__privatise_land,Response shares (%)
Monitoring,privatise_land,2008,ordinal,monitoring-2021dlya-tipografii.pdf,a5,question_trend_source_cells.csv,,Negative,53.1,,,,,,,,,,,all respondents as published,,,,,Do you favour privatisation of land?,,,,monitoring__privatise_land,Response shares (%)
Monitoring,privatise_land,2010,ordinal,monitoring-2021dlya-tipografii.pdf,a5,question_trend_source_cells.csv,,Negative,51.4,,,,,,,,,,,all respondents as published,,,,,Do you favour privatisation of land?,,,,monitoring__privatise_land,Response shares (%)
Monitoring,privatise_land,2012,ordinal,monitoring-2021dlya-tipografii.pdf,a5,question_trend_source_cells.csv,,Negative,55.8,,,,,,,,,,,all respondents as published,,,,,Do you favour privatisation of land?,,,,monitoring__privatise_land,Response shares (%)
Monitoring,privatise_land,2014,ordinal,monitoring-2021dlya-tipografii.pdf,a5,question_trend_source_cells.csv,,Negative,52.9,,,,,,,,,,,all respondents as published,,,,,Do you favour privatisation of land?,,,,monitoring__privatise_land,Response shares (%)
Monitoring,privatise_land,2016,ordinal,monitoring-2021dlya-tipografii.pdf,a5,question_trend_source_cells.csv,,Negative,58.9,,,,,,,,,,,all respondents as published,,,,,Do you favour privatisation of land?,,,,monitoring__privatise_land,Response shares (%)
Monitoring,privatise_land,2018,ordinal,monitoring-2021dlya-tipografii.pdf,a5,question_trend_source_cells.csv,,Negative,57.3,,,,,,,,,,,all respondents as published,,,,,Do you favour privatisation of land?,,,,monitoring__privatise_land,Response shares (%)
Monitoring,privatise_land,2021,ordinal,monitoring-2021dlya-tipografii.pdf,a5,question_trend_source_cells.csv,,Negative,51.2,,,,,,,,,,,all respondents as published,,,,,Do you favour privatisation of land?,,,,monitoring__privatise_land,Response shares (%)
Monitoring,privatise_land,1992,ordinal,monitoring-2021dlya-tipografii.pdf,a5,question_trend_source_cells.csv,,Mixed / ambivalent,21.8,,,,,,,,,,,all respondents as published,,,,,Do you favour privatisation of land?,,,,monitoring__privatise_land,Response shares (%)
Monitoring,privatise_land,1994,ordinal,monitoring-2021dlya-tipografii.pdf,a5,question_trend_source_cells.csv,,Mixed / ambivalent,19.1,,,,,,,,,,,all respondents as published,,,,,Do you favour privatisation of land?,,,,monitoring__privatise_land,Response shares (%)
Monitoring,privatise_land,1995,ordinal,panina-1994-2005.pdf,a5,question_trend_source_cells.csv,,Mixed / ambivalent,20.7,,,,,,,,,,,all respondents as published,,,,,Do you favour privatisation of land?,,,,monitoring__privatise_land,Response shares (%)
Monitoring,privatise_land,1996,ordinal,monitoring-2021dlya-tipografii.pdf,a5,question_trend_source_cells.csv,,Mixed / ambivalent,22.7,,,,,,,,,,,all respondents as published,,,,,Do you favour privatisation of land?,,,,monitoring__privatise_land,Response shares (%)
Monitoring,privatise_land,1997,ordinal,panina-1994-2005.pdf,a5,question_trend_source_cells.csv,,Mixed / ambivalent,24.2,,,,,,,,,,,all respondents as published,,,,,Do you favour privatisation of land?,,,,monitoring__privatise_land,Response shares (%)
Monitoring,privatise_land,1998,ordinal,monitoring-2021dlya-tipografii.pdf,a5,question_trend_source_cells.csv,,Mixed / ambivalent,22.9,,,,,,,,,,,all respondents as published,,,,,Do you favour privatisation of land?,,,,monitoring__privatise_land,Response shares (%)
Monitoring,privatise_land,1999,ordinal,panina-1994-2005.pdf,a5,question_trend_source_cells.csv,,Mixed / ambivalent,23.3,,,,,,,,,,,all respondents as published,,,,,Do you favour privatisation of land?,,,,monitoring__privatise_land,Response shares (%)
Monitoring,privatise_land,2000,ordinal,monitoring-2021dlya-tipografii.pdf,a5,question_trend_source_cells.csv,,Mixed / ambivalent,22.8,,,,,,,,,,,all respondents as published,,,,,Do you favour privatisation of land?,,,,monitoring__privatise_land,Response shares (%)
Monitoring,privatise_land,2001,ordinal,panina-1994-2005.pdf,a5,question_trend_source_cells.csv,,Mixed / ambivalent,21.4,,,,,,,,,,,all respondents as published,,,,,Do you favour privatisation of land?,,,,monitoring__privatise_land,Response shares (%)
Monitoring,privatise_land,2002,ordinal,monitoring-2021dlya-tipografii.pdf,a5,question_trend_source_cells.csv,,Mixed / ambivalent,24.5,,,,,,,,,,,all respondents as published,,,,,Do you favour privatisation of land?,,,,monitoring__privatise_land,Response shares (%)
Monitoring,privatise_land,2003,ordinal,panina-1994-2005.pdf,a5,question_trend_source_cells.csv,,Mixed / ambivalent,25.2,,,,,,,,,,,all respondents as published,,,,,Do you favour privatisation of land?,,,,monitoring__privatise_land,Response shares (%)
Monitoring,privatise_land,2004,ordinal,monitoring-2021dlya-tipografii.pdf,a5,question_trend_source_cells.csv,,Mixed / ambivalent,26.2,,,,,,,,,,,all respondents as published,,,,,Do you favour privatisation of land?,,,,monitoring__privatise_land,Response shares (%)
Monitoring,privatise_land,2005,ordinal,monitoring-2021dlya-tipografii.pdf,a5,question_trend_source_cells.csv,,Mixed / ambivalent,26.6,,,,,,,,,,,all respondents as published,,,,,Do you favour privatisation of land?,,,,monitoring__privatise_land,Response shares (%)
Monitoring,privatise_land,2006,ordinal,monitoring-2021dlya-tipografii.pdf,a5,question_trend_source_cells.csv,,Mixed / ambivalent,22.8,,,,,,,,,,,all respondents as published,,,,,Do you favour privatisation of land?,,,,monitoring__privatise_land,Response shares (%)
Monitoring,privatise_land,2008,ordinal,monitoring-2021dlya-tipografii.pdf,a5,question_trend_source_cells.csv,,Mixed / ambivalent,20.5,,,,,,,,,,,all respondents as published,,,,,Do you favour privatisation of land?,,,,monitoring__privatise_land,Response shares (%)
Monitoring,privatise_land,2010,ordinal,monitoring-2021dlya-tipografii.pdf,a5,question_trend_source_cells.csv,,Mixed / ambivalent,23.2,,,,,,,,,,,all respondents as published,,,,,Do you favour privatisation of land?,,,,monitoring__privatise_land,Response shares (%)
Monitoring,privatise_land,2012,ordinal,monitoring-2021dlya-tipografii.pdf,a5,question_trend_source_cells.csv,,Mixed / ambivalent,24.3,,,,,,,,,,,all respondents as published,,,,,Do you favour privatisation of land?,,,,monitoring__privatise_land,Response shares (%)
Monitoring,privatise_land,2014,ordinal,monitoring-2021dlya-tipografii.pdf,a5,question_trend_source_cells.csv,,Mixed / ambivalent,24.8,,,,,,,,,,,all respondents as published,,,,,Do you favour privatisation of land?,,,,monitoring__privatise_land,Response shares (%)
Monitoring,privatise_land,2016,ordinal,monitoring-2021dlya-tipografii.pdf,a5,question_trend_source_cells.csv,,Mixed / ambivalent,24.1,,,,,,,,,,,all respondents as published,,,,,Do you favour privatisation of land?,,,,monitoring__privatise_land,Response shares (%)
Monitoring,privatise_land,2018,ordinal,monitoring-2021dlya-tipografii.pdf,a5,question_trend_source_cells.csv,,Mixed / ambivalent,22.3,,,,,,,,,,,all respondents as published,,,,,Do you favour privatisation of land?,,,,monitoring__privatise_land,Response shares (%)
Monitoring,privatise_land,2021,ordinal,monitoring-2021dlya-tipografii.pdf,a5,question_trend_source_cells.csv,,Mixed / ambivalent,27.0,,,,,,,,,,,all respondents as published,,,,,Do you favour privatisation of land?,,,,monitoring__privatise_land,Response shares (%)
Monitoring,privatise_land,1992,ordinal,monitoring-2021dlya-tipografii.pdf,a5,question_trend_source_cells.csv,,No answer,0.8,,,,,,,,,,,all respondents as published,,,,,Do you favour privatisation of land?,,,,monitoring__privatise_land,Response shares (%)
Monitoring,privatise_land,1994,ordinal,monitoring-2021dlya-tipografii.pdf,a5,question_trend_source_cells.csv,,No answer,1.4,,,,,,,,,,,all respondents as published,,,,,Do you favour privatisation of land?,,,,monitoring__privatise_land,Response shares (%)
Monitoring,privatise_land,1995,ordinal,panina-1994-2005.pdf,a5,question_trend_source_cells.csv,,No answer,0.4,,,,,,,,,,,all respondents as published,,,,,Do you favour privatisation of land?,,,,monitoring__privatise_land,Response shares (%)
Monitoring,privatise_land,1996,ordinal,monitoring-2021dlya-tipografii.pdf,a5,question_trend_source_cells.csv,,No answer,0.0,,,,,,,,,,,all respondents as published,,,,,Do you favour privatisation of land?,,,,monitoring__privatise_land,Response shares (%)
Monitoring,privatise_land,1997,ordinal,panina-1994-2005.pdf,a5,question_trend_source_cells.csv,,No answer,0.1,,,,,,,,,,,all respondents as published,,,,,Do you favour privatisation of land?,,,,monitoring__privatise_land,Response shares (%)
Monitoring,privatise_land,1998,ordinal,monitoring-2021dlya-tipografii.pdf,a5,question_trend_source_cells.csv,,No answer,0.3,,,,,,,,,,,all respondents as published,,,,,Do you favour privatisation of land?,,,,monitoring__privatise_land,Response shares (%)
Monitoring,privatise_land,1999,ordinal,panina-1994-2005.pdf,a5,question_trend_source_cells.csv,,No answer,0.7,,,,,,,,,,,all respondents as published,,,,,Do you favour privatisation of land?,,,,monitoring__privatise_land,Response shares (%)
Monitoring,privatise_land,2000,ordinal,monitoring-2021dlya-tipografii.pdf,a5,question_trend_source_cells.csv,,No answer,0.4,,,,,,,,,,,all respondents as published,,,,,Do you favour privatisation of land?,,,,monitoring__privatise_land,Response shares (%)
Monitoring,privatise_land,2001,ordinal,panina-1994-2005.pdf,a5,question_trend_source_cells.csv,,No answer,0.3,,,,,,,,,,,all respondents as published,,,,,Do you favour privatisation of land?,,,,monitoring__privatise_land,Response shares (%)
Monitoring,privatise_land,2002,ordinal,monitoring-2021dlya-tipografii.pdf,a5,question_trend_source_cells.csv,,No answer,0.5,,,,,,,,,,,all respondents as published,,,,,Do you favour privatisation of land?,,,,monitoring__privatise_land,Response shares (%)
Monitoring,privatise_land,2003,ordinal,panina-1994-2005.pdf,a5,question_trend_source_cells.csv,,No answer,0.2,,,,,,,,,,,all respondents as published,,,,,Do you favour privatisation of land?,,,,monitoring__privatise_land,Response shares (%)
Monitoring,privatise_land,2004,ordinal,monitoring-2021dlya-tipografii.pdf,a5,question_trend_source_cells.csv,,No answer,0.2,,,,,,,,,,,all respondents as published,,,,,Do you favour privatisation of land?,,,,monitoring__privatise_land,Response shares (%)
Monitoring,privatise_land,2005,ordinal,monitoring-2021dlya-tipografii.pdf,a5,question_trend_source_cells.csv,,No answer,0.4,,,,,,,,,,,all respondents as published,,,,,Do you favour privatisation of land?,,,,monitoring__privatise_land,Response shares (%)
Monitoring,privatise_land,2006,ordinal,monitoring-2021dlya-tipografii.pdf,a5,question_trend_source_cells.csv,,No answer,0.5,,,,,,,,,,,all respondents as published,,,,,Do you favour privatisation of land?,,,,monitoring__privatise_land,Response shares (%)
Monitoring,privatise_land,2008,ordinal,monitoring-2021dlya-tipografii.pdf,a5,question_trend_source_cells.csv,,No answer,0.7,,,,,,,,,,,all respondents as published,,,,,Do you favour privatisation of land?,,,,monitoring__privatise_land,Response shares (%)
Monitoring,privatise_land,2010,ordinal,monitoring-2021dlya-tipografii.pdf,a5,question_trend_source_cells.csv,,No answer,1.4,,,,,,,,,,,all respondents as published,,,,,Do you favour privatisation of land?,,,,monitoring__privatise_land,Response shares (%)
Monitoring,privatise_land,2012,ordinal,monitoring-2021dlya-tipografii.pdf,a5,question_trend_source_cells.csv,,No answer,1.3,,,,,,,,,,,all respondents as published,,,,,Do you favour privatisation of land?,,,,monitoring__privatise_land,Response shares (%)
Monitoring,privatise_land,2014,ordinal,monitoring-2021dlya-tipografii.pdf,a5,question_trend_source_cells.csv,,No answer,0.7,,,,,,,,,,,all respondents as published,,,,,Do you favour privatisation of land?,,,,monitoring__privatise_land,Response shares (%)
Monitoring,privatise_land,2016,ordinal,monitoring-2021dlya-tipografii.pdf,a5,question_trend_source_cells.csv,,No answer,0.3,,,,,,,,,,,all respondents as published,,,,,Do you favour privatisation of land?,,,,monitoring__privatise_land,Response shares (%)
Monitoring,privatise_land,2018,ordinal,monitoring-2021dlya-tipografii.pdf,a5,question_trend_source_cells.csv,,No answer,0.0,,,,,,,,,,,all respondents as published,,,,,Do you favour privatisation of land?,,,,monitoring__privatise_land,Response shares (%)
Monitoring,privatise_land,2021,ordinal,monitoring-2021dlya-tipografii.pdf,a5,question_trend_source_cells.csv,,No answer,1.1,,,,,,,,,,,all respondents as published,,,,,Do you favour privatisation of land?,,,,monitoring__privatise_land,Response shares (%)
Monitoring,privatise_large,1992,ordinal,monitoring-2021dlya-tipografii.pdf,a3,question_trend_source_cells.csv,,Positive,25.1,,,,,,,,,,,all respondents as published,,,,,Do you favour privatisation of large enterprises?,,,,monitoring__privatise_large,Response shares (%)
Monitoring,privatise_large,1994,ordinal,monitoring-2021dlya-tipografii.pdf,a3,question_trend_source_cells.csv,,Positive,24.7,,,,,,,,,,,all respondents as published,,,,,Do you favour privatisation of large enterprises?,,,,monitoring__privatise_large,Response shares (%)
Monitoring,privatise_large,1995,ordinal,panina-1994-2005.pdf,a3,question_trend_source_cells.csv,,Positive,21.7,,,,,,,,,,,all respondents as published,,,,,Do you favour privatisation of large enterprises?,,,,monitoring__privatise_large,Response shares (%)
Monitoring,privatise_large,1996,ordinal,monitoring-2021dlya-tipografii.pdf,a3,question_trend_source_cells.csv,,Positive,22.8,,,,,,,,,,,all respondents as published,,,,,Do you favour privatisation of large enterprises?,,,,monitoring__privatise_large,Response shares (%)
Monitoring,privatise_large,1997,ordinal,panina-1994-2005.pdf,a3,question_trend_source_cells.csv,,Positive,18.7,,,,,,,,,,,all respondents as published,,,,,Do you favour privatisation of large enterprises?,,,,monitoring__privatise_large,Response shares (%)
Monitoring,privatise_large,1998,ordinal,monitoring-2021dlya-tipografii.pdf,a3,question_trend_source_cells.csv,,Positive,17.5,,,,,,,,,,,all respondents as published,,,,,Do you favour privatisation of large enterprises?,,,,monitoring__privatise_large,Response shares (%)
Monitoring,privatise_large,1999,ordinal,panina-1994-2005.pdf,a3,question_trend_source_cells.csv,,Positive,17.7,,,,,,,,,,,all respondents as published,,,,,Do you favour privatisation of large enterprises?,,,,monitoring__privatise_large,Response shares (%)
Monitoring,privatise_large,2000,ordinal,monitoring-2021dlya-tipografii.pdf,a3,question_trend_source_cells.csv,,Positive,17.8,,,,,,,,,,,all respondents as published,,,,,Do you favour privatisation of large enterprises?,,,,monitoring__privatise_large,Response shares (%)
Monitoring,privatise_large,2001,ordinal,panina-1994-2005.pdf,a3,question_trend_source_cells.csv,,Positive,17.8,,,,,,,,,,,all respondents as published,,,,,Do you favour privatisation of large enterprises?,,,,monitoring__privatise_large,Response shares (%)
Monitoring,privatise_large,2002,ordinal,monitoring-2021dlya-tipografii.pdf,a3,question_trend_source_cells.csv,,Positive,18.3,,,,,,,,,,,all respondents as published,,,,,Do you favour privatisation of large enterprises?,,,,monitoring__privatise_large,Response shares (%)
Monitoring,privatise_large,2003,ordinal,panina-1994-2005.pdf,a3,question_trend_source_cells.csv,,Positive,18.9,,,,,,,,,,,all respondents as published,,,,,Do you favour privatisation of large enterprises?,,,,monitoring__privatise_large,Response shares (%)
Monitoring,privatise_large,2004,ordinal,monitoring-2021dlya-tipografii.pdf,a3,question_trend_source_cells.csv,,Positive,17.5,,,,,,,,,,,all respondents as published,,,,,Do you favour privatisation of large enterprises?,,,,monitoring__privatise_large,Response shares (%)
Monitoring,privatise_large,2005,ordinal,monitoring-2021dlya-tipografii.pdf,a3,question_trend_source_cells.csv,,Positive,13.3,,,,,,,,,,,all respondents as published,,,,,Do you favour privatisation of large enterprises?,,,,monitoring__privatise_large,Response shares (%)
Monitoring,privatise_large,2006,ordinal,monitoring-2021dlya-tipografii.pdf,a3,question_trend_source_cells.csv,,Positive,10.6,,,,,,,,,,,all respondents as published,,,,,Do you favour privatisation of large enterprises?,,,,monitoring__privatise_large,Response shares (%)
Monitoring,privatise_large,2008,ordinal,monitoring-2021dlya-tipografii.pdf,a3,question_trend_source_cells.csv,,Positive,13.9,,,,,,,,,,,all respondents as published,,,,,Do you favour privatisation of large enterprises?,,,,monitoring__privatise_large,Response shares (%)
Monitoring,privatise_large,2010,ordinal,monitoring-2021dlya-tipografii.pdf,a3,question_trend_source_cells.csv,,Positive,12.9,,,,,,,,,,,all respondents as published,,,,,Do you favour privatisation of large enterprises?,,,,monitoring__privatise_large,Response shares (%)
Monitoring,privatise_large,2012,ordinal,monitoring-2021dlya-tipografii.pdf,a3,question_trend_source_cells.csv,,Positive,12.6,,,,,,,,,,,all respondents as published,,,,,Do you favour privatisation of large enterprises?,,,,monitoring__privatise_large,Response shares (%)
Monitoring,privatise_large,2014,ordinal,monitoring-2021dlya-tipografii.pdf,a3,question_trend_source_cells.csv,,Positive,19.9,,,,,,,,,,,all respondents as published,,,,,Do you favour privatisation of large enterprises?,,,,monitoring__privatise_large,Response shares (%)
Monitoring,privatise_large,2016,ordinal,monitoring-2021dlya-tipografii.pdf,a3,question_trend_source_cells.csv,,Positive,13.8,,,,,,,,,,,all respondents as published,,,,,Do you favour privatisation of large enterprises?,,,,monitoring__privatise_large,Response shares (%)
Monitoring,privatise_large,2018,ordinal,monitoring-2021dlya-tipografii.pdf,a3,question_trend_source_cells.csv,,Positive,17.3,,,,,,,,,,,all respondents as published,,,,,Do you favour privatisation of large enterprises?,,,,monitoring__privatise_large,Response shares (%)
Monitoring,privatise_large,2021,ordinal,monitoring-2021dlya-tipografii.pdf,a3,question_trend_source_cells.csv,,Positive,17.9,,,,,,,,,,,all respondents as published,,,,,Do you favour privatisation of large enterprises?,,,,monitoring__privatise_large,Response shares (%)
Monitoring,privatise_large,1992,ordinal,monitoring-2021dlya-tipografii.pdf,a3,question_trend_source_cells.csv,,Negative,31.6,,,,,,,,,,,all respondents as published,,,,,Do you favour privatisation of large enterprises?,,,,monitoring__privatise_large,Response shares (%)
Monitoring,privatise_large,1994,ordinal,monitoring-2021dlya-tipografii.pdf,a3,question_trend_source_cells.csv,,Negative,38.4,,,,,,,,,,,all respondents as published,,,,,Do you favour privatisation of large enterprises?,,,,monitoring__privatise_large,Response shares (%)
Monitoring,privatise_large,1995,ordinal,panina-1994-2005.pdf,a3,question_trend_source_cells.csv,,Negative,45.8,,,,,,,,,,,all respondents as published,,,,,Do you favour privatisation of large enterprises?,,,,monitoring__privatise_large,Response shares (%)
Monitoring,privatise_large,1996,ordinal,monitoring-2021dlya-tipografii.pdf,a3,question_trend_source_cells.csv,,Negative,45.5,,,,,,,,,,,all respondents as published,,,,,Do you favour privatisation of large enterprises?,,,,monitoring__privatise_large,Response shares (%)
Monitoring,privatise_large,1997,ordinal,panina-1994-2005.pdf,a3,question_trend_source_cells.csv,,Negative,49.0,,,,,,,,,,,all respondents as published,,,,,Do you favour privatisation of large enterprises?,,,,monitoring__privatise_large,Response shares (%)
Monitoring,privatise_large,1998,ordinal,monitoring-2021dlya-tipografii.pdf,a3,question_trend_source_cells.csv,,Negative,54.0,,,,,,,,,,,all respondents as published,,,,,Do you favour privatisation of large enterprises?,,,,monitoring__privatise_large,Response shares (%)
Monitoring,privatise_large,1999,ordinal,panina-1994-2005.pdf,a3,question_trend_source_cells.csv,,Negative,52.4,,,,,,,,,,,all respondents as published,,,,,Do you favour privatisation of large enterprises?,,,,monitoring__privatise_large,Response shares (%)
Monitoring,privatise_large,2000,ordinal,monitoring-2021dlya-tipografii.pdf,a3,question_trend_source_cells.csv,,Negative,51.4,,,,,,,,,,,all respondents as published,,,,,Do you favour privatisation of large enterprises?,,,,monitoring__privatise_large,Response shares (%)
Monitoring,privatise_large,2001,ordinal,panina-1994-2005.pdf,a3,question_trend_source_cells.csv,,Negative,51.8,,,,,,,,,,,all respondents as published,,,,,Do you favour privatisation of large enterprises?,,,,monitoring__privatise_large,Response shares (%)
Monitoring,privatise_large,2002,ordinal,monitoring-2021dlya-tipografii.pdf,a3,question_trend_source_cells.csv,,Negative,55.1,,,,,,,,,,,all respondents as published,,,,,Do you favour privatisation of large enterprises?,,,,monitoring__privatise_large,Response shares (%)
Monitoring,privatise_large,2003,ordinal,panina-1994-2005.pdf,a3,question_trend_source_cells.csv,,Negative,51.8,,,,,,,,,,,all respondents as published,,,,,Do you favour privatisation of large enterprises?,,,,monitoring__privatise_large,Response shares (%)
Monitoring,privatise_large,2004,ordinal,monitoring-2021dlya-tipografii.pdf,a3,question_trend_source_cells.csv,,Negative,56.1,,,,,,,,,,,all respondents as published,,,,,Do you favour privatisation of large enterprises?,,,,monitoring__privatise_large,Response shares (%)
Monitoring,privatise_large,2005,ordinal,monitoring-2021dlya-tipografii.pdf,a3,question_trend_source_cells.csv,,Negative,60.9,,,,,,,,,,,all respondents as published,,,,,Do you favour privatisation of large enterprises?,,,,monitoring__privatise_large,Response shares (%)
Monitoring,privatise_large,2006,ordinal,monitoring-2021dlya-tipografii.pdf,a3,question_trend_source_cells.csv,,Negative,67.2,,,,,,,,,,,all respondents as published,,,,,Do you favour privatisation of large enterprises?,,,,monitoring__privatise_large,Response shares (%)
Monitoring,privatise_large,2008,ordinal,monitoring-2021dlya-tipografii.pdf,a3,question_trend_source_cells.csv,,Negative,64.1,,,,,,,,,,,all respondents as published,,,,,Do you favour privatisation of large enterprises?,,,,monitoring__privatise_large,Response shares (%)
Monitoring,privatise_large,2010,ordinal,monitoring-2021dlya-tipografii.pdf,a3,question_trend_source_cells.csv,,Negative,61.3,,,,,,,,,,,all respondents as published,,,,,Do you favour privatisation of large enterprises?,,,,monitoring__privatise_large,Response shares (%)
Monitoring,privatise_large,2012,ordinal,monitoring-2021dlya-tipografii.pdf,a3,question_trend_source_cells.csv,,Negative,62.7,,,,,,,,,,,all respondents as published,,,,,Do you favour privatisation of large enterprises?,,,,monitoring__privatise_large,Response shares (%)
Monitoring,privatise_large,2014,ordinal,monitoring-2021dlya-tipografii.pdf,a3,question_trend_source_cells.csv,,Negative,54.4,,,,,,,,,,,all respondents as published,,,,,Do you favour privatisation of large enterprises?,,,,monitoring__privatise_large,Response shares (%)
Monitoring,privatise_large,2016,ordinal,monitoring-2021dlya-tipografii.pdf,a3,question_trend_source_cells.csv,,Negative,62.3,,,,,,,,,,,all respondents as published,,,,,Do you favour privatisation of large enterprises?,,,,monitoring__privatise_large,Response shares (%)
Monitoring,privatise_large,2018,ordinal,monitoring-2021dlya-tipografii.pdf,a3,question_trend_source_cells.csv,,Negative,57.6,,,,,,,,,,,all respondents as published,,,,,Do you favour privatisation of large enterprises?,,,,monitoring__privatise_large,Response shares (%)
Monitoring,privatise_large,2021,ordinal,monitoring-2021dlya-tipografii.pdf,a3,question_trend_source_cells.csv,,Negative,53.5,,,,,,,,,,,all respondents as published,,,,,Do you favour privatisation of large enterprises?,,,,monitoring__privatise_large,Response shares (%)
Monitoring,privatise_large,1992,ordinal,monitoring-2021dlya-tipografii.pdf,a3,question_trend_source_cells.csv,,Mixed / ambivalent,41.8,,,,,,,,,,,all respondents as published,,,,,Do you favour privatisation of large enterprises?,,,,monitoring__privatise_large,Response shares (%)
Monitoring,privatise_large,1994,ordinal,monitoring-2021dlya-tipografii.pdf,a3,question_trend_source_cells.csv,,Mixed / ambivalent,34.2,,,,,,,,,,,all respondents as published,,,,,Do you favour privatisation of large enterprises?,,,,monitoring__privatise_large,Response shares (%)
Monitoring,privatise_large,1995,ordinal,panina-1994-2005.pdf,a3,question_trend_source_cells.csv,,Mixed / ambivalent,31.9,,,,,,,,,,,all respondents as published,,,,,Do you favour privatisation of large enterprises?,,,,monitoring__privatise_large,Response shares (%)
Monitoring,privatise_large,1996,ordinal,monitoring-2021dlya-tipografii.pdf,a3,question_trend_source_cells.csv,,Mixed / ambivalent,31.7,,,,,,,,,,,all respondents as published,,,,,Do you favour privatisation of large enterprises?,,,,monitoring__privatise_large,Response shares (%)
Monitoring,privatise_large,1997,ordinal,panina-1994-2005.pdf,a3,question_trend_source_cells.csv,,Mixed / ambivalent,32.3,,,,,,,,,,,all respondents as published,,,,,Do you favour privatisation of large enterprises?,,,,monitoring__privatise_large,Response shares (%)
Monitoring,privatise_large,1998,ordinal,monitoring-2021dlya-tipografii.pdf,a3,question_trend_source_cells.csv,,Mixed / ambivalent,28.0,,,,,,,,,,,all respondents as published,,,,,Do you favour privatisation of large enterprises?,,,,monitoring__privatise_large,Response shares (%)
Monitoring,privatise_large,1999,ordinal,panina-1994-2005.pdf,a3,question_trend_source_cells.csv,,Mixed / ambivalent,29.0,,,,,,,,,,,all respondents as published,,,,,Do you favour privatisation of large enterprises?,,,,monitoring__privatise_large,Response shares (%)
Monitoring,privatise_large,2000,ordinal,monitoring-2021dlya-tipografii.pdf,a3,question_trend_source_cells.csv,,Mixed / ambivalent,30.0,,,,,,,,,,,all respondents as published,,,,,Do you favour privatisation of large enterprises?,,,,monitoring__privatise_large,Response shares (%)
Monitoring,privatise_large,2001,ordinal,panina-1994-2005.pdf,a3,question_trend_source_cells.csv,,Mixed / ambivalent,29.7,,,,,,,,,,,all respondents as published,,,,,Do you favour privatisation of large enterprises?,,,,monitoring__privatise_large,Response shares (%)
Monitoring,privatise_large,2002,ordinal,monitoring-2021dlya-tipografii.pdf,a3,question_trend_source_cells.csv,,Mixed / ambivalent,26.3,,,,,,,,,,,all respondents as published,,,,,Do you favour privatisation of large enterprises?,,,,monitoring__privatise_large,Response shares (%)
Monitoring,privatise_large,2003,ordinal,panina-1994-2005.pdf,a3,question_trend_source_cells.csv,,Mixed / ambivalent,29.1,,,,,,,,,,,all respondents as published,,,,,Do you favour privatisation of large enterprises?,,,,monitoring__privatise_large,Response shares (%)
Monitoring,privatise_large,2004,ordinal,monitoring-2021dlya-tipografii.pdf,a3,question_trend_source_cells.csv,,Mixed / ambivalent,26.3,,,,,,,,,,,all respondents as published,,,,,Do you favour privatisation of large enterprises?,,,,monitoring__privatise_large,Response shares (%)
Monitoring,privatise_large,2005,ordinal,monitoring-2021dlya-tipografii.pdf,a3,question_trend_source_cells.csv,,Mixed / ambivalent,25.3,,,,,,,,,,,all respondents as published,,,,,Do you favour privatisation of large enterprises?,,,,monitoring__privatise_large,Response shares (%)
Monitoring,privatise_large,2006,ordinal,monitoring-2021dlya-tipografii.pdf,a3,question_trend_source_cells.csv,,Mixed / ambivalent,21.8,,,,,,,,,,,all respondents as published,,,,,Do you favour privatisation of large enterprises?,,,,monitoring__privatise_large,Response shares (%)
Monitoring,privatise_large,2008,ordinal,monitoring-2021dlya-tipografii.pdf,a3,question_trend_source_cells.csv,,Mixed / ambivalent,21.4,,,,,,,,,,,all respondents as published,,,,,Do you favour privatisation of large enterprises?,,,,monitoring__privatise_large,Response shares (%)
Monitoring,privatise_large,2010,ordinal,monitoring-2021dlya-tipografii.pdf,a3,question_trend_source_cells.csv,,Mixed / ambivalent,24.5,,,,,,,,,,,all respondents as published,,,,,Do you favour privatisation of large enterprises?,,,,monitoring__privatise_large,Response shares (%)
Monitoring,privatise_large,2012,ordinal,monitoring-2021dlya-tipografii.pdf,a3,question_trend_source_cells.csv,,Mixed / ambivalent,23.9,,,,,,,,,,,all respondents as published,,,,,Do you favour privatisation of large enterprises?,,,,monitoring__privatise_large,Response shares (%)
Monitoring,privatise_large,2014,ordinal,monitoring-2021dlya-tipografii.pdf,a3,question_trend_source_cells.csv,,Mixed / ambivalent,25.2,,,,,,,,,,,all respondents as published,,,,,Do you favour privatisation of large enterprises?,,,,monitoring__privatise_large,Response shares (%)
Monitoring,privatise_large,2016,ordinal,monitoring-2021dlya-tipografii.pdf,a3,question_trend_source_cells.csv,,Mixed / ambivalent,23.6,,,,,,,,,,,all respondents as published,,,,,Do you favour privatisation of large enterprises?,,,,monitoring__privatise_large,Response shares (%)
Monitoring,privatise_large,2018,ordinal,monitoring-2021dlya-tipografii.pdf,a3,question_trend_source_cells.csv,,Mixed / ambivalent,25.1,,,,,,,,,,,all respondents as published,,,,,Do you favour privatisation of large enterprises?,,,,monitoring__privatise_large,Response shares (%)
Monitoring,privatise_large,2021,ordinal,monitoring-2021dlya-tipografii.pdf,a3,question_trend_source_cells.csv,,Mixed / ambivalent,28.0,,,,,,,,,,,all respondents as published,,,,,Do you favour privatisation of large enterprises?,,,,monitoring__privatise_large,Response shares (%)
Monitoring,privatise_large,1992,ordinal,monitoring-2021dlya-tipografii.pdf,a3,question_trend_source_cells.csv,,No answer,1.4,,,,,,,,,,,all respondents as published,,,,,Do you favour privatisation of large enterprises?,,,,monitoring__privatise_large,Response shares (%)
Monitoring,privatise_large,1994,ordinal,monitoring-2021dlya-tipografii.pdf,a3,question_trend_source_cells.csv,,No answer,2.7,,,,,,,,,,,all respondents as published,,,,,Do you favour privatisation of large enterprises?,,,,monitoring__privatise_large,Response shares (%)
Monitoring,privatise_large,1995,ordinal,panina-1994-2005.pdf,a3,question_trend_source_cells.csv,,No answer,0.7,,,,,,,,,,,all respondents as published,,,,,Do you favour privatisation of large enterprises?,,,,monitoring__privatise_large,Response shares (%)
Monitoring,privatise_large,1996,ordinal,monitoring-2021dlya-tipografii.pdf,a3,question_trend_source_cells.csv,,No answer,0.0,,,,,,,,,,,all respondents as published,,,,,Do you favour privatisation of large enterprises?,,,,monitoring__privatise_large,Response shares (%)
Monitoring,privatise_large,1997,ordinal,panina-1994-2005.pdf,a3,question_trend_source_cells.csv,,No answer,0.1,,,,,,,,,,,all respondents as published,,,,,Do you favour privatisation of large enterprises?,,,,monitoring__privatise_large,Response shares (%)
Monitoring,privatise_large,1998,ordinal,monitoring-2021dlya-tipografii.pdf,a3,question_trend_source_cells.csv,,No answer,0.5,,,,,,,,,,,all respondents as published,,,,,Do you favour privatisation of large enterprises?,,,,monitoring__privatise_large,Response shares (%)
Monitoring,privatise_large,1999,ordinal,panina-1994-2005.pdf,a3,question_trend_source_cells.csv,,No answer,0.9,,,,,,,,,,,all respondents as published,,,,,Do you favour privatisation of large enterprises?,,,,monitoring__privatise_large,Response shares (%)
Monitoring,privatise_large,2000,ordinal,monitoring-2021dlya-tipografii.pdf,a3,question_trend_source_cells.csv,,No answer,0.8,,,,,,,,,,,all respondents as published,,,,,Do you favour privatisation of large enterprises?,,,,monitoring__privatise_large,Response shares (%)
Monitoring,privatise_large,2001,ordinal,panina-1994-2005.pdf,a3,question_trend_source_cells.csv,,No answer,0.6,,,,,,,,,,,all respondents as published,,,,,Do you favour privatisation of large enterprises?,,,,monitoring__privatise_large,Response shares (%)
Monitoring,privatise_large,2002,ordinal,monitoring-2021dlya-tipografii.pdf,a3,question_trend_source_cells.csv,,No answer,0.2,,,,,,,,,,,all respondents as published,,,,,Do you favour privatisation of large enterprises?,,,,monitoring__privatise_large,Response shares (%)
Monitoring,privatise_large,2003,ordinal,panina-1994-2005.pdf,a3,question_trend_source_cells.csv,,No answer,0.2,,,,,,,,,,,all respondents as published,,,,,Do you favour privatisation of large enterprises?,,,,monitoring__privatise_large,Response shares (%)
Monitoring,privatise_large,2004,ordinal,monitoring-2021dlya-tipografii.pdf,a3,question_trend_source_cells.csv,,No answer,0.1,,,,,,,,,,,all respondents as published,,,,,Do you favour privatisation of large enterprises?,,,,monitoring__privatise_large,Response shares (%)
Monitoring,privatise_large,2005,ordinal,monitoring-2021dlya-tipografii.pdf,a3,question_trend_source_cells.csv,,No answer,0.6,,,,,,,,,,,all respondents as published,,,,,Do you favour privatisation of large enterprises?,,,,monitoring__privatise_large,Response shares (%)
Monitoring,privatise_large,2006,ordinal,monitoring-2021dlya-tipografii.pdf,a3,question_trend_source_cells.csv,,No answer,0.4,,,,,,,,,,,all respondents as published,,,,,Do you favour privatisation of large enterprises?,,,,monitoring__privatise_large,Response shares (%)
Monitoring,privatise_large,2008,ordinal,monitoring-2021dlya-tipografii.pdf,a3,question_trend_source_cells.csv,,No answer,0.6,,,,,,,,,,,all respondents as published,,,,,Do you favour privatisation of large enterprises?,,,,monitoring__privatise_large,Response shares (%)
Monitoring,privatise_large,2010,ordinal,monitoring-2021dlya-tipografii.pdf,a3,question_trend_source_cells.csv,,No answer,1.3,,,,,,,,,,,all respondents as published,,,,,Do you favour privatisation of large enterprises?,,,,monitoring__privatise_large,Response shares (%)
Monitoring,privatise_large,2012,ordinal,monitoring-2021dlya-tipografii.pdf,a3,question_trend_source_cells.csv,,No answer,0.8,,,,,,,,,,,all respondents as published,,,,,Do you favour privatisation of large enterprises?,,,,monitoring__privatise_large,Response shares (%)
Monitoring,privatise_large,2014,ordinal,monitoring-2021dlya-tipografii.pdf,a3,question_trend_source_cells.csv,,No answer,0.5,,,,,,,,,,,all respondents as published,,,,,Do you favour privatisation of large enterprises?,,,,monitoring__privatise_large,Response shares (%)
Monitoring,privatise_large,2016,ordinal,monitoring-2021dlya-tipografii.pdf,a3,question_trend_source_cells.csv,,No answer,0.3,,,,,,,,,,,all respondents as published,,,,,Do you favour privatisation of large enterprises?,,,,monitoring__privatise_large,Response shares (%)
Monitoring,privatise_large,2018,ordinal,monitoring-2021dlya-tipografii.pdf,a3,question_trend_source_cells.csv,,No answer,0.0,,,,,,,,,,,all respondents as published,,,,,Do you favour privatisation of large enterprises?,,,,monitoring__privatise_large,Response shares (%)
Monitoring,privatise_large,2021,ordinal,monitoring-2021dlya-tipografii.pdf,a3,question_trend_source_cells.csv,,No answer,0.6,,,,,,,,,,,all respondents as published,,,,,Do you favour privatisation of large enterprises?,,,,monitoring__privatise_large,Response shares (%)
Monitoring,privatise_small,1992,ordinal,monitoring-2021dlya-tipografii.pdf,a4,question_trend_source_cells.csv,,Positive,56.2,,,,,,,,,,,all respondents as published,,,,,Do you favour privatisation of small enterprises?,,,,monitoring__privatise_small,Response shares (%)
Monitoring,privatise_small,1994,ordinal,monitoring-2021dlya-tipografii.pdf,a4,question_trend_source_cells.csv,,Positive,54.8,,,,,,,,,,,all respondents as published,,,,,Do you favour privatisation of small enterprises?,,,,monitoring__privatise_small,Response shares (%)
Monitoring,privatise_small,1995,ordinal,panina-1994-2005.pdf,a4,question_trend_source_cells.csv,,Positive,55.4,,,,,,,,,,,all respondents as published,,,,,Do you favour privatisation of small enterprises?,,,,monitoring__privatise_small,Response shares (%)
Monitoring,privatise_small,1996,ordinal,monitoring-2021dlya-tipografii.pdf,a4,question_trend_source_cells.csv,,Positive,53.4,,,,,,,,,,,all respondents as published,,,,,Do you favour privatisation of small enterprises?,,,,monitoring__privatise_small,Response shares (%)
Monitoring,privatise_small,1997,ordinal,panina-1994-2005.pdf,a4,question_trend_source_cells.csv,,Positive,50.4,,,,,,,,,,,all respondents as published,,,,,Do you favour privatisation of small enterprises?,,,,monitoring__privatise_small,Response shares (%)
Monitoring,privatise_small,1998,ordinal,monitoring-2021dlya-tipografii.pdf,a4,question_trend_source_cells.csv,,Positive,53.7,,,,,,,,,,,all respondents as published,,,,,Do you favour privatisation of small enterprises?,,,,monitoring__privatise_small,Response shares (%)
Monitoring,privatise_small,1999,ordinal,panina-1994-2005.pdf,a4,question_trend_source_cells.csv,,Positive,49.2,,,,,,,,,,,all respondents as published,,,,,Do you favour privatisation of small enterprises?,,,,monitoring__privatise_small,Response shares (%)
Monitoring,privatise_small,2000,ordinal,monitoring-2021dlya-tipografii.pdf,a4,question_trend_source_cells.csv,,Positive,52.0,,,,,,,,,,,all respondents as published,,,,,Do you favour privatisation of small enterprises?,,,,monitoring__privatise_small,Response shares (%)
Monitoring,privatise_small,2001,ordinal,panina-1994-2005.pdf,a4,question_trend_source_cells.csv,,Positive,57.5,,,,,,,,,,,all respondents as published,,,,,Do you favour privatisation of small enterprises?,,,,monitoring__privatise_small,Response shares (%)
Monitoring,privatise_small,2002,ordinal,monitoring-2021dlya-tipografii.pdf,a4,question_trend_source_cells.csv,,Positive,50.5,,,,,,,,,,,all respondents as published,,,,,Do you favour privatisation of small enterprises?,,,,monitoring__privatise_small,Response shares (%)
Monitoring,privatise_small,2003,ordinal,panina-1994-2005.pdf,a4,question_trend_source_cells.csv,,Positive,49.3,,,,,,,,,,,all respondents as published,,,,,Do you favour privatisation of small enterprises?,,,,monitoring__privatise_small,Response shares (%)
Monitoring,privatise_small,2004,ordinal,monitoring-2021dlya-tipografii.pdf,a4,question_trend_source_cells.csv,,Positive,47.2,,,,,,,,,,,all respondents as published,,,,,Do you favour privatisation of small enterprises?,,,,monitoring__privatise_small,Response shares (%)
Monitoring,privatise_small,2005,ordinal,monitoring-2021dlya-tipografii.pdf,a4,question_trend_source_cells.csv,,Positive,43.7,,,,,,,,,,,all respondents as published,,,,,Do you favour privatisation of small enterprises?,,,,monitoring__privatise_small,Response shares (%)
Monitoring,privatise_small,2006,ordinal,monitoring-2021dlya-tipografii.pdf,a4,question_trend_source_cells.csv,,Positive,43.4,,,,,,,,,,,all respondents as published,,,,,Do you favour privatisation of small enterprises?,,,,monitoring__privatise_small,Response shares (%)
Monitoring,privatise_small,2008,ordinal,monitoring-2021dlya-tipografii.pdf,a4,question_trend_source_cells.csv,,Positive,44.6,,,,,,,,,,,all respondents as published,,,,,Do you favour privatisation of small enterprises?,,,,monitoring__privatise_small,Response shares (%)
Monitoring,privatise_small,2010,ordinal,monitoring-2021dlya-tipografii.pdf,a4,question_trend_source_cells.csv,,Positive,39.8,,,,,,,,,,,all respondents as published,,,,,Do you favour privatisation of small enterprises?,,,,monitoring__privatise_small,Response shares (%)
Monitoring,privatise_small,2012,ordinal,monitoring-2021dlya-tipografii.pdf,a4,question_trend_source_cells.csv,,Positive,34.9,,,,,,,,,,,all respondents as published,,,,,Do you favour privatisation of small enterprises?,,,,monitoring__privatise_small,Response shares (%)
Monitoring,privatise_small,2014,ordinal,monitoring-2021dlya-tipografii.pdf,a4,question_trend_source_cells.csv,,Positive,43.1,,,,,,,,,,,all respondents as published,,,,,Do you favour privatisation of small enterprises?,,,,monitoring__privatise_small,Response shares (%)
Monitoring,privatise_small,2016,ordinal,monitoring-2021dlya-tipografii.pdf,a4,question_trend_source_cells.csv,,Positive,32.2,,,,,,,,,,,all respondents as published,,,,,Do you favour privatisation of small enterprises?,,,,monitoring__privatise_small,Response shares (%)
Monitoring,privatise_small,2018,ordinal,monitoring-2021dlya-tipografii.pdf,a4,question_trend_source_cells.csv,,Positive,35.0,,,,,,,,,,,all respondents as published,,,,,Do you favour privatisation of small enterprises?,,,,monitoring__privatise_small,Response shares (%)
Monitoring,privatise_small,2021,ordinal,monitoring-2021dlya-tipografii.pdf,a4,question_trend_source_cells.csv,,Positive,31.0,,,,,,,,,,,all respondents as published,,,,,Do you favour privatisation of small enterprises?,,,,monitoring__privatise_small,Response shares (%)
Monitoring,privatise_small,1992,ordinal,monitoring-2021dlya-tipografii.pdf,a4,question_trend_source_cells.csv,,Negative,13.6,,,,,,,,,,,all respondents as published,,,,,Do you favour privatisation of small enterprises?,,,,monitoring__privatise_small,Response shares (%)
Monitoring,privatise_small,1994,ordinal,monitoring-2021dlya-tipografii.pdf,a4,question_trend_source_cells.csv,,Negative,18.3,,,,,,,,,,,all respondents as published,,,,,Do you favour privatisation of small enterprises?,,,,monitoring__privatise_small,Response shares (%)
Monitoring,privatise_small,1995,ordinal,panina-1994-2005.pdf,a4,question_trend_source_cells.csv,,Negative,19.0,,,,,,,,,,,all respondents as published,,,,,Do you favour privatisation of small enterprises?,,,,monitoring__privatise_small,Response shares (%)
Monitoring,privatise_small,1996,ordinal,monitoring-2021dlya-tipografii.pdf,a4,question_trend_source_cells.csv,,Negative,19.3,,,,,,,,,,,all respondents as published,,,,,Do you favour privatisation of small enterprises?,,,,monitoring__privatise_small,Response shares (%)
Monitoring,privatise_small,1997,ordinal,panina-1994-2005.pdf,a4,question_trend_source_cells.csv,,Negative,22.0,,,,,,,,,,,all respondents as published,,,,,Do you favour privatisation of small enterprises?,,,,monitoring__privatise_small,Response shares (%)
Monitoring,privatise_small,1998,ordinal,monitoring-2021dlya-tipografii.pdf,a4,question_trend_source_cells.csv,,Negative,20.9,,,,,,,,,,,all respondents as published,,,,,Do you favour privatisation of small enterprises?,,,,monitoring__privatise_small,Response shares (%)
Monitoring,privatise_small,1999,ordinal,panina-1994-2005.pdf,a4,question_trend_source_cells.csv,,Negative,22.9,,,,,,,,,,,all respondents as published,,,,,Do you favour privatisation of small enterprises?,,,,monitoring__privatise_small,Response shares (%)
Monitoring,privatise_small,2000,ordinal,monitoring-2021dlya-tipografii.pdf,a4,question_trend_source_cells.csv,,Negative,18.7,,,,,,,,,,,all respondents as published,,,,,Do you favour privatisation of small enterprises?,,,,monitoring__privatise_small,Response shares (%)
Monitoring,privatise_small,2001,ordinal,panina-1994-2005.pdf,a4,question_trend_source_cells.csv,,Negative,18.7,,,,,,,,,,,all respondents as published,,,,,Do you favour privatisation of small enterprises?,,,,monitoring__privatise_small,Response shares (%)
Monitoring,privatise_small,2002,ordinal,monitoring-2021dlya-tipografii.pdf,a4,question_trend_source_cells.csv,,Negative,21.4,,,,,,,,,,,all respondents as published,,,,,Do you favour privatisation of small enterprises?,,,,monitoring__privatise_small,Response shares (%)
Monitoring,privatise_small,2003,ordinal,panina-1994-2005.pdf,a4,question_trend_source_cells.csv,,Negative,22.7,,,,,,,,,,,all respondents as published,,,,,Do you favour privatisation of small enterprises?,,,,monitoring__privatise_small,Response shares (%)
Monitoring,privatise_small,2004,ordinal,monitoring-2021dlya-tipografii.pdf,a4,question_trend_source_cells.csv,,Negative,25.2,,,,,,,,,,,all respondents as published,,,,,Do you favour privatisation of small enterprises?,,,,monitoring__privatise_small,Response shares (%)
Monitoring,privatise_small,2005,ordinal,monitoring-2021dlya-tipografii.pdf,a4,question_trend_source_cells.csv,,Negative,23.3,,,,,,,,,,,all respondents as published,,,,,Do you favour privatisation of small enterprises?,,,,monitoring__privatise_small,Response shares (%)
Monitoring,privatise_small,2006,ordinal,monitoring-2021dlya-tipografii.pdf,a4,question_trend_source_cells.csv,,Negative,28.6,,,,,,,,,,,all respondents as published,,,,,Do you favour privatisation of small enterprises?,,,,monitoring__privatise_small,Response shares (%)
Monitoring,privatise_small,2008,ordinal,monitoring-2021dlya-tipografii.pdf,a4,question_trend_source_cells.csv,,Negative,25.7,,,,,,,,,,,all respondents as published,,,,,Do you favour privatisation of small enterprises?,,,,monitoring__privatise_small,Response shares (%)
Monitoring,privatise_small,2010,ordinal,monitoring-2021dlya-tipografii.pdf,a4,question_trend_source_cells.csv,,Negative,28.1,,,,,,,,,,,all respondents as published,,,,,Do you favour privatisation of small enterprises?,,,,monitoring__privatise_small,Response shares (%)
Monitoring,privatise_small,2012,ordinal,monitoring-2021dlya-tipografii.pdf,a4,question_trend_source_cells.csv,,Negative,31.1,,,,,,,,,,,all respondents as published,,,,,Do you favour privatisation of small enterprises?,,,,monitoring__privatise_small,Response shares (%)
Monitoring,privatise_small,2014,ordinal,monitoring-2021dlya-tipografii.pdf,a4,question_trend_source_cells.csv,,Negative,25.9,,,,,,,,,,,all respondents as published,,,,,Do you favour privatisation of small enterprises?,,,,monitoring__privatise_small,Response shares (%)
Monitoring,privatise_small,2016,ordinal,monitoring-2021dlya-tipografii.pdf,a4,question_trend_source_cells.csv,,Negative,36.7,,,,,,,,,,,all respondents as published,,,,,Do you favour privatisation of small enterprises?,,,,monitoring__privatise_small,Response shares (%)
Monitoring,privatise_small,2018,ordinal,monitoring-2021dlya-tipografii.pdf,a4,question_trend_source_cells.csv,,Negative,34.9,,,,,,,,,,,all respondents as published,,,,,Do you favour privatisation of small enterprises?,,,,monitoring__privatise_small,Response shares (%)
Monitoring,privatise_small,2021,ordinal,monitoring-2021dlya-tipografii.pdf,a4,question_trend_source_cells.csv,,Negative,34.7,,,,,,,,,,,all respondents as published,,,,,Do you favour privatisation of small enterprises?,,,,monitoring__privatise_small,Response shares (%)
Monitoring,privatise_small,1992,ordinal,monitoring-2021dlya-tipografii.pdf,a4,question_trend_source_cells.csv,,Mixed / ambivalent,28.8,,,,,,,,,,,all respondents as published,,,,,Do you favour privatisation of small enterprises?,,,,monitoring__privatise_small,Response shares (%)
Monitoring,privatise_small,1994,ordinal,monitoring-2021dlya-tipografii.pdf,a4,question_trend_source_cells.csv,,Mixed / ambivalent,24.4,,,,,,,,,,,all respondents as published,,,,,Do you favour privatisation of small enterprises?,,,,monitoring__privatise_small,Response shares (%)
Monitoring,privatise_small,1995,ordinal,panina-1994-2005.pdf,a4,question_trend_source_cells.csv,,Mixed / ambivalent,25.1,,,,,,,,,,,all respondents as published,,,,,Do you favour privatisation of small enterprises?,,,,monitoring__privatise_small,Response shares (%)
Monitoring,privatise_small,1996,ordinal,monitoring-2021dlya-tipografii.pdf,a4,question_trend_source_cells.csv,,Mixed / ambivalent,27.2,,,,,,,,,,,all respondents as published,,,,,Do you favour privatisation of small enterprises?,,,,monitoring__privatise_small,Response shares (%)
Monitoring,privatise_small,1997,ordinal,panina-1994-2005.pdf,a4,question_trend_source_cells.csv,,Mixed / ambivalent,27.5,,,,,,,,,,,all respondents as published,,,,,Do you favour privatisation of small enterprises?,,,,monitoring__privatise_small,Response shares (%)
Monitoring,privatise_small,1998,ordinal,monitoring-2021dlya-tipografii.pdf,a4,question_trend_source_cells.csv,,Mixed / ambivalent,24.9,,,,,,,,,,,all respondents as published,,,,,Do you favour privatisation of small enterprises?,,,,monitoring__privatise_small,Response shares (%)
Monitoring,privatise_small,1999,ordinal,panina-1994-2005.pdf,a4,question_trend_source_cells.csv,,Mixed / ambivalent,27.2,,,,,,,,,,,all respondents as published,,,,,Do you favour privatisation of small enterprises?,,,,monitoring__privatise_small,Response shares (%)
Monitoring,privatise_small,2000,ordinal,monitoring-2021dlya-tipografii.pdf,a4,question_trend_source_cells.csv,,Mixed / ambivalent,28.6,,,,,,,,,,,all respondents as published,,,,,Do you favour privatisation of small enterprises?,,,,monitoring__privatise_small,Response shares (%)
Monitoring,privatise_small,2001,ordinal,panina-1994-2005.pdf,a4,question_trend_source_cells.csv,,Mixed / ambivalent,23.1,,,,,,,,,,,all respondents as published,,,,,Do you favour privatisation of small enterprises?,,,,monitoring__privatise_small,Response shares (%)
Monitoring,privatise_small,2002,ordinal,monitoring-2021dlya-tipografii.pdf,a4,question_trend_source_cells.csv,,Mixed / ambivalent,27.7,,,,,,,,,,,all respondents as published,,,,,Do you favour privatisation of small enterprises?,,,,monitoring__privatise_small,Response shares (%)
Monitoring,privatise_small,2003,ordinal,panina-1994-2005.pdf,a4,question_trend_source_cells.csv,,Mixed / ambivalent,27.7,,,,,,,,,,,all respondents as published,,,,,Do you favour privatisation of small enterprises?,,,,monitoring__privatise_small,Response shares (%)
Monitoring,privatise_small,2004,ordinal,monitoring-2021dlya-tipografii.pdf,a4,question_trend_source_cells.csv,,Mixed / ambivalent,27.6,,,,,,,,,,,all respondents as published,,,,,Do you favour privatisation of small enterprises?,,,,monitoring__privatise_small,Response shares (%)
Monitoring,privatise_small,2005,ordinal,monitoring-2021dlya-tipografii.pdf,a4,question_trend_source_cells.csv,,Mixed / ambivalent,32.3,,,,,,,,,,,all respondents as published,,,,,Do you favour privatisation of small enterprises?,,,,monitoring__privatise_small,Response shares (%)
Monitoring,privatise_small,2006,ordinal,monitoring-2021dlya-tipografii.pdf,a4,question_trend_source_cells.csv,,Mixed / ambivalent,27.3,,,,,,,,,,,all respondents as published,,,,,Do you favour privatisation of small enterprises?,,,,monitoring__privatise_small,Response shares (%)
Monitoring,privatise_small,2008,ordinal,monitoring-2021dlya-tipografii.pdf,a4,question_trend_source_cells.csv,,Mixed / ambivalent,29.0,,,,,,,,,,,all respondents as published,,,,,Do you favour privatisation of small enterprises?,,,,monitoring__privatise_small,Response shares (%)
Monitoring,privatise_small,2010,ordinal,monitoring-2021dlya-tipografii.pdf,a4,question_trend_source_cells.csv,,Mixed / ambivalent,30.4,,,,,,,,,,,all respondents as published,,,,,Do you favour privatisation of small enterprises?,,,,monitoring__privatise_small,Response shares (%)
Monitoring,privatise_small,2012,ordinal,monitoring-2021dlya-tipografii.pdf,a4,question_trend_source_cells.csv,,Mixed / ambivalent,32.0,,,,,,,,,,,all respondents as published,,,,,Do you favour privatisation of small enterprises?,,,,monitoring__privatise_small,Response shares (%)
Monitoring,privatise_small,2014,ordinal,monitoring-2021dlya-tipografii.pdf,a4,question_trend_source_cells.csv,,Mixed / ambivalent,30.3,,,,,,,,,,,all respondents as published,,,,,Do you favour privatisation of small enterprises?,,,,monitoring__privatise_small,Response shares (%)
Monitoring,privatise_small,2016,ordinal,monitoring-2021dlya-tipografii.pdf,a4,question_trend_source_cells.csv,,Mixed / ambivalent,30.6,,,,,,,,,,,all respondents as published,,,,,Do you favour privatisation of small enterprises?,,,,monitoring__privatise_small,Response shares (%)
Monitoring,privatise_small,2018,ordinal,monitoring-2021dlya-tipografii.pdf,a4,question_trend_source_cells.csv,,Mixed / ambivalent,30.1,,,,,,,,,,,all respondents as published,,,,,Do you favour privatisation of small enterprises?,,,,monitoring__privatise_small,Response shares (%)
Monitoring,privatise_small,2021,ordinal,monitoring-2021dlya-tipografii.pdf,a4,question_trend_source_cells.csv,,Mixed / ambivalent,33.4,,,,,,,,,,,all respondents as published,,,,,Do you favour privatisation of small enterprises?,,,,monitoring__privatise_small,Response shares (%)
Monitoring,privatise_small,1992,ordinal,monitoring-2021dlya-tipografii.pdf,a4,question_trend_source_cells.csv,,No answer,1.4,,,,,,,,,,,all respondents as published,,,,,Do you favour privatisation of small enterprises?,,,,monitoring__privatise_small,Response shares (%)
Monitoring,privatise_small,1994,ordinal,monitoring-2021dlya-tipografii.pdf,a4,question_trend_source_cells.csv,,No answer,2.5,,,,,,,,,,,all respondents as published,,,,,Do you favour privatisation of small enterprises?,,,,monitoring__privatise_small,Response shares (%)
Monitoring,privatise_small,1995,ordinal,panina-1994-2005.pdf,a4,question_trend_source_cells.csv,,No answer,0.6,,,,,,,,,,,all respondents as published,,,,,Do you favour privatisation of small enterprises?,,,,monitoring__privatise_small,Response shares (%)
Monitoring,privatise_small,1996,ordinal,monitoring-2021dlya-tipografii.pdf,a4,question_trend_source_cells.csv,,No answer,0.0,,,,,,,,,,,all respondents as published,,,,,Do you favour privatisation of small enterprises?,,,,monitoring__privatise_small,Response shares (%)
Monitoring,privatise_small,1997,ordinal,panina-1994-2005.pdf,a4,question_trend_source_cells.csv,,No answer,0.1,,,,,,,,,,,all respondents as published,,,,,Do you favour privatisation of small enterprises?,,,,monitoring__privatise_small,Response shares (%)
Monitoring,privatise_small,1998,ordinal,monitoring-2021dlya-tipografii.pdf,a4,question_trend_source_cells.csv,,No answer,0.4,,,,,,,,,,,all respondents as published,,,,,Do you favour privatisation of small enterprises?,,,,monitoring__privatise_small,Response shares (%)
Monitoring,privatise_small,1999,ordinal,panina-1994-2005.pdf,a4,question_trend_source_cells.csv,,No answer,0.7,,,,,,,,,,,all respondents as published,,,,,Do you favour privatisation of small enterprises?,,,,monitoring__privatise_small,Response shares (%)
Monitoring,privatise_small,2000,ordinal,monitoring-2021dlya-tipografii.pdf,a4,question_trend_source_cells.csv,,No answer,0.8,,,,,,,,,,,all respondents as published,,,,,Do you favour privatisation of small enterprises?,,,,monitoring__privatise_small,Response shares (%)
Monitoring,privatise_small,2001,ordinal,panina-1994-2005.pdf,a4,question_trend_source_cells.csv,,No answer,0.7,,,,,,,,,,,all respondents as published,,,,,Do you favour privatisation of small enterprises?,,,,monitoring__privatise_small,Response shares (%)
Monitoring,privatise_small,2002,ordinal,monitoring-2021dlya-tipografii.pdf,a4,question_trend_source_cells.csv,,No answer,0.4,,,,,,,,,,,all respondents as published,,,,,Do you favour privatisation of small enterprises?,,,,monitoring__privatise_small,Response shares (%)
Monitoring,privatise_small,2003,ordinal,panina-1994-2005.pdf,a4,question_trend_source_cells.csv,,No answer,0.3,,,,,,,,,,,all respondents as published,,,,,Do you favour privatisation of small enterprises?,,,,monitoring__privatise_small,Response shares (%)
Monitoring,privatise_small,2004,ordinal,monitoring-2021dlya-tipografii.pdf,a4,question_trend_source_cells.csv,,No answer,0.0,,,,,,,,,,,all respondents as published,,,,,Do you favour privatisation of small enterprises?,,,,monitoring__privatise_small,Response shares (%)
Monitoring,privatise_small,2005,ordinal,monitoring-2021dlya-tipografii.pdf,a4,question_trend_source_cells.csv,,No answer,0.7,,,,,,,,,,,all respondents as published,,,,,Do you favour privatisation of small enterprises?,,,,monitoring__privatise_small,Response shares (%)
Monitoring,privatise_small,2006,ordinal,monitoring-2021dlya-tipografii.pdf,a4,question_trend_source_cells.csv,,No answer,0.7,,,,,,,,,,,all respondents as published,,,,,Do you favour privatisation of small enterprises?,,,,monitoring__privatise_small,Response shares (%)
Monitoring,privatise_small,2008,ordinal,monitoring-2021dlya-tipografii.pdf,a4,question_trend_source_cells.csv,,No answer,0.8,,,,,,,,,,,all respondents as published,,,,,Do you favour privatisation of small enterprises?,,,,monitoring__privatise_small,Response shares (%)
Monitoring,privatise_small,2010,ordinal,monitoring-2021dlya-tipografii.pdf,a4,question_trend_source_cells.csv,,No answer,1.7,,,,,,,,,,,all respondents as published,,,,,Do you favour privatisation of small enterprises?,,,,monitoring__privatise_small,Response shares (%)
Monitoring,privatise_small,2012,ordinal,monitoring-2021dlya-tipografii.pdf,a4,question_trend_source_cells.csv,,No answer,1.9,,,,,,,,,,,all respondents as published,,,,,Do you favour privatisation of small enterprises?,,,,monitoring__privatise_small,Response shares (%)
Monitoring,privatise_small,2014,ordinal,monitoring-2021dlya-tipografii.pdf,a4,question_trend_source_cells.csv,,No answer,0.7,,,,,,,,,,,all respondents as published,,,,,Do you favour privatisation of small enterprises?,,,,monitoring__privatise_small,Response shares (%)
Monitoring,privatise_small,2016,ordinal,monitoring-2021dlya-tipografii.pdf,a4,question_trend_source_cells.csv,,No answer,0.5,,,,,,,,,,,all respondents as published,,,,,Do you favour privatisation of small enterprises?,,,,monitoring__privatise_small,Response shares (%)
Monitoring,privatise_small,2018,ordinal,monitoring-2021dlya-tipografii.pdf,a4,question_trend_source_cells.csv,,No answer,0.0,,,,,,,,,,,all respondents as published,,,,,Do you favour privatisation of small enterprises?,,,,monitoring__privatise_small,Response shares (%)
Monitoring,privatise_small,2021,ordinal,monitoring-2021dlya-tipografii.pdf,a4,question_trend_source_cells.csv,,No answer,0.9,,,,,,,,,,,all respondents as published,,,,,Do you favour privatisation of small enterprises?,,,,monitoring__privatise_small,Response shares (%)
Monitoring,trust_banks,2002,ordinal,monitoring-2021dlya-tipografii.pdf,d6.22,question_trend_source_cells.csv,,Trust,9.4,,,,,,,,,,,all respondents as published,,,,,Do you trust banks?,,,,monitoring__trust_banks,Response shares (%)
Monitoring,trust_banks,2004,ordinal,monitoring-2021dlya-tipografii.pdf,d6.22,question_trend_source_cells.csv,,Trust,15.2,,,,,,,,,,,all respondents as published,,,,,Do you trust banks?,,,,monitoring__trust_banks,Response shares (%)
Monitoring,trust_banks,2005,ordinal,monitoring-2021dlya-tipografii.pdf,d6.22,question_trend_source_cells.csv,,Trust,19.0,,,,,,,,,,,all respondents as published,,,,,Do you trust banks?,,,,monitoring__trust_banks,Response shares (%)
Monitoring,trust_banks,2006,ordinal,monitoring-2021dlya-tipografii.pdf,d6.22,question_trend_source_cells.csv,,Trust,19.9,,,,,,,,,,,all respondents as published,,,,,Do you trust banks?,,,,monitoring__trust_banks,Response shares (%)
Monitoring,trust_banks,2008,ordinal,monitoring-2021dlya-tipografii.pdf,d6.22,question_trend_source_cells.csv,,Trust,21.0,,,,,,,,,,,all respondents as published,,,,,Do you trust banks?,,,,monitoring__trust_banks,Response shares (%)
Monitoring,trust_banks,2010,ordinal,monitoring-2021dlya-tipografii.pdf,d6.22,question_trend_source_cells.csv,,Trust,10.0,,,,,,,,,,,all respondents as published,,,,,Do you trust banks?,,,,monitoring__trust_banks,Response shares (%)
Monitoring,trust_banks,2012,ordinal,monitoring-2021dlya-tipografii.pdf,d6.22,question_trend_source_cells.csv,,Trust,12.9,,,,,,,,,,,all respondents as published,,,,,Do you trust banks?,,,,monitoring__trust_banks,Response shares (%)
Monitoring,trust_banks,2013,ordinal,monitoring-2021dlya-tipografii.pdf,d6.22,question_trend_source_cells.csv,,Trust,12.9,,,,,,,,,,,all respondents as published,,,,,Do you trust banks?,,,,monitoring__trust_banks,Response shares (%)
Monitoring,trust_banks,2014,ordinal,monitoring-2021dlya-tipografii.pdf,d6.22,question_trend_source_cells.csv,,Trust,10.1,,,,,,,,,,,all respondents as published,,,,,Do you trust banks?,,,,monitoring__trust_banks,Response shares (%)
Monitoring,trust_banks,2015,ordinal,monitoring-2021dlya-tipografii.pdf,d6.22,question_trend_source_cells.csv,,Trust,11.8,,,,,,,,,,,all respondents as published,,,,,Do you trust banks?,,,,monitoring__trust_banks,Response shares (%)
Monitoring,trust_banks,2016,ordinal,monitoring-2021dlya-tipografii.pdf,d6.22,question_trend_source_cells.csv,,Trust,9.1,,,,,,,,,,,all respondents as published,,,,,Do you trust banks?,,,,monitoring__trust_banks,Response shares (%)
Monitoring,trust_banks,2017,ordinal,monitoring-2021dlya-tipografii.pdf,d6.22,question_trend_source_cells.csv,,Trust,14.2,,,,,,,,,,,all respondents as published,,,,,Do you trust banks?,,,,monitoring__trust_banks,Response shares (%)
Monitoring,trust_banks,2018,ordinal,monitoring-2021dlya-tipografii.pdf,d6.22,question_trend_source_cells.csv,,Trust,13.4,,,,,,,,,,,all respondents as published,,,,,Do you trust banks?,,,,monitoring__trust_banks,Response shares (%)
Monitoring,trust_banks,2019,ordinal,monitoring-2021dlya-tipografii.pdf,d6.22,question_trend_source_cells.csv,,Trust,19.3,,,,,,,,,,,all respondents as published,,,,,Do you trust banks?,,,,monitoring__trust_banks,Response shares (%)
Monitoring,trust_banks,2020,ordinal,monitoring-2021dlya-tipografii.pdf,d6.22,question_trend_source_cells.csv,,Trust,13.8,,,,,,,,,,,all respondents as published,,,,,Do you trust banks?,,,,monitoring__trust_banks,Response shares (%)
Monitoring,trust_banks,2021,ordinal,monitoring-2021dlya-tipografii.pdf,d6.22,question_trend_source_cells.csv,,Trust,15.8,,,,,,,,,,,all respondents as published,,,,,Do you trust banks?,,,,monitoring__trust_banks,Response shares (%)
Monitoring,trust_banks,2002,ordinal,monitoring-2021dlya-tipografii.pdf,d6.22,question_trend_source_cells.csv,,Distrust,62.1,,,,,,,,,,,all respondents as published,,,,,Do you trust banks?,,,,monitoring__trust_banks,Response shares (%)
Monitoring,trust_banks,2004,ordinal,monitoring-2021dlya-tipografii.pdf,d6.22,question_trend_source_cells.csv,,Distrust,56.2,,,,,,,,,,,all respondents as published,,,,,Do you trust banks?,,,,monitoring__trust_banks,Response shares (%)
Monitoring,trust_banks,2005,ordinal,monitoring-2021dlya-tipografii.pdf,d6.22,question_trend_source_cells.csv,,Distrust,48.5,,,,,,,,,,,all respondents as published,,,,,Do you trust banks?,,,,monitoring__trust_banks,Response shares (%)
Monitoring,trust_banks,2006,ordinal,monitoring-2021dlya-tipografii.pdf,d6.22,question_trend_source_cells.csv,,Distrust,46.6,,,,,,,,,,,all respondents as published,,,,,Do you trust banks?,,,,monitoring__trust_banks,Response shares (%)
Monitoring,trust_banks,2008,ordinal,monitoring-2021dlya-tipografii.pdf,d6.22,question_trend_source_cells.csv,,Distrust,46.9,,,,,,,,,,,all respondents as published,,,,,Do you trust banks?,,,,monitoring__trust_banks,Response shares (%)
Monitoring,trust_banks,2010,ordinal,monitoring-2021dlya-tipografii.pdf,d6.22,question_trend_source_cells.csv,,Distrust,67.1,,,,,,,,,,,all respondents as published,,,,,Do you trust banks?,,,,monitoring__trust_banks,Response shares (%)
Monitoring,trust_banks,2012,ordinal,monitoring-2021dlya-tipografii.pdf,d6.22,question_trend_source_cells.csv,,Distrust,61.6,,,,,,,,,,,all respondents as published,,,,,Do you trust banks?,,,,monitoring__trust_banks,Response shares (%)
Monitoring,trust_banks,2013,ordinal,monitoring-2021dlya-tipografii.pdf,d6.22,question_trend_source_cells.csv,,Distrust,62.0,,,,,,,,,,,all respondents as published,,,,,Do you trust banks?,,,,monitoring__trust_banks,Response shares (%)
Monitoring,trust_banks,2014,ordinal,monitoring-2021dlya-tipografii.pdf,d6.22,question_trend_source_cells.csv,,Distrust,60.8,,,,,,,,,,,all respondents as published,,,,,Do you trust banks?,,,,monitoring__trust_banks,Response shares (%)
Monitoring,trust_banks,2015,ordinal,monitoring-2021dlya-tipografii.pdf,d6.22,question_trend_source_cells.csv,,Distrust,66.7,,,,,,,,,,,all respondents as published,,,,,Do you trust banks?,,,,monitoring__trust_banks,Response shares (%)
Monitoring,trust_banks,2016,ordinal,monitoring-2021dlya-tipografii.pdf,d6.22,question_trend_source_cells.csv,,Distrust,71.9,,,,,,,,,,,all respondents as published,,,,,Do you trust banks?,,,,monitoring__trust_banks,Response shares (%)
Monitoring,trust_banks,2017,ordinal,monitoring-2021dlya-tipografii.pdf,d6.22,question_trend_source_cells.csv,,Distrust,67.1,,,,,,,,,,,all respondents as published,,,,,Do you trust banks?,,,,monitoring__trust_banks,Response shares (%)
Monitoring,trust_banks,2018,ordinal,monitoring-2021dlya-tipografii.pdf,d6.22,question_trend_source_cells.csv,,Distrust,63.7,,,,,,,,,,,all respondents as published,,,,,Do you trust banks?,,,,monitoring__trust_banks,Response shares (%)
Monitoring,trust_banks,2019,ordinal,monitoring-2021dlya-tipografii.pdf,d6.22,question_trend_source_cells.csv,,Distrust,54.7,,,,,,,,,,,all respondents as published,,,,,Do you trust banks?,,,,monitoring__trust_banks,Response shares (%)
Monitoring,trust_banks,2020,ordinal,monitoring-2021dlya-tipografii.pdf,d6.22,question_trend_source_cells.csv,,Distrust,57.1,,,,,,,,,,,all respondents as published,,,,,Do you trust banks?,,,,monitoring__trust_banks,Response shares (%)
Monitoring,trust_banks,2021,ordinal,monitoring-2021dlya-tipografii.pdf,d6.22,question_trend_source_cells.csv,,Distrust,51.7,,,,,,,,,,,all respondents as published,,,,,Do you trust banks?,,,,monitoring__trust_banks,Response shares (%)
Monitoring,trust_banks,2002,ordinal,monitoring-2021dlya-tipografii.pdf,d6.22,question_trend_source_cells.csv,,Undecided,28.4,,,,,,,,,,,all respondents as published,,,,,Do you trust banks?,,,,monitoring__trust_banks,Response shares (%)
Monitoring,trust_banks,2004,ordinal,monitoring-2021dlya-tipografii.pdf,d6.22,question_trend_source_cells.csv,,Undecided,28.5,,,,,,,,,,,all respondents as published,,,,,Do you trust banks?,,,,monitoring__trust_banks,Response shares (%)
Monitoring,trust_banks,2005,ordinal,monitoring-2021dlya-tipografii.pdf,d6.22,question_trend_source_cells.csv,,Undecided,32.3,,,,,,,,,,,all respondents as published,,,,,Do you trust banks?,,,,monitoring__trust_banks,Response shares (%)
Monitoring,trust_banks,2006,ordinal,monitoring-2021dlya-tipografii.pdf,d6.22,question_trend_source_cells.csv,,Undecided,33.3,,,,,,,,,,,all respondents as published,,,,,Do you trust banks?,,,,monitoring__trust_banks,Response shares (%)
Monitoring,trust_banks,2008,ordinal,monitoring-2021dlya-tipografii.pdf,d6.22,question_trend_source_cells.csv,,Undecided,31.7,,,,,,,,,,,all respondents as published,,,,,Do you trust banks?,,,,monitoring__trust_banks,Response shares (%)
Monitoring,trust_banks,2010,ordinal,monitoring-2021dlya-tipografii.pdf,d6.22,question_trend_source_cells.csv,,Undecided,22.6,,,,,,,,,,,all respondents as published,,,,,Do you trust banks?,,,,monitoring__trust_banks,Response shares (%)
Monitoring,trust_banks,2012,ordinal,monitoring-2021dlya-tipografii.pdf,d6.22,question_trend_source_cells.csv,,Undecided,25.2,,,,,,,,,,,all respondents as published,,,,,Do you trust banks?,,,,monitoring__trust_banks,Response shares (%)
Monitoring,trust_banks,2013,ordinal,monitoring-2021dlya-tipografii.pdf,d6.22,question_trend_source_cells.csv,,Undecided,24.6,,,,,,,,,,,all respondents as published,,,,,Do you trust banks?,,,,monitoring__trust_banks,Response shares (%)
Monitoring,trust_banks,2014,ordinal,monitoring-2021dlya-tipografii.pdf,d6.22,question_trend_source_cells.csv,,Undecided,28.6,,,,,,,,,,,all respondents as published,,,,,Do you trust banks?,,,,monitoring__trust_banks,Response shares (%)
Monitoring,trust_banks,2015,ordinal,monitoring-2021dlya-tipografii.pdf,d6.22,question_trend_source_cells.csv,,Undecided,20.7,,,,,,,,,,,all respondents as published,,,,,Do you trust banks?,,,,monitoring__trust_banks,Response shares (%)
Monitoring,trust_banks,2016,ordinal,monitoring-2021dlya-tipografii.pdf,d6.22,question_trend_source_cells.csv,,Undecided,18.3,,,,,,,,,,,all respondents as published,,,,,Do you trust banks?,,,,monitoring__trust_banks,Response shares (%)
Monitoring,trust_banks,2017,ordinal,monitoring-2021dlya-tipografii.pdf,d6.22,question_trend_source_cells.csv,,Undecided,18.2,,,,,,,,,,,all respondents as published,,,,,Do you trust banks?,,,,monitoring__trust_banks,Response shares (%)
Monitoring,trust_banks,2018,ordinal,monitoring-2021dlya-tipografii.pdf,d6.22,question_trend_source_cells.csv,,Undecided,22.9,,,,,,,,,,,all respondents as published,,,,,Do you trust banks?,,,,monitoring__trust_banks,Response shares (%)
Monitoring,trust_banks,2019,ordinal,monitoring-2021dlya-tipografii.pdf,d6.22,question_trend_source_cells.csv,,Undecided,26.0,,,,,,,,,,,all respondents as published,,,,,Do you trust banks?,,,,monitoring__trust_banks,Response shares (%)
Monitoring,trust_banks,2020,ordinal,monitoring-2021dlya-tipografii.pdf,d6.22,question_trend_source_cells.csv,,Undecided,29.0,,,,,,,,,,,all respondents as published,,,,,Do you trust banks?,,,,monitoring__trust_banks,Response shares (%)
Monitoring,trust_banks,2021,ordinal,monitoring-2021dlya-tipografii.pdf,d6.22,question_trend_source_cells.csv,,Undecided,31.8,,,,,,,,,,,all respondents as published,,,,,Do you trust banks?,,,,monitoring__trust_banks,Response shares (%)
Monitoring,trust_banks,2002,ordinal,monitoring-2021dlya-tipografii.pdf,d6.22,question_trend_source_cells.csv,,No answer,0.2,,,,,,,,,,,all respondents as published,,,,,Do you trust banks?,,,,monitoring__trust_banks,Response shares (%)
Monitoring,trust_banks,2004,ordinal,monitoring-2021dlya-tipografii.pdf,d6.22,question_trend_source_cells.csv,,No answer,0.2,,,,,,,,,,,all respondents as published,,,,,Do you trust banks?,,,,monitoring__trust_banks,Response shares (%)
Monitoring,trust_banks,2005,ordinal,monitoring-2021dlya-tipografii.pdf,d6.22,question_trend_source_cells.csv,,No answer,0.2,,,,,,,,,,,all respondents as published,,,,,Do you trust banks?,,,,monitoring__trust_banks,Response shares (%)
Monitoring,trust_banks,2006,ordinal,monitoring-2021dlya-tipografii.pdf,d6.22,question_trend_source_cells.csv,,No answer,0.2,,,,,,,,,,,all respondents as published,,,,,Do you trust banks?,,,,monitoring__trust_banks,Response shares (%)
Monitoring,trust_banks,2008,ordinal,monitoring-2021dlya-tipografii.pdf,d6.22,question_trend_source_cells.csv,,No answer,0.5,,,,,,,,,,,all respondents as published,,,,,Do you trust banks?,,,,monitoring__trust_banks,Response shares (%)
Monitoring,trust_banks,2010,ordinal,monitoring-2021dlya-tipografii.pdf,d6.22,question_trend_source_cells.csv,,No answer,0.2,,,,,,,,,,,all respondents as published,,,,,Do you trust banks?,,,,monitoring__trust_banks,Response shares (%)
Monitoring,trust_banks,2012,ordinal,monitoring-2021dlya-tipografii.pdf,d6.22,question_trend_source_cells.csv,,No answer,0.2,,,,,,,,,,,all respondents as published,,,,,Do you trust banks?,,,,monitoring__trust_banks,Response shares (%)
Monitoring,trust_banks,2013,ordinal,monitoring-2021dlya-tipografii.pdf,d6.22,question_trend_source_cells.csv,,No answer,0.6,,,,,,,,,,,all respondents as published,,,,,Do you trust banks?,,,,monitoring__trust_banks,Response shares (%)
Monitoring,trust_banks,2014,ordinal,monitoring-2021dlya-tipografii.pdf,d6.22,question_trend_source_cells.csv,,No answer,0.6,,,,,,,,,,,all respondents as published,,,,,Do you trust banks?,,,,monitoring__trust_banks,Response shares (%)
Monitoring,trust_banks,2015,ordinal,monitoring-2021dlya-tipografii.pdf,d6.22,question_trend_source_cells.csv,,No answer,0.8,,,,,,,,,,,all respondents as published,,,,,Do you trust banks?,,,,monitoring__trust_banks,Response shares (%)
Monitoring,trust_banks,2016,ordinal,monitoring-2021dlya-tipografii.pdf,d6.22,question_trend_source_cells.csv,,No answer,0.7,,,,,,,,,,,all respondents as published,,,,,Do you trust banks?,,,,monitoring__trust_banks,Response shares (%)
Monitoring,trust_banks,2017,ordinal,monitoring-2021dlya-tipografii.pdf,d6.22,question_trend_source_cells.csv,,No answer,0.5,,,,,,,,,,,all respondents as published,,,,,Do you trust banks?,,,,monitoring__trust_banks,Response shares (%)
Monitoring,trust_banks,2018,ordinal,monitoring-2021dlya-tipografii.pdf,d6.22,question_trend_source_cells.csv,,No answer,0.0,,,,,,,,,,,all respondents as published,,,,,Do you trust banks?,,,,monitoring__trust_banks,Response shares (%)
Monitoring,trust_banks,2019,ordinal,monitoring-2021dlya-tipografii.pdf,d6.22,question_trend_source_cells.csv,,No answer,0.0,,,,,,,,,,,all respondents as published,,,,,Do you trust banks?,,,,monitoring__trust_banks,Response shares (%)
Monitoring,trust_banks,2020,ordinal,monitoring-2021dlya-tipografii.pdf,d6.22,question_trend_source_cells.csv,,No answer,0.1,,,,,,,,,,,all respondents as published,,,,,Do you trust banks?,,,,monitoring__trust_banks,Response shares (%)
Monitoring,trust_banks,2021,ordinal,monitoring-2021dlya-tipografii.pdf,d6.22,question_trend_source_cells.csv,,No answer,0.7,,,,,,,,,,,all respondents as published,,,,,Do you trust banks?,,,,monitoring__trust_banks,Response shares (%)
Monitoring,trust_state_managers,1994,ordinal,mon2020.pdf,d6.20,question_trend_source_cells.csv,,Trust,13.9,,,,,,,,,,,all respondents as published,,,,,Do you trust managers of state enterprises?,,,,monitoring__trust_state_managers,Response shares (%)
Monitoring,trust_state_managers,1996,ordinal,mon2020.pdf,d6.20,question_trend_source_cells.csv,,Trust,12.2,,,,,,,,,,,all respondents as published,,,,,Do you trust managers of state enterprises?,,,,monitoring__trust_state_managers,Response shares (%)
Monitoring,trust_state_managers,1998,ordinal,mon2020.pdf,d6.20,question_trend_source_cells.csv,,Trust,9.4,,,,,,,,,,,all respondents as published,,,,,Do you trust managers of state enterprises?,,,,monitoring__trust_state_managers,Response shares (%)
Monitoring,trust_state_managers,2000,ordinal,mon2020.pdf,d6.20,question_trend_source_cells.csv,,Trust,12.4,,,,,,,,,,,all respondents as published,,,,,Do you trust managers of state enterprises?,,,,monitoring__trust_state_managers,Response shares (%)
Monitoring,trust_state_managers,2006,ordinal,mon2020.pdf,d6.20,question_trend_source_cells.csv,,Trust,18.3,,,,,,,,,,,all respondents as published,,,,,Do you trust managers of state enterprises?,,,,monitoring__trust_state_managers,Response shares (%)
Monitoring,trust_state_managers,2008,ordinal,mon2020.pdf,d6.20,question_trend_source_cells.csv,,Trust,18.3,,,,,,,,,,,all respondents as published,,,,,Do you trust managers of state enterprises?,,,,monitoring__trust_state_managers,Response shares (%)
Monitoring,trust_state_managers,2010,ordinal,mon2020.pdf,d6.20,question_trend_source_cells.csv,,Trust,14.4,,,,,,,,,,,all respondents as published,,,,,Do you trust managers of state enterprises?,,,,monitoring__trust_state_managers,Response shares (%)
Monitoring,trust_state_managers,2012,ordinal,mon2020.pdf,d6.20,question_trend_source_cells.csv,,Trust,11.7,,,,,,,,,,,all respondents as published,,,,,Do you trust managers of state enterprises?,,,,monitoring__trust_state_managers,Response shares (%)
Monitoring,trust_state_managers,2013,ordinal,mon2020.pdf,d6.20,question_trend_source_cells.csv,,Trust,11.7,,,,,,,,,,,all respondents as published,,,,,Do you trust managers of state enterprises?,,,,monitoring__trust_state_managers,Response shares (%)
Monitoring,trust_state_managers,2014,ordinal,mon2020.pdf,d6.20,question_trend_source_cells.csv,,Trust,9.7,,,,,,,,,,,all respondents as published,,,,,Do you trust managers of state enterprises?,,,,monitoring__trust_state_managers,Response shares (%)
Monitoring,trust_state_managers,2015,ordinal,mon2020.pdf,d6.20,question_trend_source_cells.csv,,Trust,11.8,,,,,,,,,,,all respondents as published,,,,,Do you trust managers of state enterprises?,,,,monitoring__trust_state_managers,Response shares (%)
Monitoring,trust_state_managers,2020,ordinal,mon2020.pdf,d6.20,question_trend_source_cells.csv,,Trust,11.2,,,,,,,,,,,all respondents as published,,,,,Do you trust managers of state enterprises?,,,,monitoring__trust_state_managers,Response shares (%)
Monitoring,trust_state_managers,1994,ordinal,mon2020.pdf,d6.20,question_trend_source_cells.csv,,Distrust,42.1,,,,,,,,,,,all respondents as published,,,,,Do you trust managers of state enterprises?,,,,monitoring__trust_state_managers,Response shares (%)
Monitoring,trust_state_managers,1996,ordinal,mon2020.pdf,d6.20,question_trend_source_cells.csv,,Distrust,51.0,,,,,,,,,,,all respondents as published,,,,,Do you trust managers of state enterprises?,,,,monitoring__trust_state_managers,Response shares (%)
Monitoring,trust_state_managers,1998,ordinal,mon2020.pdf,d6.20,question_trend_source_cells.csv,,Distrust,52.1,,,,,,,,,,,all respondents as published,,,,,Do you trust managers of state enterprises?,,,,monitoring__trust_state_managers,Response shares (%)
Monitoring,trust_state_managers,2000,ordinal,mon2020.pdf,d6.20,question_trend_source_cells.csv,,Distrust,46.8,,,,,,,,,,,all respondents as published,,,,,Do you trust managers of state enterprises?,,,,monitoring__trust_state_managers,Response shares (%)
Monitoring,trust_state_managers,2006,ordinal,mon2020.pdf,d6.20,question_trend_source_cells.csv,,Distrust,37.1,,,,,,,,,,,all respondents as published,,,,,Do you trust managers of state enterprises?,,,,monitoring__trust_state_managers,Response shares (%)
Monitoring,trust_state_managers,2008,ordinal,mon2020.pdf,d6.20,question_trend_source_cells.csv,,Distrust,40.0,,,,,,,,,,,all respondents as published,,,,,Do you trust managers of state enterprises?,,,,monitoring__trust_state_managers,Response shares (%)
Monitoring,trust_state_managers,2010,ordinal,mon2020.pdf,d6.20,question_trend_source_cells.csv,,Distrust,42.0,,,,,,,,,,,all respondents as published,,,,,Do you trust managers of state enterprises?,,,,monitoring__trust_state_managers,Response shares (%)
Monitoring,trust_state_managers,2012,ordinal,mon2020.pdf,d6.20,question_trend_source_cells.csv,,Distrust,47.8,,,,,,,,,,,all respondents as published,,,,,Do you trust managers of state enterprises?,,,,monitoring__trust_state_managers,Response shares (%)
Monitoring,trust_state_managers,2013,ordinal,mon2020.pdf,d6.20,question_trend_source_cells.csv,,Distrust,52.1,,,,,,,,,,,all respondents as published,,,,,Do you trust managers of state enterprises?,,,,monitoring__trust_state_managers,Response shares (%)
Monitoring,trust_state_managers,2014,ordinal,mon2020.pdf,d6.20,question_trend_source_cells.csv,,Distrust,45.900000000000006,,,,,,,,,,,all respondents as published,,,,,Do you trust managers of state enterprises?,,,,monitoring__trust_state_managers,Response shares (%)
Monitoring,trust_state_managers,2015,ordinal,mon2020.pdf,d6.20,question_trend_source_cells.csv,,Distrust,50.0,,,,,,,,,,,all respondents as published,,,,,Do you trust managers of state enterprises?,,,,monitoring__trust_state_managers,Response shares (%)
Monitoring,trust_state_managers,2020,ordinal,mon2020.pdf,d6.20,question_trend_source_cells.csv,,Distrust,42.3,,,,,,,,,,,all respondents as published,,,,,Do you trust managers of state enterprises?,,,,monitoring__trust_state_managers,Response shares (%)
Monitoring,trust_state_managers,1994,ordinal,mon2020.pdf,d6.20,question_trend_source_cells.csv,,Undecided,39.8,,,,,,,,,,,all respondents as published,,,,,Do you trust managers of state enterprises?,,,,monitoring__trust_state_managers,Response shares (%)
Monitoring,trust_state_managers,1996,ordinal,mon2020.pdf,d6.20,question_trend_source_cells.csv,,Undecided,36.9,,,,,,,,,,,all respondents as published,,,,,Do you trust managers of state enterprises?,,,,monitoring__trust_state_managers,Response shares (%)
Monitoring,trust_state_managers,1998,ordinal,mon2020.pdf,d6.20,question_trend_source_cells.csv,,Undecided,37.6,,,,,,,,,,,all respondents as published,,,,,Do you trust managers of state enterprises?,,,,monitoring__trust_state_managers,Response shares (%)
Monitoring,trust_state_managers,2000,ordinal,mon2020.pdf,d6.20,question_trend_source_cells.csv,,Undecided,40.2,,,,,,,,,,,all respondents as published,,,,,Do you trust managers of state enterprises?,,,,monitoring__trust_state_managers,Response shares (%)
Monitoring,trust_state_managers,2006,ordinal,mon2020.pdf,d6.20,question_trend_source_cells.csv,,Undecided,44.6,,,,,,,,,,,all respondents as published,,,,,Do you trust managers of state enterprises?,,,,monitoring__trust_state_managers,Response shares (%)
Monitoring,trust_state_managers,2008,ordinal,mon2020.pdf,d6.20,question_trend_source_cells.csv,,Undecided,41.5,,,,,,,,,,,all respondents as published,,,,,Do you trust managers of state enterprises?,,,,monitoring__trust_state_managers,Response shares (%)
Monitoring,trust_state_managers,2010,ordinal,mon2020.pdf,d6.20,question_trend_source_cells.csv,,Undecided,43.6,,,,,,,,,,,all respondents as published,,,,,Do you trust managers of state enterprises?,,,,monitoring__trust_state_managers,Response shares (%)
Monitoring,trust_state_managers,2012,ordinal,mon2020.pdf,d6.20,question_trend_source_cells.csv,,Undecided,40.2,,,,,,,,,,,all respondents as published,,,,,Do you trust managers of state enterprises?,,,,monitoring__trust_state_managers,Response shares (%)
Monitoring,trust_state_managers,2013,ordinal,mon2020.pdf,d6.20,question_trend_source_cells.csv,,Undecided,36.0,,,,,,,,,,,all respondents as published,,,,,Do you trust managers of state enterprises?,,,,monitoring__trust_state_managers,Response shares (%)
Monitoring,trust_state_managers,2014,ordinal,mon2020.pdf,d6.20,question_trend_source_cells.csv,,Undecided,44.3,,,,,,,,,,,all respondents as published,,,,,Do you trust managers of state enterprises?,,,,monitoring__trust_state_managers,Response shares (%)
Monitoring,trust_state_managers,2015,ordinal,mon2020.pdf,d6.20,question_trend_source_cells.csv,,Undecided,37.5,,,,,,,,,,,all respondents as published,,,,,Do you trust managers of state enterprises?,,,,monitoring__trust_state_managers,Response shares (%)
Monitoring,trust_state_managers,2020,ordinal,mon2020.pdf,d6.20,question_trend_source_cells.csv,,Undecided,46.4,,,,,,,,,,,all respondents as published,,,,,Do you trust managers of state enterprises?,,,,monitoring__trust_state_managers,Response shares (%)
Monitoring,trust_state_managers,1994,ordinal,mon2020.pdf,d6.20,question_trend_source_cells.csv,,No answer,4.2,,,,,,,,,,,all respondents as published,,,,,Do you trust managers of state enterprises?,,,,monitoring__trust_state_managers,Response shares (%)
Monitoring,trust_state_managers,1996,ordinal,mon2020.pdf,d6.20,question_trend_source_cells.csv,,No answer,0.0,,,,,,,,,,,all respondents as published,,,,,Do you trust managers of state enterprises?,,,,monitoring__trust_state_managers,Response shares (%)
Monitoring,trust_state_managers,1998,ordinal,mon2020.pdf,d6.20,question_trend_source_cells.csv,,No answer,0.9,,,,,,,,,,,all respondents as published,,,,,Do you trust managers of state enterprises?,,,,monitoring__trust_state_managers,Response shares (%)
Monitoring,trust_state_managers,2000,ordinal,mon2020.pdf,d6.20,question_trend_source_cells.csv,,No answer,0.6,,,,,,,,,,,all respondents as published,,,,,Do you trust managers of state enterprises?,,,,monitoring__trust_state_managers,Response shares (%)
Monitoring,trust_state_managers,2006,ordinal,mon2020.pdf,d6.20,question_trend_source_cells.csv,,No answer,0.1,,,,,,,,,,,all respondents as published,,,,,Do you trust managers of state enterprises?,,,,monitoring__trust_state_managers,Response shares (%)
Monitoring,trust_state_managers,2008,ordinal,mon2020.pdf,d6.20,question_trend_source_cells.csv,,No answer,0.2,,,,,,,,,,,all respondents as published,,,,,Do you trust managers of state enterprises?,,,,monitoring__trust_state_managers,Response shares (%)
Monitoring,trust_state_managers,2010,ordinal,mon2020.pdf,d6.20,question_trend_source_cells.csv,,No answer,0.1,,,,,,,,,,,all respondents as published,,,,,Do you trust managers of state enterprises?,,,,monitoring__trust_state_managers,Response shares (%)
Monitoring,trust_state_managers,2012,ordinal,mon2020.pdf,d6.20,question_trend_source_cells.csv,,No answer,0.3,,,,,,,,,,,all respondents as published,,,,,Do you trust managers of state enterprises?,,,,monitoring__trust_state_managers,Response shares (%)
Monitoring,trust_state_managers,2013,ordinal,mon2020.pdf,d6.20,question_trend_source_cells.csv,,No answer,0.3,,,,,,,,,,,all respondents as published,,,,,Do you trust managers of state enterprises?,,,,monitoring__trust_state_managers,Response shares (%)
Monitoring,trust_state_managers,2014,ordinal,mon2020.pdf,d6.20,question_trend_source_cells.csv,,No answer,0.2,,,,,,,,,,,all respondents as published,,,,,Do you trust managers of state enterprises?,,,,monitoring__trust_state_managers,Response shares (%)
Monitoring,trust_state_managers,2015,ordinal,mon2020.pdf,d6.20,question_trend_source_cells.csv,,No answer,0.7,,,,,,,,,,,all respondents as published,,,,,Do you trust managers of state enterprises?,,,,monitoring__trust_state_managers,Response shares (%)
Monitoring,trust_state_managers,2020,ordinal,mon2020.pdf,d6.20,question_trend_source_cells.csv,,No answer,0.1,,,,,,,,,,,all respondents as published,,,,,Do you trust managers of state enterprises?,,,,monitoring__trust_state_managers,Response shares (%)
Monitoring,trust_tax_authority,2004,ordinal,monitoring-2021dlya-tipografii.pdf,d6.8,question_trend_source_cells.csv,,Trust,10.5,,,,,,,,,,,all respondents as published,,,,,Do you trust the tax authority?,,,,monitoring__trust_tax_authority,Response shares (%)
Monitoring,trust_tax_authority,2006,ordinal,monitoring-2021dlya-tipografii.pdf,d6.8,question_trend_source_cells.csv,,Trust,12.3,,,,,,,,,,,all respondents as published,,,,,Do you trust the tax authority?,,,,monitoring__trust_tax_authority,Response shares (%)
Monitoring,trust_tax_authority,2008,ordinal,monitoring-2021dlya-tipografii.pdf,d6.8,question_trend_source_cells.csv,,Trust,13.1,,,,,,,,,,,all respondents as published,,,,,Do you trust the tax authority?,,,,monitoring__trust_tax_authority,Response shares (%)
Monitoring,trust_tax_authority,2010,ordinal,monitoring-2021dlya-tipografii.pdf,d6.8,question_trend_source_cells.csv,,Trust,9.4,,,,,,,,,,,all respondents as published,,,,,Do you trust the tax authority?,,,,monitoring__trust_tax_authority,Response shares (%)
Monitoring,trust_tax_authority,2012,ordinal,monitoring-2021dlya-tipografii.pdf,d6.8,question_trend_source_cells.csv,,Trust,8.0,,,,,,,,,,,all respondents as published,,,,,Do you trust the tax authority?,,,,monitoring__trust_tax_authority,Response shares (%)
Monitoring,trust_tax_authority,2013,ordinal,monitoring-2021dlya-tipografii.pdf,d6.8,question_trend_source_cells.csv,,Trust,7.7,,,,,,,,,,,all respondents as published,,,,,Do you trust the tax authority?,,,,monitoring__trust_tax_authority,Response shares (%)
Monitoring,trust_tax_authority,2014,ordinal,monitoring-2021dlya-tipografii.pdf,d6.8,question_trend_source_cells.csv,,Trust,5.7,,,,,,,,,,,all respondents as published,,,,,Do you trust the tax authority?,,,,monitoring__trust_tax_authority,Response shares (%)
Monitoring,trust_tax_authority,2015,ordinal,monitoring-2021dlya-tipografii.pdf,d6.8,question_trend_source_cells.csv,,Trust,6.4,,,,,,,,,,,all respondents as published,,,,,Do you trust the tax authority?,,,,monitoring__trust_tax_authority,Response shares (%)
Monitoring,trust_tax_authority,2016,ordinal,monitoring-2021dlya-tipografii.pdf,d6.8,question_trend_source_cells.csv,,Trust,9.1,,,,,,,,,,,all respondents as published,,,,,Do you trust the tax authority?,,,,monitoring__trust_tax_authority,Response shares (%)
Monitoring,trust_tax_authority,2018,ordinal,monitoring-2021dlya-tipografii.pdf,d6.8,question_trend_source_cells.csv,,Trust,8.7,,,,,,,,,,,all respondents as published,,,,,Do you trust the tax authority?,,,,monitoring__trust_tax_authority,Response shares (%)
Monitoring,trust_tax_authority,2021,ordinal,monitoring-2021dlya-tipografii.pdf,d6.8,question_trend_source_cells.csv,,Trust,20.7,,,,,,,,,,,all respondents as published,,,,,Do you trust the tax authority?,,,,monitoring__trust_tax_authority,Response shares (%)
Monitoring,trust_tax_authority,2004,ordinal,monitoring-2021dlya-tipografii.pdf,d6.8,question_trend_source_cells.csv,,Distrust,53.6,,,,,,,,,,,all respondents as published,,,,,Do you trust the tax authority?,,,,monitoring__trust_tax_authority,Response shares (%)
Monitoring,trust_tax_authority,2006,ordinal,monitoring-2021dlya-tipografii.pdf,d6.8,question_trend_source_cells.csv,,Distrust,48.6,,,,,,,,,,,all respondents as published,,,,,Do you trust the tax authority?,,,,monitoring__trust_tax_authority,Response shares (%)
Monitoring,trust_tax_authority,2008,ordinal,monitoring-2021dlya-tipografii.pdf,d6.8,question_trend_source_cells.csv,,Distrust,45.1,,,,,,,,,,,all respondents as published,,,,,Do you trust the tax authority?,,,,monitoring__trust_tax_authority,Response shares (%)
Monitoring,trust_tax_authority,2010,ordinal,monitoring-2021dlya-tipografii.pdf,d6.8,question_trend_source_cells.csv,,Distrust,49.3,,,,,,,,,,,all respondents as published,,,,,Do you trust the tax authority?,,,,monitoring__trust_tax_authority,Response shares (%)
Monitoring,trust_tax_authority,2012,ordinal,monitoring-2021dlya-tipografii.pdf,d6.8,question_trend_source_cells.csv,,Distrust,59.3,,,,,,,,,,,all respondents as published,,,,,Do you trust the tax authority?,,,,monitoring__trust_tax_authority,Response shares (%)
Monitoring,trust_tax_authority,2013,ordinal,monitoring-2021dlya-tipografii.pdf,d6.8,question_trend_source_cells.csv,,Distrust,61.6,,,,,,,,,,,all respondents as published,,,,,Do you trust the tax authority?,,,,monitoring__trust_tax_authority,Response shares (%)
Monitoring,trust_tax_authority,2014,ordinal,monitoring-2021dlya-tipografii.pdf,d6.8,question_trend_source_cells.csv,,Distrust,59.2,,,,,,,,,,,all respondents as published,,,,,Do you trust the tax authority?,,,,monitoring__trust_tax_authority,Response shares (%)
Monitoring,trust_tax_authority,2015,ordinal,monitoring-2021dlya-tipografii.pdf,d6.8,question_trend_source_cells.csv,,Distrust,68.1,,,,,,,,,,,all respondents as published,,,,,Do you trust the tax authority?,,,,monitoring__trust_tax_authority,Response shares (%)
Monitoring,trust_tax_authority,2016,ordinal,monitoring-2021dlya-tipografii.pdf,d6.8,question_trend_source_cells.csv,,Distrust,61.6,,,,,,,,,,,all respondents as published,,,,,Do you trust the tax authority?,,,,monitoring__trust_tax_authority,Response shares (%)
Monitoring,trust_tax_authority,2018,ordinal,monitoring-2021dlya-tipografii.pdf,d6.8,question_trend_source_cells.csv,,Distrust,60.5,,,,,,,,,,,all respondents as published,,,,,Do you trust the tax authority?,,,,monitoring__trust_tax_authority,Response shares (%)
Monitoring,trust_tax_authority,2021,ordinal,monitoring-2021dlya-tipografii.pdf,d6.8,question_trend_source_cells.csv,,Distrust,38.6,,,,,,,,,,,all respondents as published,,,,,Do you trust the tax authority?,,,,monitoring__trust_tax_authority,Response shares (%)
Monitoring,trust_tax_authority,2004,ordinal,monitoring-2021dlya-tipografii.pdf,d6.8,question_trend_source_cells.csv,,Undecided,35.6,,,,,,,,,,,all respondents as published,,,,,Do you trust the tax authority?,,,,monitoring__trust_tax_authority,Response shares (%)
Monitoring,trust_tax_authority,2006,ordinal,monitoring-2021dlya-tipografii.pdf,d6.8,question_trend_source_cells.csv,,Undecided,39.0,,,,,,,,,,,all respondents as published,,,,,Do you trust the tax authority?,,,,monitoring__trust_tax_authority,Response shares (%)
Monitoring,trust_tax_authority,2008,ordinal,monitoring-2021dlya-tipografii.pdf,d6.8,question_trend_source_cells.csv,,Undecided,41.6,,,,,,,,,,,all respondents as published,,,,,Do you trust the tax authority?,,,,monitoring__trust_tax_authority,Response shares (%)
Monitoring,trust_tax_authority,2010,ordinal,monitoring-2021dlya-tipografii.pdf,d6.8,question_trend_source_cells.csv,,Undecided,41.2,,,,,,,,,,,all respondents as published,,,,,Do you trust the tax authority?,,,,monitoring__trust_tax_authority,Response shares (%)
Monitoring,trust_tax_authority,2012,ordinal,monitoring-2021dlya-tipografii.pdf,d6.8,question_trend_source_cells.csv,,Undecided,32.5,,,,,,,,,,,all respondents as published,,,,,Do you trust the tax authority?,,,,monitoring__trust_tax_authority,Response shares (%)
Monitoring,trust_tax_authority,2013,ordinal,monitoring-2021dlya-tipografii.pdf,d6.8,question_trend_source_cells.csv,,Undecided,30.4,,,,,,,,,,,all respondents as published,,,,,Do you trust the tax authority?,,,,monitoring__trust_tax_authority,Response shares (%)
Monitoring,trust_tax_authority,2014,ordinal,monitoring-2021dlya-tipografii.pdf,d6.8,question_trend_source_cells.csv,,Undecided,35.0,,,,,,,,,,,all respondents as published,,,,,Do you trust the tax authority?,,,,monitoring__trust_tax_authority,Response shares (%)
Monitoring,trust_tax_authority,2015,ordinal,monitoring-2021dlya-tipografii.pdf,d6.8,question_trend_source_cells.csv,,Undecided,24.9,,,,,,,,,,,all respondents as published,,,,,Do you trust the tax authority?,,,,monitoring__trust_tax_authority,Response shares (%)
Monitoring,trust_tax_authority,2016,ordinal,monitoring-2021dlya-tipografii.pdf,d6.8,question_trend_source_cells.csv,,Undecided,29.3,,,,,,,,,,,all respondents as published,,,,,Do you trust the tax authority?,,,,monitoring__trust_tax_authority,Response shares (%)
Monitoring,trust_tax_authority,2018,ordinal,monitoring-2021dlya-tipografii.pdf,d6.8,question_trend_source_cells.csv,,Undecided,30.8,,,,,,,,,,,all respondents as published,,,,,Do you trust the tax authority?,,,,monitoring__trust_tax_authority,Response shares (%)
Monitoring,trust_tax_authority,2021,ordinal,monitoring-2021dlya-tipografii.pdf,d6.8,question_trend_source_cells.csv,,Undecided,40.2,,,,,,,,,,,all respondents as published,,,,,Do you trust the tax authority?,,,,monitoring__trust_tax_authority,Response shares (%)
Monitoring,trust_tax_authority,2004,ordinal,monitoring-2021dlya-tipografii.pdf,d6.8,question_trend_source_cells.csv,,No answer,0.3,,,,,,,,,,,all respondents as published,,,,,Do you trust the tax authority?,,,,monitoring__trust_tax_authority,Response shares (%)
Monitoring,trust_tax_authority,2006,ordinal,monitoring-2021dlya-tipografii.pdf,d6.8,question_trend_source_cells.csv,,No answer,0.1,,,,,,,,,,,all respondents as published,,,,,Do you trust the tax authority?,,,,monitoring__trust_tax_authority,Response shares (%)
Monitoring,trust_tax_authority,2008,ordinal,monitoring-2021dlya-tipografii.pdf,d6.8,question_trend_source_cells.csv,,No answer,0.2,,,,,,,,,,,all respondents as published,,,,,Do you trust the tax authority?,,,,monitoring__trust_tax_authority,Response shares (%)
Monitoring,trust_tax_authority,2010,ordinal,monitoring-2021dlya-tipografii.pdf,d6.8,question_trend_source_cells.csv,,No answer,0.2,,,,,,,,,,,all respondents as published,,,,,Do you trust the tax authority?,,,,monitoring__trust_tax_authority,Response shares (%)
Monitoring,trust_tax_authority,2012,ordinal,monitoring-2021dlya-tipografii.pdf,d6.8,question_trend_source_cells.csv,,No answer,0.2,,,,,,,,,,,all respondents as published,,,,,Do you trust the tax authority?,,,,monitoring__trust_tax_authority,Response shares (%)
Monitoring,trust_tax_authority,2013,ordinal,monitoring-2021dlya-tipografii.pdf,d6.8,question_trend_source_cells.csv,,No answer,0.4,,,,,,,,,,,all respondents as published,,,,,Do you trust the tax authority?,,,,monitoring__trust_tax_authority,Response shares (%)
Monitoring,trust_tax_authority,2014,ordinal,monitoring-2021dlya-tipografii.pdf,d6.8,question_trend_source_cells.csv,,No answer,0.1,,,,,,,,,,,all respondents as published,,,,,Do you trust the tax authority?,,,,monitoring__trust_tax_authority,Response shares (%)
Monitoring,trust_tax_authority,2015,ordinal,monitoring-2021dlya-tipografii.pdf,d6.8,question_trend_source_cells.csv,,No answer,0.7,,,,,,,,,,,all respondents as published,,,,,Do you trust the tax authority?,,,,monitoring__trust_tax_authority,Response shares (%)
Monitoring,trust_tax_authority,2016,ordinal,monitoring-2021dlya-tipografii.pdf,d6.8,question_trend_source_cells.csv,,No answer,0.0,,,,,,,,,,,all respondents as published,,,,,Do you trust the tax authority?,,,,monitoring__trust_tax_authority,Response shares (%)
Monitoring,trust_tax_authority,2018,ordinal,monitoring-2021dlya-tipografii.pdf,d6.8,question_trend_source_cells.csv,,No answer,0.0,,,,,,,,,,,all respondents as published,,,,,Do you trust the tax authority?,,,,monitoring__trust_tax_authority,Response shares (%)
Monitoring,trust_tax_authority,2021,ordinal,monitoring-2021dlya-tipografii.pdf,d6.8,question_trend_source_cells.csv,,No answer,0.5,,,,,,,,,,,all respondents as published,,,,,Do you trust the tax authority?,,,,monitoring__trust_tax_authority,Response shares (%)
Monitoring,trust_unions,2002,ordinal,monitoring-2021dlya-tipografii.pdf,d6.17,question_trend_source_cells.csv,,Trust,17.3,,,,,,,,,,,all respondents as published,,,,,Do you trust trade unions?,,,,monitoring__trust_unions,Response shares (%)
Monitoring,trust_unions,2004,ordinal,monitoring-2021dlya-tipografii.pdf,d6.17,question_trend_source_cells.csv,,Trust,17.1,,,,,,,,,,,all respondents as published,,,,,Do you trust trade unions?,,,,monitoring__trust_unions,Response shares (%)
Monitoring,trust_unions,2005,ordinal,monitoring-2021dlya-tipografii.pdf,d6.17,question_trend_source_cells.csv,,Trust,19.4,,,,,,,,,,,all respondents as published,,,,,Do you trust trade unions?,,,,monitoring__trust_unions,Response shares (%)
Monitoring,trust_unions,2006,ordinal,monitoring-2021dlya-tipografii.pdf,d6.17,question_trend_source_cells.csv,,Trust,15.7,,,,,,,,,,,all respondents as published,,,,,Do you trust trade unions?,,,,monitoring__trust_unions,Response shares (%)
Monitoring,trust_unions,2008,ordinal,monitoring-2021dlya-tipografii.pdf,d6.17,question_trend_source_cells.csv,,Trust,17.0,,,,,,,,,,,all respondents as published,,,,,Do you trust trade unions?,,,,monitoring__trust_unions,Response shares (%)
Monitoring,trust_unions,2010,ordinal,monitoring-2021dlya-tipografii.pdf,d6.17,question_trend_source_cells.csv,,Trust,15.8,,,,,,,,,,,all respondents as published,,,,,Do you trust trade unions?,,,,monitoring__trust_unions,Response shares (%)
Monitoring,trust_unions,2012,ordinal,monitoring-2021dlya-tipografii.pdf,d6.17,question_trend_source_cells.csv,,Trust,14.7,,,,,,,,,,,all respondents as published,,,,,Do you trust trade unions?,,,,monitoring__trust_unions,Response shares (%)
Monitoring,trust_unions,2013,ordinal,monitoring-2021dlya-tipografii.pdf,d6.17,question_trend_source_cells.csv,,Trust,15.0,,,,,,,,,,,all respondents as published,,,,,Do you trust trade unions?,,,,monitoring__trust_unions,Response shares (%)
Monitoring,trust_unions,2014,ordinal,monitoring-2021dlya-tipografii.pdf,d6.17,question_trend_source_cells.csv,,Trust,12.1,,,,,,,,,,,all respondents as published,,,,,Do you trust trade unions?,,,,monitoring__trust_unions,Response shares (%)
Monitoring,trust_unions,2015,ordinal,monitoring-2021dlya-tipografii.pdf,d6.17,question_trend_source_cells.csv,,Trust,16.7,,,,,,,,,,,all respondents as published,,,,,Do you trust trade unions?,,,,monitoring__trust_unions,Response shares (%)
Monitoring,trust_unions,2016,ordinal,monitoring-2021dlya-tipografii.pdf,d6.17,question_trend_source_cells.csv,,Trust,19.7,,,,,,,,,,,all respondents as published,,,,,Do you trust trade unions?,,,,monitoring__trust_unions,Response shares (%)
Monitoring,trust_unions,2017,ordinal,monitoring-2021dlya-tipografii.pdf,d6.17,question_trend_source_cells.csv,,Trust,23.3,,,,,,,,,,,all respondents as published,,,,,Do you trust trade unions?,,,,monitoring__trust_unions,Response shares (%)
Monitoring,trust_unions,2018,ordinal,monitoring-2021dlya-tipografii.pdf,d6.17,question_trend_source_cells.csv,,Trust,17.0,,,,,,,,,,,all respondents as published,,,,,Do you trust trade unions?,,,,monitoring__trust_unions,Response shares (%)
Monitoring,trust_unions,2019,ordinal,monitoring-2021dlya-tipografii.pdf,d6.17,question_trend_source_cells.csv,,Trust,23.3,,,,,,,,,,,all respondents as published,,,,,Do you trust trade unions?,,,,monitoring__trust_unions,Response shares (%)
Monitoring,trust_unions,2020,ordinal,monitoring-2021dlya-tipografii.pdf,d6.17,question_trend_source_cells.csv,,Trust,15.7,,,,,,,,,,,all respondents as published,,,,,Do you trust trade unions?,,,,monitoring__trust_unions,Response shares (%)
Monitoring,trust_unions,2021,ordinal,monitoring-2021dlya-tipografii.pdf,d6.17,question_trend_source_cells.csv,,Trust,15.6,,,,,,,,,,,all respondents as published,,,,,Do you trust trade unions?,,,,monitoring__trust_unions,Response shares (%)
Monitoring,trust_unions,2002,ordinal,monitoring-2021dlya-tipografii.pdf,d6.17,question_trend_source_cells.csv,,Distrust,42.4,,,,,,,,,,,all respondents as published,,,,,Do you trust trade unions?,,,,monitoring__trust_unions,Response shares (%)
Monitoring,trust_unions,2004,ordinal,monitoring-2021dlya-tipografii.pdf,d6.17,question_trend_source_cells.csv,,Distrust,41.6,,,,,,,,,,,all respondents as published,,,,,Do you trust trade unions?,,,,monitoring__trust_unions,Response shares (%)
Monitoring,trust_unions,2005,ordinal,monitoring-2021dlya-tipografii.pdf,d6.17,question_trend_source_cells.csv,,Distrust,36.7,,,,,,,,,,,all respondents as published,,,,,Do you trust trade unions?,,,,monitoring__trust_unions,Response shares (%)
Monitoring,trust_unions,2006,ordinal,monitoring-2021dlya-tipografii.pdf,d6.17,question_trend_source_cells.csv,,Distrust,40.4,,,,,,,,,,,all respondents as published,,,,,Do you trust trade unions?,,,,monitoring__trust_unions,Response shares (%)
Monitoring,trust_unions,2008,ordinal,monitoring-2021dlya-tipografii.pdf,d6.17,question_trend_source_cells.csv,,Distrust,43.0,,,,,,,,,,,all respondents as published,,,,,Do you trust trade unions?,,,,monitoring__trust_unions,Response shares (%)
Monitoring,trust_unions,2010,ordinal,monitoring-2021dlya-tipografii.pdf,d6.17,question_trend_source_cells.csv,,Distrust,43.400000000000006,,,,,,,,,,,all respondents as published,,,,,Do you trust trade unions?,,,,monitoring__trust_unions,Response shares (%)
Monitoring,trust_unions,2012,ordinal,monitoring-2021dlya-tipografii.pdf,d6.17,question_trend_source_cells.csv,,Distrust,47.2,,,,,,,,,,,all respondents as published,,,,,Do you trust trade unions?,,,,monitoring__trust_unions,Response shares (%)
Monitoring,trust_unions,2013,ordinal,monitoring-2021dlya-tipografii.pdf,d6.17,question_trend_source_cells.csv,,Distrust,48.3,,,,,,,,,,,all respondents as published,,,,,Do you trust trade unions?,,,,monitoring__trust_unions,Response shares (%)
Monitoring,trust_unions,2014,ordinal,monitoring-2021dlya-tipografii.pdf,d6.17,question_trend_source_cells.csv,,Distrust,49.0,,,,,,,,,,,all respondents as published,,,,,Do you trust trade unions?,,,,monitoring__trust_unions,Response shares (%)
Monitoring,trust_unions,2015,ordinal,monitoring-2021dlya-tipografii.pdf,d6.17,question_trend_source_cells.csv,,Distrust,50.1,,,,,,,,,,,all respondents as published,,,,,Do you trust trade unions?,,,,monitoring__trust_unions,Response shares (%)
Monitoring,trust_unions,2016,ordinal,monitoring-2021dlya-tipografii.pdf,d6.17,question_trend_source_cells.csv,,Distrust,45.900000000000006,,,,,,,,,,,all respondents as published,,,,,Do you trust trade unions?,,,,monitoring__trust_unions,Response shares (%)
Monitoring,trust_unions,2017,ordinal,monitoring-2021dlya-tipografii.pdf,d6.17,question_trend_source_cells.csv,,Distrust,43.6,,,,,,,,,,,all respondents as published,,,,,Do you trust trade unions?,,,,monitoring__trust_unions,Response shares (%)
Monitoring,trust_unions,2018,ordinal,monitoring-2021dlya-tipografii.pdf,d6.17,question_trend_source_cells.csv,,Distrust,48.7,,,,,,,,,,,all respondents as published,,,,,Do you trust trade unions?,,,,monitoring__trust_unions,Response shares (%)
Monitoring,trust_unions,2019,ordinal,monitoring-2021dlya-tipografii.pdf,d6.17,question_trend_source_cells.csv,,Distrust,40.7,,,,,,,,,,,all respondents as published,,,,,Do you trust trade unions?,,,,monitoring__trust_unions,Response shares (%)
Monitoring,trust_unions,2020,ordinal,monitoring-2021dlya-tipografii.pdf,d6.17,question_trend_source_cells.csv,,Distrust,38.6,,,,,,,,,,,all respondents as published,,,,,Do you trust trade unions?,,,,monitoring__trust_unions,Response shares (%)
Monitoring,trust_unions,2021,ordinal,monitoring-2021dlya-tipografii.pdf,d6.17,question_trend_source_cells.csv,,Distrust,40.7,,,,,,,,,,,all respondents as published,,,,,Do you trust trade unions?,,,,monitoring__trust_unions,Response shares (%)
Monitoring,trust_unions,2002,ordinal,monitoring-2021dlya-tipografii.pdf,d6.17,question_trend_source_cells.csv,,Undecided,40.0,,,,,,,,,,,all respondents as published,,,,,Do you trust trade unions?,,,,monitoring__trust_unions,Response shares (%)
Monitoring,trust_unions,2004,ordinal,monitoring-2021dlya-tipografii.pdf,d6.17,question_trend_source_cells.csv,,Undecided,40.8,,,,,,,,,,,all respondents as published,,,,,Do you trust trade unions?,,,,monitoring__trust_unions,Response shares (%)
Monitoring,trust_unions,2005,ordinal,monitoring-2021dlya-tipografii.pdf,d6.17,question_trend_source_cells.csv,,Undecided,43.7,,,,,,,,,,,all respondents as published,,,,,Do you trust trade unions?,,,,monitoring__trust_unions,Response shares (%)
Monitoring,trust_unions,2006,ordinal,monitoring-2021dlya-tipografii.pdf,d6.17,question_trend_source_cells.csv,,Undecided,43.9,,,,,,,,,,,all respondents as published,,,,,Do you trust trade unions?,,,,monitoring__trust_unions,Response shares (%)
Monitoring,trust_unions,2008,ordinal,monitoring-2021dlya-tipografii.pdf,d6.17,question_trend_source_cells.csv,,Undecided,39.9,,,,,,,,,,,all respondents as published,,,,,Do you trust trade unions?,,,,monitoring__trust_unions,Response shares (%)
Monitoring,trust_unions,2010,ordinal,monitoring-2021dlya-tipografii.pdf,d6.17,question_trend_source_cells.csv,,Undecided,40.5,,,,,,,,,,,all respondents as published,,,,,Do you trust trade unions?,,,,monitoring__trust_unions,Response shares (%)
Monitoring,trust_unions,2012,ordinal,monitoring-2021dlya-tipografii.pdf,d6.17,question_trend_source_cells.csv,,Undecided,37.7,,,,,,,,,,,all respondents as published,,,,,Do you trust trade unions?,,,,monitoring__trust_unions,Response shares (%)
Monitoring,trust_unions,2013,ordinal,monitoring-2021dlya-tipografii.pdf,d6.17,question_trend_source_cells.csv,,Undecided,36.2,,,,,,,,,,,all respondents as published,,,,,Do you trust trade unions?,,,,monitoring__trust_unions,Response shares (%)
Monitoring,trust_unions,2014,ordinal,monitoring-2021dlya-tipografii.pdf,d6.17,question_trend_source_cells.csv,,Undecided,38.6,,,,,,,,,,,all respondents as published,,,,,Do you trust trade unions?,,,,monitoring__trust_unions,Response shares (%)
Monitoring,trust_unions,2015,ordinal,monitoring-2021dlya-tipografii.pdf,d6.17,question_trend_source_cells.csv,,Undecided,32.5,,,,,,,,,,,all respondents as published,,,,,Do you trust trade unions?,,,,monitoring__trust_unions,Response shares (%)
Monitoring,trust_unions,2016,ordinal,monitoring-2021dlya-tipografii.pdf,d6.17,question_trend_source_cells.csv,,Undecided,34.1,,,,,,,,,,,all respondents as published,,,,,Do you trust trade unions?,,,,monitoring__trust_unions,Response shares (%)
Monitoring,trust_unions,2017,ordinal,monitoring-2021dlya-tipografii.pdf,d6.17,question_trend_source_cells.csv,,Undecided,32.2,,,,,,,,,,,all respondents as published,,,,,Do you trust trade unions?,,,,monitoring__trust_unions,Response shares (%)
Monitoring,trust_unions,2018,ordinal,monitoring-2021dlya-tipografii.pdf,d6.17,question_trend_source_cells.csv,,Undecided,34.4,,,,,,,,,,,all respondents as published,,,,,Do you trust trade unions?,,,,monitoring__trust_unions,Response shares (%)
Monitoring,trust_unions,2019,ordinal,monitoring-2021dlya-tipografii.pdf,d6.17,question_trend_source_cells.csv,,Undecided,36.0,,,,,,,,,,,all respondents as published,,,,,Do you trust trade unions?,,,,monitoring__trust_unions,Response shares (%)
Monitoring,trust_unions,2020,ordinal,monitoring-2021dlya-tipografii.pdf,d6.17,question_trend_source_cells.csv,,Undecided,45.6,,,,,,,,,,,all respondents as published,,,,,Do you trust trade unions?,,,,monitoring__trust_unions,Response shares (%)
Monitoring,trust_unions,2021,ordinal,monitoring-2021dlya-tipografii.pdf,d6.17,question_trend_source_cells.csv,,Undecided,43.0,,,,,,,,,,,all respondents as published,,,,,Do you trust trade unions?,,,,monitoring__trust_unions,Response shares (%)
Monitoring,trust_unions,2002,ordinal,monitoring-2021dlya-tipografii.pdf,d6.17,question_trend_source_cells.csv,,No answer,0.4,,,,,,,,,,,all respondents as published,,,,,Do you trust trade unions?,,,,monitoring__trust_unions,Response shares (%)
Monitoring,trust_unions,2004,ordinal,monitoring-2021dlya-tipografii.pdf,d6.17,question_trend_source_cells.csv,,No answer,0.5,,,,,,,,,,,all respondents as published,,,,,Do you trust trade unions?,,,,monitoring__trust_unions,Response shares (%)
Monitoring,trust_unions,2005,ordinal,monitoring-2021dlya-tipografii.pdf,d6.17,question_trend_source_cells.csv,,No answer,0.2,,,,,,,,,,,all respondents as published,,,,,Do you trust trade unions?,,,,monitoring__trust_unions,Response shares (%)
Monitoring,trust_unions,2006,ordinal,monitoring-2021dlya-tipografii.pdf,d6.17,question_trend_source_cells.csv,,No answer,0.2,,,,,,,,,,,all respondents as published,,,,,Do you trust trade unions?,,,,monitoring__trust_unions,Response shares (%)
Monitoring,trust_unions,2008,ordinal,monitoring-2021dlya-tipografii.pdf,d6.17,question_trend_source_cells.csv,,No answer,0.3,,,,,,,,,,,all respondents as published,,,,,Do you trust trade unions?,,,,monitoring__trust_unions,Response shares (%)
Monitoring,trust_unions,2010,ordinal,monitoring-2021dlya-tipografii.pdf,d6.17,question_trend_source_cells.csv,,No answer,0.3,,,,,,,,,,,all respondents as published,,,,,Do you trust trade unions?,,,,monitoring__trust_unions,Response shares (%)
Monitoring,trust_unions,2012,ordinal,monitoring-2021dlya-tipografii.pdf,d6.17,question_trend_source_cells.csv,,No answer,0.4,,,,,,,,,,,all respondents as published,,,,,Do you trust trade unions?,,,,monitoring__trust_unions,Response shares (%)
Monitoring,trust_unions,2013,ordinal,monitoring-2021dlya-tipografii.pdf,d6.17,question_trend_source_cells.csv,,No answer,0.5,,,,,,,,,,,all respondents as published,,,,,Do you trust trade unions?,,,,monitoring__trust_unions,Response shares (%)
Monitoring,trust_unions,2014,ordinal,monitoring-2021dlya-tipografii.pdf,d6.17,question_trend_source_cells.csv,,No answer,0.3,,,,,,,,,,,all respondents as published,,,,,Do you trust trade unions?,,,,monitoring__trust_unions,Response shares (%)
Monitoring,trust_unions,2015,ordinal,monitoring-2021dlya-tipografii.pdf,d6.17,question_trend_source_cells.csv,,No answer,0.7,,,,,,,,,,,all respondents as published,,,,,Do you trust trade unions?,,,,monitoring__trust_unions,Response shares (%)
Monitoring,trust_unions,2016,ordinal,monitoring-2021dlya-tipografii.pdf,d6.17,question_trend_source_cells.csv,,No answer,0.3,,,,,,,,,,,all respondents as published,,,,,Do you trust trade unions?,,,,monitoring__trust_unions,Response shares (%)
Monitoring,trust_unions,2017,ordinal,monitoring-2021dlya-tipografii.pdf,d6.17,question_trend_source_cells.csv,,No answer,0.9,,,,,,,,,,,all respondents as published,,,,,Do you trust trade unions?,,,,monitoring__trust_unions,Response shares (%)
Monitoring,trust_unions,2018,ordinal,monitoring-2021dlya-tipografii.pdf,d6.17,question_trend_source_cells.csv,,No answer,0.0,,,,,,,,,,,all respondents as published,,,,,Do you trust trade unions?,,,,monitoring__trust_unions,Response shares (%)
Monitoring,trust_unions,2019,ordinal,monitoring-2021dlya-tipografii.pdf,d6.17,question_trend_source_cells.csv,,No answer,0.0,,,,,,,,,,,all respondents as published,,,,,Do you trust trade unions?,,,,monitoring__trust_unions,Response shares (%)
Monitoring,trust_unions,2020,ordinal,monitoring-2021dlya-tipografii.pdf,d6.17,question_trend_source_cells.csv,,No answer,0.1,,,,,,,,,,,all respondents as published,,,,,Do you trust trade unions?,,,,monitoring__trust_unions,Response shares (%)
Monitoring,trust_unions,2021,ordinal,monitoring-2021dlya-tipografii.pdf,d6.17,question_trend_source_cells.csv,,No answer,0.7,,,,,,,,,,,all respondents as published,,,,,Do you trust trade unions?,,,,monitoring__trust_unions,Response shares (%)
Monitoring,renationalise_land,2013,ordinal,soc-mon-2013.pdf,an9,question_trend_source_cells.csv,,Yes,60.8,,,,,,,,,,,all respondents as published,,,,,Should privately owned land be returned to state ownership?,,,,monitoring__renationalise_land,Response shares (%)
Monitoring,renationalise_land,2017,ordinal,mon2020.pdf,a11r,question_trend_source_cells.csv,,Yes,43.5,,,,,,,,,,,all respondents as published,,,,,Should privately owned land be returned to state ownership?,,,,monitoring__renationalise_land,Response shares (%)
Monitoring,renationalise_land,2020,ordinal,mon2020.pdf,a11r,question_trend_source_cells.csv,,Yes,37.3,,,,,,,,,,,all respondents as published,,,,,Should privately owned land be returned to state ownership?,,,,monitoring__renationalise_land,Response shares (%)
Monitoring,renationalise_land,2013,ordinal,soc-mon-2013.pdf,an9,question_trend_source_cells.csv,,No,20.3,,,,,,,,,,,all respondents as published,,,,,Should privately owned land be returned to state ownership?,,,,monitoring__renationalise_land,Response shares (%)
Monitoring,renationalise_land,2017,ordinal,mon2020.pdf,a11r,question_trend_source_cells.csv,,No,35.5,,,,,,,,,,,all respondents as published,,,,,Should privately owned land be returned to state ownership?,,,,monitoring__renationalise_land,Response shares (%)
Monitoring,renationalise_land,2020,ordinal,mon2020.pdf,a11r,question_trend_source_cells.csv,,No,35.5,,,,,,,,,,,all respondents as published,,,,,Should privately owned land be returned to state ownership?,,,,monitoring__renationalise_land,Response shares (%)
Monitoring,renationalise_land,2013,ordinal,soc-mon-2013.pdf,an9,question_trend_source_cells.csv,,Don't know,18.7,,,,,,,,,,,all respondents as published,,,,,Should privately owned land be returned to state ownership?,,,,monitoring__renationalise_land,Response shares (%)
Monitoring,renationalise_land,2017,ordinal,mon2020.pdf,a11r,question_trend_source_cells.csv,,Don't know,20.3,,,,,,,,,,,all respondents as published,,,,,Should privately owned land be returned to state ownership?,,,,monitoring__renationalise_land,Response shares (%)
Monitoring,renationalise_land,2020,ordinal,mon2020.pdf,a11r,question_trend_source_cells.csv,,Don't know,26.8,,,,,,,,,,,all respondents as published,,,,,Should privately owned land be returned to state ownership?,,,,monitoring__renationalise_land,Response shares (%)
Monitoring,renationalise_land,2013,ordinal,soc-mon-2013.pdf,an9,question_trend_source_cells.csv,,No answer,0.3,,,,,,,,,,,all respondents as published,,,,,Should privately owned land be returned to state ownership?,,,,monitoring__renationalise_land,Response shares (%)
Monitoring,renationalise_land,2017,ordinal,mon2020.pdf,a11r,question_trend_source_cells.csv,,No answer,0.7,,,,,,,,,,,all respondents as published,,,,,Should privately owned land be returned to state ownership?,,,,monitoring__renationalise_land,Response shares (%)
Monitoring,renationalise_land,2020,ordinal,mon2020.pdf,a11r,question_trend_source_cells.csv,,No answer,0.4,,,,,,,,,,,all respondents as published,,,,,Should privately owned land be returned to state ownership?,,,,monitoring__renationalise_land,Response shares (%)
Monitoring,renationalise_large,2013,ordinal,soc-mon-2013.pdf,an8,question_trend_source_cells.csv,,Yes,66.0,,,,,,,,,,,all respondents as published,,,,,Should privately owned large enterprises be returned to state ownership?,,,,monitoring__renationalise_large,Response shares (%)
Monitoring,renationalise_large,2017,ordinal,mon2020.pdf,a10r,question_trend_source_cells.csv,,Yes,54.5,,,,,,,,,,,all respondents as published,,,,,Should privately owned large enterprises be returned to state ownership?,,,,monitoring__renationalise_large,Response shares (%)
Monitoring,renationalise_large,2020,ordinal,mon2020.pdf,a10r,question_trend_source_cells.csv,,Yes,48.1,,,,,,,,,,,all respondents as published,,,,,Should privately owned large enterprises be returned to state ownership?,,,,monitoring__renationalise_large,Response shares (%)
Monitoring,renationalise_large,2013,ordinal,soc-mon-2013.pdf,an8,question_trend_source_cells.csv,,No,16.2,,,,,,,,,,,all respondents as published,,,,,Should privately owned large enterprises be returned to state ownership?,,,,monitoring__renationalise_large,Response shares (%)
Monitoring,renationalise_large,2017,ordinal,mon2020.pdf,a10r,question_trend_source_cells.csv,,No,28.6,,,,,,,,,,,all respondents as published,,,,,Should privately owned large enterprises be returned to state ownership?,,,,monitoring__renationalise_large,Response shares (%)
Monitoring,renationalise_large,2020,ordinal,mon2020.pdf,a10r,question_trend_source_cells.csv,,No,28.4,,,,,,,,,,,all respondents as published,,,,,Should privately owned large enterprises be returned to state ownership?,,,,monitoring__renationalise_large,Response shares (%)
Monitoring,renationalise_large,2013,ordinal,soc-mon-2013.pdf,an8,question_trend_source_cells.csv,,Don't know,17.6,,,,,,,,,,,all respondents as published,,,,,Should privately owned large enterprises be returned to state ownership?,,,,monitoring__renationalise_large,Response shares (%)
Monitoring,renationalise_large,2017,ordinal,mon2020.pdf,a10r,question_trend_source_cells.csv,,Don't know,16.2,,,,,,,,,,,all respondents as published,,,,,Should privately owned large enterprises be returned to state ownership?,,,,monitoring__renationalise_large,Response shares (%)
Monitoring,renationalise_large,2020,ordinal,mon2020.pdf,a10r,question_trend_source_cells.csv,,Don't know,23.2,,,,,,,,,,,all respondents as published,,,,,Should privately owned large enterprises be returned to state ownership?,,,,monitoring__renationalise_large,Response shares (%)
Monitoring,renationalise_large,2013,ordinal,soc-mon-2013.pdf,an8,question_trend_source_cells.csv,,No answer,0.3,,,,,,,,,,,all respondents as published,,,,,Should privately owned large enterprises be returned to state ownership?,,,,monitoring__renationalise_large,Response shares (%)
Monitoring,renationalise_large,2017,ordinal,mon2020.pdf,a10r,question_trend_source_cells.csv,,No answer,0.7,,,,,,,,,,,all respondents as published,,,,,Should privately owned large enterprises be returned to state ownership?,,,,monitoring__renationalise_large,Response shares (%)
Monitoring,renationalise_large,2020,ordinal,mon2020.pdf,a10r,question_trend_source_cells.csv,,No answer,0.3,,,,,,,,,,,all respondents as published,,,,,Should privately owned large enterprises be returned to state ownership?,,,,monitoring__renationalise_large,Response shares (%)
Monitoring,renationalise_small,2013,ordinal,soc-mon-2013.pdf,an7,question_trend_source_cells.csv,,Yes,32.5,,,,,,,,,,,all respondents as published,,,,,Should privately owned small enterprises be returned to state ownership?,,,,monitoring__renationalise_small,Response shares (%)
Monitoring,renationalise_small,2017,ordinal,mon2020.pdf,a9r,question_trend_source_cells.csv,,Yes,23.200000000000003,,,,,,,,,,,all respondents as published,,,,,Should privately owned small enterprises be returned to state ownership?,,,,monitoring__renationalise_small,Response shares (%)
Monitoring,renationalise_small,2020,ordinal,mon2020.pdf,a9r,question_trend_source_cells.csv,,Yes,16.4,,,,,,,,,,,all respondents as published,,,,,Should privately owned small enterprises be returned to state ownership?,,,,monitoring__renationalise_small,Response shares (%)
Monitoring,renationalise_small,2013,ordinal,soc-mon-2013.pdf,an7,question_trend_source_cells.csv,,No,49.0,,,,,,,,,,,all respondents as published,,,,,Should privately owned small enterprises be returned to state ownership?,,,,monitoring__renationalise_small,Response shares (%)
Monitoring,renationalise_small,2017,ordinal,mon2020.pdf,a9r,question_trend_source_cells.csv,,No,62.1,,,,,,,,,,,all respondents as published,,,,,Should privately owned small enterprises be returned to state ownership?,,,,monitoring__renationalise_small,Response shares (%)
Monitoring,renationalise_small,2020,ordinal,mon2020.pdf,a9r,question_trend_source_cells.csv,,No,60.900000000000006,,,,,,,,,,,all respondents as published,,,,,Should privately owned small enterprises be returned to state ownership?,,,,monitoring__renationalise_small,Response shares (%)
Monitoring,renationalise_small,2013,ordinal,soc-mon-2013.pdf,an7,question_trend_source_cells.csv,,Don't know,18.1,,,,,,,,,,,all respondents as published,,,,,Should privately owned small enterprises be returned to state ownership?,,,,monitoring__renationalise_small,Response shares (%)
Monitoring,renationalise_small,2017,ordinal,mon2020.pdf,a9r,question_trend_source_cells.csv,,Don't know,14.1,,,,,,,,,,,all respondents as published,,,,,Should privately owned small enterprises be returned to state ownership?,,,,monitoring__renationalise_small,Response shares (%)
Monitoring,renationalise_small,2020,ordinal,mon2020.pdf,a9r,question_trend_source_cells.csv,,Don't know,22.4,,,,,,,,,,,all respondents as published,,,,,Should privately owned small enterprises be returned to state ownership?,,,,monitoring__renationalise_small,Response shares (%)
Monitoring,renationalise_small,2013,ordinal,soc-mon-2013.pdf,an7,question_trend_source_cells.csv,,No answer,0.4,,,,,,,,,,,all respondents as published,,,,,Should privately owned small enterprises be returned to state ownership?,,,,monitoring__renationalise_small,Response shares (%)
Monitoring,renationalise_small,2017,ordinal,mon2020.pdf,a9r,question_trend_source_cells.csv,,No answer,0.5,,,,,,,,,,,all respondents as published,,,,,Should privately owned small enterprises be returned to state ownership?,,,,monitoring__renationalise_small,Response shares (%)
Monitoring,renationalise_small,2020,ordinal,mon2020.pdf,a9r,question_trend_source_cells.csv,,No answer,0.3,,,,,,,,,,,all respondents as published,,,,,Should privately owned small enterprises be returned to state ownership?,,,,monitoring__renationalise_small,Response shares (%)
Monitoring,start_business,2004,ordinal,mon2020.pdf,a9,question_trend_source_cells.csv,,Yes,41.3,,,,,,,,,,,all respondents as published,,,,,Would you like to start your own business?,,,,monitoring__start_business,Response shares (%)
Monitoring,start_business,2005,ordinal,mon2020.pdf,a9,question_trend_source_cells.csv,,Yes,43.8,,,,,,,,,,,all respondents as published,,,,,Would you like to start your own business?,,,,monitoring__start_business,Response shares (%)
Monitoring,start_business,2006,ordinal,mon2020.pdf,a9,question_trend_source_cells.csv,,Yes,45.6,,,,,,,,,,,all respondents as published,,,,,Would you like to start your own business?,,,,monitoring__start_business,Response shares (%)
Monitoring,start_business,2008,ordinal,mon2020.pdf,a9,question_trend_source_cells.csv,,Yes,45.8,,,,,,,,,,,all respondents as published,,,,,Would you like to start your own business?,,,,monitoring__start_business,Response shares (%)
Monitoring,start_business,2010,ordinal,mon2020.pdf,a9,question_trend_source_cells.csv,,Yes,49.3,,,,,,,,,,,all respondents as published,,,,,Would you like to start your own business?,,,,monitoring__start_business,Response shares (%)
Monitoring,start_business,2012,ordinal,mon2020.pdf,a9,question_trend_source_cells.csv,,Yes,45.400000000000006,,,,,,,,,,,all respondents as published,,,,,Would you like to start your own business?,,,,monitoring__start_business,Response shares (%)
Monitoring,start_business,2014,ordinal,mon2020.pdf,a9,question_trend_source_cells.csv,,Yes,50.6,,,,,,,,,,,all respondents as published,,,,,Would you like to start your own business?,,,,monitoring__start_business,Response shares (%)
Monitoring,start_business,2016,ordinal,mon2020.pdf,a9,question_trend_source_cells.csv,,Yes,42.4,,,,,,,,,,,all respondents as published,,,,,Would you like to start your own business?,,,,monitoring__start_business,Response shares (%)
Monitoring,start_business,2020,ordinal,mon2020.pdf,a9,question_trend_source_cells.csv,,Yes,37.1,,,,,,,,,,,all respondents as published,,,,,Would you like to start your own business?,,,,monitoring__start_business,Response shares (%)
Monitoring,start_business,2004,ordinal,mon2020.pdf,a9,question_trend_source_cells.csv,,No,41.7,,,,,,,,,,,all respondents as published,,,,,Would you like to start your own business?,,,,monitoring__start_business,Response shares (%)
Monitoring,start_business,2005,ordinal,mon2020.pdf,a9,question_trend_source_cells.csv,,No,41.3,,,,,,,,,,,all respondents as published,,,,,Would you like to start your own business?,,,,monitoring__start_business,Response shares (%)
Monitoring,start_business,2006,ordinal,mon2020.pdf,a9,question_trend_source_cells.csv,,No,40.9,,,,,,,,,,,all respondents as published,,,,,Would you like to start your own business?,,,,monitoring__start_business,Response shares (%)
Monitoring,start_business,2008,ordinal,mon2020.pdf,a9,question_trend_source_cells.csv,,No,40.7,,,,,,,,,,,all respondents as published,,,,,Would you like to start your own business?,,,,monitoring__start_business,Response shares (%)
Monitoring,start_business,2010,ordinal,mon2020.pdf,a9,question_trend_source_cells.csv,,No,37.6,,,,,,,,,,,all respondents as published,,,,,Would you like to start your own business?,,,,monitoring__start_business,Response shares (%)
Monitoring,start_business,2012,ordinal,mon2020.pdf,a9,question_trend_source_cells.csv,,No,41.0,,,,,,,,,,,all respondents as published,,,,,Would you like to start your own business?,,,,monitoring__start_business,Response shares (%)
Monitoring,start_business,2014,ordinal,mon2020.pdf,a9,question_trend_source_cells.csv,,No,36.6,,,,,,,,,,,all respondents as published,,,,,Would you like to start your own business?,,,,monitoring__start_business,Response shares (%)
Monitoring,start_business,2016,ordinal,mon2020.pdf,a9,question_trend_source_cells.csv,,No,46.8,,,,,,,,,,,all respondents as published,,,,,Would you like to start your own business?,,,,monitoring__start_business,Response shares (%)
Monitoring,start_business,2020,ordinal,mon2020.pdf,a9,question_trend_source_cells.csv,,No,46.9,,,,,,,,,,,all respondents as published,,,,,Would you like to start your own business?,,,,monitoring__start_business,Response shares (%)
Monitoring,start_business,2004,ordinal,mon2020.pdf,a9,question_trend_source_cells.csv,,Don't know,16.7,,,,,,,,,,,all respondents as published,,,,,Would you like to start your own business?,,,,monitoring__start_business,Response shares (%)
Monitoring,start_business,2005,ordinal,mon2020.pdf,a9,question_trend_source_cells.csv,,Don't know,14.8,,,,,,,,,,,all respondents as published,,,,,Would you like to start your own business?,,,,monitoring__start_business,Response shares (%)
Monitoring,start_business,2006,ordinal,mon2020.pdf,a9,question_trend_source_cells.csv,,Don't know,13.5,,,,,,,,,,,all respondents as published,,,,,Would you like to start your own business?,,,,monitoring__start_business,Response shares (%)
Monitoring,start_business,2008,ordinal,mon2020.pdf,a9,question_trend_source_cells.csv,,Don't know,13.4,,,,,,,,,,,all respondents as published,,,,,Would you like to start your own business?,,,,monitoring__start_business,Response shares (%)
Monitoring,start_business,2010,ordinal,mon2020.pdf,a9,question_trend_source_cells.csv,,Don't know,13.1,,,,,,,,,,,all respondents as published,,,,,Would you like to start your own business?,,,,monitoring__start_business,Response shares (%)
Monitoring,start_business,2012,ordinal,mon2020.pdf,a9,question_trend_source_cells.csv,,Don't know,13.3,,,,,,,,,,,all respondents as published,,,,,Would you like to start your own business?,,,,monitoring__start_business,Response shares (%)
Monitoring,start_business,2014,ordinal,mon2020.pdf,a9,question_trend_source_cells.csv,,Don't know,12.7,,,,,,,,,,,all respondents as published,,,,,Would you like to start your own business?,,,,monitoring__start_business,Response shares (%)
Monitoring,start_business,2016,ordinal,mon2020.pdf,a9,question_trend_source_cells.csv,,Don't know,10.7,,,,,,,,,,,all respondents as published,,,,,Would you like to start your own business?,,,,monitoring__start_business,Response shares (%)
Monitoring,start_business,2020,ordinal,mon2020.pdf,a9,question_trend_source_cells.csv,,Don't know,13.4,,,,,,,,,,,all respondents as published,,,,,Would you like to start your own business?,,,,monitoring__start_business,Response shares (%)
Monitoring,start_business,2020,ordinal,mon2020.pdf,a9,question_trend_source_cells.csv,,Already owns a business,2.5,,,,,,,,,,,all respondents as published,,,,,Would you like to start your own business?,,,,monitoring__start_business,Response shares (%)
Monitoring,start_business,2004,ordinal,mon2020.pdf,a9,question_trend_source_cells.csv,,No answer,0.4,,,,,,,,,,,all respondents as published,,,,,Would you like to start your own business?,,,,monitoring__start_business,Response shares (%)
Monitoring,start_business,2005,ordinal,mon2020.pdf,a9,question_trend_source_cells.csv,,No answer,0.0,,,,,,,,,,,all respondents as published,,,,,Would you like to start your own business?,,,,monitoring__start_business,Response shares (%)
Monitoring,start_business,2006,ordinal,mon2020.pdf,a9,question_trend_source_cells.csv,,No answer,0.1,,,,,,,,,,,all respondents as published,,,,,Would you like to start your own business?,,,,monitoring__start_business,Response shares (%)
Monitoring,start_business,2008,ordinal,mon2020.pdf,a9,question_trend_source_cells.csv,,No answer,0.1,,,,,,,,,,,all respondents as published,,,,,Would you like to start your own business?,,,,monitoring__start_business,Response shares (%)
Monitoring,start_business,2010,ordinal,mon2020.pdf,a9,question_trend_source_cells.csv,,No answer,0.1,,,,,,,,,,,all respondents as published,,,,,Would you like to start your own business?,,,,monitoring__start_business,Response shares (%)
Monitoring,start_business,2012,ordinal,mon2020.pdf,a9,question_trend_source_cells.csv,,No answer,0.3,,,,,,,,,,,all respondents as published,,,,,Would you like to start your own business?,,,,monitoring__start_business,Response shares (%)
Monitoring,start_business,2014,ordinal,mon2020.pdf,a9,question_trend_source_cells.csv,,No answer,0.1,,,,,,,,,,,all respondents as published,,,,,Would you like to start your own business?,,,,monitoring__start_business,Response shares (%)
Monitoring,start_business,2016,ordinal,mon2020.pdf,a9,question_trend_source_cells.csv,,No answer,0.1,,,,,,,,,,,all respondents as published,,,,,Would you like to start your own business?,,,,monitoring__start_business,Response shares (%)
Monitoring,start_business,2020,ordinal,mon2020.pdf,a9,question_trend_source_cells.csv,,No answer,0.1,,,,,,,,,,,all respondents as published,,,,,Would you like to start your own business?,,,,monitoring__start_business,Response shares (%)
Monitoring,work_private_employer,1992,ordinal,monitoring-2021dlya-tipografii.pdf,a8,question_trend_source_cells.csv,,Yes,43.9,,,,,,,,,,,all respondents as published,,,,,Willing to work for a private employer?,,,,monitoring__work_private_employer,Response shares (%)
Monitoring,work_private_employer,1994,ordinal,monitoring-2021dlya-tipografii.pdf,a8,question_trend_source_cells.csv,,Yes,52.900000000000006,,,,,,,,,,,all respondents as published,,,,,Willing to work for a private employer?,,,,monitoring__work_private_employer,Response shares (%)
Monitoring,work_private_employer,1995,ordinal,panina-1994-2005.pdf,a8,question_trend_source_cells.csv,,Yes,51.1,,,,,,,,,,,all respondents as published,,,,,Willing to work for a private employer?,,,,monitoring__work_private_employer,Response shares (%)
Monitoring,work_private_employer,1996,ordinal,monitoring-2021dlya-tipografii.pdf,a8,question_trend_source_cells.csv,,Yes,50.6,,,,,,,,,,,all respondents as published,,,,,Willing to work for a private employer?,,,,monitoring__work_private_employer,Response shares (%)
Monitoring,work_private_employer,1997,ordinal,panina-1994-2005.pdf,a8,question_trend_source_cells.csv,,Yes,55.1,,,,,,,,,,,all respondents as published,,,,,Willing to work for a private employer?,,,,monitoring__work_private_employer,Response shares (%)
Monitoring,work_private_employer,1998,ordinal,monitoring-2021dlya-tipografii.pdf,a8,question_trend_source_cells.csv,,Yes,53.9,,,,,,,,,,,all respondents as published,,,,,Willing to work for a private employer?,,,,monitoring__work_private_employer,Response shares (%)
Monitoring,work_private_employer,1999,ordinal,panina-1994-2005.pdf,a8,question_trend_source_cells.csv,,Yes,51.6,,,,,,,,,,,all respondents as published,,,,,Willing to work for a private employer?,,,,monitoring__work_private_employer,Response shares (%)
Monitoring,work_private_employer,2000,ordinal,monitoring-2021dlya-tipografii.pdf,a8,question_trend_source_cells.csv,,Yes,55.6,,,,,,,,,,,all respondents as published,,,,,Willing to work for a private employer?,,,,monitoring__work_private_employer,Response shares (%)
Monitoring,work_private_employer,2001,ordinal,panina-1994-2005.pdf,a8,question_trend_source_cells.csv,,Yes,53.900000000000006,,,,,,,,,,,all respondents as published,,,,,Willing to work for a private employer?,,,,monitoring__work_private_employer,Response shares (%)
Monitoring,work_private_employer,2002,ordinal,monitoring-2021dlya-tipografii.pdf,a8,question_trend_source_cells.csv,,Yes,42.2,,,,,,,,,,,all respondents as published,,,,,Willing to work for a private employer?,,,,monitoring__work_private_employer,Response shares (%)
Monitoring,work_private_employer,2003,ordinal,panina-1994-2005.pdf,a8,question_trend_source_cells.csv,,Yes,42.6,,,,,,,,,,,all respondents as published,,,,,Willing to work for a private employer?,,,,monitoring__work_private_employer,Response shares (%)
Monitoring,work_private_employer,2004,ordinal,monitoring-2021dlya-tipografii.pdf,a8,question_trend_source_cells.csv,,Yes,39.7,,,,,,,,,,,all respondents as published,,,,,Willing to work for a private employer?,,,,monitoring__work_private_employer,Response shares (%)
Monitoring,work_private_employer,2005,ordinal,monitoring-2021dlya-tipografii.pdf,a8,question_trend_source_cells.csv,,Yes,36.400000000000006,,,,,,,,,,,all respondents as published,,,,,Willing to work for a private employer?,,,,monitoring__work_private_employer,Response shares (%)
Monitoring,work_private_employer,2006,ordinal,monitoring-2021dlya-tipografii.pdf,a8,question_trend_source_cells.csv,,Yes,36.8,,,,,,,,,,,all respondents as published,,,,,Willing to work for a private employer?,,,,monitoring__work_private_employer,Response shares (%)
Monitoring,work_private_employer,2008,ordinal,monitoring-2021dlya-tipografii.pdf,a8,question_trend_source_cells.csv,,Yes,41.0,,,,,,,,,,,all respondents as published,,,,,Willing to work for a private employer?,,,,monitoring__work_private_employer,Response shares (%)
Monitoring,work_private_employer,2010,ordinal,monitoring-2021dlya-tipografii.pdf,a8,question_trend_source_cells.csv,,Yes,43.5,,,,,,,,,,,all respondents as published,,,,,Willing to work for a private employer?,,,,monitoring__work_private_employer,Response shares (%)
Monitoring,work_private_employer,2012,ordinal,monitoring-2021dlya-tipografii.pdf,a8,question_trend_source_cells.csv,,Yes,43.4,,,,,,,,,,,all respondents as published,,,,,Willing to work for a private employer?,,,,monitoring__work_private_employer,Response shares (%)
Monitoring,work_private_employer,2014,ordinal,monitoring-2021dlya-tipografii.pdf,a8,question_trend_source_cells.csv,,Yes,48.5,,,,,,,,,,,all respondents as published,,,,,Willing to work for a private employer?,,,,monitoring__work_private_employer,Response shares (%)
Monitoring,work_private_employer,2019,ordinal,monitoring-2021dlya-tipografii.pdf,a8,question_trend_source_cells.csv,,Yes,54.3,,,,,,,,,,,all respondents as published,,,,,Willing to work for a private employer?,,,,monitoring__work_private_employer,Response shares (%)
Monitoring,work_private_employer,2021,ordinal,monitoring-2021dlya-tipografii.pdf,a8,question_trend_source_cells.csv,,Yes,53.5,,,,,,,,,,,all respondents as published,,,,,Willing to work for a private employer?,,,,monitoring__work_private_employer,Response shares (%)
Monitoring,work_private_employer,1992,ordinal,monitoring-2021dlya-tipografii.pdf,a8,question_trend_source_cells.csv,,No,35.1,,,,,,,,,,,all respondents as published,,,,,Willing to work for a private employer?,,,,monitoring__work_private_employer,Response shares (%)
Monitoring,work_private_employer,1994,ordinal,monitoring-2021dlya-tipografii.pdf,a8,question_trend_source_cells.csv,,No,31.5,,,,,,,,,,,all respondents as published,,,,,Willing to work for a private employer?,,,,monitoring__work_private_employer,Response shares (%)
Monitoring,work_private_employer,1995,ordinal,panina-1994-2005.pdf,a8,question_trend_source_cells.csv,,No,34.1,,,,,,,,,,,all respondents as published,,,,,Willing to work for a private employer?,,,,monitoring__work_private_employer,Response shares (%)
Monitoring,work_private_employer,1996,ordinal,monitoring-2021dlya-tipografii.pdf,a8,question_trend_source_cells.csv,,No,35.0,,,,,,,,,,,all respondents as published,,,,,Willing to work for a private employer?,,,,monitoring__work_private_employer,Response shares (%)
Monitoring,work_private_employer,1997,ordinal,panina-1994-2005.pdf,a8,question_trend_source_cells.csv,,No,30.0,,,,,,,,,,,all respondents as published,,,,,Willing to work for a private employer?,,,,monitoring__work_private_employer,Response shares (%)
Monitoring,work_private_employer,1998,ordinal,monitoring-2021dlya-tipografii.pdf,a8,question_trend_source_cells.csv,,No,32.2,,,,,,,,,,,all respondents as published,,,,,Willing to work for a private employer?,,,,monitoring__work_private_employer,Response shares (%)
Monitoring,work_private_employer,1999,ordinal,panina-1994-2005.pdf,a8,question_trend_source_cells.csv,,No,33.8,,,,,,,,,,,all respondents as published,,,,,Willing to work for a private employer?,,,,monitoring__work_private_employer,Response shares (%)
Monitoring,work_private_employer,2000,ordinal,monitoring-2021dlya-tipografii.pdf,a8,question_trend_source_cells.csv,,No,31.3,,,,,,,,,,,all respondents as published,,,,,Willing to work for a private employer?,,,,monitoring__work_private_employer,Response shares (%)
Monitoring,work_private_employer,2001,ordinal,panina-1994-2005.pdf,a8,question_trend_source_cells.csv,,No,32.400000000000006,,,,,,,,,,,all respondents as published,,,,,Willing to work for a private employer?,,,,monitoring__work_private_employer,Response shares (%)
Monitoring,work_private_employer,2002,ordinal,monitoring-2021dlya-tipografii.pdf,a8,question_trend_source_cells.csv,,No,36.8,,,,,,,,,,,all respondents as published,,,,,Willing to work for a private employer?,,,,monitoring__work_private_employer,Response shares (%)
Monitoring,work_private_employer,2003,ordinal,panina-1994-2005.pdf,a8,question_trend_source_cells.csv,,No,37.5,,,,,,,,,,,all respondents as published,,,,,Willing to work for a private employer?,,,,monitoring__work_private_employer,Response shares (%)
Monitoring,work_private_employer,2004,ordinal,monitoring-2021dlya-tipografii.pdf,a8,question_trend_source_cells.csv,,No,40.400000000000006,,,,,,,,,,,all respondents as published,,,,,Willing to work for a private employer?,,,,monitoring__work_private_employer,Response shares (%)
Monitoring,work_private_employer,2005,ordinal,monitoring-2021dlya-tipografii.pdf,a8,question_trend_source_cells.csv,,No,48.6,,,,,,,,,,,all respondents as published,,,,,Willing to work for a private employer?,,,,monitoring__work_private_employer,Response shares (%)
Monitoring,work_private_employer,2006,ordinal,monitoring-2021dlya-tipografii.pdf,a8,question_trend_source_cells.csv,,No,48.0,,,,,,,,,,,all respondents as published,,,,,Willing to work for a private employer?,,,,monitoring__work_private_employer,Response shares (%)
Monitoring,work_private_employer,2008,ordinal,monitoring-2021dlya-tipografii.pdf,a8,question_trend_source_cells.csv,,No,44.400000000000006,,,,,,,,,,,all respondents as published,,,,,Willing to work for a private employer?,,,,monitoring__work_private_employer,Response shares (%)
Monitoring,work_private_employer,2010,ordinal,monitoring-2021dlya-tipografii.pdf,a8,question_trend_source_cells.csv,,No,41.3,,,,,,,,,,,all respondents as published,,,,,Willing to work for a private employer?,,,,monitoring__work_private_employer,Response shares (%)
Monitoring,work_private_employer,2012,ordinal,monitoring-2021dlya-tipografii.pdf,a8,question_trend_source_cells.csv,,No,42.4,,,,,,,,,,,all respondents as published,,,,,Willing to work for a private employer?,,,,monitoring__work_private_employer,Response shares (%)
Monitoring,work_private_employer,2014,ordinal,monitoring-2021dlya-tipografii.pdf,a8,question_trend_source_cells.csv,,No,35.8,,,,,,,,,,,all respondents as published,,,,,Willing to work for a private employer?,,,,monitoring__work_private_employer,Response shares (%)
Monitoring,work_private_employer,2019,ordinal,monitoring-2021dlya-tipografii.pdf,a8,question_trend_source_cells.csv,,No,32.6,,,,,,,,,,,all respondents as published,,,,,Willing to work for a private employer?,,,,monitoring__work_private_employer,Response shares (%)
Monitoring,work_private_employer,2021,ordinal,monitoring-2021dlya-tipografii.pdf,a8,question_trend_source_cells.csv,,No,28.2,,,,,,,,,,,all respondents as published,,,,,Willing to work for a private employer?,,,,monitoring__work_private_employer,Response shares (%)
Monitoring,work_private_employer,1992,ordinal,monitoring-2021dlya-tipografii.pdf,a8,question_trend_source_cells.csv,,Don't know,20.5,,,,,,,,,,,all respondents as published,,,,,Willing to work for a private employer?,,,,monitoring__work_private_employer,Response shares (%)
Monitoring,work_private_employer,1994,ordinal,monitoring-2021dlya-tipografii.pdf,a8,question_trend_source_cells.csv,,Don't know,15.3,,,,,,,,,,,all respondents as published,,,,,Willing to work for a private employer?,,,,monitoring__work_private_employer,Response shares (%)
Monitoring,work_private_employer,1995,ordinal,panina-1994-2005.pdf,a8,question_trend_source_cells.csv,,Don't know,14.8,,,,,,,,,,,all respondents as published,,,,,Willing to work for a private employer?,,,,monitoring__work_private_employer,Response shares (%)
Monitoring,work_private_employer,1996,ordinal,monitoring-2021dlya-tipografii.pdf,a8,question_trend_source_cells.csv,,Don't know,14.5,,,,,,,,,,,all respondents as published,,,,,Willing to work for a private employer?,,,,monitoring__work_private_employer,Response shares (%)
Monitoring,work_private_employer,1997,ordinal,panina-1994-2005.pdf,a8,question_trend_source_cells.csv,,Don't know,14.8,,,,,,,,,,,all respondents as published,,,,,Willing to work for a private employer?,,,,monitoring__work_private_employer,Response shares (%)
Monitoring,work_private_employer,1998,ordinal,monitoring-2021dlya-tipografii.pdf,a8,question_trend_source_cells.csv,,Don't know,13.9,,,,,,,,,,,all respondents as published,,,,,Willing to work for a private employer?,,,,monitoring__work_private_employer,Response shares (%)
Monitoring,work_private_employer,1999,ordinal,panina-1994-2005.pdf,a8,question_trend_source_cells.csv,,Don't know,14.4,,,,,,,,,,,all respondents as published,,,,,Willing to work for a private employer?,,,,monitoring__work_private_employer,Response shares (%)
Monitoring,work_private_employer,2000,ordinal,monitoring-2021dlya-tipografii.pdf,a8,question_trend_source_cells.csv,,Don't know,13.2,,,,,,,,,,,all respondents as published,,,,,Willing to work for a private employer?,,,,monitoring__work_private_employer,Response shares (%)
Monitoring,work_private_employer,2001,ordinal,panina-1994-2005.pdf,a8,question_trend_source_cells.csv,,Don't know,13.8,,,,,,,,,,,all respondents as published,,,,,Willing to work for a private employer?,,,,monitoring__work_private_employer,Response shares (%)
Monitoring,work_private_employer,2002,ordinal,monitoring-2021dlya-tipografii.pdf,a8,question_trend_source_cells.csv,,Don't know,20.7,,,,,,,,,,,all respondents as published,,,,,Willing to work for a private employer?,,,,monitoring__work_private_employer,Response shares (%)
Monitoring,work_private_employer,2003,ordinal,panina-1994-2005.pdf,a8,question_trend_source_cells.csv,,Don't know,19.8,,,,,,,,,,,all respondents as published,,,,,Willing to work for a private employer?,,,,monitoring__work_private_employer,Response shares (%)
Monitoring,work_private_employer,2004,ordinal,monitoring-2021dlya-tipografii.pdf,a8,question_trend_source_cells.csv,,Don't know,19.8,,,,,,,,,,,all respondents as published,,,,,Willing to work for a private employer?,,,,monitoring__work_private_employer,Response shares (%)
Monitoring,work_private_employer,2005,ordinal,monitoring-2021dlya-tipografii.pdf,a8,question_trend_source_cells.csv,,Don't know,14.8,,,,,,,,,,,all respondents as published,,,,,Willing to work for a private employer?,,,,monitoring__work_private_employer,Response shares (%)
Monitoring,work_private_employer,2006,ordinal,monitoring-2021dlya-tipografii.pdf,a8,question_trend_source_cells.csv,,Don't know,15.1,,,,,,,,,,,all respondents as published,,,,,Willing to work for a private employer?,,,,monitoring__work_private_employer,Response shares (%)
Monitoring,work_private_employer,2008,ordinal,monitoring-2021dlya-tipografii.pdf,a8,question_trend_source_cells.csv,,Don't know,14.5,,,,,,,,,,,all respondents as published,,,,,Willing to work for a private employer?,,,,monitoring__work_private_employer,Response shares (%)
Monitoring,work_private_employer,2010,ordinal,monitoring-2021dlya-tipografii.pdf,a8,question_trend_source_cells.csv,,Don't know,15.1,,,,,,,,,,,all respondents as published,,,,,Willing to work for a private employer?,,,,monitoring__work_private_employer,Response shares (%)
Monitoring,work_private_employer,2012,ordinal,monitoring-2021dlya-tipografii.pdf,a8,question_trend_source_cells.csv,,Don't know,14.0,,,,,,,,,,,all respondents as published,,,,,Willing to work for a private employer?,,,,monitoring__work_private_employer,Response shares (%)
Monitoring,work_private_employer,2014,ordinal,monitoring-2021dlya-tipografii.pdf,a8,question_trend_source_cells.csv,,Don't know,15.7,,,,,,,,,,,all respondents as published,,,,,Willing to work for a private employer?,,,,monitoring__work_private_employer,Response shares (%)
Monitoring,work_private_employer,2019,ordinal,monitoring-2021dlya-tipografii.pdf,a8,question_trend_source_cells.csv,,Don't know,13.0,,,,,,,,,,,all respondents as published,,,,,Willing to work for a private employer?,,,,monitoring__work_private_employer,Response shares (%)
Monitoring,work_private_employer,2021,ordinal,monitoring-2021dlya-tipografii.pdf,a8,question_trend_source_cells.csv,,Don't know,17.8,,,,,,,,,,,all respondents as published,,,,,Willing to work for a private employer?,,,,monitoring__work_private_employer,Response shares (%)
Monitoring,work_private_employer,1992,ordinal,monitoring-2021dlya-tipografii.pdf,a8,question_trend_source_cells.csv,,No answer,0.6,,,,,,,,,,,all respondents as published,,,,,Willing to work for a private employer?,,,,monitoring__work_private_employer,Response shares (%)
Monitoring,work_private_employer,1994,ordinal,monitoring-2021dlya-tipografii.pdf,a8,question_trend_source_cells.csv,,No answer,0.4,,,,,,,,,,,all respondents as published,,,,,Willing to work for a private employer?,,,,monitoring__work_private_employer,Response shares (%)
Monitoring,work_private_employer,1995,ordinal,panina-1994-2005.pdf,a8,question_trend_source_cells.csv,,No answer,0.2,,,,,,,,,,,all respondents as published,,,,,Willing to work for a private employer?,,,,monitoring__work_private_employer,Response shares (%)
Monitoring,work_private_employer,1996,ordinal,monitoring-2021dlya-tipografii.pdf,a8,question_trend_source_cells.csv,,No answer,0.0,,,,,,,,,,,all respondents as published,,,,,Willing to work for a private employer?,,,,monitoring__work_private_employer,Response shares (%)
Monitoring,work_private_employer,1997,ordinal,panina-1994-2005.pdf,a8,question_trend_source_cells.csv,,No answer,0.1,,,,,,,,,,,all respondents as published,,,,,Willing to work for a private employer?,,,,monitoring__work_private_employer,Response shares (%)
Monitoring,work_private_employer,1998,ordinal,monitoring-2021dlya-tipografii.pdf,a8,question_trend_source_cells.csv,,No answer,0.1,,,,,,,,,,,all respondents as published,,,,,Willing to work for a private employer?,,,,monitoring__work_private_employer,Response shares (%)
Monitoring,work_private_employer,1999,ordinal,panina-1994-2005.pdf,a8,question_trend_source_cells.csv,,No answer,0.1,,,,,,,,,,,all respondents as published,,,,,Willing to work for a private employer?,,,,monitoring__work_private_employer,Response shares (%)
Monitoring,work_private_employer,2000,ordinal,monitoring-2021dlya-tipografii.pdf,a8,question_trend_source_cells.csv,,No answer,0.0,,,,,,,,,,,all respondents as published,,,,,Willing to work for a private employer?,,,,monitoring__work_private_employer,Response shares (%)
Monitoring,work_private_employer,2001,ordinal,panina-1994-2005.pdf,a8,question_trend_source_cells.csv,,No answer,0.0,,,,,,,,,,,all respondents as published,,,,,Willing to work for a private employer?,,,,monitoring__work_private_employer,Response shares (%)
Monitoring,work_private_employer,2002,ordinal,monitoring-2021dlya-tipografii.pdf,a8,question_trend_source_cells.csv,,No answer,0.4,,,,,,,,,,,all respondents as published,,,,,Willing to work for a private employer?,,,,monitoring__work_private_employer,Response shares (%)
Monitoring,work_private_employer,2003,ordinal,panina-1994-2005.pdf,a8,question_trend_source_cells.csv,,No answer,0.1,,,,,,,,,,,all respondents as published,,,,,Willing to work for a private employer?,,,,monitoring__work_private_employer,Response shares (%)
Monitoring,work_private_employer,2004,ordinal,monitoring-2021dlya-tipografii.pdf,a8,question_trend_source_cells.csv,,No answer,0.2,,,,,,,,,,,all respondents as published,,,,,Willing to work for a private employer?,,,,monitoring__work_private_employer,Response shares (%)
Monitoring,work_private_employer,2005,ordinal,monitoring-2021dlya-tipografii.pdf,a8,question_trend_source_cells.csv,,No answer,0.2,,,,,,,,,,,all respondents as published,,,,,Willing to work for a private employer?,,,,monitoring__work_private_employer,Response shares (%)
Monitoring,work_private_employer,2006,ordinal,monitoring-2021dlya-tipografii.pdf,a8,question_trend_source_cells.csv,,No answer,0.1,,,,,,,,,,,all respondents as published,,,,,Willing to work for a private employer?,,,,monitoring__work_private_employer,Response shares (%)
Monitoring,work_private_employer,2008,ordinal,monitoring-2021dlya-tipografii.pdf,a8,question_trend_source_cells.csv,,No answer,0.1,,,,,,,,,,,all respondents as published,,,,,Willing to work for a private employer?,,,,monitoring__work_private_employer,Response shares (%)
Monitoring,work_private_employer,2010,ordinal,monitoring-2021dlya-tipografii.pdf,a8,question_trend_source_cells.csv,,No answer,0.1,,,,,,,,,,,all respondents as published,,,,,Willing to work for a private employer?,,,,monitoring__work_private_employer,Response shares (%)
Monitoring,work_private_employer,2012,ordinal,monitoring-2021dlya-tipografii.pdf,a8,question_trend_source_cells.csv,,No answer,0.2,,,,,,,,,,,all respondents as published,,,,,Willing to work for a private employer?,,,,monitoring__work_private_employer,Response shares (%)
Monitoring,work_private_employer,2014,ordinal,monitoring-2021dlya-tipografii.pdf,a8,question_trend_source_cells.csv,,No answer,0.1,,,,,,,,,,,all respondents as published,,,,,Willing to work for a private employer?,,,,monitoring__work_private_employer,Response shares (%)
Monitoring,work_private_employer,2019,ordinal,monitoring-2021dlya-tipografii.pdf,a8,question_trend_source_cells.csv,,No answer,0.0,,,,,,,,,,,all respondents as published,,,,,Willing to work for a private employer?,,,,monitoring__work_private_employer,Response shares (%)
Monitoring,work_private_employer,2021,ordinal,monitoring-2021dlya-tipografii.pdf,a8,question_trend_source_cells.csv,,No answer,0.5,,,,,,,,,,,all respondents as published,,,,,Willing to work for a private employer?,,,,monitoring__work_private_employer,Response shares (%)
ESS,gvctzpvc,2013,numeric,ESS2e03_6-ESS3e03_7-ESS4e04_6-ESS5e03_6-ESS6e02_7-ESS11e04_2-subset.sav,gvctzpvc,original microdata,3aef7081ad1e48f989b7c93ef68f05e922159010a21d894d10d83899b764a852,Mean,1.8116579896632787,0.0582727187844377,1.6973820252160048,1.925933954110553,2065.0,2119.0,2178.0,1598.0183068662895,2047.987747102976,True,Approximate weighted respondent linearization; PSU/stratum unavailable in supplied file,valid 0–10 ratings,2.4222680372967806,,6.0,2013,To what extent does the government in Ukraine protect citizens against poverty?,ESS integrated round,All,2177.0,ess__gvctzpvc,Weighted mean (0–10)
ESS,gvctzpvc,2022,numeric,ESS10UAe4.sav,gvctzpvc,original microdata,4dd67ab20a1ddf8df15f5000e7302e0fd68bc35a46357afea0e2b47d455c3aa8,Mean,1.776132060872339,0.0766680820949487,1.6251343963596565,1.9271297253850217,1482.0,1507.0,299.0,1044.3564153143088,1471.560257259442,True,Stratified PSU Taylor linearization; fixed supplied weights; no FPC,valid 0–10 ratings,1.708745092788837,,10.0,2022,To what extent does the government in Ukraine protect citizens against poverty?,Related study using ESS10 questionnaire,All,250.0,ess__gvctzpvc,Weighted mean (0–10)
ESS,grdfincc,2013,numeric,ESS2e03_6-ESS3e03_7-ESS4e04_6-ESS5e03_6-ESS6e02_7-ESS11e04_2-subset.sav,grdfincc,original microdata,3aef7081ad1e48f989b7c93ef68f05e922159010a21d894d10d83899b764a852,Mean,1.9160565290946563,0.0613542772555779,1.7957374612254728,2.03637559696384,2035.0,2119.0,2178.0,1571.2151581203418,2016.387178093195,True,Approximate weighted respondent linearization; PSU/stratum unavailable in supplied file,valid 0–10 ratings,3.927898067099034,,6.0,2013,To what extent does the government in Ukraine reduce income differences?,ESS integrated round,All,2177.0,ess__grdfincc,Weighted mean (0–10)
ESS,grdfincc,2022,numeric,ESS10UAe4.sav,grdfincc,original microdata,4dd67ab20a1ddf8df15f5000e7302e0fd68bc35a46357afea0e2b47d455c3aa8,Mean,1.8878975061162675,0.0746147016626356,1.740943971066108,2.034851041166427,1464.0,1507.0,299.0,1034.324385303753,1454.1959243031993,True,Stratified PSU Taylor linearization; fixed supplied weights; no FPC,valid 0–10 ratings,2.868576685464713,,10.0,2022,To what extent does the government in Ukraine reduce income differences?,Related study using ESS10 questionnaire,All,250.0,ess__grdfincc,Weighted mean (0–10)
ESS,imbgeco,2005,numeric,ESS2e03_6-ESS3e03_7-ESS4e04_6-ESS5e03_6-ESS6e02_7-ESS11e04_2-subset.sav,imbgeco,original microdata,3aef7081ad1e48f989b7c93ef68f05e922159010a21d894d10d83899b764a852,Mean,4.817899378951864,0.0832694710978478,4.654596848283146,4.981201909620583,1655.0,1984.0,2031.0,976.0403833978406,1647.2829371243715,True,Approximate weighted respondent linearization; PSU/stratum unavailable in supplied file,valid 0–10 ratings,15.824777386417162,,2.0,2005,Is immigration bad or good for Ukraine's economy?,ESS integrated round,All,2030.0,ess__imbgeco,Weighted mean (0–10)
ESS,imbgeco,2007,numeric,ESS2e03_6-ESS3e03_7-ESS4e04_6-ESS5e03_6-ESS6e02_7-ESS11e04_2-subset.sav,imbgeco,original microdata,3aef7081ad1e48f989b7c93ef68f05e922159010a21d894d10d83899b764a852,Mean,4.422519352376545,0.0949859844643769,4.23623756684836,4.60880113790473,1636.0,1949.0,2002.0,865.526320268884,1620.0544662009925,True,Approximate weighted respondent linearization; PSU/stratum unavailable in supplied file,valid 0–10 ratings,15.54148393422929,,3.0,2006–07,Is immigration bad or good for Ukraine's economy?,ESS integrated round,All,2001.0,ess__imbgeco,Weighted mean (0–10)
ESS,imbgeco,2009,numeric,ESS2e03_6-ESS3e03_7-ESS4e04_6-ESS5e03_6-ESS6e02_7-ESS11e04_2-subset.sav,imbgeco,original microdata,3aef7081ad1e48f989b7c93ef68f05e922159010a21d894d10d83899b764a852,Mean,4.453152343501557,0.0909034076160168,4.27486791748957,4.631436769513544,1511.0,1798.0,1845.0,826.9150365898906,1524.1556602455676,True,Approximate weighted respondent linearization; PSU/stratum unavailable in supplied file,valid 0–10 ratings,15.188167493999009,,4.0,2009,Is immigration bad or good for Ukraine's economy?,ESS integrated round,All,1844.0,ess__imbgeco,Weighted mean (0–10)
ESS,imbgeco,2011,numeric,ESS2e03_6-ESS3e03_7-ESS4e04_6-ESS5e03_6-ESS6e02_7-ESS11e04_2-subset.sav,imbgeco,original microdata,3aef7081ad1e48f989b7c93ef68f05e922159010a21d894d10d83899b764a852,Mean,4.447352357031803,0.0893064540809319,4.272205084172707,4.622499629890899,1604.0,1886.0,1931.0,871.8631415494615,1620.2294086627662,True,Approximate weighted respondent linearization; PSU/stratum unavailable in supplied file,valid 0–10 ratings,12.99141251875211,,5.0,2011,Is immigration bad or good for Ukraine's economy?,ESS integrated round,All,1930.0,ess__imbgeco,Weighted mean (0–10)
ESS,imbgeco,2013,numeric,ESS2e03_6-ESS3e03_7-ESS4e04_6-ESS5e03_6-ESS6e02_7-ESS11e04_2-subset.sav,imbgeco,original microdata,3aef7081ad1e48f989b7c93ef68f05e922159010a21d894d10d83899b764a852,Mean,4.740573322563505,0.0706343798069085,4.602055469888247,4.879091175238764,1778.0,2119.0,2178.0,1377.2531181014851,1786.7009125053885,True,Approximate weighted respondent linearization; PSU/stratum unavailable in supplied file,valid 0–10 ratings,14.87145224155394,,6.0,2013,Is immigration bad or good for Ukraine's economy?,ESS integrated round,All,2177.0,ess__imbgeco,Weighted mean (0–10)
ESS,imbgeco,2022,numeric,ESS10UAe4.sav,imbgeco,original microdata,4dd67ab20a1ddf8df15f5000e7302e0fd68bc35a46357afea0e2b47d455c3aa8,Mean,5.774920916776529,0.0953572786032326,5.587114909766449,5.962726923786609,1312.0,1507.0,299.0,921.969982476788,1323.7999096099295,True,Stratified PSU Taylor linearization; fixed supplied weights; no FPC,valid 0–10 ratings,11.578235604203051,,10.0,2022,Is immigration bad or good for Ukraine's economy?,Related study using ESS10 questionnaire,All,250.0,ess__imbgeco,Weighted mean (0–10)
ESS,imbgeco,2024,numeric,ESS2e03_6-ESS3e03_7-ESS4e04_6-ESS5e03_6-ESS6e02_7-ESS11e04_2-subset.sav,imbgeco,original microdata,3aef7081ad1e48f989b7c93ef68f05e922159010a21d894d10d83899b764a852,Mean,6.101952102051879,0.0953011740069347,5.913980400822345,6.289923803281413,2349.0,2581.0,233.0,1801.68584971682,2337.3266439139843,True,Stratified PSU Taylor linearization; fixed supplied weights; no FPC,valid 0–10 ratings,8.367354123398973,,11.0,2024,Is immigration bad or good for Ukraine's economy?,ESS integrated round,All,192.0,ess__imbgeco,Weighted mean (0–10)
ESS,gvctzpv,2013,numeric,ESS2e03_6-ESS3e03_7-ESS4e04_6-ESS5e03_6-ESS6e02_7-ESS11e04_2-subset.sav,gvctzpv,original microdata,3aef7081ad1e48f989b7c93ef68f05e922159010a21d894d10d83899b764a852,Mean,9.146195763193882,0.0408539445877548,9.066078960397856,9.22631256598991,2072.0,2119.0,2178.0,1602.2457579857028,2055.9444062411785,True,Approximate weighted respondent linearization; PSU/stratum unavailable in supplied file,valid 0–10 ratings,2.043167745410564,,6.0,2013,How important is government protection against poverty for democracy?,ESS integrated round,All,2177.0,ess__gvctzpv,Weighted mean (0–10)
ESS,gvctzpv,2022,numeric,ESS10UAe4.sav,gvctzpv,original microdata,4dd67ab20a1ddf8df15f5000e7302e0fd68bc35a46357afea0e2b47d455c3aa8,Mean,9.39487894476538,0.0452308191172428,9.305796919180848,9.483960970349914,1498.0,1507.0,299.0,1057.0593175619374,1491.5647685116874,True,Stratified PSU Taylor linearization; fixed supplied weights; no FPC,valid 0–10 ratings,0.3725656838324568,,10.0,2022,How important is government protection against poverty for democracy?,Related study using ESS10 questionnaire,All,250.0,ess__gvctzpv,Weighted mean (0–10)
ESS,grdfinc,2013,numeric,ESS2e03_6-ESS3e03_7-ESS4e04_6-ESS5e03_6-ESS6e02_7-ESS11e04_2-subset.sav,grdfinc,original microdata,3aef7081ad1e48f989b7c93ef68f05e922159010a21d894d10d83899b764a852,Mean,9.022169734351996,0.0454188957552241,8.933100814541367,9.111238654162625,2059.0,2119.0,2178.0,1591.5043423494717,2044.6777593493464,True,Approximate weighted respondent linearization; PSU/stratum unavailable in supplied file,valid 0–10 ratings,2.579974595004652,,6.0,2013,How important is government reduction of income differences for democracy?,ESS integrated round,All,2177.0,ess__grdfinc,Weighted mean (0–10)
ESS,grdfinc,2022,numeric,ESS10UAe4.sav,grdfinc,original microdata,4dd67ab20a1ddf8df15f5000e7302e0fd68bc35a46357afea0e2b47d455c3aa8,Mean,8.960855057924395,0.0636198797552558,8.835555806956771,9.086154308892018,1486.0,1507.0,299.0,1047.2858206430235,1481.595646743077,True,Stratified PSU Taylor linearization; fixed supplied weights; no FPC,valid 0–10 ratings,1.0384422486048526,,10.0,2022,How important is government reduction of income differences for democracy?,Related study using ESS10 questionnaire,All,250.0,ess__grdfinc,Weighted mean (0–10)
ESS,gincdif,2005,ordinal,ESS2e03_6-ESS3e03_7-ESS4e04_6-ESS5e03_6-ESS6e02_7-ESS11e04_2-subset.sav,gincdif,original microdata,3aef7081ad1e48f989b7c93ef68f05e922159010a21d894d10d83899b764a852,Agree,64.04553483497514,1.4060591302265568,61.288065486262205,66.80300418368809,1984.0,1984.0,2031.0,1169.8798685138213,1956.9689107760787,True,Approximate weighted respondent linearization; PSU/stratum unavailable in supplied file,all eligible adults,,,2.0,2005,Should the government take measures to reduce differences in income levels?,ESS integrated round,All,2030.0,ess__gincdif,Response shares (%)
ESS,gincdif,2007,ordinal,ESS2e03_6-ESS3e03_7-ESS4e04_6-ESS5e03_6-ESS6e02_7-ESS11e04_2-subset.sav,gincdif,original microdata,3aef7081ad1e48f989b7c93ef68f05e922159010a21d894d10d83899b764a852,Agree,80.01222641134751,1.2311136433258996,77.59782760335426,82.42662521934076,1949.0,1949.0,2002.0,1021.7500065429812,1918.1659134756767,True,Approximate weighted respondent linearization; PSU/stratum unavailable in supplied file,all eligible adults,,,3.0,2006–07,Should the government take measures to reduce differences in income levels?,ESS integrated round,All,2001.0,ess__gincdif,Response shares (%)
ESS,gincdif,2009,ordinal,ESS2e03_6-ESS3e03_7-ESS4e04_6-ESS5e03_6-ESS6e02_7-ESS11e04_2-subset.sav,gincdif,original microdata,3aef7081ad1e48f989b7c93ef68f05e922159010a21d894d10d83899b764a852,Agree,67.61260130906855,1.5237928463824677,64.6240606140264,70.6011420041107,1798.0,1798.0,1845.0,975.6709010464692,1797.102615531534,True,Approximate weighted respondent linearization; PSU/stratum unavailable in supplied file,all eligible adults,,,4.0,2009,Should the government take measures to reduce differences in income levels?,ESS integrated round,All,1844.0,ess__gincdif,Response shares (%)
ESS,gincdif,2011,ordinal,ESS2e03_6-ESS3e03_7-ESS4e04_6-ESS5e03_6-ESS6e02_7-ESS11e04_2-subset.sav,gincdif,original microdata,3aef7081ad1e48f989b7c93ef68f05e922159010a21d894d10d83899b764a852,Agree,85.8972544791739,1.0957233237627004,83.74832858193443,88.04618037641336,1886.0,1886.0,1931.0,1024.95822704157,1862.148847103119,True,Approximate weighted respondent linearization; PSU/stratum unavailable in supplied file,all eligible adults,,,5.0,2011,Should the government take measures to reduce differences in income levels?,ESS integrated round,All,1930.0,ess__gincdif,Response shares (%)
ESS,gincdif,2013,ordinal,ESS2e03_6-ESS3e03_7-ESS4e04_6-ESS5e03_6-ESS6e02_7-ESS11e04_2-subset.sav,gincdif,original microdata,3aef7081ad1e48f989b7c93ef68f05e922159010a21d894d10d83899b764a852,Agree,81.81033358309895,0.9772899238670578,79.89381499731545,83.72685216888246,2119.0,2119.0,2178.0,1639.4662757160793,2098.826961755753,True,Approximate weighted respondent linearization; PSU/stratum unavailable in supplied file,all eligible adults,,,6.0,2013,Should the government take measures to reduce differences in income levels?,ESS integrated round,All,2177.0,ess__gincdif,Response shares (%)
ESS,gincdif,2022,ordinal,ESS10UAe4.sav,gincdif,original microdata,4dd67ab20a1ddf8df15f5000e7302e0fd68bc35a46357afea0e2b47d455c3aa8,Agree,67.90893622919006,1.6455139556894336,64.66809913710763,71.14977332127249,1507.0,1507.0,299.0,1062.9613297156018,1497.14260810753,True,Stratified PSU Taylor linearization; fixed supplied weights; no FPC,all eligible adults,,,10.0,2022,Should the government take measures to reduce differences in income levels?,Related study using ESS10 questionnaire,All,250.0,ess__gincdif,Response shares (%)
ESS,gincdif,2024,ordinal,ESS2e03_6-ESS3e03_7-ESS4e04_6-ESS5e03_6-ESS6e02_7-ESS11e04_2-subset.sav,gincdif,original microdata,3aef7081ad1e48f989b7c93ef68f05e922159010a21d894d10d83899b764a852,Agree,63.54036240346202,1.3941277503220186,60.79058972028118,66.29013508664285,2581.0,2581.0,233.0,1970.8959511961216,2550.757561951876,True,Stratified PSU Taylor linearization; fixed supplied weights; no FPC,all eligible adults,,,11.0,2024,Should the government take measures to reduce differences in income levels?,ESS integrated round,All,192.0,ess__gincdif,Response shares (%)
ESS,gincdif,2005,ordinal,ESS2e03_6-ESS3e03_7-ESS4e04_6-ESS5e03_6-ESS6e02_7-ESS11e04_2-subset.sav,gincdif,original microdata,3aef7081ad1e48f989b7c93ef68f05e922159010a21d894d10d83899b764a852,Disagree,15.62437187648856,1.101188419867334,13.464794622826018,17.7839491301511,1984.0,1984.0,2031.0,1169.8798685138213,1956.9689107760787,True,Approximate weighted respondent linearization; PSU/stratum unavailable in supplied file,all eligible adults,,,2.0,2005,Should the government take measures to reduce differences in income levels?,ESS integrated round,All,2030.0,ess__gincdif,Response shares (%)
ESS,gincdif,2007,ordinal,ESS2e03_6-ESS3e03_7-ESS4e04_6-ESS5e03_6-ESS6e02_7-ESS11e04_2-subset.sav,gincdif,original microdata,3aef7081ad1e48f989b7c93ef68f05e922159010a21d894d10d83899b764a852,Disagree,6.13816763491484,0.7761211855694056,4.616077391292196,7.660257878537484,1949.0,1949.0,2002.0,1021.7500065429812,1918.1659134756767,True,Approximate weighted respondent linearization; PSU/stratum unavailable in supplied file,all eligible adults,,,3.0,2006–07,Should the government take measures to reduce differences in income levels?,ESS integrated round,All,2001.0,ess__gincdif,Response shares (%)
ESS,gincdif,2009,ordinal,ESS2e03_6-ESS3e03_7-ESS4e04_6-ESS5e03_6-ESS6e02_7-ESS11e04_2-subset.sav,gincdif,original microdata,3aef7081ad1e48f989b7c93ef68f05e922159010a21d894d10d83899b764a852,Disagree,11.134601760434698,1.0497015366263718,9.075873261148397,13.193330259721,1798.0,1798.0,1845.0,975.6709010464692,1797.102615531534,True,Approximate weighted respondent linearization; PSU/stratum unavailable in supplied file,all eligible adults,,,4.0,2009,Should the government take measures to reduce differences in income levels?,ESS integrated round,All,1844.0,ess__gincdif,Response shares (%)
ESS,gincdif,2011,ordinal,ESS2e03_6-ESS3e03_7-ESS4e04_6-ESS5e03_6-ESS6e02_7-ESS11e04_2-subset.sav,gincdif,original microdata,3aef7081ad1e48f989b7c93ef68f05e922159010a21d894d10d83899b764a852,Disagree,3.752816947536167,0.6356647470028253,2.506155124088139,4.999478770984196,1886.0,1886.0,1931.0,1024.95822704157,1862.148847103119,True,Approximate weighted respondent linearization; PSU/stratum unavailable in supplied file,all eligible adults,,,5.0,2011,Should the government take measures to reduce differences in income levels?,ESS integrated round,All,1930.0,ess__gincdif,Response shares (%)
ESS,gincdif,2013,ordinal,ESS2e03_6-ESS3e03_7-ESS4e04_6-ESS5e03_6-ESS6e02_7-ESS11e04_2-subset.sav,gincdif,original microdata,3aef7081ad1e48f989b7c93ef68f05e922159010a21d894d10d83899b764a852,Disagree,5.858476848138231,0.6062903557857736,4.669508552377108,7.047445143899354,2119.0,2119.0,2178.0,1639.4662757160793,2098.826961755753,True,Approximate weighted respondent linearization; PSU/stratum unavailable in supplied file,all eligible adults,,,6.0,2013,Should the government take measures to reduce differences in income levels?,ESS integrated round,All,2177.0,ess__gincdif,Response shares (%)
ESS,gincdif,2022,ordinal,ESS10UAe4.sav,gincdif,original microdata,4dd67ab20a1ddf8df15f5000e7302e0fd68bc35a46357afea0e2b47d455c3aa8,Disagree,10.789417846893048,1.3714178002620905,8.08841269256769,13.490423001218408,1507.0,1507.0,299.0,1062.9613297156018,1497.14260810753,True,Stratified PSU Taylor linearization; fixed supplied weights; no FPC,all eligible adults,,,10.0,2022,Should the government take measures to reduce differences in income levels?,Related study using ESS10 questionnaire,All,250.0,ess__gincdif,Response shares (%)
ESS,gincdif,2024,ordinal,ESS2e03_6-ESS3e03_7-ESS4e04_6-ESS5e03_6-ESS6e02_7-ESS11e04_2-subset.sav,gincdif,original microdata,3aef7081ad1e48f989b7c93ef68f05e922159010a21d894d10d83899b764a852,Disagree,11.492019917435451,0.8418174165735021,9.83162219865753,13.152417636213375,2581.0,2581.0,233.0,1970.8959511961216,2550.757561951876,True,Stratified PSU Taylor linearization; fixed supplied weights; no FPC,all eligible adults,,,11.0,2024,Should the government take measures to reduce differences in income levels?,ESS integrated round,All,192.0,ess__gincdif,Response shares (%)
ESS,gincdif,2005,ordinal,ESS2e03_6-ESS3e03_7-ESS4e04_6-ESS5e03_6-ESS6e02_7-ESS11e04_2-subset.sav,gincdif,original microdata,3aef7081ad1e48f989b7c93ef68f05e922159010a21d894d10d83899b764a852,Neither agree nor disagree,16.514221676701535,1.084246435101925,14.387869913128766,18.640573440274306,1984.0,1984.0,2031.0,1169.8798685138213,1956.9689107760787,True,Approximate weighted respondent linearization; PSU/stratum unavailable in supplied file,all eligible adults,,,2.0,2005,Should the government take measures to reduce differences in income levels?,ESS integrated round,All,2030.0,ess__gincdif,Response shares (%)
ESS,gincdif,2007,ordinal,ESS2e03_6-ESS3e03_7-ESS4e04_6-ESS5e03_6-ESS6e02_7-ESS11e04_2-subset.sav,gincdif,original microdata,3aef7081ad1e48f989b7c93ef68f05e922159010a21d894d10d83899b764a852,Neither agree nor disagree,11.045808969810771,0.9409112724223008,9.2005406090227,12.891077330598844,1949.0,1949.0,2002.0,1021.7500065429812,1918.1659134756767,True,Approximate weighted respondent linearization; PSU/stratum unavailable in supplied file,all eligible adults,,,3.0,2006–07,Should the government take measures to reduce differences in income levels?,ESS integrated round,All,2001.0,ess__gincdif,Response shares (%)
ESS,gincdif,2009,ordinal,ESS2e03_6-ESS3e03_7-ESS4e04_6-ESS5e03_6-ESS6e02_7-ESS11e04_2-subset.sav,gincdif,original microdata,3aef7081ad1e48f989b7c93ef68f05e922159010a21d894d10d83899b764a852,Neither agree nor disagree,16.57403546130961,1.2369557319287878,14.148054428775636,19.00001649384358,1798.0,1798.0,1845.0,975.6709010464692,1797.102615531534,True,Approximate weighted respondent linearization; PSU/stratum unavailable in supplied file,all eligible adults,,,4.0,2009,Should the government take measures to reduce differences in income levels?,ESS integrated round,All,1844.0,ess__gincdif,Response shares (%)
ESS,gincdif,2011,ordinal,ESS2e03_6-ESS3e03_7-ESS4e04_6-ESS5e03_6-ESS6e02_7-ESS11e04_2-subset.sav,gincdif,original microdata,3aef7081ad1e48f989b7c93ef68f05e922159010a21d894d10d83899b764a852,Neither agree nor disagree,7.554130742065751,0.8448951505810305,5.89712752769517,9.211133956436331,1886.0,1886.0,1931.0,1024.95822704157,1862.148847103119,True,Approximate weighted respondent linearization; PSU/stratum unavailable in supplied file,all eligible adults,,,5.0,2011,Should the government take measures to reduce differences in income levels?,ESS integrated round,All,1930.0,ess__gincdif,Response shares (%)
ESS,gincdif,2013,ordinal,ESS2e03_6-ESS3e03_7-ESS4e04_6-ESS5e03_6-ESS6e02_7-ESS11e04_2-subset.sav,gincdif,original microdata,3aef7081ad1e48f989b7c93ef68f05e922159010a21d894d10d83899b764a852,Neither agree nor disagree,9.524472339532922,0.7484210012359304,8.056778133515012,10.992166545550832,2119.0,2119.0,2178.0,1639.4662757160793,2098.826961755753,True,Approximate weighted respondent linearization; PSU/stratum unavailable in supplied file,all eligible adults,,,6.0,2013,Should the government take measures to reduce differences in income levels?,ESS integrated round,All,2177.0,ess__gincdif,Response shares (%)
ESS,gincdif,2022,ordinal,ESS10UAe4.sav,gincdif,original microdata,4dd67ab20a1ddf8df15f5000e7302e0fd68bc35a46357afea0e2b47d455c3aa8,Neither agree nor disagree,18.731336895072527,1.386492446239202,16.000642249713856,21.4620315404312,1507.0,1507.0,299.0,1062.9613297156018,1497.14260810753,True,Stratified PSU Taylor linearization; fixed supplied weights; no FPC,all eligible adults,,,10.0,2022,Should the government take measures to reduce differences in income levels?,Related study using ESS10 questionnaire,All,250.0,ess__gincdif,Response shares (%)
ESS,gincdif,2024,ordinal,ESS2e03_6-ESS3e03_7-ESS4e04_6-ESS5e03_6-ESS6e02_7-ESS11e04_2-subset.sav,gincdif,original microdata,3aef7081ad1e48f989b7c93ef68f05e922159010a21d894d10d83899b764a852,Neither agree nor disagree,21.45990208562543,1.1093614077235296,19.271801537430623,23.64800263382024,2581.0,2581.0,233.0,1970.8959511961216,2550.757561951876,True,Stratified PSU Taylor linearization; fixed supplied weights; no FPC,all eligible adults,,,11.0,2024,Should the government take measures to reduce differences in income levels?,ESS integrated round,All,192.0,ess__gincdif,Response shares (%)
ESS,gincdif,2005,ordinal,ESS2e03_6-ESS3e03_7-ESS4e04_6-ESS5e03_6-ESS6e02_7-ESS11e04_2-subset.sav,gincdif,original microdata,3aef7081ad1e48f989b7c93ef68f05e922159010a21d894d10d83899b764a852,Don't know,3.8158716118347584,0.4791118467441073,2.876269426122089,4.755473797547428,1984.0,1984.0,2031.0,1169.8798685138213,1956.9689107760787,True,Approximate weighted respondent linearization; PSU/stratum unavailable in supplied file,all eligible adults,,,2.0,2005,Should the government take measures to reduce differences in income levels?,ESS integrated round,All,2030.0,ess__gincdif,Response shares (%)
ESS,gincdif,2007,ordinal,ESS2e03_6-ESS3e03_7-ESS4e04_6-ESS5e03_6-ESS6e02_7-ESS11e04_2-subset.sav,gincdif,original microdata,3aef7081ad1e48f989b7c93ef68f05e922159010a21d894d10d83899b764a852,Don't know,2.803796983926876,0.4895038270912415,1.8438064395573128,3.76378752829644,1949.0,1949.0,2002.0,1021.7500065429812,1918.1659134756767,True,Approximate weighted respondent linearization; PSU/stratum unavailable in supplied file,all eligible adults,,,3.0,2006–07,Should the government take measures to reduce differences in income levels?,ESS integrated round,All,2001.0,ess__gincdif,Response shares (%)
ESS,gincdif,2009,ordinal,ESS2e03_6-ESS3e03_7-ESS4e04_6-ESS5e03_6-ESS6e02_7-ESS11e04_2-subset.sav,gincdif,original microdata,3aef7081ad1e48f989b7c93ef68f05e922159010a21d894d10d83899b764a852,Don't know,4.57567571277716,0.6247646972012955,3.350355140598082,5.800996284956239,1798.0,1798.0,1845.0,975.6709010464692,1797.102615531534,True,Approximate weighted respondent linearization; PSU/stratum unavailable in supplied file,all eligible adults,,,4.0,2009,Should the government take measures to reduce differences in income levels?,ESS integrated round,All,1844.0,ess__gincdif,Response shares (%)
ESS,gincdif,2011,ordinal,ESS2e03_6-ESS3e03_7-ESS4e04_6-ESS5e03_6-ESS6e02_7-ESS11e04_2-subset.sav,gincdif,original microdata,3aef7081ad1e48f989b7c93ef68f05e922159010a21d894d10d83899b764a852,Don't know,2.7582463072140087,0.4472246780806126,1.881151997209028,3.63534061721899,1886.0,1886.0,1931.0,1024.95822704157,1862.148847103119,True,Approximate weighted respondent linearization; PSU/stratum unavailable in supplied file,all eligible adults,,,5.0,2011,Should the government take measures to reduce differences in income levels?,ESS integrated round,All,1930.0,ess__gincdif,Response shares (%)
ESS,gincdif,2013,ordinal,ESS2e03_6-ESS3e03_7-ESS4e04_6-ESS5e03_6-ESS6e02_7-ESS11e04_2-subset.sav,gincdif,original microdata,3aef7081ad1e48f989b7c93ef68f05e922159010a21d894d10d83899b764a852,Don't know,2.550499509808872,0.3722015102527659,1.8205921459495125,3.2804068736682312,2119.0,2119.0,2178.0,1639.4662757160793,2098.826961755753,True,Approximate weighted respondent linearization; PSU/stratum unavailable in supplied file,all eligible adults,,,6.0,2013,Should the government take measures to reduce differences in income levels?,ESS integrated round,All,2177.0,ess__gincdif,Response shares (%)
ESS,gincdif,2022,ordinal,ESS10UAe4.sav,gincdif,original microdata,4dd67ab20a1ddf8df15f5000e7302e0fd68bc35a46357afea0e2b47d455c3aa8,Don't know,2.362526916119813,0.5289077416665282,1.3208439686395752,3.4042098636000504,1507.0,1507.0,299.0,1062.9613297156018,1497.14260810753,True,Stratified PSU Taylor linearization; fixed supplied weights; no FPC,all eligible adults,,,10.0,2022,Should the government take measures to reduce differences in income levels?,Related study using ESS10 questionnaire,All,250.0,ess__gincdif,Response shares (%)
ESS,gincdif,2024,ordinal,ESS2e03_6-ESS3e03_7-ESS4e04_6-ESS5e03_6-ESS6e02_7-ESS11e04_2-subset.sav,gincdif,original microdata,3aef7081ad1e48f989b7c93ef68f05e922159010a21d894d10d83899b764a852,Don't know,2.8853211648633104,0.4030281037068713,2.0903899472103054,3.6802523825163154,2581.0,2581.0,233.0,1970.8959511961216,2550.757561951876,True,Stratified PSU Taylor linearization; fixed supplied weights; no FPC,all eligible adults,,,11.0,2024,Should the government take measures to reduce differences in income levels?,ESS integrated round,All,192.0,ess__gincdif,Response shares (%)
ESS,gincdif,2005,ordinal,ESS2e03_6-ESS3e03_7-ESS4e04_6-ESS5e03_6-ESS6e02_7-ESS11e04_2-subset.sav,gincdif,original microdata,3aef7081ad1e48f989b7c93ef68f05e922159010a21d894d10d83899b764a852,Refused / no answer,0.0,0.0,0.0,0.0,1984.0,1984.0,2031.0,1169.8798685138213,1956.9689107760787,True,Approximate weighted respondent linearization; PSU/stratum unavailable in supplied file,all eligible adults,,,2.0,2005,Should the government take measures to reduce differences in income levels?,ESS integrated round,All,2030.0,ess__gincdif,Response shares (%)
ESS,gincdif,2007,ordinal,ESS2e03_6-ESS3e03_7-ESS4e04_6-ESS5e03_6-ESS6e02_7-ESS11e04_2-subset.sav,gincdif,original microdata,3aef7081ad1e48f989b7c93ef68f05e922159010a21d894d10d83899b764a852,Refused / no answer,0.0,0.0,0.0,0.0,1949.0,1949.0,2002.0,1021.7500065429812,1918.1659134756767,True,Approximate weighted respondent linearization; PSU/stratum unavailable in supplied file,all eligible adults,,,3.0,2006–07,Should the government take measures to reduce differences in income levels?,ESS integrated round,All,2001.0,ess__gincdif,Response shares (%)
ESS,gincdif,2009,ordinal,ESS2e03_6-ESS3e03_7-ESS4e04_6-ESS5e03_6-ESS6e02_7-ESS11e04_2-subset.sav,gincdif,original microdata,3aef7081ad1e48f989b7c93ef68f05e922159010a21d894d10d83899b764a852,Refused / no answer,0.1030857564099759,0.1030602373484118,0.0,0.3052127804917805,1798.0,1798.0,1845.0,975.6709010464692,1797.102615531534,True,Approximate weighted respondent linearization; PSU/stratum unavailable in supplied file,all eligible adults,,,4.0,2009,Should the government take measures to reduce differences in income levels?,ESS integrated round,All,1844.0,ess__gincdif,Response shares (%)
ESS,gincdif,2011,ordinal,ESS2e03_6-ESS3e03_7-ESS4e04_6-ESS5e03_6-ESS6e02_7-ESS11e04_2-subset.sav,gincdif,original microdata,3aef7081ad1e48f989b7c93ef68f05e922159010a21d894d10d83899b764a852,Refused / no answer,0.0375515240101815,0.0277931259654817,0.0,0.0920592330798087,1886.0,1886.0,1931.0,1024.95822704157,1862.148847103119,True,Approximate weighted respondent linearization; PSU/stratum unavailable in supplied file,all eligible adults,,,5.0,2011,Should the government take measures to reduce differences in income levels?,ESS integrated round,All,1930.0,ess__gincdif,Response shares (%)
ESS,gincdif,2013,ordinal,ESS2e03_6-ESS3e03_7-ESS4e04_6-ESS5e03_6-ESS6e02_7-ESS11e04_2-subset.sav,gincdif,original microdata,3aef7081ad1e48f989b7c93ef68f05e922159010a21d894d10d83899b764a852,Refused / no answer,0.2562177194210179,0.1605619470946696,0.0,0.5710884126119394,2119.0,2119.0,2178.0,1639.4662757160793,2098.826961755753,True,Approximate weighted respondent linearization; PSU/stratum unavailable in supplied file,all eligible adults,,,6.0,2013,Should the government take measures to reduce differences in income levels?,ESS integrated round,All,2177.0,ess__gincdif,Response shares (%)
ESS,gincdif,2022,ordinal,ESS10UAe4.sav,gincdif,original microdata,4dd67ab20a1ddf8df15f5000e7302e0fd68bc35a46357afea0e2b47d455c3aa8,Refused / no answer,0.2077821127245412,0.107845751348348,0.0,0.4201841467424099,1507.0,1507.0,299.0,1062.9613297156018,1497.14260810753,True,Stratified PSU Taylor linearization; fixed supplied weights; no FPC,all eligible adults,,,10.0,2022,Should the government take measures to reduce differences in income levels?,Related study using ESS10 questionnaire,All,250.0,ess__gincdif,Response shares (%)
ESS,gincdif,2024,ordinal,ESS2e03_6-ESS3e03_7-ESS4e04_6-ESS5e03_6-ESS6e02_7-ESS11e04_2-subset.sav,gincdif,original microdata,3aef7081ad1e48f989b7c93ef68f05e922159010a21d894d10d83899b764a852,Refused / no answer,0.6223944286137911,0.2593539355106332,0.1108456362037307,1.1339432210238516,2581.0,2581.0,233.0,1970.8959511961216,2550.757561951876,True,Stratified PSU Taylor linearization; fixed supplied weights; no FPC,all eligible adults,,,11.0,2024,Should the government take measures to reduce differences in income levels?,ESS integrated round,All,192.0,ess__gincdif,Response shares (%)
ISSP,tax_level,2009,ordinal,ZA5400_v4-0-0.sav,V37,original microdata,ff5bd2c5c8c7ba6e8e7ba11541b464be2d464ddfa95385d74507f226bbbaaa2d,Too high,10.998646406735014,0.7466348838196138,9.534387637502316,12.462905175967714,2012.0,2012.0,2012.0,1829.3848508727403,2012.0000000000048,True,Approximate weighted respondent linearization; PSU/stratum unavailable in supplied file,all eligible adults,,,,,Are current taxes on high incomes too high or too low?,,All,2011.0,issp__tax_level,Response shares (%)
ISSP,tax_level,2019,ordinal,ZA7810_v1-0-0.sav,v29,original microdata,694abfea6f4a06ec211c0e24428d0bce0acc0f3eff4453f98f44c99641d2bb43,Too high,11.90965388826856,0.8900327099817927,10.164165503832246,13.655142272704872,2001.0,2001.0,2001.0,1624.113195252279,2000.9999999999995,True,Approximate weighted respondent linearization; PSU/stratum unavailable in supplied file,all eligible adults,,,,,Are current taxes on high incomes too high or too low?,,All,2000.0,issp__tax_level,Response shares (%)
ISSP,tax_level,2009,ordinal,ZA5400_v4-0-0.sav,V37,original microdata,ff5bd2c5c8c7ba6e8e7ba11541b464be2d464ddfa95385d74507f226bbbaaa2d,Too low,53.075252618185246,1.1675204445797671,50.78557651774817,55.36492871862232,2012.0,2012.0,2012.0,1829.3848508727403,2012.0000000000048,True,Approximate weighted respondent linearization; PSU/stratum unavailable in supplied file,all eligible adults,,,,,Are current taxes on high incomes too high or too low?,,All,2011.0,issp__tax_level,Response shares (%)
ISSP,tax_level,2019,ordinal,ZA7810_v1-0-0.sav,v29,original microdata,694abfea6f4a06ec211c0e24428d0bce0acc0f3eff4453f98f44c99641d2bb43,Too low,50.88865957865115,1.242697175456419,48.45154298641336,53.32577617088894,2001.0,2001.0,2001.0,1624.113195252279,2000.9999999999995,True,Approximate weighted respondent linearization; PSU/stratum unavailable in supplied file,all eligible adults,,,,,Are current taxes on high incomes too high or too low?,,All,2000.0,issp__tax_level,Response shares (%)
ISSP,tax_level,2009,ordinal,ZA5400_v4-0-0.sav,V37,original microdata,ff5bd2c5c8c7ba6e8e7ba11541b464be2d464ddfa95385d74507f226bbbaaa2d,About right,11.172732157319915,0.741258299678178,9.719017645592755,12.626446669047072,2012.0,2012.0,2012.0,1829.3848508727403,2012.0000000000048,True,Approximate weighted respondent linearization; PSU/stratum unavailable in supplied file,all eligible adults,,,,,Are current taxes on high incomes too high or too low?,,All,2011.0,issp__tax_level,Response shares (%)
ISSP,tax_level,2019,ordinal,ZA7810_v1-0-0.sav,v29,original microdata,694abfea6f4a06ec211c0e24428d0bce0acc0f3eff4453f98f44c99641d2bb43,About right,17.719823480027742,0.98507410677841,15.787944581750098,19.651702378305387,2001.0,2001.0,2001.0,1624.113195252279,2000.9999999999995,True,Approximate weighted respondent linearization; PSU/stratum unavailable in supplied file,all eligible adults,,,,,Are current taxes on high incomes too high or too low?,,All,2000.0,issp__tax_level,Response shares (%)
ISSP,tax_level,2009,ordinal,ZA5400_v4-0-0.sav,V37,original microdata,ff5bd2c5c8c7ba6e8e7ba11541b464be2d464ddfa95385d74507f226bbbaaa2d,Don't know,24.67603576680418,1.002645372267532,22.70970347964571,26.64236805396265,2012.0,2012.0,2012.0,1829.3848508727403,2012.0000000000048,True,Approximate weighted respondent linearization; PSU/stratum unavailable in supplied file,all eligible adults,,,,,Are current taxes on high incomes too high or too low?,,All,2011.0,issp__tax_level,Response shares (%)
ISSP,tax_level,2019,ordinal,ZA7810_v1-0-0.sav,v29,original microdata,694abfea6f4a06ec211c0e24428d0bce0acc0f3eff4453f98f44c99641d2bb43,Don't know,19.48186305305256,0.9710798377595612,17.577429027021886,21.386297079083228,2001.0,2001.0,2001.0,1624.113195252279,2000.9999999999995,True,Approximate weighted respondent linearization; PSU/stratum unavailable in supplied file,all eligible adults,,,,,Are current taxes on high incomes too high or too low?,,All,2000.0,issp__tax_level,Response shares (%)
ISSP,tax_level,2009,ordinal,ZA5400_v4-0-0.sav,V37,original microdata,ff5bd2c5c8c7ba6e8e7ba11541b464be2d464ddfa95385d74507f226bbbaaa2d,No answer,0.0773330509556518,0.0773135891362186,0.0,0.2289561579479481,2012.0,2012.0,2012.0,1829.3848508727403,2012.0000000000048,True,Approximate weighted respondent linearization; PSU/stratum unavailable in supplied file,all eligible adults,,,,,Are current taxes on high incomes too high or too low?,,All,2011.0,issp__tax_level,Response shares (%)
ISSP,tax_level,2019,ordinal,ZA7810_v1-0-0.sav,v29,original microdata,694abfea6f4a06ec211c0e24428d0bce0acc0f3eff4453f98f44c99641d2bb43,No answer,0.0,0.0,0.0,0.0,2001.0,2001.0,2001.0,1624.113195252279,2000.9999999999995,True,Approximate weighted respondent linearization; PSU/stratum unavailable in supplied file,all eligible adults,,,,,Are current taxes on high incomes too high or too low?,,All,2000.0,issp__tax_level,Response shares (%)
ISSP,unemployed_living,2009,ordinal,ZA5400_v4-0-0.sav,V34,original microdata,ff5bd2c5c8c7ba6e8e7ba11541b464be2d464ddfa95385d74507f226bbbaaa2d,Agree,85.96612131020427,0.8139672977010086,84.36981395924035,87.5624286611682,2012.0,2012.0,2012.0,1829.3848508727403,2012.0000000000048,True,Approximate weighted respondent linearization; PSU/stratum unavailable in supplied file,all eligible adults,,,,,Government should provide a decent living for unemployed people?,,All,2011.0,issp__unemployed_living,Response shares (%)
ISSP,unemployed_living,2019,ordinal,ZA7810_v1-0-0.sav,v23,original microdata,694abfea6f4a06ec211c0e24428d0bce0acc0f3eff4453f98f44c99641d2bb43,Agree,84.45148734903535,0.8941508100229958,82.69792274930127,86.20505194876942,2001.0,2001.0,2001.0,1624.113195252279,2000.9999999999995,True,Approximate weighted respondent linearization; PSU/stratum unavailable in supplied file,all eligible adults,,,,,Government should provide a decent living for unemployed people?,,All,2000.0,issp__unemployed_living,Response shares (%)
ISSP,unemployed_living,2009,ordinal,ZA5400_v4-0-0.sav,V34,original microdata,ff5bd2c5c8c7ba6e8e7ba11541b464be2d464ddfa95385d74507f226bbbaaa2d,Disagree,3.0872290710087813,0.3972521330775995,2.3081603025104105,3.866297839507152,2012.0,2012.0,2012.0,1829.3848508727403,2012.0000000000048,True,Approximate weighted respondent linearization; PSU/stratum unavailable in supplied file,all eligible adults,,,,,Government should provide a decent living for unemployed people?,,All,2011.0,issp__unemployed_living,Response shares (%)
ISSP,unemployed_living,2019,ordinal,ZA7810_v1-0-0.sav,v23,original microdata,694abfea6f4a06ec211c0e24428d0bce0acc0f3eff4453f98f44c99641d2bb43,Disagree,5.806705378750534,0.5501625780177759,4.7277535843819765,6.885657173119092,2001.0,2001.0,2001.0,1624.113195252279,2000.9999999999995,True,Approximate weighted respondent linearization; PSU/stratum unavailable in supplied file,all eligible adults,,,,,Government should provide a decent living for unemployed people?,,All,2000.0,issp__unemployed_living,Response shares (%)
ISSP,unemployed_living,2009,ordinal,ZA5400_v4-0-0.sav,V34,original microdata,ff5bd2c5c8c7ba6e8e7ba11541b464be2d464ddfa95385d74507f226bbbaaa2d,Neither agree nor disagree,9.027283910548928,0.677883716012007,7.697856104265982,10.356711716831873,2012.0,2012.0,2012.0,1829.3848508727403,2012.0000000000048,True,Approximate weighted respondent linearization; PSU/stratum unavailable in supplied file,all eligible adults,,,,,Government should provide a decent living for unemployed people?,,All,2011.0,issp__unemployed_living,Response shares (%)
ISSP,unemployed_living,2019,ordinal,ZA7810_v1-0-0.sav,v23,original microdata,694abfea6f4a06ec211c0e24428d0bce0acc0f3eff4453f98f44c99641d2bb43,Neither agree nor disagree,7.185170206447088,0.6285564156556542,5.9524762726339,8.417864140260276,2001.0,2001.0,2001.0,1624.113195252279,2000.9999999999995,True,Approximate weighted respondent linearization; PSU/stratum unavailable in supplied file,all eligible adults,,,,,Government should provide a decent living for unemployed people?,,All,2000.0,issp__unemployed_living,Response shares (%)
ISSP,unemployed_living,2009,ordinal,ZA5400_v4-0-0.sav,V34,original microdata,ff5bd2c5c8c7ba6e8e7ba11541b464be2d464ddfa95385d74507f226bbbaaa2d,Don't know,1.919365708238028,0.3168419661119282,1.2979928827856235,2.540738533690432,2012.0,2012.0,2012.0,1829.3848508727403,2012.0000000000048,True,Approximate weighted respondent linearization; PSU/stratum unavailable in supplied file,all eligible adults,,,,,Government should provide a decent living for unemployed people?,,All,2011.0,issp__unemployed_living,Response shares (%)
ISSP,unemployed_living,2019,ordinal,ZA7810_v1-0-0.sav,v23,original microdata,694abfea6f4a06ec211c0e24428d0bce0acc0f3eff4453f98f44c99641d2bb43,Don't know,2.556637065767047,0.4413027543713045,1.6911758044718064,3.422098327062288,2001.0,2001.0,2001.0,1624.113195252279,2000.9999999999995,True,Approximate weighted respondent linearization; PSU/stratum unavailable in supplied file,all eligible adults,,,,,Government should provide a decent living for unemployed people?,,All,2000.0,issp__unemployed_living,Response shares (%)
ISSP,unemployed_living,2009,ordinal,ZA5400_v4-0-0.sav,V34,original microdata,ff5bd2c5c8c7ba6e8e7ba11541b464be2d464ddfa95385d74507f226bbbaaa2d,No answer,0.0,0.0,0.0,0.0,2012.0,2012.0,2012.0,1829.3848508727403,2012.0000000000048,True,Approximate weighted respondent linearization; PSU/stratum unavailable in supplied file,all eligible adults,,,,,Government should provide a decent living for unemployed people?,,All,2011.0,issp__unemployed_living,Response shares (%)
ISSP,unemployed_living,2019,ordinal,ZA7810_v1-0-0.sav,v23,original microdata,694abfea6f4a06ec211c0e24428d0bce0acc0f3eff4453f98f44c99641d2bb43,No answer,0.0,0.0,0.0,0.0,2001.0,2001.0,2001.0,1624.113195252279,2000.9999999999995,True,Approximate weighted respondent linearization; PSU/stratum unavailable in supplied file,all eligible adults,,,,,Government should provide a decent living for unemployed people?,,All,2000.0,issp__unemployed_living,Response shares (%)
ISSP,redistribution,2009,ordinal,ZA5400_v4-0-0.sav,V33,original microdata,ff5bd2c5c8c7ba6e8e7ba11541b464be2d464ddfa95385d74507f226bbbaaa2d,Agree,86.40081157061108,0.806523460147311,84.81910265946152,87.98252048176064,2012.0,2012.0,2012.0,1829.3848508727403,2012.0000000000048,True,Approximate weighted respondent linearization; PSU/stratum unavailable in supplied file,all eligible adults,,,,,Government should reduce income differences?,,All,2011.0,issp__redistribution,Response shares (%)
ISSP,redistribution,2019,ordinal,ZA7810_v1-0-0.sav,v22,original microdata,694abfea6f4a06ec211c0e24428d0bce0acc0f3eff4453f98f44c99641d2bb43,Agree,85.64373515578296,0.8840690962729681,83.90994231729825,87.37752799426768,2001.0,2001.0,2001.0,1624.113195252279,2000.9999999999995,True,Approximate weighted respondent linearization; PSU/stratum unavailable in supplied file,all eligible adults,,,,,Government should reduce income differences?,,All,2000.0,issp__redistribution,Response shares (%)
ISSP,redistribution,2009,ordinal,ZA5400_v4-0-0.sav,V33,original microdata,ff5bd2c5c8c7ba6e8e7ba11541b464be2d464ddfa95385d74507f226bbbaaa2d,Disagree,2.1323792606435807,0.3368779381063843,1.4717130023115108,2.7930455189756507,2012.0,2012.0,2012.0,1829.3848508727403,2012.0000000000048,True,Approximate weighted respondent linearization; PSU/stratum unavailable in supplied file,all eligible adults,,,,,Government should reduce income differences?,,All,2011.0,issp__redistribution,Response shares (%)
ISSP,redistribution,2019,ordinal,ZA7810_v1-0-0.sav,v22,original microdata,694abfea6f4a06ec211c0e24428d0bce0acc0f3eff4453f98f44c99641d2bb43,Disagree,6.736497401515256,0.6213177222527172,5.517999637249119,7.954995165781392,2001.0,2001.0,2001.0,1624.113195252279,2000.9999999999995,True,Approximate weighted respondent linearization; PSU/stratum unavailable in supplied file,all eligible adults,,,,,Government should reduce income differences?,,All,2000.0,issp__redistribution,Response shares (%)
ISSP,redistribution,2009,ordinal,ZA5400_v4-0-0.sav,V33,original microdata,ff5bd2c5c8c7ba6e8e7ba11541b464be2d464ddfa95385d74507f226bbbaaa2d,Neither agree nor disagree,7.87494172725378,0.6439144403337091,6.612132573372895,9.137750881134666,2012.0,2012.0,2012.0,1829.3848508727403,2012.0000000000048,True,Approximate weighted respondent linearization; PSU/stratum unavailable in supplied file,all eligible adults,,,,,Government should reduce income differences?,,All,2011.0,issp__redistribution,Response shares (%)
ISSP,redistribution,2019,ordinal,ZA7810_v1-0-0.sav,v22,original microdata,694abfea6f4a06ec211c0e24428d0bce0acc0f3eff4453f98f44c99641d2bb43,Neither agree nor disagree,4.870533460760133,0.5728378779636558,3.7471119831706607,5.993954938349606,2001.0,2001.0,2001.0,1624.113195252279,2000.9999999999995,True,Approximate weighted respondent linearization; PSU/stratum unavailable in supplied file,all eligible adults,,,,,Government should reduce income differences?,,All,2000.0,issp__redistribution,Response shares (%)
ISSP,redistribution,2009,ordinal,ZA5400_v4-0-0.sav,V33,original microdata,ff5bd2c5c8c7ba6e8e7ba11541b464be2d464ddfa95385d74507f226bbbaaa2d,Don't know,3.5918674414915617,0.4247146741081822,2.7589406663544884,4.4247942166286345,2012.0,2012.0,2012.0,1829.3848508727403,2012.0000000000048,True,Approximate weighted respondent linearization; PSU/stratum unavailable in supplied file,all eligible adults,,,,,Government should reduce income differences?,,All,2011.0,issp__redistribution,Response shares (%)
ISSP,redistribution,2019,ordinal,ZA7810_v1-0-0.sav,v22,original microdata,694abfea6f4a06ec211c0e24428d0bce0acc0f3eff4453f98f44c99641d2bb43,Don't know,2.749233981941657,0.3912659109790449,1.9819025174005545,3.51656544648276,2001.0,2001.0,2001.0,1624.113195252279,2000.9999999999995,True,Approximate weighted respondent linearization; PSU/stratum unavailable in supplied file,all eligible adults,,,,,Government should reduce income differences?,,All,2000.0,issp__redistribution,Response shares (%)
ISSP,redistribution,2009,ordinal,ZA5400_v4-0-0.sav,V33,original microdata,ff5bd2c5c8c7ba6e8e7ba11541b464be2d464ddfa95385d74507f226bbbaaa2d,No answer,0.0,0.0,0.0,0.0,2012.0,2012.0,2012.0,1829.3848508727403,2012.0000000000048,True,Approximate weighted respondent linearization; PSU/stratum unavailable in supplied file,all eligible adults,,,,,Government should reduce income differences?,,All,2011.0,issp__redistribution,Response shares (%)
ISSP,redistribution,2019,ordinal,ZA7810_v1-0-0.sav,v22,original microdata,694abfea6f4a06ec211c0e24428d0bce0acc0f3eff4453f98f44c99641d2bb43,No answer,0.0,0.0,0.0,0.0,2001.0,2001.0,2001.0,1624.113195252279,2000.9999999999995,True,Approximate weighted respondent linearization; PSU/stratum unavailable in supplied file,all eligible adults,,,,,Government should reduce income differences?,,All,2000.0,issp__redistribution,Response shares (%)
ISSP,conflict_management,2009,ordinal,ZA5400_v4-0-0.sav,V42,original microdata,ff5bd2c5c8c7ba6e8e7ba11541b464be2d464ddfa95385d74507f226bbbaaa2d,Strong conflicts,30.462174065071714,1.0810427506252442,28.34209320383394,32.58225492630949,2012.0,2012.0,2012.0,1829.3848508727403,2012.0000000000048,True,Approximate weighted respondent linearization; PSU/stratum unavailable in supplied file,all eligible adults,,,,,How much conflict is there between management and workers?,,All,2011.0,issp__conflict_management,Response shares (%)
ISSP,conflict_management,2019,ordinal,ZA7810_v1-0-0.sav,v38,original microdata,694abfea6f4a06ec211c0e24428d0bce0acc0f3eff4453f98f44c99641d2bb43,Strong conflicts,36.224232783528585,1.1996926217751904,33.871454607268774,38.5770109597884,2001.0,2001.0,2001.0,1624.113195252279,2000.9999999999995,True,Approximate weighted respondent linearization; PSU/stratum unavailable in supplied file,all eligible adults,,,,,How much conflict is there between management and workers?,,All,2000.0,issp__conflict_management,Response shares (%)
ISSP,conflict_management,2009,ordinal,ZA5400_v4-0-0.sav,V42,original microdata,ff5bd2c5c8c7ba6e8e7ba11541b464be2d464ddfa95385d74507f226bbbaaa2d,Weak / no conflicts,55.50076533905823,1.161988136651327,53.22193889294868,57.77959178516779,2012.0,2012.0,2012.0,1829.3848508727403,2012.0000000000048,True,Approximate weighted respondent linearization; PSU/stratum unavailable in supplied file,all eligible adults,,,,,How much conflict is there between management and workers?,,All,2011.0,issp__conflict_management,Response shares (%)
ISSP,conflict_management,2019,ordinal,ZA7810_v1-0-0.sav,v38,original microdata,694abfea6f4a06ec211c0e24428d0bce0acc0f3eff4453f98f44c99641d2bb43,Weak / no conflicts,54.93708857896908,1.2346328232175652,52.51578739778648,57.35838976015169,2001.0,2001.0,2001.0,1624.113195252279,2000.9999999999995,True,Approximate weighted respondent linearization; PSU/stratum unavailable in supplied file,all eligible adults,,,,,How much conflict is there between management and workers?,,All,2000.0,issp__conflict_management,Response shares (%)
ISSP,conflict_management,2009,ordinal,ZA5400_v4-0-0.sav,V42,original microdata,ff5bd2c5c8c7ba6e8e7ba11541b464be2d464ddfa95385d74507f226bbbaaa2d,Don't know,13.020445678935491,0.7712184002662369,11.507975085803816,14.532916272067167,2012.0,2012.0,2012.0,1829.3848508727403,2012.0000000000048,True,Approximate weighted respondent linearization; PSU/stratum unavailable in supplied file,all eligible adults,,,,,How much conflict is there between management and workers?,,All,2011.0,issp__conflict_management,Response shares (%)
ISSP,conflict_management,2019,ordinal,ZA7810_v1-0-0.sav,v38,original microdata,694abfea6f4a06ec211c0e24428d0bce0acc0f3eff4453f98f44c99641d2bb43,Don't know,8.838678637502351,0.6649212633624002,7.534667752568098,10.142689522436603,2001.0,2001.0,2001.0,1624.113195252279,2000.9999999999995,True,Approximate weighted respondent linearization; PSU/stratum unavailable in supplied file,all eligible adults,,,,,How much conflict is there between management and workers?,,All,2000.0,issp__conflict_management,Response shares (%)
ISSP,conflict_management,2009,ordinal,ZA5400_v4-0-0.sav,V42,original microdata,ff5bd2c5c8c7ba6e8e7ba11541b464be2d464ddfa95385d74507f226bbbaaa2d,No answer,1.016614916934551,0.2402856370423756,0.5453801021881128,1.487849731680989,2012.0,2012.0,2012.0,1829.3848508727403,2012.0000000000048,True,Approximate weighted respondent linearization; PSU/stratum unavailable in supplied file,all eligible adults,,,,,How much conflict is there between management and workers?,,All,2011.0,issp__conflict_management,Response shares (%)
ISSP,conflict_management,2019,ordinal,ZA7810_v1-0-0.sav,v38,original microdata,694abfea6f4a06ec211c0e24428d0bce0acc0f3eff4453f98f44c99641d2bb43,No answer,0.0,0.0,0.0,0.0,2001.0,2001.0,2001.0,1624.113195252279,2000.9999999999995,True,Approximate weighted respondent linearization; PSU/stratum unavailable in supplied file,all eligible adults,,,,,How much conflict is there between management and workers?,,All,2000.0,issp__conflict_management,Response shares (%)
ISSP,conflict_rich_poor,2009,ordinal,ZA5400_v4-0-0.sav,V40,original microdata,ff5bd2c5c8c7ba6e8e7ba11541b464be2d464ddfa95385d74507f226bbbaaa2d,Strong conflicts,43.09040677549262,1.156445251021245,40.82245072811019,45.35836282287504,2012.0,2012.0,2012.0,1829.3848508727403,2012.0000000000048,True,Approximate weighted respondent linearization; PSU/stratum unavailable in supplied file,all eligible adults,,,,,How much conflict is there between rich and poor?,,All,2011.0,issp__conflict_rich_poor,Response shares (%)
ISSP,conflict_rich_poor,2019,ordinal,ZA7810_v1-0-0.sav,v36,original microdata,694abfea6f4a06ec211c0e24428d0bce0acc0f3eff4453f98f44c99641d2bb43,Strong conflicts,48.083465171720064,1.241445004506494,45.64880427557513,50.518126067865,2001.0,2001.0,2001.0,1624.113195252279,2000.9999999999995,True,Approximate weighted respondent linearization; PSU/stratum unavailable in supplied file,all eligible adults,,,,,How much conflict is there between rich and poor?,,All,2000.0,issp__conflict_rich_poor,Response shares (%)
ISSP,conflict_rich_poor,2009,ordinal,ZA5400_v4-0-0.sav,V40,original microdata,ff5bd2c5c8c7ba6e8e7ba11541b464be2d464ddfa95385d74507f226bbbaaa2d,Weak / no conflicts,45.12691789118189,1.1656190728303526,42.84097065517104,47.412865127192745,2012.0,2012.0,2012.0,1829.3848508727403,2012.0000000000048,True,Approximate weighted respondent linearization; PSU/stratum unavailable in supplied file,all eligible adults,,,,,How much conflict is there between rich and poor?,,All,2011.0,issp__conflict_rich_poor,Response shares (%)
ISSP,conflict_rich_poor,2019,ordinal,ZA7810_v1-0-0.sav,v36,original microdata,694abfea6f4a06ec211c0e24428d0bce0acc0f3eff4453f98f44c99641d2bb43,Weak / no conflicts,46.49631596633536,1.236382097601114,44.07158419425038,48.92104773842034,2001.0,2001.0,2001.0,1624.113195252279,2000.9999999999995,True,Approximate weighted respondent linearization; PSU/stratum unavailable in supplied file,all eligible adults,,,,,How much conflict is there between rich and poor?,,All,2000.0,issp__conflict_rich_poor,Response shares (%)
ISSP,conflict_rich_poor,2009,ordinal,ZA5400_v4-0-0.sav,V40,original microdata,ff5bd2c5c8c7ba6e8e7ba11541b464be2d464ddfa95385d74507f226bbbaaa2d,Don't know,10.975638215305825,0.7200142837799306,9.563586284911048,12.3876901457006,2012.0,2012.0,2012.0,1829.3848508727403,2012.0000000000048,True,Approximate weighted respondent linearization; PSU/stratum unavailable in supplied file,all eligible adults,,,,,How much conflict is there between rich and poor?,,All,2011.0,issp__conflict_rich_poor,Response shares (%)
ISSP,conflict_rich_poor,2019,ordinal,ZA7810_v1-0-0.sav,v36,original microdata,694abfea6f4a06ec211c0e24428d0bce0acc0f3eff4453f98f44c99641d2bb43,Don't know,5.420218861944594,0.5352248934727976,4.370562119961434,6.469875603927754,2001.0,2001.0,2001.0,1624.113195252279,2000.9999999999995,True,Approximate weighted respondent linearization; PSU/stratum unavailable in supplied file,all eligible adults,,,,,How much conflict is there between rich and poor?,,All,2000.0,issp__conflict_rich_poor,Response shares (%)
ISSP,conflict_rich_poor,2009,ordinal,ZA5400_v4-0-0.sav,V40,original microdata,ff5bd2c5c8c7ba6e8e7ba11541b464be2d464ddfa95385d74507f226bbbaaa2d,No answer,0.8070371180196675,0.2155327185103061,0.3843463491116259,1.229727886927709,2012.0,2012.0,2012.0,1829.3848508727403,2012.0000000000048,True,Approximate weighted respondent linearization; PSU/stratum unavailable in supplied file,all eligible adults,,,,,How much conflict is there between rich and poor?,,All,2011.0,issp__conflict_rich_poor,Response shares (%)
ISSP,conflict_rich_poor,2019,ordinal,ZA7810_v1-0-0.sav,v36,original microdata,694abfea6f4a06ec211c0e24428d0bce0acc0f3eff4453f98f44c99641d2bb43,No answer,0.0,0.0,0.0,0.0,2001.0,2001.0,2001.0,1624.113195252279,2000.9999999999995,True,Approximate weighted respondent linearization; PSU/stratum unavailable in supplied file,all eligible adults,,,,,How much conflict is there between rich and poor?,,All,2000.0,issp__conflict_rich_poor,Response shares (%)
ISSP,conflict_class,2009,ordinal,ZA5400_v4-0-0.sav,V41,original microdata,ff5bd2c5c8c7ba6e8e7ba11541b464be2d464ddfa95385d74507f226bbbaaa2d,Strong conflicts,12.662623547017564,0.7796424747731036,11.133632127928433,14.191614966106696,2012.0,2012.0,2012.0,1829.3848508727403,2012.0000000000048,True,Approximate weighted respondent linearization; PSU/stratum unavailable in supplied file,all eligible adults,,,,,How much conflict is there between working and middle classes?,,All,2011.0,issp__conflict_class,Response shares (%)
ISSP,conflict_class,2019,ordinal,ZA7810_v1-0-0.sav,v37,original microdata,694abfea6f4a06ec211c0e24428d0bce0acc0f3eff4453f98f44c99641d2bb43,Strong conflicts,18.087074321251265,0.965342741946046,16.19389160541468,19.98025703708785,2001.0,2001.0,2001.0,1624.113195252279,2000.9999999999995,True,Approximate weighted respondent linearization; PSU/stratum unavailable in supplied file,all eligible adults,,,,,How much conflict is there between working and middle classes?,,All,2000.0,issp__conflict_class,Response shares (%)
ISSP,conflict_class,2009,ordinal,ZA5400_v4-0-0.sav,V41,original microdata,ff5bd2c5c8c7ba6e8e7ba11541b464be2d464ddfa95385d74507f226bbbaaa2d,Weak / no conflicts,75.60520983901155,0.998299522405468,73.64740039067055,77.56301928735255,2012.0,2012.0,2012.0,1829.3848508727403,2012.0000000000048,True,Approximate weighted respondent linearization; PSU/stratum unavailable in supplied file,all eligible adults,,,,,How much conflict is there between working and middle classes?,,All,2011.0,issp__conflict_class,Response shares (%)
ISSP,conflict_class,2019,ordinal,ZA7810_v1-0-0.sav,v37,original microdata,694abfea6f4a06ec211c0e24428d0bce0acc0f3eff4453f98f44c99641d2bb43,Weak / no conflicts,73.19987425451507,1.0977224982080658,71.04707487032638,75.35267363870375,2001.0,2001.0,2001.0,1624.113195252279,2000.9999999999995,True,Approximate weighted respondent linearization; PSU/stratum unavailable in supplied file,all eligible adults,,,,,How much conflict is there between working and middle classes?,,All,2000.0,issp__conflict_class,Response shares (%)
ISSP,conflict_class,2009,ordinal,ZA5400_v4-0-0.sav,V41,original microdata,ff5bd2c5c8c7ba6e8e7ba11541b464be2d464ddfa95385d74507f226bbbaaa2d,Don't know,10.7793124924792,0.7089312087564487,9.388996071829396,12.169628913129005,2012.0,2012.0,2012.0,1829.3848508727403,2012.0000000000048,True,Approximate weighted respondent linearization; PSU/stratum unavailable in supplied file,all eligible adults,,,,,How much conflict is there between working and middle classes?,,All,2011.0,issp__conflict_class,Response shares (%)
ISSP,conflict_class,2019,ordinal,ZA7810_v1-0-0.sav,v37,original microdata,694abfea6f4a06ec211c0e24428d0bce0acc0f3eff4453f98f44c99641d2bb43,Don't know,8.713051424233685,0.6774192866302702,7.384530030643039,10.041572817824331,2001.0,2001.0,2001.0,1624.113195252279,2000.9999999999995,True,Approximate weighted respondent linearization; PSU/stratum unavailable in supplied file,all eligible adults,,,,,How much conflict is there between working and middle classes?,,All,2000.0,issp__conflict_class,Response shares (%)
ISSP,conflict_class,2009,ordinal,ZA5400_v4-0-0.sav,V41,original microdata,ff5bd2c5c8c7ba6e8e7ba11541b464be2d464ddfa95385d74507f226bbbaaa2d,No answer,0.9528541214916968,0.2318468956061181,0.4981688966681327,1.4075393463152608,2012.0,2012.0,2012.0,1829.3848508727403,2012.0000000000048,True,Approximate weighted respondent linearization; PSU/stratum unavailable in supplied file,all eligible adults,,,,,How much conflict is there between working and middle classes?,,All,2011.0,issp__conflict_class,Response shares (%)
ISSP,conflict_class,2019,ordinal,ZA7810_v1-0-0.sav,v37,original microdata,694abfea6f4a06ec211c0e24428d0bce0acc0f3eff4453f98f44c99641d2bb43,No answer,0.0,0.0,0.0,0.0,2001.0,2001.0,2001.0,1624.113195252279,2000.9999999999995,True,Approximate weighted respondent linearization; PSU/stratum unavailable in supplied file,all eligible adults,,,,,How much conflict is there between working and middle classes?,,All,2000.0,issp__conflict_class,Response shares (%)
ISSP,earn_actual_minister,2009,numeric,ZA5400_v4-0-0.sav,V26,original microdata,ff5bd2c5c8c7ba6e8e7ba11541b464be2d464ddfa95385d74507f226bbbaaa2d,Mean,39544.723953091656,7109.626808942975,25601.71964593987,53487.72826024344,1231.0,2012.0,2012.0,1117.5287837026754,1247.0950719200446,True,Approximate weighted respondent linearization; PSU/stratum unavailable in supplied file,valid monetary answers,38.01714354274149,,,,How much does a cabinet minister earn per month after taxes?,,All,2011.0,issp__earn_actual_minister,"Weighted mean (monthly UAH, nominal)"
ISSP,earn_actual_minister,2019,numeric,ZA7810_v1-0-0.sav,v15,original microdata,694abfea6f4a06ec211c0e24428d0bce0acc0f3eff4453f98f44c99641d2bb43,Mean,129365.5727820718,6836.216949100435,115958.7202649485,142772.42529919508,1182.0,2001.0,2001.0,948.610673346622,1194.2612240779015,True,Approximate weighted respondent linearization; PSU/stratum unavailable in supplied file,valid monetary answers,40.31678040590197,,,,How much does a cabinet minister earn per month after taxes?,,All,2000.0,issp__earn_actual_minister,"Weighted mean (monthly UAH, nominal)"
ISSP,earn_actual_chairman,2009,numeric,ZA5400_v4-0-0.sav,V23,original microdata,ff5bd2c5c8c7ba6e8e7ba11541b464be2d464ddfa95385d74507f226bbbaaa2d,Mean,29279.879600136665,3028.148278805952,23341.24377174458,35218.51542852875,977.0,2012.0,2012.0,891.3512124465678,1003.4668185014916,True,Approximate weighted respondent linearization; PSU/stratum unavailable in supplied file,valid monetary answers,50.12590365300751,,,,How much does a corporate chairman earn per month after taxes?,,All,2011.0,issp__earn_actual_chairman,"Weighted mean (monthly UAH, nominal)"
ISSP,earn_actual_chairman,2019,numeric,ZA7810_v1-0-0.sav,v12,original microdata,694abfea6f4a06ec211c0e24428d0bce0acc0f3eff4453f98f44c99641d2bb43,Mean,179784.53260473892,11076.761979093302,158061.33169893327,201507.73351054452,1186.0,2001.0,2001.0,966.667674480801,1209.5615187956748,True,Approximate weighted respondent linearization; PSU/stratum unavailable in supplied file,valid monetary answers,39.55214798622316,,,,How much does a corporate chairman earn per month after taxes?,,All,2000.0,issp__earn_actual_chairman,"Weighted mean (monthly UAH, nominal)"
ISSP,earn_actual_doctor,2009,numeric,ZA5400_v4-0-0.sav,V22,original microdata,ff5bd2c5c8c7ba6e8e7ba11541b464be2d464ddfa95385d74507f226bbbaaa2d,Mean,1450.8472979075675,17.08303661527515,1417.3449975046265,1484.349598310509,1329.0,2012.0,2012.0,1208.0770290997627,1336.4310181701992,True,Approximate weighted respondent linearization; PSU/stratum unavailable in supplied file,valid monetary answers,33.576987168479334,,,,How much does a doctor earn per month after taxes?,,All,2011.0,issp__earn_actual_doctor,"Weighted mean (monthly UAH, nominal)"
ISSP,earn_actual_doctor,2019,numeric,ZA7810_v1-0-0.sav,v11,original microdata,694abfea6f4a06ec211c0e24428d0bce0acc0f3eff4453f98f44c99641d2bb43,Mean,8166.870608965688,115.77882088045992,7939.8108787511555,8393.93033918022,1451.0,2001.0,2001.0,1194.41734077067,1458.522177758333,True,Approximate weighted respondent linearization; PSU/stratum unavailable in supplied file,valid monetary answers,27.110335944111263,,,,How much does a doctor earn per month after taxes?,,All,2000.0,issp__earn_actual_doctor,"Weighted mean (monthly UAH, nominal)"
ISSP,earn_actual_shop,2009,numeric,ZA5400_v4-0-0.sav,V24,original microdata,ff5bd2c5c8c7ba6e8e7ba11541b464be2d464ddfa95385d74507f226bbbaaa2d,Mean,1274.4113012207806,28.18700668283063,1219.1325128756505,1329.690089565911,1473.0,2012.0,2012.0,1337.845553975951,1475.465503377333,True,Approximate weighted respondent linearization; PSU/stratum unavailable in supplied file,valid monetary answers,26.666724484228155,,,,How much does a shop assistant earn per month after taxes?,,All,2011.0,issp__earn_actual_shop,"Weighted mean (monthly UAH, nominal)"
ISSP,earn_actual_shop,2019,numeric,ZA7810_v1-0-0.sav,v13,original microdata,694abfea6f4a06ec211c0e24428d0bce0acc0f3eff4453f98f44c99641d2bb43,Mean,5838.4714131997125,68.91438828334714,5703.319903687689,5973.6229227117365,1616.0,2001.0,2001.0,1325.4898611075937,1623.64216045708,True,Approximate weighted respondent linearization; PSU/stratum unavailable in supplied file,valid monetary answers,18.858462745773103,,,,How much does a shop assistant earn per month after taxes?,,All,2000.0,issp__earn_actual_shop,"Weighted mean (monthly UAH, nominal)"
ISSP,earn_actual_worker,2009,numeric,ZA5400_v4-0-0.sav,V25,original microdata,ff5bd2c5c8c7ba6e8e7ba11541b464be2d464ddfa95385d74507f226bbbaaa2d,Mean,1227.0878329382813,27.321295917468564,1173.50682835235,1280.6688375242124,1429.0,2012.0,2012.0,1299.1008698404785,1442.4738738664864,True,Approximate weighted respondent linearization; PSU/stratum unavailable in supplied file,valid monetary answers,28.306467501665868,,,,How much does an unskilled factory worker earn per month after taxes?,,All,2011.0,issp__earn_actual_worker,"Weighted mean (monthly UAH, nominal)"
ISSP,earn_actual_worker,2019,numeric,ZA7810_v1-0-0.sav,v14,original microdata,694abfea6f4a06ec211c0e24428d0bce0acc0f3eff4453f98f44c99641d2bb43,Mean,6089.748766886022,72.25129891929706,5948.053072323685,6231.444461448359,1552.0,2001.0,2001.0,1267.170407041832,1573.332849306406,True,Approximate weighted respondent linearization; PSU/stratum unavailable in supplied file,valid monetary answers,21.37267119908016,,,,How much does an unskilled factory worker earn per month after taxes?,,All,2000.0,issp__earn_actual_worker,"Weighted mean (monthly UAH, nominal)"
ISSP,earn_ideal_minister,2009,numeric,ZA5400_v4-0-0.sav,V31,original microdata,ff5bd2c5c8c7ba6e8e7ba11541b464be2d464ddfa95385d74507f226bbbaaa2d,Mean,9105.803947516495,336.07791873315705,8446.706642642388,9764.901252390602,1484.0,2012.0,2012.0,1347.4986074624485,1491.576867551465,True,Approximate weighted respondent linearization; PSU/stratum unavailable in supplied file,valid monetary answers,25.86596085728325,,,,How much should a cabinet minister earn per month after taxes?,,All,2011.0,issp__earn_ideal_minister,"Weighted mean (monthly UAH, nominal)"
ISSP,earn_ideal_minister,2019,numeric,ZA7810_v1-0-0.sav,v20,original microdata,694abfea6f4a06ec211c0e24428d0bce0acc0f3eff4453f98f44c99641d2bb43,Mean,46446.60875159286,1690.553868047295,43131.17763670631,49762.03986647941,1354.0,2001.0,2001.0,1101.002326107529,1352.4382838876977,True,Approximate weighted respondent linearization; PSU/stratum unavailable in supplied file,valid monetary answers,32.411879865682266,,,,How much should a cabinet minister earn per month after taxes?,,All,2000.0,issp__earn_ideal_minister,"Weighted mean (monthly UAH, nominal)"
ISSP,earn_ideal_chairman,2009,numeric,ZA5400_v4-0-0.sav,V28,original microdata,ff5bd2c5c8c7ba6e8e7ba11541b464be2d464ddfa95385d74507f226bbbaaa2d,Mean,14841.26118441184,1346.8232801727725,12199.946344538665,17482.576024285016,1169.0,2012.0,2012.0,1063.1318016854016,1187.1932365087837,True,Approximate weighted respondent linearization; PSU/stratum unavailable in supplied file,valid monetary answers,40.99437194290356,,,,How much should a corporate chairman earn per month after taxes?,,All,2011.0,issp__earn_ideal_chairman,"Weighted mean (monthly UAH, nominal)"
ISSP,earn_ideal_chairman,2019,numeric,ZA7810_v1-0-0.sav,v17,original microdata,694abfea6f4a06ec211c0e24428d0bce0acc0f3eff4453f98f44c99641d2bb43,Mean,86771.16832838139,5822.187734575209,75352.9800430132,98189.35661374958,1241.0,2001.0,2001.0,1008.9985732823516,1247.872499523236,True,Approximate weighted respondent linearization; PSU/stratum unavailable in supplied file,valid monetary answers,37.63755624571535,,,,How much should a corporate chairman earn per month after taxes?,,All,2000.0,issp__earn_ideal_chairman,"Weighted mean (monthly UAH, nominal)"
ISSP,earn_ideal_doctor,2009,numeric,ZA5400_v4-0-0.sav,V27,original microdata,ff5bd2c5c8c7ba6e8e7ba11541b464be2d464ddfa95385d74507f226bbbaaa2d,Mean,4277.338356824427,104.74367249144312,4071.920897379433,4482.755816269421,1574.0,2012.0,2012.0,1430.3879397836383,1580.8014076612455,True,Approximate weighted respondent linearization; PSU/stratum unavailable in supplied file,valid monetary answers,21.43134156753274,,,,How much should a doctor earn per month after taxes?,,All,2011.0,issp__earn_ideal_doctor,"Weighted mean (monthly UAH, nominal)"
ISSP,earn_ideal_doctor,2019,numeric,ZA7810_v1-0-0.sav,v16,original microdata,694abfea6f4a06ec211c0e24428d0bce0acc0f3eff4453f98f44c99641d2bb43,Mean,19091.748359513986,287.6421664059824,18527.638687245857,19655.858031782107,1713.0,2001.0,2001.0,1407.783209154563,1708.4252739383369,True,Approximate weighted respondent linearization; PSU/stratum unavailable in supplied file,valid monetary answers,14.621425590288014,,,,How much should a doctor earn per month after taxes?,,All,2000.0,issp__earn_ideal_doctor,"Weighted mean (monthly UAH, nominal)"
ISSP,earn_ideal_shop,2009,numeric,ZA5400_v4-0-0.sav,V29,original microdata,ff5bd2c5c8c7ba6e8e7ba11541b464be2d464ddfa95385d74507f226bbbaaa2d,Mean,2558.6500716845067,54.87062902672122,2451.040848666872,2666.2592947021417,1614.0,2012.0,2012.0,1467.191533010623,1614.3414379939347,True,Approximate weighted respondent linearization; PSU/stratum unavailable in supplied file,valid monetary answers,19.764342048015383,,,,How much should a shop assistant earn per month after taxes?,,All,2011.0,issp__earn_ideal_shop,"Weighted mean (monthly UAH, nominal)"
ISSP,earn_ideal_shop,2019,numeric,ZA7810_v1-0-0.sav,v18,original microdata,694abfea6f4a06ec211c0e24428d0bce0acc0f3eff4453f98f44c99641d2bb43,Mean,11119.29820413728,121.6155231908031,10880.79182036512,11357.80458790944,1712.0,2001.0,2001.0,1406.2380726977824,1708.891400683961,True,Approximate weighted respondent linearization; PSU/stratum unavailable in supplied file,valid monetary answers,14.598130900351784,,,,How much should a shop assistant earn per month after taxes?,,All,2000.0,issp__earn_ideal_shop,"Weighted mean (monthly UAH, nominal)"
ISSP,earn_ideal_worker,2009,numeric,ZA5400_v4-0-0.sav,V30,original microdata,ff5bd2c5c8c7ba6e8e7ba11541b464be2d464ddfa95385d74507f226bbbaaa2d,Mean,2935.8599762160325,86.26139070028937,2766.6889389174016,3105.031013514664,1613.0,2012.0,2012.0,1466.4052360204998,1614.9738511660594,True,Approximate weighted respondent linearization; PSU/stratum unavailable in supplied file,valid monetary answers,19.7329099818064,,,,How much should an unskilled factory worker earn per month after taxes?,,All,2011.0,issp__earn_ideal_worker,"Weighted mean (monthly UAH, nominal)"
ISSP,earn_ideal_worker,2019,numeric,ZA7810_v1-0-0.sav,v19,original microdata,694abfea6f4a06ec211c0e24428d0bce0acc0f3eff4453f98f44c99641d2bb43,Mean,11226.843923057231,138.50109087478853,10955.222394272469,11498.465451841996,1689.0,2001.0,2001.0,1385.3792797027193,1691.6105810811332,True,Approximate weighted respondent linearization; PSU/stratum unavailable in supplied file,valid monetary answers,15.461740075905386,,,,How much should an unskilled factory worker earn per month after taxes?,,All,2000.0,issp__earn_ideal_worker,"Weighted mean (monthly UAH, nominal)"
ISSP,ahead_religion,2009,ordinal,ZA5400_v4-0-0.sav,V15,original microdata,ff5bd2c5c8c7ba6e8e7ba11541b464be2d464ddfa95385d74507f226bbbaaa2d,Essential / very important,7.746296046404056,0.6300523946628666,6.510672364797379,8.981919728010732,2012.0,2012.0,2012.0,1829.3848508727403,2012.0000000000048,True,Approximate weighted respondent linearization; PSU/stratum unavailable in supplied file,all eligible adults,,,,,Importance for getting ahead: a person’s religion?,,All,2011.0,issp__ahead_religion,Response shares (%)
ISSP,ahead_religion,2019,ordinal,ZA7810_v1-0-0.sav,v9,original microdata,694abfea6f4a06ec211c0e24428d0bce0acc0f3eff4453f98f44c99641d2bb43,Essential / very important,11.761575266522314,0.7980794883084338,10.196421018733211,13.326729514311417,2001.0,2001.0,2001.0,1624.113195252279,2000.9999999999995,True,Approximate weighted respondent linearization; PSU/stratum unavailable in supplied file,all eligible adults,,,,,Importance for getting ahead: a person’s religion?,,All,2000.0,issp__ahead_religion,Response shares (%)
ISSP,ahead_religion,2009,ordinal,ZA5400_v4-0-0.sav,V15,original microdata,ff5bd2c5c8c7ba6e8e7ba11541b464be2d464ddfa95385d74507f226bbbaaa2d,Not very / not at all important,75.24764581295929,1.008804310045771,73.26923495989615,77.22605666602243,2012.0,2012.0,2012.0,1829.3848508727403,2012.0000000000048,True,Approximate weighted respondent linearization; PSU/stratum unavailable in supplied file,all eligible adults,,,,,Importance for getting ahead: a person’s religion?,,All,2011.0,issp__ahead_religion,Response shares (%)
ISSP,ahead_religion,2019,ordinal,ZA7810_v1-0-0.sav,v9,original microdata,694abfea6f4a06ec211c0e24428d0bce0acc0f3eff4453f98f44c99641d2bb43,Not very / not at all important,70.98685584489378,1.122645518812007,68.78517865825879,73.18853303152878,2001.0,2001.0,2001.0,1624.113195252279,2000.9999999999995,True,Approximate weighted respondent linearization; PSU/stratum unavailable in supplied file,all eligible adults,,,,,Importance for getting ahead: a person’s religion?,,All,2000.0,issp__ahead_religion,Response shares (%)
ISSP,ahead_religion,2009,ordinal,ZA5400_v4-0-0.sav,V15,original microdata,ff5bd2c5c8c7ba6e8e7ba11541b464be2d464ddfa95385d74507f226bbbaaa2d,Important,10.949427176450362,0.7234350590903182,9.530666611950272,12.368187740950452,2012.0,2012.0,2012.0,1829.3848508727403,2012.0000000000048,True,Approximate weighted respondent linearization; PSU/stratum unavailable in supplied file,all eligible adults,,,,,Importance for getting ahead: a person’s religion?,,All,2011.0,issp__ahead_religion,Response shares (%)
ISSP,ahead_religion,2019,ordinal,ZA7810_v1-0-0.sav,v9,original microdata,694abfea6f4a06ec211c0e24428d0bce0acc0f3eff4453f98f44c99641d2bb43,Important,13.32947173546259,0.8267870546109659,11.708017620303972,14.950925850621209,2001.0,2001.0,2001.0,1624.113195252279,2000.9999999999995,True,Approximate weighted respondent linearization; PSU/stratum unavailable in supplied file,all eligible adults,,,,,Importance for getting ahead: a person’s religion?,,All,2000.0,issp__ahead_religion,Response shares (%)
ISSP,ahead_religion,2009,ordinal,ZA5400_v4-0-0.sav,V15,original microdata,ff5bd2c5c8c7ba6e8e7ba11541b464be2d464ddfa95385d74507f226bbbaaa2d,Don't know,5.845243489320997,0.550609563409476,4.765418665812618,6.925068312829376,2012.0,2012.0,2012.0,1829.3848508727403,2012.0000000000048,True,Approximate weighted respondent linearization; PSU/stratum unavailable in supplied file,all eligible adults,,,,,Importance for getting ahead: a person’s religion?,,All,2011.0,issp__ahead_religion,Response shares (%)
ISSP,ahead_religion,2019,ordinal,ZA7810_v1-0-0.sav,v9,original microdata,694abfea6f4a06ec211c0e24428d0bce0acc0f3eff4453f98f44c99641d2bb43,Don't know,3.92209715312133,0.5018713203939649,2.937851798535091,4.906342507707571,2001.0,2001.0,2001.0,1624.113195252279,2000.9999999999995,True,Approximate weighted respondent linearization; PSU/stratum unavailable in supplied file,all eligible adults,,,,,Importance for getting ahead: a person’s religion?,,All,2000.0,issp__ahead_religion,Response shares (%)
ISSP,ahead_religion,2009,ordinal,ZA5400_v4-0-0.sav,V15,original microdata,ff5bd2c5c8c7ba6e8e7ba11541b464be2d464ddfa95385d74507f226bbbaaa2d,No answer,0.2113874748652978,0.1122331215919095,0.0,0.4314928249509998,2012.0,2012.0,2012.0,1829.3848508727403,2012.0000000000048,True,Approximate weighted respondent linearization; PSU/stratum unavailable in supplied file,all eligible adults,,,,,Importance for getting ahead: a person’s religion?,,All,2011.0,issp__ahead_religion,Response shares (%)
ISSP,ahead_religion,2019,ordinal,ZA7810_v1-0-0.sav,v9,original microdata,694abfea6f4a06ec211c0e24428d0bce0acc0f3eff4453f98f44c99641d2bb43,No answer,0.0,0.0,0.0,0.0,2001.0,2001.0,2001.0,1624.113195252279,2000.9999999999995,True,Approximate weighted respondent linearization; PSU/stratum unavailable in supplied file,all eligible adults,,,,,Importance for getting ahead: a person’s religion?,,All,2000.0,issp__ahead_religion,Response shares (%)
ISSP,ahead_gender,2009,ordinal,ZA5400_v4-0-0.sav,V16,original microdata,ff5bd2c5c8c7ba6e8e7ba11541b464be2d464ddfa95385d74507f226bbbaaa2d,Essential / very important,10.310075366648164,0.7191955762834401,8.899629039818334,11.720521693477997,2012.0,2012.0,2012.0,1829.3848508727403,2012.0000000000048,True,Approximate weighted respondent linearization; PSU/stratum unavailable in supplied file,all eligible adults,,,,,Importance for getting ahead: being born a man or woman?,,All,2011.0,issp__ahead_gender,Response shares (%)
ISSP,ahead_gender,2019,ordinal,ZA7810_v1-0-0.sav,v10,original microdata,694abfea6f4a06ec211c0e24428d0bce0acc0f3eff4453f98f44c99641d2bb43,Essential / very important,9.84155075095641,0.7663826207208161,8.338558841221529,11.34454266069129,2001.0,2001.0,2001.0,1624.113195252279,2000.9999999999995,True,Approximate weighted respondent linearization; PSU/stratum unavailable in supplied file,all eligible adults,,,,,Importance for getting ahead: being born a man or woman?,,All,2000.0,issp__ahead_gender,Response shares (%)
ISSP,ahead_gender,2009,ordinal,ZA5400_v4-0-0.sav,V16,original microdata,ff5bd2c5c8c7ba6e8e7ba11541b464be2d464ddfa95385d74507f226bbbaaa2d,Not very / not at all important,62.99033113459973,1.1276679960645088,60.77881143761829,65.20185083158117,2012.0,2012.0,2012.0,1829.3848508727403,2012.0000000000048,True,Approximate weighted respondent linearization; PSU/stratum unavailable in supplied file,all eligible adults,,,,,Importance for getting ahead: being born a man or woman?,,All,2011.0,issp__ahead_gender,Response shares (%)
ISSP,ahead_gender,2019,ordinal,ZA7810_v1-0-0.sav,v10,original microdata,694abfea6f4a06ec211c0e24428d0bce0acc0f3eff4453f98f44c99641d2bb43,Not very / not at all important,67.62324550093503,1.1688064865677692,65.33103969425227,69.91545130761779,2001.0,2001.0,2001.0,1624.113195252279,2000.9999999999995,True,Approximate weighted respondent linearization; PSU/stratum unavailable in supplied file,all eligible adults,,,,,Importance for getting ahead: being born a man or woman?,,All,2000.0,issp__ahead_gender,Response shares (%)
ISSP,ahead_gender,2009,ordinal,ZA5400_v4-0-0.sav,V16,original microdata,ff5bd2c5c8c7ba6e8e7ba11541b464be2d464ddfa95385d74507f226bbbaaa2d,Important,19.65451417985314,0.922365486039873,17.845622336409935,21.463406023296347,2012.0,2012.0,2012.0,1829.3848508727403,2012.0000000000048,True,Approximate weighted respondent linearization; PSU/stratum unavailable in supplied file,all eligible adults,,,,,Importance for getting ahead: being born a man or woman?,,All,2011.0,issp__ahead_gender,Response shares (%)
ISSP,ahead_gender,2019,ordinal,ZA7810_v1-0-0.sav,v10,original microdata,694abfea6f4a06ec211c0e24428d0bce0acc0f3eff4453f98f44c99641d2bb43,Important,18.21433566125174,0.948591835757602,16.35400399892454,20.074667323578943,2001.0,2001.0,2001.0,1624.113195252279,2000.9999999999995,True,Approximate weighted respondent linearization; PSU/stratum unavailable in supplied file,all eligible adults,,,,,Importance for getting ahead: being born a man or woman?,,All,2000.0,issp__ahead_gender,Response shares (%)
ISSP,ahead_gender,2009,ordinal,ZA5400_v4-0-0.sav,V16,original microdata,ff5bd2c5c8c7ba6e8e7ba11541b464be2d464ddfa95385d74507f226bbbaaa2d,Don't know,6.800061821057861,0.5843030911686105,5.654159126615692,7.94596451550003,2012.0,2012.0,2012.0,1829.3848508727403,2012.0000000000048,True,Approximate weighted respondent linearization; PSU/stratum unavailable in supplied file,all eligible adults,,,,,Importance for getting ahead: being born a man or woman?,,All,2011.0,issp__ahead_gender,Response shares (%)
ISSP,ahead_gender,2019,ordinal,ZA7810_v1-0-0.sav,v10,original microdata,694abfea6f4a06ec211c0e24428d0bce0acc0f3eff4453f98f44c99641d2bb43,Don't know,4.320868086856836,0.5282010435467996,3.284986173958445,5.356749999755228,2001.0,2001.0,2001.0,1624.113195252279,2000.9999999999995,True,Approximate weighted respondent linearization; PSU/stratum unavailable in supplied file,all eligible adults,,,,,Importance for getting ahead: being born a man or woman?,,All,2000.0,issp__ahead_gender,Response shares (%)
ISSP,ahead_gender,2009,ordinal,ZA5400_v4-0-0.sav,V16,original microdata,ff5bd2c5c8c7ba6e8e7ba11541b464be2d464ddfa95385d74507f226bbbaaa2d,No answer,0.2450174978411124,0.1152139585130861,0.0190662963277936,0.4709686993544313,2012.0,2012.0,2012.0,1829.3848508727403,2012.0000000000048,True,Approximate weighted respondent linearization; PSU/stratum unavailable in supplied file,all eligible adults,,,,,Importance for getting ahead: being born a man or woman?,,All,2011.0,issp__ahead_gender,Response shares (%)
ISSP,ahead_gender,2019,ordinal,ZA7810_v1-0-0.sav,v10,original microdata,694abfea6f4a06ec211c0e24428d0bce0acc0f3eff4453f98f44c99641d2bb43,No answer,0.0,0.0,0.0,0.0,2001.0,2001.0,2001.0,1624.113195252279,2000.9999999999995,True,Approximate weighted respondent linearization; PSU/stratum unavailable in supplied file,all eligible adults,,,,,Importance for getting ahead: being born a man or woman?,,All,2000.0,issp__ahead_gender,Response shares (%)
ISSP,ahead_wealth,2009,ordinal,ZA5400_v4-0-0.sav,V6,original microdata,ff5bd2c5c8c7ba6e8e7ba11541b464be2d464ddfa95385d74507f226bbbaaa2d,Essential / very important,43.02084737168038,1.158383123143176,40.74909087737312,45.29260386598765,2012.0,2012.0,2012.0,1829.3848508727403,2012.0000000000048,True,Approximate weighted respondent linearization; PSU/stratum unavailable in supplied file,all eligible adults,,,,,Importance for getting ahead: coming from a wealthy family?,,All,2011.0,issp__ahead_wealth,Response shares (%)
ISSP,ahead_wealth,2019,ordinal,ZA7810_v1-0-0.sav,v1,original microdata,694abfea6f4a06ec211c0e24428d0bce0acc0f3eff4453f98f44c99641d2bb43,Essential / very important,26.841400933276294,1.1321457518610338,24.62109235674906,29.061709509803528,2001.0,2001.0,2001.0,1624.113195252279,2000.9999999999995,True,Approximate weighted respondent linearization; PSU/stratum unavailable in supplied file,all eligible adults,,,,,Importance for getting ahead: coming from a wealthy family?,,All,2000.0,issp__ahead_wealth,Response shares (%)
ISSP,ahead_wealth,2009,ordinal,ZA5400_v4-0-0.sav,V6,original microdata,ff5bd2c5c8c7ba6e8e7ba11541b464be2d464ddfa95385d74507f226bbbaaa2d,Not very / not at all important,25.978982621579483,1.025487419622734,23.96785378275713,27.990111460401835,2012.0,2012.0,2012.0,1829.3848508727403,2012.0000000000048,True,Approximate weighted respondent linearization; PSU/stratum unavailable in supplied file,all eligible adults,,,,,Importance for getting ahead: coming from a wealthy family?,,All,2011.0,issp__ahead_wealth,Response shares (%)
ISSP,ahead_wealth,2019,ordinal,ZA7810_v1-0-0.sav,v1,original microdata,694abfea6f4a06ec211c0e24428d0bce0acc0f3eff4453f98f44c99641d2bb43,Not very / not at all important,47.50776887407161,1.237034837021023,45.08175698153405,49.93378076660917,2001.0,2001.0,2001.0,1624.113195252279,2000.9999999999995,True,Approximate weighted respondent linearization; PSU/stratum unavailable in supplied file,all eligible adults,,,,,Importance for getting ahead: coming from a wealthy family?,,All,2000.0,issp__ahead_wealth,Response shares (%)
ISSP,ahead_wealth,2009,ordinal,ZA5400_v4-0-0.sav,V6,original microdata,ff5bd2c5c8c7ba6e8e7ba11541b464be2d464ddfa95385d74507f226bbbaaa2d,Important,26.88153263803139,1.0363439052118586,24.84911266404857,28.913952612014214,2012.0,2012.0,2012.0,1829.3848508727403,2012.0000000000048,True,Approximate weighted respondent linearization; PSU/stratum unavailable in supplied file,all eligible adults,,,,,Importance for getting ahead: coming from a wealthy family?,,All,2011.0,issp__ahead_wealth,Response shares (%)
ISSP,ahead_wealth,2019,ordinal,ZA7810_v1-0-0.sav,v1,original microdata,694abfea6f4a06ec211c0e24428d0bce0acc0f3eff4453f98f44c99641d2bb43,Important,22.289118568868275,1.0299962658448167,20.269140541227376,24.30909659650917,2001.0,2001.0,2001.0,1624.113195252279,2000.9999999999995,True,Approximate weighted respondent linearization; PSU/stratum unavailable in supplied file,all eligible adults,,,,,Importance for getting ahead: coming from a wealthy family?,,All,2000.0,issp__ahead_wealth,Response shares (%)
ISSP,ahead_wealth,2009,ordinal,ZA5400_v4-0-0.sav,V6,original microdata,ff5bd2c5c8c7ba6e8e7ba11541b464be2d464ddfa95385d74507f226bbbaaa2d,Don't know,4.034632323694888,0.4545749265496649,3.143145283779848,4.926119363609928,2012.0,2012.0,2012.0,1829.3848508727403,2012.0000000000048,True,Approximate weighted respondent linearization; PSU/stratum unavailable in supplied file,all eligible adults,,,,,Importance for getting ahead: coming from a wealthy family?,,All,2011.0,issp__ahead_wealth,Response shares (%)
ISSP,ahead_wealth,2019,ordinal,ZA7810_v1-0-0.sav,v1,original microdata,694abfea6f4a06ec211c0e24428d0bce0acc0f3eff4453f98f44c99641d2bb43,Don't know,3.3617116237838323,0.4211901328119476,2.535694246874749,4.187729000692915,2001.0,2001.0,2001.0,1624.113195252279,2000.9999999999995,True,Approximate weighted respondent linearization; PSU/stratum unavailable in supplied file,all eligible adults,,,,,Importance for getting ahead: coming from a wealthy family?,,All,2000.0,issp__ahead_wealth,Response shares (%)
ISSP,ahead_wealth,2009,ordinal,ZA5400_v4-0-0.sav,V6,original microdata,ff5bd2c5c8c7ba6e8e7ba11541b464be2d464ddfa95385d74507f226bbbaaa2d,No answer,0.0840050450138539,0.0593994137210064,0.0,0.2004958684579915,2012.0,2012.0,2012.0,1829.3848508727403,2012.0000000000048,True,Approximate weighted respondent linearization; PSU/stratum unavailable in supplied file,all eligible adults,,,,,Importance for getting ahead: coming from a wealthy family?,,All,2011.0,issp__ahead_wealth,Response shares (%)
ISSP,ahead_wealth,2019,ordinal,ZA7810_v1-0-0.sav,v1,original microdata,694abfea6f4a06ec211c0e24428d0bce0acc0f3eff4453f98f44c99641d2bb43,No answer,0.0,0.0,0.0,0.0,2001.0,2001.0,2001.0,1624.113195252279,2000.9999999999995,True,Approximate weighted respondent linearization; PSU/stratum unavailable in supplied file,all eligible adults,,,,,Importance for getting ahead: coming from a wealthy family?,,All,2000.0,issp__ahead_wealth,Response shares (%)
ISSP,ahead_race,2009,ordinal,ZA5400_v4-0-0.sav,V14,original microdata,ff5bd2c5c8c7ba6e8e7ba11541b464be2d464ddfa95385d74507f226bbbaaa2d,Essential / very important,7.724486880326804,0.6293748664481935,6.490191929336976,8.958781831316633,2012.0,2012.0,2012.0,1829.3848508727403,2012.0000000000048,True,Approximate weighted respondent linearization; PSU/stratum unavailable in supplied file,all eligible adults,,,,,Importance for getting ahead: ethnic background (nationality)?,,All,2011.0,issp__ahead_race,Response shares (%)
ISSP,ahead_race,2019,ordinal,ZA7810_v1-0-0.sav,v8,original microdata,694abfea6f4a06ec211c0e24428d0bce0acc0f3eff4453f98f44c99641d2bb43,Essential / very important,11.465902671762056,0.8033163120945448,9.890478222678688,13.041327120845429,2001.0,2001.0,2001.0,1624.113195252279,2000.9999999999995,True,Approximate weighted respondent linearization; PSU/stratum unavailable in supplied file,all eligible adults,,,,,Importance for getting ahead: ethnic background (nationality)?,,All,2000.0,issp__ahead_race,Response shares (%)
ISSP,ahead_race,2009,ordinal,ZA5400_v4-0-0.sav,V14,original microdata,ff5bd2c5c8c7ba6e8e7ba11541b464be2d464ddfa95385d74507f226bbbaaa2d,Not very / not at all important,71.66255192218631,1.0531282054628777,69.59721551292758,73.72788833144504,2012.0,2012.0,2012.0,1829.3848508727403,2012.0000000000048,True,Approximate weighted respondent linearization; PSU/stratum unavailable in supplied file,all eligible adults,,,,,Importance for getting ahead: ethnic background (nationality)?,,All,2011.0,issp__ahead_race,Response shares (%)
ISSP,ahead_race,2019,ordinal,ZA7810_v1-0-0.sav,v8,original microdata,694abfea6f4a06ec211c0e24428d0bce0acc0f3eff4453f98f44c99641d2bb43,Not very / not at all important,72.6080113515723,1.0939761841051103,70.46255905438146,74.75346364876314,2001.0,2001.0,2001.0,1624.113195252279,2000.9999999999995,True,Approximate weighted respondent linearization; PSU/stratum unavailable in supplied file,all eligible adults,,,,,Importance for getting ahead: ethnic background (nationality)?,,All,2000.0,issp__ahead_race,Response shares (%)
ISSP,ahead_race,2009,ordinal,ZA5400_v4-0-0.sav,V14,original microdata,ff5bd2c5c8c7ba6e8e7ba11541b464be2d464ddfa95385d74507f226bbbaaa2d,Important,14.312832830395006,0.8208827514073027,12.702963276603294,15.92270238418672,2012.0,2012.0,2012.0,1829.3848508727403,2012.0000000000048,True,Approximate weighted respondent linearization; PSU/stratum unavailable in supplied file,all eligible adults,,,,,Importance for getting ahead: ethnic background (nationality)?,,All,2011.0,issp__ahead_race,Response shares (%)
ISSP,ahead_race,2019,ordinal,ZA7810_v1-0-0.sav,v8,original microdata,694abfea6f4a06ec211c0e24428d0bce0acc0f3eff4453f98f44c99641d2bb43,Important,12.031246019116862,0.7538447272216616,10.552842809575395,13.50964922865833,2001.0,2001.0,2001.0,1624.113195252279,2000.9999999999995,True,Approximate weighted respondent linearization; PSU/stratum unavailable in supplied file,all eligible adults,,,,,Importance for getting ahead: ethnic background (nationality)?,,All,2000.0,issp__ahead_race,Response shares (%)
ISSP,ahead_race,2009,ordinal,ZA5400_v4-0-0.sav,V14,original microdata,ff5bd2c5c8c7ba6e8e7ba11541b464be2d464ddfa95385d74507f226bbbaaa2d,Don't know,5.611486767362649,0.5255354004398353,4.580835996400062,6.642137538325237,2012.0,2012.0,2012.0,1829.3848508727403,2012.0000000000048,True,Approximate weighted respondent linearization; PSU/stratum unavailable in supplied file,all eligible adults,,,,,Importance for getting ahead: ethnic background (nationality)?,,All,2011.0,issp__ahead_race,Response shares (%)
ISSP,ahead_race,2019,ordinal,ZA7810_v1-0-0.sav,v8,original microdata,694abfea6f4a06ec211c0e24428d0bce0acc0f3eff4453f98f44c99641d2bb43,Don't know,3.894839957548792,0.5003751499846518,2.9135288187967623,4.876151096300822,2001.0,2001.0,2001.0,1624.113195252279,2000.9999999999995,True,Approximate weighted respondent linearization; PSU/stratum unavailable in supplied file,all eligible adults,,,,,Importance for getting ahead: ethnic background (nationality)?,,All,2000.0,issp__ahead_race,Response shares (%)
ISSP,ahead_race,2009,ordinal,ZA5400_v4-0-0.sav,V14,original microdata,ff5bd2c5c8c7ba6e8e7ba11541b464be2d464ddfa95385d74507f226bbbaaa2d,No answer,0.6886415997292333,0.1930001941637392,0.3101403631915826,1.067142836266884,2012.0,2012.0,2012.0,1829.3848508727403,2012.0000000000048,True,Approximate weighted respondent linearization; PSU/stratum unavailable in supplied file,all eligible adults,,,,,Importance for getting ahead: ethnic background (nationality)?,,All,2011.0,issp__ahead_race,Response shares (%)
ISSP,ahead_race,2019,ordinal,ZA7810_v1-0-0.sav,v8,original microdata,694abfea6f4a06ec211c0e24428d0bce0acc0f3eff4453f98f44c99641d2bb43,No answer,0.0,0.0,0.0,0.0,2001.0,2001.0,2001.0,1624.113195252279,2000.9999999999995,True,Approximate weighted respondent linearization; PSU/stratum unavailable in supplied file,all eligible adults,,,,,Importance for getting ahead: ethnic background (nationality)?,,All,2000.0,issp__ahead_race,Response shares (%)
ISSP,ahead_bribes,2009,ordinal,ZA5400_v4-0-0.sav,V13,original microdata,ff5bd2c5c8c7ba6e8e7ba11541b464be2d464ddfa95385d74507f226bbbaaa2d,Essential / very important,23.30336511606896,0.995729550749002,21.35059575307116,25.25613447906676,2012.0,2012.0,2012.0,1829.3848508727403,2012.0000000000048,True,Approximate weighted respondent linearization; PSU/stratum unavailable in supplied file,all eligible adults,,,,,Importance for getting ahead: giving bribes?,,All,2011.0,issp__ahead_bribes,Response shares (%)
ISSP,ahead_bribes,2019,ordinal,ZA7810_v1-0-0.sav,v7,original microdata,694abfea6f4a06ec211c0e24428d0bce0acc0f3eff4453f98f44c99641d2bb43,Essential / very important,7.091837966137225,0.676999207505612,5.764140411068929,8.419535521205521,2001.0,2001.0,2001.0,1624.113195252279,2000.9999999999995,True,Approximate weighted respondent linearization; PSU/stratum unavailable in supplied file,all eligible adults,,,,,Importance for getting ahead: giving bribes?,,All,2000.0,issp__ahead_bribes,Response shares (%)
ISSP,ahead_bribes,2009,ordinal,ZA5400_v4-0-0.sav,V13,original microdata,ff5bd2c5c8c7ba6e8e7ba11541b464be2d464ddfa95385d74507f226bbbaaa2d,Not very / not at all important,33.31056751499972,1.0977823740544297,31.157657836181865,35.463477193817575,2012.0,2012.0,2012.0,1829.3848508727403,2012.0000000000048,True,Approximate weighted respondent linearization; PSU/stratum unavailable in supplied file,all eligible adults,,,,,Importance for getting ahead: giving bribes?,,All,2011.0,issp__ahead_bribes,Response shares (%)
ISSP,ahead_bribes,2019,ordinal,ZA7810_v1-0-0.sav,v7,original microdata,694abfea6f4a06ec211c0e24428d0bce0acc0f3eff4453f98f44c99641d2bb43,Not very / not at all important,65.54090319091848,1.2105190441533895,63.16689276746797,67.91491361436901,2001.0,2001.0,2001.0,1624.113195252279,2000.9999999999995,True,Approximate weighted respondent linearization; PSU/stratum unavailable in supplied file,all eligible adults,,,,,Importance for getting ahead: giving bribes?,,All,2000.0,issp__ahead_bribes,Response shares (%)
ISSP,ahead_bribes,2009,ordinal,ZA5400_v4-0-0.sav,V13,original microdata,ff5bd2c5c8c7ba6e8e7ba11541b464be2d464ddfa95385d74507f226bbbaaa2d,Important,24.61680682475627,1.0129457396294623,22.6302740305456,26.60333961896695,2012.0,2012.0,2012.0,1829.3848508727403,2012.0000000000048,True,Approximate weighted respondent linearization; PSU/stratum unavailable in supplied file,all eligible adults,,,,,Importance for getting ahead: giving bribes?,,All,2011.0,issp__ahead_bribes,Response shares (%)
ISSP,ahead_bribes,2019,ordinal,ZA7810_v1-0-0.sav,v7,original microdata,694abfea6f4a06ec211c0e24428d0bce0acc0f3eff4453f98f44c99641d2bb43,Important,14.945946104423314,0.9173297683809598,13.14692407135739,16.744968137489238,2001.0,2001.0,2001.0,1624.113195252279,2000.9999999999995,True,Approximate weighted respondent linearization; PSU/stratum unavailable in supplied file,all eligible adults,,,,,Importance for getting ahead: giving bribes?,,All,2000.0,issp__ahead_bribes,Response shares (%)
ISSP,ahead_bribes,2009,ordinal,ZA5400_v4-0-0.sav,V13,original microdata,ff5bd2c5c8c7ba6e8e7ba11541b464be2d464ddfa95385d74507f226bbbaaa2d,Don't know,17.847076574376857,0.8881628432734353,16.1052610498775,19.58889209887621,2012.0,2012.0,2012.0,1829.3848508727403,2012.0000000000048,True,Approximate weighted respondent linearization; PSU/stratum unavailable in supplied file,all eligible adults,,,,,Importance for getting ahead: giving bribes?,,All,2011.0,issp__ahead_bribes,Response shares (%)
ISSP,ahead_bribes,2019,ordinal,ZA7810_v1-0-0.sav,v7,original microdata,694abfea6f4a06ec211c0e24428d0bce0acc0f3eff4453f98f44c99641d2bb43,Don't know,12.42131273852099,0.8606544417915816,10.73343956901528,14.1091859080267,2001.0,2001.0,2001.0,1624.113195252279,2000.9999999999995,True,Approximate weighted respondent linearization; PSU/stratum unavailable in supplied file,all eligible adults,,,,,Importance for getting ahead: giving bribes?,,All,2000.0,issp__ahead_bribes,Response shares (%)
ISSP,ahead_bribes,2009,ordinal,ZA5400_v4-0-0.sav,V13,original microdata,ff5bd2c5c8c7ba6e8e7ba11541b464be2d464ddfa95385d74507f226bbbaaa2d,No answer,0.9221839697981928,0.2265702160032333,0.477847075260817,1.3665208643355684,2012.0,2012.0,2012.0,1829.3848508727403,2012.0000000000048,True,Approximate weighted respondent linearization; PSU/stratum unavailable in supplied file,all eligible adults,,,,,Importance for getting ahead: giving bribes?,,All,2011.0,issp__ahead_bribes,Response shares (%)
ISSP,ahead_bribes,2019,ordinal,ZA7810_v1-0-0.sav,v7,original microdata,694abfea6f4a06ec211c0e24428d0bce0acc0f3eff4453f98f44c99641d2bb43,No answer,0.0,0.0,0.0,0.0,2001.0,2001.0,2001.0,1624.113195252279,2000.9999999999995,True,Approximate weighted respondent linearization; PSU/stratum unavailable in supplied file,all eligible adults,,,,,Importance for getting ahead: giving bribes?,,All,2000.0,issp__ahead_bribes,Response shares (%)
ISSP,ahead_work,2009,ordinal,ZA5400_v4-0-0.sav,V10,original microdata,ff5bd2c5c8c7ba6e8e7ba11541b464be2d464ddfa95385d74507f226bbbaaa2d,Essential / very important,55.86053383082366,1.1621503531000097,53.58138925484549,58.13967840680184,2012.0,2012.0,2012.0,1829.3848508727403,2012.0000000000048,True,Approximate weighted respondent linearization; PSU/stratum unavailable in supplied file,all eligible adults,,,,,Importance for getting ahead: hard work?,,All,2011.0,issp__ahead_work,Response shares (%)
ISSP,ahead_work,2019,ordinal,ZA7810_v1-0-0.sav,v4,original microdata,694abfea6f4a06ec211c0e24428d0bce0acc0f3eff4453f98f44c99641d2bb43,Essential / very important,48.85228692568098,1.241631082056604,46.41726110339493,51.28731274796703,2001.0,2001.0,2001.0,1624.113195252279,2000.9999999999995,True,Approximate weighted respondent linearization; PSU/stratum unavailable in supplied file,all eligible adults,,,,,Importance for getting ahead: hard work?,,All,2000.0,issp__ahead_work,Response shares (%)
ISSP,ahead_work,2009,ordinal,ZA5400_v4-0-0.sav,V10,original microdata,ff5bd2c5c8c7ba6e8e7ba11541b464be2d464ddfa95385d74507f226bbbaaa2d,Not very / not at all important,12.411935683849247,0.7826350174664963,10.877075456623684,13.94679591107481,2012.0,2012.0,2012.0,1829.3848508727403,2012.0000000000048,True,Approximate weighted respondent linearization; PSU/stratum unavailable in supplied file,all eligible adults,,,,,Importance for getting ahead: hard work?,,All,2011.0,issp__ahead_work,Response shares (%)
ISSP,ahead_work,2019,ordinal,ZA7810_v1-0-0.sav,v4,original microdata,694abfea6f4a06ec211c0e24428d0bce0acc0f3eff4453f98f44c99641d2bb43,Not very / not at all important,15.575048603586206,0.9283874837268684,13.75434072293488,17.39575648423753,2001.0,2001.0,2001.0,1624.113195252279,2000.9999999999995,True,Approximate weighted respondent linearization; PSU/stratum unavailable in supplied file,all eligible adults,,,,,Importance for getting ahead: hard work?,,All,2000.0,issp__ahead_work,Response shares (%)
ISSP,ahead_work,2009,ordinal,ZA5400_v4-0-0.sav,V10,original microdata,ff5bd2c5c8c7ba6e8e7ba11541b464be2d464ddfa95385d74507f226bbbaaa2d,Important,28.29915860005085,1.0545004462465704,26.23113102855932,30.367186171542382,2012.0,2012.0,2012.0,1829.3848508727403,2012.0000000000048,True,Approximate weighted respondent linearization; PSU/stratum unavailable in supplied file,all eligible adults,,,,,Importance for getting ahead: hard work?,,All,2011.0,issp__ahead_work,Response shares (%)
ISSP,ahead_work,2019,ordinal,ZA7810_v1-0-0.sav,v4,original microdata,694abfea6f4a06ec211c0e24428d0bce0acc0f3eff4453f98f44c99641d2bb43,Important,32.68860720965378,1.139931499556802,30.453029607601188,34.924184811706375,2001.0,2001.0,2001.0,1624.113195252279,2000.9999999999995,True,Approximate weighted respondent linearization; PSU/stratum unavailable in supplied file,all eligible adults,,,,,Importance for getting ahead: hard work?,,All,2000.0,issp__ahead_work,Response shares (%)
ISSP,ahead_work,2009,ordinal,ZA5400_v4-0-0.sav,V10,original microdata,ff5bd2c5c8c7ba6e8e7ba11541b464be2d464ddfa95385d74507f226bbbaaa2d,Don't know,2.7947274358311915,0.3749783812436584,2.059340709457229,3.530114162205154,2012.0,2012.0,2012.0,1829.3848508727403,2012.0000000000048,True,Approximate weighted respondent linearization; PSU/stratum unavailable in supplied file,all eligible adults,,,,,Importance for getting ahead: hard work?,,All,2011.0,issp__ahead_work,Response shares (%)
ISSP,ahead_work,2019,ordinal,ZA7810_v1-0-0.sav,v4,original microdata,694abfea6f4a06ec211c0e24428d0bce0acc0f3eff4453f98f44c99641d2bb43,Don't know,2.8840572610790454,0.3949224836184874,2.109554706085407,3.658559816072684,2001.0,2001.0,2001.0,1624.113195252279,2000.9999999999995,True,Approximate weighted respondent linearization; PSU/stratum unavailable in supplied file,all eligible adults,,,,,Importance for getting ahead: hard work?,,All,2000.0,issp__ahead_work,Response shares (%)
ISSP,ahead_work,2009,ordinal,ZA5400_v4-0-0.sav,V10,original microdata,ff5bd2c5c8c7ba6e8e7ba11541b464be2d464ddfa95385d74507f226bbbaaa2d,No answer,0.6336444494450479,0.1785261908141006,0.2835288225137817,0.983760076376314,2012.0,2012.0,2012.0,1829.3848508727403,2012.0000000000048,True,Approximate weighted respondent linearization; PSU/stratum unavailable in supplied file,all eligible adults,,,,,Importance for getting ahead: hard work?,,All,2011.0,issp__ahead_work,Response shares (%)
ISSP,ahead_work,2019,ordinal,ZA7810_v1-0-0.sav,v4,original microdata,694abfea6f4a06ec211c0e24428d0bce0acc0f3eff4453f98f44c99641d2bb43,No answer,0.0,0.0,0.0,0.0,2001.0,2001.0,2001.0,1624.113195252279,2000.9999999999995,True,Approximate weighted respondent linearization; PSU/stratum unavailable in supplied file,all eligible adults,,,,,Importance for getting ahead: hard work?,,All,2000.0,issp__ahead_work,Response shares (%)
ISSP,ahead_education,2009,ordinal,ZA5400_v4-0-0.sav,V8,original microdata,ff5bd2c5c8c7ba6e8e7ba11541b464be2d464ddfa95385d74507f226bbbaaa2d,Essential / very important,69.22009602829415,1.0834652993085987,67.09526419944106,71.34492785714724,2012.0,2012.0,2012.0,1829.3848508727403,2012.0000000000048,True,Approximate weighted respondent linearization; PSU/stratum unavailable in supplied file,all eligible adults,,,,,Importance for getting ahead: having a good education?,,All,2011.0,issp__ahead_education,Response shares (%)
ISSP,ahead_education,2019,ordinal,ZA7810_v1-0-0.sav,v3,original microdata,694abfea6f4a06ec211c0e24428d0bce0acc0f3eff4453f98f44c99641d2bb43,Essential / very important,56.11796085473498,1.2226231666228635,53.72021242150424,58.51570928796572,2001.0,2001.0,2001.0,1624.113195252279,2000.9999999999995,True,Approximate weighted respondent linearization; PSU/stratum unavailable in supplied file,all eligible adults,,,,,Importance for getting ahead: having a good education?,,All,2000.0,issp__ahead_education,Response shares (%)
ISSP,ahead_education,2009,ordinal,ZA5400_v4-0-0.sav,V8,original microdata,ff5bd2c5c8c7ba6e8e7ba11541b464be2d464ddfa95385d74507f226bbbaaa2d,Not very / not at all important,6.225199240597589,0.5829198686385341,5.082009245177869,7.368389236017308,2012.0,2012.0,2012.0,1829.3848508727403,2012.0000000000048,True,Approximate weighted respondent linearization; PSU/stratum unavailable in supplied file,all eligible adults,,,,,Importance for getting ahead: having a good education?,,All,2011.0,issp__ahead_education,Response shares (%)
ISSP,ahead_education,2019,ordinal,ZA7810_v1-0-0.sav,v3,original microdata,694abfea6f4a06ec211c0e24428d0bce0acc0f3eff4453f98f44c99641d2bb43,Not very / not at all important,13.761149252608416,0.8555437472179446,12.083298925987735,15.438999579229096,2001.0,2001.0,2001.0,1624.113195252279,2000.9999999999995,True,Approximate weighted respondent linearization; PSU/stratum unavailable in supplied file,all eligible adults,,,,,Importance for getting ahead: having a good education?,,All,2000.0,issp__ahead_education,Response shares (%)
ISSP,ahead_education,2009,ordinal,ZA5400_v4-0-0.sav,V8,original microdata,ff5bd2c5c8c7ba6e8e7ba11541b464be2d464ddfa95385d74507f226bbbaaa2d,Important,22.427452287082296,0.979100065551278,20.5072957446964,24.3476088294682,2012.0,2012.0,2012.0,1829.3848508727403,2012.0000000000048,True,Approximate weighted respondent linearization; PSU/stratum unavailable in supplied file,all eligible adults,,,,,Importance for getting ahead: having a good education?,,All,2011.0,issp__ahead_education,Response shares (%)
ISSP,ahead_education,2019,ordinal,ZA7810_v1-0-0.sav,v3,original microdata,694abfea6f4a06ec211c0e24428d0bce0acc0f3eff4453f98f44c99641d2bb43,Important,28.860062591077988,1.092694695588474,26.71712348615018,31.0030016960058,2001.0,2001.0,2001.0,1624.113195252279,2000.9999999999995,True,Approximate weighted respondent linearization; PSU/stratum unavailable in supplied file,all eligible adults,,,,,Importance for getting ahead: having a good education?,,All,2000.0,issp__ahead_education,Response shares (%)
ISSP,ahead_education,2009,ordinal,ZA5400_v4-0-0.sav,V8,original microdata,ff5bd2c5c8c7ba6e8e7ba11541b464be2d464ddfa95385d74507f226bbbaaa2d,Don't know,1.6482735244246167,0.2767124265427672,1.1056005179772015,2.190946530872032,2012.0,2012.0,2012.0,1829.3848508727403,2012.0000000000048,True,Approximate weighted respondent linearization; PSU/stratum unavailable in supplied file,all eligible adults,,,,,Importance for getting ahead: having a good education?,,All,2011.0,issp__ahead_education,Response shares (%)
ISSP,ahead_education,2019,ordinal,ZA7810_v1-0-0.sav,v3,original microdata,694abfea6f4a06ec211c0e24428d0bce0acc0f3eff4453f98f44c99641d2bb43,Don't know,1.2608273015786289,0.248592428195203,0.7733000556615413,1.748354547495716,2001.0,2001.0,2001.0,1624.113195252279,2000.9999999999995,True,Approximate weighted respondent linearization; PSU/stratum unavailable in supplied file,all eligible adults,,,,,Importance for getting ahead: having a good education?,,All,2000.0,issp__ahead_education,Response shares (%)
ISSP,ahead_education,2009,ordinal,ZA5400_v4-0-0.sav,V8,original microdata,ff5bd2c5c8c7ba6e8e7ba11541b464be2d464ddfa95385d74507f226bbbaaa2d,No answer,0.4789789196013407,0.1571878549546037,0.1707108490596977,0.7872469901429837,2012.0,2012.0,2012.0,1829.3848508727403,2012.0000000000048,True,Approximate weighted respondent linearization; PSU/stratum unavailable in supplied file,all eligible adults,,,,,Importance for getting ahead: having a good education?,,All,2011.0,issp__ahead_education,Response shares (%)
ISSP,ahead_education,2019,ordinal,ZA7810_v1-0-0.sav,v3,original microdata,694abfea6f4a06ec211c0e24428d0bce0acc0f3eff4453f98f44c99641d2bb43,No answer,0.0,0.0,0.0,0.0,2001.0,2001.0,2001.0,1624.113195252279,2000.9999999999995,True,Approximate weighted respondent linearization; PSU/stratum unavailable in supplied file,all eligible adults,,,,,Importance for getting ahead: having a good education?,,All,2000.0,issp__ahead_education,Response shares (%)
ISSP,ahead_parents,2009,ordinal,ZA5400_v4-0-0.sav,V7,original microdata,ff5bd2c5c8c7ba6e8e7ba11541b464be2d464ddfa95385d74507f226bbbaaa2d,Essential / very important,38.94336971483956,1.1348768462716925,36.71771242214607,41.16902700753304,2012.0,2012.0,2012.0,1829.3848508727403,2012.0000000000048,True,Approximate weighted respondent linearization; PSU/stratum unavailable in supplied file,all eligible adults,,,,,Importance for getting ahead: having well-educated parents?,,All,2011.0,issp__ahead_parents,Response shares (%)
ISSP,ahead_parents,2019,ordinal,ZA7810_v1-0-0.sav,v2,original microdata,694abfea6f4a06ec211c0e24428d0bce0acc0f3eff4453f98f44c99641d2bb43,Essential / very important,32.80466001745741,1.1871922778971304,30.476396900920577,35.13292313399424,2001.0,2001.0,2001.0,1624.113195252279,2000.9999999999995,True,Approximate weighted respondent linearization; PSU/stratum unavailable in supplied file,all eligible adults,,,,,Importance for getting ahead: having well-educated parents?,,All,2000.0,issp__ahead_parents,Response shares (%)
ISSP,ahead_parents,2009,ordinal,ZA5400_v4-0-0.sav,V7,original microdata,ff5bd2c5c8c7ba6e8e7ba11541b464be2d464ddfa95385d74507f226bbbaaa2d,Not very / not at all important,26.27364484026334,1.0401390869387035,24.23378196715433,28.31350771337236,2012.0,2012.0,2012.0,1829.3848508727403,2012.0000000000048,True,Approximate weighted respondent linearization; PSU/stratum unavailable in supplied file,all eligible adults,,,,,Importance for getting ahead: having well-educated parents?,,All,2011.0,issp__ahead_parents,Response shares (%)
ISSP,ahead_parents,2019,ordinal,ZA7810_v1-0-0.sav,v2,original microdata,694abfea6f4a06ec211c0e24428d0bce0acc0f3eff4453f98f44c99641d2bb43,Not very / not at all important,31.48432197697085,1.1381867922787046,29.252166009038,33.7164779449037,2001.0,2001.0,2001.0,1624.113195252279,2000.9999999999995,True,Approximate weighted respondent linearization; PSU/stratum unavailable in supplied file,all eligible adults,,,,,Importance for getting ahead: having well-educated parents?,,All,2000.0,issp__ahead_parents,Response shares (%)
ISSP,ahead_parents,2009,ordinal,ZA5400_v4-0-0.sav,V7,original microdata,ff5bd2c5c8c7ba6e8e7ba11541b464be2d464ddfa95385d74507f226bbbaaa2d,Important,32.02038584018777,1.093790178024299,29.875305433979992,34.16546624639555,2012.0,2012.0,2012.0,1829.3848508727403,2012.0000000000048,True,Approximate weighted respondent linearization; PSU/stratum unavailable in supplied file,all eligible adults,,,,,Importance for getting ahead: having well-educated parents?,,All,2011.0,issp__ahead_parents,Response shares (%)
ISSP,ahead_parents,2019,ordinal,ZA7810_v1-0-0.sav,v2,original microdata,694abfea6f4a06ec211c0e24428d0bce0acc0f3eff4453f98f44c99641d2bb43,Important,33.632702509964794,1.167248521010225,31.34355210872225,35.921852911207345,2001.0,2001.0,2001.0,1624.113195252279,2000.9999999999995,True,Approximate weighted respondent linearization; PSU/stratum unavailable in supplied file,all eligible adults,,,,,Importance for getting ahead: having well-educated parents?,,All,2000.0,issp__ahead_parents,Response shares (%)
ISSP,ahead_parents,2009,ordinal,ZA5400_v4-0-0.sav,V7,original microdata,ff5bd2c5c8c7ba6e8e7ba11541b464be2d464ddfa95385d74507f226bbbaaa2d,Don't know,2.384061811688001,0.3484341792632909,1.7007320965310866,3.067391526844915,2012.0,2012.0,2012.0,1829.3848508727403,2012.0000000000048,True,Approximate weighted respondent linearization; PSU/stratum unavailable in supplied file,all eligible adults,,,,,Importance for getting ahead: having well-educated parents?,,All,2011.0,issp__ahead_parents,Response shares (%)
ISSP,ahead_parents,2019,ordinal,ZA7810_v1-0-0.sav,v2,original microdata,694abfea6f4a06ec211c0e24428d0bce0acc0f3eff4453f98f44c99641d2bb43,Don't know,2.07831549560697,0.3242321542501482,1.4424473384512917,2.7141836527626486,2001.0,2001.0,2001.0,1624.113195252279,2000.9999999999995,True,Approximate weighted respondent linearization; PSU/stratum unavailable in supplied file,all eligible adults,,,,,Importance for getting ahead: having well-educated parents?,,All,2000.0,issp__ahead_parents,Response shares (%)
ISSP,ahead_parents,2009,ordinal,ZA5400_v4-0-0.sav,V7,original microdata,ff5bd2c5c8c7ba6e8e7ba11541b464be2d464ddfa95385d74507f226bbbaaa2d,No answer,0.3785377930213298,0.1387598358752221,0.1064097276165095,0.65066585842615,2012.0,2012.0,2012.0,1829.3848508727403,2012.0000000000048,True,Approximate weighted respondent linearization; PSU/stratum unavailable in supplied file,all eligible adults,,,,,Importance for getting ahead: having well-educated parents?,,All,2011.0,issp__ahead_parents,Response shares (%)
ISSP,ahead_parents,2019,ordinal,ZA7810_v1-0-0.sav,v2,original microdata,694abfea6f4a06ec211c0e24428d0bce0acc0f3eff4453f98f44c99641d2bb43,No answer,0.0,0.0,0.0,0.0,2001.0,2001.0,2001.0,1624.113195252279,2000.9999999999995,True,Approximate weighted respondent linearization; PSU/stratum unavailable in supplied file,all eligible adults,,,,,Importance for getting ahead: having well-educated parents?,,All,2000.0,issp__ahead_parents,Response shares (%)
ISSP,ahead_connections,2009,ordinal,ZA5400_v4-0-0.sav,V11,original microdata,ff5bd2c5c8c7ba6e8e7ba11541b464be2d464ddfa95385d74507f226bbbaaa2d,Essential / very important,58.591381759481976,1.1498555174448617,56.33634913074129,60.84641438822266,2012.0,2012.0,2012.0,1829.3848508727403,2012.0000000000048,True,Approximate weighted respondent linearization; PSU/stratum unavailable in supplied file,all eligible adults,,,,,Importance for getting ahead: knowing the right people?,,All,2011.0,issp__ahead_connections,Response shares (%)
ISSP,ahead_connections,2019,ordinal,ZA7810_v1-0-0.sav,v5,original microdata,694abfea6f4a06ec211c0e24428d0bce0acc0f3eff4453f98f44c99641d2bb43,Essential / very important,44.4878360915236,1.2489717100152906,42.03841419065228,46.93725799239491,2001.0,2001.0,2001.0,1624.113195252279,2000.9999999999995,True,Approximate weighted respondent linearization; PSU/stratum unavailable in supplied file,all eligible adults,,,,,Importance for getting ahead: knowing the right people?,,All,2000.0,issp__ahead_connections,Response shares (%)
ISSP,ahead_connections,2009,ordinal,ZA5400_v4-0-0.sav,V11,original microdata,ff5bd2c5c8c7ba6e8e7ba11541b464be2d464ddfa95385d74507f226bbbaaa2d,Not very / not at all important,8.064688082762073,0.6310887618486456,6.827031935524862,9.302344229999283,2012.0,2012.0,2012.0,1829.3848508727403,2012.0000000000048,True,Approximate weighted respondent linearization; PSU/stratum unavailable in supplied file,all eligible adults,,,,,Importance for getting ahead: knowing the right people?,,All,2011.0,issp__ahead_connections,Response shares (%)
ISSP,ahead_connections,2019,ordinal,ZA7810_v1-0-0.sav,v5,original microdata,694abfea6f4a06ec211c0e24428d0bce0acc0f3eff4453f98f44c99641d2bb43,Not very / not at all important,17.989588594168506,0.911854407498219,16.20130456962096,19.777872618716053,2001.0,2001.0,2001.0,1624.113195252279,2000.9999999999995,True,Approximate weighted respondent linearization; PSU/stratum unavailable in supplied file,all eligible adults,,,,,Importance for getting ahead: knowing the right people?,,All,2000.0,issp__ahead_connections,Response shares (%)
ISSP,ahead_connections,2009,ordinal,ZA5400_v4-0-0.sav,V11,original microdata,ff5bd2c5c8c7ba6e8e7ba11541b464be2d464ddfa95385d74507f226bbbaaa2d,Important,28.834371506421643,1.0568140481296209,26.76180662771452,30.90693638512877,2012.0,2012.0,2012.0,1829.3848508727403,2012.0000000000048,True,Approximate weighted respondent linearization; PSU/stratum unavailable in supplied file,all eligible adults,,,,,Importance for getting ahead: knowing the right people?,,All,2011.0,issp__ahead_connections,Response shares (%)
ISSP,ahead_connections,2019,ordinal,ZA7810_v1-0-0.sav,v5,original microdata,694abfea6f4a06ec211c0e24428d0bce0acc0f3eff4453f98f44c99641d2bb43,Important,35.1649681214392,1.158434918116255,32.89310252479307,37.43683371808533,2001.0,2001.0,2001.0,1624.113195252279,2000.9999999999995,True,Approximate weighted respondent linearization; PSU/stratum unavailable in supplied file,all eligible adults,,,,,Importance for getting ahead: knowing the right people?,,All,2000.0,issp__ahead_connections,Response shares (%)
ISSP,ahead_connections,2009,ordinal,ZA5400_v4-0-0.sav,V11,original microdata,ff5bd2c5c8c7ba6e8e7ba11541b464be2d464ddfa95385d74507f226bbbaaa2d,Don't know,4.209085442074263,0.4601663688447979,3.306632776803732,5.111538107344796,2012.0,2012.0,2012.0,1829.3848508727403,2012.0000000000048,True,Approximate weighted respondent linearization; PSU/stratum unavailable in supplied file,all eligible adults,,,,,Importance for getting ahead: knowing the right people?,,All,2011.0,issp__ahead_connections,Response shares (%)
ISSP,ahead_connections,2019,ordinal,ZA7810_v1-0-0.sav,v5,original microdata,694abfea6f4a06ec211c0e24428d0bce0acc0f3eff4453f98f44c99641d2bb43,Don't know,2.3576071928687035,0.3526183038597967,1.6660695149562808,3.0491448707811264,2001.0,2001.0,2001.0,1624.113195252279,2000.9999999999995,True,Approximate weighted respondent linearization; PSU/stratum unavailable in supplied file,all eligible adults,,,,,Importance for getting ahead: knowing the right people?,,All,2000.0,issp__ahead_connections,Response shares (%)
ISSP,ahead_connections,2009,ordinal,ZA5400_v4-0-0.sav,V11,original microdata,ff5bd2c5c8c7ba6e8e7ba11541b464be2d464ddfa95385d74507f226bbbaaa2d,No answer,0.3004732092600392,0.1406859607296318,0.0245677350174773,0.576378683502601,2012.0,2012.0,2012.0,1829.3848508727403,2012.0000000000048,True,Approximate weighted respondent linearization; PSU/stratum unavailable in supplied file,all eligible adults,,,,,Importance for getting ahead: knowing the right people?,,All,2011.0,issp__ahead_connections,Response shares (%)
ISSP,ahead_connections,2019,ordinal,ZA7810_v1-0-0.sav,v5,original microdata,694abfea6f4a06ec211c0e24428d0bce0acc0f3eff4453f98f44c99641d2bb43,No answer,0.0,0.0,0.0,0.0,2001.0,2001.0,2001.0,1624.113195252279,2000.9999999999995,True,Approximate weighted respondent linearization; PSU/stratum unavailable in supplied file,all eligible adults,,,,,Importance for getting ahead: knowing the right people?,,All,2000.0,issp__ahead_connections,Response shares (%)
ISSP,ahead_political,2009,ordinal,ZA5400_v4-0-0.sav,V12,original microdata,ff5bd2c5c8c7ba6e8e7ba11541b464be2d464ddfa95385d74507f226bbbaaa2d,Essential / very important,32.92876450377656,1.1074620272644395,30.756871627946296,35.10065737960683,2012.0,2012.0,2012.0,1829.3848508727403,2012.0000000000048,True,Approximate weighted respondent linearization; PSU/stratum unavailable in supplied file,all eligible adults,,,,,Importance for getting ahead: political connections?,,All,2011.0,issp__ahead_political,Response shares (%)
ISSP,ahead_political,2019,ordinal,ZA7810_v1-0-0.sav,v6,original microdata,694abfea6f4a06ec211c0e24428d0bce0acc0f3eff4453f98f44c99641d2bb43,Essential / very important,19.64736788495362,1.053748013238621,17.580809098290057,21.713926671617184,2001.0,2001.0,2001.0,1624.113195252279,2000.9999999999995,True,Approximate weighted respondent linearization; PSU/stratum unavailable in supplied file,all eligible adults,,,,,Importance for getting ahead: political connections?,,All,2000.0,issp__ahead_political,Response shares (%)
ISSP,ahead_political,2009,ordinal,ZA5400_v4-0-0.sav,V12,original microdata,ff5bd2c5c8c7ba6e8e7ba11541b464be2d464ddfa95385d74507f226bbbaaa2d,Not very / not at all important,27.66520451939204,1.0396982670812596,25.62620615764715,29.70420288113693,2012.0,2012.0,2012.0,1829.3848508727403,2012.0000000000048,True,Approximate weighted respondent linearization; PSU/stratum unavailable in supplied file,all eligible adults,,,,,Importance for getting ahead: political connections?,,All,2011.0,issp__ahead_political,Response shares (%)
ISSP,ahead_political,2019,ordinal,ZA7810_v1-0-0.sav,v6,original microdata,694abfea6f4a06ec211c0e24428d0bce0acc0f3eff4453f98f44c99641d2bb43,Not very / not at all important,49.52337548566057,1.2401450109415035,47.09126407296954,51.9554868983516,2001.0,2001.0,2001.0,1624.113195252279,2000.9999999999995,True,Approximate weighted respondent linearization; PSU/stratum unavailable in supplied file,all eligible adults,,,,,Importance for getting ahead: political connections?,,All,2000.0,issp__ahead_political,Response shares (%)
ISSP,ahead_political,2009,ordinal,ZA5400_v4-0-0.sav,V12,original microdata,ff5bd2c5c8c7ba6e8e7ba11541b464be2d464ddfa95385d74507f226bbbaaa2d,Important,24.976805257377336,1.0099348739744447,22.996177205275394,26.95743330947928,2012.0,2012.0,2012.0,1829.3848508727403,2012.0000000000048,True,Approximate weighted respondent linearization; PSU/stratum unavailable in supplied file,all eligible adults,,,,,Importance for getting ahead: political connections?,,All,2011.0,issp__ahead_political,Response shares (%)
ISSP,ahead_political,2019,ordinal,ZA7810_v1-0-0.sav,v6,original microdata,694abfea6f4a06ec211c0e24428d0bce0acc0f3eff4453f98f44c99641d2bb43,Important,19.687101331737992,0.9833075484433468,17.75868692079851,21.61551574267748,2001.0,2001.0,2001.0,1624.113195252279,2000.9999999999995,True,Approximate weighted respondent linearization; PSU/stratum unavailable in supplied file,all eligible adults,,,,,Importance for getting ahead: political connections?,,All,2000.0,issp__ahead_political,Response shares (%)
ISSP,ahead_political,2009,ordinal,ZA5400_v4-0-0.sav,V12,original microdata,ff5bd2c5c8c7ba6e8e7ba11541b464be2d464ddfa95385d74507f226bbbaaa2d,Don't know,14.08809400856636,0.806163316034378,12.507091392001982,15.669096625130738,2012.0,2012.0,2012.0,1829.3848508727403,2012.0000000000048,True,Approximate weighted respondent linearization; PSU/stratum unavailable in supplied file,all eligible adults,,,,,Importance for getting ahead: political connections?,,All,2011.0,issp__ahead_political,Response shares (%)
ISSP,ahead_political,2019,ordinal,ZA7810_v1-0-0.sav,v6,original microdata,694abfea6f4a06ec211c0e24428d0bce0acc0f3eff4453f98f44c99641d2bb43,Don't know,11.142155297647832,0.7767301693847316,9.61887028430261,12.665440310993056,2001.0,2001.0,2001.0,1624.113195252279,2000.9999999999995,True,Approximate weighted respondent linearization; PSU/stratum unavailable in supplied file,all eligible adults,,,,,Importance for getting ahead: political connections?,,All,2000.0,issp__ahead_political,Response shares (%)
ISSP,ahead_political,2009,ordinal,ZA5400_v4-0-0.sav,V12,original microdata,ff5bd2c5c8c7ba6e8e7ba11541b464be2d464ddfa95385d74507f226bbbaaa2d,No answer,0.341131710887699,0.1438628507081558,0.0589958968756586,0.6232675248997394,2012.0,2012.0,2012.0,1829.3848508727403,2012.0000000000048,True,Approximate weighted respondent linearization; PSU/stratum unavailable in supplied file,all eligible adults,,,,,Importance for getting ahead: political connections?,,All,2011.0,issp__ahead_political,Response shares (%)
ISSP,ahead_political,2019,ordinal,ZA7810_v1-0-0.sav,v6,original microdata,694abfea6f4a06ec211c0e24428d0bce0acc0f3eff4453f98f44c99641d2bb43,No answer,0.0,0.0,0.0,0.0,2001.0,2001.0,2001.0,1624.113195252279,2000.9999999999995,True,Approximate weighted respondent linearization; PSU/stratum unavailable in supplied file,all eligible adults,,,,,Importance for getting ahead: political connections?,,All,2000.0,issp__ahead_political,Response shares (%)
ISSP,income_gap,2009,ordinal,ZA5400_v4-0-0.sav,V32,original microdata,ff5bd2c5c8c7ba6e8e7ba11541b464be2d464ddfa95385d74507f226bbbaaa2d,Agree,94.44683651513948,0.534628779395412,93.39835231559456,95.49532071468435,2012.0,2012.0,2012.0,1829.3848508727403,2012.0000000000048,True,Approximate weighted respondent linearization; PSU/stratum unavailable in supplied file,all eligible adults,,,,,Income differences are too large?,,All,2011.0,issp__income_gap,Response shares (%)
ISSP,income_gap,2019,ordinal,ZA7810_v1-0-0.sav,v21,original microdata,694abfea6f4a06ec211c0e24428d0bce0acc0f3eff4453f98f44c99641d2bb43,Agree,92.6841111320214,0.6532134717060449,91.4030609923658,93.96516127167698,2001.0,2001.0,2001.0,1624.113195252279,2000.9999999999995,True,Approximate weighted respondent linearization; PSU/stratum unavailable in supplied file,all eligible adults,,,,,Income differences are too large?,,All,2000.0,issp__income_gap,Response shares (%)
ISSP,income_gap,2009,ordinal,ZA5400_v4-0-0.sav,V32,original microdata,ff5bd2c5c8c7ba6e8e7ba11541b464be2d464ddfa95385d74507f226bbbaaa2d,Disagree,0.7599538390344374,0.2108428070148031,0.3464606634655715,1.1734470146033031,2012.0,2012.0,2012.0,1829.3848508727403,2012.0000000000048,True,Approximate weighted respondent linearization; PSU/stratum unavailable in supplied file,all eligible adults,,,,,Income differences are too large?,,All,2011.0,issp__income_gap,Response shares (%)
ISSP,income_gap,2019,ordinal,ZA7810_v1-0-0.sav,v21,original microdata,694abfea6f4a06ec211c0e24428d0bce0acc0f3eff4453f98f44c99641d2bb43,Disagree,2.886619488251934,0.4017212464665553,2.098783533882353,3.6744554426215146,2001.0,2001.0,2001.0,1624.113195252279,2000.9999999999995,True,Approximate weighted respondent linearization; PSU/stratum unavailable in supplied file,all eligible adults,,,,,Income differences are too large?,,All,2000.0,issp__income_gap,Response shares (%)
ISSP,income_gap,2009,ordinal,ZA5400_v4-0-0.sav,V32,original microdata,ff5bd2c5c8c7ba6e8e7ba11541b464be2d464ddfa95385d74507f226bbbaaa2d,Neither agree nor disagree,3.237099387615701,0.4166421633211574,2.420003971240165,4.054194803991238,2012.0,2012.0,2012.0,1829.3848508727403,2012.0000000000048,True,Approximate weighted respondent linearization; PSU/stratum unavailable in supplied file,all eligible adults,,,,,Income differences are too large?,,All,2011.0,issp__income_gap,Response shares (%)
ISSP,income_gap,2019,ordinal,ZA7810_v1-0-0.sav,v21,original microdata,694abfea6f4a06ec211c0e24428d0bce0acc0f3eff4453f98f44c99641d2bb43,Neither agree nor disagree,2.9464408908545656,0.454979374006241,2.054157715664021,3.8387240660451103,2001.0,2001.0,2001.0,1624.113195252279,2000.9999999999995,True,Approximate weighted respondent linearization; PSU/stratum unavailable in supplied file,all eligible adults,,,,,Income differences are too large?,,All,2000.0,issp__income_gap,Response shares (%)
ISSP,income_gap,2009,ordinal,ZA5400_v4-0-0.sav,V32,original microdata,ff5bd2c5c8c7ba6e8e7ba11541b464be2d464ddfa95385d74507f226bbbaaa2d,Don't know,1.5561102582103905,0.2777688409498466,1.011365470638048,2.1008550457827324,2012.0,2012.0,2012.0,1829.3848508727403,2012.0000000000048,True,Approximate weighted respondent linearization; PSU/stratum unavailable in supplied file,all eligible adults,,,,,Income differences are too large?,,All,2011.0,issp__income_gap,Response shares (%)
ISSP,income_gap,2019,ordinal,ZA7810_v1-0-0.sav,v21,original microdata,694abfea6f4a06ec211c0e24428d0bce0acc0f3eff4453f98f44c99641d2bb43,Don't know,1.4828284888721326,0.2829167207178947,0.9279861283188896,2.037670849425376,2001.0,2001.0,2001.0,1624.113195252279,2000.9999999999995,True,Approximate weighted respondent linearization; PSU/stratum unavailable in supplied file,all eligible adults,,,,,Income differences are too large?,,All,2000.0,issp__income_gap,Response shares (%)
ISSP,income_gap,2009,ordinal,ZA5400_v4-0-0.sav,V32,original microdata,ff5bd2c5c8c7ba6e8e7ba11541b464be2d464ddfa95385d74507f226bbbaaa2d,No answer,0.0,0.0,0.0,0.0,2012.0,2012.0,2012.0,1829.3848508727403,2012.0000000000048,True,Approximate weighted respondent linearization; PSU/stratum unavailable in supplied file,all eligible adults,,,,,Income differences are too large?,,All,2011.0,issp__income_gap,Response shares (%)
ISSP,income_gap,2019,ordinal,ZA7810_v1-0-0.sav,v21,original microdata,694abfea6f4a06ec211c0e24428d0bce0acc0f3eff4453f98f44c99641d2bb43,No answer,0.0,0.0,0.0,0.0,2001.0,2001.0,2001.0,1624.113195252279,2000.9999999999995,True,Approximate weighted respondent linearization; PSU/stratum unavailable in supplied file,all eligible adults,,,,,Income differences are too large?,,All,2000.0,issp__income_gap,Response shares (%)
ISSP,buy_education,2009,ordinal,ZA5400_v4-0-0.sav,V39,original microdata,ff5bd2c5c8c7ba6e8e7ba11541b464be2d464ddfa95385d74507f226bbbaaa2d,Fair,12.48956309713193,0.7821710784781791,10.955612721222924,14.023513473040934,2012.0,2012.0,2012.0,1829.3848508727403,2012.0000000000048,True,Approximate weighted respondent linearization; PSU/stratum unavailable in supplied file,all eligible adults,,,,,Is it fair that richer people can buy better education for their children?,,All,2011.0,issp__buy_education,Response shares (%)
ISSP,buy_education,2019,ordinal,ZA7810_v1-0-0.sav,v31,original microdata,694abfea6f4a06ec211c0e24428d0bce0acc0f3eff4453f98f44c99641d2bb43,Fair,26.30777160804368,1.1633053775317,24.02635430589147,28.58918891019589,2001.0,2001.0,2001.0,1624.113195252279,2000.9999999999995,True,Approximate weighted respondent linearization; PSU/stratum unavailable in supplied file,all eligible adults,,,,,Is it fair that richer people can buy better education for their children?,,All,2000.0,issp__buy_education,Response shares (%)
ISSP,buy_education,2009,ordinal,ZA5400_v4-0-0.sav,V39,original microdata,ff5bd2c5c8c7ba6e8e7ba11541b464be2d464ddfa95385d74507f226bbbaaa2d,Unfair,62.86771771818378,1.1331199654505155,60.64550592235182,65.08992951401575,2012.0,2012.0,2012.0,1829.3848508727403,2012.0000000000048,True,Approximate weighted respondent linearization; PSU/stratum unavailable in supplied file,all eligible adults,,,,,Is it fair that richer people can buy better education for their children?,,All,2011.0,issp__buy_education,Response shares (%)
ISSP,buy_education,2019,ordinal,ZA7810_v1-0-0.sav,v31,original microdata,694abfea6f4a06ec211c0e24428d0bce0acc0f3eff4453f98f44c99641d2bb43,Unfair,58.18826935079493,1.239077546047059,55.75825139776348,60.61828730382639,2001.0,2001.0,2001.0,1624.113195252279,2000.9999999999995,True,Approximate weighted respondent linearization; PSU/stratum unavailable in supplied file,all eligible adults,,,,,Is it fair that richer people can buy better education for their children?,,All,2000.0,issp__buy_education,Response shares (%)
ISSP,buy_education,2009,ordinal,ZA5400_v4-0-0.sav,V39,original microdata,ff5bd2c5c8c7ba6e8e7ba11541b464be2d464ddfa95385d74507f226bbbaaa2d,Mixed feelings,17.63422614324422,0.8983370501079567,15.872457530695694,19.395994755792746,2012.0,2012.0,2012.0,1829.3848508727403,2012.0000000000048,True,Approximate weighted respondent linearization; PSU/stratum unavailable in supplied file,all eligible adults,,,,,Is it fair that richer people can buy better education for their children?,,All,2011.0,issp__buy_education,Response shares (%)
ISSP,buy_education,2019,ordinal,ZA7810_v1-0-0.sav,v31,original microdata,694abfea6f4a06ec211c0e24428d0bce0acc0f3eff4453f98f44c99641d2bb43,Mixed feelings,12.453397360944376,0.780610603860909,10.922502230320577,13.98429249156818,2001.0,2001.0,2001.0,1624.113195252279,2000.9999999999995,True,Approximate weighted respondent linearization; PSU/stratum unavailable in supplied file,all eligible adults,,,,,Is it fair that richer people can buy better education for their children?,,All,2000.0,issp__buy_education,Response shares (%)
ISSP,buy_education,2009,ordinal,ZA5400_v4-0-0.sav,V39,original microdata,ff5bd2c5c8c7ba6e8e7ba11541b464be2d464ddfa95385d74507f226bbbaaa2d,Don't know,6.787336183341149,0.5801379311041727,5.649601968944287,7.925070397738011,2012.0,2012.0,2012.0,1829.3848508727403,2012.0000000000048,True,Approximate weighted respondent linearization; PSU/stratum unavailable in supplied file,all eligible adults,,,,,Is it fair that richer people can buy better education for their children?,,All,2011.0,issp__buy_education,Response shares (%)
ISSP,buy_education,2019,ordinal,ZA7810_v1-0-0.sav,v31,original microdata,694abfea6f4a06ec211c0e24428d0bce0acc0f3eff4453f98f44c99641d2bb43,Don't know,3.05056168021702,0.3930948647148746,2.279643361545997,3.8214799988880426,2001.0,2001.0,2001.0,1624.113195252279,2000.9999999999995,True,Approximate weighted respondent linearization; PSU/stratum unavailable in supplied file,all eligible adults,,,,,Is it fair that richer people can buy better education for their children?,,All,2000.0,issp__buy_education,Response shares (%)
ISSP,buy_education,2009,ordinal,ZA5400_v4-0-0.sav,V39,original microdata,ff5bd2c5c8c7ba6e8e7ba11541b464be2d464ddfa95385d74507f226bbbaaa2d,No answer,0.2211568580989167,0.113680695742745,0.0,0.4441011100232681,2012.0,2012.0,2012.0,1829.3848508727403,2012.0000000000048,True,Approximate weighted respondent linearization; PSU/stratum unavailable in supplied file,all eligible adults,,,,,Is it fair that richer people can buy better education for their children?,,All,2011.0,issp__buy_education,Response shares (%)
ISSP,buy_education,2019,ordinal,ZA7810_v1-0-0.sav,v31,original microdata,694abfea6f4a06ec211c0e24428d0bce0acc0f3eff4453f98f44c99641d2bb43,No answer,0.0,0.0,0.0,0.0,2001.0,2001.0,2001.0,1624.113195252279,2000.9999999999995,True,Approximate weighted respondent linearization; PSU/stratum unavailable in supplied file,all eligible adults,,,,,Is it fair that richer people can buy better education for their children?,,All,2000.0,issp__buy_education,Response shares (%)
ISSP,buy_health,2009,ordinal,ZA5400_v4-0-0.sav,V38,original microdata,ff5bd2c5c8c7ba6e8e7ba11541b464be2d464ddfa95385d74507f226bbbaaa2d,Fair,13.501517279955396,0.8156577955318336,11.901894618755106,15.101139941155685,2012.0,2012.0,2012.0,1829.3848508727403,2012.0000000000048,True,Approximate weighted respondent linearization; PSU/stratum unavailable in supplied file,all eligible adults,,,,,Is it fair that richer people can buy better healthcare?,,All,2011.0,issp__buy_health,Response shares (%)
ISSP,buy_health,2019,ordinal,ZA7810_v1-0-0.sav,v30,original microdata,694abfea6f4a06ec211c0e24428d0bce0acc0f3eff4453f98f44c99641d2bb43,Fair,26.8011716691088,1.183885120858818,24.47939438632969,29.122948951887896,2001.0,2001.0,2001.0,1624.113195252279,2000.9999999999995,True,Approximate weighted respondent linearization; PSU/stratum unavailable in supplied file,all eligible adults,,,,,Is it fair that richer people can buy better healthcare?,,All,2000.0,issp__buy_health,Response shares (%)
ISSP,buy_health,2009,ordinal,ZA5400_v4-0-0.sav,V38,original microdata,ff5bd2c5c8c7ba6e8e7ba11541b464be2d464ddfa95385d74507f226bbbaaa2d,Unfair,60.24010689573714,1.147564854426306,57.989566587788,62.49064720368629,2012.0,2012.0,2012.0,1829.3848508727403,2012.0000000000048,True,Approximate weighted respondent linearization; PSU/stratum unavailable in supplied file,all eligible adults,,,,,Is it fair that richer people can buy better healthcare?,,All,2011.0,issp__buy_health,Response shares (%)
ISSP,buy_health,2019,ordinal,ZA7810_v1-0-0.sav,v30,original microdata,694abfea6f4a06ec211c0e24428d0bce0acc0f3eff4453f98f44c99641d2bb43,Unfair,58.034645875602905,1.248999394070473,55.58516968212391,60.48412206908191,2001.0,2001.0,2001.0,1624.113195252279,2000.9999999999995,True,Approximate weighted respondent linearization; PSU/stratum unavailable in supplied file,all eligible adults,,,,,Is it fair that richer people can buy better healthcare?,,All,2000.0,issp__buy_health,Response shares (%)
ISSP,buy_health,2009,ordinal,ZA5400_v4-0-0.sav,V38,original microdata,ff5bd2c5c8c7ba6e8e7ba11541b464be2d464ddfa95385d74507f226bbbaaa2d,Mixed feelings,18.793394417516573,0.9153112713331272,16.99833690725046,20.588451927782685,2012.0,2012.0,2012.0,1829.3848508727403,2012.0000000000048,True,Approximate weighted respondent linearization; PSU/stratum unavailable in supplied file,all eligible adults,,,,,Is it fair that richer people can buy better healthcare?,,All,2011.0,issp__buy_health,Response shares (%)
ISSP,buy_health,2019,ordinal,ZA7810_v1-0-0.sav,v30,original microdata,694abfea6f4a06ec211c0e24428d0bce0acc0f3eff4453f98f44c99641d2bb43,Mixed feelings,11.923977472566012,0.7922089655873891,10.370336205260925,13.4776187398711,2001.0,2001.0,2001.0,1624.113195252279,2000.9999999999995,True,Approximate weighted respondent linearization; PSU/stratum unavailable in supplied file,all eligible adults,,,,,Is it fair that richer people can buy better healthcare?,,All,2000.0,issp__buy_health,Response shares (%)
ISSP,buy_health,2009,ordinal,ZA5400_v4-0-0.sav,V38,original microdata,ff5bd2c5c8c7ba6e8e7ba11541b464be2d464ddfa95385d74507f226bbbaaa2d,Don't know,7.333405498297127,0.6032775825829378,6.150291087596772,8.516519908997482,2012.0,2012.0,2012.0,1829.3848508727403,2012.0000000000048,True,Approximate weighted respondent linearization; PSU/stratum unavailable in supplied file,all eligible adults,,,,,Is it fair that richer people can buy better healthcare?,,All,2011.0,issp__buy_health,Response shares (%)
ISSP,buy_health,2019,ordinal,ZA7810_v1-0-0.sav,v30,original microdata,694abfea6f4a06ec211c0e24428d0bce0acc0f3eff4453f98f44c99641d2bb43,Don't know,3.2402049827223056,0.4186024950169333,2.4192623538125613,4.06114761163205,2001.0,2001.0,2001.0,1624.113195252279,2000.9999999999995,True,Approximate weighted respondent linearization; PSU/stratum unavailable in supplied file,all eligible adults,,,,,Is it fair that richer people can buy better healthcare?,,All,2000.0,issp__buy_health,Response shares (%)
ISSP,buy_health,2009,ordinal,ZA5400_v4-0-0.sav,V38,original microdata,ff5bd2c5c8c7ba6e8e7ba11541b464be2d464ddfa95385d74507f226bbbaaa2d,No answer,0.131575908493764,0.0944092237487091,0.0,0.3167260223798142,2012.0,2012.0,2012.0,1829.3848508727403,2012.0000000000048,True,Approximate weighted respondent linearization; PSU/stratum unavailable in supplied file,all eligible adults,,,,,Is it fair that richer people can buy better healthcare?,,All,2011.0,issp__buy_health,Response shares (%)
ISSP,buy_health,2019,ordinal,ZA7810_v1-0-0.sav,v30,original microdata,694abfea6f4a06ec211c0e24428d0bce0acc0f3eff4453f98f44c99641d2bb43,No answer,0.0,0.0,0.0,0.0,2001.0,2001.0,2001.0,1624.113195252279,2000.9999999999995,True,Approximate weighted respondent linearization; PSU/stratum unavailable in supplied file,all eligible adults,,,,,Is it fair that richer people can buy better healthcare?,,All,2000.0,issp__buy_health,Response shares (%)
ISSP,tax_rich,2009,ordinal,ZA5400_v4-0-0.sav,V36,original microdata,ff5bd2c5c8c7ba6e8e7ba11541b464be2d464ddfa95385d74507f226bbbaaa2d,Higher taxes,80.84907479350882,0.9224418602917146,79.04003316913463,82.65811641788301,2012.0,2012.0,2012.0,1829.3848508727403,2012.0000000000048,True,Approximate weighted respondent linearization; PSU/stratum unavailable in supplied file,all eligible adults,,,,,"Should richer people pay higher, the same or lower taxes?",,All,2011.0,issp__tax_rich,Response shares (%)
ISSP,tax_rich,2019,ordinal,ZA7810_v1-0-0.sav,v28,original microdata,694abfea6f4a06ec211c0e24428d0bce0acc0f3eff4453f98f44c99641d2bb43,Higher taxes,78.4862995314572,1.0587701051741505,76.40989166504554,80.56270739786888,2001.0,2001.0,2001.0,1624.113195252279,2000.9999999999995,True,Approximate weighted respondent linearization; PSU/stratum unavailable in supplied file,all eligible adults,,,,,"Should richer people pay higher, the same or lower taxes?",,All,2000.0,issp__tax_rich,Response shares (%)
ISSP,tax_rich,2009,ordinal,ZA5400_v4-0-0.sav,V36,original microdata,ff5bd2c5c8c7ba6e8e7ba11541b464be2d464ddfa95385d74507f226bbbaaa2d,Lower taxes,1.372631859979618,0.2632402270382574,0.8563797812076059,1.8888839387516296,2012.0,2012.0,2012.0,1829.3848508727403,2012.0000000000048,True,Approximate weighted respondent linearization; PSU/stratum unavailable in supplied file,all eligible adults,,,,,"Should richer people pay higher, the same or lower taxes?",,All,2011.0,issp__tax_rich,Response shares (%)
ISSP,tax_rich,2019,ordinal,ZA7810_v1-0-0.sav,v28,original microdata,694abfea6f4a06ec211c0e24428d0bce0acc0f3eff4453f98f44c99641d2bb43,Lower taxes,2.3296303849314484,0.4127275771125201,1.5202093561232104,3.1390514137396863,2001.0,2001.0,2001.0,1624.113195252279,2000.9999999999995,True,Approximate weighted respondent linearization; PSU/stratum unavailable in supplied file,all eligible adults,,,,,"Should richer people pay higher, the same or lower taxes?",,All,2000.0,issp__tax_rich,Response shares (%)
ISSP,tax_rich,2009,ordinal,ZA5400_v4-0-0.sav,V36,original microdata,ff5bd2c5c8c7ba6e8e7ba11541b464be2d464ddfa95385d74507f226bbbaaa2d,The same taxes,9.928123190911585,0.7106839239509838,8.534369442795327,11.321876939027842,2012.0,2012.0,2012.0,1829.3848508727403,2012.0000000000048,True,Approximate weighted respondent linearization; PSU/stratum unavailable in supplied file,all eligible adults,,,,,"Should richer people pay higher, the same or lower taxes?",,All,2011.0,issp__tax_rich,Response shares (%)
ISSP,tax_rich,2019,ordinal,ZA7810_v1-0-0.sav,v28,original microdata,694abfea6f4a06ec211c0e24428d0bce0acc0f3eff4453f98f44c99641d2bb43,The same taxes,15.24718022043066,0.9229879798887318,13.43706158119202,17.057298859669295,2001.0,2001.0,2001.0,1624.113195252279,2000.9999999999995,True,Approximate weighted respondent linearization; PSU/stratum unavailable in supplied file,all eligible adults,,,,,"Should richer people pay higher, the same or lower taxes?",,All,2000.0,issp__tax_rich,Response shares (%)
ISSP,tax_rich,2009,ordinal,ZA5400_v4-0-0.sav,V36,original microdata,ff5bd2c5c8c7ba6e8e7ba11541b464be2d464ddfa95385d74507f226bbbaaa2d,Don't know,7.850170155599975,0.6233105806026534,6.627768144413654,9.072572166786296,2012.0,2012.0,2012.0,1829.3848508727403,2012.0000000000048,True,Approximate weighted respondent linearization; PSU/stratum unavailable in supplied file,all eligible adults,,,,,"Should richer people pay higher, the same or lower taxes?",,All,2011.0,issp__tax_rich,Response shares (%)
ISSP,tax_rich,2019,ordinal,ZA7810_v1-0-0.sav,v28,original microdata,694abfea6f4a06ec211c0e24428d0bce0acc0f3eff4453f98f44c99641d2bb43,Don't know,3.936889863180714,0.510358740182969,2.935999398263816,4.937780328097611,2001.0,2001.0,2001.0,1624.113195252279,2000.9999999999995,True,Approximate weighted respondent linearization; PSU/stratum unavailable in supplied file,all eligible adults,,,,,"Should richer people pay higher, the same or lower taxes?",,All,2000.0,issp__tax_rich,Response shares (%)
ISSP,tax_rich,2009,ordinal,ZA5400_v4-0-0.sav,V36,original microdata,ff5bd2c5c8c7ba6e8e7ba11541b464be2d464ddfa95385d74507f226bbbaaa2d,No answer,0.0,0.0,0.0,0.0,2012.0,2012.0,2012.0,1829.3848508727403,2012.0000000000048,True,Approximate weighted respondent linearization; PSU/stratum unavailable in supplied file,all eligible adults,,,,,"Should richer people pay higher, the same or lower taxes?",,All,2011.0,issp__tax_rich,Response shares (%)
ISSP,tax_rich,2019,ordinal,ZA7810_v1-0-0.sav,v28,original microdata,694abfea6f4a06ec211c0e24428d0bce0acc0f3eff4453f98f44c99641d2bb43,No answer,0.0,0.0,0.0,0.0,2001.0,2001.0,2001.0,1624.113195252279,2000.9999999999995,True,Approximate weighted respondent linearization; PSU/stratum unavailable in supplied file,all eligible adults,,,,,"Should richer people pay higher, the same or lower taxes?",,All,2000.0,issp__tax_rich,Response shares (%)
ISSP,pay_children,2009,ordinal,ZA5400_v4-0-0.sav,V50,original microdata,ff5bd2c5c8c7ba6e8e7ba11541b464be2d464ddfa95385d74507f226bbbaaa2d,Essential / very important,47.42495838101031,1.1673173912778847,45.13568049740497,49.71423626461564,2012.0,2012.0,2012.0,1829.3848508727403,2012.0000000000048,True,Approximate weighted respondent linearization; PSU/stratum unavailable in supplied file,all eligible adults,,,,,What should determine pay: children to support?,,All,2011.0,issp__pay_children,Response shares (%)
ISSP,pay_children,2019,ordinal,ZA7810_v1-0-0.sav,v46,original microdata,694abfea6f4a06ec211c0e24428d0bce0acc0f3eff4453f98f44c99641d2bb43,Essential / very important,41.18825647394333,1.2242819368565083,38.78725494209857,43.589258005788096,2001.0,2001.0,2001.0,1624.113195252279,2000.9999999999995,True,Approximate weighted respondent linearization; PSU/stratum unavailable in supplied file,all eligible adults,,,,,What should determine pay: children to support?,,All,2000.0,issp__pay_children,Response shares (%)
ISSP,pay_children,2009,ordinal,ZA5400_v4-0-0.sav,V50,original microdata,ff5bd2c5c8c7ba6e8e7ba11541b464be2d464ddfa95385d74507f226bbbaaa2d,Not very / not at all important,16.292603524422464,0.8639897593798952,14.598194906347622,17.987012142497306,2012.0,2012.0,2012.0,1829.3848508727403,2012.0000000000048,True,Approximate weighted respondent linearization; PSU/stratum unavailable in supplied file,all eligible adults,,,,,What should determine pay: children to support?,,All,2011.0,issp__pay_children,Response shares (%)
ISSP,pay_children,2019,ordinal,ZA7810_v1-0-0.sav,v46,original microdata,694abfea6f4a06ec211c0e24428d0bce0acc0f3eff4453f98f44c99641d2bb43,Not very / not at all important,27.857212807654907,1.1225709188846196,25.65568192272913,30.058743692580684,2001.0,2001.0,2001.0,1624.113195252279,2000.9999999999995,True,Approximate weighted respondent linearization; PSU/stratum unavailable in supplied file,all eligible adults,,,,,What should determine pay: children to support?,,All,2000.0,issp__pay_children,Response shares (%)
ISSP,pay_children,2009,ordinal,ZA5400_v4-0-0.sav,V50,original microdata,ff5bd2c5c8c7ba6e8e7ba11541b464be2d464ddfa95385d74507f226bbbaaa2d,Important,31.84717641614657,1.0911238814469617,29.70732500235444,33.987027829938725,2012.0,2012.0,2012.0,1829.3848508727403,2012.0000000000048,True,Approximate weighted respondent linearization; PSU/stratum unavailable in supplied file,all eligible adults,,,,,What should determine pay: children to support?,,All,2011.0,issp__pay_children,Response shares (%)
ISSP,pay_children,2019,ordinal,ZA7810_v1-0-0.sav,v46,original microdata,694abfea6f4a06ec211c0e24428d0bce0acc0f3eff4453f98f44c99641d2bb43,Important,27.01269001750938,1.084504548136298,24.88581302702328,29.13956700799548,2001.0,2001.0,2001.0,1624.113195252279,2000.9999999999995,True,Approximate weighted respondent linearization; PSU/stratum unavailable in supplied file,all eligible adults,,,,,What should determine pay: children to support?,,All,2000.0,issp__pay_children,Response shares (%)
ISSP,pay_children,2009,ordinal,ZA5400_v4-0-0.sav,V50,original microdata,ff5bd2c5c8c7ba6e8e7ba11541b464be2d464ddfa95385d74507f226bbbaaa2d,Don't know,4.3389289743196615,0.4868527190302232,3.384140524685665,5.293717423953658,2012.0,2012.0,2012.0,1829.3848508727403,2012.0000000000048,True,Approximate weighted respondent linearization; PSU/stratum unavailable in supplied file,all eligible adults,,,,,What should determine pay: children to support?,,All,2011.0,issp__pay_children,Response shares (%)
ISSP,pay_children,2019,ordinal,ZA7810_v1-0-0.sav,v46,original microdata,694abfea6f4a06ec211c0e24428d0bce0acc0f3eff4453f98f44c99641d2bb43,Don't know,3.941840700892386,0.4790775746502019,3.0022973196014275,4.881384082183344,2001.0,2001.0,2001.0,1624.113195252279,2000.9999999999995,True,Approximate weighted respondent linearization; PSU/stratum unavailable in supplied file,all eligible adults,,,,,What should determine pay: children to support?,,All,2000.0,issp__pay_children,Response shares (%)
ISSP,pay_children,2009,ordinal,ZA5400_v4-0-0.sav,V50,original microdata,ff5bd2c5c8c7ba6e8e7ba11541b464be2d464ddfa95385d74507f226bbbaaa2d,No answer,0.0963327041009985,0.0565316638252041,0.0,0.2071994560961665,2012.0,2012.0,2012.0,1829.3848508727403,2012.0000000000048,True,Approximate weighted respondent linearization; PSU/stratum unavailable in supplied file,all eligible adults,,,,,What should determine pay: children to support?,,All,2011.0,issp__pay_children,Response shares (%)
ISSP,pay_children,2019,ordinal,ZA7810_v1-0-0.sav,v46,original microdata,694abfea6f4a06ec211c0e24428d0bce0acc0f3eff4453f98f44c99641d2bb43,No answer,0.0,0.0,0.0,0.0,2001.0,2001.0,2001.0,1624.113195252279,2000.9999999999995,True,Approximate weighted respondent linearization; PSU/stratum unavailable in supplied file,all eligible adults,,,,,What should determine pay: children to support?,,All,2000.0,issp__pay_children,Response shares (%)
ISSP,pay_education,2009,ordinal,ZA5400_v4-0-0.sav,V48,original microdata,ff5bd2c5c8c7ba6e8e7ba11541b464be2d464ddfa95385d74507f226bbbaaa2d,Essential / very important,60.21316538272416,1.148128346080223,57.96151998631274,62.46481077913557,2012.0,2012.0,2012.0,1829.3848508727403,2012.0000000000048,True,Approximate weighted respondent linearization; PSU/stratum unavailable in supplied file,all eligible adults,,,,,What should determine pay: education and training?,,All,2011.0,issp__pay_education,Response shares (%)
ISSP,pay_education,2019,ordinal,ZA7810_v1-0-0.sav,v45,original microdata,694abfea6f4a06ec211c0e24428d0bce0acc0f3eff4453f98f44c99641d2bb43,Essential / very important,56.90353763902931,1.2217224560026383,54.5075556351755,59.29951964288312,2001.0,2001.0,2001.0,1624.113195252279,2000.9999999999995,True,Approximate weighted respondent linearization; PSU/stratum unavailable in supplied file,all eligible adults,,,,,What should determine pay: education and training?,,All,2000.0,issp__pay_education,Response shares (%)
ISSP,pay_education,2009,ordinal,ZA5400_v4-0-0.sav,V48,original microdata,ff5bd2c5c8c7ba6e8e7ba11541b464be2d464ddfa95385d74507f226bbbaaa2d,Not very / not at all important,5.734363936264563,0.5602257401544862,4.635680402253214,6.833047470275912,2012.0,2012.0,2012.0,1829.3848508727403,2012.0000000000048,True,Approximate weighted respondent linearization; PSU/stratum unavailable in supplied file,all eligible adults,,,,,What should determine pay: education and training?,,All,2011.0,issp__pay_education,Response shares (%)
ISSP,pay_education,2019,ordinal,ZA7810_v1-0-0.sav,v45,original microdata,694abfea6f4a06ec211c0e24428d0bce0acc0f3eff4453f98f44c99641d2bb43,Not very / not at all important,14.245331096180998,0.8849608214115735,12.509789450204051,15.980872742157942,2001.0,2001.0,2001.0,1624.113195252279,2000.9999999999995,True,Approximate weighted respondent linearization; PSU/stratum unavailable in supplied file,all eligible adults,,,,,What should determine pay: education and training?,,All,2000.0,issp__pay_education,Response shares (%)
ISSP,pay_education,2009,ordinal,ZA5400_v4-0-0.sav,V48,original microdata,ff5bd2c5c8c7ba6e8e7ba11541b464be2d464ddfa95385d74507f226bbbaaa2d,Important,32.47393586208937,1.0990817334708312,30.31847795191897,34.62939377225977,2012.0,2012.0,2012.0,1829.3848508727403,2012.0000000000048,True,Approximate weighted respondent linearization; PSU/stratum unavailable in supplied file,all eligible adults,,,,,What should determine pay: education and training?,,All,2011.0,issp__pay_education,Response shares (%)
ISSP,pay_education,2019,ordinal,ZA7810_v1-0-0.sav,v45,original microdata,694abfea6f4a06ec211c0e24428d0bce0acc0f3eff4453f98f44c99641d2bb43,Important,26.51671834432993,1.0568134606796913,24.444147752884955,28.58928893577492,2001.0,2001.0,2001.0,1624.113195252279,2000.9999999999995,True,Approximate weighted respondent linearization; PSU/stratum unavailable in supplied file,all eligible adults,,,,,What should determine pay: education and training?,,All,2000.0,issp__pay_education,Response shares (%)
ISSP,pay_education,2009,ordinal,ZA5400_v4-0-0.sav,V48,original microdata,ff5bd2c5c8c7ba6e8e7ba11541b464be2d464ddfa95385d74507f226bbbaaa2d,Don't know,1.514774023479062,0.2736505684122305,0.9781057627446372,2.0514422842134863,2012.0,2012.0,2012.0,1829.3848508727403,2012.0000000000048,True,Approximate weighted respondent linearization; PSU/stratum unavailable in supplied file,all eligible adults,,,,,What should determine pay: education and training?,,All,2011.0,issp__pay_education,Response shares (%)
ISSP,pay_education,2019,ordinal,ZA7810_v1-0-0.sav,v45,original microdata,694abfea6f4a06ec211c0e24428d0bce0acc0f3eff4453f98f44c99641d2bb43,Don't know,2.334412920459765,0.379613227782811,1.589934125195231,3.0788917157242985,2001.0,2001.0,2001.0,1624.113195252279,2000.9999999999995,True,Approximate weighted respondent linearization; PSU/stratum unavailable in supplied file,all eligible adults,,,,,What should determine pay: education and training?,,All,2000.0,issp__pay_education,Response shares (%)
ISSP,pay_education,2009,ordinal,ZA5400_v4-0-0.sav,V48,original microdata,ff5bd2c5c8c7ba6e8e7ba11541b464be2d464ddfa95385d74507f226bbbaaa2d,No answer,0.0637607954428543,0.0637534089220592,0.0,0.1887904318898397,2012.0,2012.0,2012.0,1829.3848508727403,2012.0000000000048,True,Approximate weighted respondent linearization; PSU/stratum unavailable in supplied file,all eligible adults,,,,,What should determine pay: education and training?,,All,2011.0,issp__pay_education,Response shares (%)
ISSP,pay_education,2019,ordinal,ZA7810_v1-0-0.sav,v45,original microdata,694abfea6f4a06ec211c0e24428d0bce0acc0f3eff4453f98f44c99641d2bb43,No answer,0.0,0.0,0.0,0.0,2001.0,2001.0,2001.0,1624.113195252279,2000.9999999999995,True,Approximate weighted respondent linearization; PSU/stratum unavailable in supplied file,all eligible adults,,,,,What should determine pay: education and training?,,All,2000.0,issp__pay_education,Response shares (%)
ISSP,pay_performance,2009,ordinal,ZA5400_v4-0-0.sav,V51,original microdata,ff5bd2c5c8c7ba6e8e7ba11541b464be2d464ddfa95385d74507f226bbbaaa2d,Essential / very important,82.14429428195596,0.895710037845209,80.38767761961225,83.90091094429968,2012.0,2012.0,2012.0,1829.3848508727403,2012.0000000000048,True,Approximate weighted respondent linearization; PSU/stratum unavailable in supplied file,all eligible adults,,,,,What should determine pay: how well the job is done?,,All,2011.0,issp__pay_performance,Response shares (%)
ISSP,pay_performance,2019,ordinal,ZA7810_v1-0-0.sav,v47,original microdata,694abfea6f4a06ec211c0e24428d0bce0acc0f3eff4453f98f44c99641d2bb43,Essential / very important,77.41432142788007,1.0040831589555628,75.44516291122183,79.38347994453831,2001.0,2001.0,2001.0,1624.113195252279,2000.9999999999995,True,Approximate weighted respondent linearization; PSU/stratum unavailable in supplied file,all eligible adults,,,,,What should determine pay: how well the job is done?,,All,2000.0,issp__pay_performance,Response shares (%)
ISSP,pay_performance,2009,ordinal,ZA5400_v4-0-0.sav,V51,original microdata,ff5bd2c5c8c7ba6e8e7ba11541b464be2d464ddfa95385d74507f226bbbaaa2d,Not very / not at all important,1.1291910475314768,0.2391116624176236,0.6602585664643272,1.5981235285986264,2012.0,2012.0,2012.0,1829.3848508727403,2012.0000000000048,True,Approximate weighted respondent linearization; PSU/stratum unavailable in supplied file,all eligible adults,,,,,What should determine pay: how well the job is done?,,All,2011.0,issp__pay_performance,Response shares (%)
ISSP,pay_performance,2019,ordinal,ZA7810_v1-0-0.sav,v47,original microdata,694abfea6f4a06ec211c0e24428d0bce0acc0f3eff4453f98f44c99641d2bb43,Not very / not at all important,2.383327660174908,0.3944415150469635,1.609768357092642,3.156886963257174,2001.0,2001.0,2001.0,1624.113195252279,2000.9999999999995,True,Approximate weighted respondent linearization; PSU/stratum unavailable in supplied file,all eligible adults,,,,,What should determine pay: how well the job is done?,,All,2000.0,issp__pay_performance,Response shares (%)
ISSP,pay_performance,2009,ordinal,ZA5400_v4-0-0.sav,V51,original microdata,ff5bd2c5c8c7ba6e8e7ba11541b464be2d464ddfa95385d74507f226bbbaaa2d,Important,15.519895853337225,0.847542045417444,13.857743576246806,17.182048130427646,2012.0,2012.0,2012.0,1829.3848508727403,2012.0000000000048,True,Approximate weighted respondent linearization; PSU/stratum unavailable in supplied file,all eligible adults,,,,,What should determine pay: how well the job is done?,,All,2011.0,issp__pay_performance,Response shares (%)
ISSP,pay_performance,2019,ordinal,ZA7810_v1-0-0.sav,v47,original microdata,694abfea6f4a06ec211c0e24428d0bce0acc0f3eff4453f98f44c99641d2bb43,Important,18.941840723876588,0.9278979294837232,17.122092932933626,20.76158851481955,2001.0,2001.0,2001.0,1624.113195252279,2000.9999999999995,True,Approximate weighted respondent linearization; PSU/stratum unavailable in supplied file,all eligible adults,,,,,What should determine pay: how well the job is done?,,All,2000.0,issp__pay_performance,Response shares (%)
ISSP,pay_performance,2009,ordinal,ZA5400_v4-0-0.sav,V51,original microdata,ff5bd2c5c8c7ba6e8e7ba11541b464be2d464ddfa95385d74507f226bbbaaa2d,Don't know,1.142858021732465,0.2519942369877331,0.6486609525870359,1.6370550908778947,2012.0,2012.0,2012.0,1829.3848508727403,2012.0000000000048,True,Approximate weighted respondent linearization; PSU/stratum unavailable in supplied file,all eligible adults,,,,,What should determine pay: how well the job is done?,,All,2011.0,issp__pay_performance,Response shares (%)
ISSP,pay_performance,2019,ordinal,ZA7810_v1-0-0.sav,v47,original microdata,694abfea6f4a06ec211c0e24428d0bce0acc0f3eff4453f98f44c99641d2bb43,Don't know,1.260510188068445,0.2734065548193177,0.724318697223539,1.796701678913351,2001.0,2001.0,2001.0,1624.113195252279,2000.9999999999995,True,Approximate weighted respondent linearization; PSU/stratum unavailable in supplied file,all eligible adults,,,,,What should determine pay: how well the job is done?,,All,2000.0,issp__pay_performance,Response shares (%)
ISSP,pay_performance,2009,ordinal,ZA5400_v4-0-0.sav,V51,original microdata,ff5bd2c5c8c7ba6e8e7ba11541b464be2d464ddfa95385d74507f226bbbaaa2d,No answer,0.0637607954428543,0.0637534089220592,0.0,0.1887904318898397,2012.0,2012.0,2012.0,1829.3848508727403,2012.0000000000048,True,Approximate weighted respondent linearization; PSU/stratum unavailable in supplied file,all eligible adults,,,,,What should determine pay: how well the job is done?,,All,2011.0,issp__pay_performance,Response shares (%)
ISSP,pay_performance,2019,ordinal,ZA7810_v1-0-0.sav,v47,original microdata,694abfea6f4a06ec211c0e24428d0bce0acc0f3eff4453f98f44c99641d2bb43,No answer,0.0,0.0,0.0,0.0,2001.0,2001.0,2001.0,1624.113195252279,2000.9999999999995,True,Approximate weighted respondent linearization; PSU/stratum unavailable in supplied file,all eligible adults,,,,,What should determine pay: how well the job is done?,,All,2000.0,issp__pay_performance,Response shares (%)
ISSP,pay_responsibility,2009,ordinal,ZA5400_v4-0-0.sav,V47,original microdata,ff5bd2c5c8c7ba6e8e7ba11541b464be2d464ddfa95385d74507f226bbbaaa2d,Essential / very important,76.12723471899606,0.9940006356810224,74.17785600798146,78.07661343001067,2012.0,2012.0,2012.0,1829.3848508727403,2012.0000000000048,True,Approximate weighted respondent linearization; PSU/stratum unavailable in supplied file,all eligible adults,,,,,What should determine pay: job responsibility?,,All,2011.0,issp__pay_responsibility,Response shares (%)
ISSP,pay_responsibility,2019,ordinal,ZA7810_v1-0-0.sav,v44,original microdata,694abfea6f4a06ec211c0e24428d0bce0acc0f3eff4453f98f44c99641d2bb43,Essential / very important,74.9694406034581,1.0538940116511448,72.9025954918872,77.036285715029,2001.0,2001.0,2001.0,1624.113195252279,2000.9999999999995,True,Approximate weighted respondent linearization; PSU/stratum unavailable in supplied file,all eligible adults,,,,,What should determine pay: job responsibility?,,All,2000.0,issp__pay_responsibility,Response shares (%)
ISSP,pay_responsibility,2009,ordinal,ZA5400_v4-0-0.sav,V47,original microdata,ff5bd2c5c8c7ba6e8e7ba11541b464be2d464ddfa95385d74507f226bbbaaa2d,Not very / not at all important,0.7959990712628994,0.2130242455957125,0.3782277797891104,1.2137703627366885,2012.0,2012.0,2012.0,1829.3848508727403,2012.0000000000048,True,Approximate weighted respondent linearization; PSU/stratum unavailable in supplied file,all eligible adults,,,,,What should determine pay: job responsibility?,,All,2011.0,issp__pay_responsibility,Response shares (%)
ISSP,pay_responsibility,2019,ordinal,ZA7810_v1-0-0.sav,v44,original microdata,694abfea6f4a06ec211c0e24428d0bce0acc0f3eff4453f98f44c99641d2bb43,Not very / not at all important,2.5638161835762743,0.4033868720764256,1.772713686165924,3.3549186809866245,2001.0,2001.0,2001.0,1624.113195252279,2000.9999999999995,True,Approximate weighted respondent linearization; PSU/stratum unavailable in supplied file,all eligible adults,,,,,What should determine pay: job responsibility?,,All,2000.0,issp__pay_responsibility,Response shares (%)
ISSP,pay_responsibility,2009,ordinal,ZA5400_v4-0-0.sav,V47,original microdata,ff5bd2c5c8c7ba6e8e7ba11541b464be2d464ddfa95385d74507f226bbbaaa2d,Important,21.367939353602026,0.954233278248868,19.49655017014787,23.23932853705617,2012.0,2012.0,2012.0,1829.3848508727403,2012.0000000000048,True,Approximate weighted respondent linearization; PSU/stratum unavailable in supplied file,all eligible adults,,,,,What should determine pay: job responsibility?,,All,2011.0,issp__pay_responsibility,Response shares (%)
ISSP,pay_responsibility,2019,ordinal,ZA7810_v1-0-0.sav,v44,original microdata,694abfea6f4a06ec211c0e24428d0bce0acc0f3eff4453f98f44c99641d2bb43,Important,20.936815959212204,0.9812310905779312,19.01247379533084,22.861158123093567,2001.0,2001.0,2001.0,1624.113195252279,2000.9999999999995,True,Approximate weighted respondent linearization; PSU/stratum unavailable in supplied file,all eligible adults,,,,,What should determine pay: job responsibility?,,All,2000.0,issp__pay_responsibility,Response shares (%)
ISSP,pay_responsibility,2009,ordinal,ZA5400_v4-0-0.sav,V47,original microdata,ff5bd2c5c8c7ba6e8e7ba11541b464be2d464ddfa95385d74507f226bbbaaa2d,Don't know,1.7088268561390003,0.3048067062480226,1.111056912332796,2.306596799945205,2012.0,2012.0,2012.0,1829.3848508727403,2012.0000000000048,True,Approximate weighted respondent linearization; PSU/stratum unavailable in supplied file,all eligible adults,,,,,What should determine pay: job responsibility?,,All,2011.0,issp__pay_responsibility,Response shares (%)
ISSP,pay_responsibility,2019,ordinal,ZA7810_v1-0-0.sav,v44,original microdata,694abfea6f4a06ec211c0e24428d0bce0acc0f3eff4453f98f44c99641d2bb43,Don't know,1.529927253753441,0.3012744580407245,0.9390826014842136,2.120771906022668,2001.0,2001.0,2001.0,1624.113195252279,2000.9999999999995,True,Approximate weighted respondent linearization; PSU/stratum unavailable in supplied file,all eligible adults,,,,,What should determine pay: job responsibility?,,All,2000.0,issp__pay_responsibility,Response shares (%)
ISSP,pay_responsibility,2009,ordinal,ZA5400_v4-0-0.sav,V47,original microdata,ff5bd2c5c8c7ba6e8e7ba11541b464be2d464ddfa95385d74507f226bbbaaa2d,No answer,0.0,0.0,0.0,0.0,2012.0,2012.0,2012.0,1829.3848508727403,2012.0000000000048,True,Approximate weighted respondent linearization; PSU/stratum unavailable in supplied file,all eligible adults,,,,,What should determine pay: job responsibility?,,All,2011.0,issp__pay_responsibility,Response shares (%)
ISSP,pay_responsibility,2019,ordinal,ZA7810_v1-0-0.sav,v44,original microdata,694abfea6f4a06ec211c0e24428d0bce0acc0f3eff4453f98f44c99641d2bb43,No answer,0.0,0.0,0.0,0.0,2001.0,2001.0,2001.0,1624.113195252279,2000.9999999999995,True,Approximate weighted respondent linearization; PSU/stratum unavailable in supplied file,all eligible adults,,,,,What should determine pay: job responsibility?,,All,2000.0,issp__pay_responsibility,Response shares (%)
ISSP,society_actual,2009,nominal,ZA5400_v4-0-0.sav,V54,original microdata,ff5bd2c5c8c7ba6e8e7ba11541b464be2d464ddfa95385d74507f226bbbaaa2d,A: Elite over a large bottom,62.92786224423079,1.127866437593419,60.71595337477002,65.13977111369155,2012.0,2012.0,2012.0,1829.3848508727403,2012.0000000000048,True,Approximate weighted respondent linearization; PSU/stratum unavailable in supplied file,all eligible adults,,,,,Which diagram best describes the shape of Ukrainian society?,,All,2011.0,issp__society_actual,Response shares (%)
ISSP,society_actual,2019,nominal,ZA7810_v1-0-0.sav,v48,original microdata,694abfea6f4a06ec211c0e24428d0bce0acc0f3eff4453f98f44c99641d2bb43,A: Elite over a large bottom,43.17805883299203,1.2340847516424602,40.7578325028317,45.59828516315236,2001.0,2001.0,2001.0,1624.113195252279,2000.9999999999995,True,Approximate weighted respondent linearization; PSU/stratum unavailable in supplied file,all eligible adults,,,,,Which diagram best describes the shape of Ukrainian society?,,All,2000.0,issp__society_actual,Response shares (%)
ISSP,society_actual,2009,nominal,ZA5400_v4-0-0.sav,V54,original microdata,ff5bd2c5c8c7ba6e8e7ba11541b464be2d464ddfa95385d74507f226bbbaaa2d,B: Pyramid,20.0374758913784,0.9326079041356298,18.208497187757786,21.866454594999013,2012.0,2012.0,2012.0,1829.3848508727403,2012.0000000000048,True,Approximate weighted respondent linearization; PSU/stratum unavailable in supplied file,all eligible adults,,,,,Which diagram best describes the shape of Ukrainian society?,,All,2011.0,issp__society_actual,Response shares (%)
ISSP,society_actual,2019,nominal,ZA7810_v1-0-0.sav,v48,original microdata,694abfea6f4a06ec211c0e24428d0bce0acc0f3eff4453f98f44c99641d2bb43,B: Pyramid,17.53065694591601,0.928957598051433,15.708830985086092,19.352482906745927,2001.0,2001.0,2001.0,1624.113195252279,2000.9999999999995,True,Approximate weighted respondent linearization; PSU/stratum unavailable in supplied file,all eligible adults,,,,,Which diagram best describes the shape of Ukrainian society?,,All,2000.0,issp__society_actual,Response shares (%)
ISSP,society_actual,2009,nominal,ZA5400_v4-0-0.sav,V54,original microdata,ff5bd2c5c8c7ba6e8e7ba11541b464be2d464ddfa95385d74507f226bbbaaa2d,C: Pyramid with few at bottom,4.539361477975191,0.4965461182136448,3.565562873490959,5.513160082459423,2012.0,2012.0,2012.0,1829.3848508727403,2012.0000000000048,True,Approximate weighted respondent linearization; PSU/stratum unavailable in supplied file,all eligible adults,,,,,Which diagram best describes the shape of Ukrainian society?,,All,2011.0,issp__society_actual,Response shares (%)
ISSP,society_actual,2019,nominal,ZA7810_v1-0-0.sav,v48,original microdata,694abfea6f4a06ec211c0e24428d0bce0acc0f3eff4453f98f44c99641d2bb43,C: Pyramid with few at bottom,11.331013836679713,0.7695021324662508,9.821904093908246,12.84012357945118,2001.0,2001.0,2001.0,1624.113195252279,2000.9999999999995,True,Approximate weighted respondent linearization; PSU/stratum unavailable in supplied file,all eligible adults,,,,,Which diagram best describes the shape of Ukrainian society?,,All,2000.0,issp__society_actual,Response shares (%)
ISSP,society_actual,2009,nominal,ZA5400_v4-0-0.sav,V54,original microdata,ff5bd2c5c8c7ba6e8e7ba11541b464be2d464ddfa95385d74507f226bbbaaa2d,D: Most people in the middle,2.3057512428364206,0.361614010499851,1.596573976375163,3.014928509297678,2012.0,2012.0,2012.0,1829.3848508727403,2012.0000000000048,True,Approximate weighted respondent linearization; PSU/stratum unavailable in supplied file,all eligible adults,,,,,Which diagram best describes the shape of Ukrainian society?,,All,2011.0,issp__society_actual,Response shares (%)
ISSP,society_actual,2019,nominal,ZA7810_v1-0-0.sav,v48,original microdata,694abfea6f4a06ec211c0e24428d0bce0acc0f3eff4453f98f44c99641d2bb43,D: Most people in the middle,7.164198060135726,0.6943415901892996,5.802489476940783,8.525906643330668,2001.0,2001.0,2001.0,1624.113195252279,2000.9999999999995,True,Approximate weighted respondent linearization; PSU/stratum unavailable in supplied file,all eligible adults,,,,,Which diagram best describes the shape of Ukrainian society?,,All,2000.0,issp__society_actual,Response shares (%)
ISSP,society_actual,2009,nominal,ZA5400_v4-0-0.sav,V54,original microdata,ff5bd2c5c8c7ba6e8e7ba11541b464be2d464ddfa95385d74507f226bbbaaa2d,"E: Many near top, few at bottom",1.4687186232249196,0.2818912032080884,0.915889288282242,2.021547958167597,2012.0,2012.0,2012.0,1829.3848508727403,2012.0000000000048,True,Approximate weighted respondent linearization; PSU/stratum unavailable in supplied file,all eligible adults,,,,,Which diagram best describes the shape of Ukrainian society?,,All,2011.0,issp__society_actual,Response shares (%)
ISSP,society_actual,2019,nominal,ZA7810_v1-0-0.sav,v48,original microdata,694abfea6f4a06ec211c0e24428d0bce0acc0f3eff4453f98f44c99641d2bb43,"E: Many near top, few at bottom",2.507127391396044,0.3649615720164136,1.7913827029415046,3.2228720798505828,2001.0,2001.0,2001.0,1624.113195252279,2000.9999999999995,True,Approximate weighted respondent linearization; PSU/stratum unavailable in supplied file,all eligible adults,,,,,Which diagram best describes the shape of Ukrainian society?,,All,2000.0,issp__society_actual,Response shares (%)
ISSP,society_actual,2009,nominal,ZA5400_v4-0-0.sav,V54,original microdata,ff5bd2c5c8c7ba6e8e7ba11541b464be2d464ddfa95385d74507f226bbbaaa2d,Don't know,8.432427876244141,0.6336755469346814,7.189698670101657,9.675157082386626,2012.0,2012.0,2012.0,1829.3848508727403,2012.0000000000048,True,Approximate weighted respondent linearization; PSU/stratum unavailable in supplied file,all eligible adults,,,,,Which diagram best describes the shape of Ukrainian society?,,All,2011.0,issp__society_actual,Response shares (%)
ISSP,society_actual,2019,nominal,ZA7810_v1-0-0.sav,v48,original microdata,694abfea6f4a06ec211c0e24428d0bce0acc0f3eff4453f98f44c99641d2bb43,Don't know,18.288944932880487,0.934795749427176,16.45566947665714,20.12222038910384,2001.0,2001.0,2001.0,1624.113195252279,2000.9999999999995,True,Approximate weighted respondent linearization; PSU/stratum unavailable in supplied file,all eligible adults,,,,,Which diagram best describes the shape of Ukrainian society?,,All,2000.0,issp__society_actual,Response shares (%)
ISSP,society_actual,2009,nominal,ZA5400_v4-0-0.sav,V54,original microdata,ff5bd2c5c8c7ba6e8e7ba11541b464be2d464ddfa95385d74507f226bbbaaa2d,No answer,0.28840264411014,0.1347531426949272,0.0241322823192446,0.5526730059010354,2012.0,2012.0,2012.0,1829.3848508727403,2012.0000000000048,True,Approximate weighted respondent linearization; PSU/stratum unavailable in supplied file,all eligible adults,,,,,Which diagram best describes the shape of Ukrainian society?,,All,2011.0,issp__society_actual,Response shares (%)
ISSP,society_actual,2019,nominal,ZA7810_v1-0-0.sav,v48,original microdata,694abfea6f4a06ec211c0e24428d0bce0acc0f3eff4453f98f44c99641d2bb43,No answer,0.0,0.0,0.0,0.0,2001.0,2001.0,2001.0,1624.113195252279,2000.9999999999995,True,Approximate weighted respondent linearization; PSU/stratum unavailable in supplied file,all eligible adults,,,,,Which diagram best describes the shape of Ukrainian society?,,All,2000.0,issp__society_actual,Response shares (%)
ISSP,society_ideal,2009,nominal,ZA5400_v4-0-0.sav,V55,original microdata,ff5bd2c5c8c7ba6e8e7ba11541b464be2d464ddfa95385d74507f226bbbaaa2d,A: Elite over a large bottom,1.0151324686194312,0.2415168489432327,0.5414830696341868,1.4887818676046756,2012.0,2012.0,2012.0,1829.3848508727403,2012.0000000000048,True,Approximate weighted respondent linearization; PSU/stratum unavailable in supplied file,all eligible adults,,,,,Which shape of society would you prefer for Ukraine?,,All,2011.0,issp__society_ideal,Response shares (%)
ISSP,society_ideal,2019,nominal,ZA7810_v1-0-0.sav,v49,original microdata,694abfea6f4a06ec211c0e24428d0bce0acc0f3eff4453f98f44c99641d2bb43,A: Elite over a large bottom,6.602253051309095,0.6731129409418363,5.28217705112279,7.922329051495399,2001.0,2001.0,2001.0,1624.113195252279,2000.9999999999995,True,Approximate weighted respondent linearization; PSU/stratum unavailable in supplied file,all eligible adults,,,,,Which shape of society would you prefer for Ukraine?,,All,2000.0,issp__society_ideal,Response shares (%)
ISSP,society_ideal,2009,nominal,ZA5400_v4-0-0.sav,V55,original microdata,ff5bd2c5c8c7ba6e8e7ba11541b464be2d464ddfa95385d74507f226bbbaaa2d,B: Pyramid,3.536415325003066,0.4274785217660954,2.6980682457017684,4.374762404304364,2012.0,2012.0,2012.0,1829.3848508727403,2012.0000000000048,True,Approximate weighted respondent linearization; PSU/stratum unavailable in supplied file,all eligible adults,,,,,Which shape of society would you prefer for Ukraine?,,All,2011.0,issp__society_ideal,Response shares (%)
ISSP,society_ideal,2019,nominal,ZA7810_v1-0-0.sav,v49,original microdata,694abfea6f4a06ec211c0e24428d0bce0acc0f3eff4453f98f44c99641d2bb43,B: Pyramid,6.63265811343228,0.5959605363876262,5.463889615173023,7.801426611691537,2001.0,2001.0,2001.0,1624.113195252279,2000.9999999999995,True,Approximate weighted respondent linearization; PSU/stratum unavailable in supplied file,all eligible adults,,,,,Which shape of society would you prefer for Ukraine?,,All,2000.0,issp__society_ideal,Response shares (%)
ISSP,society_ideal,2009,nominal,ZA5400_v4-0-0.sav,V55,original microdata,ff5bd2c5c8c7ba6e8e7ba11541b464be2d464ddfa95385d74507f226bbbaaa2d,C: Pyramid with few at bottom,7.548142845440082,0.6317863319598948,6.309118662534184,8.78716702834598,2012.0,2012.0,2012.0,1829.3848508727403,2012.0000000000048,True,Approximate weighted respondent linearization; PSU/stratum unavailable in supplied file,all eligible adults,,,,,Which shape of society would you prefer for Ukraine?,,All,2011.0,issp__society_ideal,Response shares (%)
ISSP,society_ideal,2019,nominal,ZA7810_v1-0-0.sav,v49,original microdata,694abfea6f4a06ec211c0e24428d0bce0acc0f3eff4453f98f44c99641d2bb43,C: Pyramid with few at bottom,13.136579148837198,0.8341619218896951,11.500661806622528,14.772496491051868,2001.0,2001.0,2001.0,1624.113195252279,2000.9999999999995,True,Approximate weighted respondent linearization; PSU/stratum unavailable in supplied file,all eligible adults,,,,,Which shape of society would you prefer for Ukraine?,,All,2000.0,issp__society_ideal,Response shares (%)
ISSP,society_ideal,2009,nominal,ZA5400_v4-0-0.sav,V55,original microdata,ff5bd2c5c8c7ba6e8e7ba11541b464be2d464ddfa95385d74507f226bbbaaa2d,D: Most people in the middle,49.435081674046295,1.169241651408767,47.1420300385952,51.7281333094974,2012.0,2012.0,2012.0,1829.3848508727403,2012.0000000000048,True,Approximate weighted respondent linearization; PSU/stratum unavailable in supplied file,all eligible adults,,,,,Which shape of society would you prefer for Ukraine?,,All,2011.0,issp__society_ideal,Response shares (%)
ISSP,society_ideal,2019,nominal,ZA7810_v1-0-0.sav,v49,original microdata,694abfea6f4a06ec211c0e24428d0bce0acc0f3eff4453f98f44c99641d2bb43,D: Most people in the middle,36.64470852506513,1.198795565302849,34.2936896118471,38.995727438283154,2001.0,2001.0,2001.0,1624.113195252279,2000.9999999999995,True,Approximate weighted respondent linearization; PSU/stratum unavailable in supplied file,all eligible adults,,,,,Which shape of society would you prefer for Ukraine?,,All,2000.0,issp__society_ideal,Response shares (%)
ISSP,society_ideal,2009,nominal,ZA5400_v4-0-0.sav,V55,original microdata,ff5bd2c5c8c7ba6e8e7ba11541b464be2d464ddfa95385d74507f226bbbaaa2d,"E: Many near top, few at bottom",28.32756533573277,1.0574322517626724,26.253788070475697,30.40134260098985,2012.0,2012.0,2012.0,1829.3848508727403,2012.0000000000048,True,Approximate weighted respondent linearization; PSU/stratum unavailable in supplied file,all eligible adults,,,,,Which shape of society would you prefer for Ukraine?,,All,2011.0,issp__society_ideal,Response shares (%)
ISSP,society_ideal,2019,nominal,ZA7810_v1-0-0.sav,v49,original microdata,694abfea6f4a06ec211c0e24428d0bce0acc0f3eff4453f98f44c99641d2bb43,"E: Many near top, few at bottom",18.25629377557136,0.9688309262520338,16.356270204201493,20.15631734694121,2001.0,2001.0,2001.0,1624.113195252279,2000.9999999999995,True,Approximate weighted respondent linearization; PSU/stratum unavailable in supplied file,all eligible adults,,,,,Which shape of society would you prefer for Ukraine?,,All,2000.0,issp__society_ideal,Response shares (%)
ISSP,society_ideal,2009,nominal,ZA5400_v4-0-0.sav,V55,original microdata,ff5bd2c5c8c7ba6e8e7ba11541b464be2d464ddfa95385d74507f226bbbaaa2d,Don't know,9.681667688095464,0.664394947847446,8.378693303021644,10.984642073169285,2012.0,2012.0,2012.0,1829.3848508727403,2012.0000000000048,True,Approximate weighted respondent linearization; PSU/stratum unavailable in supplied file,all eligible adults,,,,,Which shape of society would you prefer for Ukraine?,,All,2011.0,issp__society_ideal,Response shares (%)
ISSP,society_ideal,2019,nominal,ZA7810_v1-0-0.sav,v49,original microdata,694abfea6f4a06ec211c0e24428d0bce0acc0f3eff4453f98f44c99641d2bb43,Don't know,18.727507385784964,0.9352283927838744,16.89338345068522,20.561631320884707,2001.0,2001.0,2001.0,1624.113195252279,2000.9999999999995,True,Approximate weighted respondent linearization; PSU/stratum unavailable in supplied file,all eligible adults,,,,,Which shape of society would you prefer for Ukraine?,,All,2000.0,issp__society_ideal,Response shares (%)
ISSP,society_ideal,2009,nominal,ZA5400_v4-0-0.sav,V55,original microdata,ff5bd2c5c8c7ba6e8e7ba11541b464be2d464ddfa95385d74507f226bbbaaa2d,No answer,0.4559946630628846,0.1699339404620287,0.1227296791943979,0.7892596469313713,2012.0,2012.0,2012.0,1829.3848508727403,2012.0000000000048,True,Approximate weighted respondent linearization; PSU/stratum unavailable in supplied file,all eligible adults,,,,,Which shape of society would you prefer for Ukraine?,,All,2011.0,issp__society_ideal,Response shares (%)
ISSP,society_ideal,2019,nominal,ZA7810_v1-0-0.sav,v49,original microdata,694abfea6f4a06ec211c0e24428d0bce0acc0f3eff4453f98f44c99641d2bb43,No answer,0.0,0.0,0.0,0.0,2001.0,2001.0,2001.0,1624.113195252279,2000.9999999999995,True,Approximate weighted respondent linearization; PSU/stratum unavailable in supplied file,all eligible adults,,,,,Which shape of society would you prefer for Ukraine?,,All,2000.0,issp__society_ideal,Response shares (%)
